,is_cbl,is_novel_serogroup,is_novel_energy,is_novel_openmax,serotype_confidence,novelty_confidence,openmax_pred,openmax_prob_unknown,pred_genogroup,pred_argmax
UK#ERR1439528#2,True,False,False,False,1.0,-12.424,22F,0.00133,Serogroup 24,22F
UK#ERR1439528#11,True,False,False,False,1.0,-12.793,22F,0.000719,34,22F
UK#ERR1440475#1,True,False,False,False,0.955,-10.172,20B,0.227884,20,20B
UK#ERR1440475#4,True,False,False,False,0.93,-10.198,20B,0.035564,20,20B
UK#ERR1438735#6,True,True,False,True,0.995,-10.515,UNKNOWN,0.801699,20,31
UK#ERR1439960#13,True,True,False,True,0.665,-8.369,UNKNOWN,0.99992,19F,15A
UK#ERR1439960#23,True,True,False,True,0.983,-9.287,UNKNOWN,0.969652,35A_35C_42,15A
UK#ERR1440633#3,True,True,False,True,0.981,-9.046,UNKNOWN,0.88232,19B_19C,15A
UK#ERR1440633#8,True,False,False,False,0.999,-11.234,15A,0.016954,35B_35D,15A
UK#ERR1439539#8,True,False,False,False,1.0,-12.099,14,0.000192,39,14
UK#ERR1439539#18,True,False,False,False,1.0,-12.112,14,0.000206,28,14
UK#ERR1440248#1,True,False,False,False,0.935,-10.172,20B,0.030771,20,20B
UK#ERR1440248#5,True,False,False,False,0.976,-10.314,20B,0.037297,20,20B
UK#ERR1439319#23,True,False,False,False,0.999,-11.91,15A,0.007336,35A_35C_42,15A
UK#ERR1439319#39,True,False,False,False,0.998,-10.738,15A,0.055414,19B_19C,15A
UK#ERR1438903#2,True,False,False,False,1.0,-12.002,19A,0.00395,13,19A
UK#ERR1439481#1,True,False,False,False,1.0,-13.209,8,0.001717,32,8
UK#ERR1438709#1,True,True,False,True,0.996,-10.933,UNKNOWN,0.792928,41F,10F
UK#ERR1438709#12,True,True,False,True,0.989,-10.123,UNKNOWN,0.999907,25A_25F_38,10F
UK#ERR1439253#1,True,False,False,False,0.999,-11.892,23F,0.00345,19F,23F
UK#ERR1440441#1,True,True,False,True,0.917,-10.256,UNKNOWN,0.602755,39,35B
UK#ERR1440678#3,True,False,False,False,0.999,-11.786,5,0.149442,35B_35D,5
UK#ERR1440678#44,True,False,False,False,1.0,-12.285,5,0.010955,20,5
UK#ERR1440528#10,True,True,True,True,0.569,-6.759,UNKNOWN,1.0,19F,33F
UK#ERR1440528#19,True,True,True,True,0.576,-7.354,UNKNOWN,1.0,15,20B
UK#ERR1439727#20,True,False,False,False,0.999,-11.694,5,0.152183,35B_35D,5
UK#ERR1439727#24,True,False,False,False,0.999,-11.997,5,0.04083,32,5
UK#ERR1439737#1,True,False,False,False,1.0,-12.002,19A,0.003949,13,19A
UK#ERR1440606#1,True,False,False,False,0.994,-10.508,9V,0.082827,25A_25F_38,9V
UK#ERR1440606#23,True,True,True,True,0.498,-7.534,UNKNOWN,0.999157,25A_25F_38,9V
UK#ERR1440172#11,True,True,True,True,0.303,-6.674,UNKNOWN,1.0,35A_35C_42,24F
UK#ERR1440172#26,True,True,False,True,0.848,-8.561,UNKNOWN,0.997977,31,19F
UK#ERR1439738#3,True,False,False,False,0.999,-11.881,1,0.16504,35B_35D,1
UK#ERR1439738#61,True,True,False,True,0.999,-12.156,UNKNOWN,0.540215,18,1
UK#ERR1439482#3,True,False,False,False,1.0,-12.197,22F,0.007669,Serogroup 24,22F
UK#ERR1439482#25,True,False,False,False,1.0,-12.788,22F,0.000729,34,22F
UK#ERR1439455#6,True,False,False,False,1.0,-12.172,4,0.004839,18,4
UK#ERR1439455#19,True,True,False,True,0.96,-9.133,UNKNOWN,0.982289,Serogroup 24,4
UK#ERR1440178#4,True,False,False,False,0.999,-12.251,9N,0.068712,32,9N
UK#ERR1440178#25,True,False,False,False,0.999,-12.194,9N,0.021993,32,9N
UK#ERR1439252#1,True,False,False,False,1.0,-12.009,19A,0.003254,13,19A
UK#ERR1439047#2,True,False,False,False,0.999,-11.911,15A,0.007126,35A_35C_42,15A
UK#ERR1439047#21,True,False,False,False,0.999,-11.234,15A,0.016954,35B_35D,15A
UK#ERR1438870#11,True,False,False,False,1.0,-12.956,3,0.062376,28,3
UK#ERR1438628#1,True,False,False,False,1.0,-12.009,19A,0.003255,13,19A
UK#ERR1439262#2,True,False,False,False,0.994,-11.274,24F,0.464986,35A_35C_42,24F
UK#ERR1439736#2,True,True,False,True,0.928,-8.753,UNKNOWN,0.996763,35B_35D,34
UK#ERR1439736#21,True,False,False,False,0.999,-11.824,34,0.072534,32,34
UK#ERR1439364#9,True,False,False,False,0.785,-9.57,15C,0.004823,19F,15C
UK#ERR1439364#20,True,False,False,False,0.6,-9.572,15B,0.052835,19F,15B
UK#ERR1439584#22,True,False,False,False,0.997,-10.629,9V,0.040868,25A_25F_38,9V
UK#ERR1439584#24,True,True,True,True,0.498,-7.534,UNKNOWN,0.999157,25A_25F_38,9V
UK#ERR1440255#1,True,True,False,True,0.949,-10.561,UNKNOWN,0.994646,Serogroup 24,12F
UK#ERR1440255#3,True,False,False,False,0.999,-11.797,12F,0.174628,Serogroup 24,12F
UK#ERR1439668#1,True,False,False,False,1.0,-12.002,19A,0.003949,13,19A
UK#ERR1439961#34,True,True,False,True,0.901,-8.369,UNKNOWN,0.989777,35A_35C_42,19A
UK#ERR1439961#93,True,True,False,True,0.997,-11.125,UNKNOWN,0.678985,20,1
UK#ERR1439274#1,True,True,False,True,0.919,-10.27,UNKNOWN,0.589014,39,35B
UK#ERR1438833#1,True,False,False,False,1.0,-12.009,19A,0.003255,13,19A
UK#ERR1439133#1,True,False,False,False,1.0,-12.052,19A,0.002548,13,19A
UK#ERR1439133#13,True,True,True,True,0.796,-6.864,UNKNOWN,0.999909,35A_35C_42,19A
UK#ERR1439102#12,True,False,False,False,0.999,-11.429,15A,0.022952,35A_35C_42,15A
UK#ERR1439170#1,True,False,False,False,0.999,-11.812,15A,0.007439,35A_35C_42,15A
UK#ERR1439073#14,True,False,False,False,1.0,-12.043,19A,0.002783,13,19A
UK#ERR1439073#15,True,False,False,False,0.998,-10.921,19A,0.266339,32,19A
UK#ERR1439150#8,True,False,False,False,0.999,-11.234,15A,0.016954,35B_35D,15A
UK#ERR1439150#15,True,False,False,False,0.999,-11.921,15A,0.006736,35A_35C_42,15A
UK#ERR1439777#1,True,False,False,False,0.999,-12.149,9N,0.027158,35F,9N
UK#ERR1439378#1,True,True,False,True,0.994,-11.258,UNKNOWN,0.505709,41F,24F
UK#ERR1439913#1,True,False,False,False,0.994,-11.274,24F,0.464986,35A_35C_42,24F
UK#ERR1440413#1,True,False,False,False,0.999,-12.084,35F,0.013524,12_44_46,35F
UK#ERR1440150#1,True,False,False,False,0.999,-11.324,10A,0.050475,20,10A
UK#ERR1440150#44,True,False,False,False,0.998,-10.849,10A,0.47487,20,10A
UK#ERR1439742#1,True,False,False,False,1.0,-11.966,19A,0.003724,13,19A
UK#ERR1440146#1,True,False,False,False,0.999,-12.012,23B,0.004751,1,23B
UK#ERR1439379#16,True,False,False,False,0.999,-11.911,15A,0.007214,35A_35C_42,15A
UK#ERR1439379#32,True,False,False,False,0.999,-11.245,15A,0.012455,35B_35D,15A
UK#ERR1439896#5,True,False,False,False,0.999,-11.366,10A,0.05252,20,10A
UK#ERR1439896#33,True,False,False,False,0.998,-11.16,10A,0.081759,33B_33D,10A
UK#ERR1439144#9,True,False,False,False,1.0,-12.055,19A,0.00313,13,19A
UK#ERR1439144#17,True,True,False,True,0.94,-8.163,UNKNOWN,0.993317,15,19A
UK#ERR1440334#1,True,True,True,True,0.406,-6.089,UNKNOWN,1.0,20,31
UK#ERR1440334#9,True,False,False,False,0.999,-11.58,31,0.037872,20,31
UK#ERR1440392#33,True,False,False,False,0.999,-11.44,31,0.237825,20,31
UK#ERR1440392#82,True,False,False,False,0.999,-11.331,31,0.066386,20,31
UK#ERR1440272#3,True,False,False,False,1.0,-12.962,8,0.001474,32,8
UK#ERR1440272#4,True,False,False,False,1.0,-13.146,8,0.001051,32,8
UK#ERR1440600#3,True,True,False,True,0.849,-8.233,UNKNOWN,0.99987,33B_33D,18C
UK#ERR1440600#12,True,True,False,True,0.927,-9.95,UNKNOWN,0.973335,35B_35D,18C
UK#ERR1439000#5,True,True,False,True,0.969,-10.549,UNKNOWN,0.524194,39,35B
UK#ERR1439000#7,True,True,False,True,0.503,-8.193,UNKNOWN,0.973304,39,35D
UK#ERR1438816#4,True,True,False,True,0.528,-8.458,UNKNOWN,0.999609,33B_33D,10A
UK#ERR1438816#10,True,True,False,True,0.979,-9.581,UNKNOWN,0.95966,35B_35D,28A
UK#ERR1439911#8,True,False,False,False,0.999,-11.366,10A,0.05252,20,10A
UK#ERR1439911#27,True,False,False,False,0.999,-11.624,10A,0.048366,33B_33D,10A
UK#ERR1439769#1,True,True,True,True,0.654,-7.996,UNKNOWN,0.99323,Serogroup 24,19A
UK#ERR1439769#24,True,False,False,False,1.0,-12.142,19A,0.002242,13,19A
UK#ERR1440480#2,True,False,False,False,0.997,-10.932,21,0.387337,6E,21
UK#ERR1440480#7,True,True,False,True,0.974,-9.179,UNKNOWN,0.833886,20,19F
UK#ERR1438807#1,True,True,True,True,0.335,-6.732,UNKNOWN,1.0,35A_35C_42,24F
UK#ERR1438807#19,True,True,True,True,0.693,-7.424,UNKNOWN,1.0,19F,24A
UK#ERR1439166#2,True,False,False,False,1.0,-12.001,19A,0.003945,13,19A
UK#ERR1439243#2,True,False,False,False,1.0,-11.602,19F,0.000496,20,19F
UK#ERR1439243#42,True,False,False,False,0.992,-10.094,19F,0.328086,35F,19F
UK#ERR1438876#1,True,False,False,False,0.999,-12.197,9N,0.021885,32,9N
UK#ERR1438876#22,True,False,False,False,0.999,-12.261,9N,0.067335,32,9N
UK#ERR1439764#1,True,False,False,False,0.999,-11.279,7C,0.104271,35F,7C
UK#ERR1439510#2,True,False,False,False,1.0,-11.659,19F,0.000395,20,19F
UK#ERR1439510#16,True,True,False,True,0.97,-8.822,UNKNOWN,0.882999,20,19F
UK#ERR1440093#1,True,False,False,False,0.955,-10.172,20B,0.227884,20,20B
UK#ERR1440093#4,True,False,False,False,0.983,-10.336,20B,0.102321,20,20B
UK#ERR1439935#2,True,False,False,False,0.999,-11.71,10A,0.007985,33B_33D,10A
UK#ERR1439935#23,True,False,False,False,0.999,-11.624,10A,0.048366,33B_33D,10A
UK#ERR1438792#12,True,True,True,True,0.628,-7.519,UNKNOWN,1.0,12_44_46,35F
UK#ERR1438792#29,True,True,False,True,0.917,-8.251,UNKNOWN,0.999999,39,9L
UK#ERR1438722#22,True,True,True,True,0.784,-7.95,UNKNOWN,0.999779,25A_25F_38,9V
UK#ERR1438722#51,True,False,False,False,0.995,-10.426,9V,0.149194,25A_25F_38,9V
UK#ERR1438797#1,True,True,False,True,0.919,-8.806,UNKNOWN,1.0,19F,48
UK#ERR1438797#5,True,True,False,True,0.994,-10.732,UNKNOWN,0.973126,Serogroup 24,48
UK#ERR1440420#12,True,False,False,False,0.998,-10.829,23A,0.037997,19F,23A
UK#ERR1440420#59,True,True,False,True,0.904,-8.745,UNKNOWN,0.999253,19F,22F
UK#ERR1440064#1,True,False,False,False,0.939,-10.114,20B,0.268072,20,20B
UK#ERR1440064#3,True,False,False,False,0.981,-10.336,20B,0.067212,20,20B
UK#ERR1440294#2,True,True,False,True,0.995,-10.174,UNKNOWN,0.509998,25A_25F_38,9V
UK#ERR1440294#21,True,True,True,True,0.498,-7.534,UNKNOWN,0.999157,25A_25F_38,9V
UK#ERR1440350#8,True,False,False,False,0.999,-11.53,21,0.006641,6E,21
UK#ERR1440350#32,True,True,False,True,0.993,-10.426,UNKNOWN,0.81055,35B_35D,21
UK#ERR1439981#18,True,True,False,True,0.997,-10.978,UNKNOWN,0.623128,32,12F
UK#ERR1439981#33,True,False,False,False,0.999,-11.726,12F,0.156135,Serogroup 24,12F
UK#ERR1439734#5,True,True,True,True,0.654,-7.996,UNKNOWN,0.99323,Serogroup 24,19A
UK#ERR1439734#22,True,False,False,False,1.0,-12.142,19A,0.002242,13,19A
UK#ERR1440574#1,True,True,False,True,0.947,-10.539,UNKNOWN,0.994746,Serogroup 24,12F
UK#ERR1440574#9,True,False,False,False,0.999,-11.918,12F,0.204798,Serogroup 24,12F
UK#ERR1438624#1,True,False,False,False,0.999,-11.473,23A,0.004256,19F,23A
UK#ERR1439220#9,True,False,False,False,0.999,-11.509,15A,0.014177,35A_35C_42,15A
UK#ERR1439541#2,True,False,False,False,0.999,-12.09,4,0.015021,18,4
UK#ERR1439541#19,True,True,False,True,0.913,-9.038,UNKNOWN,0.999999,21,4
UK#ERR1440511#14,True,False,False,False,1.0,-12.359,17F,0.014497,19F,17F
UK#ERR1440511#47,True,True,False,True,0.992,-10.859,UNKNOWN,0.77609,19F,17F
UK#ERR1438810#40,True,True,False,True,0.968,-8.736,UNKNOWN,0.999999,4,31
UK#ERR1438810#62,True,False,False,False,0.998,-11.2,31,0.12947,20,31
UK#ERR1440537#2,True,True,False,True,0.925,-8.497,UNKNOWN,0.997929,Serogroup 24,22F
UK#ERR1440537#16,True,False,False,False,0.999,-11.958,33F,0.048554,19F,33F
UK#ERR1439660#2,True,False,False,False,1.0,-11.962,19A,0.003809,13,19A
UK#ERR1440095#22,True,True,True,True,0.681,-7.143,UNKNOWN,1.0,35B_35D,18C
UK#ERR1440095#23,True,True,True,True,0.363,-6.787,UNKNOWN,1.0,35A_35C_42,24F
UK#ERR1440067#1,True,False,False,False,1.0,-13.156,8,0.001836,32,8
UK#ERR1439523#2,True,False,False,False,0.999,-11.809,15A,0.007715,35A_35C_42,15A
UK#ERR1439990#1,True,False,False,False,1.0,-13.529,3,0.048758,9,3
UK#ERR1439797#14,True,False,False,False,0.977,-9.657,6B,0.023114,12_44_46,6B
UK#ERR1439633#28,True,True,False,True,0.967,-9.083,UNKNOWN,0.729859,35A_35C_42,19A
UK#ERR1439633#55,True,True,False,True,0.976,-9.089,UNKNOWN,0.990914,32,19A
UK#ERR1440144#2,True,False,False,False,1.0,-13.591,3,0.026563,10D,3
UK#ERR1439789#9,True,False,False,False,0.918,-9.374,6B,0.349778,12_44_46,6B
UK#ERR1438719#1,True,True,False,True,0.99,-10.26,UNKNOWN,0.970165,35B_35D,18C
UK#ERR1438719#13,True,True,False,True,0.893,-9.991,UNKNOWN,0.979017,35B_35D,18C
UK#ERR1440132#8,True,False,False,False,0.999,-11.393,22F,0.068845,34,22F
UK#ERR1440132#9,True,False,False,False,1.0,-12.249,22F,0.005633,Serogroup 24,22F
UK#ERR1439169#2,True,True,False,True,0.994,-11.235,UNKNOWN,0.537792,41F,24F
UK#ERR1440207#1,True,True,False,True,0.972,-8.723,UNKNOWN,0.999963,19F,17F
UK#ERR1440207#15,True,False,False,False,0.999,-12.083,17F,0.058639,19F,17F
UK#ERR1439551#6,True,False,False,False,0.997,-10.517,15A,0.494985,35B_35D,15A
UK#ERR1439551#24,True,True,False,True,0.667,-8.391,UNKNOWN,0.999915,19F,15A
UK#ERR1439424#1,True,False,False,False,0.999,-12.18,9N,0.023419,32,9N
UK#ERR1439424#18,True,False,False,False,0.999,-11.577,9N,0.250163,20,9N
UK#ERR1440169#1,True,False,False,False,0.999,-11.911,15A,0.007126,35A_35C_42,15A
UK#ERR1440169#21,True,False,False,False,0.999,-11.245,15A,0.012455,35B_35D,15A
UK#ERR1439743#2,True,False,False,False,1.0,-12.66,1,0.012348,20,1
UK#ERR1439743#60,True,True,False,True,0.999,-12.156,UNKNOWN,0.540215,18,1
UK#ERR1439820#13,True,False,False,False,0.999,-12.163,17F,0.042816,19F,17F
UK#ERR1439820#14,True,True,False,True,0.988,-9.745,UNKNOWN,0.984147,19F,17F
UK#ERR1440589#1,True,True,True,True,0.498,-7.144,UNKNOWN,0.999988,12_44_46,6C
UK#ERR1440589#23,True,False,False,False,0.987,-10.756,6C,0.463811,15B/C,6C
UK#ERR1438766#12,True,True,False,True,0.995,-10.853,UNKNOWN,0.850864,19F,10B
UK#ERR1438766#24,True,True,False,True,0.948,-8.425,UNKNOWN,1.0,10D,10B
UK#ERR1439325#1,True,False,False,False,0.999,-11.807,15A,0.007787,35A_35C_42,15A
UK#ERR1440500#1,True,True,False,True,0.919,-10.27,UNKNOWN,0.589014,39,35B
UK#ERR1440102#1,True,False,False,False,0.999,-12.194,9N,0.021993,32,9N
UK#ERR1440102#5,True,False,False,False,0.999,-12.269,9N,0.067843,32,9N
UK#ERR1439587#7,True,True,False,True,0.992,-9.762,UNKNOWN,0.826065,39,14
UK#ERR1439587#35,True,False,False,False,1.0,-12.07,14,0.000238,28,14
UK#ERR1438938#3,True,True,False,True,0.99,-9.678,UNKNOWN,0.922882,Serogroup 24,7F
UK#ERR1438938#25,True,False,False,False,0.999,-11.743,7F,0.015928,35F,7F
UK#ERR1439975#1,True,False,False,False,1.0,-13.215,8,0.001719,32,8
UK#ERR1440598#2,True,False,False,False,1.0,-12.163,14,0.000236,28,14
UK#ERR1440598#7,True,False,False,False,0.999,-11.182,14,0.067369,39,14
UK#ERR1438933#3,True,False,False,False,1.0,-12.017,19A,0.003959,13,19A
UK#ERR1440399#2,True,True,False,True,0.986,-10.282,UNKNOWN,0.625237,12_44_46,11A
UK#ERR1440399#6,True,True,False,True,0.936,-10.233,UNKNOWN,0.952948,12_44_46,11A
UK#ERR1438853#4,True,False,False,False,0.999,-12.084,35F,0.013397,12_44_46,35F
UK#ERR1440008#8,True,False,False,False,0.999,-11.234,15A,0.016954,35B_35D,15A
UK#ERR1440008#15,True,False,False,False,0.999,-11.91,15A,0.007337,35A_35C_42,15A
UK#ERR1439416#3,True,False,False,False,0.999,-11.926,13,0.049317,19F,13
UK#ERR1439456#2,True,True,False,True,0.949,-10.562,UNKNOWN,0.994642,Serogroup 24,12F
UK#ERR1439456#26,True,False,False,False,0.999,-11.844,12F,0.160122,Serogroup 24,12F
UK#ERR1440373#2,True,False,False,False,0.999,-11.672,10A,0.01021,33B_33D,10A
UK#ERR1440373#27,True,False,False,False,0.999,-11.515,10A,0.060039,20,10A
UK#ERR1440194#24,True,False,False,False,0.999,-12.062,4,0.010889,18,4
UK#ERR1440194#26,True,True,False,True,0.965,-9.155,UNKNOWN,0.982378,Serogroup 24,4
UK#ERR1438857#5,True,False,False,False,0.994,-10.46,9V,0.092513,25A_25F_38,9V
UK#ERR1438857#25,True,True,True,True,0.713,-7.575,UNKNOWN,0.997999,25A_25F_38,19F
UK#ERR1439550#2,True,True,False,True,0.997,-10.978,UNKNOWN,0.623128,32,12F
UK#ERR1439550#26,True,False,False,False,0.999,-11.962,12F,0.080837,Serogroup 24,12F
UK#ERR1439036#1,True,True,True,True,0.369,-6.837,UNKNOWN,0.999998,32,19A
UK#ERR1439036#19,True,False,False,False,1.0,-11.664,19F,0.000552,20,19F
UK#ERR1438752#1,True,True,True,True,0.527,-7.6,UNKNOWN,0.999999,12_44_46,7C
UK#ERR1438752#17,True,True,False,True,0.993,-10.056,UNKNOWN,0.84891,12_44_46,7C
UK#ERR1439602#1,True,True,False,True,0.97,-9.123,UNKNOWN,0.993949,10D,37
UK#ERR1439300#8,True,False,False,False,1.0,-12.099,14,0.000192,39,14
UK#ERR1439300#14,True,False,False,False,1.0,-12.106,14,0.000203,28,14
UK#ERR1438949#2,True,False,False,False,1.0,-11.966,19A,0.003724,13,19A
UK#ERR1438886#1,True,False,False,False,1.0,-12.002,19A,0.003949,13,19A
UK#ERR1440292#2,True,False,False,False,0.999,-11.971,33F,0.064009,19F,33F
UK#ERR1440292#6,True,False,False,False,0.999,-11.972,33F,0.045928,19F,33F
UK#ERR1439477#2,True,False,False,False,1.0,-12.424,22F,0.00133,Serogroup 24,22F
UK#ERR1439477#14,True,False,False,False,0.998,-11.247,22F,0.106007,34,22F
UK#ERR1440456#10,True,False,False,False,0.999,-11.535,10A,0.02675,20,10A
UK#ERR1440456#27,True,False,False,False,0.997,-10.679,10A,0.48209,20,10A
UK#ERR1440510#2,True,False,False,False,0.999,-11.866,33F,0.042592,19F,33F
UK#ERR1439053#2,True,True,True,True,0.262,-5.617,UNKNOWN,0.999995,10,15C
UK#ERR1439053#6,True,True,False,True,0.981,-9.123,UNKNOWN,0.783403,35B_35D,15A
UK#ERR1439881#6,True,True,True,True,0.425,-6.744,UNKNOWN,0.999999,35A_35C_42,20A
UK#ERR1439881#20,True,False,False,False,0.789,-9.513,20A,0.196466,35A_35C_42,20A
UK#ERR1439861#4,True,True,False,True,0.927,-9.447,UNKNOWN,0.840861,12_44_46,6B
UK#ERR1439039#15,True,False,False,False,0.76,-9.87,38,0.009616,39,38
UK#ERR1439039#22,True,False,False,False,0.965,-10.361,38,0.213527,39,38
UK#ERR1440590#3,True,True,False,True,0.937,-8.209,UNKNOWN,0.999912,Serogroup 24,20B
UK#ERR1440590#6,True,True,False,True,0.979,-9.828,UNKNOWN,0.831663,20,20B
UK#ERR1439240#27,True,False,False,False,0.997,-10.46,15A,0.069354,35B_35D,15A
UK#ERR1439240#52,True,True,False,True,0.969,-8.688,UNKNOWN,0.960639,35B_35D,15A
UK#ERR1438738#2,True,True,False,True,0.847,-9.473,UNKNOWN,0.993614,12_44_46,11A
UK#ERR1438738#3,True,True,False,True,0.959,-10.391,UNKNOWN,0.622233,12_44_46,11A
UK#ERR1439212#1,True,True,False,True,0.99,-10.26,UNKNOWN,0.970165,35B_35D,18C
UK#ERR1439212#16,True,True,False,True,0.906,-9.995,UNKNOWN,0.976959,35B_35D,18C
UK#ERR1440022#3,True,False,False,False,1.0,-12.95,8,0.001436,32,8
UK#ERR1440022#6,True,False,False,False,1.0,-13.06,8,0.001672,32,8
UK#ERR1440472#1,True,True,False,True,0.966,-10.689,UNKNOWN,0.702828,12_44_46,11A
UK#ERR1439723#1,True,False,False,False,1.0,-11.999,19A,0.004025,13,19A
UK#ERR1439346#7,True,True,True,True,0.575,-6.889,UNKNOWN,0.999952,35A_35C_42,19F
UK#ERR1439346#30,True,True,False,True,0.947,-9.108,UNKNOWN,0.993859,39,35B
UK#ERR1438652#2,True,False,False,False,0.999,-11.786,19A,0.006722,13,19A
UK#ERR1438652#33,True,True,False,True,0.864,-8.562,UNKNOWN,0.970818,12_44_46,19A
UK#ERR1439173#1,True,False,False,False,0.56,-9.596,6B,0.003402,12_44_46,6B
UK#ERR1440504#1,True,False,False,False,0.999,-12.099,35F,0.012921,12_44_46,35F
UK#ERR1439159#1,True,False,False,False,0.999,-11.346,9V,0.006452,25A_25F_38,9V
UK#ERR1438650#11,True,True,True,True,0.752,-7.124,UNKNOWN,0.999805,35A_35C_42,19F
UK#ERR1438650#39,True,True,True,True,0.577,-7.4,UNKNOWN,0.999908,12_44_46,19F
UK#ERR1439468#30,True,True,False,True,0.736,-8.474,UNKNOWN,0.999825,19F,15A
UK#ERR1439468#38,True,False,False,False,0.997,-10.499,15A,0.086721,35A_35C_42,15A
UK#ERR1440202#1,True,True,False,True,0.901,-9.474,UNKNOWN,0.622413,20,20B
UK#ERR1440202#27,True,True,False,True,0.934,-8.611,UNKNOWN,0.998013,35A_35C_42,20B
UK#ERR1440347#2,True,False,False,False,0.998,-10.607,19F,0.244321,20,19F
UK#ERR1440347#13,True,False,False,False,1.0,-11.673,19F,0.000789,20,19F
UK#ERR1439761#9,True,True,False,True,0.979,-10.216,UNKNOWN,0.968511,20,18C
UK#ERR1438749#2,True,True,False,True,0.997,-11.022,UNKNOWN,0.824643,10D,33B
UK#ERR1439153#1,True,False,False,False,1.0,-12.002,19A,0.00395,13,19A
UK#ERR1438894#3,True,False,False,False,0.999,-11.972,33F,0.045928,19F,33F
UK#ERR1438894#4,True,True,False,True,0.96,-9.051,UNKNOWN,0.995589,19F,33F
UK#ERR1440268#4,True,True,True,True,0.627,-7.539,UNKNOWN,0.998588,35A_35C_42,23F
UK#ERR1440268#11,True,False,False,False,0.974,-10.328,6A,0.001209,12_44_46,6A
UK#ERR1439405#3,True,True,False,True,0.996,-10.574,UNKNOWN,0.61566,15B/C,33F
UK#ERR1439405#19,True,True,False,True,0.996,-11.14,UNKNOWN,0.515009,10D,33F
UK#ERR1439231#3,True,True,True,True,0.75,-7.853,UNKNOWN,1.0,15B/C,4
UK#ERR1439231#13,True,True,False,True,0.874,-8.867,UNKNOWN,0.61925,19F,15C
UK#ERR1438843#2,True,False,False,False,1.0,-13.591,3,0.026563,10D,3
UK#ERR1438891#1,True,False,False,False,0.999,-12.194,9N,0.021993,32,9N
UK#ERR1438891#5,True,False,False,False,0.999,-12.261,9N,0.067335,32,9N
UK#ERR1439703#1,True,False,False,False,0.981,-10.432,19A,0.077472,35F,19A
UK#ERR1439264#1,True,False,False,False,0.999,-11.809,15A,0.007715,35A_35C_42,15A
UK#ERR1440152#1,True,False,False,False,0.999,-11.0,19F,0.009156,20,19F
UK#ERR1440152#22,True,True,False,True,0.993,-10.179,UNKNOWN,0.808908,35F,19F
UK#ERR1440138#1,True,True,False,True,0.966,-10.686,UNKNOWN,0.706839,12_44_46,11A
UK#ERR1438974#3,True,False,False,False,0.999,-11.964,19A,0.005036,13,19A
UK#ERR1439819#3,True,True,False,True,0.992,-10.859,UNKNOWN,0.77609,19F,17F
UK#ERR1439819#16,True,False,False,False,1.0,-12.362,17F,0.014204,19F,17F
UK#ERR1438658#1,True,True,False,True,0.95,-10.024,UNKNOWN,0.806015,Serogroup 24,35B
UK#ERR1438658#4,True,True,False,True,0.944,-10.056,UNKNOWN,0.8913,39,35B
UK#ERR1438890#3,True,True,False,True,0.986,-11.069,UNKNOWN,0.964706,39,12F
UK#ERR1438890#7,True,True,False,True,0.941,-10.505,UNKNOWN,0.945017,Serogroup 24,12F
UK#ERR1440649#2,True,False,False,False,0.999,-11.62,4,0.121353,28,4
UK#ERR1440649#31,True,True,False,True,0.973,-9.47,UNKNOWN,0.961216,20,4
UK#ERR1438923#7,True,False,False,False,0.724,-9.613,15C,0.00375,Serogroup 24,15C
UK#ERR1438923#25,True,True,True,True,0.526,-6.779,UNKNOWN,1.0,20,19F
UK#ERR1440402#5,True,True,True,True,0.176,-6.209,UNKNOWN,1.0,21,10A
UK#ERR1440402#30,True,False,False,False,0.997,-10.679,10A,0.48209,20,10A
UK#ERR1440212#4,True,False,False,False,0.998,-11.035,19A,0.187357,32,19A
UK#ERR1440212#13,True,False,False,False,1.0,-12.043,19A,0.002782,13,19A
UK#ERR1439809#1,True,False,False,False,0.999,-12.029,23B,0.004521,1,23B
UK#ERR1439008#1,True,False,False,False,1.0,-12.009,19A,0.003255,13,19A
UK#ERR1438688#4,True,True,False,True,0.988,-9.452,UNKNOWN,0.743349,25A_25F_38,9V
UK#ERR1438688#46,True,True,True,True,0.498,-7.534,UNKNOWN,0.999157,25A_25F_38,9V
UK#ERR1439422#7,True,False,False,False,1.0,-12.172,4,0.004839,18,4
UK#ERR1439422#18,True,False,False,False,0.999,-12.202,4,0.036717,20,4
UK#ERR1439916#3,True,True,False,True,0.986,-11.069,UNKNOWN,0.964706,39,12F
UK#ERR1439916#11,True,True,False,True,0.941,-10.505,UNKNOWN,0.945017,Serogroup 24,12F
UK#ERR1439760#1,True,False,False,False,0.999,-11.881,1,0.16504,35B_35D,1
UK#ERR1439760#61,True,True,False,True,0.999,-12.156,UNKNOWN,0.540215,18,1
UK#ERR1439126#4,True,False,False,False,1.0,-12.188,19A,0.001726,13,19A
UK#ERR1439126#41,True,True,False,True,0.955,-8.839,UNKNOWN,0.976606,13,19A
UK#ERR1440297#2,True,True,False,True,0.997,-10.723,UNKNOWN,0.54723,25A_25F_38,33F
UK#ERR1440297#19,True,False,False,False,0.997,-11.204,33F,0.478368,19F,33F
UK#ERR1440366#17,True,False,False,False,0.999,-11.672,13,0.124321,19F,13
UK#ERR1440366#19,True,True,False,True,0.996,-10.696,UNKNOWN,0.854438,19F,13
UK#ERR1438866#1,True,True,False,True,0.995,-11.058,UNKNOWN,1.0,10D,39
UK#ERR1439303#6,True,False,False,False,0.999,-11.811,15A,0.007771,35A_35C_42,15A
UK#ERR1440604#8,True,False,False,False,0.999,-11.738,5,0.039676,35B_35D,5
UK#ERR1440604#20,True,False,False,False,1.0,-12.285,5,0.010955,20,5
UK#ERR1439502#3,True,False,False,False,1.0,-13.529,3,0.048758,9,3
UK#ERR1438897#1,True,True,False,True,0.981,-9.044,UNKNOWN,0.880335,19B_19C,15A
UK#ERR1438897#21,True,False,False,False,0.999,-11.245,15A,0.012455,35B_35D,15A
UK#ERR1439690#7,True,False,False,False,1.0,-11.961,14,0.000399,28,14
UK#ERR1439690#24,True,True,True,True,0.498,-7.534,UNKNOWN,0.999157,25A_25F_38,9V
UK#ERR1438788#2,True,False,False,False,0.999,-11.755,23B,0.024814,1,23B
UK#ERR1438788#32,True,False,False,False,0.998,-10.684,23B,0.076386,12_44_46,23B
UK#ERR1440055#1,True,True,False,True,0.846,-9.299,UNKNOWN,0.99894,12_44_46,11A
UK#ERR1440055#3,True,False,False,False,0.986,-10.16,11A,0.284936,12_44_46,11A
UK#ERR1440029#2,True,True,False,True,0.994,-10.805,UNKNOWN,0.699017,19F,17F
UK#ERR1440029#14,True,False,False,False,1.0,-12.349,17F,0.016302,19F,17F
UK#ERR1439768#1,True,False,False,False,0.624,-9.599,6B,0.003882,12_44_46,6B
UK#ERR1439569#1,True,True,False,True,0.947,-10.539,UNKNOWN,0.994747,Serogroup 24,12F
UK#ERR1439569#15,True,False,False,False,0.999,-12.017,12F,0.086896,Serogroup 24,12F
UK#ERR1439107#2,True,False,False,False,0.995,-10.187,34,0.491325,12_44_46,34
UK#ERR1439914#2,True,False,False,False,1.0,-13.529,3,0.048758,9,3
UK#ERR1439567#20,True,True,False,True,0.96,-9.133,UNKNOWN,0.982289,Serogroup 24,4
UK#ERR1439567#25,True,False,False,False,1.0,-12.172,4,0.004839,18,4
UK#ERR1439659#1,True,True,False,True,0.978,-10.196,UNKNOWN,0.970543,20,18C
UK#ERR1438707#2,True,True,False,True,0.92,-10.259,UNKNOWN,0.774279,12_44_46,11A
UK#ERR1440226#4,True,False,False,False,0.996,-10.484,7F,0.404399,Serogroup 24,7F
UK#ERR1440226#51,True,False,False,False,0.973,-10.889,7F,0.263258,35F,7F
UK#ERR1439489#1,True,True,False,True,0.601,-8.916,UNKNOWN,0.772148,20,20B
UK#ERR1439338#1,True,False,False,False,0.999,-11.911,15A,0.007126,35A_35C_42,15A
UK#ERR1439338#8,True,False,False,False,0.999,-11.234,15A,0.016954,35B_35D,15A
UK#ERR1440575#1,True,True,False,True,0.708,-8.89,UNKNOWN,0.999784,35A_35C_42,24A
UK#ERR1440575#21,True,True,True,True,0.462,-6.819,UNKNOWN,1.0,Serogroup 24,24F
UK#ERR1438616#4,True,False,False,False,1.0,-12.456,22F,0.001138,Serogroup 24,22F
UK#ERR1438616#6,True,False,False,False,0.998,-11.247,22F,0.106007,34,22F
UK#ERR1438777#1,True,False,False,False,1.0,-12.159,23B,0.008078,1,23B
UK#ERR1439092#13,True,False,False,False,0.999,-11.648,7F,0.047548,Serogroup 24,7F
UK#ERR1439092#26,True,False,False,False,0.999,-11.743,7F,0.015928,35F,7F
UK#ERR1439735#1,True,False,False,False,1.0,-12.009,19A,0.003254,13,19A
UK#ERR1440195#25,True,True,False,True,0.897,-8.404,UNKNOWN,0.977463,35F,6B
UK#ERR1440195#28,True,False,False,False,0.834,-9.545,6A,0.001482,12_44_46,6A
UK#ERR1440564#1,True,True,False,True,0.966,-10.686,UNKNOWN,0.706862,12_44_46,11A
UK#ERR1439851#8,True,False,False,False,0.999,-11.994,23F,0.008611,35A_35C_42,23F
UK#ERR1438662#12,True,False,False,False,0.999,-11.959,33F,0.047889,19F,33F
UK#ERR1438662#15,True,False,False,False,0.998,-11.4,33F,0.366151,19F,33F
UK#ERR1440182#1,True,False,False,False,0.998,-11.313,16F,0.133645,39,16F
UK#ERR1440182#7,True,False,False,False,0.999,-11.509,16F,0.233604,39,16F
UK#ERR1439656#1,True,False,False,False,0.999,-11.971,19A,0.004846,13,19A
UK#ERR1440066#1,True,True,False,True,0.996,-10.472,UNKNOWN,0.65185,32,33F
UK#ERR1439826#1,True,False,False,False,0.999,-12.297,1,0.09244,10D,1
UK#ERR1439826#64,True,True,False,True,0.999,-12.156,UNKNOWN,0.540215,18,1
UK#ERR1438744#10,True,False,False,False,0.999,-11.884,31,0.008019,20,31
UK#ERR1439028#10,True,True,False,True,0.919,-10.276,UNKNOWN,0.58435,39,35B
UK#ERR1439995#1,True,True,False,True,0.97,-8.832,UNKNOWN,0.965812,18,19A
UK#ERR1439995#4,True,False,False,False,0.999,-11.788,19A,0.005998,32,19A
UK#ERR1439419#3,True,True,False,True,0.969,-9.03,UNKNOWN,0.989947,35A_35C_42,7C
UK#ERR1439419#7,True,False,False,False,0.995,-10.681,19F,0.065279,20,19F
UK#ERR1440089#4,True,False,False,False,1.0,-12.962,8,0.001474,32,8
UK#ERR1440089#6,True,False,False,False,1.0,-13.06,8,0.001672,32,8
UK#ERR1439724#13,True,False,False,False,0.832,-9.829,15B,0.053878,Serogroup 24,15B
UK#ERR1439802#3,True,False,False,False,0.999,-11.881,1,0.16504,35B_35D,1
UK#ERR1439802#65,True,True,False,True,0.999,-12.156,UNKNOWN,0.540215,18,1
UK#ERR1438798#5,True,True,False,True,0.919,-8.806,UNKNOWN,1.0,19F,48
UK#ERR1438798#26,True,True,False,True,0.985,-9.995,UNKNOWN,0.999951,Serogroup 24,48
UK#ERR1440623#6,True,True,True,True,0.17,-6.215,UNKNOWN,1.0,21,37
UK#ERR1440623#17,True,True,False,True,0.862,-9.82,UNKNOWN,0.983331,35B_35D,18C
UK#ERR1438646#1,True,False,False,False,1.0,-11.985,19A,0.004256,13,19A
UK#ERR1440118#1,True,True,True,True,0.777,-6.813,UNKNOWN,0.999997,12_44_46,19F
UK#ERR1440118#4,True,True,True,True,0.916,-8.018,UNKNOWN,0.999969,35F,9N
UK#ERR1438976#2,True,True,False,True,0.632,-9.071,UNKNOWN,0.999006,35B_35D,18C
UK#ERR1440163#1,True,False,False,False,0.999,-12.012,23B,0.004751,1,23B
UK#ERR1438698#5,True,False,False,False,0.931,-10.201,20B,0.035079,20,20B
UK#ERR1438698#9,True,True,False,True,0.811,-8.785,UNKNOWN,0.991359,35A_35C_42,20A
UK#ERR1440380#1,True,False,False,False,0.999,-12.065,35F,0.014095,12_44_46,35F
UK#ERR1440069#1,True,False,False,False,0.999,-11.643,23B,0.0427,1,23B
UK#ERR1440069#40,True,False,False,False,0.998,-10.917,23B,0.090443,12_44_46,23B
UK#ERR1439145#5,True,False,False,False,0.999,-11.769,19A,0.00501,13,19A
UK#ERR1439050#7,True,False,False,False,0.999,-11.688,19A,0.006444,13,19A
UK#ERR1439050#9,True,True,False,True,0.976,-8.909,UNKNOWN,0.982567,35B_35D,19A
UK#ERR1439993#12,True,True,True,True,0.831,-7.499,UNKNOWN,0.995161,35A_35C_42,15A
UK#ERR1439993#20,True,False,False,False,0.999,-11.911,15A,0.007204,35A_35C_42,15A
UK#ERR1439072#1,True,False,False,False,1.0,-12.009,19A,0.003256,13,19A
UK#ERR1439386#3,True,False,False,False,0.926,-9.42,6B,0.442206,12_44_46,6B
UK#ERR1440553#5,True,False,False,False,0.999,-11.844,12F,0.160122,Serogroup 24,12F
UK#ERR1440553#20,True,True,True,True,0.89,-8.127,UNKNOWN,0.99908,16F,12F
UK#ERR1440388#27,True,False,False,False,0.999,-11.515,10A,0.060039,20,10A
UK#ERR1440388#31,True,False,False,False,0.999,-11.639,10A,0.013012,33B_33D,10A
UK#ERR1438633#1,True,False,False,False,1.0,-11.654,19F,0.000273,20,19F
UK#ERR1438633#40,True,False,False,False,0.992,-10.094,19F,0.328086,35F,19F
UK#ERR1440411#4,True,False,False,False,0.999,-11.484,23A,0.004625,19F,23A
UK#ERR1439609#2,True,True,False,True,0.983,-9.586,UNKNOWN,0.984485,19F,12F
UK#ERR1439609#5,True,False,False,False,0.999,-11.844,12F,0.160122,Serogroup 24,12F
UK#ERR1440325#17,True,False,False,False,1.0,-12.356,17F,0.014924,19F,17F
UK#ERR1440325#46,True,True,False,True,0.992,-10.859,UNKNOWN,0.77609,19F,17F
UK#ERR1439048#7,True,False,False,False,0.997,-10.517,15A,0.494985,35B_35D,15A
UK#ERR1439048#15,True,False,False,False,0.999,-11.912,15A,0.006875,35A_35C_42,15A
UK#ERR1438702#1,True,False,False,False,0.999,-11.892,1,0.038956,20,1
UK#ERR1438702#10,True,False,False,False,1.0,-12.747,1,0.023387,25A_25F_38,1
UK#ERR1439418#5,True,False,False,False,0.831,-9.827,15B,0.051927,Serogroup 24,15B
UK#ERR1440341#9,True,False,False,False,0.918,-9.375,6B,0.350784,12_44_46,6B
UK#ERR1440405#1,True,False,False,False,0.999,-12.009,35F,0.016037,12_44_46,35F
UK#ERR1440407#1,True,False,False,False,0.955,-10.172,20B,0.227884,20,20B
UK#ERR1440407#2,True,False,False,False,0.922,-10.127,20B,0.051059,20,20B
UK#ERR1438869#12,True,False,False,False,0.999,-11.648,7F,0.047548,Serogroup 24,7F
UK#ERR1438869#52,True,False,False,False,0.973,-10.889,7F,0.263258,35F,7F
UK#ERR1440395#15,True,False,False,False,0.999,-11.659,10A,0.01142,33B_33D,10A
UK#ERR1440395#36,True,False,False,False,0.999,-11.284,10A,0.122599,20,10A
UK#ERR1439086#1,True,False,False,False,0.999,-11.813,15A,0.007493,35A_35C_42,15A
UK#ERR1440290#4,True,False,False,False,1.0,-12.95,8,0.001436,32,8
UK#ERR1440290#5,True,False,False,False,1.0,-13.06,8,0.001672,32,8
UK#ERR1440085#1,True,False,False,False,0.999,-12.194,9N,0.021993,32,9N
UK#ERR1440085#5,True,False,False,False,0.999,-12.269,9N,0.067843,32,9N
UK#ERR1440225#3,True,True,False,True,0.997,-10.941,UNKNOWN,0.637708,19F,17F
UK#ERR1440225#53,True,True,False,True,0.992,-10.932,UNKNOWN,0.77909,19F,17F
UK#ERR1440603#2,True,False,False,False,0.726,-9.731,15B,0.023603,19F,15B
UK#ERR1440603#5,True,False,False,False,0.537,-9.121,15B,0.449013,Serogroup 24,15B
UK#ERR1439202#18,True,False,False,False,0.999,-11.611,13,0.061858,19F,13
UK#ERR1439202#20,True,True,True,True,0.831,-8.071,UNKNOWN,0.999615,19A,20A
UK#ERR1439342#4,True,True,True,True,0.75,-7.853,UNKNOWN,1.0,15B/C,4
UK#ERR1439342#12,True,True,False,True,0.874,-8.867,UNKNOWN,0.61925,19F,15C
UK#ERR1440309#17,True,False,False,False,0.999,-11.306,9V,0.009349,25A_25F_38,9V
UK#ERR1440309#38,True,False,False,False,0.996,-10.56,9V,0.048426,25A_25F_38,9V
UK#ERR1439640#11,True,True,False,True,0.979,-10.216,UNKNOWN,0.968505,20,18C
UK#ERR1440404#1,True,True,False,True,0.997,-10.868,UNKNOWN,0.714793,48,35F
UK#ERR1440404#19,True,False,False,False,0.999,-11.698,35F,0.10149,19B_19C,35F
UK#ERR1439655#2,True,False,False,False,0.999,-11.957,19A,0.005027,13,19A
UK#ERR1439956#8,True,False,False,False,0.991,-9.725,14,0.45277,16F,14
UK#ERR1439956#30,True,False,False,False,0.999,-11.902,15A,0.006874,35A_35C_42,15A
UK#ERR1439313#1,True,False,False,False,0.998,-10.842,19F,0.144091,35F,19F
UK#ERR1439313#21,True,False,False,False,1.0,-11.602,19F,0.000496,20,19F
UK#ERR1439982#1,True,False,False,False,0.999,-11.443,23A,0.004119,19F,23A
UK#ERR1439720#1,True,False,False,False,1.0,-11.996,19A,0.003929,13,19A
UK#ERR1440122#3,True,False,False,False,1.0,-13.591,3,0.026563,10D,3
UK#ERR1438635#2,True,True,False,True,0.896,-8.5,UNKNOWN,1.0,19F,24A
UK#ERR1438635#15,True,True,False,True,0.974,-10.536,UNKNOWN,0.956708,35A_35C_42,24F
UK#ERR1440660#18,True,False,False,False,0.979,-9.911,6A,0.004219,35A_35C_42,6A
UK#ERR1440660#23,True,False,False,False,0.996,-10.046,6A,0.257718,Serogroup 24,6A
UK#ERR1439718#2,True,True,False,True,0.927,-9.447,UNKNOWN,0.840861,12_44_46,6B
UK#ERR1440315#1,True,True,False,True,0.998,-11.227,UNKNOWN,0.886587,32,27
UK#ERR1440429#4,True,True,False,True,0.993,-9.8,UNKNOWN,0.599842,33B_33D,10A
UK#ERR1440429#26,True,False,False,False,0.999,-11.515,10A,0.060039,20,10A
UK#ERR1438823#3,True,True,True,True,0.288,-5.914,UNKNOWN,0.999999,19F,8
UK#ERR1438823#19,True,False,False,False,1.0,-12.123,19A,0.002347,32,19A
UK#ERR1439665#1,True,False,False,False,0.998,-10.858,14,0.113132,39,14
UK#ERR1439665#13,True,False,False,False,1.0,-12.184,14,0.000279,28,14
UK#ERR1440672#17,True,False,False,False,0.999,-11.643,23B,0.0427,1,23B
UK#ERR1440672#35,True,False,False,False,0.998,-10.818,23B,0.093656,12_44_46,23B
UK#ERR1439946#25,True,True,False,True,0.971,-8.993,UNKNOWN,0.991735,20,6C
UK#ERR1439946#26,True,True,True,True,0.349,-6.275,UNKNOWN,1.0,35B_35D,22F
UK#ERR1438686#1,True,False,False,False,0.999,-11.201,9V,0.010553,25A_25F_38,9V
UK#ERR1439270#8,True,False,False,False,0.821,-9.489,15B,0.284349,Serogroup 24,15B
UK#ERR1439270#21,True,True,False,True,0.992,-10.375,UNKNOWN,0.966912,6,45
UK#ERR1439798#1,True,True,False,True,0.978,-10.225,UNKNOWN,0.968625,20,18C
UK#ERR1440283#1,True,True,True,True,0.85,-7.308,UNKNOWN,0.999132,10,6A
UK#ERR1440283#18,True,False,False,False,0.999,-12.066,34,0.006952,32,34
UK#ERR1439122#1,True,False,False,False,1.0,-11.966,19A,0.003725,13,19A
UK#ERR1439273#7,True,False,False,False,0.861,-9.828,15B,0.137374,Serogroup 24,15B
UK#ERR1439273#25,True,False,False,False,0.6,-9.572,15B,0.052835,19F,15B
UK#ERR1439204#1,True,False,False,False,1.0,-12.009,19A,0.003254,13,19A
UK#ERR1439795#3,True,False,False,False,0.999,-11.881,1,0.16504,35B_35D,1
UK#ERR1439795#60,True,True,False,True,0.999,-12.156,UNKNOWN,0.540215,18,1
UK#ERR1438799#1,True,True,False,True,0.986,-10.091,UNKNOWN,0.999975,35A_35C_42,36
UK#ERR1440153#4,True,False,False,False,0.999,-11.972,33F,0.045928,19F,33F
UK#ERR1440153#18,True,False,False,False,0.998,-11.217,33F,0.43255,19F,33F
UK#ERR1439989#2,True,True,True,True,0.708,-7.231,UNKNOWN,1.0,19F,24A
UK#ERR1439989#18,True,True,False,True,0.905,-8.468,UNKNOWN,0.999993,35A_35C_42,24A
UK#ERR1439160#1,True,True,False,True,0.995,-11.048,UNKNOWN,1.0,10D,39
UK#ERR1439454#1,True,False,False,False,0.676,-9.683,6A,0.002221,12_44_46,6A
UK#ERR1439279#13,True,False,False,False,0.665,-9.799,15B,0.002622,Serogroup 24,15B
UK#ERR1439838#1,True,False,False,False,1.0,-12.128,4,0.006158,18,4
UK#ERR1439838#18,True,True,False,True,0.96,-9.133,UNKNOWN,0.982289,Serogroup 24,4
UK#ERR1440205#11,True,False,False,False,0.977,-9.66,6B,0.022562,12_44_46,6B
UK#ERR1438883#1,True,False,False,False,1.0,-11.966,19A,0.003725,13,19A
UK#ERR1438926#4,True,False,False,False,0.998,-11.01,19A,0.142245,32,19A
UK#ERR1438926#14,True,False,False,False,1.0,-12.043,19A,0.002825,13,19A
UK#ERR1439716#1,True,True,False,True,0.99,-10.289,UNKNOWN,0.960457,35B_35D,18C
UK#ERR1439716#18,True,True,False,True,0.91,-10.011,UNKNOWN,0.976458,35B_35D,18C
UK#ERR1440602#17,True,True,True,True,0.608,-6.556,UNKNOWN,1.0,33B_33D,18C
UK#ERR1440602#18,True,True,False,True,0.864,-8.371,UNKNOWN,0.990217,12_44_46,6C
UK#ERR1440005#19,True,False,False,False,0.999,-11.245,15A,0.012455,35B_35D,15A
UK#ERR1440005#27,True,False,False,False,0.999,-11.91,15A,0.007337,35A_35C_42,15A
UK#ERR1438830#2,True,False,False,False,1.0,-11.988,19A,0.00402,13,19A
UK#ERR1438828#4,True,False,False,False,0.998,-10.946,19A,0.159967,32,19A
UK#ERR1438828#18,True,False,False,False,1.0,-12.068,19A,0.002649,13,19A
UK#ERR1439431#3,True,False,False,False,0.999,-11.904,15A,0.007684,35A_35C_42,15A
UK#ERR1439431#22,True,True,True,True,0.578,-6.357,UNKNOWN,1.0,35A_35C_42,20B
UK#ERR1438778#1,True,False,False,False,0.999,-12.029,23B,0.004521,1,23B
UK#ERR1440023#6,True,False,False,False,1.0,-13.591,3,0.026563,10D,3
UK#ERR1439991#6,True,False,False,False,1.0,-12.426,16F,0.00477,39,16F
UK#ERR1440532#1,True,True,False,True,0.993,-11.209,UNKNOWN,0.576918,41F,24F
UK#ERR1440532#12,True,False,False,False,0.997,-10.575,19F,0.34732,20,19F
UK#ERR1439740#2,True,True,False,True,0.991,-10.002,UNKNOWN,0.924242,28,34
UK#ERR1439740#18,True,False,False,False,1.0,-12.15,34,0.005672,32,34
UK#ERR1438908#2,True,False,False,False,0.999,-11.785,1,0.179344,35B_35D,1
UK#ERR1438908#69,True,True,False,True,0.999,-12.216,UNKNOWN,0.549499,20,1
UK#ERR1439349#1,True,False,False,False,0.999,-11.769,19A,0.005019,13,19A
UK#ERR1440139#2,True,False,False,False,1.0,-12.64,8,0.006205,32,8
UK#ERR1440139#5,True,False,False,False,1.0,-12.574,8,0.006718,32,8
UK#ERR1439206#1,True,False,False,False,0.999,-11.769,19A,0.005014,13,19A
UK#ERR1440375#1,True,False,False,False,0.999,-11.71,10A,0.007985,33B_33D,10A
UK#ERR1440375#24,True,False,False,False,0.999,-11.515,10A,0.060039,20,10A
UK#ERR1439566#1,True,True,True,True,0.846,-7.394,UNKNOWN,0.999996,35A_35C_42,37
UK#ERR1439566#15,True,True,False,True,0.984,-9.606,UNKNOWN,0.963528,10D,37
UK#ERR1440639#2,True,True,False,True,0.998,-11.168,UNKNOWN,0.909623,32,27
UK#ERR1439275#10,True,False,False,False,0.998,-11.034,10A,0.06158,20,10A
UK#ERR1439275#21,True,True,False,True,0.99,-10.09,UNKNOWN,0.856142,20,10A
UK#ERR1439827#5,True,False,False,False,0.918,-9.376,6B,0.351539,12_44_46,6B
UK#ERR1439731#5,True,False,False,False,0.999,-11.826,19A,0.008089,32,19A
UK#ERR1439731#29,True,True,True,True,0.654,-7.996,UNKNOWN,0.99323,Serogroup 24,19A
UK#ERR1440016#2,True,False,False,False,1.0,-12.95,8,0.001436,32,8
UK#ERR1440016#5,True,False,False,False,1.0,-13.06,8,0.001672,32,8
UK#ERR1439385#6,True,False,False,False,0.999,-11.427,13,0.211538,19F,13
UK#ERR1439834#1,True,False,False,False,0.999,-12.035,23B,0.004697,1,23B
UK#ERR1439871#2,True,False,False,False,0.999,-11.881,1,0.16504,35B_35D,1
UK#ERR1439871#61,True,True,False,True,0.999,-12.156,UNKNOWN,0.540215,18,1
UK#ERR1439854#3,True,True,False,True,0.995,-10.89,UNKNOWN,0.720681,19F,17F
UK#ERR1439854#15,True,False,False,False,1.0,-12.361,17F,0.014866,19F,17F
UK#ERR1438708#5,True,True,False,True,0.986,-10.375,UNKNOWN,0.769446,10D,33F
UK#ERR1438708#14,True,False,False,False,0.999,-12.024,33F,0.067897,19F,33F
UK#ERR1439331#11,False,True,True,True,0.274,-5.71,UNKNOWN,0.999998,20,14
UK#ERR1440028#2,True,False,False,False,0.999,-11.119,15A,0.03031,35B_35D,15A
UK#ERR1440028#15,True,False,False,False,0.999,-11.91,15A,0.007337,35A_35C_42,15A
UK#ERR1438912#2,True,True,False,True,0.965,-10.679,UNKNOWN,0.710344,12_44_46,11A
UK#ERR1440568#1,True,False,False,False,0.999,-12.285,9N,0.020691,32,9N
UK#ERR1439272#1,True,True,False,True,0.981,-9.123,UNKNOWN,0.783403,35B_35D,15A
UK#ERR1439272#10,True,True,True,True,0.262,-5.617,UNKNOWN,0.999995,10,15C
UK#ERR1438651#12,True,True,False,True,0.992,-10.859,UNKNOWN,0.77609,19F,17F
UK#ERR1438651#15,True,False,False,False,1.0,-12.359,17F,0.01432,19F,17F
UK#ERR1439168#2,True,False,False,False,0.997,-11.097,18A,0.319927,25A_25F_38,18A
UK#ERR1439168#4,True,True,False,True,0.987,-9.399,UNKNOWN,0.925683,35B_35D,18A
UK#ERR1438875#1,True,True,False,True,0.947,-9.246,UNKNOWN,0.998047,19F,22F
UK#ERR1438875#4,True,False,False,False,0.999,-11.84,22F,0.017393,34,22F
UK#ERR1438975#1,True,False,False,False,0.999,-11.971,19A,0.004847,13,19A
UK#ERR1438852#1,True,False,False,False,1.0,-12.002,19A,0.00395,13,19A
UK#ERR1440646#19,True,True,False,True,0.99,-10.289,UNKNOWN,0.960457,35B_35D,18C
UK#ERR1440646#20,True,True,False,True,0.91,-10.011,UNKNOWN,0.976458,35B_35D,18C
UK#ERR1439315#1,True,True,False,True,0.919,-10.27,UNKNOWN,0.589012,39,35B
UK#ERR1439207#1,True,False,False,False,0.999,-11.811,15A,0.007635,35A_35C_42,15A
UK#ERR1439445#1,True,False,False,False,0.817,-9.529,15C,0.006684,19F,15C
UK#ERR1439912#1,True,False,False,False,1.0,-13.057,8,0.001924,32,8
UK#ERR1439752#1,True,False,False,False,0.999,-11.881,1,0.16504,35B_35D,1
UK#ERR1439752#58,True,True,False,True,0.999,-12.156,UNKNOWN,0.540215,18,1
UK#ERR1439667#4,True,True,False,True,0.971,-8.776,UNKNOWN,0.962693,18,19A
UK#ERR1439667#24,True,False,False,False,0.998,-10.875,19A,0.138173,32,19A
UK#ERR1440580#3,True,False,False,False,0.998,-11.331,1,0.445413,35B_35D,1
UK#ERR1440580#60,True,True,False,True,0.999,-12.156,UNKNOWN,0.540215,18,1
UK#ERR1440245#2,True,True,False,True,0.99,-10.289,UNKNOWN,0.960457,35B_35D,18C
UK#ERR1440245#14,True,True,False,True,0.906,-9.995,UNKNOWN,0.976959,35B_35D,18C
UK#ERR1439147#4,True,False,False,False,0.997,-10.768,15A,0.107313,19F,15A
UK#ERR1439147#11,True,False,False,False,0.997,-10.499,15A,0.086721,35A_35C_42,15A
UK#ERR1439357#1,True,False,False,False,1.0,-11.986,19A,0.004475,13,19A
UK#ERR1439317#1,True,True,False,True,0.873,-8.598,UNKNOWN,0.987403,19F,15C
UK#ERR1439317#5,True,False,False,False,0.644,-9.445,15B,0.110086,Serogroup 24,15B
UK#ERR1440506#3,True,False,False,False,0.999,-12.084,35F,0.013397,12_44_46,35F
UK#ERR1439560#1,True,False,False,False,0.999,-11.911,15A,0.007126,35A_35C_42,15A
UK#ERR1439560#34,True,False,False,False,0.999,-11.234,15A,0.016954,35B_35D,15A
UK#ERR1440228#10,True,True,False,True,0.995,-10.362,UNKNOWN,0.539985,Serogroup 24,7F
UK#ERR1440228#25,True,False,False,False,0.999,-11.743,7F,0.015928,35F,7F
UK#ERR1439304#2,True,True,True,True,0.676,-8.09,UNKNOWN,0.999933,19F,15A
UK#ERR1439304#18,True,False,False,False,0.999,-11.674,15A,0.016809,35A_35C_42,15A
UK#ERR1440176#3,True,False,False,False,1.0,-12.44,22F,0.001669,Serogroup 24,22F
UK#ERR1440176#4,True,False,False,False,1.0,-12.793,22F,0.000719,34,22F
UK#ERR1439844#2,True,True,True,True,0.786,-7.407,UNKNOWN,0.999185,18,19A
UK#ERR1439844#4,True,False,False,False,0.999,-11.865,19A,0.006327,13,19A
UK#ERR1440579#15,True,False,False,False,0.999,-11.839,33F,0.107236,19F,33F
UK#ERR1440579#16,True,False,False,False,0.999,-11.962,33F,0.047989,19F,33F
UK#ERR1439553#7,True,False,False,False,0.986,-10.451,14,0.012097,25A_25F_38,14
UK#ERR1439553#10,True,False,False,False,1.0,-12.114,14,0.000204,28,14
UK#ERR1439161#2,True,False,False,False,1.0,-12.002,19A,0.003949,13,19A
UK#ERR1440450#2,True,False,False,False,0.998,-11.177,31,0.159671,20,31
UK#ERR1440450#14,True,False,False,False,0.999,-11.565,31,0.040276,20,31
UK#ERR1439775#4,True,False,False,False,0.998,-10.946,19A,0.159967,32,19A
UK#ERR1439775#15,True,False,False,False,1.0,-12.043,19A,0.002783,13,19A
UK#ERR1440546#1,True,True,False,True,0.933,-10.058,UNKNOWN,0.929629,19B_19C,35B
UK#ERR1440546#8,True,True,False,True,0.977,-10.339,UNKNOWN,0.74387,Serogroup 24,35B
UK#ERR1438834#13,True,False,False,False,0.998,-11.035,19A,0.187357,32,19A
UK#ERR1438834#14,True,False,False,False,1.0,-12.043,19A,0.002782,13,19A
UK#ERR1440092#5,True,False,False,False,0.999,-11.119,15A,0.03031,35B_35D,15A
UK#ERR1440092#18,True,True,False,True,0.992,-9.831,UNKNOWN,0.766469,32,15A
UK#ERR1438884#1,True,False,False,False,1.0,-11.966,19A,0.003724,13,19A
UK#ERR1440363#1,True,True,False,True,0.99,-10.289,UNKNOWN,0.960457,35B_35D,18C
UK#ERR1440363#18,True,True,False,True,0.914,-9.989,UNKNOWN,0.97029,35B_35D,18C
UK#ERR1439399#26,True,False,False,False,0.999,-11.234,15A,0.016954,35B_35D,15A
UK#ERR1439399#55,True,True,False,True,0.913,-8.394,UNKNOWN,0.980031,35B_35D,15A
UK#ERR1438930#2,True,True,False,True,0.997,-10.723,UNKNOWN,0.54723,25A_25F_38,33F
UK#ERR1438930#21,True,False,False,False,0.996,-11.181,33F,0.483813,19F,33F
UK#ERR1439205#2,True,True,False,True,0.983,-9.584,UNKNOWN,0.943507,35A_35C_42,13
UK#ERR1439205#4,True,False,False,False,0.999,-11.599,13,0.068732,19F,13
UK#ERR1438733#6,True,False,False,False,0.986,-10.389,38,0.30157,12_44_46,38
UK#ERR1438733#19,True,True,False,True,0.974,-9.913,UNKNOWN,0.500097,12_44_46,38
UK#ERR1439684#5,True,False,False,False,0.999,-11.519,14,0.01093,28,14
UK#ERR1439684#6,True,False,False,False,0.999,-10.783,14,0.012138,28,14
UK#ERR1439849#3,True,True,False,True,0.995,-10.89,UNKNOWN,0.720681,19F,17F
UK#ERR1439849#8,True,False,False,False,1.0,-12.36,17F,0.014384,19F,17F
UK#ERR1440158#2,True,False,False,False,0.999,-11.971,19A,0.004848,13,19A
UK#ERR1438712#21,True,False,False,False,0.999,-12.232,1,0.102733,10D,1
UK#ERR1438712#62,True,False,False,False,0.999,-11.666,1,0.36093,18,1
UK#ERR1438660#15,True,True,False,True,0.935,-8.65,UNKNOWN,0.999999,19F,33F
UK#ERR1438660#21,True,False,False,False,0.998,-11.683,33F,0.111008,19F,33F
UK#ERR1440306#12,True,True,False,True,0.927,-9.447,UNKNOWN,0.835496,12_44_46,6B
UK#ERR1438939#10,True,False,False,False,0.999,-12.023,7F,0.084218,Serogroup 24,7F
UK#ERR1438939#48,True,False,False,False,0.897,-9.938,7F,0.31517,20,7F
UK#ERR1439269#1,True,True,False,True,0.981,-9.123,UNKNOWN,0.783403,35B_35D,15A
UK#ERR1439269#20,True,False,False,False,0.999,-11.234,15A,0.016954,35B_35D,15A
UK#ERR1439958#3,True,False,False,False,0.999,-11.976,23B,0.004696,1,23B
UK#ERR1438851#5,True,False,False,False,0.999,-12.261,9N,0.067335,32,9N
UK#ERR1438851#8,True,False,False,False,0.999,-12.197,9N,0.021885,32,9N
UK#ERR1440496#2,True,False,False,False,0.759,-9.798,38,0.003638,39,38
UK#ERR1440496#7,True,True,True,True,0.468,-7.548,UNKNOWN,1.0,20,11A
UK#ERR1439434#22,True,False,False,False,1.0,-11.647,19F,0.00026,20,19F
UK#ERR1439434#38,True,False,False,False,0.992,-10.094,19F,0.328086,35F,19F
UK#ERR1440353#1,False,True,True,True,0.259,-5.536,UNKNOWN,0.99999,35F,19A
UK#ERR1439983#4,True,False,False,False,0.831,-9.827,15B,0.051927,Serogroup 24,15B
UK#ERR1439247#2,True,False,False,False,0.999,-11.629,23B,0.039769,1,23B
UK#ERR1439247#41,True,False,False,False,0.998,-10.684,23B,0.076386,12_44_46,23B
UK#ERR1439627#2,True,False,False,False,0.615,-9.598,6B,0.003833,12_44_46,6B
UK#ERR1439239#1,True,False,False,False,1.0,-11.966,19A,0.003724,13,19A
UK#ERR1439700#4,True,True,True,True,0.752,-7.339,UNKNOWN,1.0,Serogroup 24,37
UK#ERR1439700#29,True,True,False,True,0.985,-9.644,UNKNOWN,0.959823,10D,37
UK#ERR1438874#2,True,True,False,True,0.997,-10.819,UNKNOWN,0.603675,32,33F
UK#ERR1438874#17,True,True,False,True,0.971,-9.621,UNKNOWN,0.995759,10D,33F
UK#ERR1440142#3,True,False,False,False,1.0,-13.06,8,0.001672,32,8
UK#ERR1440142#4,True,True,True,True,0.82,-7.992,UNKNOWN,0.999468,32,8
UK#ERR1439192#1,True,False,False,False,0.999,-11.769,19A,0.005014,13,19A
UK#ERR1439155#1,True,False,False,False,0.999,-11.911,15A,0.007126,35A_35C_42,15A
UK#ERR1439155#23,True,False,False,False,0.999,-11.234,15A,0.016954,35B_35D,15A
UK#ERR1439374#9,True,False,False,False,0.87,-9.827,15B,0.18289,Serogroup 24,15B
UK#ERR1439374#24,True,False,False,False,0.6,-9.572,15B,0.052835,19F,15B
UK#ERR1439417#4,True,False,False,False,0.795,-9.836,15B,0.018159,Serogroup 24,15B
UK#ERR1438868#1,True,False,False,False,0.884,-9.967,6A,0.001997,12_44_46,6A
UK#ERR1438868#7,True,True,False,True,0.97,-8.663,UNKNOWN,0.967659,20,10A
UK#ERR1440665#1,True,True,False,True,0.859,-9.682,UNKNOWN,0.998479,10D,18C
UK#ERR1440505#12,True,False,False,False,0.999,-11.906,7F,0.040539,Serogroup 24,7F
UK#ERR1440505#26,True,False,False,False,0.999,-11.748,7F,0.015804,35F,7F
UK#ERR1439934#5,True,False,False,False,1.0,-13.529,3,0.048758,9,3
UK#ERR1439570#14,True,True,False,True,0.948,-10.543,UNKNOWN,0.994982,Serogroup 24,12F
UK#ERR1439570#27,True,True,False,True,0.95,-11.039,UNKNOWN,0.826643,19F,12F
UK#ERR1439064#15,True,False,False,False,1.0,-12.043,19A,0.002782,13,19A
UK#ERR1439064#51,True,False,False,False,0.998,-11.01,19A,0.142245,32,19A
UK#ERR1438629#5,True,True,False,True,0.931,-9.05,UNKNOWN,0.998836,19F,22F
UK#ERR1438629#25,True,True,True,True,0.569,-7.582,UNKNOWN,1.0,12_44_46,7C
UK#ERR1439017#1,True,False,False,False,1.0,-11.602,19F,0.000496,20,19F
UK#ERR1439017#42,True,False,False,False,0.992,-10.094,19F,0.328086,35F,19F
UK#ERR1439807#1,True,False,False,False,0.999,-11.488,23A,0.004668,19F,23A
UK#ERR1439973#4,True,False,False,False,0.999,-11.44,23A,0.018479,19F,23A
UK#ERR1439678#1,True,False,False,False,1.0,-12.002,19A,0.003949,13,19A
UK#ERR1438924#2,True,False,False,False,1.0,-11.966,19A,0.003724,13,19A
UK#ERR1440040#1,True,False,False,False,1.0,-13.529,3,0.048758,9,3
UK#ERR1440189#14,True,False,False,False,0.999,-11.316,31,0.078207,20,31
UK#ERR1440189#15,True,False,False,False,0.998,-11.327,31,0.117048,20,31
UK#ERR1440058#1,True,False,False,False,1.0,-11.779,19F,0.000381,20,19F
UK#ERR1439882#55,True,True,True,True,0.867,-7.929,UNKNOWN,0.999996,32,34
UK#ERR1439882#58,True,True,False,True,0.834,-8.54,UNKNOWN,0.999563,32,22F
UK#ERR1440595#3,True,True,False,True,0.941,-8.947,UNKNOWN,0.996264,25A_25F_38,33F
UK#ERR1440595#19,True,True,False,True,0.996,-11.151,UNKNOWN,0.528967,10D,33F
UK#ERR1439976#2,True,False,False,False,0.981,-10.432,19A,0.077506,35F,19A
UK#ERR1439485#1,True,False,False,False,1.0,-13.156,8,0.001836,32,8
UK#ERR1438957#4,True,False,False,False,1.0,-11.966,19A,0.003725,13,19A
UK#ERR1439433#1,True,True,True,True,0.62,-7.112,UNKNOWN,1.0,21,34
UK#ERR1439433#2,True,False,False,False,0.999,-12.077,34,0.007582,32,34
UK#ERR1438993#1,True,True,False,True,0.95,-8.305,UNKNOWN,0.98895,21,22F
UK#ERR1438993#19,True,True,False,True,0.898,-8.817,UNKNOWN,0.999341,19F,22F
UK#ERR1439278#13,True,True,False,True,0.919,-10.272,UNKNOWN,0.588716,39,35B
UK#ERR1440147#2,True,False,False,False,0.999,-11.119,15A,0.03031,35B_35D,15A
UK#ERR1440147#13,True,False,False,False,0.999,-11.915,15A,0.007234,35A_35C_42,15A
UK#ERR1439646#1,True,True,False,True,0.99,-9.796,UNKNOWN,0.824805,13,19A
UK#ERR1439646#16,True,False,False,False,0.999,-11.526,19A,0.022582,13,19A
UK#ERR1439705#1,True,False,False,False,0.999,-11.846,4,0.132725,20,4
UK#ERR1439705#4,True,False,False,False,0.999,-11.999,4,0.037491,20,4
UK#ERR1440128#2,True,False,False,False,1.0,-12.44,22F,0.001669,Serogroup 24,22F
UK#ERR1440128#8,True,False,False,False,0.999,-11.393,22F,0.068845,34,22F
UK#ERR1440667#2,True,True,False,True,0.97,-9.115,UNKNOWN,0.996406,10D,37
UK#ERR1438898#11,True,False,False,False,0.999,-11.983,7F,0.024568,35F,7F
UK#ERR1438898#27,True,False,False,False,0.999,-11.743,7F,0.015928,35F,7F
UK#ERR1439494#24,True,True,True,True,0.812,-7.689,UNKNOWN,0.99934,10,6C
UK#ERR1439494#47,True,True,False,True,0.962,-9.044,UNKNOWN,0.993616,12_44_46,6C
UK#ERR1439870#1,True,False,False,False,1.0,-12.02,23F,0.003216,35A_35C_42,23F
UK#ERR1440229#3,True,False,False,False,1.0,-13.016,1,0.015762,25A_25F_38,1
UK#ERR1440229#42,True,True,False,True,0.998,-11.313,UNKNOWN,0.616513,10D,1
UK#ERR1438648#1,True,False,False,False,0.999,-11.468,23A,0.004254,19F,23A
UK#ERR1440277#1,True,False,False,False,0.999,-11.656,10A,0.011578,33B_33D,10A
UK#ERR1440277#28,True,False,False,False,0.999,-11.624,10A,0.048366,33B_33D,10A
UK#ERR1439590#8,True,True,False,True,0.986,-9.19,UNKNOWN,0.807031,33B_33D,6A
UK#ERR1439590#15,True,False,False,False,0.908,-10.008,6A,0.001976,12_44_46,6A
UK#ERR1440034#4,True,False,False,False,0.995,-10.497,9V,0.086015,25A_25F_38,9V
UK#ERR1440034#29,True,True,True,True,0.468,-7.539,UNKNOWN,0.997955,25A_25F_38,9V
UK#ERR1438746#28,True,True,False,True,0.978,-8.691,UNKNOWN,0.846768,12_44_46,23B
UK#ERR1438746#29,True,True,False,True,0.69,-8.386,UNKNOWN,0.978505,Serogroup 24,28A
UK#ERR1439041#2,True,False,False,False,0.999,-11.806,15A,0.007796,35A_35C_42,15A
UK#ERR1438962#1,True,False,False,False,1.0,-12.054,19A,0.002599,13,19A
UK#ERR1438962#13,True,True,True,True,0.796,-6.864,UNKNOWN,0.999909,35A_35C_42,19A
UK#ERR1438620#3,True,False,False,False,0.999,-12.035,23B,0.004697,1,23B
UK#ERR1439753#1,True,False,False,False,1.0,-12.002,19A,0.003949,13,19A
UK#ERR1439977#24,True,False,False,False,0.996,-10.56,9V,0.048426,25A_25F_38,9V
UK#ERR1439977#26,True,True,True,True,0.468,-7.539,UNKNOWN,0.997955,25A_25F_38,9V
UK#ERR1438809#2,True,False,False,False,0.986,-10.252,38,0.379494,12_44_46,38
UK#ERR1438809#21,True,False,False,False,0.877,-9.828,38,0.064862,39,38
UK#ERR1438849#4,True,True,False,True,0.767,-9.113,UNKNOWN,0.999938,15B/C,11A
UK#ERR1438849#8,True,True,False,True,0.891,-9.379,UNKNOWN,0.83444,12_44_46,11A
UK#ERR1440447#1,True,False,False,False,1.0,-11.794,19F,0.000316,20,19F
UK#ERR1439223#1,True,True,False,True,0.978,-8.938,UNKNOWN,0.914984,19B_19C,15A
UK#ERR1439223#8,True,False,False,False,0.999,-11.234,15A,0.016954,35B_35D,15A
UK#ERR1439104#1,True,True,False,True,0.981,-9.123,UNKNOWN,0.783403,35B_35D,15A
UK#ERR1439104#7,True,False,False,False,0.999,-11.588,15A,0.026122,35A_35C_42,15A
UK#ERR1439639#2,True,False,False,False,0.994,-11.27,24F,0.470689,35A_35C_42,24F
UK#ERR1439505#1,True,False,False,False,0.994,-11.276,24F,0.46062,35A_35C_42,24F
UK#ERR1440280#1,True,True,False,True,0.901,-9.474,UNKNOWN,0.622413,20,20B
UK#ERR1440280#3,True,True,True,True,0.916,-8.09,UNKNOWN,0.999998,12_44_46,20B
UK#ERR1438776#1,True,False,False,False,0.999,-12.035,23B,0.004697,1,23B
UK#ERR1439511#2,True,False,False,False,1.0,-13.529,3,0.048758,9,3
UK#ERR1439540#2,True,False,False,False,0.999,-12.084,35F,0.013397,12_44_46,35F
UK#ERR1438943#3,True,False,False,False,0.999,-11.428,19A,0.010538,13,19A
UK#ERR1438943#28,True,True,False,True,0.959,-9.218,UNKNOWN,0.952002,35F,19A
UK#ERR1440111#5,True,False,False,False,1.0,-13.591,3,0.026563,10D,3
UK#ERR1438759#19,True,False,False,False,0.995,-10.944,6C,0.423391,15B/C,6C
UK#ERR1438759#53,True,True,False,True,0.983,-9.792,UNKNOWN,0.969997,15B/C,6C
UK#ERR1438805#1,True,True,False,True,0.895,-8.478,UNKNOWN,0.999989,35A_35C_42,24A
UK#ERR1438805#26,True,True,False,True,0.806,-8.286,UNKNOWN,1.0,19F,24A
UK#ERR1439016#1,True,False,False,False,0.999,-11.971,19A,0.004736,13,19A
UK#ERR1440535#2,True,False,False,False,0.999,-11.849,4,0.033258,20,4
UK#ERR1440535#60,True,False,False,False,0.999,-11.961,4,0.118834,18,4
UK#ERR1438802#5,True,False,False,False,0.996,-10.56,9V,0.048426,25A_25F_38,9V
UK#ERR1438802#23,True,True,True,True,0.468,-7.539,UNKNOWN,0.997955,25A_25F_38,9V
UK#ERR1439515#1,True,False,False,False,1.0,-13.156,8,0.001836,32,8
UK#ERR1439437#26,True,True,True,True,0.498,-7.534,UNKNOWN,0.999157,25A_25F_38,9V
UK#ERR1439437#39,True,False,False,False,0.997,-10.629,9V,0.040868,25A_25F_38,9V
UK#ERR1438770#18,True,False,False,False,0.999,-11.671,23B,0.039546,1,23B
UK#ERR1438770#40,True,False,False,False,0.998,-11.03,23B,0.062263,12_44_46,23B
UK#ERR1439410#22,True,True,True,True,0.498,-7.534,UNKNOWN,0.999157,25A_25F_38,9V
UK#ERR1439410#23,True,True,False,True,0.969,-10.44,UNKNOWN,0.564967,12_44_46,11A
UK#ERR1439967#1,True,False,False,False,0.999,-12.035,23B,0.004697,1,23B
UK#ERR1439985#32,True,False,False,False,0.999,-11.648,7F,0.047548,Serogroup 24,7F
UK#ERR1439985#37,True,False,False,False,0.997,-10.673,7F,0.288805,35A_35C_42,7F
UK#ERR1439328#2,True,True,False,True,0.893,-8.735,UNKNOWN,0.999427,19F,22F
UK#ERR1439328#16,True,False,False,False,1.0,-11.883,23F,0.002328,35A_35C_42,23F
UK#ERR1439962#3,True,False,False,False,1.0,-13.529,3,0.048758,9,3
UK#ERR1438818#3,True,True,False,True,0.967,-8.956,UNKNOWN,0.990036,35B_35D,28A
UK#ERR1439423#1,True,False,False,False,0.999,-11.077,15A,0.038511,35B_35D,15A
UK#ERR1439423#17,True,False,False,False,0.999,-11.91,15A,0.007337,35A_35C_42,15A
UK#ERR1438640#1,True,False,False,False,0.999,-12.035,23B,0.004697,1,23B
UK#ERR1439717#2,True,True,False,True,0.991,-10.35,UNKNOWN,0.970517,35B_35D,18C
UK#ERR1439717#14,True,True,False,True,0.914,-9.989,UNKNOWN,0.97029,35B_35D,18C
UK#ERR1438806#3,True,True,False,True,0.986,-11.069,UNKNOWN,0.964706,39,12F
UK#ERR1438806#7,True,True,False,True,0.941,-10.504,UNKNOWN,0.944941,Serogroup 24,12F
UK#ERR1440421#1,True,False,False,False,0.999,-11.824,10A,0.006757,33B_33D,10A
UK#ERR1440421#27,True,False,False,False,0.999,-11.515,10A,0.060039,20,10A
UK#ERR1440333#2,True,True,False,True,0.997,-11.375,UNKNOWN,0.877654,12_44_46,29
UK#ERR1440078#4,True,False,False,False,1.0,-13.158,8,0.001062,32,8
UK#ERR1440078#13,True,False,False,False,1.0,-12.576,8,0.006438,32,8
UK#ERR1439822#3,True,True,False,True,0.992,-10.859,UNKNOWN,0.77609,19F,17F
UK#ERR1439822#15,True,False,False,False,1.0,-12.362,17F,0.014204,19F,17F
UK#ERR1439932#1,True,False,False,False,0.886,-10.124,38,0.021612,39,38
UK#ERR1439932#21,True,False,False,False,0.984,-10.829,38,0.072397,12_44_46,38
UK#ERR1440412#12,True,False,False,False,0.999,-11.473,23A,0.004256,19F,23A
UK#ERR1439334#7,True,False,False,False,0.999,-11.844,12F,0.160122,Serogroup 24,12F
UK#ERR1439334#9,True,True,False,True,0.947,-10.539,UNKNOWN,0.994746,Serogroup 24,12F
UK#ERR1439100#5,True,False,False,False,0.918,-9.374,6B,0.348884,12_44_46,6B
UK#ERR1440362#29,True,False,False,False,1.0,-12.311,17F,0.019637,19F,17F
UK#ERR1440362#43,True,True,False,True,0.992,-10.859,UNKNOWN,0.77609,19F,17F
UK#ERR1439554#24,True,True,True,True,0.498,-7.534,UNKNOWN,0.999157,25A_25F_38,9V
UK#ERR1439554#44,True,False,False,False,0.995,-10.426,9V,0.149194,25A_25F_38,9V
UK#ERR1439623#9,True,False,False,False,1.0,-11.876,14,0.000437,28,14
UK#ERR1439623#11,True,False,False,False,1.0,-12.127,14,0.000221,28,14
UK#ERR1439711#3,True,True,False,True,0.995,-10.174,UNKNOWN,0.509998,25A_25F_38,9V
UK#ERR1439711#23,True,True,True,True,0.498,-7.534,UNKNOWN,0.999157,25A_25F_38,9V
UK#ERR1439058#1,True,False,False,False,0.999,-11.904,15A,0.007683,35A_35C_42,15A
UK#ERR1439058#21,True,True,True,True,0.578,-6.357,UNKNOWN,1.0,35A_35C_42,20B
UK#ERR1438841#8,True,False,False,False,0.999,-12.194,9N,0.021993,32,9N
UK#ERR1438841#28,True,False,False,False,0.999,-12.261,9N,0.067335,32,9N
UK#ERR1440526#2,True,False,False,False,0.994,-11.274,24F,0.464986,35A_35C_42,24F
UK#ERR1438623#1,True,True,False,True,0.973,-10.499,UNKNOWN,0.962781,35A_35C_42,24F
UK#ERR1438623#3,True,True,True,True,0.488,-7.264,UNKNOWN,1.0,19F,24A
UK#ERR1440459#1,True,False,False,False,1.0,-12.501,16F,0.001603,39,16F
UK#ERR1440627#22,True,False,False,False,0.997,-10.914,5,0.395411,20,5
UK#ERR1440627#24,True,False,False,False,1.0,-12.285,5,0.010955,20,5
UK#ERR1439928#4,True,False,False,False,1.0,-13.16,8,0.001786,32,8
UK#ERR1440515#2,True,True,False,True,0.995,-10.89,UNKNOWN,0.720681,19F,17F
UK#ERR1440515#13,True,False,False,False,1.0,-12.363,17F,0.014196,19F,17F
UK#ERR1439521#2,True,False,False,False,0.999,-11.881,1,0.16504,35B_35D,1
UK#ERR1439521#72,True,True,False,True,0.999,-12.156,UNKNOWN,0.540215,18,1
UK#ERR1440273#4,True,False,False,False,1.0,-12.574,8,0.006718,32,8
UK#ERR1440273#5,True,False,False,False,1.0,-13.06,8,0.001665,32,8
UK#ERR1438927#6,True,False,False,False,0.996,-10.476,7F,0.420394,Serogroup 24,7F
UK#ERR1438927#23,True,False,False,False,0.999,-11.743,7F,0.015928,35F,7F
UK#ERR1440445#16,True,False,False,False,0.998,-11.177,31,0.159671,20,31
UK#ERR1440445#29,True,True,False,True,0.996,-10.701,UNKNOWN,0.730863,20,31
UK#ERR1439992#1,True,True,False,True,0.848,-9.478,UNKNOWN,0.993347,12_44_46,11A
UK#ERR1439992#8,True,True,True,True,0.538,-7.333,UNKNOWN,0.963509,28,11E
UK#ERR1438905#1,True,False,False,False,0.981,-10.432,19A,0.077472,35F,19A
UK#ERR1440179#1,True,False,False,False,0.999,-11.71,10A,0.007985,33B_33D,10A
UK#ERR1440179#23,True,False,False,False,0.999,-11.515,10A,0.060039,20,10A
UK#ERR1440641#2,True,False,False,False,0.676,-9.683,6A,0.002221,12_44_46,6A
UK#ERR1439578#17,True,True,False,True,0.984,-9.583,UNKNOWN,0.958736,10D,37
UK#ERR1439578#29,True,True,True,True,0.752,-7.339,UNKNOWN,1.0,Serogroup 24,37
UK#ERR1438639#1,True,True,False,True,0.946,-10.566,UNKNOWN,0.995225,39,12F
UK#ERR1438639#7,True,False,False,False,0.999,-11.93,12F,0.091397,Serogroup 24,12F
UK#ERR1438855#2,True,False,False,False,1.0,-12.002,19A,0.00395,13,19A
UK#ERR1440389#2,True,False,False,False,1.0,-11.602,19F,0.000496,20,19F
UK#ERR1440389#3,True,False,False,False,0.998,-10.842,19F,0.144091,35F,19F
UK#ERR1440635#2,True,True,False,True,0.913,-8.441,UNKNOWN,0.992704,19F,15C
UK#ERR1440635#5,True,False,False,False,0.569,-9.375,15B,0.126643,Serogroup 24,15B
UK#ERR1439435#1,True,False,False,False,0.999,-11.484,23A,0.004626,19F,23A
UK#ERR1438862#1,True,True,True,True,0.714,-6.977,UNKNOWN,0.999998,35B_35D,23F
UK#ERR1438862#8,True,True,False,True,0.989,-9.418,UNKNOWN,0.859964,35B_35D,6C
UK#ERR1440385#1,True,True,False,True,0.997,-10.868,UNKNOWN,0.714793,48,35F
UK#ERR1440385#21,True,False,False,False,0.999,-11.698,35F,0.10149,19B_19C,35F
UK#ERR1440676#9,True,True,False,True,0.979,-10.216,UNKNOWN,0.968508,20,18C
UK#ERR1439469#2,True,False,False,False,0.999,-11.814,15A,0.00753,35A_35C_42,15A
UK#ERR1438951#26,True,False,False,False,0.993,-9.971,19A,0.409622,35A_35C_42,19A
UK#ERR1438951#53,True,True,False,True,0.972,-9.002,UNKNOWN,0.992943,32,19A
UK#ERR1439148#1,True,True,False,True,0.978,-10.213,UNKNOWN,0.968968,20,18C
UK#ERR1438836#3,True,True,False,True,0.986,-11.069,UNKNOWN,0.964706,39,12F
UK#ERR1438836#9,True,True,False,True,0.73,-9.785,UNKNOWN,0.803265,Serogroup 24,12F
UK#ERR1439848#8,True,True,True,True,0.632,-6.788,UNKNOWN,1.0,35A_35C_42,6B
UK#ERR1439848#9,True,True,False,True,0.995,-10.86,UNKNOWN,0.846,19F,10B
UK#ERR1438859#4,True,False,False,False,0.999,-12.261,9N,0.067335,32,9N
UK#ERR1438859#11,True,False,False,False,0.999,-11.993,9N,0.029533,35F,9N
UK#ERR1440072#12,True,True,False,True,0.948,-10.543,UNKNOWN,0.994983,Serogroup 24,12F
UK#ERR1440072#25,True,True,False,True,0.944,-11.038,UNKNOWN,0.860036,19F,12F
UK#ERR1439618#23,True,True,True,True,0.799,-7.947,UNKNOWN,0.998062,35F,6B
UK#ERR1439618#25,True,False,False,False,0.941,-9.883,6B,0.011451,12_44_46,6B
UK#ERR1438613#2,True,False,False,False,0.999,-11.473,23A,0.004256,19F,23A
UK#ERR1439885#2,True,True,True,True,0.71,-6.9,UNKNOWN,0.999066,Serogroup 24,6A
UK#ERR1439885#6,True,False,False,False,0.999,-11.528,13,0.080196,19F,13
UK#ERR1439461#1,True,False,False,False,0.999,-11.797,18A,0.01125,25A_25F_38,18A
UK#ERR1440434#2,True,True,False,True,0.966,-10.686,UNKNOWN,0.706839,12_44_46,11A
UK#ERR1440124#11,True,False,False,False,0.999,-11.648,7F,0.047548,Serogroup 24,7F
UK#ERR1440124#26,True,False,False,False,0.999,-11.743,7F,0.015929,35F,7F
UK#ERR1440365#1,True,False,False,False,0.955,-10.172,20B,0.227884,20,20B
UK#ERR1440365#4,True,False,False,False,0.932,-10.203,20B,0.034793,20,20B
UK#ERR1439694#2,True,False,False,False,0.849,-9.881,6A,0.002635,12_44_46,6A
UK#ERR1439694#8,True,True,False,True,0.986,-9.19,UNKNOWN,0.807031,33B_33D,6A
UK#ERR1439872#1,True,True,True,True,0.839,-7.366,UNKNOWN,0.999997,35A_35C_42,37
UK#ERR1439872#16,True,True,False,True,0.984,-9.611,UNKNOWN,0.966157,10D,37
UK#ERR1440427#1,True,False,False,False,0.952,-10.482,38,0.081259,39,38
UK#ERR1440427#24,True,False,False,False,0.987,-10.86,38,0.078959,12_44_46,38
UK#ERR1438720#1,True,False,False,False,0.928,-10.101,20B,0.247004,20,20B
UK#ERR1438720#3,True,False,False,False,0.919,-10.107,20B,0.055336,20,20B
UK#ERR1440308#2,True,True,False,True,0.991,-9.798,UNKNOWN,0.919482,39,14
UK#ERR1440308#24,True,True,True,True,0.468,-7.539,UNKNOWN,0.997955,25A_25F_38,9V
UK#ERR1439123#1,True,False,False,False,0.999,-11.813,15A,0.007493,35A_35C_42,15A
UK#ERR1440486#1,True,True,False,True,0.77,-9.117,UNKNOWN,0.999938,15B/C,11A
UK#ERR1440486#7,True,True,False,True,0.972,-10.472,UNKNOWN,0.667264,48,11A
UK#ERR1439878#21,True,False,False,False,0.999,-11.738,5,0.039676,35B_35D,5
UK#ERR1439878#24,True,False,False,False,1.0,-12.285,5,0.010955,20,5
UK#ERR1439135#3,True,False,False,False,0.999,-11.911,15A,0.006894,35A_35C_42,15A
UK#ERR1439135#25,True,True,False,True,0.689,-8.357,UNKNOWN,0.995251,Serogroup 24,15A
UK#ERR1440539#9,True,True,False,True,0.953,-9.186,UNKNOWN,0.92548,20,19F
UK#ERR1440539#22,True,True,True,True,0.552,-7.41,UNKNOWN,0.999912,12_44_46,19F
UK#ERR1438850#2,True,False,False,False,1.0,-11.966,19A,0.003724,13,19A
UK#ERR1440091#1,True,False,False,False,0.999,-11.673,23B,0.037895,1,23B
UK#ERR1440091#44,True,False,False,False,0.999,-11.078,23B,0.051564,12_44_46,23B
UK#ERR1439200#1,True,False,False,False,1.0,-12.172,4,0.004839,18,4
UK#ERR1439200#22,True,True,False,True,0.96,-9.133,UNKNOWN,0.982289,Serogroup 24,4
UK#ERR1440141#13,True,False,False,False,0.999,-11.478,23A,0.004279,19F,23A
UK#ERR1439120#1,True,False,False,False,0.999,-11.911,15A,0.007126,35A_35C_42,15A
UK#ERR1439120#19,True,False,False,False,0.999,-11.234,15A,0.016954,35B_35D,15A
UK#ERR1438704#6,True,False,False,False,1.0,-12.956,3,0.062376,28,3
UK#ERR1440109#1,True,True,False,True,0.992,-10.932,UNKNOWN,0.77909,19F,17F
UK#ERR1440109#16,True,False,False,False,1.0,-12.31,17F,0.020557,19F,17F
UK#ERR1439453#3,True,False,False,False,0.997,-10.629,9V,0.040868,25A_25F_38,9V
UK#ERR1439453#26,True,True,False,True,0.987,-9.463,UNKNOWN,0.76948,21,9V
UK#ERR1439352#3,True,True,False,True,0.996,-10.574,UNKNOWN,0.61566,15B/C,33F
UK#ERR1439352#18,True,True,False,True,0.996,-11.151,UNKNOWN,0.528967,10D,33F
UK#ERR1439593#2,True,False,False,False,0.98,-10.667,35B,0.462066,Serogroup 24,35B
UK#ERR1439593#29,True,True,False,True,0.984,-10.081,UNKNOWN,0.976628,19B_19C,35B
UK#ERR1440098#1,True,False,False,False,0.999,-11.473,23A,0.004256,19F,23A
UK#ERR1440599#8,True,False,False,False,1.0,-11.95,14,0.000226,28,14
UK#ERR1440599#10,True,False,False,False,1.0,-12.179,14,0.00028,28,14
UK#ERR1438918#12,True,False,False,False,0.999,-11.806,15A,0.007796,35A_35C_42,15A
UK#ERR1439049#3,True,False,False,False,0.998,-11.326,19A,0.025452,13,19A
UK#ERR1439049#41,True,True,False,True,0.987,-9.616,UNKNOWN,0.519144,35A_35C_42,19A
UK#ERR1439411#2,True,False,False,False,0.999,-11.971,19A,0.004848,13,19A
UK#ERR1440611#22,True,False,False,False,0.785,-9.57,15C,0.004823,19F,15C
UK#ERR1440611#23,True,False,False,False,0.6,-9.572,15B,0.052835,19F,15B
UK#ERR1439577#1,True,True,False,True,0.961,-10.371,UNKNOWN,0.998719,10D,11B
UK#ERR1439925#1,True,False,False,False,0.999,-11.911,15A,0.007126,35A_35C_42,15A
UK#ERR1439925#10,True,False,False,False,0.999,-11.323,15A,0.006703,35B_35D,15A
UK#ERR1440563#5,True,False,False,False,0.996,-10.487,7F,0.420754,Serogroup 24,7F
UK#ERR1440563#25,True,False,False,False,0.999,-11.757,7F,0.015875,35F,7F
UK#ERR1440162#5,True,False,False,False,1.0,-12.574,8,0.006718,32,8
UK#ERR1440162#6,True,False,False,False,1.0,-13.06,8,0.001672,32,8
UK#ERR1439732#2,True,True,False,True,0.725,-8.421,UNKNOWN,1.0,19F,4
UK#ERR1439732#3,True,False,False,False,0.999,-11.868,4,0.03261,20,4
UK#ERR1440401#1,True,True,False,True,0.966,-10.686,UNKNOWN,0.706839,12_44_46,11A
UK#ERR1439821#3,True,False,False,False,0.999,-11.539,34,0.299186,32,34
UK#ERR1439821#34,True,True,True,True,0.642,-7.184,UNKNOWN,1.0,35B_35D,31
UK#ERR1439866#1,True,False,False,False,1.0,-11.966,19A,0.003724,13,19A
UK#ERR1440206#1,True,False,False,False,0.955,-10.172,20B,0.227884,20,20B
UK#ERR1440206#22,True,False,False,False,0.93,-10.194,20B,0.036066,20,20B
UK#ERR1438860#1,True,True,False,True,0.879,-9.596,UNKNOWN,0.932859,15B/C,6C
UK#ERR1440265#10,True,True,False,True,0.949,-10.562,UNKNOWN,0.994642,Serogroup 24,12F
UK#ERR1440265#28,True,False,False,False,0.999,-11.726,12F,0.156135,Serogroup 24,12F
UK#ERR1439024#20,True,True,False,True,0.933,-10.058,UNKNOWN,0.929629,19B_19C,35B
UK#ERR1439024#26,True,True,False,True,0.947,-9.108,UNKNOWN,0.993859,39,35B
UK#ERR1439548#1,True,False,False,False,0.999,-12.274,9N,0.026073,32,9N
UK#ERR1438626#4,True,False,False,False,0.997,-10.846,16F,0.46558,12_44_46,16F
UK#ERR1438626#8,True,False,False,False,0.998,-11.406,16F,0.325157,39,16F
UK#ERR1440061#7,True,True,False,True,0.949,-10.562,UNKNOWN,0.994642,Serogroup 24,12F
UK#ERR1440061#28,True,False,False,False,0.999,-11.962,12F,0.080837,Serogroup 24,12F
UK#ERR1440351#1,True,False,False,False,1.0,-11.623,19F,0.000688,20,19F
UK#ERR1440448#6,True,False,False,False,0.999,-11.765,33F,0.061506,19F,33F
UK#ERR1439543#7,True,False,False,False,1.0,-13.125,8,0.001174,32,8
UK#ERR1439543#15,True,False,False,False,1.0,-12.95,8,0.001436,32,8
UK#ERR1440525#3,True,False,False,False,0.998,-11.4,33F,0.366151,19F,33F
UK#ERR1440525#17,True,False,False,False,0.999,-11.988,33F,0.043994,19F,33F
UK#ERR1439216#1,True,False,False,False,0.999,-11.971,19A,0.004848,13,19A
UK#ERR1440019#2,True,True,True,True,0.609,-7.205,UNKNOWN,0.99955,20,19F
UK#ERR1440019#6,True,True,False,True,0.974,-9.766,UNKNOWN,0.995462,35B_35D,21
UK#ERR1440414#14,True,False,False,False,0.977,-9.67,6B,0.022277,12_44_46,6B
UK#ERR1439933#1,True,False,False,False,1.0,-12.95,8,0.001436,32,8
UK#ERR1439933#3,True,False,False,False,1.0,-12.713,8,0.004412,32,8
UK#ERR1440644#1,True,False,False,False,0.999,-12.029,23B,0.004521,1,23B
UK#ERR1440048#1,True,True,False,True,0.947,-10.539,UNKNOWN,0.994746,Serogroup 24,12F
UK#ERR1440048#8,True,False,False,False,0.999,-11.93,12F,0.091397,Serogroup 24,12F
UK#ERR1438842#2,True,False,False,False,1.0,-12.002,19A,0.00395,13,19A
UK#ERR1440104#4,True,False,False,False,1.0,-12.419,16F,0.0007,39,16F
UK#ERR1440104#10,True,False,False,False,0.998,-11.409,16F,0.335735,39,16F
UK#ERR1440190#11,True,False,False,False,0.998,-10.602,15A,0.047576,35B_35D,15A
UK#ERR1440190#22,True,False,False,False,0.999,-11.91,15A,0.007337,35A_35C_42,15A
UK#ERR1440059#5,True,False,False,False,0.999,-11.759,7F,0.01404,35F,7F
UK#ERR1440235#4,True,True,False,True,0.998,-11.187,UNKNOWN,0.90026,32,27
UK#ERR1439910#2,True,False,False,False,0.98,-10.731,35B,0.375152,Serogroup 24,35B
UK#ERR1439910#6,True,True,False,True,0.958,-9.41,UNKNOWN,0.989472,39,35B
UK#ERR1438941#24,True,False,False,False,0.998,-11.133,6C,0.274541,15B/C,6C
UK#ERR1438941#48,True,True,False,True,0.984,-9.829,UNKNOWN,0.965196,15B/C,6C
UK#ERR1439687#5,True,False,False,False,1.0,-13.591,3,0.026563,10D,3
UK#ERR1439771#14,True,False,False,False,0.999,-11.92,19A,0.006495,13,19A
UK#ERR1440508#2,True,False,False,False,0.999,-11.884,31,0.008019,20,31
UK#ERR1440592#1,True,False,False,False,0.999,-12.171,9N,0.027104,35F,9N
UK#ERR1438693#1,True,False,False,False,0.668,-9.695,15B,0.013101,19F,15B
UK#ERR1438693#16,True,True,True,True,0.533,-6.872,UNKNOWN,1.0,12_44_46,6C
UK#ERR1438892#5,True,False,False,False,1.0,-13.529,3,0.048758,9,3
UK#ERR1439988#32,True,False,False,False,0.999,-11.861,7F,0.040362,Serogroup 24,7F
UK#ERR1439988#55,True,False,False,False,0.973,-10.889,7F,0.263258,35F,7F
UK#ERR1439034#1,True,False,False,False,1.0,-12.009,19A,0.003255,13,19A
UK#ERR1439704#2,True,False,False,False,0.999,-11.62,4,0.121353,28,4
UK#ERR1439704#41,True,True,False,True,0.973,-9.478,UNKNOWN,0.963309,20,4
UK#ERR1440279#3,True,True,False,True,0.997,-10.723,UNKNOWN,0.54723,25A_25F_38,33F
UK#ERR1440279#25,True,True,True,True,0.874,-7.976,UNKNOWN,0.999933,19F,33F
UK#ERR1439706#26,True,True,True,True,0.498,-7.534,UNKNOWN,0.999157,25A_25F_38,9V
UK#ERR1439706#46,True,False,False,False,0.995,-10.426,9V,0.149194,25A_25F_38,9V
UK#ERR1439986#1,True,False,False,False,1.0,-12.009,19A,0.003254,13,19A
UK#ERR1440274#3,True,True,False,True,0.998,-11.251,UNKNOWN,0.512819,20,10F
UK#ERR1440274#9,True,True,False,True,0.73,-8.281,UNKNOWN,1.0,25A_25F_38,10F
UK#ERR1439225#22,True,False,False,False,0.999,-11.234,15A,0.016954,35B_35D,15A
UK#ERR1439225#28,True,False,False,False,0.999,-11.911,15A,0.007125,35A_35C_42,15A
UK#ERR1439070#2,True,False,False,False,0.999,-11.813,15A,0.007493,35A_35C_42,15A
UK#ERR1439818#16,True,False,False,False,1.0,-12.362,17F,0.014204,19F,17F
UK#ERR1439818#22,True,True,False,True,0.992,-10.859,UNKNOWN,0.77609,19F,17F
UK#ERR1439746#27,True,True,False,True,0.967,-9.083,UNKNOWN,0.729859,35A_35C_42,19A
UK#ERR1439746#34,True,False,False,False,0.988,-10.221,19A,0.435009,35F,19A
UK#ERR1439174#18,True,True,True,True,0.928,-7.716,UNKNOWN,0.984146,39,15A
UK#ERR1439174#28,True,True,False,True,0.989,-9.86,UNKNOWN,0.977628,35F,9N
UK#ERR1439027#1,False,True,True,True,0.275,-5.54,UNKNOWN,0.99999,35F,19A
UK#ERR1440243#1,True,False,False,False,0.999,-12.192,9N,0.021823,32,9N
UK#ERR1440243#6,True,False,False,False,0.999,-12.269,9N,0.067843,32,9N
UK#ERR1439427#1,True,False,False,False,1.0,-12.419,16F,0.004496,39,16F
UK#ERR1439088#1,True,False,False,False,1.0,-11.897,19A,0.0043,32,19A
UK#ERR1439088#5,True,True,False,True,0.92,-8.944,UNKNOWN,0.970679,18,19A
UK#ERR1439509#1,True,False,False,False,0.999,-11.42,6C,0.088327,15B/C,6C
UK#ERR1439930#1,True,True,False,True,0.997,-10.829,UNKNOWN,0.713494,15B/C,16F
UK#ERR1439930#50,True,True,True,True,0.766,-7.226,UNKNOWN,1.0,35A_35C_42,16F
UK#ERR1439415#9,True,False,False,False,0.997,-10.499,15A,0.086721,35A_35C_42,15A
UK#ERR1439415#19,True,False,False,False,0.999,-11.91,15A,0.007336,35A_35C_42,15A
UK#ERR1440041#5,True,False,False,False,1.0,-13.06,8,0.001672,32,8
UK#ERR1440041#19,True,False,False,False,1.0,-12.574,8,0.006718,32,8
UK#ERR1439113#1,True,False,False,False,0.999,-11.813,15A,0.007493,35A_35C_42,15A
UK#ERR1439032#17,True,True,False,True,0.892,-8.155,UNKNOWN,0.998217,48,35B
UK#ERR1439032#28,True,True,False,True,0.932,-10.06,UNKNOWN,0.927993,19B_19C,35B
UK#ERR1440490#3,True,True,False,True,0.995,-10.89,UNKNOWN,0.720681,19F,17F
UK#ERR1440490#29,True,False,False,False,1.0,-12.311,17F,0.019637,19F,17F
UK#ERR1440084#8,True,True,True,True,0.746,-7.453,UNKNOWN,0.998845,12_44_46,6A
UK#ERR1440084#18,True,True,True,True,0.83,-7.978,UNKNOWN,0.998594,35B_35D,6C
UK#ERR1440275#8,True,False,False,False,0.849,-10.037,9L,0.039006,20,9L
UK#ERR1440275#23,True,True,False,True,0.993,-9.924,UNKNOWN,0.687785,32,9L
UK#ERR1439238#2,True,False,False,False,0.999,-11.44,15A,0.022583,35A_35C_42,15A
UK#ERR1439442#1,True,False,False,False,0.999,-11.803,15A,0.007826,35A_35C_42,15A
UK#ERR1440181#1,True,False,False,False,1.0,-13.215,8,0.001719,32,8
UK#ERR1438812#2,True,True,False,True,0.637,-8.195,UNKNOWN,0.995213,25A_25F_38,18B
UK#ERR1439438#21,True,True,True,True,0.943,-7.587,UNKNOWN,0.924805,35A_35C_42,6A
UK#ERR1439438#60,True,True,True,True,0.565,-6.747,UNKNOWN,1.0,Serogroup 24,15A
UK#ERR1440236#8,True,True,False,True,0.946,-10.54,UNKNOWN,0.953301,Serogroup 24,12F
UK#ERR1440236#34,True,True,False,True,0.988,-10.879,UNKNOWN,0.975141,10D,12F
UK#ERR1440220#2,True,False,False,False,0.999,-11.812,15A,0.00819,35A_35C_42,15A
UK#ERR1440547#1,True,False,False,False,0.999,-12.194,9N,0.021993,32,9N
UK#ERR1440547#6,True,False,False,False,0.999,-12.258,9N,0.067294,32,9N
UK#ERR1440177#2,True,False,False,False,0.999,-11.883,31,0.008125,20,31
UK#ERR1439452#3,True,True,False,True,0.954,-8.641,UNKNOWN,0.996405,35A_35C_42,35B
UK#ERR1439452#10,True,True,True,True,0.756,-8.027,UNKNOWN,0.999682,39,35B
UK#ERR1440321#1,True,True,True,True,0.434,-6.352,UNKNOWN,1.0,21,8
UK#ERR1440321#3,True,False,False,False,0.977,-10.343,20B,0.030536,20,20B
UK#ERR1440037#4,True,False,False,False,1.0,-13.036,8,0.001897,32,8
UK#ERR1440037#13,True,False,False,False,1.0,-13.006,8,0.00122,32,8
UK#ERR1440106#2,True,False,False,False,0.999,-11.788,19A,0.006679,13,19A
UK#ERR1440106#28,True,False,False,False,0.996,-10.139,19A,0.315933,35A_35C_42,19A
UK#ERR1438750#6,True,True,False,True,0.993,-10.953,UNKNOWN,0.980567,28,35A
UK#ERR1439387#4,True,False,False,False,0.831,-9.827,15B,0.051927,Serogroup 24,15B
UK#ERR1439271#11,True,False,False,False,0.997,-10.499,15A,0.086721,35A_35C_42,15A
UK#ERR1439271#20,True,False,False,False,0.999,-11.91,15A,0.007336,35A_35C_42,15A
UK#ERR1439682#20,True,True,True,True,0.498,-7.534,UNKNOWN,0.999157,25A_25F_38,9V
UK#ERR1439682#41,True,False,False,False,0.995,-10.426,9V,0.149194,25A_25F_38,9V
UK#ERR1439697#5,True,False,False,False,0.999,-11.971,19A,0.004848,13,19A
UK#ERR1440361#13,True,False,False,False,1.0,-11.818,19F,0.000295,20,19F
UK#ERR1440523#1,True,False,False,False,0.999,-11.765,33F,0.06151,19F,33F
UK#ERR1438921#1,True,False,False,False,1.0,-12.045,19A,0.00274,13,19A
UK#ERR1438921#4,True,False,False,False,0.998,-10.946,19A,0.159967,32,19A
UK#ERR1439638#1,True,True,False,True,0.997,-11.124,UNKNOWN,0.847346,10D,33B
UK#ERR1440680#17,True,False,False,False,0.999,-11.684,13,0.119489,19F,13
UK#ERR1440680#22,True,True,False,True,0.993,-10.204,UNKNOWN,0.861907,19F,13
UK#ERR1439425#1,True,False,False,False,0.998,-10.946,19A,0.159967,32,19A
UK#ERR1439425#14,True,False,False,False,1.0,-12.043,19A,0.002782,13,19A
UK#ERR1439052#2,True,False,False,False,0.999,-11.504,15A,0.024727,19B_19C,15A
UK#ERR1439052#7,True,False,False,False,0.999,-11.234,15A,0.016954,35B_35D,15A
UK#ERR1439082#14,True,False,False,False,0.999,-11.911,15A,0.006936,35A_35C_42,15A
UK#ERR1439082#26,True,False,False,False,0.997,-10.517,15A,0.494985,35B_35D,15A
UK#ERR1438627#3,True,False,False,False,0.999,-11.798,15A,0.007966,35A_35C_42,15A
UK#ERR1439069#22,True,False,False,False,0.999,-11.393,15A,0.025228,35A_35C_42,15A
UK#ERR1439654#1,True,False,False,False,1.0,-11.943,23F,0.00347,19F,23F
UK#ERR1439919#11,True,False,False,False,0.999,-12.023,7F,0.084218,Serogroup 24,7F
UK#ERR1439919#53,True,False,False,False,0.973,-10.889,7F,0.263258,35F,7F
UK#ERR1439606#4,True,False,False,False,1.0,-11.824,14,0.000834,28,14
UK#ERR1439475#8,True,False,False,False,0.999,-11.844,12F,0.160122,Serogroup 24,12F
UK#ERR1439475#10,True,True,False,True,0.947,-10.539,UNKNOWN,0.994746,Serogroup 24,12F
UK#ERR1440328#3,True,True,False,True,0.992,-10.859,UNKNOWN,0.77609,19F,17F
UK#ERR1440328#12,True,False,False,False,1.0,-12.288,17F,0.022151,19F,17F
UK#ERR1439140#3,True,True,False,True,0.97,-8.832,UNKNOWN,0.965812,18,19A
UK#ERR1439140#13,True,False,False,False,0.999,-11.533,19A,0.00799,32,19A
UK#ERR1439329#1,True,True,False,True,0.985,-9.927,UNKNOWN,0.986036,12_44_46,7C
UK#ERR1439329#4,True,False,False,False,0.999,-11.671,7C,0.136935,12_44_46,7C
UK#ERR1439351#1,True,False,False,False,0.726,-9.733,15B,0.023929,19F,15B
UK#ERR1439351#7,True,False,False,False,0.644,-9.445,15B,0.110086,Serogroup 24,15B
UK#ERR1439294#2,True,True,False,True,0.989,-10.131,UNKNOWN,0.918719,20,4
UK#ERR1439294#33,True,False,False,False,0.999,-11.336,4,0.038495,18,4
UK#ERR1439483#1,True,False,False,False,1.0,-11.966,19A,0.003724,13,19A
UK#ERR1439591#11,True,True,False,True,0.945,-10.954,UNKNOWN,0.861141,19F,12F
UK#ERR1439591#16,True,True,False,True,0.947,-10.58,UNKNOWN,0.995542,39,12F
UK#ERR1439184#1,True,True,False,True,0.966,-10.686,UNKNOWN,0.706839,12_44_46,11A
UK#ERR1439952#2,True,True,False,True,0.947,-10.539,UNKNOWN,0.994749,Serogroup 24,12F
UK#ERR1439952#8,True,False,False,False,0.999,-11.726,12F,0.156135,Serogroup 24,12F
UK#ERR1439128#2,True,False,False,False,0.998,-10.792,19A,0.277762,32,19A
UK#ERR1439128#3,True,False,False,False,0.998,-11.302,19A,0.081084,32,19A
UK#ERR1439847#3,True,False,False,False,0.999,-11.63,14,0.012356,39,14
UK#ERR1439847#26,True,False,False,False,1.0,-12.121,14,0.000212,28,14
UK#ERR1440550#2,True,False,False,False,0.999,-11.369,10A,0.054841,20,10A
UK#ERR1440550#5,True,True,True,True,0.436,-7.559,UNKNOWN,1.0,25A_25F_38,14
UK#ERR1438997#1,True,True,False,True,0.933,-10.058,UNKNOWN,0.929629,19B_19C,35B
UK#ERR1438997#4,True,True,True,True,0.733,-8.092,UNKNOWN,0.997295,39,35B
UK#ERR1440372#7,True,False,False,False,0.999,-11.331,31,0.066386,20,31
UK#ERR1440372#17,True,False,False,False,0.999,-11.588,31,0.036993,20,31
UK#ERR1438885#1,True,False,False,False,1.0,-11.959,19A,0.003809,13,19A
UK#ERR1439621#5,True,True,True,True,0.562,-7.925,UNKNOWN,0.443414,12_44_46,6A
UK#ERR1439621#19,True,False,False,False,0.944,-9.669,6A,0.00202,12_44_46,6A
UK#ERR1439898#4,True,False,False,False,0.998,-11.075,16F,0.279294,12_44_46,16F
UK#ERR1439898#9,True,False,False,False,0.999,-11.509,16F,0.233604,39,16F
UK#ERR1439248#9,True,True,True,True,0.769,-7.162,UNKNOWN,0.999999,35B_35D,14
UK#ERR1439248#22,True,False,False,False,0.999,-11.91,15A,0.007337,35A_35C_42,15A
UK#ERR1438958#2,True,False,False,False,1.0,-11.995,19A,0.004198,13,19A
UK#ERR1440471#4,True,True,False,True,0.998,-11.187,UNKNOWN,0.90026,32,27
UK#ERR1439512#4,True,False,False,False,0.999,-12.243,1,0.115723,25A_25F_38,1
UK#ERR1439555#7,True,False,False,False,0.918,-9.374,6B,0.350069,12_44_46,6B
UK#ERR1438888#1,True,False,False,False,1.0,-12.713,1,0.009741,20,1
UK#ERR1438888#71,True,True,False,True,0.999,-12.216,UNKNOWN,0.549499,20,1
UK#ERR1440303#4,True,False,False,False,0.994,-10.508,9V,0.082827,25A_25F_38,9V
UK#ERR1440303#23,True,True,True,True,0.657,-7.178,UNKNOWN,1.0,20,7F
UK#ERR1439139#1,True,False,False,False,0.999,-11.44,15A,0.022585,35A_35C_42,15A
UK#ERR1439093#2,True,False,False,False,0.999,-11.813,15A,0.007493,35A_35C_42,15A
UK#ERR1438988#1,True,True,True,True,0.88,-7.904,UNKNOWN,1.0,20,33B
UK#ERR1440326#2,True,True,False,True,0.992,-10.859,UNKNOWN,0.77609,19F,17F
UK#ERR1440326#17,True,False,False,False,1.0,-12.352,17F,0.014828,19F,17F
UK#ERR1439987#2,True,False,False,False,1.0,-13.529,3,0.048758,9,3
UK#ERR1438910#2,True,True,False,True,0.966,-10.686,UNKNOWN,0.706841,12_44_46,11A
UK#ERR1439800#1,True,False,False,False,0.887,-9.977,6A,0.001915,12_44_46,6A
UK#ERR1439800#8,True,True,False,True,0.988,-9.232,UNKNOWN,0.807088,33B_33D,6A
UK#ERR1438829#2,True,False,False,False,1.0,-12.002,19A,0.003949,13,19A
UK#ERR1439037#3,True,True,False,True,0.988,-9.745,UNKNOWN,0.984147,19F,17F
UK#ERR1439037#5,True,False,False,False,0.999,-12.17,17F,0.039967,19F,17F
UK#ERR1439255#1,True,False,False,False,1.0,-12.004,19A,0.003347,13,19A
UK#ERR1438684#1,True,True,False,True,0.969,-9.392,UNKNOWN,0.999351,35A_35C_42,7B
UK#ERR1439403#5,True,False,False,False,0.996,-10.404,15A,0.480757,35B_35D,15A
UK#ERR1439403#18,True,False,False,False,0.999,-11.911,15A,0.006936,35A_35C_42,15A
UK#ERR1439348#2,True,False,False,False,0.999,-11.456,15A,0.025083,35A_35C_42,15A
UK#ERR1440112#1,True,True,False,True,0.974,-9.982,UNKNOWN,0.885409,Serogroup 24,35B
UK#ERR1440112#3,True,True,False,True,0.944,-10.056,UNKNOWN,0.8913,39,35B
UK#ERR1439664#1,True,False,False,False,0.981,-10.432,19A,0.077472,35F,19A
UK#ERR1439589#22,True,True,False,True,0.997,-10.645,UNKNOWN,0.5623,19B_19C,4
UK#ERR1439589#31,True,True,False,True,0.844,-8.531,UNKNOWN,0.773001,18,4
UK#ERR1439927#2,True,False,False,False,0.999,-11.839,33F,0.107236,19F,33F
UK#ERR1439927#17,True,False,False,False,0.999,-11.824,33F,0.073643,19F,33F
UK#ERR1439011#2,True,True,False,True,0.742,-8.748,UNKNOWN,0.999077,35A_35C_42,15A
UK#ERR1439011#7,True,False,False,False,0.999,-11.234,15A,0.016954,35B_35D,15A
UK#ERR1440422#5,True,True,False,True,0.996,-10.786,UNKNOWN,0.682303,25A_25F_38,10F
UK#ERR1440422#29,True,True,False,True,0.998,-11.219,UNKNOWN,0.564661,41F,10F
UK#ERR1439217#1,True,True,False,True,0.998,-11.227,UNKNOWN,0.886587,32,27
UK#ERR1440247#2,True,True,True,True,0.272,-6.258,UNKNOWN,1.0,33B_33D,14
UK#ERR1440247#16,True,False,False,False,1.0,-12.16,14,0.000203,28,14
UK#ERR1439301#7,True,False,False,False,0.999,-11.234,15A,0.016954,35B_35D,15A
UK#ERR1439301#26,True,False,False,False,0.999,-11.911,15A,0.007126,35A_35C_42,15A
UK#ERR1439375#4,True,True,False,True,0.955,-9.943,UNKNOWN,0.843471,15B/C,6C
UK#ERR1439375#27,True,True,True,True,0.43,-5.992,UNKNOWN,0.999988,Serogroup 24,19A
UK#ERR1440552#15,True,True,False,True,0.996,-10.669,UNKNOWN,0.771584,19F,33F
UK#ERR1440552#17,True,False,False,False,0.999,-11.962,33F,0.047989,19F,33F
UK#ERR1440355#1,True,False,False,False,0.999,-11.884,31,0.008019,20,31
UK#ERR1440165#16,True,False,False,False,0.998,-10.84,23A,0.036342,19F,23A
UK#ERR1440165#47,True,True,False,True,0.809,-8.243,UNKNOWN,0.999752,19F,22F
UK#ERR1439098#1,True,False,False,False,1.0,-12.055,19A,0.002544,13,19A
UK#ERR1439098#25,True,True,True,True,0.447,-6.379,UNKNOWN,0.999999,Serogroup 24,6B
UK#ERR1440046#1,True,False,False,False,0.998,-10.842,19F,0.144091,35F,19F
UK#ERR1440046#25,True,False,False,False,1.0,-11.668,19F,0.000275,20,19F
UK#ERR1439507#9,True,True,False,True,0.818,-8.487,UNKNOWN,0.998231,31,19F
UK#ERR1439507#28,True,True,False,True,0.993,-11.205,UNKNOWN,0.584055,41F,24F
UK#ERR1440234#3,True,False,False,False,0.977,-10.343,20B,0.030536,20,20B
UK#ERR1440234#14,True,False,False,False,0.935,-10.176,20B,0.030921,20,20B
UK#ERR1440343#7,True,False,False,False,1.0,-12.305,4,0.009704,18,4
UK#ERR1440343#19,True,True,False,True,0.96,-9.133,UNKNOWN,0.982289,Serogroup 24,4
UK#ERR1439457#2,True,False,False,False,0.999,-11.959,23F,0.010684,19F,23F
UK#ERR1440400#2,True,False,False,False,0.999,-11.71,10A,0.007985,33B_33D,10A
UK#ERR1440400#24,True,False,False,False,0.999,-11.515,10A,0.060039,20,10A
UK#ERR1438705#2,True,False,False,False,0.999,-11.509,17F,0.157423,19F,17F
UK#ERR1438716#3,True,False,False,False,0.999,-12.123,35F,0.011504,12_44_46,35F
UK#ERR1439060#25,True,False,False,False,0.998,-10.639,15A,0.106771,19B_19C,15A
UK#ERR1439060#44,True,True,False,True,0.736,-8.474,UNKNOWN,0.999825,19F,15A
UK#ERR1439527#1,True,False,False,False,0.999,-12.064,35F,0.013858,12_44_46,35F
UK#ERR1439172#12,True,True,False,True,0.811,-8.958,UNKNOWN,0.997892,19F,15A
UK#ERR1439172#23,True,True,False,True,0.984,-9.192,UNKNOWN,0.952675,35A_35C_42,15A
UK#ERR1440231#4,True,True,False,True,0.971,-9.84,UNKNOWN,0.995451,10D,10B
UK#ERR1440231#20,True,True,False,True,0.986,-9.623,UNKNOWN,0.979075,10D,10B
UK#ERR1439693#1,True,False,False,False,1.0,-12.002,19A,0.003949,13,19A
UK#ERR1440559#15,True,False,False,False,0.999,-11.839,33F,0.107236,19F,33F
UK#ERR1440559#18,True,False,False,False,0.999,-11.818,33F,0.076675,19F,33F
UK#ERR1440666#8,True,False,False,False,0.999,-11.393,13,0.122704,19F,13
UK#ERR1440666#14,True,True,True,True,0.865,-7.55,UNKNOWN,0.998849,35B_35D,19A
UK#ERR1440036#7,True,True,False,True,0.973,-9.133,UNKNOWN,0.991296,12_44_46,35F
UK#ERR1440036#11,True,False,False,False,0.998,-11.635,8,0.496774,32,8
UK#ERR1438861#4,True,True,False,True,0.998,-11.227,UNKNOWN,0.886587,32,27
UK#ERR1439368#4,True,False,False,False,0.999,-11.119,15A,0.03031,35B_35D,15A
UK#ERR1439368#16,True,False,False,False,0.999,-11.91,15A,0.007337,35A_35C_42,15A
UK#ERR1439261#2,True,False,False,False,1.0,-11.982,23F,0.004952,19F,23F
UK#ERR1440214#1,True,True,True,True,0.62,-7.112,UNKNOWN,1.0,21,34
UK#ERR1440214#4,True,False,False,False,0.999,-12.077,34,0.007582,32,34
UK#ERR1438907#21,True,False,False,False,0.998,-11.116,6C,0.284421,15B/C,6C
UK#ERR1438907#52,True,True,False,True,0.984,-9.829,UNKNOWN,0.965196,15B/C,6C
UK#ERR1438914#3,True,False,False,False,0.999,-11.62,4,0.121353,28,4
UK#ERR1438914#31,True,True,False,True,0.973,-9.47,UNKNOWN,0.961216,20,4
UK#ERR1440262#7,True,False,False,False,0.999,-11.648,7F,0.047548,Serogroup 24,7F
UK#ERR1440262#58,True,True,False,True,0.759,-9.166,UNKNOWN,0.935363,20,7F
UK#ERR1439688#1,True,False,False,False,0.999,-11.769,19A,0.005014,13,19A
UK#ERR1440591#1,True,False,False,False,0.999,-11.651,23B,0.03844,1,23B
UK#ERR1440591#34,True,False,False,False,0.998,-10.684,23B,0.076386,12_44_46,23B
UK#ERR1439466#1,True,False,False,False,0.999,-11.807,15A,0.007806,35A_35C_42,15A
UK#ERR1439604#2,True,False,False,False,0.884,-9.967,6A,0.001997,12_44_46,6A
UK#ERR1439604#10,True,True,False,True,0.988,-9.232,UNKNOWN,0.807088,33B_33D,6A
UK#ERR1438672#1,True,True,False,True,0.993,-11.229,UNKNOWN,0.546219,41F,24F
UK#ERR1438672#13,True,True,False,True,0.818,-8.487,UNKNOWN,0.998231,31,19F
UK#ERR1440203#1,True,False,False,False,0.999,-11.927,4,0.111187,20,4
UK#ERR1440203#4,True,False,False,False,0.999,-11.943,4,0.036186,18,4
UK#ERR1440478#2,True,True,False,True,0.992,-10.859,UNKNOWN,0.77609,19F,17F
UK#ERR1440478#28,True,False,False,False,1.0,-12.315,17F,0.019472,19F,17F
UK#ERR1438767#14,True,False,False,False,0.997,-10.513,19F,0.219313,19F,19F
UK#ERR1438767#146,True,True,False,True,0.993,-10.139,UNKNOWN,0.808178,35F,19F
UK#ERR1440585#1,True,True,False,True,0.949,-10.562,UNKNOWN,0.994642,Serogroup 24,12F
UK#ERR1440585#9,True,False,False,False,0.999,-11.844,12F,0.160122,Serogroup 24,12F
UK#ERR1439136#11,True,False,False,False,0.997,-10.499,15A,0.086721,35A_35C_42,15A
UK#ERR1439136#22,True,False,False,False,0.999,-11.902,15A,0.006184,35A_35C_42,15A
UK#ERR1439945#5,True,False,False,False,0.999,-11.119,15A,0.03031,35B_35D,15A
UK#ERR1439945#17,True,False,False,False,0.999,-11.91,15A,0.007337,35A_35C_42,15A
UK#ERR1438740#2,True,True,False,True,0.915,-8.902,UNKNOWN,0.956226,12_44_46,11A
UK#ERR1438740#4,True,True,False,True,0.968,-10.447,UNKNOWN,0.60817,12_44_46,11A
UK#ERR1438696#13,True,False,False,False,1.0,-11.732,19F,0.000426,20,19F
UK#ERR1438696#15,True,True,False,True,0.979,-9.022,UNKNOWN,0.899439,20,19F
UK#ERR1438896#16,True,True,False,True,0.959,-9.11,UNKNOWN,0.97977,Serogroup 24,4
UK#ERR1438896#52,True,False,False,False,1.0,-12.169,4,0.005534,18,4
UK#ERR1439601#6,True,True,False,True,0.998,-11.236,UNKNOWN,0.517828,20,10F
UK#ERR1439601#36,True,True,False,True,0.99,-10.14,UNKNOWN,0.997508,25A_25F_38,10F
UK#ERR1438754#3,True,True,True,True,0.633,-6.782,UNKNOWN,0.999881,35A_35C_42,19F
UK#ERR1438754#25,True,True,False,True,0.896,-9.769,UNKNOWN,0.967609,19B_19C,35B
UK#ERR1440160#1,True,False,False,False,1.0,-13.156,8,0.001836,32,8
UK#ERR1438775#1,True,False,False,False,0.999,-12.035,23B,0.004697,1,23B
UK#ERR1439327#6,True,False,False,False,0.999,-11.911,15A,0.006894,35A_35C_42,15A
UK#ERR1439327#25,True,True,False,True,0.96,-8.906,UNKNOWN,0.98375,Serogroup 24,15A
UK#ERR1440522#1,True,True,False,True,0.993,-11.205,UNKNOWN,0.584055,41F,24F
UK#ERR1440522#10,True,False,False,False,0.997,-10.575,19F,0.34732,20,19F
UK#ERR1440121#1,True,True,False,True,0.966,-8.953,UNKNOWN,0.990333,35B_35D,28A
UK#ERR1440577#2,True,True,False,True,0.947,-10.539,UNKNOWN,0.994746,Serogroup 24,12F
UK#ERR1440577#10,True,False,False,False,0.999,-11.93,12F,0.091397,Serogroup 24,12F
UK#ERR1438978#2,True,True,False,True,0.98,-9.831,UNKNOWN,1.0,35A_35C_42,36
UK#ERR1440498#5,True,True,False,True,0.893,-8.735,UNKNOWN,0.999427,19F,22F
UK#ERR1440498#11,True,True,True,True,0.471,-7.763,UNKNOWN,0.999994,29,23B
UK#ERR1439579#1,True,False,False,False,0.999,-11.884,31,0.008019,20,31
UK#ERR1440126#1,True,True,False,True,0.945,-10.566,UNKNOWN,0.995229,39,12F
UK#ERR1440126#7,True,False,False,False,0.999,-11.726,12F,0.156135,Serogroup 24,12F
UK#ERR1440425#3,True,True,False,True,0.927,-9.449,UNKNOWN,0.836782,12_44_46,6B
UK#ERR1439407#5,True,False,False,False,0.644,-9.445,15B,0.110086,Serogroup 24,15B
UK#ERR1439407#10,True,True,False,True,0.667,-8.391,UNKNOWN,0.999915,19F,15A
UK#ERR1439412#5,True,False,False,False,0.999,-11.809,15A,0.007715,35A_35C_42,15A
UK#ERR1439075#1,True,False,False,False,0.997,-10.598,22A,0.170847,19F,22A
UK#ERR1439075#7,True,True,False,True,0.993,-10.103,UNKNOWN,0.848832,19F,12F
UK#ERR1438760#1,True,True,True,True,0.705,-7.299,UNKNOWN,0.997918,16F,19A
UK#ERR1438760#24,True,False,False,False,0.986,-10.737,6C,0.470829,15B/C,6C
UK#ERR1439873#7,True,False,False,False,1.0,-12.424,22F,0.00133,Serogroup 24,22F
UK#ERR1439873#16,True,False,False,False,0.999,-11.442,22F,0.070364,35B_35D,22F
UK#ERR1440251#3,True,False,False,False,0.999,-11.881,1,0.16504,35B_35D,1
UK#ERR1440251#62,True,True,False,True,0.999,-12.156,UNKNOWN,0.540215,18,1
UK#ERR1440430#2,True,True,False,True,0.992,-10.859,UNKNOWN,0.77609,19F,17F
UK#ERR1440430#21,True,True,True,True,0.413,-7.168,UNKNOWN,1.0,19F,17F
UK#ERR1439692#1,True,False,False,False,0.615,-9.598,6B,0.003833,12_44_46,6B
UK#ERR1439188#2,True,True,False,True,0.998,-11.224,UNKNOWN,0.558258,19F,10B
UK#ERR1440285#3,True,False,False,False,1.0,-12.782,22F,0.000718,34,22F
UK#ERR1440285#8,True,False,False,False,1.0,-12.496,22F,0.000789,Serogroup 24,22F
UK#ERR1439054#1,True,False,False,False,0.999,-11.809,15A,0.007715,35A_35C_42,15A
UK#ERR1440517#2,True,True,False,True,0.962,-10.64,UNKNOWN,0.713046,12_44_46,11A
UK#ERR1439951#1,True,True,False,True,0.966,-10.689,UNKNOWN,0.705695,12_44_46,11A
UK#ERR1439637#2,True,False,False,False,1.0,-11.989,19A,0.004055,13,19A
UK#ERR1439978#1,True,True,False,True,0.945,-10.566,UNKNOWN,0.995227,39,12F
UK#ERR1439978#5,True,False,False,False,0.999,-11.726,12F,0.156135,Serogroup 24,12F
UK#ERR1439850#1,True,True,True,True,0.758,-7.572,UNKNOWN,0.998845,35A_35C_42,19A
UK#ERR1439850#61,True,True,False,True,0.999,-12.156,UNKNOWN,0.540215,18,1
UK#ERR1439721#1,True,True,False,True,0.971,-9.963,UNKNOWN,0.984017,20,18C
UK#ERR1440371#1,True,False,False,False,0.955,-10.172,20B,0.227884,20,20B
UK#ERR1440371#4,True,False,False,False,0.922,-10.124,20B,0.051463,20,20B
UK#ERR1439666#13,True,False,False,False,0.978,-9.675,6B,0.023009,12_44_46,6B
UK#ERR1439341#1,True,True,False,True,0.999,-11.643,UNKNOWN,0.51266,32,27
UK#ERR1439341#45,True,True,True,True,0.361,-6.395,UNKNOWN,1.0,32,27
UK#ERR1440035#1,True,True,False,True,0.947,-10.539,UNKNOWN,0.994746,Serogroup 24,12F
UK#ERR1440035#7,True,False,False,False,0.999,-11.93,12F,0.091397,Serogroup 24,12F
UK#ERR1438657#15,True,True,True,True,0.637,-6.891,UNKNOWN,1.0,35A_35C_42,7B
UK#ERR1438657#25,True,True,True,True,0.79,-8.149,UNKNOWN,1.0,19F,24A
UK#ERR1438947#2,True,False,False,False,1.0,-12.002,19A,0.003949,13,19A
UK#ERR1439755#13,True,False,False,False,0.999,-11.98,23F,0.009513,19F,23F
UK#ERR1440462#1,True,False,False,False,0.999,-11.473,23A,0.004256,19F,23A
UK#ERR1439909#1,True,False,False,False,1.0,-13.15,8,0.001863,32,8
UK#ERR1440555#15,True,False,False,False,0.998,-11.4,33F,0.366151,19F,33F
UK#ERR1440555#18,True,False,False,False,0.999,-11.991,33F,0.043481,19F,33F
UK#ERR1439074#3,True,True,False,True,0.981,-9.123,UNKNOWN,0.783403,35B_35D,15A
UK#ERR1439074#26,True,False,False,False,0.999,-11.234,15A,0.016954,35B_35D,15A
UK#ERR1439915#4,True,False,False,False,1.0,-13.054,8,0.00168,32,8
UK#ERR1439915#5,True,False,False,False,1.0,-12.574,8,0.006718,32,8
UK#ERR1440101#2,True,False,False,False,1.0,-13.529,3,0.048758,9,3
UK#ERR1440156#1,True,False,False,False,0.999,-11.814,15A,0.007481,35A_35C_42,15A
UK#ERR1439865#12,True,False,False,False,0.999,-11.707,7F,0.05578,Serogroup 24,7F
UK#ERR1439865#56,True,False,False,False,0.972,-10.784,7F,0.354502,35F,7F
UK#ERR1440216#5,True,False,False,False,0.983,-10.336,20B,0.102321,20,20B
UK#ERR1440216#22,True,False,False,False,0.955,-10.172,20B,0.227884,20,20B
UK#ERR1440457#2,True,False,False,False,0.994,-11.279,24F,0.455237,35A_35C_42,24F
UK#ERR1439781#10,True,False,False,False,0.999,-12.023,7F,0.087434,35F,7F
UK#ERR1439781#26,True,False,False,False,0.999,-11.738,7F,0.016156,35F,7F
UK#ERR1439966#2,True,True,False,True,0.846,-9.47,UNKNOWN,0.993897,12_44_46,11A
UK#ERR1439966#3,True,True,True,True,0.676,-7.648,UNKNOWN,0.999888,20,11A
UK#ERR1439503#1,True,False,False,False,1.0,-12.009,19A,0.003254,13,19A
UK#ERR1438837#1,True,True,False,True,0.947,-9.246,UNKNOWN,0.998047,19F,22F
UK#ERR1438837#4,True,False,False,False,0.999,-11.893,22F,0.0151,34,22F
UK#ERR1439157#8,True,False,False,False,1.0,-12.185,14,0.000279,28,14
UK#ERR1439157#31,True,False,False,False,1.0,-12.131,14,0.000207,28,14
UK#ERR1439287#8,True,True,True,True,0.552,-7.41,UNKNOWN,0.999912,12_44_46,19F
UK#ERR1439287#24,True,True,False,True,0.997,-10.845,UNKNOWN,0.54037,12_44_46,7C
UK#ERR1439524#13,True,True,False,True,0.97,-8.822,UNKNOWN,0.882999,20,19F
UK#ERR1439524#21,True,False,False,False,1.0,-11.665,19F,0.000524,20,19F
UK#ERR1439612#1,True,False,False,False,1.0,-11.976,23F,0.005032,19F,23F
UK#ERR1438955#7,True,True,True,True,0.602,-8.006,UNKNOWN,0.952347,35F,19A
UK#ERR1438955#24,True,False,False,False,1.0,-12.155,19A,0.00209,13,19A
UK#ERR1440542#1,True,False,False,False,0.999,-12.292,9N,0.020397,32,9N
UK#ERR1440014#20,True,False,False,False,1.0,-12.158,19A,0.002079,13,19A
UK#ERR1440014#34,True,True,True,True,0.488,-6.97,UNKNOWN,0.999915,Serogroup 24,19A
UK#ERR1440065#1,True,False,False,False,1.0,-13.154,8,0.001707,32,8
UK#ERR1439268#8,True,False,False,False,0.859,-9.829,15B,0.126247,Serogroup 24,15B
UK#ERR1439268#26,True,False,False,False,0.6,-9.572,15B,0.052835,19F,15B
UK#ERR1439908#1,True,True,False,True,0.97,-9.115,UNKNOWN,0.996406,10D,37
UK#ERR1438730#9,True,True,False,True,0.948,-8.643,UNKNOWN,0.997086,32,34
UK#ERR1438730#34,True,False,False,False,1.0,-12.033,34,0.00631,32,34
UK#ERR1440261#6,True,False,False,False,0.999,-12.261,9N,0.067335,32,9N
UK#ERR1440261#8,True,False,False,False,0.999,-12.19,9N,0.021678,32,9N
UK#ERR1440631#8,True,True,True,True,0.477,-7.07,UNKNOWN,1.0,35A_35C_42,23F
UK#ERR1440631#27,True,True,False,True,0.998,-11.561,UNKNOWN,0.86691,32,27
UK#ERR1440218#1,True,False,False,False,0.955,-10.172,20B,0.227884,20,20B
UK#ERR1440218#2,True,False,False,False,0.932,-10.203,20B,0.034793,20,20B
UK#ERR1440473#1,True,False,False,False,0.999,-12.084,35F,0.013397,12_44_46,35F
UK#ERR1438685#7,True,True,True,True,0.552,-7.41,UNKNOWN,0.999912,12_44_46,19F
UK#ERR1438685#56,True,True,False,True,0.997,-10.845,UNKNOWN,0.54037,12_44_46,7C
UK#ERR1439719#3,True,False,False,False,0.999,-12.114,4,0.010259,18,4
UK#ERR1439719#28,True,True,False,True,0.973,-9.47,UNKNOWN,0.961216,20,4
UK#ERR1439384#1,True,True,True,True,0.481,-6.44,UNKNOWN,0.999998,19B_19C,15A
UK#ERR1439384#8,True,False,False,False,0.999,-11.234,15A,0.016954,35B_35D,15A
UK#ERR1438789#5,True,False,False,False,0.998,-11.4,33F,0.366151,19F,33F
UK#ERR1438789#13,True,False,False,False,0.999,-11.962,33F,0.047989,19F,33F
UK#ERR1439026#11,True,False,False,False,1.0,-11.763,19F,0.000318,20,19F
UK#ERR1439026#34,True,True,False,True,0.985,-9.751,UNKNOWN,0.917892,35F,19F
UK#ERR1439780#1,True,False,False,False,0.999,-11.593,23B,0.049466,1,23B
UK#ERR1439780#32,True,False,False,False,0.998,-10.818,23B,0.093656,12_44_46,23B
UK#ERR1440348#14,True,False,False,False,0.999,-11.331,31,0.066386,20,31
UK#ERR1440348#16,True,False,False,False,0.999,-11.748,31,0.01614,20,31
UK#ERR1440566#18,True,False,False,False,1.0,-11.672,19F,0.0006,20,19F
UK#ERR1440566#45,True,True,True,True,0.498,-7.144,UNKNOWN,0.999988,12_44_46,6C
UK#ERR1439622#3,True,True,True,True,0.593,-7.909,UNKNOWN,0.999801,20,18C
UK#ERR1439622#14,True,True,False,True,0.95,-8.57,UNKNOWN,0.9858,48,11A
UK#ERR1439843#8,True,False,False,False,0.863,-9.913,6A,0.002496,12_44_46,6A
UK#ERR1439843#9,True,True,False,True,0.986,-9.19,UNKNOWN,0.807031,33B_33D,6A
UK#ERR1440449#1,True,True,False,True,0.951,-8.87,UNKNOWN,0.999997,25A_25F_38,18A
UK#ERR1440449#5,True,True,False,True,0.996,-10.774,UNKNOWN,0.891172,25A_25F_38,18A
UK#ERR1440021#1,True,False,False,False,0.999,-12.046,8,0.426819,32,8
UK#ERR1440021#4,True,False,False,False,1.0,-12.808,8,0.002976,32,8
UK#ERR1439813#2,True,False,False,False,0.994,-10.508,9V,0.082827,25A_25F_38,9V
UK#ERR1439813#24,True,True,True,True,0.498,-7.534,UNKNOWN,0.999157,25A_25F_38,9V
UK#ERR1440312#1,True,False,False,False,0.999,-11.62,4,0.121353,28,4
UK#ERR1440312#20,True,True,False,True,0.96,-9.133,UNKNOWN,0.982289,Serogroup 24,4
UK#ERR1439259#7,True,False,False,False,0.785,-9.57,15C,0.004823,19F,15C
UK#ERR1439259#8,True,False,False,False,0.524,-9.583,15B,0.032254,19F,15B
UK#ERR1439018#1,True,True,False,True,0.995,-10.145,UNKNOWN,0.681843,35F,19F
UK#ERR1439018#21,True,False,False,False,1.0,-11.602,19F,0.000496,20,19F
UK#ERR1439936#1,True,False,False,False,1.0,-13.215,8,0.001719,32,8
UK#ERR1438887#4,True,False,False,False,0.999,-11.766,7F,0.014102,35F,7F
UK#ERR1439950#1,True,False,False,False,0.737,-9.737,15B,0.027285,19F,15B
UK#ERR1439950#3,True,False,False,False,0.669,-9.351,15B,0.424122,Serogroup 24,15B
UK#ERR1440217#2,True,True,False,True,0.994,-10.805,UNKNOWN,0.699017,19F,17F
UK#ERR1440217#13,True,False,False,False,1.0,-12.349,17F,0.016302,19F,17F
UK#ERR1440278#1,True,False,False,False,1.0,-12.055,19A,0.002544,13,19A
UK#ERR1440278#40,True,True,True,True,0.447,-6.379,UNKNOWN,0.999999,Serogroup 24,6B
UK#ERR1439245#9,True,False,False,False,1.0,-12.002,19A,0.003949,13,19A
UK#ERR1439391#1,True,False,False,False,0.999,-11.776,4,0.174247,18,4
UK#ERR1439391#24,True,False,False,False,1.0,-12.179,4,0.004487,18,4
UK#ERR1440455#24,True,False,False,False,0.999,-11.5,10A,0.024952,20,10A
UK#ERR1440455#27,True,False,False,False,0.997,-10.679,10A,0.48209,20,10A
UK#ERR1438697#1,True,True,True,True,0.325,-7.656,UNKNOWN,1.0,12_44_46,35F
UK#ERR1438697#35,True,False,False,False,0.996,-10.735,19A,0.233861,35F,19A
UK#ERR1439998#11,True,True,False,True,0.969,-10.549,UNKNOWN,0.524194,39,35B
UK#ERR1439998#30,True,True,False,True,0.971,-10.101,UNKNOWN,0.846111,Serogroup 24,35B
UK#ERR1438773#1,True,False,False,False,0.999,-12.035,23B,0.004697,1,23B
UK#ERR1440638#2,True,True,False,True,0.939,-10.388,UNKNOWN,0.97921,19F,18C
UK#ERR1440638#23,True,True,False,True,0.927,-9.953,UNKNOWN,0.973104,35B_35D,18C
UK#ERR1440558#2,True,False,False,False,0.999,-11.669,10A,0.010841,33B_33D,10A
UK#ERR1440558#9,True,False,False,False,0.999,-11.515,10A,0.060039,20,10A
UK#ERR1439496#1,True,False,False,False,1.0,-13.215,8,0.001719,32,8
UK#ERR1440339#1,True,False,False,False,0.999,-11.362,21,0.02525,20,21
UK#ERR1440339#28,True,False,False,False,0.996,-10.465,21,0.475496,35B_35D,21
UK#ERR1438742#23,True,False,False,False,0.995,-10.945,6C,0.427771,15B/C,6C
UK#ERR1438742#45,True,True,False,True,0.982,-9.691,UNKNOWN,0.963232,20,6C
UK#ERR1439350#10,True,False,False,False,1.0,-12.956,3,0.062376,28,3
UK#ERR1440090#2,True,False,False,False,0.999,-11.593,23B,0.049466,1,23B
UK#ERR1440090#41,True,False,False,False,0.998,-10.917,23B,0.090443,12_44_46,23B
UK#ERR1439051#1,True,False,False,False,1.0,-11.654,19F,0.000273,20,19F
UK#ERR1439051#3,True,False,False,False,0.998,-10.842,19F,0.144091,35F,19F
UK#ERR1439254#1,True,False,False,False,0.999,-11.846,4,0.132725,20,4
UK#ERR1439254#22,True,False,False,False,0.999,-11.827,4,0.074333,19B_19C,4
UK#ERR1439963#1,True,True,True,True,0.264,-6.291,UNKNOWN,1.0,Serogroup 24,13
UK#ERR1439963#11,True,True,True,True,0.24,-6.561,UNKNOWN,1.0,19F,24A
UK#ERR1440331#1,True,False,False,False,0.999,-11.505,21,0.006873,6E,21
UK#ERR1440331#25,True,False,False,False,0.996,-10.465,21,0.475496,35B_35D,21
UK#ERR1438950#2,True,False,False,False,1.0,-12.017,19A,0.003602,13,19A
UK#ERR1438727#43,True,True,False,True,0.977,-9.094,UNKNOWN,0.999997,20,31
UK#ERR1438727#56,True,False,False,False,0.999,-11.331,31,0.066386,20,31
UK#ERR1439186#8,True,True,False,True,0.987,-9.186,UNKNOWN,0.917639,12_44_46,6A
UK#ERR1439186#31,True,False,False,False,0.9,-10.008,6A,0.001813,12_44_46,6A
UK#ERR1439232#1,True,True,False,True,0.981,-9.123,UNKNOWN,0.783403,35B_35D,15A
UK#ERR1439232#8,True,False,False,False,0.999,-11.234,15A,0.016954,35B_35D,15A
UK#ERR1438647#3,True,True,False,True,0.992,-10.859,UNKNOWN,0.77609,19F,17F
UK#ERR1438647#10,True,True,False,True,0.997,-10.955,UNKNOWN,0.635037,19F,17F
UK#ERR1440324#3,True,False,False,False,0.922,-10.258,38,0.065231,39,38
UK#ERR1440324#21,True,False,False,False,0.985,-10.802,38,0.156288,12_44_46,38
UK#ERR1439900#1,True,False,False,False,1.0,-13.215,8,0.001719,32,8
UK#ERR1438772#1,True,True,True,True,0.518,-6.167,UNKNOWN,1.0,18,25F
UK#ERR1438786#1,True,False,False,False,0.999,-12.035,23B,0.004697,1,23B
UK#ERR1438814#21,True,True,False,True,0.932,-10.049,UNKNOWN,0.931335,19B_19C,35B
UK#ERR1438814#23,True,True,False,True,0.958,-9.41,UNKNOWN,0.989472,39,35B
UK#ERR1439617#2,True,False,False,False,0.999,-11.964,19A,0.004614,13,19A
UK#ERR1440302#3,True,False,False,False,1.0,-12.788,22F,0.000729,34,22F
UK#ERR1440302#7,True,False,False,False,1.0,-12.44,22F,0.001669,Serogroup 24,22F
UK#ERR1440296#1,True,False,False,False,1.0,-13.529,3,0.048758,9,3
UK#ERR1438899#2,True,False,False,False,1.0,-12.44,22F,0.001669,Serogroup 24,22F
UK#ERR1438899#3,True,False,False,False,1.0,-12.788,22F,0.000729,34,22F
UK#ERR1439076#21,True,True,True,True,0.895,-7.496,UNKNOWN,0.999928,32,23A
UK#ERR1440479#1,True,False,False,False,0.999,-11.817,33F,0.053042,19F,33F
UK#ERR1440115#2,True,True,True,True,0.916,-8.018,UNKNOWN,0.999969,35F,9N
UK#ERR1440115#7,True,True,True,True,0.81,-7.118,UNKNOWN,0.92906,10D,19F
UK#ERR1439683#4,True,False,False,False,0.997,-10.846,16F,0.46558,12_44_46,16F
UK#ERR1439683#11,True,False,False,False,0.998,-11.406,16F,0.325157,39,16F
UK#ERR1440671#1,True,False,False,False,0.999,-11.643,23B,0.0427,1,23B
UK#ERR1440671#38,True,False,False,False,0.998,-10.818,23B,0.093656,12_44_46,23B
UK#ERR1439059#1,False,True,True,True,0.259,-5.536,UNKNOWN,0.99999,35F,19A
UK#ERR1438644#15,True,False,False,False,1.0,-12.311,17F,0.019637,19F,17F
UK#ERR1438644#20,True,True,False,True,0.992,-10.859,UNKNOWN,0.77609,19F,17F
UK#ERR1440442#17,True,False,False,False,0.879,-10.075,38,0.022865,39,38
UK#ERR1440442#25,True,False,False,False,0.877,-9.828,38,0.064862,39,38
UK#ERR1439463#11,True,False,False,False,0.999,-11.978,23F,0.011318,35A_35C_42,23F
UK#ERR1439209#2,True,False,False,False,0.999,-11.96,19A,0.004883,13,19A
UK#ERR1439691#1,True,False,False,False,1.0,-11.972,23F,0.004193,19F,23F
UK#ERR1439903#1,True,True,False,True,0.957,-9.415,UNKNOWN,0.997556,19F,22F
UK#ERR1439903#4,True,False,False,False,0.999,-11.793,22F,0.021088,34,22F
UK#ERR1439748#1,True,False,False,False,0.918,-9.374,6B,0.349778,12_44_46,6B
UK#ERR1439282#74,True,True,True,True,0.415,-6.064,UNKNOWN,1.0,32,14
UK#ERR1439814#5,True,False,False,False,0.998,-11.239,4,0.430794,20,4
UK#ERR1439814#20,True,False,False,False,0.999,-11.694,4,0.126224,18,4
UK#ERR1439366#1,True,False,False,False,0.995,-10.187,34,0.491325,12_44_46,34
UK#ERR1439733#11,True,True,False,True,0.97,-9.115,UNKNOWN,0.996406,10D,37
UK#ERR1440383#8,True,True,False,True,0.935,-8.53,UNKNOWN,0.96711,20,19F
UK#ERR1440383#9,True,False,False,False,0.997,-10.699,21,0.227887,6E,21
UK#ERR1439089#11,True,False,False,False,0.999,-11.971,19A,0.004848,13,19A
UK#ERR1438765#1,True,True,False,True,0.969,-9.394,UNKNOWN,0.999333,35A_35C_42,7B
UK#ERR1438677#14,True,True,False,True,0.949,-8.358,UNKNOWN,0.990687,15,19F
UK#ERR1438677#28,True,False,False,False,1.0,-11.671,19F,0.000441,20,19F
UK#ERR1438771#1,True,False,False,False,0.998,-11.112,23B,0.182655,1,23B
UK#ERR1438771#39,True,False,False,False,0.998,-10.917,23B,0.090443,12_44_46,23B
UK#ERR1439397#1,True,True,False,True,0.965,-10.679,UNKNOWN,0.703299,12_44_46,11A
UK#ERR1439594#4,True,False,False,False,0.999,-11.962,33F,0.047989,19F,33F
UK#ERR1439594#14,True,False,False,False,0.998,-11.4,33F,0.366151,19F,33F
UK#ERR1438713#2,True,False,False,False,1.0,-11.977,23F,0.005095,19F,23F
UK#ERR1439307#4,True,False,False,False,0.979,-10.733,35B,0.370004,Serogroup 24,35B
UK#ERR1439307#8,True,True,False,True,0.947,-9.108,UNKNOWN,0.993859,39,35B
UK#ERR1439035#1,True,True,True,True,0.511,-7.72,UNKNOWN,1.0,35B_35D,21
UK#ERR1439035#22,True,True,False,True,0.995,-10.369,UNKNOWN,0.506172,35B_35D,21
UK#ERR1439619#2,True,False,False,False,1.0,-11.938,23F,0.003516,35A_35C_42,23F
UK#ERR1439085#2,True,False,False,False,0.995,-10.187,34,0.491325,12_44_46,34
UK#ERR1438675#3,True,False,False,False,0.999,-11.911,15A,0.007126,35A_35C_42,15A
UK#ERR1438675#4,True,False,False,False,0.999,-11.234,15A,0.016954,35B_35D,15A
UK#ERR1438994#1,True,True,False,True,0.997,-11.369,UNKNOWN,0.879546,12_44_46,29
UK#ERR1439137#1,True,True,False,True,0.993,-11.205,UNKNOWN,0.584055,41F,24F
UK#ERR1439137#24,True,False,False,False,0.997,-10.575,19F,0.34732,20,19F
UK#ERR1439370#7,True,False,False,False,0.859,-9.829,15B,0.126247,Serogroup 24,15B
UK#ERR1439370#28,True,True,False,True,0.605,-9.155,UNKNOWN,0.761816,19F,15B
UK#ERR1438973#4,True,False,False,False,1.0,-11.966,19A,0.003725,13,19A
UK#ERR1440621#8,True,True,True,True,0.552,-7.41,UNKNOWN,0.999912,12_44_46,19F
UK#ERR1440621#20,True,True,False,True,0.997,-10.845,UNKNOWN,0.54037,12_44_46,7C
UK#ERR1439464#2,True,False,False,False,0.998,-11.255,9N,0.284674,20,9N
UK#ERR1439464#10,True,False,False,False,1.0,-12.021,23F,0.003739,35A_35C_42,23F
UK#ERR1438654#1,True,False,False,False,0.999,-11.593,23B,0.049466,1,23B
UK#ERR1438654#32,True,False,False,False,0.998,-10.917,23B,0.090443,12_44_46,23B
UK#ERR1440336#5,True,True,True,True,0.302,-5.926,UNKNOWN,0.999999,19F,8
UK#ERR1440336#6,True,True,False,True,0.995,-10.753,UNKNOWN,0.897643,25A_25F_38,18A
UK#ERR1439598#1,True,True,False,True,0.998,-11.21,UNKNOWN,0.89664,32,27
UK#ERR1439969#2,True,False,False,False,0.998,-11.31,16F,0.125942,39,16F
UK#ERR1439969#6,True,True,False,True,0.983,-9.764,UNKNOWN,0.72642,34,16F
UK#ERR1439421#1,True,False,False,False,0.999,-11.817,15A,0.007469,35A_35C_42,15A
UK#ERR1438774#37,True,True,True,True,0.387,-6.753,UNKNOWN,1.0,25A_25F_38,16F
UK#ERR1438774#45,True,True,False,True,0.993,-9.921,UNKNOWN,0.999968,32,2
UK#ERR1439355#1,True,False,False,False,0.999,-12.031,23B,0.004678,1,23B
UK#ERR1439868#1,True,True,False,True,0.932,-10.071,UNKNOWN,0.923021,19B_19C,35B
UK#ERR1439868#5,True,True,False,True,0.983,-10.019,UNKNOWN,0.979324,19B_19C,35B
UK#ERR1439010#2,False,True,True,True,0.259,-5.536,UNKNOWN,0.99999,35F,19A
UK#ERR1440259#3,True,False,False,False,1.0,-12.496,22F,0.000789,Serogroup 24,22F
UK#ERR1440259#5,True,False,False,False,1.0,-12.788,22F,0.000729,34,22F
UK#ERR1440199#5,True,False,False,False,1.0,-13.213,8,0.001749,32,8
UK#ERR1439103#1,True,True,False,True,0.981,-9.123,UNKNOWN,0.783403,35B_35D,15A
UK#ERR1439103#8,True,False,False,False,0.999,-11.234,15A,0.016954,35B_35D,15A
UK#ERR1439923#2,True,True,False,True,0.997,-10.723,UNKNOWN,0.54723,25A_25F_38,33F
UK#ERR1439923#20,True,True,False,True,0.996,-11.167,UNKNOWN,0.503926,19F,33F
UK#ERR1440624#2,True,False,False,False,0.884,-9.967,6A,0.001997,12_44_46,6A
UK#ERR1440624#6,True,True,False,True,0.986,-9.19,UNKNOWN,0.807031,33B_33D,6A
UK#ERR1438794#1,True,True,False,True,0.946,-8.808,UNKNOWN,1.0,10D,33C
UK#ERR1438937#1,True,False,False,False,1.0,-11.962,19A,0.003809,13,19A
UK#ERR1440514#10,True,False,False,False,0.998,-11.406,16F,0.325157,39,16F
UK#ERR1440514#26,True,True,False,True,0.994,-10.094,UNKNOWN,0.770692,39,16F
UK#ERR1439957#4,True,False,False,False,0.999,-11.119,15A,0.03031,35B_35D,15A
UK#ERR1439957#14,True,False,False,False,0.999,-11.586,15A,0.076332,35B_35D,15A
UK#ERR1438882#10,True,False,False,False,0.999,-12.023,7F,0.084218,Serogroup 24,7F
UK#ERR1438882#24,True,False,False,False,0.999,-11.738,7F,0.016156,35F,7F
UK#ERR1440074#5,True,False,False,False,0.999,-12.064,35F,0.013857,12_44_46,35F
UK#ERR1440197#16,True,True,False,True,0.946,-8.267,UNKNOWN,0.99245,6E,21
UK#ERR1440197#27,True,False,False,False,0.996,-10.465,21,0.475496,35B_35D,21
UK#ERR1438715#2,True,True,False,True,0.977,-10.795,UNKNOWN,0.980606,39,12F
UK#ERR1438715#5,True,True,False,True,0.935,-10.406,UNKNOWN,0.959191,Serogroup 24,12F
UK#ERR1438638#4,True,True,True,True,0.654,-7.996,UNKNOWN,0.99323,Serogroup 24,19A
UK#ERR1438638#11,True,False,False,False,0.999,-11.479,19A,0.023967,13,19A
UK#ERR1439193#1,True,False,False,False,0.999,-11.809,15A,0.007715,35A_35C_42,15A
UK#ERR1439762#2,True,False,False,False,0.998,-10.345,6A,0.036196,20,6A
UK#ERR1439762#17,True,False,False,False,0.986,-10.162,6A,0.005441,35A_35C_42,6A
UK#ERR1440304#10,True,False,False,False,0.999,-11.861,7F,0.040362,Serogroup 24,7F
UK#ERR1440304#27,True,False,False,False,0.999,-11.738,7F,0.016156,35F,7F
UK#ERR1440620#2,True,True,False,True,0.816,-8.312,UNKNOWN,0.981172,12_44_46,6A
UK#ERR1440620#22,True,True,True,True,0.771,-6.89,UNKNOWN,1.0,35A_35C_42,15A
UK#ERR1440359#1,True,False,False,False,1.0,-11.966,19A,0.003724,13,19A
UK#ERR1440659#1,True,True,False,True,0.981,-9.013,UNKNOWN,0.886144,35B_35D,15A
UK#ERR1440659#27,True,False,False,False,0.997,-10.46,15A,0.069354,35B_35D,15A
UK#ERR1439964#1,True,True,False,True,0.938,-8.186,UNKNOWN,0.993803,16F,19A
UK#ERR1439964#30,True,False,False,False,0.998,-11.01,19A,0.142245,32,19A
UK#ERR1439476#6,True,True,False,True,0.986,-11.069,UNKNOWN,0.964706,39,12F
UK#ERR1439476#7,True,True,False,True,0.962,-10.647,UNKNOWN,0.969398,Serogroup 24,12F
UK#ERR1439131#1,True,False,False,False,0.999,-11.891,15A,0.006774,35A_35C_42,15A
UK#ERR1439131#22,True,False,False,False,0.999,-11.208,15A,0.011058,35B_35D,15A
UK#ERR1440252#2,True,True,False,True,0.99,-10.252,UNKNOWN,0.539347,39,14
UK#ERR1440252#24,True,False,False,False,0.999,-11.496,14,0.007322,28,14
UK#ERR1440232#10,True,False,False,False,0.999,-11.502,7F,0.174888,Serogroup 24,7F
UK#ERR1440232#26,True,False,False,False,0.999,-11.811,7F,0.011966,35F,7F
UK#ERR1439025#4,True,True,False,True,0.993,-9.966,UNKNOWN,0.719848,32,15A
UK#ERR1439025#30,True,True,False,True,0.96,-8.906,UNKNOWN,0.98375,Serogroup 24,15A
UK#ERR1439779#1,True,False,False,False,1.0,-12.416,16F,0.000709,39,16F
UK#ERR1439779#2,True,False,False,False,0.998,-11.406,16F,0.325157,39,16F
UK#ERR1439087#7,True,False,False,False,0.918,-9.374,6B,0.349778,12_44_46,6B
UK#ERR1440161#2,False,True,True,True,0.719,-6.155,UNKNOWN,0.999981,35F,19A
UK#ERR1440161#3,True,False,False,False,0.989,-11.1,33F,0.296168,19F,33F
UK#ERR1438790#38,True,True,False,True,0.984,-10.081,UNKNOWN,0.976628,19B_19C,35B
UK#ERR1438790#78,True,True,False,True,0.932,-10.056,UNKNOWN,0.929955,19B_19C,35B
UK#ERR1440630#1,True,False,False,False,0.999,-11.807,15A,0.007805,35A_35C_42,15A
UK#ERR1439615#1,False,True,True,True,0.47,-6.845,UNKNOWN,0.999998,39,38
UK#ERR1439146#4,True,False,False,False,0.997,-10.67,15A,0.147597,19F,15A
UK#ERR1439146#11,True,False,False,False,0.996,-10.309,15A,0.22062,19B_19C,15A
UK#ERR1439033#1,True,False,False,False,1.0,-12.005,19A,0.00333,13,19A
UK#ERR1440446#2,True,False,False,False,0.998,-11.4,33F,0.366151,19F,33F
UK#ERR1440446#16,True,False,False,False,0.999,-12.042,33F,0.028883,19F,33F
UK#ERR1440223#1,True,False,False,False,1.0,-11.958,23F,0.004078,19F,23F
UK#ERR1438982#3,True,True,True,True,0.468,-7.718,UNKNOWN,0.923583,35F,19F
UK#ERR1438982#20,True,False,False,False,1.0,-12.155,19A,0.00209,13,19A
UK#ERR1438718#5,True,False,False,False,1.0,-12.424,22F,0.00133,Serogroup 24,22F
UK#ERR1438718#13,True,False,False,False,0.999,-11.508,22F,0.025639,35B_35D,22F
UK#ERR1439439#3,True,True,False,True,0.665,-8.369,UNKNOWN,0.99992,19F,15A
UK#ERR1439439#4,True,False,False,False,0.627,-9.49,15B,0.075225,19F,15B
UK#ERR1439536#17,True,False,False,False,0.999,-11.786,5,0.149442,35B_35D,5
UK#ERR1439536#20,True,False,False,False,1.0,-12.285,5,0.010955,20,5
UK#ERR1439516#2,True,False,False,False,1.0,-11.758,19F,0.000314,20,19F
UK#ERR1439516#10,True,False,False,False,0.998,-10.718,19F,0.156121,35F,19F
UK#ERR1438631#10,True,True,False,True,0.992,-10.859,UNKNOWN,0.77609,19F,17F
UK#ERR1438631#14,True,True,False,True,0.997,-11.015,UNKNOWN,0.704037,19F,17F
UK#ERR1439574#1,True,False,False,False,1.0,-12.174,14,0.0002,28,14
UK#ERR1439574#22,True,False,False,False,1.0,-11.876,14,0.001763,28,14
UK#ERR1439491#19,True,False,False,False,0.999,-12.266,9N,0.022052,32,9N
UK#ERR1439448#1,True,False,False,False,0.918,-9.371,6B,0.347823,12_44_46,6B
UK#ERR1440332#1,True,False,False,False,0.683,-9.642,6A,0.001819,12_44_46,6A
UK#ERR1439015#1,False,True,True,True,0.259,-5.536,UNKNOWN,0.99999,35F,19A
UK#ERR1438913#1,True,False,False,False,1.0,-13.529,3,0.048758,9,3
UK#ERR1440437#13,True,False,False,False,0.999,-12.023,7F,0.087434,35F,7F
UK#ERR1440437#50,True,False,False,False,0.972,-10.784,7F,0.354502,35F,7F
UK#ERR1438817#2,True,False,False,False,0.995,-10.188,9V,0.483716,25A_25F_38,9V
UK#ERR1438817#23,True,True,False,True,0.725,-8.42,UNKNOWN,0.994897,39,9V
UK#ERR1439899#2,True,False,False,False,0.922,-10.258,38,0.065231,39,38
UK#ERR1439899#23,True,False,False,False,0.987,-10.86,38,0.078959,12_44_46,38
UK#ERR1440307#1,True,False,False,False,0.999,-11.787,34,0.032082,32,34
UK#ERR1438614#2,True,False,False,False,0.999,-11.685,33F,0.071843,19F,33F
UK#ERR1439629#19,True,True,False,True,0.893,-9.383,UNKNOWN,0.987514,10D,33F
UK#ERR1439629#39,True,True,False,True,0.945,-8.785,UNKNOWN,0.999838,15B/C,33F
UK#ERR1439097#2,True,False,False,False,0.999,-11.911,15A,0.007126,35A_35C_42,15A
UK#ERR1439097#19,True,False,False,False,0.999,-11.234,15A,0.016954,35B_35D,15A
UK#ERR1439265#23,True,True,True,True,0.784,-7.95,UNKNOWN,0.999779,25A_25F_38,9V
UK#ERR1439265#48,True,True,False,True,0.965,-8.888,UNKNOWN,0.971583,25A_25F_38,9V
UK#ERR1439389#3,True,False,False,False,0.926,-9.42,6B,0.442206,12_44_46,6B
UK#ERR1440125#1,True,False,False,False,0.869,-9.946,23B,0.00847,28,23B
UK#ERR1439340#1,True,False,False,False,0.999,-11.971,19A,0.004848,13,19A
UK#ERR1440342#1,True,True,True,True,0.479,-5.963,UNKNOWN,0.999999,Serogroup 24,14
UK#ERR1440342#3,True,False,False,False,0.925,-10.27,38,0.069466,39,38
UK#ERR1439377#21,True,True,False,True,0.942,-8.37,UNKNOWN,0.997537,20,5
UK#ERR1439377#26,True,False,False,False,1.0,-12.285,5,0.010955,20,5
UK#ERR1439875#2,True,False,False,False,0.931,-10.202,20B,0.035058,20,20B
UK#ERR1439875#19,True,False,False,False,0.955,-10.172,20B,0.227884,20,20B
UK#ERR1439044#24,True,False,False,False,0.999,-11.234,15A,0.016954,35B_35D,15A
UK#ERR1439044#31,True,False,False,False,0.999,-11.886,15A,0.007439,35A_35C_42,15A
UK#ERR1439658#1,True,False,False,False,1.0,-12.12,14,0.000271,28,14
UK#ERR1439658#6,True,False,False,False,0.997,-10.427,14,0.203946,28,14
UK#ERR1439063#22,True,False,False,False,0.999,-11.91,15A,0.007337,35A_35C_42,15A
UK#ERR1439063#36,True,False,False,False,0.998,-10.738,15A,0.055414,19B_19C,15A
UK#ERR1439260#1,True,False,False,False,0.999,-11.899,15A,0.006696,35A_35C_42,15A
UK#ERR1439260#7,True,False,False,False,0.999,-11.234,15A,0.016954,35B_35D,15A
UK#ERR1439450#5,True,False,False,False,0.994,-10.508,9V,0.082827,25A_25F_38,9V
UK#ERR1439450#15,True,True,True,True,0.752,-7.615,UNKNOWN,0.999433,32,8
UK#ERR1440495#1,True,False,False,False,0.999,-11.473,23A,0.004256,19F,23A
UK#ERR1439710#3,True,True,False,True,0.995,-10.174,UNKNOWN,0.509998,25A_25F_38,9V
UK#ERR1439710#21,True,True,True,True,0.498,-7.534,UNKNOWN,0.999157,25A_25F_38,9V
UK#ERR1439586#2,True,True,False,True,0.977,-10.795,UNKNOWN,0.980606,39,12F
UK#ERR1439586#7,True,True,False,True,0.941,-10.505,UNKNOWN,0.945017,Serogroup 24,12F
UK#ERR1438743#6,True,False,False,False,0.997,-10.846,16F,0.46558,12_44_46,16F
UK#ERR1438743#9,True,False,False,False,0.998,-11.406,16F,0.325157,39,16F
UK#ERR1439263#5,True,False,False,False,0.994,-11.273,24F,0.466618,35A_35C_42,24F
UK#ERR1438791#1,True,False,False,False,1.0,-13.529,3,0.048758,9,3
UK#ERR1440673#42,True,True,True,True,0.685,-6.77,UNKNOWN,0.999907,48,6C
UK#ERR1440673#51,True,True,False,True,0.985,-9.883,UNKNOWN,0.953404,15B/C,6C
UK#ERR1440584#10,True,True,False,True,0.91,-8.806,UNKNOWN,0.996108,33A_33F_37,19F
UK#ERR1440584#23,True,True,False,True,0.993,-11.216,UNKNOWN,0.57305,41F,24F
UK#ERR1439234#1,True,False,False,False,1.0,-12.002,19A,0.003949,13,19A
UK#ERR1438881#1,True,False,False,False,0.999,-11.551,22F,0.033062,34,22F
UK#ERR1438881#3,True,False,False,False,1.0,-12.788,22F,0.000729,34,22F
UK#ERR1439213#2,True,False,False,False,0.672,-9.682,6A,0.002194,12_44_46,6A
UK#ERR1439581#6,True,True,True,True,0.544,-6.185,UNKNOWN,0.999999,21,6B
UK#ERR1439581#23,True,True,True,True,0.75,-7.853,UNKNOWN,1.0,15B/C,4
UK#ERR1440157#1,True,False,False,False,0.998,-10.9,6C,0.307385,35B_35D,6C
UK#ERR1440157#8,True,False,False,False,0.997,-11.259,6C,0.223277,15B/C,6C
UK#ERR1440541#7,True,True,False,True,0.967,-10.463,UNKNOWN,0.699629,12_44_46,11A
UK#ERR1440541#23,True,True,False,True,0.977,-9.217,UNKNOWN,0.926397,12_44_46,11A
UK#ERR1438747#14,True,True,True,True,0.437,-6.357,UNKNOWN,1.0,48,13
UK#ERR1438747#26,True,True,False,True,0.996,-10.835,UNKNOWN,0.791941,10D,33B
UK#ERR1439062#1,True,False,False,False,0.999,-11.813,15A,0.007493,35A_35C_42,15A
UK#ERR1438956#3,True,False,False,False,1.0,-12.188,19A,0.00168,13,19A
UK#ERR1438956#50,True,True,False,True,0.948,-8.779,UNKNOWN,0.981532,13,19A
UK#ERR1440503#6,True,True,False,True,0.996,-10.774,UNKNOWN,0.891172,25A_25F_38,18A
UK#ERR1440503#16,True,True,False,True,0.951,-8.87,UNKNOWN,0.999997,25A_25F_38,18A
UK#ERR1440083#1,True,False,False,False,1.0,-13.156,8,0.001836,32,8
UK#ERR1439330#3,False,True,True,True,0.36,-6.476,UNKNOWN,0.999999,39,23B
UK#ERR1440140#1,True,False,False,False,1.0,-12.5,16F,0.001685,39,16F
UK#ERR1440136#2,True,True,False,True,0.997,-10.723,UNKNOWN,0.54723,25A_25F_38,33F
UK#ERR1440136#18,True,False,False,False,0.996,-11.18,33F,0.476496,19F,33F
UK#ERR1439487#10,True,False,False,False,0.999,-12.023,7F,0.087434,35F,7F
UK#ERR1439487#54,True,True,False,True,0.757,-9.106,UNKNOWN,0.62812,32,7F
UK#ERR1440669#2,True,False,False,False,0.999,-11.626,23B,0.042785,1,23B
UK#ERR1440669#36,True,False,False,False,0.998,-10.966,23B,0.045356,12_44_46,23B
UK#ERR1439750#1,True,True,False,True,0.997,-11.242,UNKNOWN,0.825284,28,35A
UK#ERR1438784#1,True,False,False,False,0.999,-12.035,23B,0.004674,1,23B
UK#ERR1440617#6,True,False,False,False,0.998,-10.891,34,0.140788,12_44_46,34
UK#ERR1439774#15,True,False,False,False,0.978,-9.675,6B,0.023009,12_44_46,6B
UK#ERR1439864#1,True,True,False,True,0.924,-9.085,UNKNOWN,0.994942,12_44_46,16F
UK#ERR1439864#12,True,False,False,False,1.0,-12.416,16F,0.000709,39,16F
UK#ERR1439698#9,True,False,False,False,1.0,-12.183,14,0.00028,28,14
UK#ERR1439698#33,True,False,False,False,0.999,-11.681,14,0.002249,28,14
UK#ERR1439258#1,True,True,False,True,0.978,-8.933,UNKNOWN,0.901934,19B_19C,15A
UK#ERR1439258#22,True,False,False,False,0.999,-11.234,15A,0.016954,35B_35D,15A
UK#ERR1440386#27,True,True,False,True,0.987,-9.463,UNKNOWN,0.76948,21,9V
UK#ERR1440386#45,True,False,False,False,0.991,-9.988,9V,0.445884,25A_25F_38,9V
UK#ERR1439816#13,True,False,False,False,0.999,-11.834,4,0.03311,20,4
UK#ERR1439816#14,True,False,False,False,0.999,-11.519,4,0.235934,20,4
UK#ERR1439672#5,True,False,False,False,0.999,-11.786,19A,0.006722,13,19A
UK#ERR1439672#31,True,True,False,True,0.745,-8.341,UNKNOWN,0.897389,13,19A
UK#ERR1439473#2,True,False,False,False,1.0,-12.424,22F,0.00133,Serogroup 24,22F
UK#ERR1439473#7,True,False,False,False,0.998,-11.247,22F,0.106007,34,22F
UK#ERR1440009#15,True,True,False,True,0.665,-8.369,UNKNOWN,0.99992,19F,15A
UK#ERR1440009#41,True,False,False,False,0.996,-10.368,15A,0.378201,35B_35D,15A
UK#ERR1440184#2,True,False,False,False,1.0,-12.424,22F,0.00133,Serogroup 24,22F
UK#ERR1440184#15,True,False,False,False,0.998,-11.247,22F,0.106007,34,22F
UK#ERR1439500#13,True,False,False,False,0.999,-11.508,22F,0.025639,35B_35D,22F
UK#ERR1439500#44,True,False,False,False,1.0,-12.456,22F,0.001138,Serogroup 24,22F
UK#ERR1439400#7,True,False,False,False,0.999,-11.464,15A,0.025315,35A_35C_42,15A
UK#ERR1440629#17,True,True,False,True,0.991,-10.373,UNKNOWN,0.960847,35B_35D,18C
UK#ERR1440629#18,True,True,False,True,0.91,-10.011,UNKNOWN,0.976458,35B_35D,18C
UK#ERR1440461#2,True,True,False,True,0.996,-10.574,UNKNOWN,0.61566,15B/C,33F
UK#ERR1440461#19,True,True,False,True,0.996,-11.111,UNKNOWN,0.565162,10D,33F
UK#ERR1439413#3,True,True,False,True,0.932,-10.058,UNKNOWN,0.929526,19B_19C,35B
UK#ERR1439413#5,True,True,False,True,0.966,-10.116,UNKNOWN,0.812136,Serogroup 24,35B
UK#ERR1439563#1,False,True,True,True,0.221,-5.532,UNKNOWN,0.999992,39,19A
UK#ERR1440338#1,True,True,False,True,0.986,-9.606,UNKNOWN,0.970364,28,34
UK#ERR1440338#3,True,False,False,False,1.0,-12.15,34,0.005627,32,34
UK#ERR1439547#3,True,True,False,True,0.551,-8.891,UNKNOWN,0.999861,35A_35C_42,24A
UK#ERR1439547#22,True,True,True,True,0.407,-6.729,UNKNOWN,1.0,Serogroup 24,24F
UK#ERR1439371#1,True,False,False,False,1.0,-11.599,19F,0.000506,20,19F
UK#ERR1439190#13,True,False,False,False,0.999,-11.911,15A,0.006936,35A_35C_42,15A
UK#ERR1439190#23,True,False,False,False,0.997,-10.517,15A,0.494985,35B_35D,15A
UK#ERR1438659#6,True,False,False,False,0.922,-10.258,38,0.065231,39,38
UK#ERR1438659#23,True,False,False,False,0.984,-10.83,38,0.080291,12_44_46,38
UK#ERR1439824#1,True,False,False,False,0.999,-11.989,23F,0.009376,35A_35C_42,23F
UK#ERR1439458#20,True,True,False,True,0.869,-9.298,UNKNOWN,0.99181,19B_19C,35B
UK#ERR1439458#25,True,True,False,True,0.939,-8.585,UNKNOWN,0.987338,Serogroup 24,35B
UK#ERR1439406#4,True,False,False,False,1.0,-12.576,8,0.006438,32,8
UK#ERR1439406#5,True,False,False,False,1.0,-13.047,8,0.00174,32,8
UK#ERR1439905#1,True,False,False,False,1.0,-13.529,3,0.048758,9,3
UK#ERR1439754#3,True,False,False,False,0.999,-11.881,1,0.16504,35B_35D,1
UK#ERR1439754#59,True,True,False,True,0.999,-12.156,UNKNOWN,0.540215,18,1
UK#ERR1438948#26,True,False,False,False,0.995,-10.153,19A,0.237766,35A_35C_42,19A
UK#ERR1438948#55,True,True,False,True,0.972,-9.002,UNKNOWN,0.992943,32,19A
UK#ERR1440097#10,True,False,False,False,0.999,-11.648,7F,0.047548,Serogroup 24,7F
UK#ERR1440097#23,True,False,False,False,0.999,-11.738,7F,0.016157,35F,7F
UK#ERR1439603#1,True,True,False,True,0.938,-8.599,UNKNOWN,0.990252,12_44_46,6B
UK#ERR1439603#13,True,True,False,True,0.968,-8.528,UNKNOWN,0.939211,19F,19F
UK#ERR1439592#1,True,False,False,False,0.991,-11.257,24F,0.43727,41F,24F
UK#ERR1439592#8,True,False,False,False,0.997,-10.575,19F,0.34732,20,19F
UK#ERR1438615#2,True,False,False,False,0.994,-11.273,24F,0.466625,35A_35C_42,24F
UK#ERR1439111#5,True,False,False,False,0.756,-9.593,15C,0.004909,19F,15C
UK#ERR1438687#1,True,True,True,True,0.75,-6.893,UNKNOWN,1.0,35A_35C_42,9N
UK#ERR1438687#27,True,False,False,False,0.999,-11.776,9N,0.137747,20,9N
UK#ERR1440369#1,True,True,False,True,0.998,-11.219,UNKNOWN,0.564661,41F,10F
UK#ERR1440369#4,True,False,False,False,0.998,-11.197,10F,0.293848,25A_25F_38,10F
UK#ERR1439701#6,True,False,False,False,0.859,-9.829,15B,0.126247,Serogroup 24,15B
UK#ERR1439701#22,True,False,False,False,0.6,-9.572,15B,0.052835,19F,15B
UK#ERR1440319#23,True,False,False,False,0.974,-9.709,6B,0.019336,12_44_46,6B
UK#ERR1440254#2,True,False,False,False,0.999,-11.881,1,0.16504,35B_35D,1
UK#ERR1440254#60,True,True,False,True,0.999,-12.156,UNKNOWN,0.540215,18,1
UK#ERR1440645#4,True,False,False,False,0.999,-11.663,23B,0.038614,1,23B
UK#ERR1440645#37,True,False,False,False,0.996,-10.086,23B,0.175876,12_44_46,23B
UK#ERR1440056#2,True,False,False,False,1.0,-12.197,22F,0.007669,Serogroup 24,22F
UK#ERR1440056#21,True,False,False,False,1.0,-12.788,22F,0.000729,34,22F
UK#ERR1439372#9,True,False,False,False,0.859,-9.829,15B,0.126247,Serogroup 24,15B
UK#ERR1439372#22,True,False,False,False,0.6,-9.572,15B,0.052835,19F,15B
UK#ERR1439152#1,True,False,False,False,0.999,-11.807,15A,0.007806,35A_35C_42,15A
UK#ERR1440320#1,True,False,False,False,0.996,-10.579,31,0.492525,20,31
UK#ERR1440320#10,True,False,False,False,0.999,-11.602,31,0.033513,20,31
UK#ERR1439613#9,True,True,True,True,0.889,-7.872,UNKNOWN,1.0,28,34
UK#ERR1439613#19,True,False,False,False,0.999,-12.084,34,0.006827,32,34
UK#ERR1440487#1,True,False,False,False,0.999,-11.765,33F,0.06151,19F,33F
UK#ERR1440012#7,True,True,False,True,0.991,-10.091,UNKNOWN,0.851796,35F,19F
UK#ERR1440012#9,True,False,False,False,1.0,-11.76,19F,0.000305,20,19F
UK#ERR1439675#2,True,False,False,False,1.0,-12.002,19A,0.00395,13,19A
UK#ERR1440613#3,True,True,False,True,0.998,-11.227,UNKNOWN,0.886587,32,27
UK#ERR1438831#1,True,False,False,False,1.0,-12.002,19A,0.003949,13,19A
UK#ERR1440474#2,True,False,False,False,0.998,-11.177,31,0.159671,20,31
UK#ERR1440474#15,True,False,False,False,0.999,-11.567,31,0.040309,20,31
UK#ERR1439451#22,True,False,False,False,0.972,-10.292,11A,0.445571,12_44_46,11A
UK#ERR1439451#23,True,True,True,True,0.498,-7.534,UNKNOWN,0.999157,25A_25F_38,9V
UK#ERR1440607#2,True,True,False,True,0.979,-10.216,UNKNOWN,0.968507,20,18C
UK#ERR1439236#6,True,False,False,False,0.999,-11.62,4,0.121353,28,4
UK#ERR1439236#32,True,True,False,True,0.973,-9.47,UNKNOWN,0.961216,20,4
UK#ERR1440527#1,True,True,False,True,0.962,-10.646,UNKNOWN,0.706699,12_44_46,11A
UK#ERR1440269#1,True,False,False,False,1.0,-13.215,8,0.001719,32,8
UK#ERR1438847#2,True,False,False,False,1.0,-12.962,8,0.001474,32,8
UK#ERR1438847#4,True,False,False,False,1.0,-13.142,8,0.001068,32,8
UK#ERR1439321#6,True,True,False,True,0.965,-10.675,UNKNOWN,0.734154,12_44_46,11A
UK#ERR1440200#1,True,True,False,True,0.977,-9.759,UNKNOWN,0.837126,39,14
UK#ERR1440200#8,True,False,False,False,1.0,-12.111,14,0.000209,28,14
UK#ERR1440578#3,True,True,False,True,0.927,-9.447,UNKNOWN,0.840864,12_44_46,6B
UK#ERR1439344#20,True,False,False,False,0.995,-10.938,6C,0.435536,15B/C,6C
UK#ERR1439344#47,True,True,False,True,0.985,-9.883,UNKNOWN,0.953404,15B/C,6C
UK#ERR1440060#25,True,False,False,False,0.998,-11.101,6C,0.29836,15B/C,6C
UK#ERR1440060#45,True,True,False,True,0.984,-9.829,UNKNOWN,0.965196,15B/C,6C
UK#ERR1440042#2,True,True,False,True,0.96,-9.051,UNKNOWN,0.995589,19F,33F
UK#ERR1440042#3,True,False,False,False,0.999,-11.972,33F,0.045928,19F,33F
UK#ERR1440662#3,True,True,False,True,0.998,-11.199,UNKNOWN,0.901821,32,27
UK#ERR1440513#1,True,False,False,False,0.999,-11.476,23A,0.004273,19F,23A
UK#ERR1438683#9,True,False,False,False,0.999,-11.502,7F,0.174888,Serogroup 24,7F
UK#ERR1438683#28,True,False,False,False,0.999,-11.798,7F,0.012042,35F,7F
UK#ERR1440424#1,True,False,False,False,0.999,-11.647,10A,0.011713,33B_33D,10A
UK#ERR1440424#27,True,False,False,False,0.997,-10.679,10A,0.48209,20,10A
UK#ERR1438758#2,True,True,False,True,0.966,-10.686,UNKNOWN,0.706835,12_44_46,11A
UK#ERR1439810#4,True,False,False,False,0.999,-11.618,4,0.144179,19B_19C,4
UK#ERR1439810#55,True,False,False,False,0.998,-11.239,4,0.430794,20,4
UK#ERR1439081#1,True,False,False,False,0.981,-10.432,19A,0.077472,35F,19A
UK#ERR1440661#15,True,True,False,True,0.842,-8.521,UNKNOWN,0.996339,33B_33D,15B
UK#ERR1440661#59,True,False,False,False,0.6,-9.572,15B,0.052835,19F,15B
UK#ERR1440569#2,True,False,False,False,0.998,-11.4,33F,0.366151,19F,33F
UK#ERR1440569#4,True,False,False,False,0.999,-11.988,33F,0.043994,19F,33F
UK#ERR1439725#1,True,False,False,False,0.999,-11.519,14,0.01093,28,14
UK#ERR1439725#11,True,False,False,False,1.0,-12.118,14,0.000222,28,14
UK#ERR1440018#6,True,False,False,False,0.859,-9.829,15B,0.126247,Serogroup 24,15B
UK#ERR1440018#32,True,False,False,False,0.6,-9.572,15B,0.052835,19F,15B
UK#ERR1439842#8,True,False,False,False,0.863,-9.913,6A,0.002496,12_44_46,6A
UK#ERR1439842#10,True,True,False,True,0.954,-8.527,UNKNOWN,0.979735,20,10A
UK#ERR1439110#1,True,True,False,True,0.905,-9.974,UNKNOWN,0.994144,35B_35D,18C
UK#ERR1440426#2,True,True,False,True,0.847,-9.473,UNKNOWN,0.993614,12_44_46,11A
UK#ERR1440426#7,True,True,False,True,0.898,-8.719,UNKNOWN,0.988684,4,11A
UK#ERR1440079#1,True,False,False,False,0.999,-11.884,9N,0.029601,35F,9N
UK#ERR1440079#2,True,False,False,False,0.998,-11.409,9N,0.276263,20,9N
UK#ERR1439249#4,True,False,False,False,0.821,-9.513,15C,0.007041,19F,15C
UK#ERR1439281#4,True,False,False,False,0.999,-11.243,15A,0.020123,35A_35C_42,15A
UK#ERR1439281#56,True,False,False,False,0.997,-10.517,15A,0.494985,35B_35D,15A
UK#ERR1438682#2,True,False,False,False,0.999,-11.919,7F,0.013604,Serogroup 24,7F
UK#ERR1438682#41,True,False,False,False,0.864,-9.627,7F,0.161291,32,7F
UK#ERR1438856#2,True,False,False,False,1.0,-12.634,22F,0.000954,34,22F
UK#ERR1439182#14,True,False,False,False,1.0,-11.67,19F,0.000541,20,19F
UK#ERR1439182#54,True,True,False,True,0.99,-9.979,UNKNOWN,0.875701,20,19F
UK#ERR1440258#1,True,True,False,True,0.857,-9.626,UNKNOWN,0.826382,35A_35C_42,15B
UK#ERR1440258#6,True,False,False,False,0.627,-9.49,15B,0.075225,19F,15B
UK#ERR1440257#5,True,False,False,False,0.547,-9.542,15B,0.038447,19F,15B
UK#ERR1440257#9,True,False,False,False,0.785,-9.57,15C,0.004823,19F,15C
UK#ERR1440634#9,True,True,False,True,0.874,-9.326,UNKNOWN,0.951325,Serogroup 24,15B
UK#ERR1440634#29,True,False,False,False,0.6,-9.572,15B,0.052835,19F,15B
UK#ERR1439906#1,True,False,False,False,0.999,-12.264,9N,0.027181,32,9N
UK#ERR1439825#4,True,True,True,True,0.488,-7.546,UNKNOWN,1.0,25A_25F_38,10F
UK#ERR1439825#14,True,True,False,True,0.994,-10.474,UNKNOWN,0.990051,20,10F
UK#ERR1439380#1,True,True,True,True,0.613,-7.777,UNKNOWN,0.97244,19F,19A
UK#ERR1439380#7,True,True,False,True,0.983,-9.657,UNKNOWN,0.967974,Serogroup 24,35B
UK#ERR1439853#2,True,True,False,True,0.991,-10.334,UNKNOWN,0.569359,39,14
UK#ERR1439853#5,True,False,False,False,0.999,-11.391,14,0.016978,28,14
UK#ERR1439571#24,True,True,False,True,0.96,-10.253,UNKNOWN,0.972736,19F,12F
UK#ERR1439571#37,True,True,False,True,0.945,-10.954,UNKNOWN,0.861141,19F,12F
UK#ERR1439038#1,True,True,False,True,0.631,-9.066,UNKNOWN,0.999041,35B_35D,18C
UK#ERR1439030#3,True,True,True,True,0.494,-7.686,UNKNOWN,0.93573,35F,19F
UK#ERR1439030#23,True,False,False,False,1.0,-12.155,19A,0.00209,13,19A
UK#ERR1439921#2,True,False,False,False,1.0,-12.95,8,0.001436,32,8
UK#ERR1439921#10,True,False,False,False,1.0,-12.77,8,0.001666,32,8
UK#ERR1440382#2,True,False,False,False,1.0,-11.993,23F,0.004015,35A_35C_42,23F
UK#ERR1439251#7,True,False,False,False,0.859,-9.829,15B,0.126247,Serogroup 24,15B
UK#ERR1439251#10,True,False,False,False,0.6,-9.572,15B,0.052835,19F,15B
UK#ERR1440561#1,True,False,False,False,0.999,-12.29,9N,0.020021,32,9N
UK#ERR1440271#5,True,False,False,False,0.999,-11.316,31,0.078207,20,31
UK#ERR1440271#16,True,False,False,False,0.999,-11.413,31,0.073623,20,31
UK#ERR1439699#29,True,False,False,False,0.997,-10.342,19A,0.111091,35A_35C_42,19A
UK#ERR1439699#33,True,False,False,False,0.998,-11.269,19A,0.027376,13,19A
UK#ERR1439194#6,True,False,False,False,1.0,-12.002,19A,0.003949,13,19A
UK#ERR1440594#1,True,False,False,False,0.999,-11.57,23B,0.057813,1,23B
UK#ERR1440594#42,True,False,False,False,0.998,-10.684,23B,0.076386,12_44_46,23B
UK#ERR1439794#1,True,True,False,True,0.947,-10.539,UNKNOWN,0.994746,Serogroup 24,12F
UK#ERR1439794#8,True,False,False,False,0.999,-11.93,12F,0.091397,Serogroup 24,12F
UK#ERR1440120#3,True,False,False,False,1.0,-12.249,22F,0.005633,Serogroup 24,22F
UK#ERR1440120#4,True,False,False,False,1.0,-12.793,22F,0.000719,34,22F
UK#ERR1438961#1,True,False,False,False,0.999,-11.954,19A,0.003993,13,19A
UK#ERR1440155#2,True,False,False,False,1.0,-13.529,3,0.048758,9,3
UK#ERR1439343#16,True,False,False,False,0.978,-9.675,6B,0.023009,12_44_46,6B
UK#ERR1439080#1,True,False,False,False,1.0,-11.966,19A,0.003725,13,19A
UK#ERR1438922#2,True,True,False,True,0.987,-9.092,UNKNOWN,0.818714,19A,19F
UK#ERR1438922#36,True,False,False,False,1.0,-11.668,19F,0.000573,20,19F
UK#ERR1440105#1,True,False,False,False,0.999,-12.174,9N,0.025384,35F,9N
UK#ERR1440105#5,True,False,False,False,0.999,-12.261,9N,0.067335,32,9N
UK#ERR1439632#6,True,True,False,True,0.896,-10.049,UNKNOWN,0.871826,19B_19C,35B
UK#ERR1439337#12,True,True,False,True,0.593,-8.585,UNKNOWN,0.991204,19F,15B
UK#ERR1439337#15,True,False,False,False,0.799,-9.588,15C,0.005156,19F,15C
UK#ERR1439414#1,True,False,False,False,1.0,-12.009,19A,0.003254,13,19A
UK#ERR1440364#9,True,True,True,True,0.939,-8.031,UNKNOWN,0.990048,Serogroup 24,14
UK#ERR1440364#22,True,True,False,True,0.987,-9.463,UNKNOWN,0.76948,21,9V
UK#ERR1439776#23,True,True,False,True,0.946,-8.267,UNKNOWN,0.99245,6E,21
UK#ERR1439776#30,True,False,False,False,0.996,-10.465,21,0.475496,35B_35D,21
UK#ERR1439175#6,True,True,False,True,0.973,-8.799,UNKNOWN,0.883623,35F,15A
UK#ERR1439175#12,True,True,True,True,0.571,-6.503,UNKNOWN,0.999999,20,15A
UK#ERR1440209#1,True,False,False,False,0.992,-10.243,9V,0.316868,25A_25F_38,9V
UK#ERR1440038#2,True,False,False,False,1.0,-13.529,3,0.048758,9,3
UK#ERR1439460#13,True,False,False,False,0.978,-9.675,6B,0.023009,12_44_46,6B
UK#ERR1439793#5,True,False,False,False,0.999,-11.881,1,0.16504,35B_35D,1
UK#ERR1439793#60,True,True,False,True,0.999,-12.156,UNKNOWN,0.540215,18,1
UK#ERR1440374#1,True,True,False,True,0.992,-10.935,UNKNOWN,0.987089,28,35A
UK#ERR1439831#14,True,False,False,False,0.975,-9.666,6B,0.021586,12_44_46,6B
UK#ERR1440557#15,True,True,False,True,0.948,-10.543,UNKNOWN,0.994983,Serogroup 24,12F
UK#ERR1440557#33,True,True,False,True,0.945,-10.954,UNKNOWN,0.861141,19F,12F
UK#ERR1439867#2,True,True,False,True,0.994,-10.805,UNKNOWN,0.699017,19F,17F
UK#ERR1439867#14,True,False,False,False,1.0,-12.349,17F,0.016302,19F,17F
UK#ERR1438819#1,True,True,False,True,0.979,-10.216,UNKNOWN,0.968508,20,18C
UK#ERR1439497#2,True,False,False,False,0.999,-11.699,10A,0.00816,33B_33D,10A
UK#ERR1439497#25,True,False,False,False,0.999,-11.515,10A,0.060039,20,10A
UK#ERR1440250#10,True,True,False,True,0.988,-9.232,UNKNOWN,0.807088,33B_33D,6A
UK#ERR1440250#12,True,False,False,False,0.884,-9.967,6A,0.001997,12_44_46,6A
UK#ERR1440087#5,True,False,False,False,0.999,-11.119,15A,0.03031,35B_35D,15A
UK#ERR1440087#16,True,False,False,False,0.999,-11.628,15A,0.01958,19B_19C,15A
UK#ERR1439588#11,True,True,False,True,0.945,-10.954,UNKNOWN,0.861141,19F,12F
UK#ERR1439588#16,True,True,False,True,0.948,-10.543,UNKNOWN,0.994983,Serogroup 24,12F
UK#ERR1438915#1,True,False,False,False,0.981,-10.432,19A,0.077472,35F,19A
UK#ERR1440378#1,True,True,False,True,0.979,-10.243,UNKNOWN,0.966533,20,18C
UK#ERR1440567#1,True,False,False,False,0.999,-12.259,9N,0.022194,32,9N
UK#ERR1439517#1,True,False,False,False,1.0,-13.16,8,0.001713,32,8
UK#ERR1440148#2,True,False,False,False,0.999,-11.911,15A,0.007125,35A_35C_42,15A
UK#ERR1440148#7,True,False,False,False,0.999,-11.234,15A,0.016954,35B_35D,15A
UK#ERR1438625#1,True,False,False,False,0.999,-12.035,23B,0.004697,1,23B
UK#ERR1438641#2,True,True,False,True,0.849,-9.479,UNKNOWN,0.993605,12_44_46,11A
UK#ERR1438641#4,True,False,False,False,0.983,-10.622,11A,0.476751,12_44_46,11A
UK#ERR1439778#2,True,False,False,False,1.0,-13.529,3,0.048758,9,3
UK#ERR1439228#1,True,False,False,False,0.997,-10.8,34,0.413609,32,34
UK#ERR1439228#15,True,False,False,False,1.0,-12.172,34,0.009214,32,34
UK#ERR1439501#2,True,False,False,False,0.999,-12.084,35F,0.013397,12_44_46,35F
UK#ERR1440099#2,True,False,False,False,1.0,-13.215,8,0.001719,32,8
UK#ERR1439362#3,True,True,False,True,0.991,-10.002,UNKNOWN,0.924242,28,34
UK#ERR1439362#6,True,False,False,False,1.0,-12.149,34,0.005518,32,34
UK#ERR1439218#8,True,False,False,False,0.999,-11.234,15A,0.016954,35B_35D,15A
UK#ERR1439218#15,True,False,False,False,0.999,-11.911,15A,0.007126,35A_35C_42,15A
UK#ERR1439545#3,True,False,False,False,1.0,-12.002,19A,0.00395,13,19A
UK#ERR1439608#1,True,True,True,True,0.752,-7.339,UNKNOWN,1.0,Serogroup 24,37
UK#ERR1439608#18,True,True,False,True,0.985,-9.644,UNKNOWN,0.959823,10D,37
UK#ERR1438826#1,True,False,False,False,0.998,-11.01,19A,0.142245,32,19A
UK#ERR1438826#14,True,False,False,False,1.0,-12.041,19A,0.002803,13,19A
UK#ERR1439031#8,True,True,False,True,0.919,-10.275,UNKNOWN,0.586284,39,35B
UK#ERR1439597#13,True,False,False,False,0.977,-9.66,6B,0.022562,12_44_46,6B
UK#ERR1439467#1,True,False,False,False,0.999,-11.643,23B,0.0427,1,23B
UK#ERR1439467#36,True,False,False,False,0.998,-10.684,23B,0.076386,12_44_46,23B
UK#ERR1439324#4,True,False,False,False,0.997,-10.689,15A,0.139248,19F,15A
UK#ERR1439324#13,True,False,False,False,0.997,-10.499,15A,0.086721,35A_35C_42,15A
UK#ERR1439432#1,True,False,False,False,1.0,-12.008,19A,0.003241,13,19A
UK#ERR1439227#4,True,True,False,True,0.606,-8.529,UNKNOWN,0.996255,19F,15B
UK#ERR1439227#46,True,True,False,True,0.73,-8.912,UNKNOWN,0.997581,19F,15A
UK#ERR1439285#24,True,False,False,False,0.939,-9.726,6A,0.00167,12_44_46,6A
UK#ERR1439285#55,True,False,False,False,0.998,-10.487,6A,0.02683,20,6A
UK#ERR1439757#3,True,False,False,False,0.999,-11.881,1,0.16504,35B_35D,1
UK#ERR1439757#64,True,True,False,True,0.999,-12.156,UNKNOWN,0.540215,18,1
UK#ERR1438916#15,True,True,True,True,0.455,-7.637,UNKNOWN,1.0,35B_35D,11A
UK#ERR1438916#25,True,True,False,True,0.996,-10.441,UNKNOWN,0.577657,35B_35D,21
UK#ERR1439685#1,True,False,False,False,0.999,-11.35,9V,0.00617,25A_25F_38,9V
UK#ERR1439393#9,True,True,False,True,0.96,-8.415,UNKNOWN,0.986108,35F,19F
UK#ERR1439393#12,True,False,False,False,1.0,-11.664,19F,0.0006,20,19F
UK#ERR1440536#24,True,True,False,True,0.966,-10.686,UNKNOWN,0.706839,12_44_46,11A
UK#ERR1438889#1,True,False,False,False,0.981,-10.422,19A,0.079411,35F,19A
UK#ERR1440094#3,True,False,False,False,1.0,-13.065,8,0.001619,32,8
UK#ERR1440094#13,True,False,False,False,1.0,-12.95,8,0.001436,32,8
UK#ERR1439669#6,True,False,False,False,0.998,-11.035,19A,0.187357,32,19A
UK#ERR1439669#17,True,False,False,False,1.0,-12.043,19A,0.002783,13,19A
UK#ERR1440668#19,True,True,False,True,0.933,-10.071,UNKNOWN,0.925301,19B_19C,35B
UK#ERR1440668#23,True,True,False,True,0.947,-9.108,UNKNOWN,0.993859,39,35B
UK#ERR1438970#1,True,False,False,False,1.0,-12.002,19A,0.00395,13,19A
UK#ERR1438785#1,True,False,False,False,0.999,-12.035,23B,0.004697,1,23B
UK#ERR1439001#1,True,False,False,False,1.0,-11.581,19F,0.000524,20,19F
UK#ERR1439094#10,True,False,False,False,0.997,-10.499,15A,0.086721,35A_35C_42,15A
UK#ERR1439094#22,True,False,False,False,0.999,-11.91,15A,0.007336,35A_35C_42,15A
UK#ERR1440070#8,True,False,False,False,0.999,-11.797,12F,0.174628,Serogroup 24,12F
UK#ERR1440070#10,True,True,False,True,0.945,-10.566,UNKNOWN,0.995229,39,12F
UK#ERR1439079#22,True,False,False,False,0.999,-11.911,15A,0.007126,35A_35C_42,15A
UK#ERR1439079#23,True,False,False,False,0.999,-11.234,15A,0.016954,35B_35D,15A
UK#ERR1439462#1,True,True,False,True,0.931,-10.147,UNKNOWN,0.960806,12_44_46,11A
UK#ERR1439462#6,True,True,False,True,0.828,-8.827,UNKNOWN,0.985928,4,11A
UK#ERR1439558#1,True,True,False,True,0.976,-9.26,UNKNOWN,0.952253,35A_35C_42,15A
UK#ERR1439558#103,True,True,False,True,0.682,-8.469,UNKNOWN,0.999898,19F,15A
UK#ERR1439863#14,True,False,False,False,0.999,-11.707,7F,0.05578,Serogroup 24,7F
UK#ERR1439863#53,True,False,False,False,0.972,-10.784,7F,0.354502,35F,7F
UK#ERR1439014#2,True,False,False,False,0.996,-10.373,14,0.489617,39,14
UK#ERR1439014#5,True,False,False,False,1.0,-12.17,14,0.000279,28,14
UK#ERR1439531#2,True,False,False,False,1.0,-12.424,22F,0.00133,Serogroup 24,22F
UK#ERR1439531#7,True,False,False,False,0.998,-11.247,22F,0.106007,34,22F
UK#ERR1440358#1,True,True,False,True,0.998,-11.227,UNKNOWN,0.886587,32,27
UK#ERR1440451#11,True,False,False,False,0.999,-11.527,21,0.00633,6E,21
UK#ERR1440451#25,True,False,False,False,0.997,-10.743,21,0.378915,35B_35D,21
UK#ERR1438954#3,True,True,True,True,0.494,-7.686,UNKNOWN,0.93573,35F,19F
UK#ERR1438954#20,True,False,False,False,1.0,-12.155,19A,0.00209,13,19A
UK#ERR1439695#1,True,False,False,False,0.999,-11.949,19A,0.004023,13,19A
UK#ERR1439056#20,True,False,False,False,0.999,-11.234,15A,0.016954,35B_35D,15A
UK#ERR1439056#37,True,False,False,False,0.999,-11.553,15A,0.095022,35B_35D,15A
UK#ERR1439562#2,True,True,False,True,0.932,-10.053,UNKNOWN,0.930882,19B_19C,35B
UK#ERR1439562#5,True,True,False,True,0.979,-9.594,UNKNOWN,0.991446,19B_19C,35B
UK#ERR1438964#24,True,True,True,True,0.498,-7.534,UNKNOWN,0.999157,25A_25F_38,9V
UK#ERR1438964#53,True,False,False,False,0.997,-10.629,9V,0.040868,25A_25F_38,9V
UK#ERR1438928#3,True,False,False,False,0.999,-11.973,19A,0.004725,13,19A
UK#ERR1440417#1,True,False,False,False,1.0,-11.946,23F,0.003263,35A_35C_42,23F
UK#ERR1440134#1,True,False,False,False,0.999,-12.028,23B,0.00969,1,23B
UK#ERR1440052#2,True,True,False,True,0.997,-10.978,UNKNOWN,0.623128,32,12F
UK#ERR1440052#24,True,False,False,False,0.999,-11.962,12F,0.080837,Serogroup 24,12F
UK#ERR1438827#2,True,False,False,False,1.0,-12.015,19A,0.003444,13,19A
UK#ERR1439653#20,True,False,False,False,1.0,-12.123,19A,0.002347,32,19A
UK#ERR1439653#34,True,True,False,True,0.824,-8.434,UNKNOWN,0.996932,35F,19A
UK#ERR1440131#1,True,False,False,False,1.0,-13.197,8,0.001781,32,8
UK#ERR1440588#3,True,False,False,False,1.0,-13.529,3,0.048758,9,3
UK#ERR1439447#12,True,True,False,True,0.667,-8.391,UNKNOWN,0.999915,19F,15A
UK#ERR1439447#29,True,True,False,True,0.67,-8.296,UNKNOWN,0.995947,35A_35C_42,15A
UK#ERR1440408#1,True,False,False,False,0.999,-11.71,10A,0.007985,33B_33D,10A
UK#ERR1440408#26,True,False,False,False,0.999,-11.624,10A,0.048366,33B_33D,10A
UK#ERR1439931#1,True,False,False,False,1.0,-13.156,8,0.001836,32,8
UK#ERR1440529#3,True,True,False,True,0.996,-10.574,UNKNOWN,0.61566,15B/C,33F
UK#ERR1440529#19,True,True,False,True,0.995,-11.107,UNKNOWN,0.545966,10D,33F
UK#ERR1438679#2,True,False,False,False,0.999,-11.667,23B,0.038399,1,23B
UK#ERR1438679#38,True,False,False,False,0.999,-11.078,23B,0.051564,12_44_46,23B
UK#ERR1440293#2,True,False,False,False,0.994,-11.274,24F,0.464986,35A_35C_42,24F
UK#ERR1440230#1,True,True,False,True,0.945,-10.566,UNKNOWN,0.995229,39,12F
UK#ERR1440230#8,True,False,False,False,0.999,-11.962,12F,0.080837,Serogroup 24,12F
UK#ERR1438739#16,True,False,False,False,0.978,-9.675,6B,0.023009,12_44_46,6B
UK#ERR1438895#12,True,True,False,True,0.997,-10.723,UNKNOWN,0.54723,25A_25F_38,33F
UK#ERR1438895#21,True,False,False,False,0.996,-11.181,33F,0.483813,19F,33F
UK#ERR1439943#1,True,False,False,False,1.0,-12.498,16F,0.001643,39,16F
UK#ERR1439061#27,True,False,False,False,1.0,-12.024,23F,0.003684,35A_35C_42,23F
UK#ERR1439061#33,True,True,True,True,0.615,-7.58,UNKNOWN,0.996219,35A_35C_42,23F
UK#ERR1440050#11,True,True,False,True,0.919,-10.275,UNKNOWN,0.586278,39,35B
UK#ERR1439323#1,True,False,False,False,0.999,-11.704,19A,0.005759,13,19A
UK#ERR1440031#3,True,True,False,True,0.983,-9.464,UNKNOWN,0.983827,28,34
UK#ERR1440031#17,True,False,False,False,1.0,-12.247,34,0.005878,32,34
UK#ERR1440452#2,True,True,True,True,0.179,-6.215,UNKNOWN,1.0,21,10A
UK#ERR1440452#46,True,False,False,False,0.997,-10.679,10A,0.48209,20,10A
UK#ERR1439652#7,True,True,True,True,0.654,-7.996,UNKNOWN,0.99323,Serogroup 24,19A
UK#ERR1439652#21,True,False,False,False,0.999,-11.826,19A,0.008089,32,19A
UK#ERR1440291#2,True,False,False,False,1.0,-13.156,8,0.001836,32,8
UK#ERR1440100#1,True,False,False,False,1.0,-13.156,8,0.001836,32,8
UK#ERR1440288#9,True,True,False,True,0.995,-10.387,UNKNOWN,0.601658,4,31
UK#ERR1440288#12,True,False,False,False,0.999,-11.6,31,0.033623,20,31
UK#ERR1438661#2,True,False,False,False,0.998,-11.4,33F,0.366151,19F,33F
UK#ERR1438661#4,True,False,False,False,0.999,-11.955,33F,0.049062,19F,33F
UK#ERR1439129#3,True,False,False,False,0.997,-10.633,15A,0.173701,19F,15A
UK#ERR1439129#11,True,False,False,False,0.997,-10.499,15A,0.086721,35A_35C_42,15A
UK#ERR1440376#1,True,False,False,False,0.746,-9.48,20B,0.136116,20,20B
UK#ERR1440113#3,True,False,False,False,1.0,-12.249,22F,0.005633,Serogroup 24,22F
UK#ERR1440113#12,True,False,False,False,0.998,-11.247,22F,0.106007,34,22F
UK#ERR1438911#1,True,False,False,False,1.0,-13.158,8,0.00181,32,8
UK#ERR1439801#1,True,True,False,True,0.996,-10.861,UNKNOWN,0.787164,41F,10F
UK#ERR1439801#4,True,True,False,True,0.996,-10.786,UNKNOWN,0.682303,25A_25F_38,10F
UK#ERR1438873#1,True,False,False,False,0.999,-12.145,1,0.125749,10D,1
UK#ERR1438873#74,True,True,False,True,0.999,-12.216,UNKNOWN,0.549499,20,1
UK#ERR1439708#1,True,False,False,False,0.999,-11.98,23F,0.009513,19F,23F
UK#ERR1438670#1,True,False,False,False,1.0,-13.156,8,0.001836,32,8
UK#ERR1439837#12,True,False,False,False,0.998,-10.995,4,0.266005,20,4
UK#ERR1439837#19,True,False,False,False,0.999,-12.018,4,0.035183,18,4
UK#ERR1440168#2,True,False,False,False,0.999,-12.269,9N,0.067843,32,9N
UK#ERR1440168#3,True,False,False,False,0.999,-12.194,9N,0.021993,32,9N
UK#ERR1440540#1,True,False,False,False,1.0,-13.529,3,0.048758,9,3
UK#ERR1440642#6,True,False,False,False,0.999,-11.662,23B,0.037151,1,23B
UK#ERR1440642#84,True,False,False,False,0.998,-10.818,23B,0.093656,12_44_46,23B
UK#ERR1439178#1,True,False,False,False,1.0,-12.002,19A,0.00395,13,19A
UK#ERR1438745#15,True,False,False,False,0.994,-11.262,24F,0.494696,41F,24F
UK#ERR1439625#2,True,False,False,False,0.999,-11.671,23B,0.039546,1,23B
UK#ERR1439625#38,True,False,False,False,0.998,-10.684,23B,0.076386,12_44_46,23B
UK#ERR1440377#2,True,True,False,True,0.994,-10.292,UNKNOWN,0.861726,33B_33D,1
UK#ERR1440377#56,True,True,False,True,0.999,-12.156,UNKNOWN,0.540215,18,1
UK#ERR1439067#13,True,False,False,False,0.999,-11.675,10A,0.010383,33B_33D,10A
UK#ERR1439067#36,True,True,False,True,0.832,-9.529,UNKNOWN,0.994152,35B_35D,10A
UK#ERR1439996#6,True,True,True,True,0.486,-7.067,UNKNOWN,1.0,35B_35D,8
UK#ERR1439996#7,True,False,False,False,1.0,-13.06,8,0.001672,32,8
UK#ERR1438779#1,True,False,False,False,0.999,-12.035,23B,0.004697,1,23B
UK#ERR1439534#1,True,False,False,False,1.0,-13.217,8,0.001711,32,8
UK#ERR1439954#8,True,False,False,False,0.999,-11.509,16F,0.233604,39,16F
UK#ERR1439954#11,True,True,False,True,0.994,-10.094,UNKNOWN,0.770692,39,16F
UK#ERR1440208#2,True,True,True,True,0.761,-7.279,UNKNOWN,1.0,19F,13
UK#ERR1440208#15,True,False,False,False,1.0,-12.31,17F,0.020557,19F,17F
UK#ERR1440175#2,True,True,True,True,0.654,-7.996,UNKNOWN,0.99323,Serogroup 24,19A
UK#ERR1440175#38,True,False,False,False,0.997,-10.416,19A,0.222906,35A_35C_42,19A
UK#ERR1439472#1,True,False,False,False,0.994,-11.271,24F,0.472631,35A_35C_42,24F
UK#ERR1440677#1,True,False,False,False,0.999,-11.775,13,0.069387,19F,13
UK#ERR1440616#3,True,True,False,True,0.998,-11.187,UNKNOWN,0.90026,32,27
UK#ERR1440027#1,True,False,False,False,0.955,-10.172,20B,0.227884,20,20B
UK#ERR1440027#8,True,False,False,False,0.983,-10.336,20B,0.102321,20,20B
UK#ERR1439626#1,True,True,False,True,0.997,-11.227,UNKNOWN,0.829451,28,35A
UK#ERR1439101#2,True,False,False,False,0.999,-11.911,15A,0.007126,35A_35C_42,15A
UK#ERR1439101#22,True,False,False,False,0.999,-11.234,15A,0.016954,35B_35D,15A
UK#ERR1439642#20,True,True,False,True,0.988,-9.944,UNKNOWN,0.745456,19A,6B
UK#ERR1439642#28,True,True,False,True,0.912,-9.001,UNKNOWN,0.959225,12_44_46,6B
UK#ERR1438919#14,True,True,True,True,0.174,-6.219,UNKNOWN,1.0,21,37
UK#ERR1438919#22,True,True,False,True,0.995,-10.951,UNKNOWN,0.675639,19F,33F
UK#ERR1439949#27,True,True,True,True,0.407,-6.729,UNKNOWN,1.0,Serogroup 24,24F
UK#ERR1439949#28,True,True,True,True,0.868,-7.949,UNKNOWN,0.999993,19F,24A
UK#ERR1440103#6,True,False,False,False,0.999,-11.824,33F,0.073643,19F,33F
UK#ERR1440103#18,True,True,False,True,0.96,-9.051,UNKNOWN,0.995589,19F,33F
UK#ERR1439561#21,True,False,False,False,0.999,-11.786,5,0.149442,35B_35D,5
UK#ERR1439561#24,True,False,False,False,1.0,-12.285,5,0.010955,20,5
UK#ERR1440463#2,True,False,False,False,0.999,-11.535,10A,0.02675,20,10A
UK#ERR1440463#27,True,False,False,False,0.997,-10.679,10A,0.48209,20,10A
UK#ERR1440143#1,True,True,False,True,0.976,-8.848,UNKNOWN,0.933888,35B_35D,15A
UK#ERR1440143#25,True,False,False,False,0.996,-10.09,15A,0.070474,48,15A
UK#ERR1439773#20,True,True,False,True,0.96,-9.133,UNKNOWN,0.982289,Serogroup 24,4
UK#ERR1439773#56,True,False,False,False,0.999,-11.62,4,0.121353,28,4
UK#ERR1438999#6,True,True,False,True,0.947,-8.855,UNKNOWN,1.0,Serogroup 24,29
UK#ERR1438999#13,True,True,False,True,0.997,-11.235,UNKNOWN,0.931315,15,29
UK#ERR1440086#2,True,False,False,False,1.0,-12.95,8,0.001436,32,8
UK#ERR1440086#5,True,False,False,False,1.0,-13.058,8,0.001688,32,8
UK#ERR1439599#1,True,True,False,True,0.97,-9.115,UNKNOWN,0.996406,10D,37
UK#ERR1440015#21,True,False,False,False,0.999,-11.751,7F,0.015992,35F,7F
UK#ERR1440015#35,True,False,False,False,0.999,-11.861,7F,0.040362,Serogroup 24,7F
UK#ERR1439091#10,True,False,False,False,0.997,-10.499,15A,0.086721,35A_35C_42,15A
UK#ERR1439091#24,True,False,False,False,0.999,-11.91,15A,0.007336,35A_35C_42,15A
UK#ERR1440493#15,True,False,False,False,0.998,-10.844,23A,0.036269,19F,23A
UK#ERR1440493#52,True,True,False,True,0.935,-9.064,UNKNOWN,0.998495,35F,22F
UK#ERR1438960#1,True,False,False,False,0.984,-10.524,19A,0.088223,35F,19A
UK#ERR1440010#6,True,False,False,False,1.0,-11.674,19F,0.00055,20,19F
UK#ERR1440010#40,True,True,True,True,0.876,-7.899,UNKNOWN,0.999636,25A_25F_38,9V
UK#ERR1440068#19,True,False,False,False,0.999,-11.676,23B,0.035405,1,23B
UK#ERR1440068#50,True,False,False,False,0.997,-10.498,23B,0.059681,12_44_46,23B
UK#ERR1439116#2,True,False,False,False,0.999,-11.807,15A,0.007805,35A_35C_42,15A
UK#ERR1439532#21,True,False,False,False,0.995,-10.945,6C,0.427752,15B/C,6C
UK#ERR1439532#45,True,True,False,True,0.985,-9.883,UNKNOWN,0.953404,15B/C,6C
UK#ERR1439974#8,True,False,False,False,0.999,-11.648,7F,0.047548,Serogroup 24,7F
UK#ERR1439974#69,True,False,False,False,0.973,-10.889,7F,0.263258,35F,7F
UK#ERR1440573#3,True,True,False,True,0.995,-10.217,UNKNOWN,0.605832,39,16F
UK#ERR1440573#10,True,False,False,False,0.998,-11.406,16F,0.325157,39,16F
UK#ERR1439057#1,True,True,False,True,0.981,-9.123,UNKNOWN,0.783403,35B_35D,15A
UK#ERR1439057#24,True,False,False,False,0.999,-11.234,15A,0.016954,35B_35D,15A
UK#ERR1439783#22,True,False,False,False,0.999,-11.906,5,0.102746,35B_35D,5
UK#ERR1439783#25,True,True,True,True,0.335,-6.732,UNKNOWN,1.0,35A_35C_42,24F
UK#ERR1439383#4,True,True,False,True,0.998,-11.227,UNKNOWN,0.886587,32,27
UK#ERR1440081#1,True,False,False,False,0.998,-11.46,16F,0.266981,15B/C,16F
UK#ERR1440081#2,True,False,False,False,1.0,-12.412,16F,0.000708,39,16F
UK#ERR1438736#2,True,False,False,False,0.999,-11.884,31,0.008019,20,31
UK#ERR1439316#1,True,False,False,False,0.644,-9.445,15B,0.110086,Serogroup 24,15B
UK#ERR1439316#65,True,True,False,True,0.667,-8.391,UNKNOWN,0.999915,19F,15A
UK#ERR1439479#12,True,False,False,False,0.999,-12.023,7F,0.087434,35F,7F
UK#ERR1439479#24,True,False,False,False,0.999,-11.743,7F,0.015928,35F,7F
UK#ERR1440619#4,True,False,False,False,0.999,-10.991,14,0.070333,39,14
UK#ERR1440619#31,True,False,False,False,1.0,-12.121,14,0.000212,28,14
UK#ERR1438741#2,True,True,False,True,0.966,-10.689,UNKNOWN,0.709019,12_44_46,11A
UK#ERR1440201#1,True,False,False,False,0.994,-11.27,24F,0.470682,35A_35C_42,24F
UK#ERR1438989#2,True,True,False,True,0.983,-9.464,UNKNOWN,0.983827,28,34
UK#ERR1438989#8,True,True,False,True,0.935,-8.911,UNKNOWN,0.997408,32,8
UK#ERR1440625#2,True,True,False,True,0.998,-11.223,UNKNOWN,0.888843,32,27
UK#ERR1440215#1,True,True,False,True,0.901,-9.474,UNKNOWN,0.622413,20,20B
UK#ERR1440215#4,True,False,False,False,0.977,-10.343,20B,0.030536,20,20B
UK#ERR1438959#13,True,False,False,False,1.0,-11.996,19A,0.004295,13,19A
UK#ERR1439745#6,True,True,False,True,0.994,-10.109,UNKNOWN,0.796664,39,14
UK#ERR1439745#9,True,False,False,False,1.0,-12.109,14,0.000202,28,14
UK#ERR1440497#11,True,False,False,False,0.999,-11.707,7F,0.05578,Serogroup 24,7F
UK#ERR1440497#45,True,False,False,False,0.972,-10.784,7F,0.354502,35F,7F
UK#ERR1439883#1,True,True,False,True,0.994,-10.805,UNKNOWN,0.699017,19F,17F
UK#ERR1439883#14,True,False,False,False,1.0,-12.334,17F,0.018021,19F,17F
UK#ERR1439823#1,True,True,False,True,0.97,-9.115,UNKNOWN,0.996406,10D,37
UK#ERR1438977#3,True,False,False,False,1.0,-12.002,19A,0.003951,13,19A
UK#ERR1439022#2,True,False,False,False,0.999,-11.473,23A,0.004256,19F,23A
UK#ERR1438998#1,True,False,False,False,0.999,-11.689,23B,0.034037,1,23B
UK#ERR1438998#48,True,False,False,False,0.998,-10.684,23B,0.076386,12_44_46,23B
UK#ERR1440438#1,True,True,False,True,0.762,-9.106,UNKNOWN,0.999947,15B/C,11A
UK#ERR1440438#4,True,True,False,True,0.961,-10.003,UNKNOWN,0.896897,12_44_46,11A
UK#ERR1439583#2,True,True,False,True,0.947,-10.539,UNKNOWN,0.994747,Serogroup 24,12F
UK#ERR1439583#6,True,False,False,False,0.999,-12.017,12F,0.086896,Serogroup 24,12F
UK#ERR1439614#3,True,False,False,False,0.999,-11.288,14,0.015635,33B_33D,14
UK#ERR1439614#9,True,False,False,False,1.0,-12.121,14,0.000201,28,14
UK#ERR1439641#2,True,True,True,True,0.383,-6.613,UNKNOWN,1.0,10D,31
UK#ERR1439641#20,True,True,False,True,0.997,-11.305,UNKNOWN,0.846575,28,35A
UK#ERR1439787#1,True,False,False,False,0.757,-9.329,6A,0.00425,35A_35C_42,6A
UK#ERR1440502#12,True,False,False,False,0.999,-11.88,7F,0.104993,Serogroup 24,7F
UK#ERR1440502#55,True,False,False,False,0.972,-10.784,7F,0.354502,35F,7F
UK#ERR1440011#15,True,False,False,False,0.999,-11.473,23A,0.004256,19F,23A
UK#ERR1439749#9,True,False,False,False,0.918,-9.372,6B,0.349568,12_44_46,6B
UK#ERR1439291#1,True,False,False,False,1.0,-12.024,19A,0.003504,13,19A
UK#ERR1438711#3,True,False,False,False,1.0,-12.002,19A,0.003949,13,19A
UK#ERR1440224#7,True,True,True,True,0.78,-7.481,UNKNOWN,1.0,12_44_46,7C
UK#ERR1440224#101,True,True,True,True,0.407,-6.729,UNKNOWN,1.0,Serogroup 24,24F
UK#ERR1440071#2,True,False,False,False,0.999,-11.971,19A,0.004848,13,19A
UK#ERR1438893#1,True,True,False,True,0.949,-8.505,UNKNOWN,0.996057,35A_35C_42,35F
UK#ERR1438893#5,True,False,False,False,0.998,-11.198,19A,0.064068,13,19A
UK#ERR1439791#6,True,False,False,False,1.0,-11.901,14,0.002055,39,14
UK#ERR1439791#17,True,False,False,False,1.0,-12.12,14,0.000219,28,14
UK#ERR1439197#25,True,True,True,True,0.732,-6.813,UNKNOWN,1.0,35A_35C_42,35F
UK#ERR1439197#28,True,False,False,False,0.999,-12.175,35F,0.033316,19B_19C,35F
UK#ERR1439042#15,True,True,False,True,0.969,-9.396,UNKNOWN,0.999065,35A_35C_42,7B
UK#ERR1440524#1,True,False,False,False,0.994,-11.273,24F,0.466618,35A_35C_42,24F
UK#ERR1440650#1,True,True,False,True,0.974,-10.195,UNKNOWN,0.972531,20,18C
UK#ERR1440289#4,True,False,False,False,1.0,-13.06,8,0.001672,32,8
UK#ERR1440289#5,True,False,False,False,1.0,-12.962,8,0.001474,32,8
UK#ERR1440260#1,True,False,False,False,0.999,-12.194,9N,0.021993,32,9N
UK#ERR1440260#5,True,False,False,False,0.999,-12.261,9N,0.067335,32,9N
UK#ERR1440507#19,True,False,False,False,0.925,-10.27,38,0.069466,39,38
UK#ERR1440507#26,True,False,False,False,0.985,-10.849,38,0.070568,12_44_46,38
UK#ERR1439336#1,True,False,False,False,0.763,-9.642,15B,0.318018,35A_35C_42,15B
UK#ERR1439336#5,True,False,False,False,0.644,-9.445,15B,0.110086,Serogroup 24,15B
UK#ERR1439290#1,True,False,False,False,0.999,-11.846,4,0.132725,20,4
UK#ERR1439290#10,True,False,False,False,0.999,-11.999,4,0.03749,20,4
UK#ERR1438768#49,True,False,False,False,1.0,-12.129,19A,0.002289,13,19A
UK#ERR1438768#99,True,True,True,True,0.686,-7.438,UNKNOWN,0.999463,35A_35C_42,6A
UK#ERR1439498#2,True,False,False,False,1.0,-12.424,22F,0.00133,Serogroup 24,22F
UK#ERR1439498#14,True,False,False,False,0.998,-11.247,22F,0.106007,34,22F
UK#ERR1439522#3,True,False,False,False,1.0,-12.197,22F,0.007669,Serogroup 24,22F
UK#ERR1439522#10,True,False,False,False,1.0,-12.788,22F,0.000729,34,22F
UK#ERR1439180#2,True,False,False,False,0.918,-9.384,6B,0.36396,12_44_46,6B
UK#ERR1439180#25,True,False,False,False,0.988,-9.663,6B,0.04956,12_44_46,6B
UK#ERR1438966#1,True,False,False,False,0.981,-10.432,19A,0.077472,35F,19A
UK#ERR1440080#2,True,True,False,True,0.801,-9.146,UNKNOWN,0.992432,12_44_46,11A
UK#ERR1440080#25,True,True,False,True,0.861,-8.9,UNKNOWN,0.98997,39,11A
UK#ERR1439257#3,True,False,False,False,0.997,-10.711,15A,0.132025,19F,15A
UK#ERR1439257#11,True,False,False,False,0.997,-10.499,15A,0.086721,35A_35C_42,15A
UK#ERR1439276#1,True,True,True,True,0.481,-6.44,UNKNOWN,0.999998,19B_19C,15A
UK#ERR1439276#14,True,False,False,False,0.999,-11.626,15A,0.025885,35A_35C_42,15A
UK#ERR1439390#1,True,False,False,False,0.999,-12.29,9N,0.020021,32,9N
UK#ERR1440626#1,True,True,False,True,0.979,-10.216,UNKNOWN,0.968508,20,18C
UK#ERR1440185#1,True,False,False,False,0.999,-11.911,15A,0.007126,35A_35C_42,15A
UK#ERR1440185#8,True,False,False,False,0.999,-11.234,15A,0.016954,35B_35D,15A
UK#ERR1440675#2,True,False,False,False,0.999,-11.643,23B,0.0427,1,23B
UK#ERR1440675#40,True,False,False,False,0.998,-10.818,23B,0.093656,12_44_46,23B
UK#ERR1438934#14,True,False,False,False,0.999,-11.707,7F,0.05578,Serogroup 24,7F
UK#ERR1438934#26,True,False,False,False,0.999,-11.738,7F,0.016157,35F,7F
UK#ERR1438761#2,True,True,True,True,0.848,-7.779,UNKNOWN,0.998922,Serogroup 24,6A
UK#ERR1438761#6,True,False,False,False,0.894,-9.744,6A,0.001461,35A_35C_42,6A
UK#ERR1438929#10,True,False,False,False,0.999,-11.648,7F,0.047548,Serogroup 24,7F
UK#ERR1438929#24,True,False,False,False,0.999,-11.751,7F,0.01594,35F,7F
UK#ERR1440521#1,True,True,False,True,0.967,-10.69,UNKNOWN,0.698165,12_44_46,11A
UK#ERR1440026#1,True,False,False,False,0.999,-12.194,9N,0.021993,32,9N
UK#ERR1440026#5,True,False,False,False,0.998,-11.343,9N,0.292973,20,9N
UK#ERR1440057#7,True,False,False,False,1.0,-13.005,8,0.002037,32,8
UK#ERR1440057#14,True,False,False,False,1.0,-12.962,8,0.001474,32,8
UK#ERR1439335#16,True,False,False,False,0.999,-11.913,15A,0.006924,35A_35C_42,15A
UK#ERR1439335#24,True,False,False,False,0.997,-10.517,15A,0.494985,35B_35D,15A
UK#ERR1439388#2,True,False,False,False,0.999,-11.439,15A,0.022561,35A_35C_42,15A
UK#ERR1440501#8,False,True,True,True,0.345,-5.2,UNKNOWN,0.999891,35F,19A
UK#ERR1440501#25,True,False,False,False,0.999,-11.738,7F,0.016156,35F,7F
UK#ERR1439940#9,True,True,False,True,0.848,-8.561,UNKNOWN,0.997977,31,19F
UK#ERR1439940#34,True,True,False,True,0.974,-10.505,UNKNOWN,0.964948,35A_35C_42,24F
UK#ERR1439770#20,True,True,True,True,0.498,-7.534,UNKNOWN,0.999157,25A_25F_38,9V
UK#ERR1439770#42,True,False,False,False,0.995,-10.426,9V,0.149194,25A_25F_38,9V
UK#ERR1440276#1,True,True,False,True,0.97,-9.392,UNKNOWN,0.999352,35A_35C_42,7B
UK#ERR1439542#8,True,False,False,False,0.94,-10.411,35B,0.407101,39,35B
UK#ERR1439542#10,True,True,False,True,0.915,-8.906,UNKNOWN,0.998467,28,35B
UK#ERR1439233#1,True,False,False,False,0.999,-11.811,15A,0.00748,35A_35C_42,15A
UK#ERR1439408#1,True,False,False,False,0.726,-9.733,15B,0.023929,19F,15B
UK#ERR1439408#4,True,False,False,False,0.644,-9.445,15B,0.110086,Serogroup 24,15B
UK#ERR1440135#4,True,False,False,False,0.989,-10.588,11A,0.432387,12_44_46,11A
UK#ERR1440135#16,True,True,False,True,0.847,-9.473,UNKNOWN,0.993614,12_44_46,11A
UK#ERR1440281#3,True,False,False,False,0.999,-11.881,1,0.16504,35B_35D,1
UK#ERR1440281#66,True,True,False,True,0.999,-12.156,UNKNOWN,0.540215,18,1
UK#ERR1439741#3,True,False,False,False,0.999,-11.881,1,0.16504,35B_35D,1
UK#ERR1439741#57,True,True,False,True,0.999,-12.156,UNKNOWN,0.540215,18,1
UK#ERR1439201#7,True,False,False,False,0.998,-11.035,19A,0.187357,32,19A
UK#ERR1439201#11,True,False,False,False,1.0,-12.043,19A,0.002783,13,19A
UK#ERR1438901#4,True,False,False,False,0.999,-11.785,1,0.179344,35B_35D,1
UK#ERR1438901#69,True,True,False,True,0.999,-12.216,UNKNOWN,0.549499,20,1
UK#ERR1439373#2,True,True,False,True,0.975,-10.611,UNKNOWN,0.966536,Serogroup 24,12F
UK#ERR1439373#9,True,True,False,True,0.941,-10.504,UNKNOWN,0.944941,Serogroup 24,12F
UK#ERR1438728#1,True,False,False,False,0.979,-10.733,35B,0.370004,Serogroup 24,35B
UK#ERR1438728#27,True,True,False,True,0.971,-10.153,UNKNOWN,0.809323,Serogroup 24,35B
UK#ERR1439839#14,True,False,False,False,0.998,-10.995,4,0.266005,20,4
UK#ERR1439839#21,True,False,False,False,0.999,-12.02,4,0.035305,18,4
UK#ERR1439833#1,True,False,False,False,0.999,-12.035,23B,0.004697,1,23B
UK#ERR1440658#6,True,True,False,True,0.724,-8.884,UNKNOWN,0.998216,19F,15A
UK#ERR1440658#10,True,False,False,False,0.537,-9.121,15B,0.449013,Serogroup 24,15B
UK#ERR1439811#5,True,False,False,False,0.998,-11.239,4,0.430794,20,4
UK#ERR1439811#22,True,False,False,False,0.999,-11.694,4,0.126224,18,4
UK#ERR1439163#5,True,True,True,True,0.586,-7.409,UNKNOWN,0.999831,20,19A
UK#ERR1439163#23,True,False,False,False,0.998,-10.875,19A,0.138173,32,19A
UK#ERR1439955#13,True,False,False,False,0.999,-11.473,23A,0.004256,19F,23A
UK#ERR1440572#17,True,False,False,False,0.999,-11.473,23A,0.004256,19F,23A
UK#ERR1439297#7,True,False,False,False,0.6,-9.572,15B,0.052835,19F,15B
UK#ERR1439297#8,True,False,False,False,0.785,-9.57,15C,0.004823,19F,15C
UK#ERR1438680#10,True,False,False,False,1.0,-12.202,4,0.00438,18,4
UK#ERR1438680#27,True,True,False,True,0.96,-9.231,UNKNOWN,0.977696,20,4
UK#ERR1439920#1,True,True,True,True,0.49,-7.075,UNKNOWN,1.0,35B_35D,8
UK#ERR1439920#5,True,False,False,False,1.0,-13.061,8,0.001655,32,8
UK#ERR1439339#1,True,False,False,False,0.763,-9.642,15B,0.318018,35A_35C_42,15B
UK#ERR1439339#5,True,False,False,False,0.644,-9.445,15B,0.110086,Serogroup 24,15B
UK#ERR1438622#9,True,False,False,False,0.999,-11.872,33F,0.042345,19F,33F
UK#ERR1439241#1,True,True,False,True,0.971,-9.963,UNKNOWN,0.984017,20,18C
UK#ERR1440076#2,True,False,False,False,0.999,-11.825,22F,0.030341,Serogroup 24,22F
UK#ERR1440076#4,True,False,False,False,0.999,-11.547,22F,0.030284,35B_35D,22F
UK#ERR1440454#7,True,False,False,False,0.999,-11.71,10A,0.007985,33B_33D,10A
UK#ERR1440454#26,True,False,False,False,0.999,-11.515,10A,0.060039,20,10A
UK#ERR1439084#1,True,True,False,True,0.978,-8.938,UNKNOWN,0.914984,19B_19C,15A
UK#ERR1439084#32,True,False,False,False,0.999,-11.234,15A,0.016954,35B_35D,15A
UK#ERR1439556#7,True,True,False,True,0.918,-8.254,UNKNOWN,1.0,2,10F
UK#ERR1439556#8,True,True,False,True,0.998,-11.236,UNKNOWN,0.517828,20,10F
UK#ERR1439580#1,True,True,False,True,0.901,-9.938,UNKNOWN,0.877617,Serogroup 24,35B
UK#ERR1439132#4,True,False,False,False,0.999,-11.44,15A,0.022583,35A_35C_42,15A
UK#ERR1440453#3,True,False,False,False,0.997,-10.846,16F,0.46558,12_44_46,16F
UK#ERR1440453#8,True,False,False,False,0.999,-11.509,16F,0.233604,39,16F
UK#ERR1439709#2,True,False,False,False,0.999,-11.651,19A,0.00673,13,19A
UK#ERR1439709#4,True,False,False,False,0.998,-10.946,19A,0.159967,32,19A
UK#ERR1439311#14,True,False,False,False,0.999,-11.911,15A,0.006936,35A_35C_42,15A
UK#ERR1439311#22,True,False,False,False,0.997,-10.517,15A,0.494985,35B_35D,15A
UK#ERR1440491#3,True,False,False,False,0.999,-11.473,23A,0.004256,19F,23A
UK#ERR1439953#6,True,False,False,False,1.0,-13.591,3,0.026563,10D,3
UK#ERR1439474#1,True,False,False,False,1.0,-13.205,8,0.001694,32,8
UK#ERR1438936#2,True,True,False,True,0.941,-10.421,UNKNOWN,0.743295,12_44_46,11A
UK#ERR1440000#1,True,True,False,True,0.978,-9.046,UNKNOWN,0.83395,13,15A
UK#ERR1440000#24,True,True,True,True,0.747,-7.381,UNKNOWN,0.999571,19F,15A
UK#ERR1438753#1,True,True,True,True,0.269,-5.932,UNKNOWN,0.999999,19F,23F
UK#ERR1438753#8,True,True,False,True,0.984,-10.126,UNKNOWN,0.97546,19B_19C,35B
UK#ERR1439886#1,True,True,False,True,0.882,-9.469,UNKNOWN,0.748849,19A,20A
UK#ERR1439886#3,True,False,False,False,0.977,-10.343,20B,0.030536,20,20B
UK#ERR1439884#1,True,True,False,True,0.992,-10.86,UNKNOWN,0.793985,19F,17F
UK#ERR1439884#14,True,False,False,False,1.0,-12.349,17F,0.016299,19F,17F
UK#ERR1438782#2,True,False,False,False,0.999,-12.031,23B,0.004728,1,23B
UK#ERR1438909#3,True,False,False,False,0.999,-11.972,33F,0.045928,19F,33F
UK#ERR1438909#13,True,False,False,False,0.999,-11.971,33F,0.064009,19F,33F
UK#ERR1438695#12,True,True,False,True,0.906,-9.995,UNKNOWN,0.976959,35B_35D,18C
UK#ERR1438695#41,True,True,False,True,0.991,-10.373,UNKNOWN,0.960847,35B_35D,18C
UK#ERR1439674#2,True,False,False,False,0.978,-10.366,19A,0.058192,35F,19A
UK#ERR1438787#1,True,False,False,False,0.999,-12.035,23B,0.004697,1,23B
UK#ERR1440484#4,True,False,False,False,0.999,-11.881,1,0.16504,35B_35D,1
UK#ERR1440484#66,True,True,False,True,0.999,-12.156,UNKNOWN,0.540215,18,1
UK#ERR1440432#6,True,False,False,False,1.0,-12.039,14,0.000172,39,14
UK#ERR1440432#23,True,True,True,True,0.756,-8.138,UNKNOWN,0.999636,39,9V
UK#ERR1439465#1,True,True,False,True,0.996,-10.768,UNKNOWN,0.853216,32,34
UK#ERR1439465#18,True,False,False,False,0.999,-12.066,34,0.007026,32,34
UK#ERR1440615#1,True,False,False,False,1.0,-12.161,14,0.000265,28,14
UK#ERR1440615#29,True,False,False,False,0.999,-11.37,14,0.021087,39,14
UK#ERR1438987#1,True,True,False,True,0.997,-10.629,UNKNOWN,0.662901,32,2
UK#ERR1438945#2,True,False,False,False,0.999,-11.971,19A,0.004846,13,19A
UK#ERR1439836#16,True,True,False,True,0.96,-9.133,UNKNOWN,0.982289,Serogroup 24,4
UK#ERR1439836#23,True,False,False,False,1.0,-12.172,4,0.004839,18,4
UK#ERR1439942#3,True,False,False,False,0.999,-11.656,10A,0.011578,33B_33D,10A
UK#ERR1439942#26,True,False,False,False,0.999,-11.624,10A,0.048366,33B_33D,10A
UK#ERR1439002#41,True,True,False,True,0.986,-9.465,UNKNOWN,0.964004,35A_35C_42,15A
UK#ERR1439002#53,True,True,True,True,0.673,-7.822,UNKNOWN,0.999947,19F,15A
UK#ERR1439332#3,True,True,False,True,0.981,-9.123,UNKNOWN,0.783403,35B_35D,15A
UK#ERR1439332#7,True,False,False,False,0.999,-11.234,15A,0.016954,35B_35D,15A
UK#ERR1440096#1,True,True,False,True,0.998,-11.223,UNKNOWN,0.888843,32,27
UK#ERR1439513#1,True,True,False,True,0.947,-10.539,UNKNOWN,0.994746,Serogroup 24,12F
UK#ERR1439513#7,True,False,False,False,0.999,-11.844,12F,0.160122,Serogroup 24,12F
UK#ERR1440267#1,True,False,False,False,1.0,-13.155,8,0.001829,32,8
UK#ERR1438932#2,True,True,False,True,0.997,-10.723,UNKNOWN,0.54723,25A_25F_38,33F
UK#ERR1438932#20,True,False,False,False,0.996,-11.181,33F,0.483813,19F,33F
UK#ERR1438902#4,True,True,False,True,0.977,-9.189,UNKNOWN,0.999376,32,17F
UK#ERR1438902#16,True,False,False,False,0.999,-12.191,17F,0.038858,19F,17F
UK#ERR1439246#1,True,True,False,True,0.971,-9.963,UNKNOWN,0.984018,20,18C
UK#ERR1440082#12,True,False,False,False,1.0,-12.005,19A,0.003967,13,19A
UK#ERR1438940#4,True,True,False,True,0.997,-10.723,UNKNOWN,0.54723,25A_25F_38,33F
UK#ERR1438940#19,True,False,False,False,0.996,-11.181,33F,0.483813,19F,33F
UK#ERR1439713#1,True,False,False,False,0.961,-10.214,6A,0.001286,12_44_46,6A
UK#ERR1440170#7,True,False,False,False,0.999,-11.393,22F,0.068845,34,22F
UK#ERR1440170#26,True,False,False,False,1.0,-12.496,22F,0.000789,Serogroup 24,22F
UK#ERR1439444#5,True,True,False,True,0.998,-11.195,UNKNOWN,0.587428,20,10F
UK#ERR1439444#30,True,True,True,True,0.357,-6.102,UNKNOWN,0.999999,Serogroup 24,15B
UK#ERR1440167#1,True,False,False,False,0.998,-11.217,33F,0.43255,19F,33F
UK#ERR1440167#4,True,False,False,False,0.999,-11.972,33F,0.045928,19F,33F
UK#ERR1439902#1,True,False,False,False,0.917,-10.244,38,0.04661,39,38
UK#ERR1439902#21,True,False,False,False,0.984,-10.829,38,0.065958,12_44_46,38
UK#ERR1439636#1,True,False,False,False,0.999,-11.96,23F,0.009323,19F,23F
UK#ERR1438666#2,True,False,False,False,0.922,-10.258,38,0.065231,39,38
UK#ERR1438666#22,True,False,False,False,0.976,-10.603,38,0.164265,12_44_46,38
UK#ERR1439901#2,True,True,False,True,0.986,-11.069,UNKNOWN,0.964706,39,12F
UK#ERR1439901#8,True,True,False,True,0.941,-10.504,UNKNOWN,0.944941,Serogroup 24,12F
UK#ERR1440323#3,True,False,False,False,0.922,-10.258,38,0.065231,39,38
UK#ERR1440323#16,False,True,True,True,0.209,-5.454,UNKNOWN,0.999997,Serogroup 24,14
UK#ERR1438839#6,True,False,False,False,0.999,-11.753,7F,0.013895,35F,7F
UK#ERR1439124#3,True,False,False,False,0.994,-10.508,9V,0.082827,25A_25F_38,9V
UK#ERR1439124#23,True,True,True,True,0.79,-7.912,UNKNOWN,0.999754,25A_25F_38,9V
UK#ERR1438732#4,True,True,False,True,0.995,-11.052,UNKNOWN,1.0,10D,39
UK#ERR1438630#5,True,True,False,True,0.966,-10.686,UNKNOWN,0.706839,12_44_46,11A
UK#ERR1440653#2,True,False,False,False,0.999,-11.807,15A,0.007805,35A_35C_42,15A
UK#ERR1440664#1,True,True,False,True,0.998,-11.211,UNKNOWN,0.893727,32,27
UK#ERR1440159#2,True,True,False,True,0.997,-10.978,UNKNOWN,0.623128,32,12F
UK#ERR1440159#25,True,False,False,False,0.999,-11.962,12F,0.080837,Serogroup 24,12F
UK#ERR1438965#1,True,False,False,False,0.985,-10.496,19A,0.101714,35F,19A
UK#ERR1439938#5,True,False,False,False,1.0,-12.962,8,0.001474,32,8
UK#ERR1439938#13,True,False,False,False,1.0,-12.905,8,0.002065,32,8
UK#ERR1439105#9,True,False,False,False,0.997,-10.499,15A,0.086721,35A_35C_42,15A
UK#ERR1439105#21,True,False,False,False,0.999,-11.91,15A,0.007337,35A_35C_42,15A
UK#ERR1440298#5,True,True,False,True,0.99,-9.382,UNKNOWN,0.828948,12_44_46,6A
UK#ERR1440298#6,True,False,False,False,0.973,-10.006,6A,0.006613,12_44_46,6A
UK#ERR1439835#22,True,False,False,False,0.999,-11.786,5,0.149442,35B_35D,5
UK#ERR1439835#58,True,False,False,False,0.999,-11.55,5,0.14522,20,5
UK#ERR1439907#1,True,True,False,True,0.947,-10.539,UNKNOWN,0.994746,Serogroup 24,12F
UK#ERR1439907#7,True,False,False,False,0.999,-11.93,12F,0.091397,Serogroup 24,12F
UK#ERR1439676#27,True,True,True,True,0.498,-7.534,UNKNOWN,0.999157,25A_25F_38,9V
UK#ERR1439676#45,True,False,False,False,0.995,-10.426,9V,0.149194,25A_25F_38,9V
UK#ERR1438963#6,True,True,True,True,0.494,-7.686,UNKNOWN,0.93573,35F,19F
UK#ERR1438963#21,True,False,False,False,1.0,-11.931,19A,0.003731,13,19A
UK#ERR1440587#3,True,False,False,False,1.0,-12.956,3,0.062376,28,3
UK#ERR1438984#10,True,True,False,True,0.997,-11.228,UNKNOWN,0.932852,15,29
UK#ERR1438984#28,True,True,False,True,0.947,-8.855,UNKNOWN,1.0,Serogroup 24,29
UK#ERR1440301#14,True,True,False,True,0.975,-8.975,UNKNOWN,0.86306,35B_35D,15A
UK#ERR1440301#28,True,False,False,False,0.996,-10.09,15A,0.070474,48,15A
UK#ERR1439796#2,True,False,False,False,0.984,-9.597,19F,0.43928,35F,19F
UK#ERR1439796#16,True,True,True,True,0.425,-6.505,UNKNOWN,1.0,33B_33D,6C
UK#ERR1438703#1,True,True,False,True,0.977,-9.159,UNKNOWN,1.0,10D,1
UK#ERR1438703#18,True,True,False,True,0.757,-8.479,UNKNOWN,0.999595,Serogroup 24,2
UK#ERR1440393#1,True,True,False,True,0.977,-9.099,UNKNOWN,0.978659,10,9V
UK#ERR1440393#29,True,True,False,True,0.986,-9.361,UNKNOWN,0.906415,25A_25F_38,9V
UK#ERR1439840#29,True,False,False,False,0.999,-12.068,4,0.015804,18,4
UK#ERR1439840#33,True,True,False,True,0.973,-9.47,UNKNOWN,0.961216,20,4
UK#ERR1439099#1,True,False,False,False,0.981,-10.434,19A,0.077616,35F,19A
UK#ERR1440043#1,True,False,False,False,1.0,-12.655,8,0.022015,32,8
UK#ERR1440043#4,True,False,False,False,1.0,-12.462,8,0.010031,32,8
UK#ERR1438665#2,True,True,False,True,0.871,-8.919,UNKNOWN,0.516074,19F,15C
UK#ERR1438665#5,True,False,False,False,0.644,-9.445,15B,0.110086,Serogroup 24,15B
UK#ERR1439828#1,True,True,True,True,0.587,-6.511,UNKNOWN,1.0,35B_35D,15A
UK#ERR1439828#16,True,False,False,False,0.905,-9.309,6A,0.010918,35A_35C_42,6A
UK#ERR1440346#1,True,False,False,False,0.999,-11.435,17F,0.169981,19F,17F
UK#ERR1438632#7,True,False,False,False,0.999,-11.756,19A,0.005005,13,19A
UK#ERR1439077#1,True,False,False,False,0.999,-11.44,15A,0.022583,35A_35C_42,15A
UK#ERR1440637#1,True,False,False,False,0.619,-9.595,6A,0.002041,12_44_46,6A
UK#ERR1438795#3,True,True,False,True,0.949,-9.138,UNKNOWN,1.0,35A_35C_42,48
UK#ERR1438795#22,True,True,False,True,0.985,-9.995,UNKNOWN,0.999951,Serogroup 24,48
UK#ERR1440423#7,True,False,False,False,0.999,-11.5,10A,0.024952,20,10A
UK#ERR1440423#28,True,False,False,False,0.997,-10.679,10A,0.48209,20,10A
UK#ERR1439310#9,True,True,False,True,0.994,-10.249,UNKNOWN,0.719293,35F,19F
UK#ERR1439310#18,True,False,False,False,0.999,-11.014,19F,0.008469,20,19F
UK#ERR1440063#3,True,False,False,False,0.999,-11.92,19A,0.006499,13,19A
UK#ERR1440647#2,True,False,False,False,0.999,-11.643,23B,0.0427,1,23B
UK#ERR1440647#33,True,True,False,True,0.994,-9.787,UNKNOWN,0.582169,35F,23B
UK#ERR1439130#7,True,False,False,False,0.999,-11.911,15A,0.006894,35A_35C_42,15A
UK#ERR1439130#25,True,True,False,True,0.96,-8.906,UNKNOWN,0.98375,Serogroup 24,15A
UK#ERR1440211#4,True,False,False,False,0.999,-11.881,1,0.16504,35B_35D,1
UK#ERR1440211#59,True,True,False,True,0.999,-12.156,UNKNOWN,0.540215,18,1
UK#ERR1439199#3,True,False,False,False,0.999,-11.805,15A,0.00787,35A_35C_42,15A
UK#ERR1440352#1,True,True,True,True,0.833,-7.596,UNKNOWN,0.999998,10D,46
UK#ERR1440352#37,True,True,False,True,0.851,-9.827,UNKNOWN,0.89207,10D,46
UK#ERR1438877#2,True,True,False,True,0.782,-8.782,UNKNOWN,0.994329,Serogroup 24,15B
UK#ERR1438877#6,True,True,False,True,0.874,-9.336,UNKNOWN,0.949457,Serogroup 24,15B
UK#ERR1438983#2,True,False,False,False,1.0,-12.424,22F,0.00133,Serogroup 24,22F
UK#ERR1438983#11,True,False,False,False,1.0,-12.788,22F,0.000729,34,22F
UK#ERR1440460#2,True,True,False,True,0.939,-10.273,UNKNOWN,0.945881,12_44_46,11A
UK#ERR1440460#3,True,True,True,True,0.617,-6.713,UNKNOWN,0.999999,35B_35D,22F
UK#ERR1440299#1,True,True,False,True,0.947,-10.539,UNKNOWN,0.994749,Serogroup 24,12F
UK#ERR1440299#6,True,False,False,False,0.999,-11.726,12F,0.156135,Serogroup 24,12F
UK#ERR1439013#5,True,False,False,False,1.0,-12.005,19A,0.003905,13,19A
UK#ERR1439306#4,True,True,False,True,0.981,-9.123,UNKNOWN,0.783403,35B_35D,15A
UK#ERR1439306#18,True,False,False,False,0.999,-11.652,15A,0.020243,35A_35C_42,15A
UK#ERR1439671#1,True,False,False,False,1.0,-11.98,23F,0.004705,19F,23F
UK#ERR1439965#19,True,True,True,True,0.59,-7.472,UNKNOWN,1.0,19F,18C
UK#ERR1439965#23,True,True,False,True,0.992,-9.724,UNKNOWN,0.757893,35B_35D,6C
UK#ERR1440335#8,True,True,True,True,0.512,-6.924,UNKNOWN,1.0,15B/C,6C
UK#ERR1440335#11,True,False,False,False,0.997,-10.624,31,0.436527,20,31
UK#ERR1440145#2,True,False,False,False,0.999,-11.672,23B,0.037536,1,23B
UK#ERR1440145#44,True,False,False,False,0.997,-10.498,23B,0.059681,12_44_46,23B
UK#ERR1440164#3,True,False,False,False,1.0,-12.76,8,0.027464,32,8
UK#ERR1440164#6,True,False,False,False,1.0,-12.596,8,0.009304,32,8
UK#ERR1439856#2,True,True,False,True,0.882,-9.468,UNKNOWN,0.999997,1,35C
UK#ERR1439055#1,True,False,False,False,0.999,-11.805,15A,0.007895,35A_35C_42,15A
UK#ERR1440119#1,True,False,False,False,1.0,-13.156,8,0.001836,32,8
UK#ERR1439730#1,True,False,False,False,1.0,-12.002,19A,0.003949,13,19A
UK#ERR1439893#1,True,False,False,False,0.999,-12.037,23B,0.004667,1,23B
UK#ERR1439302#8,True,True,False,True,0.919,-10.276,UNKNOWN,0.588543,39,35B
UK#ERR1438872#1,True,False,False,False,0.999,-12.194,9N,0.021993,32,9N
UK#ERR1438872#5,True,False,False,False,0.999,-12.261,9N,0.067335,32,9N
UK#ERR1439020#1,False,True,True,True,0.259,-5.536,UNKNOWN,0.99999,35F,19A
UK#ERR1439295#1,True,False,False,False,0.85,-9.845,15B,0.156114,Serogroup 24,15B
UK#ERR1439295#5,True,False,False,False,0.644,-9.445,15B,0.110086,Serogroup 24,15B
UK#ERR1439552#1,True,True,False,True,0.987,-9.46,UNKNOWN,0.596818,16F,14
UK#ERR1439552#21,True,False,False,False,0.999,-11.91,15A,0.007336,35A_35C_42,15A
UK#ERR1439114#16,True,False,False,False,0.999,-11.973,19A,0.004579,13,19A
UK#ERR1438995#1,True,True,False,True,0.986,-10.139,UNKNOWN,0.999866,35A_35C_42,36
UK#ERR1438694#17,True,False,False,False,1.0,-12.313,17F,0.019551,19F,17F
UK#ERR1438694#38,True,True,False,True,0.993,-10.84,UNKNOWN,0.800384,19F,17F
UK#ERR1439544#10,True,False,False,False,0.998,-11.208,13,0.381112,19F,13
UK#ERR1439944#4,True,False,False,False,0.962,-10.379,38,0.165947,39,38
UK#ERR1439944#14,True,False,False,False,0.92,-10.256,38,0.049317,39,38
UK#ERR1439980#5,True,False,False,False,1.0,-12.574,8,0.006718,32,8
UK#ERR1439980#6,True,False,False,False,0.998,-11.793,8,0.429453,32,8
UK#ERR1439292#4,True,False,False,False,0.999,-11.615,7C,0.133006,12_44_46,7C
UK#ERR1439292#23,True,True,False,True,0.997,-10.845,UNKNOWN,0.54037,12_44_46,7C
UK#ERR1440284#9,True,False,False,False,0.999,-11.509,21,0.006567,6E,21
UK#ERR1440284#25,True,False,False,False,0.997,-10.682,21,0.458668,35B_35D,21
UK#ERR1439409#1,True,True,False,True,0.883,-8.56,UNKNOWN,0.991458,19F,15C
UK#ERR1439409#6,True,True,False,True,0.638,-9.32,UNKNOWN,0.599903,19F,15B
UK#ERR1439803#1,True,False,False,False,0.98,-10.667,35B,0.462066,Serogroup 24,35B
UK#ERR1439803#6,True,True,False,True,0.974,-10.333,UNKNOWN,0.732777,Serogroup 24,35B
UK#ERR1438979#2,True,True,False,True,0.973,-10.763,UNKNOWN,0.902384,12_44_46,11A
UK#ERR1438979#28,True,True,False,True,0.927,-9.88,UNKNOWN,0.982673,12_44_46,11A
UK#ERR1438681#5,True,True,True,True,0.867,-7.866,UNKNOWN,0.999927,20,5
UK#ERR1438681#19,True,True,False,True,0.994,-10.318,UNKNOWN,0.783167,48,4
UK#ERR1439426#1,True,True,False,True,0.998,-11.226,UNKNOWN,0.887902,32,27
UK#ERR1439650#1,True,True,False,True,0.976,-9.321,UNKNOWN,0.98367,Serogroup 24,35B
UK#ERR1439650#3,True,False,False,False,0.979,-10.734,35B,0.37835,Serogroup 24,35B
UK#ERR1439526#1,True,False,False,False,0.981,-10.432,19A,0.077472,35F,19A
UK#ERR1439679#5,True,True,False,True,0.994,-10.109,UNKNOWN,0.796664,39,14
UK#ERR1439679#31,True,False,False,False,1.0,-12.119,14,0.000201,28,14
UK#ERR1439670#9,True,False,False,False,1.0,-12.043,19A,0.002783,13,19A
UK#ERR1439670#40,True,False,False,False,0.998,-10.853,19A,0.243697,32,19A
UK#ERR1439167#5,True,True,False,True,0.981,-9.123,UNKNOWN,0.783403,35B_35D,15A
UK#ERR1439167#9,True,False,False,False,0.998,-10.703,15A,0.054818,35B_35D,15A
UK#ERR1439191#9,True,False,False,False,0.998,-11.289,19A,0.017767,13,19A
UK#ERR1439191#33,True,True,True,True,0.436,-6.417,UNKNOWN,0.999998,48,11A
UK#ERR1439506#1,True,False,False,False,0.999,-12.194,9N,0.021993,32,9N
UK#ERR1439506#23,True,False,False,False,0.999,-12.251,9N,0.068712,32,9N
UK#ERR1440470#2,True,False,False,False,0.93,-10.198,20B,0.035564,20,20B
UK#ERR1440470#21,True,False,False,False,0.955,-10.172,20B,0.227884,20,20B
UK#ERR1440188#1,True,False,False,False,1.0,-13.215,8,0.001719,32,8
UK#ERR1439360#2,True,True,False,True,0.993,-10.342,UNKNOWN,0.829173,20,4
UK#ERR1439360#28,True,False,False,False,0.999,-11.926,4,0.035694,18,4
UK#ERR1439859#2,True,False,False,False,0.992,-10.243,9V,0.316934,25A_25F_38,9V
UK#ERR1440597#5,True,True,False,True,0.784,-8.191,UNKNOWN,1.0,9,36
UK#ERR1439756#20,True,True,False,True,0.981,-8.96,UNKNOWN,0.945472,18,19A
UK#ERR1439756#37,True,False,False,False,0.998,-10.853,19A,0.243697,32,19A
UK#ERR1439396#3,True,True,False,True,0.998,-11.226,UNKNOWN,0.887902,32,27
UK#ERR1440609#2,True,False,False,False,0.994,-10.508,9V,0.082827,25A_25F_38,9V
UK#ERR1440609#20,True,True,True,True,0.498,-7.534,UNKNOWN,0.999157,25A_25F_38,9V
UK#ERR1440509#7,True,False,False,False,0.999,-11.509,16F,0.233604,39,16F
UK#ERR1440509#25,True,True,False,True,0.994,-10.094,UNKNOWN,0.770692,39,16F
UK#ERR1439493#2,True,False,False,False,1.0,-12.424,22F,0.00133,Serogroup 24,22F
UK#ERR1439493#6,True,False,False,False,0.998,-11.247,22F,0.106007,34,22F
UK#ERR1440533#1,True,False,False,False,0.999,-11.866,33F,0.042592,19F,33F
UK#ERR1440024#1,True,False,False,False,0.999,-11.473,23A,0.004256,19F,23A
UK#ERR1440088#1,True,False,False,False,0.981,-10.432,19A,0.077472,35F,19A
UK#ERR1439874#3,True,False,False,False,0.999,-11.881,1,0.16504,35B_35D,1
UK#ERR1439874#61,True,True,False,True,0.999,-12.156,UNKNOWN,0.540215,18,1
UK#ERR1440114#12,True,True,True,True,0.812,-7.935,UNKNOWN,0.999999,35B_35D,11A
UK#ERR1440114#25,True,True,False,True,0.994,-10.35,UNKNOWN,0.778822,35B_35D,21
UK#ERR1439478#3,True,False,False,False,1.0,-12.424,22F,0.00133,Serogroup 24,22F
UK#ERR1439478#7,True,False,False,False,0.998,-11.247,22F,0.106007,34,22F
UK#ERR1439739#7,True,True,False,True,0.88,-8.261,UNKNOWN,0.997708,Serogroup 24,6A
UK#ERR1439739#21,True,False,False,False,0.908,-9.816,6A,0.001708,12_44_46,6A
UK#ERR1440117#3,True,False,False,False,1.0,-13.591,3,0.026563,10D,3
UK#ERR1440166#5,True,False,False,False,0.998,-11.247,22F,0.106007,34,22F
UK#ERR1440166#27,True,False,False,False,1.0,-12.249,22F,0.005633,Serogroup 24,22F
UK#ERR1440494#3,True,False,False,False,0.998,-11.372,16F,0.103976,39,16F
UK#ERR1440494#8,True,False,False,False,0.998,-11.424,16F,0.261756,15B/C,16F
UK#ERR1438813#2,True,True,False,True,0.872,-8.687,UNKNOWN,1.0,13,18F
UK#ERR1438813#14,True,True,True,True,0.312,-7.477,UNKNOWN,1.0,33B_33D,18F
UK#ERR1439891#1,True,False,False,False,0.957,-10.204,6A,0.001265,12_44_46,6A
UK#ERR1439729#1,True,False,False,False,0.999,-11.971,19A,0.004846,13,19A
UK#ERR1439610#1,True,True,False,True,0.998,-11.227,UNKNOWN,0.886587,32,27
UK#ERR1439937#7,True,False,False,False,0.999,-11.299,22F,0.106971,34,22F
UK#ERR1439937#8,True,False,False,False,1.0,-12.44,22F,0.001669,Serogroup 24,22F
UK#ERR1438832#2,True,False,False,False,0.999,-11.768,19A,0.007213,13,19A
UK#ERR1438832#35,True,True,True,True,0.67,-7.203,UNKNOWN,0.999586,32,19A
UK#ERR1439222#3,True,False,False,False,1.0,-11.962,19A,0.003615,13,19A
UK#ERR1440344#3,True,True,False,True,0.937,-8.209,UNKNOWN,0.999912,Serogroup 24,20B
UK#ERR1440344#8,True,True,False,True,0.979,-9.828,UNKNOWN,0.831663,20,20B
UK#ERR1440020#16,True,True,False,True,0.93,-8.987,UNKNOWN,0.968783,Serogroup 24,6C
UK#ERR1440020#24,True,True,False,True,0.975,-10.422,UNKNOWN,0.708501,15B/C,6C
UK#ERR1438796#1,True,True,False,True,0.919,-8.806,UNKNOWN,1.0,19F,48
UK#ERR1438796#34,True,True,False,True,0.989,-10.507,UNKNOWN,0.995164,10D,48
UK#ERR1439648#26,True,False,False,False,0.997,-10.342,19A,0.111091,35A_35C_42,19A
UK#ERR1439648#34,True,False,False,False,0.988,-10.247,19A,0.412892,35F,19A
UK#ERR1438755#1,True,False,False,False,0.979,-10.733,35B,0.370004,Serogroup 24,35B
UK#ERR1438755#29,True,True,False,True,0.947,-9.108,UNKNOWN,0.993859,39,35B
UK#ERR1438653#6,True,False,False,False,0.922,-10.258,38,0.065231,39,38
UK#ERR1438653#24,True,False,False,False,0.988,-10.911,38,0.069413,12_44_46,38
UK#ERR1440576#1,True,True,False,True,0.901,-10.032,UNKNOWN,0.821198,Serogroup 24,35B
UK#ERR1439046#7,True,False,False,False,0.998,-10.792,19A,0.277762,32,19A
UK#ERR1439046#12,True,False,False,False,1.0,-12.043,19A,0.002783,13,19A
UK#ERR1439747#4,True,False,False,False,0.999,-11.881,1,0.16504,35B_35D,1
UK#ERR1439747#61,True,True,False,True,0.999,-12.156,UNKNOWN,0.540215,18,1
UK#ERR1438845#22,True,False,False,False,0.998,-11.153,6C,0.263793,15B/C,6C
UK#ERR1438845#48,True,True,False,True,0.984,-9.829,UNKNOWN,0.965196,15B/C,6C
UK#ERR1439127#1,True,False,False,False,0.999,-11.813,15A,0.007493,35A_35C_42,15A
UK#ERR1440428#1,True,True,False,True,0.966,-10.688,UNKNOWN,0.705165,12_44_46,11A
UK#ERR1438649#21,True,True,False,True,0.993,-10.844,UNKNOWN,0.720183,19F,33F
UK#ERR1438649#30,True,True,False,True,0.996,-10.574,UNKNOWN,0.61566,15B/C,33F
UK#ERR1439333#22,True,False,False,False,0.999,-11.589,15A,0.023978,19B_19C,15A
UK#ERR1439333#23,True,False,False,False,0.997,-10.499,15A,0.086721,35A_35C_42,15A
UK#ERR1439651#1,True,False,False,False,0.999,-12.032,23B,0.004992,1,23B
UK#ERR1439242#4,True,False,False,False,1.0,-11.7,19F,0.000696,20,19F
UK#ERR1439242#22,True,False,False,False,0.784,-8.463,23A,0.155333,31,23A
UK#ERR1439443#1,True,True,False,True,0.919,-10.27,UNKNOWN,0.589014,39,35B
UK#ERR1440679#2,True,True,False,True,0.997,-11.35,UNKNOWN,0.85353,12_44_46,29
UK#ERR1440679#25,True,True,False,True,0.888,-8.235,UNKNOWN,1.0,35B_35D,29
UK#ERR1439806#6,True,False,False,False,0.999,-12.084,35F,0.013397,12_44_46,35F
UK#ERR1440221#5,True,False,False,False,0.998,-11.392,6C,0.167791,15B/C,6C
UK#ERR1440221#6,True,True,False,True,0.986,-9.637,UNKNOWN,0.966545,35B_35D,6C
UK#ERR1439440#1,True,True,False,True,0.981,-9.044,UNKNOWN,0.880335,19B_19C,15A
UK#ERR1439440#23,True,True,True,True,0.645,-8.014,UNKNOWN,1.0,Serogroup 24,19B
UK#ERR1438804#5,True,False,False,False,0.997,-10.629,9V,0.040868,25A_25F_38,9V
UK#ERR1438804#24,True,True,True,True,0.784,-7.95,UNKNOWN,0.999779,25A_25F_38,9V
UK#ERR1439208#1,True,False,False,False,0.999,-11.813,15A,0.007493,35A_35C_42,15A
UK#ERR1440581#1,True,False,False,False,1.0,-13.529,3,0.048758,9,3
UK#ERR1440222#2,True,False,False,False,0.999,-11.346,9V,0.006452,25A_25F_38,9V
UK#ERR1439538#1,True,True,False,True,0.967,-10.698,UNKNOWN,0.72285,12_44_46,11A
UK#ERR1439045#4,True,True,True,True,0.27,-6.236,UNKNOWN,1.0,19F,33B
UK#ERR1439045#44,True,True,True,True,0.676,-8.09,UNKNOWN,0.999933,19F,15A
UK#ERR1439298#10,True,True,False,True,0.979,-9.687,UNKNOWN,0.991168,19F,18C
UK#ERR1439298#19,True,True,False,True,0.991,-10.373,UNKNOWN,0.960847,35B_35D,18C
UK#ERR1439696#18,True,False,False,False,1.0,-12.043,19A,0.002782,13,19A
UK#ERR1439696#47,True,False,False,False,0.998,-10.946,19A,0.159967,32,19A
UK#ERR1439712#1,True,False,False,False,0.999,-11.792,34,0.030611,32,34
UK#ERR1438699#14,True,True,True,True,0.716,-8.025,UNKNOWN,0.706758,35B_35D,23F
UK#ERR1438699#24,True,False,False,False,0.999,-11.898,22F,0.015237,34,22F
UK#ERR1439125#1,True,False,False,False,0.975,-10.311,19A,0.044052,35F,19A
UK#ERR1439183#1,True,True,False,True,0.981,-9.123,UNKNOWN,0.783403,35B_35D,15A
UK#ERR1439183#9,True,True,True,True,0.262,-5.617,UNKNOWN,0.999995,10,15C
UK#ERR1439862#1,True,True,False,True,0.887,-8.752,UNKNOWN,0.8548,19F,15C
UK#ERR1439862#4,True,False,False,False,0.537,-9.121,15B,0.449013,Serogroup 24,15B
UK#ERR1440282#1,True,True,False,True,0.994,-10.805,UNKNOWN,0.699017,19F,17F
UK#ERR1440282#15,True,False,False,False,1.0,-12.349,17F,0.016359,19F,17F
UK#ERR1439726#24,True,True,True,True,0.68,-7.341,UNKNOWN,0.999832,12_44_46,6A
UK#ERR1439726#37,True,False,False,False,0.999,-11.427,13,0.115226,19F,13
UK#ERR1439203#1,True,False,False,False,0.999,-11.813,15A,0.007493,35A_35C_42,15A
UK#ERR1439488#5,True,False,False,False,0.999,-11.91,15A,0.006825,35A_35C_42,15A
UK#ERR1439488#25,True,False,False,False,0.997,-10.485,15A,0.304758,35B_35D,15A
UK#ERR1440305#3,True,False,False,False,0.994,-10.508,9V,0.082827,25A_25F_38,9V
UK#ERR1440305#21,True,True,False,True,0.753,-8.343,UNKNOWN,0.998588,25A_25F_38,9V
UK#ERR1440370#3,True,False,False,False,0.999,-12.297,1,0.09244,10D,1
UK#ERR1440370#58,True,True,False,True,0.999,-12.156,UNKNOWN,0.540215,18,1
UK#ERR1439308#4,True,True,False,True,0.871,-8.482,UNKNOWN,1.0,15B/C,4
UK#ERR1439308#13,True,True,False,True,0.895,-8.579,UNKNOWN,0.974905,19F,15C
UK#ERR1440311#5,True,False,False,False,0.983,-10.336,20B,0.102321,20,20B
UK#ERR1440311#22,True,True,False,True,0.911,-9.609,UNKNOWN,0.651991,20,20B
UK#ERR1439181#1,True,True,False,True,0.99,-9.979,UNKNOWN,0.875701,20,19F
UK#ERR1439181#14,True,False,False,False,1.0,-11.67,19F,0.000541,20,19F
UK#ERR1439984#1,True,True,True,True,0.602,-8.006,UNKNOWN,0.952347,35F,19A
UK#ERR1439984#19,True,False,False,False,1.0,-12.155,19A,0.002072,13,19A
UK#ERR1440075#25,True,False,False,False,0.999,-11.743,7F,0.015929,35F,7F
UK#ERR1440075#35,True,False,False,False,0.999,-12.023,7F,0.084218,Serogroup 24,7F
UK#ERR1439897#1,True,False,False,False,1.0,-13.215,8,0.001719,32,8
UK#ERR1439832#1,True,False,False,False,0.999,-11.78,4,0.056022,20,4
UK#ERR1439832#16,True,True,False,True,0.934,-9.242,UNKNOWN,0.999989,21,4
UK#ERR1439381#5,True,False,False,False,0.831,-9.827,15B,0.051927,Serogroup 24,15B
UK#ERR1440244#20,True,True,False,True,0.931,-8.754,UNKNOWN,0.990353,Serogroup 24,4
UK#ERR1440244#63,True,False,False,False,0.998,-10.971,4,0.321388,19B_19C,4
UK#ERR1438931#3,True,False,False,False,1.0,-12.956,3,0.062376,28,3
UK#ERR1439115#3,True,True,True,True,0.468,-7.718,UNKNOWN,0.923583,35F,19F
UK#ERR1439115#21,True,False,False,False,1.0,-12.157,19A,0.002084,13,19A
UK#ERR1439888#1,True,False,False,False,1.0,-12.002,19A,0.003949,13,19A
UK#ERR1438617#1,True,False,False,False,0.999,-11.473,23A,0.004256,19F,23A
UK#ERR1439471#6,True,False,False,False,1.0,-12.113,14,0.000199,28,14
UK#ERR1439471#8,True,False,False,False,0.999,-11.603,14,0.012552,39,14
UK#ERR1440439#5,True,False,False,False,0.999,-11.775,34,0.032454,32,34
UK#ERR1440054#1,True,True,False,True,0.847,-9.475,UNKNOWN,0.993569,12_44_46,11A
UK#ERR1440054#35,True,True,False,True,0.929,-9.586,UNKNOWN,0.928871,12_44_46,11A
UK#ERR1440256#1,True,False,False,False,0.666,-9.608,6B,0.004189,12_44_46,6B
UK#ERR1439529#1,True,False,False,False,1.0,-13.529,3,0.048758,9,3
UK#ERR1438981#1,True,False,False,False,0.999,-11.971,19A,0.004848,13,19A
UK#ERR1439585#3,True,True,False,True,0.977,-10.795,UNKNOWN,0.980606,39,12F
UK#ERR1439585#9,True,True,False,True,0.941,-10.505,UNKNOWN,0.945017,Serogroup 24,12F
UK#ERR1439751#1,True,False,False,False,0.999,-11.881,1,0.16504,35B_35D,1
UK#ERR1439751#59,True,True,False,True,0.999,-12.156,UNKNOWN,0.540215,18,1
UK#ERR1439210#1,True,True,False,True,0.977,-10.189,UNKNOWN,0.970454,20,18C
UK#ERR1439530#2,True,False,False,False,0.999,-11.706,10A,0.007803,33B_33D,10A
UK#ERR1439530#24,True,False,False,False,0.999,-11.515,10A,0.060039,20,10A
UK#ERR1440330#1,True,False,False,False,1.0,-12.362,17F,0.014204,19F,17F
UK#ERR1440330#10,True,True,False,True,0.995,-10.89,UNKNOWN,0.720681,19F,17F
UK#ERR1439320#1,True,False,False,False,0.999,-11.807,15A,0.007787,35A_35C_42,15A
UK#ERR1438944#12,True,False,False,False,0.999,-12.023,7F,0.084218,Serogroup 24,7F
UK#ERR1438944#23,True,False,False,False,0.999,-11.778,7F,0.014563,35F,7F
UK#ERR1440123#2,True,False,False,False,0.997,-10.943,6C,0.391463,15B/C,6C
UK#ERR1440443#1,True,True,False,True,0.966,-10.685,UNKNOWN,0.707974,12_44_46,11A
UK#ERR1438663#3,True,False,False,False,0.999,-12.084,35F,0.013397,12_44_46,35F
UK#ERR1439680#3,True,True,False,True,0.94,-8.825,UNKNOWN,0.950276,36,11A
UK#ERR1439680#24,True,True,True,True,0.756,-7.101,UNKNOWN,0.999999,35F,21
UK#ERR1439537#1,True,False,False,False,0.999,-12.197,9N,0.021885,32,9N
UK#ERR1439537#6,True,False,False,False,0.999,-12.251,9N,0.068712,32,9N
UK#ERR1438769#27,True,False,False,False,0.998,-10.945,23B,0.370578,12_44_46,23B
UK#ERR1438769#77,True,False,False,False,0.998,-10.684,23B,0.076386,12_44_46,23B
UK#ERR1438815#13,True,False,False,False,0.999,-12.023,7F,0.087434,35F,7F
UK#ERR1438815#41,True,True,True,True,0.377,-6.788,UNKNOWN,0.999999,20,20B
UK#ERR1438748#5,True,True,False,True,0.951,-8.921,UNKNOWN,0.999998,10D,33C
UK#ERR1439889#5,True,True,False,True,0.893,-8.191,UNKNOWN,0.996776,13,19A
UK#ERR1439889#17,True,False,False,False,1.0,-12.123,19A,0.002347,32,19A
UK#ERR1440151#1,True,True,False,True,0.951,-9.119,UNKNOWN,0.973288,12_44_46,6B
UK#ERR1440151#23,True,True,False,True,0.988,-9.843,UNKNOWN,0.88838,35F,19F
UK#ERR1439999#2,True,False,False,False,0.981,-10.336,20B,0.067212,20,20B
UK#ERR1439999#38,True,False,False,False,0.939,-10.114,20B,0.268072,20,20B
UK#ERR1439707#1,True,False,False,False,0.981,-10.432,19A,0.077472,35F,19A
UK#ERR1439305#6,True,False,False,False,0.999,-11.913,15A,0.006871,35A_35C_42,15A
UK#ERR1439305#27,True,True,False,True,0.96,-8.906,UNKNOWN,0.98375,Serogroup 24,15A
UK#ERR1440512#2,True,False,False,False,0.999,-11.562,10A,0.016028,33B_33D,10A
UK#ERR1440512#27,True,False,False,False,0.999,-11.713,10A,0.046212,20,10A
UK#ERR1440062#5,True,False,False,False,0.999,-11.393,22F,0.068845,34,22F
UK#ERR1440062#25,True,False,False,False,1.0,-12.496,22F,0.000789,Serogroup 24,22F
UK#ERR1438969#1,True,False,False,False,1.0,-11.966,19A,0.003725,13,19A
UK#ERR1439365#7,True,False,False,False,0.997,-10.517,15A,0.494985,35B_35D,15A
UK#ERR1439365#16,True,False,False,False,0.999,-11.601,15A,0.024334,19B_19C,15A
UK#ERR1440314#10,True,True,True,True,0.626,-7.163,UNKNOWN,1.0,20,4
UK#ERR1440314#16,True,True,False,True,0.964,-9.651,UNKNOWN,0.62382,12_44_46,6B
UK#ERR1440192#13,True,True,False,True,0.943,-10.485,UNKNOWN,0.995241,Serogroup 24,12F
UK#ERR1440192#36,True,True,False,True,0.944,-11.038,UNKNOWN,0.860036,19F,12F
UK#ERR1439970#12,True,False,False,False,0.999,-11.913,15A,0.006924,35A_35C_42,15A
UK#ERR1439970#23,True,False,False,False,0.996,-10.404,15A,0.480757,35B_35D,15A
UK#ERR1440030#1,True,False,False,False,1.0,-12.059,19A,0.002413,13,19A
UK#ERR1440030#30,True,True,True,True,0.846,-7.087,UNKNOWN,0.997219,35A_35C_42,19A
UK#ERR1438700#26,True,True,True,True,0.873,-7.725,UNKNOWN,0.986164,10D,6B
UK#ERR1438700#31,True,False,False,False,0.999,-11.989,23F,0.008719,35A_35C_42,23F
UK#ERR1439763#27,True,False,False,False,0.999,-12.068,4,0.015804,18,4
UK#ERR1439763#33,True,True,False,True,0.973,-9.47,UNKNOWN,0.961216,20,4
UK#ERR1439420#8,True,False,False,False,0.999,-11.234,15A,0.016954,35B_35D,15A
UK#ERR1439420#13,True,False,False,False,0.999,-11.911,15A,0.007126,35A_35C_42,15A
UK#ERR1440663#1,True,False,False,False,0.996,-10.265,34,0.396091,12_44_46,34
UK#ERR1438844#26,True,False,False,False,0.998,-11.133,6C,0.274576,15B/C,6C
UK#ERR1438844#53,True,True,False,True,0.951,-9.18,UNKNOWN,0.990893,20,6C
UK#ERR1438674#3,True,False,False,False,0.999,-11.473,23A,0.004256,19F,23A
UK#ERR1440003#6,True,False,False,False,1.0,-12.504,8,0.007184,32,8
UK#ERR1440003#22,True,False,False,False,1.0,-12.854,8,0.009498,32,8
UK#ERR1439766#9,True,True,False,True,0.979,-10.216,UNKNOWN,0.968508,20,18C
UK#ERR1438917#3,True,True,False,True,0.986,-11.069,UNKNOWN,0.964706,39,12F
UK#ERR1438917#7,True,True,False,True,0.941,-10.505,UNKNOWN,0.945017,Serogroup 24,12F
UK#ERR1439353#1,True,False,False,False,0.999,-11.911,15A,0.007126,35A_35C_42,15A
UK#ERR1439353#5,True,False,False,False,0.999,-11.245,15A,0.012455,35B_35D,15A
UK#ERR1439179#7,True,True,False,True,0.843,-9.389,UNKNOWN,0.995741,35B_35D,18C
UK#ERR1440601#1,True,True,False,True,0.768,-8.229,UNKNOWN,0.999686,12_44_46,7C
UK#ERR1440601#3,True,True,True,True,0.552,-7.41,UNKNOWN,0.999912,12_44_46,19F
UK#ERR1439428#14,True,True,False,True,0.999,-11.611,UNKNOWN,0.539847,32,27
UK#ERR1439428#60,True,True,False,True,0.997,-11.149,UNKNOWN,0.951609,32,27
UK#ERR1439149#2,True,False,False,False,1.0,-11.897,19A,0.0043,32,19A
UK#ERR1439149#17,True,True,False,True,0.92,-8.944,UNKNOWN,0.970679,18,19A
UK#ERR1439939#7,True,False,False,False,1.0,-13.529,3,0.048758,9,3
UK#ERR1439714#2,True,False,False,False,0.999,-11.792,34,0.030611,32,34
UK#ERR1438780#1,True,False,False,False,0.999,-12.018,23B,0.00476,1,23B
UK#ERR1439363#8,True,False,False,False,0.918,-9.374,6B,0.349778,12_44_46,6B
UK#ERR1438972#3,True,False,False,False,0.997,-10.348,19A,0.171616,35B_35D,19A
UK#ERR1438972#21,True,False,False,False,0.996,-10.879,19A,0.059889,35F,19A
UK#ERR1439894#1,True,False,False,False,0.999,-12.123,9N,0.037951,32,9N
UK#ERR1440238#9,True,False,False,False,0.999,-11.366,10A,0.05252,20,10A
UK#ERR1440238#29,True,False,False,False,0.998,-11.16,10A,0.081759,33B_33D,10A
UK#ERR1439657#2,True,False,False,False,1.0,-12.002,19A,0.003949,13,19A
UK#ERR1438751#6,True,True,False,True,0.882,-9.467,UNKNOWN,0.999997,1,35C
UK#ERR1439250#1,True,False,False,False,0.999,-11.678,19A,0.010203,13,19A
UK#ERR1439576#1,True,False,False,False,0.999,-11.346,9V,0.006159,25A_25F_38,9V
UK#ERR1439715#19,True,False,False,False,0.999,-11.783,19A,0.004816,13,19A
UK#ERR1439106#1,True,True,False,True,0.905,-9.974,UNKNOWN,0.994144,35B_35D,18C
UK#ERR1439154#6,True,True,True,True,0.264,-6.202,UNKNOWN,1.0,39,9N
UK#ERR1439154#11,True,True,False,True,0.985,-9.222,UNKNOWN,0.954018,20,19F
UK#ERR1439394#1,True,True,False,True,0.919,-10.278,UNKNOWN,0.584937,39,35B
UK#ERR1440017#3,True,False,False,False,0.999,-11.234,15A,0.016954,35B_35D,15A
UK#ERR1440017#5,True,False,False,False,0.999,-11.587,15A,0.024372,19B_19C,15A
UK#ERR1440264#4,True,False,False,False,1.0,-12.95,8,0.001436,32,8
UK#ERR1440264#6,True,False,False,False,1.0,-13.054,8,0.00168,32,8
UK#ERR1439786#21,True,True,True,True,0.498,-7.534,UNKNOWN,0.999157,25A_25F_38,9V
UK#ERR1439786#44,True,False,False,False,0.995,-10.426,9V,0.149194,25A_25F_38,9V
UK#ERR1440253#6,True,False,False,False,1.0,-12.224,4,0.014405,18,4
UK#ERR1440253#50,True,True,False,True,0.966,-9.289,UNKNOWN,0.975683,20,4
UK#ERR1439922#1,True,False,False,False,0.999,-12.185,9N,0.023388,32,9N
UK#ERR1439922#5,True,False,False,False,0.999,-12.269,9N,0.067843,32,9N
UK#ERR1439549#17,True,False,False,False,0.978,-9.675,6B,0.023009,12_44_46,6B
UK#ERR1440640#17,True,False,False,False,0.527,-9.303,15B,0.019793,Serogroup 24,15C
UK#ERR1440640#49,True,True,False,True,0.517,-8.697,UNKNOWN,0.997309,19F,15B
UK#ERR1439647#2,True,False,False,False,1.0,-12.44,22F,0.001669,Serogroup 24,22F
UK#ERR1439647#10,True,False,False,False,1.0,-12.788,22F,0.000729,34,22F
UK#ERR1439289#5,True,False,False,False,0.862,-9.833,15B,0.137225,Serogroup 24,15B
UK#ERR1439289#26,True,True,False,True,0.605,-9.155,UNKNOWN,0.761816,19F,15B
UK#ERR1440543#3,True,False,False,False,0.999,-12.266,9N,0.022052,32,9N
UK#ERR1439165#1,True,False,False,False,1.0,-12.002,19A,0.003949,13,19A
UK#ERR1439459#2,True,False,False,False,0.999,-11.98,23F,0.009513,19F,23F
UK#ERR1439392#12,True,False,False,False,0.85,-9.45,15C,0.009288,19F,15C
UK#ERR1440583#8,True,False,False,False,1.0,-13.591,3,0.026563,10D,3
UK#ERR1438991#2,True,True,False,True,0.997,-11.27,UNKNOWN,0.90352,12_44_46,29
UK#ERR1439484#1,True,False,False,False,1.0,-12.002,19A,0.003949,13,19A
UK#ERR1438871#1,True,False,False,False,0.736,-9.64,15C,0.003973,19F,15C
UK#ERR1438871#4,True,False,False,False,0.572,-9.41,15B,0.121281,Serogroup 24,15B
UK#ERR1439681#1,True,False,False,False,1.0,-11.985,19A,0.004256,13,19A
UK#ERR1440360#17,True,True,False,True,0.987,-9.613,UNKNOWN,0.832533,25A_25F_38,9V
UK#ERR1440360#22,True,False,False,False,0.997,-10.396,9V,0.0581,25A_25F_38,9V
UK#ERR1439490#2,True,False,False,False,0.994,-11.273,24F,0.466625,35A_35C_42,24F
UK#ERR1438878#2,True,False,False,False,1.0,-12.44,22F,0.001669,Serogroup 24,22F
UK#ERR1438878#4,True,False,False,False,1.0,-12.788,22F,0.000729,34,22F
UK#ERR1439266#17,True,False,False,False,0.999,-11.017,19F,0.066422,20,19F
UK#ERR1439266#26,True,True,True,True,0.789,-7.667,UNKNOWN,0.997003,12_44_46,6B
UK#ERR1439582#5,True,True,False,True,0.932,-8.829,UNKNOWN,0.99992,10D,10B
UK#ERR1439582#11,True,True,False,True,0.988,-9.901,UNKNOWN,0.982613,10D,10B
UK#ERR1440039#2,True,False,False,False,0.999,-11.473,23A,0.004256,19F,23A
UK#ERR1438637#1,True,False,False,False,1.0,-12.002,19A,0.003949,13,19A
UK#ERR1439196#21,True,False,False,False,0.997,-11.293,6C,0.260579,15B/C,6C
UK#ERR1439196#38,True,True,False,True,0.979,-9.457,UNKNOWN,0.987121,35B_35D,6C
UK#ERR1439607#1,True,True,False,True,0.938,-8.599,UNKNOWN,0.990252,12_44_46,6B
UK#ERR1439607#6,True,True,False,True,0.976,-9.178,UNKNOWN,0.94721,10D,6B
UK#ERR1438723#8,True,False,False,False,1.0,-13.529,3,0.048758,9,3
UK#ERR1439575#2,True,False,False,False,0.999,-11.954,23F,0.009385,19F,23F
UK#ERR1440249#1,True,False,False,False,1.0,-12.152,14,0.000244,28,14
UK#ERR1440249#41,True,False,False,False,1.0,-11.839,14,0.002993,39,14
UK#ERR1439767#9,True,True,False,True,0.979,-10.216,UNKNOWN,0.968508,20,18C
UK#ERR1438971#1,True,False,False,False,0.996,-10.303,2,0.157188,19F,2
UK#ERR1438858#3,True,True,True,True,0.588,-7.092,UNKNOWN,0.999823,35A_35C_42,19A
UK#ERR1438858#17,True,False,False,False,1.0,-11.957,19A,0.004716,32,19A
UK#ERR1439663#4,True,False,False,False,0.997,-10.629,9V,0.040868,25A_25F_38,9V
UK#ERR1439663#21,True,True,True,True,0.498,-7.534,UNKNOWN,0.999157,25A_25F_38,9V
UK#ERR1440001#1,True,True,False,True,0.974,-9.065,UNKNOWN,0.950622,35B_35D,12F
UK#ERR1440001#2,True,True,False,True,0.993,-11.529,UNKNOWN,0.831602,39,12F
UK#ERR1440396#17,True,False,False,False,0.999,-11.331,31,0.066386,20,31
UK#ERR1440396#19,True,False,False,False,0.999,-11.588,31,0.036993,20,31
UK#ERR1440337#4,True,False,False,False,0.999,-12.254,17F,0.026836,19F,17F
UK#ERR1440337#36,True,True,False,True,0.944,-8.435,UNKNOWN,0.99531,35A_35C_42,17F
UK#ERR1439600#1,True,False,False,False,0.999,-11.971,19A,0.004848,13,19A
UK#ERR1440608#10,True,False,False,False,1.0,-11.92,14,0.000243,28,14
UK#ERR1440608#11,True,False,False,False,1.0,-12.108,14,0.000209,28,14
UK#ERR1439441#4,True,False,False,False,1.0,-12.099,14,0.000192,39,14
UK#ERR1439441#22,True,False,False,False,1.0,-12.112,14,0.000206,28,14
UK#ERR1440006#1,True,False,False,False,0.999,-11.98,19A,0.004977,13,19A
UK#ERR1440466#10,True,False,False,False,0.999,-11.648,10A,0.01191,33B_33D,10A
UK#ERR1440466#28,True,False,False,False,0.999,-11.515,10A,0.060039,20,10A
UK#ERR1438714#11,True,True,True,True,0.631,-7.048,UNKNOWN,1.0,20,10F
UK#ERR1438714#52,True,False,False,False,0.972,-10.784,7F,0.354502,35F,7F
UK#ERR1438634#2,True,False,False,False,1.0,-11.786,19F,0.000344,20,19F
UK#ERR1440053#2,True,False,False,False,1.0,-12.249,22F,0.005633,Serogroup 24,22F
UK#ERR1440053#15,True,False,False,False,0.999,-11.54,22F,0.053035,34,22F
UK#ERR1438986#1,True,True,False,True,0.908,-10.03,UNKNOWN,0.87267,Serogroup 24,35B
UK#ERR1438996#1,True,False,False,False,0.759,-9.591,15C,0.004939,19F,15C
UK#ERR1440403#3,True,False,False,False,0.93,-10.198,20B,0.035564,20,20B
UK#ERR1440403#22,True,True,False,True,0.775,-8.704,UNKNOWN,0.990415,35A_35C_42,20A
UK#ERR1438669#15,True,False,False,False,1.0,-12.056,19A,0.002504,13,19A
UK#ERR1438669#50,True,False,False,False,0.998,-10.946,19A,0.159967,32,19A
UK#ERR1439644#2,True,False,False,False,0.999,-11.865,19A,0.00367,13,19A
UK#ERR1439518#6,True,False,False,False,1.0,-12.002,19A,0.003949,13,19A
UK#ERR1439398#1,True,True,True,True,0.568,-7.121,UNKNOWN,1.0,35B_35D,16F
UK#ERR1439398#4,True,False,False,False,0.997,-11.332,15A,0.083746,10D,15A
UK#ERR1440643#2,True,False,False,False,0.999,-12.029,23B,0.004521,1,23B
UK#ERR1438801#6,True,True,False,True,0.994,-10.76,UNKNOWN,0.999774,33B_33D,18F
UK#ERR1438801#12,True,True,True,True,0.371,-7.585,UNKNOWN,1.0,33B_33D,18B
UK#ERR1439230#2,True,True,False,True,0.987,-9.692,UNKNOWN,0.801792,48,15A
UK#ERR1439230#17,True,True,False,True,0.913,-8.288,UNKNOWN,0.992611,33B_33D,15A
UK#ERR1439564#17,True,False,False,False,1.0,-12.113,14,0.000204,28,14
UK#ERR1439564#34,True,False,False,False,1.0,-12.121,14,0.000165,39,14
UK#ERR1439121#20,True,True,True,True,0.498,-7.534,UNKNOWN,0.999157,25A_25F_38,9V
UK#ERR1439121#24,True,False,False,False,0.996,-10.333,9V,0.054065,25A_25F_38,9V
UK#ERR1439369#5,True,False,False,False,0.503,-9.247,15B,0.428156,19F,15B
UK#ERR1439369#15,True,False,False,False,0.868,-9.821,15B,0.175924,Serogroup 24,15B
UK#ERR1438710#1,True,False,False,False,0.999,-11.737,10A,0.004961,33B_33D,10A
UK#ERR1438710#28,True,False,False,False,0.999,-11.515,10A,0.060039,20,10A
UK#ERR1440488#1,True,False,False,False,1.0,-12.501,16F,0.001603,39,16F
UK#ERR1439971#7,True,False,False,False,1.0,-12.002,19A,0.00395,13,19A
UK#ERR1440444#1,True,False,False,False,0.999,-11.468,23A,0.00419,19F,23A
UK#ERR1440544#8,True,False,False,False,0.999,-11.654,10A,0.011729,33B_33D,10A
UK#ERR1440544#28,True,False,False,False,0.999,-11.515,10A,0.060039,20,10A
UK#ERR1440322#1,True,False,False,False,0.999,-11.517,21,0.005792,6E,21
UK#ERR1440322#24,True,False,False,False,0.996,-10.465,21,0.475496,35B_35D,21
UK#ERR1440183#5,True,False,False,False,0.999,-12.154,9N,0.026545,35F,9N
UK#ERR1440483#2,True,False,False,False,0.999,-11.71,10A,0.007985,33B_33D,10A
UK#ERR1440483#24,True,False,False,False,0.999,-11.515,10A,0.060039,20,10A
UK#ERR1439979#2,True,True,False,True,0.997,-10.681,UNKNOWN,0.517348,19F,33F
UK#ERR1440387#13,True,True,False,True,0.992,-10.859,UNKNOWN,0.77609,19F,17F
UK#ERR1440387#15,True,False,False,False,1.0,-12.311,17F,0.019637,19F,17F
UK#ERR1439143#1,True,False,False,False,0.981,-10.422,19A,0.079411,35F,19A
UK#ERR1439877#3,True,False,False,False,0.999,-11.775,1,0.191896,35B_35D,1
UK#ERR1439877#69,True,True,False,True,0.998,-12.13,UNKNOWN,0.884033,20,1
UK#ERR1439673#4,True,False,False,False,0.6,-9.536,6A,0.00229,12_44_46,6A
UK#ERR1439446#19,True,True,False,True,0.95,-8.708,UNKNOWN,0.997186,19B_19C,4
UK#ERR1439446#25,True,False,False,False,0.998,-11.002,4,0.157002,19B_19C,4
UK#ERR1439096#1,True,True,False,True,0.793,-9.74,UNKNOWN,0.999985,39,11B
UK#ERR1440198#3,True,False,False,False,0.977,-10.343,20B,0.030536,20,20B
UK#ERR1440198#15,True,False,False,False,0.935,-10.176,20B,0.030921,20,20B
UK#ERR1439185#20,True,True,True,True,0.378,-7.068,UNKNOWN,0.999997,35A_35C_42,11A
UK#ERR1439185#26,True,False,False,False,0.999,-11.707,15A,0.009084,19B_19C,15A
UK#ERR1439645#2,True,False,False,False,0.999,-11.972,19A,0.004834,13,19A
UK#ERR1438619#2,True,False,False,False,1.0,-12.007,19A,0.003942,13,19A
UK#ERR1439361#5,True,False,False,False,0.997,-10.629,9V,0.040868,25A_25F_38,9V
UK#ERR1439361#24,True,True,True,True,0.756,-8.138,UNKNOWN,0.999636,39,9V
UK#ERR1439492#2,True,False,False,False,1.0,-12.424,22F,0.00133,Serogroup 24,22F
UK#ERR1439492#13,True,False,False,False,0.998,-11.247,22F,0.106007,34,22F
UK#ERR1440379#1,True,False,False,False,0.999,-11.529,7C,0.169998,12_44_46,7C
UK#ERR1440379#6,True,False,False,False,0.999,-11.673,7C,0.06515,12_44_46,7C
UK#ERR1439354#2,True,True,False,True,0.73,-8.912,UNKNOWN,0.997581,19F,15A
UK#ERR1439354#6,True,False,False,False,0.569,-9.375,15B,0.126643,Serogroup 24,15B
UK#ERR1439605#1,True,True,False,True,0.97,-9.115,UNKNOWN,0.996406,10D,37
UK#ERR1440193#2,True,False,False,False,0.999,-11.976,23F,0.009983,19F,23F
UK#ERR1439429#1,True,True,False,True,0.99,-10.285,UNKNOWN,0.971605,35B_35D,18C
UK#ERR1439429#19,True,True,False,True,0.911,-10.011,UNKNOWN,0.976469,35B_35D,18C
UK#ERR1440476#6,True,False,False,False,0.999,-11.866,33F,0.042589,19F,33F
UK#ERR1440345#2,True,True,False,True,0.992,-9.795,UNKNOWN,0.984398,4,31
UK#ERR1440345#16,True,False,False,False,0.999,-11.58,31,0.037874,20,31
UK#ERR1440381#6,True,False,False,False,0.999,-11.497,17F,0.162896,19F,17F
UK#ERR1439395#2,True,False,False,False,0.644,-9.445,15B,0.110086,Serogroup 24,15B
UK#ERR1439395#7,True,False,False,False,0.556,-9.568,15C,0.010161,19F,15C
UK#ERR1439235#1,True,True,False,True,0.995,-10.145,UNKNOWN,0.681843,35F,19F
UK#ERR1439235#2,True,False,False,False,1.0,-11.654,19F,0.000273,20,19F
UK#ERR1439108#3,True,False,False,False,1.0,-12.004,19A,0.003993,13,19A
UK#ERR1439141#1,True,True,False,True,0.978,-8.938,UNKNOWN,0.914984,19B_19C,15A
UK#ERR1439141#5,True,False,False,False,0.999,-11.606,15A,0.033109,35A_35C_42,15A
UK#ERR1438867#12,True,True,False,True,0.967,-8.508,UNKNOWN,0.972787,12_44_46,6C
UK#ERR1438867#47,True,True,False,True,0.984,-9.829,UNKNOWN,0.965196,15B/C,6C
UK#ERR1440562#2,True,True,False,True,0.905,-8.782,UNKNOWN,0.998758,28,35B
UK#ERR1440562#4,False,True,True,True,0.143,-5.217,UNKNOWN,0.999975,Serogroup 24,35B
UK#ERR1439994#2,True,False,False,False,0.999,-12.086,35F,0.013166,12_44_46,35F
UK#ERR1440110#4,True,False,False,False,0.996,-10.476,7F,0.41722,Serogroup 24,7F
UK#ERR1440110#27,True,False,False,False,0.999,-11.735,7F,0.016127,35F,7F
UK#ERR1438793#4,True,True,False,True,0.983,-9.875,UNKNOWN,0.995972,33B_33D,18F
UK#ERR1440605#10,True,False,False,False,0.999,-11.664,14,0.002309,39,14
UK#ERR1440605#11,True,False,False,False,1.0,-12.175,14,0.00029,28,14
UK#ERR1439557#19,True,False,False,False,0.999,-11.91,15A,0.007337,35A_35C_42,15A
UK#ERR1439557#20,True,False,False,False,0.997,-10.499,15A,0.086721,35A_35C_42,15A
UK#ERR1439808#7,True,False,False,False,0.999,-11.839,9N,0.11517,20,9N
UK#ERR1439808#9,True,False,False,False,0.999,-12.2,9N,0.021845,32,9N
UK#ERR1440467#2,True,True,False,True,0.996,-10.523,UNKNOWN,0.617,32,33F
UK#ERR1439006#3,True,False,False,False,0.999,-11.44,15A,0.022585,35A_35C_42,15A
UK#ERR1440073#1,True,False,False,False,1.0,-13.529,3,0.048758,9,3
UK#ERR1440468#2,True,False,False,False,0.998,-11.4,33F,0.366151,19F,33F
UK#ERR1440468#3,True,False,False,False,0.999,-11.962,33F,0.047989,19F,33F
UK#ERR1439226#2,True,False,False,False,1.0,-12.192,14,0.000214,28,14
UK#ERR1439226#31,True,True,True,True,0.713,-7.374,UNKNOWN,0.999992,12_44_46,14
UK#ERR1439499#1,True,False,False,False,0.999,-12.084,35F,0.013397,12_44_46,35F
UK#ERR1440137#6,True,False,False,False,1.0,-12.249,22F,0.005633,Serogroup 24,22F
UK#ERR1440137#13,True,False,False,False,0.999,-11.393,22F,0.068845,34,22F
UK#ERR1439280#1,True,True,False,True,0.967,-8.956,UNKNOWN,0.990036,35B_35D,28A
UK#ERR1440233#2,True,True,False,True,0.967,-8.958,UNKNOWN,0.990235,35B_35D,28A
UK#ERR1438942#1,True,False,False,False,0.999,-12.194,9N,0.021993,32,9N
UK#ERR1438942#19,True,True,False,True,0.971,-9.133,UNKNOWN,0.953653,20,9N
UK#ERR1438952#3,True,False,False,False,0.999,-11.971,19A,0.004847,13,19A
UK#ERR1440219#3,True,True,False,True,0.971,-9.84,UNKNOWN,0.995451,10D,10B
UK#ERR1440219#13,True,True,False,True,0.995,-10.525,UNKNOWN,0.84368,19F,10B
UK#ERR1440173#21,True,True,False,True,0.669,-9.389,UNKNOWN,0.994834,35A_35C_42,24F
UK#ERR1440173#26,True,True,False,True,0.848,-8.561,UNKNOWN,0.997977,31,19F
UK#ERR1439744#1,True,False,False,False,0.996,-10.57,22A,0.209865,19F,22A
UK#ERR1439744#6,True,True,False,True,0.995,-10.311,UNKNOWN,0.721375,19F,12F
UK#ERR1439628#2,True,True,False,True,0.937,-10.398,UNKNOWN,0.753331,12_44_46,11A
UK#ERR1440481#1,True,False,False,False,0.999,-11.791,33F,0.031518,35F,33F
UK#ERR1439376#2,True,False,False,False,0.999,-11.886,31,0.007919,20,31
UK#ERR1440516#2,True,True,False,True,0.996,-10.574,UNKNOWN,0.61566,15B/C,33F
UK#ERR1440516#19,True,True,False,True,0.996,-11.111,UNKNOWN,0.565162,10D,33F
UK#ERR1440210#10,True,True,False,True,0.905,-8.651,UNKNOWN,0.991076,35B_35D,21
UK#ERR1440210#29,True,False,False,False,0.996,-10.465,21,0.475496,35B_35D,21
UK#ERR1439277#2,True,False,False,False,0.802,-9.534,15C,0.005948,19F,15C
UK#ERR1439401#1,False,True,True,True,0.259,-5.536,UNKNOWN,0.99999,35F,19A
UK#ERR1440612#5,True,True,False,True,0.976,-10.187,UNKNOWN,0.973551,20,18C
UK#ERR1440612#31,True,True,True,True,0.637,-7.074,UNKNOWN,1.0,Serogroup 24,7F
UK#ERR1439256#4,True,True,True,True,0.261,-5.614,UNKNOWN,0.999995,10,15C
UK#ERR1439256#20,True,False,False,False,0.999,-11.906,15A,0.007033,35A_35C_42,15A
UK#ERR1439142#8,True,True,False,True,0.987,-9.46,UNKNOWN,0.596818,16F,14
UK#ERR1439142#22,True,False,False,False,0.999,-11.589,15A,0.023979,19B_19C,15A
UK#ERR1439358#6,True,False,False,False,1.0,-12.02,23F,0.003238,35A_35C_42,23F
UK#ERR1439788#2,True,True,True,True,0.696,-6.605,UNKNOWN,0.999998,35B_35D,19F
UK#ERR1439788#27,True,False,False,False,0.999,-11.926,4,0.035694,18,4
UK#ERR1440318#3,True,False,False,False,0.932,-10.203,20B,0.034789,20,20B
UK#ERR1440318#20,True,False,False,False,0.955,-10.172,20B,0.227884,20,20B
UK#ERR1438762#25,True,True,False,True,0.99,-10.648,UNKNOWN,0.604839,15B/C,6C
UK#ERR1438762#59,True,True,True,True,0.788,-7.796,UNKNOWN,0.999889,35B_35D,6C
UK#ERR1439224#4,True,False,False,False,0.998,-11.035,19A,0.187357,32,19A
UK#ERR1439224#14,True,False,False,False,1.0,-12.059,19A,0.002542,13,19A
UK#ERR1438692#1,True,False,False,False,1.0,-12.152,14,0.000243,28,14
UK#ERR1438692#46,True,False,False,False,0.999,-11.37,14,0.021087,39,14
UK#ERR1440329#2,True,True,False,True,0.996,-10.453,UNKNOWN,0.600307,6E,21
UK#ERR1440329#7,True,False,False,False,0.999,-11.527,21,0.00633,6E,21
UK#ERR1439267#11,True,False,False,False,0.997,-10.463,15A,0.089074,35B_35D,15A
UK#ERR1439267#33,True,False,False,False,0.999,-11.91,15A,0.007337,35A_35C_42,15A
UK#ERR1440632#19,True,False,False,False,0.999,-11.91,15A,0.007336,35A_35C_42,15A
UK#ERR1440632#24,True,False,False,False,0.998,-10.738,15A,0.055414,19B_19C,15A
UK#ERR1440171#1,True,False,False,False,1.0,-13.215,8,0.001719,32,8
UK#ERR1438642#10,True,False,False,False,1.0,-12.002,19A,0.003949,13,19A
UK#ERR1438717#1,True,False,False,False,0.999,-12.047,4,0.031596,19B_19C,4
UK#ERR1438717#19,True,True,False,True,0.858,-8.591,UNKNOWN,0.820148,18,4
UK#ERR1438656#2,True,False,False,False,0.999,-12.071,35F,0.013728,12_44_46,35F
UK#ERR1440648#1,True,False,False,False,0.999,-12.035,23B,0.004697,1,23B
UK#ERR1440431#1,True,False,False,False,0.999,-11.656,10A,0.011578,33B_33D,10A
UK#ERR1440431#29,True,False,False,False,0.999,-11.284,10A,0.047341,33B_33D,10A
UK#ERR1439221#3,True,False,False,False,0.999,-11.847,4,0.034341,20,4
UK#ERR1439221#24,True,False,False,False,0.999,-11.776,4,0.174247,18,4
UK#ERR1439019#10,True,True,False,True,0.919,-10.275,UNKNOWN,0.586284,39,35B
UK#ERR1439293#1,True,False,False,False,0.999,-11.434,15A,0.023685,35A_35C_42,15A
UK#ERR1438734#1,True,True,False,True,0.96,-10.406,UNKNOWN,0.634668,Serogroup 24,35B
UK#ERR1438734#19,True,True,False,True,0.949,-9.184,UNKNOWN,0.990627,39,35B
UK#ERR1439244#6,True,False,False,False,0.999,-11.429,6C,0.087365,15B/C,6C
UK#ERR1438985#3,True,True,False,True,0.882,-9.467,UNKNOWN,0.999997,1,35C
UK#ERR1440551#2,True,False,False,False,1.0,-13.529,3,0.048758,9,3
UK#ERR1440391#2,True,False,False,False,0.998,-11.151,23B,0.232617,1,23B
UK#ERR1440391#38,True,False,False,False,0.998,-10.684,23B,0.076386,12_44_46,23B
UK#ERR1440548#2,True,True,False,True,0.966,-10.686,UNKNOWN,0.706839,12_44_46,11A
UK#ERR1440356#1,True,False,False,False,0.999,-11.511,17F,0.15656,19F,17F
UK#ERR1440286#1,True,False,False,False,0.999,-11.984,35F,0.017221,12_44_46,35F
UK#ERR1439083#5,True,False,False,False,0.999,-11.911,15A,0.007126,35A_35C_42,15A
UK#ERR1439083#21,True,False,False,False,0.999,-11.234,15A,0.016954,35B_35D,15A
UK#ERR1440433#1,True,False,False,False,0.999,-11.679,23B,0.036183,1,23B
UK#ERR1440433#36,True,False,False,False,0.998,-10.684,23B,0.076386,12_44_46,23B
UK#ERR1440180#2,True,False,False,False,1.0,-12.91,8,0.001711,32,8
UK#ERR1440180#7,True,False,False,False,1.0,-13.146,8,0.001048,32,8
UK#ERR1438967#3,True,True,True,True,0.602,-8.006,UNKNOWN,0.952347,35F,19A
UK#ERR1438967#21,True,False,False,False,1.0,-12.146,19A,0.002129,13,19A
UK#ERR1440129#1,True,False,False,False,0.999,-12.291,9N,0.020314,32,9N
UK#ERR1439138#9,True,True,False,True,0.919,-10.275,UNKNOWN,0.586284,39,35B
UK#ERR1439815#14,True,False,False,False,0.998,-11.246,4,0.390971,18,4
UK#ERR1439815#23,True,False,False,False,0.998,-11.444,4,0.213746,19B_19C,4
UK#ERR1439158#1,True,False,False,False,0.999,-11.769,19A,0.005014,13,19A
UK#ERR1438689#1,True,True,False,True,0.987,-9.541,UNKNOWN,1.0,10D,10F
UK#ERR1438689#7,True,True,False,True,0.73,-8.281,UNKNOWN,1.0,25A_25F_38,10F
UK#ERR1440266#1,True,False,False,False,1.0,-13.529,3,0.048758,9,3
UK#ERR1438706#1,True,True,True,True,0.335,-6.732,UNKNOWN,1.0,35A_35C_42,24F
UK#ERR1438706#17,True,True,True,True,0.794,-7.442,UNKNOWN,1.0,12_44_46,7C
UK#ERR1439095#18,True,True,False,True,0.933,-10.056,UNKNOWN,0.930684,19B_19C,35B
UK#ERR1439095#22,True,True,False,True,0.976,-10.079,UNKNOWN,0.868415,Serogroup 24,35B
UK#ERR1439941#1,True,True,True,True,0.84,-7.576,UNKNOWN,1.0,20,23B
UK#ERR1439941#40,True,False,False,False,0.998,-10.549,23B,0.121485,20,23B
UK#ERR1439620#1,True,True,False,True,0.998,-11.245,UNKNOWN,0.881015,32,27
UK#ERR1440458#3,True,False,False,False,0.877,-9.828,38,0.064862,39,38
UK#ERR1440458#16,True,False,False,False,0.988,-10.37,38,0.275326,12_44_46,38
UK#ERR1439211#1,True,False,False,False,0.999,-11.906,15A,0.007033,35A_35C_42,15A
UK#ERR1439211#4,True,False,False,False,0.999,-11.234,15A,0.016954,35B_35D,15A
UK#ERR1439880#1,True,True,False,True,0.998,-11.172,UNKNOWN,0.588021,19F,10B
UK#ERR1439662#27,True,False,False,False,0.999,-11.62,4,0.121353,28,4
UK#ERR1439662#30,True,True,False,True,0.973,-9.47,UNKNOWN,0.961216,20,4
UK#ERR1440116#3,True,False,False,False,0.999,-12.261,9N,0.067335,32,9N
UK#ERR1440116#19,True,False,False,False,0.999,-12.194,9N,0.022327,32,9N
UK#ERR1438825#1,True,False,False,False,0.981,-10.422,19A,0.079411,35F,19A
UK#ERR1439322#7,True,False,False,False,0.999,-11.234,15A,0.016954,35B_35D,15A
UK#ERR1439322#55,True,True,False,True,0.981,-9.123,UNKNOWN,0.783403,35B_35D,15A
UK#ERR1440310#6,True,True,False,True,0.939,-8.699,UNKNOWN,0.994303,35A_35C_42,20B
UK#ERR1440310#22,True,False,False,False,0.955,-10.172,20B,0.227884,20,20B
UK#ERR1439845#2,True,False,False,False,0.998,-11.413,10F,0.367849,20,10F
UK#ERR1439845#10,True,True,False,True,0.932,-9.016,UNKNOWN,1.0,25A_25F_38,10F
UK#ERR1438925#12,False,True,True,True,0.142,-5.137,UNKNOWN,0.999921,35F,20A
UK#ERR1438925#22,True,False,False,False,0.999,-11.888,7F,0.010657,35F,7F
UK#ERR1440409#1,True,False,False,False,0.999,-11.71,10A,0.007985,33B_33D,10A
UK#ERR1440409#24,True,False,False,False,0.999,-11.624,10A,0.048366,33B_33D,10A
UK#ERR1438880#1,True,False,False,False,0.981,-10.432,19A,0.077472,35F,19A
UK#ERR1439187#4,True,True,False,True,0.927,-8.917,UNKNOWN,0.966105,18,19A
UK#ERR1439187#22,True,False,False,False,1.0,-12.095,19A,0.001995,13,19A
UK#ERR1440239#11,True,False,False,False,0.999,-11.648,7F,0.047548,Serogroup 24,7F
UK#ERR1440239#52,True,False,False,False,0.973,-10.889,7F,0.263258,35F,7F
UK#ERR1439812#3,True,True,False,True,0.995,-10.89,UNKNOWN,0.720681,19F,17F
UK#ERR1439812#13,True,False,False,False,1.0,-12.311,17F,0.019624,19F,17F
UK#ERR1438763#3,True,True,False,True,0.969,-9.395,UNKNOWN,0.999274,35A_35C_42,7B
UK#ERR1440340#1,True,False,False,False,0.999,-11.989,23F,0.008735,35A_35C_42,23F
UK#ERR1440636#2,True,True,True,True,0.85,-7.826,UNKNOWN,0.999897,35B_35D,14
UK#ERR1440636#51,True,True,True,True,0.361,-6.395,UNKNOWN,1.0,32,27
UK#ERR1438900#4,True,False,False,False,0.999,-12.145,1,0.125749,10D,1
UK#ERR1438900#78,True,True,False,True,0.999,-12.216,UNKNOWN,0.549499,20,1
UK#ERR1438757#5,True,False,False,False,0.785,-9.57,15C,0.004823,19F,15C
UK#ERR1438757#6,True,False,False,False,0.6,-9.572,15B,0.052835,19F,15B
UK#ERR1440300#1,True,True,False,True,0.859,-9.682,UNKNOWN,0.998479,10D,18C
UK#ERR1440047#2,True,False,False,False,0.999,-11.884,31,0.008019,20,31
UK#ERR1439841#1,True,True,True,True,0.527,-7.6,UNKNOWN,0.999999,12_44_46,7C
UK#ERR1439841#12,True,True,False,True,0.995,-10.224,UNKNOWN,0.697563,12_44_46,7C
UK#ERR1440651#1,True,True,False,True,0.524,-8.903,UNKNOWN,0.99039,19F,15C
UK#ERR1440651#6,True,True,False,True,0.826,-8.987,UNKNOWN,0.987646,Serogroup 24,15B
UK#ERR1439470#5,True,True,False,True,0.977,-10.795,UNKNOWN,0.980606,39,12F
UK#ERR1439470#6,True,True,False,True,0.968,-10.692,UNKNOWN,0.976322,Serogroup 24,12F
UK#ERR1439436#1,True,False,False,False,0.726,-9.733,15B,0.023929,19F,15B
UK#ERR1439436#4,True,False,False,False,0.537,-9.121,15B,0.449013,Serogroup 24,15B
UK#ERR1440670#1,True,False,False,False,0.999,-11.663,23B,0.038614,1,23B
UK#ERR1440670#32,True,False,False,False,0.996,-10.086,23B,0.175876,12_44_46,23B
UK#ERR1439314#1,True,True,False,True,0.899,-10.077,UNKNOWN,0.85849,19B_19C,35B
UK#ERR1438756#1,True,True,False,True,0.9,-10.026,UNKNOWN,0.823404,Serogroup 24,35B
UK#ERR1439309#2,True,False,False,False,0.999,-11.483,15A,0.025488,19B_19C,15A
UK#ERR1440390#1,True,True,False,True,0.936,-10.334,UNKNOWN,0.921546,12_44_46,11A
UK#ERR1439559#15,True,False,False,False,1.0,-12.108,14,0.000262,28,14
UK#ERR1439559#23,True,True,False,True,0.931,-8.557,UNKNOWN,0.984416,35A_35C_42,14
UK#ERR1438854#65,True,True,False,True,0.996,-10.441,UNKNOWN,0.577657,35B_35D,21
UK#ERR1438854#76,True,True,True,True,0.871,-7.861,UNKNOWN,0.999669,35B_35D,21
UK#ERR1439869#2,True,True,False,True,0.992,-10.859,UNKNOWN,0.77609,19F,17F
UK#ERR1439869#16,True,False,False,False,1.0,-12.362,17F,0.014204,19F,17F
UK#ERR1439480#1,True,True,False,True,0.966,-9.013,UNKNOWN,0.996569,10D,37
UK#ERR1438690#1,True,False,False,False,0.999,-11.656,10A,0.011578,33B_33D,10A
UK#ERR1438690#23,True,False,False,False,0.999,-11.515,10A,0.060039,20,10A
UK#ERR1439005#3,False,True,True,True,0.274,-5.71,UNKNOWN,0.999998,20,14
UK#ERR1438621#1,True,False,False,False,0.999,-12.011,35F,0.015836,12_44_46,35F
UK#ERR1439134#1,True,False,False,False,0.981,-10.432,19A,0.077472,35F,19A
UK#ERR1439068#11,True,True,False,True,0.919,-10.272,UNKNOWN,0.588716,39,35B
UK#ERR1438838#1,True,False,False,False,0.999,-11.426,6C,0.0873,15B/C,6C
UK#ERR1440656#8,True,True,False,True,0.979,-10.216,UNKNOWN,0.968508,20,18C
UK#ERR1440586#2,True,True,False,True,0.95,-10.57,UNKNOWN,0.994689,Serogroup 24,12F
UK#ERR1440586#27,True,False,False,False,0.999,-11.93,12F,0.091397,Serogroup 24,12F
UK#ERR1439312#1,True,False,False,False,0.999,-11.809,15A,0.007715,35A_35C_42,15A
UK#ERR1439830#3,True,False,False,False,1.0,-12.66,1,0.012348,20,1
UK#ERR1439830#66,True,True,False,True,0.999,-12.156,UNKNOWN,0.540215,18,1
UK#ERR1438725#1,True,False,False,False,1.0,-11.747,19F,0.000312,20,19F
UK#ERR1438725#10,True,True,False,True,0.982,-9.667,UNKNOWN,0.931767,35F,19F
UK#ERR1439805#25,True,True,False,True,0.997,-10.845,UNKNOWN,0.54037,12_44_46,7C
UK#ERR1439805#29,True,False,False,False,0.999,-11.607,7C,0.133788,12_44_46,7C
UK#ERR1439596#1,True,False,False,False,0.999,-11.971,19A,0.004845,13,19A
UK#ERR1439947#5,True,False,False,False,0.999,-11.393,22F,0.068845,34,22F
UK#ERR1439947#26,True,False,False,False,1.0,-12.496,22F,0.000789,Serogroup 24,22F
UK#ERR1439299#2,True,False,False,False,1.0,-11.688,19F,0.000589,20,19F
UK#ERR1439924#2,True,False,False,False,1.0,-12.788,22F,0.000729,34,22F
UK#ERR1439924#26,True,False,False,False,1.0,-12.496,22F,0.000789,Serogroup 24,22F
UK#ERR1439702#1,True,False,False,False,0.974,-10.214,19A,0.069803,35F,19A
UK#ERR1440538#11,True,False,False,False,0.999,-12.023,7F,0.087434,35F,7F
UK#ERR1440538#25,True,False,False,False,0.999,-11.74,7F,0.015916,35F,7F
UK#ERR1440531#2,True,False,False,False,1.0,-13.529,3,0.048758,9,3
UK#ERR1439356#11,True,True,False,True,0.919,-10.275,UNKNOWN,0.586284,39,35B
UK#ERR1439895#1,True,False,False,False,1.0,-12.002,19A,0.003949,13,19A
UK#ERR1440416#1,True,True,False,True,0.996,-10.76,UNKNOWN,0.935611,19F,17F
UK#ERR1440416#4,True,True,True,True,0.767,-7.348,UNKNOWN,0.999985,21,9V
UK#ERR1439119#2,True,False,False,False,0.999,-11.971,19A,0.004848,13,19A
UK#ERR1439887#1,True,False,False,False,0.925,-9.421,6B,0.42901,12_44_46,6B
UK#ERR1440489#2,True,True,False,True,0.995,-10.89,UNKNOWN,0.720681,19F,17F
UK#ERR1440489#16,True,False,False,False,1.0,-12.364,17F,0.014203,19F,17F
UK#ERR1440025#1,True,False,False,False,1.0,-13.155,8,0.001848,32,8
UK#ERR1439790#1,True,True,False,True,0.932,-10.061,UNKNOWN,0.926832,19B_19C,35B
UK#ERR1439790#5,True,True,False,True,0.753,-9.293,UNKNOWN,0.773638,39,35B
UK#ERR1440560#1,True,True,False,True,0.946,-10.566,UNKNOWN,0.995225,39,12F
UK#ERR1440560#6,True,False,False,False,0.999,-11.93,12F,0.091397,Serogroup 24,12F
UK#ERR1439804#23,True,False,False,False,0.999,-11.786,5,0.149442,35B_35D,5
UK#ERR1439804#24,True,False,False,False,1.0,-12.285,5,0.010955,20,5
UK#ERR1438840#2,True,False,False,False,1.0,-12.002,19A,0.003949,13,19A
UK#ERR1439284#6,True,False,False,False,0.999,-11.911,15A,0.006894,35A_35C_42,15A
UK#ERR1439284#25,True,True,False,True,0.96,-8.906,UNKNOWN,0.98375,Serogroup 24,15A
UK#ERR1440440#5,True,False,False,False,0.952,-10.482,38,0.081259,39,38
UK#ERR1440440#28,True,False,False,False,0.877,-9.828,38,0.064862,39,38
UK#ERR1439151#20,True,False,False,False,0.999,-11.234,15A,0.016954,35B_35D,15A
UK#ERR1439151#30,True,False,False,False,0.999,-11.911,15A,0.007126,35A_35C_42,15A
UK#ERR1439817#3,True,False,False,False,0.999,-11.359,9V,0.006084,25A_25F_38,9V
UK#ERR1438800#2,True,False,False,False,0.986,-10.252,38,0.379494,12_44_46,38
UK#ERR1438800#21,True,False,False,False,0.877,-9.828,38,0.064862,39,38
UK#ERR1438691#14,True,True,False,True,0.958,-10.632,UNKNOWN,0.986656,Serogroup 24,12F
UK#ERR1438691#28,True,True,False,True,0.359,-8.571,UNKNOWN,0.999969,39,46
UK#ERR1440204#1,True,False,False,False,0.998,-11.042,6C,0.224053,35B_35D,6C
UK#ERR1440204#11,True,False,False,False,0.998,-11.371,6C,0.178477,15B/C,6C
UK#ERR1439860#1,True,False,False,False,0.999,-12.035,23B,0.004697,1,23B
UK#ERR1439486#1,True,False,False,False,1.0,-13.529,3,0.048758,9,3
UK#ERR1439972#1,True,True,False,True,0.976,-9.26,UNKNOWN,0.952253,35A_35C_42,15A
UK#ERR1439972#19,True,True,False,True,0.992,-9.8,UNKNOWN,0.779015,32,15A
UK#ERR1439852#1,True,False,False,False,0.955,-10.172,20B,0.227884,20,20B
UK#ERR1439852#16,True,False,False,False,0.93,-10.196,20B,0.035773,20,20B
UK#ERR1439765#4,True,False,False,False,0.999,-11.881,1,0.16504,35B_35D,1
UK#ERR1439765#66,True,True,False,True,0.999,-12.156,UNKNOWN,0.540215,18,1
UK#ERR1439968#1,True,False,False,False,1.0,-12.614,8,0.006207,32,8
UK#ERR1439968#22,True,True,False,True,0.992,-10.077,UNKNOWN,0.870789,32,8
UK#ERR1440357#1,True,False,False,False,0.993,-11.262,24F,0.488699,35A_35C_42,24F
UK#ERR1439040#270,False,True,True,True,0.497,-6.063,UNKNOWN,0.999999,32,21
UK#ERR1439043#2,True,False,False,False,1.0,-12.002,19A,0.00395,13,19A
UK#ERR1440317#1,True,True,True,True,0.723,-7.329,UNKNOWN,1.0,12_44_46,15A
UK#ERR1440317#12,True,False,False,False,0.989,-9.671,6B,0.044823,12_44_46,6B
UK#ERR1438864#1,True,False,False,False,0.999,-11.783,19A,0.004816,13,19A
UK#ERR1440263#2,True,False,False,False,0.999,-11.542,10A,0.026164,20,10A
UK#ERR1440263#28,True,False,False,False,0.998,-10.849,10A,0.47487,20,10A
UK#ERR1439829#3,True,False,False,False,0.999,-11.881,1,0.16504,35B_35D,1
UK#ERR1439829#64,True,True,False,True,0.999,-12.156,UNKNOWN,0.540215,18,1
UK#ERR1439382#14,True,False,False,False,0.999,-11.911,15A,0.007126,35A_35C_42,15A
UK#ERR1439382#36,True,False,False,False,0.999,-11.234,15A,0.016954,35B_35D,15A
UK#ERR1440545#3,True,False,False,False,1.0,-12.576,8,0.006438,32,8
UK#ERR1440545#19,True,False,False,False,1.0,-13.047,8,0.00174,32,8
UK#ERR1439012#4,True,True,False,True,0.92,-8.944,UNKNOWN,0.970679,18,19A
UK#ERR1439012#36,True,True,True,True,0.447,-6.399,UNKNOWN,1.0,35B_35D,19A
UK#ERR1440464#7,True,False,False,False,0.922,-10.258,38,0.065231,39,38
UK#ERR1440464#23,True,False,False,False,0.988,-10.864,38,0.082668,12_44_46,38
UK#ERR1438879#3,True,False,False,False,0.743,-9.472,20B,0.138288,20,20B
UK#ERR1440240#1,True,True,False,True,0.946,-10.566,UNKNOWN,0.995225,39,12F
UK#ERR1440240#7,True,False,False,False,0.999,-11.726,12F,0.156135,Serogroup 24,12F
UK#ERR1439508#6,True,True,False,True,0.949,-10.562,UNKNOWN,0.994642,Serogroup 24,12F
UK#ERR1439508#29,True,False,False,False,0.999,-11.844,12F,0.160122,Serogroup 24,12F
UK#ERR1440367#1,True,False,False,False,0.999,-12.084,35F,0.013397,12_44_46,35F
UK#ERR1439918#18,True,False,False,False,0.999,-12.264,9N,0.022874,32,9N
UK#ERR1439347#2,True,True,False,True,0.966,-10.686,UNKNOWN,0.70621,12_44_46,11A
UK#ERR1440406#2,True,True,False,True,0.894,-8.797,UNKNOWN,0.999129,28,35B
UK#ERR1440406#3,True,True,False,True,0.966,-10.116,UNKNOWN,0.812136,Serogroup 24,35B
UK#ERR1440520#13,True,False,False,False,0.999,-11.983,7F,0.024568,35F,7F
UK#ERR1440520#26,True,False,False,False,0.999,-11.738,7F,0.016156,35F,7F
UK#ERR1439595#6,True,True,False,True,0.932,-8.829,UNKNOWN,0.99992,10D,10B
UK#ERR1439595#9,True,True,False,True,0.988,-9.901,UNKNOWN,0.982613,10D,10B
UK#ERR1440187#2,True,False,False,False,1.0,-12.44,22F,0.001669,Serogroup 24,22F
UK#ERR1440187#6,True,False,False,False,0.999,-11.393,22F,0.068845,34,22F
UK#ERR1438643#2,True,True,False,True,0.955,-10.572,UNKNOWN,0.729092,12_44_46,11A
UK#ERR1438671#1,True,True,False,True,0.947,-10.539,UNKNOWN,0.994745,Serogroup 24,12F
UK#ERR1438671#8,True,False,False,False,0.999,-11.93,12F,0.091397,Serogroup 24,12F
UK#ERR1440534#11,True,False,False,False,0.999,-11.707,7F,0.05578,Serogroup 24,7F
UK#ERR1440534#23,True,False,False,False,0.999,-11.727,7F,0.016713,35F,7F
UK#ERR1438667#2,True,False,False,False,0.922,-10.258,38,0.065231,39,38
UK#ERR1438667#22,True,False,False,False,0.976,-10.603,38,0.164265,12_44_46,38
UK#ERR1440174#25,True,True,False,True,0.985,-9.167,UNKNOWN,0.887116,35B_35D,15A
UK#ERR1440174#27,True,False,False,False,0.996,-10.404,15A,0.480757,35B_35D,15A
UK#ERR1440628#9,True,True,False,True,0.922,-8.254,UNKNOWN,0.992066,20,10A
UK#ERR1440628#17,True,False,False,False,0.999,-11.555,13,0.077472,19F,13
UK#ERR1440327#6,True,False,False,False,0.93,-10.198,20B,0.035564,20,20B
UK#ERR1440327#18,True,False,False,False,0.955,-10.172,20B,0.227884,20,20B
UK#ERR1440415#1,True,True,False,True,0.993,-9.8,UNKNOWN,0.599842,33B_33D,10A
UK#ERR1440415#23,True,False,False,False,0.999,-11.515,10A,0.060039,20,10A
UK#ERR1440237#2,True,False,False,False,1.0,-13.529,3,0.048758,9,3
UK#ERR1440593#1,True,True,False,True,0.967,-10.693,UNKNOWN,0.70366,12_44_46,11A
UK#ERR1439855#1,True,True,False,True,0.977,-10.228,UNKNOWN,0.968077,20,18C
UK#ERR1438990#3,True,True,False,True,0.877,-8.216,UNKNOWN,0.999997,35B_35D,28A
UK#ERR1438990#40,True,True,False,True,0.882,-8.527,UNKNOWN,0.998546,Serogroup 24,28A
UK#ERR1440418#2,True,False,False,False,0.979,-10.733,35B,0.379963,Serogroup 24,35B
UK#ERR1440418#21,False,True,True,True,0.939,-7.784,UNKNOWN,0.999934,19A,35B
UK#ERR1439677#2,True,True,False,True,0.966,-10.686,UNKNOWN,0.706839,12_44_46,11A
UK#ERR1440614#1,True,False,False,False,0.566,-9.732,15C,0.001945,19F,15C
UK#ERR1438783#2,True,False,False,False,0.999,-12.035,23B,0.004697,1,23B
UK#ERR1439792#3,True,False,False,False,0.999,-11.881,1,0.16504,35B_35D,1
UK#ERR1439792#58,True,True,False,True,0.999,-12.156,UNKNOWN,0.540215,18,1
UK#ERR1440398#1,True,False,False,False,0.999,-11.71,10A,0.007985,33B_33D,10A
UK#ERR1440398#23,True,False,False,False,0.999,-11.515,10A,0.060039,20,10A
UK#ERR1439533#5,True,False,False,False,1.0,-12.498,16F,0.001659,39,16F
UK#ERR1440596#4,True,True,False,True,0.996,-10.523,UNKNOWN,0.617008,32,33F
UK#ERR1438701#3,True,False,False,False,0.76,-9.594,15C,0.005201,19F,15C
UK#ERR1439722#2,True,True,True,True,0.761,-7.552,UNKNOWN,0.999996,34,16F
UK#ERR1439722#18,True,False,False,False,1.0,-12.142,19A,0.002242,13,19A
UK#ERR1440246#1,True,True,True,True,0.498,-7.534,UNKNOWN,0.999157,25A_25F_38,9V
UK#ERR1440246#3,True,False,False,False,0.986,-10.04,9V,0.407017,25A_25F_38,9V
UK#ERR1440270#1,True,True,False,True,0.945,-10.566,UNKNOWN,0.995226,39,12F
UK#ERR1440270#8,True,False,False,False,0.999,-11.797,12F,0.174628,Serogroup 24,12F
UK#ERR1439997#9,True,True,False,True,0.944,-11.038,UNKNOWN,0.860036,19F,12F
UK#ERR1439997#20,True,True,False,True,0.945,-10.539,UNKNOWN,0.995832,39,12F
UK#ERR1440482#1,True,False,False,False,0.999,-11.468,23A,0.004355,19F,23A
UK#ERR1439857#7,True,False,False,False,0.918,-9.374,6B,0.349778,12_44_46,6B
UK#ERR1439402#1,True,True,False,True,0.9,-10.026,UNKNOWN,0.823383,Serogroup 24,35B
UK#ERR1439634#2,True,False,False,False,0.999,-11.473,23A,0.004256,19F,23A
UK#ERR1439004#36,True,False,False,False,0.998,-10.738,15A,0.055414,19B_19C,15A
UK#ERR1439004#61,True,True,False,True,0.736,-8.474,UNKNOWN,0.999825,19F,15A
UK#ERR1440004#1,True,True,False,True,0.994,-10.892,UNKNOWN,0.833424,10D,12F
UK#ERR1440004#5,True,False,False,False,0.996,-11.048,12F,0.452116,39,12F
UK#ERR1438673#1,True,False,False,False,0.999,-11.651,23B,0.038437,1,23B
UK#ERR1438673#28,True,False,False,False,0.998,-10.684,23B,0.076386,12_44_46,23B
UK#ERR1439318#6,True,False,False,False,0.999,-11.827,15A,0.005345,35A_35C_42,15A
UK#ERR1439318#26,True,True,False,True,0.96,-8.906,UNKNOWN,0.98375,Serogroup 24,15A
UK#ERR1438968#1,True,True,False,True,0.994,-10.106,UNKNOWN,0.596138,13,19A
UK#ERR1438968#23,True,False,False,False,0.994,-10.654,19A,0.107886,35F,19A
UK#ERR1439630#4,True,True,False,True,0.997,-10.77,UNKNOWN,0.636699,35B_35D,5
UK#ERR1439630#22,True,False,False,False,0.999,-11.734,5,0.065023,20,5
UK#ERR1440049#3,True,False,False,False,1.0,-12.002,19A,0.003949,13,19A
UK#ERR1439784#1,True,False,False,False,1.0,-12.002,19A,0.003949,13,19A
UK#ERR1439367#1,True,False,False,False,0.959,-10.207,6A,0.001249,12_44_46,6A
UK#ERR1440149#1,True,True,False,True,0.917,-10.257,UNKNOWN,0.607654,39,35B
UK#ERR1438724#3,True,False,False,False,0.998,-10.838,14,0.067843,39,14
UK#ERR1438724#33,True,False,False,False,1.0,-11.954,14,0.000857,28,14
UK#ERR1439635#8,True,True,False,True,0.996,-10.786,UNKNOWN,0.682303,25A_25F_38,10F
UK#ERR1439635#52,True,True,False,True,0.952,-9.327,UNKNOWN,1.0,16F,10F
UK#ERR1440519#6,True,False,False,False,0.997,-10.846,16F,0.46558,12_44_46,16F
UK#ERR1440519#7,True,True,True,True,0.914,-8.03,UNKNOWN,0.999633,32,16F
UK#ERR1438946#4,True,False,False,False,0.999,-11.433,19A,0.027745,32,19A
UK#ERR1438946#15,True,True,False,True,0.99,-9.796,UNKNOWN,0.824805,13,19A
UK#ERR1438781#1,True,False,False,False,0.999,-12.035,23B,0.004697,1,23B
UK#ERR1438808#6,True,False,False,False,0.997,-10.846,16F,0.46558,12_44_46,16F
UK#ERR1438808#10,True,False,False,False,0.999,-11.509,16F,0.233604,39,16F
UK#ERR1438618#1,True,False,False,False,1.0,-12.007,19A,0.003942,13,19A
UK#ERR1440554#6,True,True,True,True,0.179,-6.215,UNKNOWN,1.0,21,10A
UK#ERR1440554#29,True,False,False,False,0.997,-10.679,10A,0.48209,20,10A
UK#ERR1438678#1,True,False,False,False,0.999,-12.035,23B,0.004697,1,23B
UK#ERR1439535#16,True,False,False,False,0.999,-11.911,15A,0.006936,35A_35C_42,15A
UK#ERR1439535#25,True,False,False,False,0.997,-10.517,15A,0.494985,35B_35D,15A
UK#ERR1440002#1,True,True,False,True,0.91,-8.906,UNKNOWN,0.999983,20,4
UK#ERR1440002#3,True,False,False,False,1.0,-12.127,19A,0.002158,13,19A
UK#ERR1439071#11,True,True,False,True,0.987,-9.46,UNKNOWN,0.596818,16F,14
UK#ERR1439071#23,True,False,False,False,0.999,-11.91,15A,0.007337,35A_35C_42,15A
UK#ERR1439858#5,True,False,False,False,0.932,-10.203,20B,0.034793,20,20B
UK#ERR1439858#8,True,False,False,False,0.955,-10.172,20B,0.227884,20,20B
UK#ERR1440013#2,True,False,False,False,0.999,-12.299,9N,0.020209,32,9N
UK#ERR1439345#1,True,True,False,True,0.993,-10.225,UNKNOWN,0.733692,12_44_46,23B
UK#ERR1439345#42,True,False,False,False,0.998,-10.684,23B,0.076386,12_44_46,23B
UK#ERR1440410#14,True,False,False,False,0.999,-11.331,31,0.066386,20,31
UK#ERR1440410#16,True,False,False,False,0.999,-11.749,31,0.017455,20,31
UK#ERR1438645#2,True,False,False,False,1.0,-11.997,19A,0.003965,13,19A
UK#ERR1438612#11,True,True,False,True,0.919,-10.272,UNKNOWN,0.588721,39,35B
UK#ERR1438729#4,True,False,False,False,0.999,-11.527,21,0.00633,6E,21
UK#ERR1438729#26,True,False,False,False,0.996,-10.465,21,0.475496,35B_35D,21
UK#ERR1439504#1,True,False,False,False,0.994,-11.273,24F,0.466618,35A_35C_42,24F
UK#ERR1440107#5,True,False,False,False,1.0,-13.591,3,0.026563,10D,3
UK#ERR1439643#7,True,True,False,True,0.972,-8.286,UNKNOWN,0.863685,2,6A
UK#ERR1439643#21,True,False,False,False,0.996,-10.046,6A,0.257718,Serogroup 24,6A
UK#ERR1439649#7,True,False,False,False,0.998,-11.035,19A,0.187357,32,19A
UK#ERR1439649#11,True,False,False,False,1.0,-12.043,19A,0.002782,13,19A
UK#ERR1439326#5,True,False,False,False,0.803,-9.543,15C,0.005989,19F,15C
UK#ERR1439177#1,True,True,False,True,0.913,-8.44,UNKNOWN,0.992704,19F,15C
UK#ERR1439177#3,True,False,False,False,0.569,-9.375,15B,0.126643,Serogroup 24,15B
UK#ERR1439003#1,True,False,False,False,0.999,-11.44,15A,0.022585,35A_35C_42,15A
UK#ERR1438811#1,True,True,False,True,0.987,-9.63,UNKNOWN,0.999989,12_44_46,48
UK#ERR1438811#15,True,True,False,True,0.916,-9.191,UNKNOWN,1.0,35A_35C_42,48
UK#ERR1440191#2,True,True,False,True,0.97,-9.115,UNKNOWN,0.996406,10D,37
UK#ERR1438764#12,True,True,False,True,0.969,-9.392,UNKNOWN,0.999436,35A_35C_42,7B
UK#ERR1439904#1,True,False,False,False,1.0,-12.574,8,0.006718,32,8
UK#ERR1439904#5,True,False,False,False,1.0,-13.064,8,0.001646,32,8
UK#ERR1440295#1,True,False,False,False,0.994,-10.46,9V,0.092513,25A_25F_38,9V
UK#ERR1440295#20,True,True,True,True,0.468,-7.539,UNKNOWN,0.997955,25A_25F_38,9V
UK#ERR1439948#2,True,False,False,False,1.0,-13.529,3,0.048758,9,3
UK#ERR1440384#9,True,False,False,False,0.999,-11.527,21,0.00633,6E,21
UK#ERR1440384#25,True,False,False,False,0.996,-10.465,21,0.475496,35B_35D,21
UK#ERR1438737#1,True,True,False,True,0.966,-10.686,UNKNOWN,0.706839,12_44_46,11A
UK#ERR1438664#7,True,False,False,False,0.922,-10.258,38,0.065231,39,38
UK#ERR1438664#23,True,False,False,False,0.988,-10.864,38,0.082668,12_44_46,38
UK#ERR1439519#22,True,False,False,False,1.0,-11.654,19F,0.000273,20,19F
UK#ERR1439519#40,True,False,False,False,0.992,-10.094,19F,0.328086,35F,19F
UK#ERR1438980#4,True,True,True,True,0.468,-7.718,UNKNOWN,0.923583,35F,19F
UK#ERR1438980#19,True,False,False,False,1.0,-12.155,19A,0.00209,13,19A
UK#ERR1439631#1,True,False,False,False,0.995,-10.173,9V,0.484042,25A_25F_38,9V
UK#ERR1439631#24,True,True,True,True,0.498,-7.534,UNKNOWN,0.999157,25A_25F_38,9V
UK#ERR1438721#1,True,False,False,False,1.0,-13.157,8,0.001809,32,8
UK#ERR1439195#1,True,False,False,False,0.999,-11.769,19A,0.005014,13,19A
UK#ERR1438904#1,True,False,False,False,0.999,-12.194,9N,0.021993,32,9N
UK#ERR1438904#28,True,False,False,False,0.999,-12.261,9N,0.067335,32,9N
UK#ERR1440032#2,True,False,False,False,1.0,-12.424,22F,0.00133,Serogroup 24,22F
UK#ERR1440032#20,True,False,False,False,1.0,-12.783,22F,0.000722,34,22F
UK#ERR1439959#22,True,False,False,False,0.999,-11.245,15A,0.012455,35B_35D,15A
UK#ERR1439959#37,True,True,False,True,0.981,-9.044,UNKNOWN,0.880335,19B_19C,15A
UK#ERR1439164#15,True,False,False,False,1.0,-12.002,19A,0.003949,13,19A
UK#ERR1438863#3,True,True,True,True,0.468,-7.718,UNKNOWN,0.923583,35F,19F
UK#ERR1438863#22,True,False,False,False,1.0,-12.155,19A,0.00209,13,19A
UK#ERR1440655#1,True,False,False,False,0.611,-9.598,6B,0.003829,12_44_46,6B
UK#ERR1440316#1,True,False,False,False,0.955,-10.172,20B,0.227884,20,20B
UK#ERR1440316#4,True,False,False,False,0.931,-10.199,20B,0.035216,20,20B
UK#ERR1440518#2,True,False,False,False,0.999,-11.562,10A,0.016028,33B_33D,10A
UK#ERR1440518#3,True,False,False,False,0.999,-11.713,10A,0.046212,20,10A
UK#ERR1438835#13,True,False,False,False,0.999,-11.656,19A,0.006663,13,19A
UK#ERR1438835#16,True,False,False,False,0.998,-10.921,19A,0.266339,32,19A
UK#ERR1439525#1,True,True,False,True,0.966,-10.686,UNKNOWN,0.706839,12_44_46,11A
UK#ERR1439117#1,True,False,False,False,0.999,-11.911,15A,0.007126,35A_35C_42,15A
UK#ERR1439117#35,True,False,False,False,0.999,-11.234,15A,0.016954,35B_35D,15A
UK#ERR1439568#6,True,True,False,True,0.949,-10.562,UNKNOWN,0.994644,Serogroup 24,12F
UK#ERR1439568#30,True,False,False,False,0.999,-12.017,12F,0.086896,Serogroup 24,12F
UK#ERR1440044#1,True,True,False,True,0.997,-11.221,UNKNOWN,0.87459,32,8
UK#ERR1440044#5,True,False,False,False,1.0,-12.566,8,0.0084,32,8
UK#ERR1440465#1,True,False,False,False,0.922,-10.258,38,0.065231,39,38
UK#ERR1440465#24,True,False,False,False,0.987,-10.86,38,0.078959,12_44_46,38
UK#ERR1440108#2,True,False,False,False,1.0,-12.249,22F,0.005633,Serogroup 24,22F
UK#ERR1440108#6,True,False,False,False,0.999,-11.393,22F,0.068845,34,22F
UK#ERR1440654#1,True,False,False,False,0.999,-11.911,15A,0.007126,35A_35C_42,15A
UK#ERR1440654#23,True,False,False,False,0.999,-11.234,15A,0.016954,35B_35D,15A
UK#ERR1439926#6,True,True,False,True,0.949,-10.562,UNKNOWN,0.994642,Serogroup 24,12F
UK#ERR1439926#29,True,False,False,False,0.999,-11.962,12F,0.080837,Serogroup 24,12F
UK#ERR1440571#1,True,False,False,False,1.0,-13.529,3,0.048758,9,3
UK#ERR1439009#1,True,False,False,False,1.0,-11.623,19F,0.000688,20,19F
UK#ERR1440133#1,True,False,False,False,0.999,-11.663,23B,0.038614,1,23B
UK#ERR1440133#48,True,False,False,False,0.999,-11.078,23B,0.051564,12_44_46,23B
UK#ERR1438848#1,True,False,False,False,0.999,-11.798,19A,0.004683,13,19A
UK#ERR1440549#6,True,False,False,False,0.999,-12.276,9N,0.021224,32,9N
UK#ERR1439118#1,False,True,True,True,0.259,-5.536,UNKNOWN,0.99999,35F,19A
UK#ERR1439917#1,True,False,False,False,1.0,-13.529,3,0.048758,9,3
UK#ERR1439573#1,True,True,False,True,0.981,-9.123,UNKNOWN,0.783403,35B_35D,15A
UK#ERR1439573#9,True,False,False,False,0.999,-11.234,15A,0.016954,35B_35D,15A
UK#ERR1440394#1,True,True,False,True,0.946,-10.395,UNKNOWN,0.670986,12_44_46,11A
UK#ERR1439782#1,True,True,True,True,0.527,-7.6,UNKNOWN,0.999999,12_44_46,7C
UK#ERR1439782#17,True,False,False,False,0.999,-11.673,7C,0.06515,12_44_46,7C
UK#ERR1439404#1,True,True,False,True,0.895,-9.168,UNKNOWN,0.985766,Serogroup 24,15B
UK#ERR1439404#5,True,True,False,True,0.606,-8.529,UNKNOWN,0.996255,19F,15B
UK#ERR1439286#11,True,False,False,False,0.997,-10.499,15A,0.086721,35A_35C_42,15A
UK#ERR1439286#32,True,False,False,False,0.999,-11.91,15A,0.007337,35A_35C_42,15A
UK#ERR1440313#8,True,True,False,True,0.993,-11.197,UNKNOWN,0.600199,41F,24F
UK#ERR1440313#11,True,False,False,False,0.997,-10.575,19F,0.34732,20,19F
UK#ERR1440242#1,True,False,False,False,1.0,-13.215,8,0.001719,32,8
UK#ERR1438820#1,True,True,True,True,0.468,-7.718,UNKNOWN,0.923583,35F,19F
UK#ERR1438820#24,True,False,False,False,1.0,-12.155,19A,0.00209,13,19A
UK#ERR1439686#1,True,False,False,False,1.0,-11.966,19A,0.003724,13,19A
UK#ERR1439616#21,True,False,False,False,0.793,-9.924,38,0.00592,39,38
UK#ERR1439616#27,True,True,False,True,0.686,-8.523,UNKNOWN,0.964355,39,38
UK#ERR1438726#3,True,False,False,False,0.939,-10.336,38,0.091548,39,38
UK#ERR1438726#24,True,False,False,False,0.877,-9.828,38,0.064862,39,38
UK#ERR1439007#1,True,False,False,False,1.0,-12.009,19A,0.003255,13,19A
UK#ERR1439728#3,True,False,False,False,0.999,-11.789,19A,0.006785,13,19A
UK#ERR1439728#28,True,True,True,True,0.905,-8.018,UNKNOWN,0.998143,12_44_46,19A
UK#ERR1440227#5,True,True,True,True,0.828,-7.435,UNKNOWN,0.997181,20,19F
UK#ERR1440227#9,True,True,False,True,0.909,-8.544,UNKNOWN,0.999578,35B_35D,21
UK#ERR1439689#3,True,True,False,True,0.986,-9.606,UNKNOWN,0.970364,28,34
UK#ERR1439689#20,True,False,False,False,1.0,-12.144,34,0.005773,32,34
UK#ERR1439799#3,True,True,False,True,0.994,-10.292,UNKNOWN,0.861726,33B_33D,1
UK#ERR1439799#58,True,True,False,True,0.999,-12.156,UNKNOWN,0.540215,18,1
UK#ERR1439189#6,True,False,False,False,0.999,-11.234,15A,0.016954,35B_35D,15A
UK#ERR1439189#17,True,False,False,False,0.999,-11.91,15A,0.007337,35A_35C_42,15A
UK#ERR1440556#26,True,True,False,True,0.948,-10.341,UNKNOWN,0.955606,19F,12F
UK#ERR1440556#35,True,True,False,True,0.945,-10.954,UNKNOWN,0.861141,19F,12F
UK#ERR1439078#1,True,False,False,False,1.0,-11.966,19A,0.003725,13,19A
UK#ERR1440492#1,True,False,False,False,1.0,-12.49,16F,0.002972,39,16F
UK#ERR1439237#5,True,True,False,True,0.606,-8.529,UNKNOWN,0.996255,19F,15B
UK#ERR1439237#10,True,True,False,True,0.667,-8.391,UNKNOWN,0.999915,19F,15A
UK#ERR1440618#7,True,False,False,False,0.999,-11.496,13,0.177888,19F,13
UK#ERR1440419#1,True,True,True,True,0.838,-7.145,UNKNOWN,1.0,35A_35C_42,20A
UK#ERR1440419#19,True,False,False,False,0.955,-10.172,20B,0.227884,20,20B
UK#ERR1439029#19,True,False,False,False,0.94,-10.41,35B,0.41159,39,35B
UK#ERR1439029#24,True,True,False,True,0.915,-8.906,UNKNOWN,0.998467,28,35B
UK#ERR1439162#2,True,False,False,False,0.999,-11.911,15A,0.007126,35A_35C_42,15A
UK#ERR1439162#4,True,False,False,False,0.999,-11.234,15A,0.016954,35B_35D,15A
UK#ERR1438992#5,True,True,False,True,0.967,-8.956,UNKNOWN,0.990036,35B_35D,28A
UK#ERR1439066#1,True,False,False,False,0.981,-10.432,19A,0.077472,35F,19A
UK#ERR1439892#1,True,False,False,False,1.0,-13.215,8,0.001719,32,8
UK#ERR1440354#2,True,False,False,False,0.988,-10.864,38,0.082668,12_44_46,38
UK#ERR1440354#7,True,False,False,False,0.922,-10.258,38,0.065231,39,38
UK#ERR1439214#1,True,True,False,True,0.908,-8.588,UNKNOWN,0.987551,19F,15A
UK#ERR1439214#36,True,False,False,False,0.999,-11.234,15A,0.016954,35B_35D,15A
UK#ERR1439023#2,True,False,False,False,0.992,-10.094,19F,0.328086,35F,19F
UK#ERR1439023#4,True,False,False,False,1.0,-11.607,19F,0.000305,20,19F
UK#ERR1440077#3,True,False,False,False,1.0,-12.44,22F,0.001669,Serogroup 24,22F
UK#ERR1440077#12,True,False,False,False,1.0,-12.793,22F,0.000719,34,22F
UK#ERR1439572#23,True,True,False,True,0.972,-9.087,UNKNOWN,0.984107,19F,12F
UK#ERR1439572#35,True,True,False,True,0.753,-10.085,UNKNOWN,0.959052,10D,12F
UK#ERR1440051#1,True,False,False,False,0.998,-10.571,19F,0.23607,20,19F
UK#ERR1440051#25,True,True,False,True,0.994,-10.249,UNKNOWN,0.719293,35F,19F
UK#ERR1440196#8,True,False,False,False,0.999,-11.534,13,0.156883,19F,13
UK#ERR1440368#7,True,False,False,False,0.932,-10.203,20B,0.034793,20,20B
UK#ERR1440368#20,True,False,False,False,0.955,-10.172,20B,0.227884,20,20B
UK#ERR1439876#1,True,True,False,True,0.994,-10.805,UNKNOWN,0.699017,19F,17F
UK#ERR1439876#14,True,False,False,False,1.0,-12.349,17F,0.016302,19F,17F
UK#ERR1440045#3,True,False,False,False,0.984,-10.83,38,0.080291,12_44_46,38
UK#ERR1440045#16,True,False,False,False,0.922,-10.258,38,0.065231,39,38
UK#ERR1440469#5,True,False,False,False,1.0,-12.172,4,0.004839,18,4
UK#ERR1440469#23,True,True,False,True,0.96,-9.231,UNKNOWN,0.977696,20,4
UK#ERR1439065#1,True,False,False,False,1.0,-12.009,19A,0.003255,13,19A
UK#ERR1440477#3,True,False,False,False,0.931,-10.199,20B,0.035216,20,20B
UK#ERR1440477#22,True,True,False,True,0.944,-8.909,UNKNOWN,0.999063,20,20B
UK#ERR1440033#1,True,False,False,False,0.999,-11.911,15A,0.007126,35A_35C_42,15A
UK#ERR1440033#7,True,False,False,False,0.999,-11.234,15A,0.016954,35B_35D,15A
UK#ERR1439611#1,True,True,False,True,0.896,-9.936,UNKNOWN,0.98753,35B_35D,18C
UK#ERR1439929#13,True,True,False,True,0.948,-10.543,UNKNOWN,0.994983,Serogroup 24,12F
UK#ERR1439929#41,True,True,False,True,0.944,-11.038,UNKNOWN,0.860036,19F,12F
UK#ERR1440570#7,True,False,False,False,0.983,-10.336,20B,0.102321,20,20B
UK#ERR1440570#19,True,False,False,False,0.955,-10.172,20B,0.227884,20,20B
UK#ERR1440652#5,True,False,False,False,0.756,-9.593,15C,0.004909,19F,15C
UK#ERR1440241#2,True,False,False,False,1.0,-13.042,8,0.001805,32,8
UK#ERR1440241#17,True,False,False,False,1.0,-12.95,8,0.001436,32,8
UK#ERR1439430#21,True,True,True,True,0.498,-7.534,UNKNOWN,0.999157,25A_25F_38,9V
UK#ERR1439430#23,True,False,False,False,0.997,-10.644,9V,0.028719,25A_25F_38,9V
UK#ERR1439785#5,True,False,False,False,0.838,-9.775,6A,0.001723,12_44_46,6A
UK#ERR1440130#2,True,False,False,False,0.998,-11.217,33F,0.43255,19F,33F
UK#ERR1440130#15,True,False,False,False,0.999,-11.972,33F,0.045928,19F,33F
UK#ERR1439758#14,True,False,False,False,0.978,-9.675,6B,0.023009,12_44_46,6B
UK#ERR1440622#3,True,False,False,False,0.999,-11.355,9V,0.006236,25A_25F_38,9V
UK#ERR1440349#2,True,False,False,False,0.922,-10.258,38,0.065231,39,38
UK#ERR1440349#26,True,False,False,False,0.877,-9.828,38,0.064862,39,38
UK#ERR1439495#2,True,False,False,False,1.0,-13.176,8,0.001915,32,8
UK#ERR1439021#2,False,True,True,True,0.274,-5.71,UNKNOWN,0.999998,20,14
UK#ERR1438953#3,True,True,True,True,0.905,-7.623,UNKNOWN,0.996398,31,19F
UK#ERR1438953#4,True,True,True,True,0.494,-7.686,UNKNOWN,0.93573,35F,19F
UK#ERR1438676#7,True,False,False,False,0.999,-11.886,31,0.007934,20,31
UK#ERR1439176#6,True,False,False,False,0.998,-11.01,19A,0.142245,32,19A
UK#ERR1439176#19,True,False,False,False,1.0,-12.048,19A,0.002697,13,19A
UK#ERR1439296#2,True,False,False,False,0.999,-11.813,15A,0.007493,35A_35C_42,15A
UK#ERR1439198#3,True,False,False,False,1.0,-12.002,19A,0.00395,13,19A
UK#ERR1440530#1,True,False,False,False,1.0,-13.216,3,0.057079,9,3
UK#ERR1439846#3,True,False,False,False,0.999,-11.881,1,0.16504,35B_35D,1
UK#ERR1439846#63,True,True,False,True,0.999,-12.156,UNKNOWN,0.540215,18,1
UK#ERR1440436#1,True,True,False,True,0.984,-9.339,UNKNOWN,0.966068,12_44_46,17F
UK#ERR1440436#18,True,False,False,False,1.0,-12.313,17F,0.019556,19F,17F
UK#ERR1439090#10,True,True,False,True,0.992,-10.181,UNKNOWN,0.654243,39,14
UK#ERR1439090#11,True,False,False,False,1.0,-12.118,14,0.000207,28,14
UK#ERR1439661#2,True,True,False,True,0.981,-10.241,UNKNOWN,0.964507,20,18C
UK#ERR1439520#6,True,False,False,False,0.999,-11.809,15A,0.007715,35A_35C_42,15A
UK#ERR1439215#5,True,True,True,True,0.272,-5.629,UNKNOWN,0.999995,10,15C
UK#ERR1439215#13,True,True,False,True,0.978,-8.938,UNKNOWN,0.914984,19B_19C,15A
UK#ERR1439565#5,True,False,False,False,0.996,-10.237,14,0.398578,39,14
UK#ERR1439565#22,True,False,False,False,0.998,-10.746,14,0.144534,10D,14
UK#ERR1440287#2,True,False,False,False,0.999,-12.071,35F,0.013728,12_44_46,35F
UK#ERR1440499#2,True,True,False,True,0.847,-9.473,UNKNOWN,0.993614,12_44_46,11A
UK#ERR1440499#11,True,True,False,True,0.959,-10.124,UNKNOWN,0.803429,12_44_46,11A
UK#ERR1440565#1,True,False,False,False,0.999,-12.084,35F,0.013397,12_44_46,35F
UK#ERR1439156#2,True,False,False,False,1.0,-12.002,19A,0.003949,13,19A
UK#ERR1440397#2,True,False,False,False,0.999,-11.435,31,0.067035,20,31
UK#ERR1440397#15,True,False,False,False,0.999,-11.574,31,0.037775,20,31
UK#ERR1438803#23,True,True,True,True,0.468,-7.539,UNKNOWN,0.997955,25A_25F_38,9V
UK#ERR1438803#45,True,False,False,False,0.994,-10.359,9V,0.159394,25A_25F_38,9V
UK#ERR1439624#22,True,False,False,False,0.999,-11.62,15A,0.027634,10D,15A
UK#ERR1439624#70,True,True,False,True,0.665,-8.369,UNKNOWN,0.99992,19F,15A
UK#ERR1440186#3,True,False,False,False,0.922,-10.258,38,0.065231,39,38
UK#ERR1440186#4,True,False,False,False,0.985,-10.849,38,0.070568,12_44_46,38
UK#ERR1439879#14,True,False,False,False,1.0,-12.349,17F,0.016302,19F,17F
UK#ERR1439879#20,True,True,False,True,0.992,-10.86,UNKNOWN,0.793985,19F,17F
UK#ERR1438668#2,True,False,False,False,0.999,-11.473,23A,0.004256,19F,23A
UK#ERR1438846#1,True,False,False,False,1.0,-12.002,19A,0.00395,13,19A
UK#ERR1440213#1,True,False,False,False,0.955,-10.172,20B,0.227884,20,20B
UK#ERR1440213#2,True,False,False,False,0.932,-10.209,20B,0.034616,20,20B
UK#ERR1438636#13,True,True,False,True,0.874,-9.334,UNKNOWN,0.949776,Serogroup 24,15B
UK#ERR1438636#25,True,False,False,False,0.6,-9.572,15B,0.052835,19F,15B
UK#ERR1438655#1,True,True,False,True,0.949,-9.28,UNKNOWN,0.99807,19F,22F
UK#ERR1438655#2,True,False,False,False,0.999,-11.793,22F,0.021089,34,22F
UK#ERR1440127#1,True,True,False,True,0.978,-9.046,UNKNOWN,0.83395,13,15A
UK#ERR1440127#7,True,False,False,False,0.999,-11.245,15A,0.012455,35B_35D,15A
UK#ERR1438906#3,True,True,False,True,0.997,-10.582,UNKNOWN,0.502953,19F,22F
UK#ERR1438906#6,True,False,False,False,0.999,-11.393,22F,0.068845,34,22F
UK#ERR1440154#1,True,False,False,False,0.999,-11.911,15A,0.00712,35A_35C_42,15A
UK#ERR1440154#8,True,False,False,False,0.999,-11.245,15A,0.012455,35B_35D,15A
UK#ERR1438821#2,True,False,False,False,1.0,-12.002,19A,0.003949,13,19A
UK#ERR1438865#1,True,False,False,False,0.999,-11.783,19A,0.004816,13,19A
UK#ERR1438822#3,True,False,False,False,1.0,-12.002,19A,0.003949,13,19A
UK#ERR1439359#1,True,False,False,False,0.999,-11.807,15A,0.007805,35A_35C_42,15A
UK#ERR1440582#1,True,False,False,False,0.999,-12.29,9N,0.020021,32,9N
UK#ERR1440007#10,True,False,False,False,0.999,-11.907,15A,0.006693,35A_35C_42,15A
UK#ERR1440007#32,True,True,False,True,0.983,-9.287,UNKNOWN,0.969652,35A_35C_42,15A
UK#ERR1439759#2,True,True,True,True,0.654,-7.996,UNKNOWN,0.99323,Serogroup 24,19A
UK#ERR1439759#21,True,False,False,False,1.0,-12.142,19A,0.002242,13,19A
UK#ERR1438824#14,True,False,False,False,0.999,-11.814,19A,0.009999,13,19A
UK#ERR1439546#2,True,False,False,False,1.0,-12.44,22F,0.001669,Serogroup 24,22F
UK#ERR1439546#6,True,False,False,False,0.999,-11.393,22F,0.068845,34,22F
UK#ERR1439171#5,True,False,False,False,0.999,-11.0,14,0.01593,39,14
UK#ERR1439171#8,True,False,False,False,1.0,-12.113,14,0.000199,28,14
UK#ERR1439772#14,True,False,False,False,0.975,-9.666,6B,0.021801,12_44_46,6B
UK#ERR1439109#3,True,True,True,True,0.676,-8.09,UNKNOWN,0.999933,19F,15A
UK#ERR1439109#11,True,True,True,True,0.914,-7.544,UNKNOWN,0.991516,19F,19F
UK#ERR1439288#10,True,False,False,False,0.997,-10.499,15A,0.086721,35A_35C_42,15A
UK#ERR1439288#24,True,False,False,False,0.999,-11.91,15A,0.007336,35A_35C_42,15A
UK#ERR1439449#1,True,False,False,False,0.999,-11.617,19F,0.001366,20,19F
UK#ERR1439449#33,True,True,False,True,0.956,-8.686,UNKNOWN,0.984467,10D,6B
UK#ERR1438920#1,True,True,False,True,0.936,-10.383,UNKNOWN,0.764511,12_44_46,11A
UK#ERR1438935#1,True,False,False,False,0.999,-11.429,6C,0.087373,15B/C,6C
UK#ERR1439229#1,True,False,False,False,0.763,-9.642,15B,0.318018,35A_35C_42,15B
UK#ERR1439229#6,True,False,False,False,0.569,-9.375,15B,0.126643,Serogroup 24,15B
UK#ERR1440435#1,True,False,False,False,0.999,-12.037,23B,0.004689,1,23B
UK#ERR1440485#2,True,True,False,True,0.849,-9.479,UNKNOWN,0.993605,12_44_46,11A
UK#ERR1440485#8,True,True,False,True,0.925,-9.86,UNKNOWN,0.900519,25A_25F_38,11A
UK#ERR1438731#17,True,True,True,True,0.6,-6.212,UNKNOWN,1.0,2,14
UK#ERR1438731#48,True,True,False,True,0.904,-8.745,UNKNOWN,0.999253,19F,22F
UK#ERR1439112#1,True,False,False,False,0.999,-11.504,15A,0.024727,19B_19C,15A
UK#ERR1439112#9,True,False,False,False,0.999,-11.234,15A,0.016954,35B_35D,15A
UK#ERR1439219#5,True,False,False,False,0.999,-11.507,15A,0.030672,19B_19C,15A
UK#ERR1439219#34,True,False,False,False,0.999,-11.234,15A,0.016954,35B_35D,15A
UK#ERR1439514#11,True,True,False,True,0.818,-8.487,UNKNOWN,0.998231,31,19F
UK#ERR1439514#26,True,True,False,True,0.993,-11.205,UNKNOWN,0.584055,41F,24F
UK#ERR1439890#1,True,True,False,True,0.995,-10.461,UNKNOWN,0.672293,48,34
UK#ERR1439890#13,True,True,True,True,0.695,-7.482,UNKNOWN,1.0,12_44_46,35F
