predicted_serotype,tip,predicted_serogroup,is_cps,nn_serotype,nn_serogroup,nn_genogroup,nn_distance,tool,threshold,is_novel_serogroup,GPSC,final_serotype_prediction,final_serogroup_prediction,Name,Genogroup,SeroBA_Unknown,SeroBA_Type
12F,SAMN11117344,12,TRUE,15B/C,15,15B/C,0.208168387244948,ALLCAPS,0.0560859747107625,TRUE,38,Novel,Novel,12F,12A,1,ref
25F,SAMEA4931248,25,TRUE,25F,25,25A_25F_38,0.0433303397870465,ALLCAPS,4.51792531455109e-5,TRUE,38,Novel,Novel,25F,25A,1,ref
25F,SAMEA6500716,25,TRUE,25F,25,25A_25F_38,0.065302151878037007,ALLCAPS,4.51792531455109e-5,TRUE,38,Novel,Novel,25F,25A,1,ref
31,SAMN11116586,31,TRUE,31,31,31,0.25427717949194,ALLCAPS,0.0834530962777698,TRUE,38,Novel,Novel,31,31,1,ref
31,SAMN11116644,31,TRUE,9N,9,9,0.195553941819319,ALLCAPS,0.0019420714847999,TRUE,38,Novel,Novel,31,31,1,ref
38,SAMEA1028689,38,TRUE,25A,25,25A_25F_38,6.2410730325146e-4,ALLCAPS,4.60093985018006e-5,TRUE,38,Novel,Novel,38,25A,1,ref
38,SAMEA111352056,38,TRUE,38,38,25A_25F_38,1.7398045016248e-4,ALLCAPS,4.99756673245644e-5,TRUE,38,Novel,Novel,38,25A,1,ref
38,SAMEA1028659,38,TRUE,25A,25,25A_25F_38,9.0093345374997e-4,ALLCAPS,4.60093985018006e-5,TRUE,38,Novel,Novel,38,25A,1,ref
38,SAMEA111351850,38,TRUE,38,38,25A_25F_38,0.00753217642149728,ALLCAPS,4.99756673245644e-5,TRUE,38,Novel,Novel,38,25A,1,ref
38,SAMEA104035050,38,TRUE,38,38,25A_25F_38,1.7398045016248e-4,ALLCAPS,4.99756673245644e-5,TRUE,38,Novel,Novel,38,25A,1,ref
38,SAMEA104035127,38,TRUE,38,38,25A_25F_38,0.00194664812594569,ALLCAPS,4.99756673245644e-5,TRUE,38,Novel,Novel,38,25A,1,ref
38,SAMEA114211740,38,TRUE,38,38,25A_25F_38,2.6519707480265e-4,ALLCAPS,4.99756673245644e-5,TRUE,38,Novel,Novel,38,25A,1,ref
38,SAMEA114211744,38,TRUE,38,38,25A_25F_38,3.5529100142506e-4,ALLCAPS,4.99756673245644e-5,TRUE,38,Novel,Novel,38,25A,1,ref
38,SAMEA114211878,38,TRUE,38,38,25A_25F_38,7.22980372712678e-5,ALLCAPS,4.99756673245644e-5,TRUE,38,Novel,Novel,38,25A,1,ref
38,SAMEA114212000,38,TRUE,38,38,25A_25F_38,3.3269013233649e-4,ALLCAPS,4.99756673245644e-5,TRUE,38,Novel,Novel,38,25A,1,ref
38,SAMEA114212203,38,TRUE,38,38,25A_25F_38,6.5614943346048e-4,ALLCAPS,4.99756673245644e-5,TRUE,38,Novel,Novel,38,25A,1,ref
38,SAMEA1028859,38,TRUE,25A,25,25A_25F_38,6.2410730325146e-4,ALLCAPS,4.60093985018006e-5,TRUE,38,Novel,Novel,38,25A,1,ref
38,SAMEA1028888,38,TRUE,25A,25,25A_25F_38,6.2410730325146e-4,ALLCAPS,4.60093985018006e-5,TRUE,38,Novel,Novel,38,25A,1,ref
38,SAMEA114036882,38,TRUE,38,38,25A_25F_38,2.6186387274762e-4,ALLCAPS,4.99756673245644e-5,TRUE,38,Novel,Novel,38,25A,1,ref
38,SAMEA1028928,38,TRUE,25A,25,25A_25F_38,6.2410730325146e-4,ALLCAPS,4.60093985018006e-5,TRUE,38,Novel,Novel,38,25A,1,ref
38,SAMEA1029064,38,TRUE,25A,25,25A_25F_38,6.2410730325146e-4,ALLCAPS,4.60093985018006e-5,TRUE,38,Novel,Novel,38,25A,1,ref
38,SAMEA1029116,38,TRUE,25A,25,25A_25F_38,6.2410730325146e-4,ALLCAPS,4.60093985018006e-5,TRUE,38,Novel,Novel,38,25A,1,ref
38,SAMEA1029154,38,TRUE,38,38,25A_25F_38,0.00279591222986097,ALLCAPS,4.99756673245644e-5,TRUE,38,Novel,Novel,38,25A,1,ref
38,SAMEA1029293,38,TRUE,38,38,25A_25F_38,0.00279591222986097,ALLCAPS,4.99756673245644e-5,TRUE,38,Novel,Novel,38,25A,1,ref
38,SAMEA1032420,38,TRUE,38,38,25A_25F_38,1.8135837259525e-4,ALLCAPS,4.99756673245644e-5,TRUE,38,Novel,Novel,38,25A,1,ref
38,SAMEA1032439,38,TRUE,38,38,25A_25F_38,1.8135837259525e-4,ALLCAPS,4.99756673245644e-5,TRUE,38,Novel,Novel,38,25A,1,ref
38,SAMEA1032471,38,TRUE,38,38,25A_25F_38,2.4682424647459e-4,ALLCAPS,4.99756673245644e-5,TRUE,38,Novel,Novel,38,25A,1,ref
38,SAMEA1032506,38,TRUE,38,38,25A_25F_38,6.9459145037475e-4,ALLCAPS,4.99756673245644e-5,TRUE,38,Novel,Novel,38,25A,1,ref
38,SAMEA111352113,38,TRUE,38,38,25A_25F_38,0.00127066590082625,ALLCAPS,4.99756673245644e-5,TRUE,38,Novel,Novel,38,25A,1,ref
38,SAMEA111378861,38,TRUE,38,38,25A_25F_38,3.5889812776479e-4,ALLCAPS,4.99756673245644e-5,TRUE,38,Novel,Novel,38,25A,1,ref
38,SAMEA111457394,38,TRUE,38,38,25A_25F_38,1.7398045016248e-4,ALLCAPS,4.99756673245644e-5,TRUE,38,Novel,Novel,38,25A,1,ref
38,SAMEA111457460,38,TRUE,38,38,25A_25F_38,0.00396769694878096,ALLCAPS,4.99756673245644e-5,TRUE,38,Novel,Novel,38,25A,1,ref
38,SAMEA111457530,38,TRUE,38,38,25A_25F_38,1.7398045016248e-4,ALLCAPS,4.99756673245644e-5,TRUE,38,Novel,Novel,38,25A,1,ref
38,SAMEA112126384,38,TRUE,38,38,25A_25F_38,0.00100446433143641,ALLCAPS,4.99756673245644e-5,TRUE,38,Novel,Novel,38,25A,1,ref
38,SAMEA112126399,38,TRUE,38,38,25A_25F_38,0.00100446433143641,ALLCAPS,4.99756673245644e-5,TRUE,38,Novel,Novel,38,25A,1,ref
38,SAMEA112299463,38,TRUE,38,38,25A_25F_38,2.7415561325205e-4,ALLCAPS,4.99756673245644e-5,TRUE,38,Novel,Novel,38,25A,1,ref
38,SAMEA114036619,38,TRUE,38,38,25A_25F_38,3.5889812776479e-4,ALLCAPS,4.99756673245644e-5,TRUE,38,Novel,Novel,38,25A,1,ref
38,SAMEA114036639,38,TRUE,38,38,25A_25F_38,3.5889812776479e-4,ALLCAPS,4.99756673245644e-5,TRUE,38,Novel,Novel,38,25A,1,ref
38,SAMEA114036649,38,TRUE,38,38,25A_25F_38,3.5889812776479e-4,ALLCAPS,4.99756673245644e-5,TRUE,38,Novel,Novel,38,25A,1,ref
38,SAMEA114036725,38,TRUE,38,38,25A_25F_38,7.22980372712678e-5,ALLCAPS,4.99756673245644e-5,TRUE,38,Novel,Novel,38,25A,1,ref
38,SAMEA114036831,38,TRUE,38,38,25A_25F_38,2.1319836996169e-4,ALLCAPS,4.99756673245644e-5,TRUE,38,Novel,Novel,38,25A,1,ref
38,SAMEA114036880,38,TRUE,38,38,25A_25F_38,1.5720966229726e-4,ALLCAPS,4.99756673245644e-5,TRUE,38,Novel,Novel,38,25A,1,ref
38,SAMEA104035601,38,TRUE,38,38,25A_25F_38,2.8356588086975e-4,ALLCAPS,4.99756673245644e-5,TRUE,38,Novel,Novel,38,25A,1,ref
38,SAMEA114036888,38,TRUE,38,38,25A_25F_38,4.2104660391417e-4,ALLCAPS,4.99756673245644e-5,TRUE,38,Novel,Novel,38,25A,1,ref
38,SAMEA114088725,38,TRUE,38,38,25A_25F_38,1.7398045016248e-4,ALLCAPS,4.99756673245644e-5,TRUE,38,Novel,Novel,38,25A,1,ref
38,SAMEA114088737,38,TRUE,38,38,25A_25F_38,3.4437714789714e-4,ALLCAPS,4.99756673245644e-5,TRUE,38,Novel,Novel,38,25A,1,ref
38,SAMEA114088747,38,TRUE,38,38,25A_25F_38,2.6519707480265e-4,ALLCAPS,4.99756673245644e-5,TRUE,38,Novel,Novel,38,25A,1,ref
38,SAMEA114211724,38,TRUE,38,38,25A_25F_38,3.5889812776479e-4,ALLCAPS,4.99756673245644e-5,TRUE,38,Novel,Novel,38,25A,1,ref
38,SAMEA104035952,38,TRUE,25F,25,25A_25F_38,1.1977366731741e-4,ALLCAPS,4.51792531455109e-5,TRUE,38,Novel,Novel,38,25A,1,ref
38,SAMEA104154639,38,TRUE,38,38,25A_25F_38,3.5889812776479e-4,ALLCAPS,4.99756673245644e-5,TRUE,38,Novel,Novel,38,25A,1,ref
38,SAMEA104154682,38,TRUE,38,38,25A_25F_38,2.138796987573e-4,ALLCAPS,4.99756673245644e-5,TRUE,38,Novel,Novel,38,25A,1,ref
38,SAMEA104154695,38,TRUE,25F,25,25A_25F_38,1.1977366731741e-4,ALLCAPS,4.51792531455109e-5,TRUE,38,Novel,Novel,38,25A,1,ref
38,SAMEA104154705,38,TRUE,38,38,25A_25F_38,1.7398045016248e-4,ALLCAPS,4.99756673245644e-5,TRUE,38,Novel,Novel,38,25A,1,ref
38,SAMEA104154804,38,TRUE,38,38,25A_25F_38,5.7937390844509e-4,ALLCAPS,4.99756673245644e-5,TRUE,38,Novel,Novel,38,25A,1,ref
38,SAMEA104155122,38,TRUE,38,38,25A_25F_38,5.3617489898105e-4,ALLCAPS,4.99756673245644e-5,TRUE,38,Novel,Novel,38,25A,1,ref
38,SAMEA1028911,38,TRUE,25A,25,25A_25F_38,6.2410730325146e-4,ALLCAPS,4.60093985018006e-5,TRUE,38,Novel,Novel,38,25A,1,ref
38,SAMEA102241168,38,TRUE,38,38,25A_25F_38,3.5889812776479e-4,ALLCAPS,4.99756673245644e-5,TRUE,38,Novel,Novel,38,25A,1,ref
38,SAMEA102242668,38,TRUE,38,38,25A_25F_38,4.8257023133557e-4,ALLCAPS,4.99756673245644e-5,TRUE,38,Novel,Novel,38,25A,1,ref
38,SAMEA1022811,38,TRUE,38,38,25A_25F_38,1.3375170884832e-4,ALLCAPS,4.99756673245644e-5,TRUE,38,Novel,Novel,38,25A,1,ref
38,SAMEA1022819,38,TRUE,38,38,25A_25F_38,1.7398045016248e-4,ALLCAPS,4.99756673245644e-5,TRUE,38,Novel,Novel,38,25A,1,ref
38,SAMEA1032706,38,TRUE,38,38,25A_25F_38,6.9459145037475e-4,ALLCAPS,4.99756673245644e-5,TRUE,38,Novel,Novel,38,25A,1,ref
38,SAMEA104034807,38,TRUE,38,38,25A_25F_38,9.9629133107859e-4,ALLCAPS,4.99756673245644e-5,TRUE,38,Novel,Novel,38,25A,1,ref
38,SAMEA104034808,38,TRUE,38,38,25A_25F_38,4.1106013942027e-4,ALLCAPS,4.99756673245644e-5,TRUE,38,Novel,Novel,38,25A,1,ref
38,SAMEA104034809,38,TRUE,38,38,25A_25F_38,4.1106013942027e-4,ALLCAPS,4.99756673245644e-5,TRUE,38,Novel,Novel,38,25A,1,ref
38,SAMEA104034949,38,TRUE,38,38,25A_25F_38,7.22980372712678e-5,ALLCAPS,4.99756673245644e-5,TRUE,38,Novel,Novel,38,25A,1,ref
38,SAMEA104035048,38,TRUE,38,38,25A_25F_38,1.7398045016248e-4,ALLCAPS,4.99756673245644e-5,TRUE,38,Novel,Novel,38,25A,1,ref
38,SAMEA5187763,38,TRUE,38,38,25A_25F_38,3.5889812776479e-4,ALLCAPS,4.99756673245644e-5,TRUE,38,Novel,Novel,38,25A,1,ref
38,SAMEA104035134,38,TRUE,38,38,25A_25F_38,3.1866702361738e-4,ALLCAPS,4.99756673245644e-5,TRUE,38,Novel,Novel,38,25A,1,ref
38,SAMEA104035240,38,TRUE,38,38,25A_25F_38,3.0847954820323e-4,ALLCAPS,4.99756673245644e-5,TRUE,38,Novel,Novel,38,25A,1,ref
38,SAMEA104035277,38,TRUE,38,38,25A_25F_38,3.5889812776479e-4,ALLCAPS,4.99756673245644e-5,TRUE,38,Novel,Novel,38,25A,1,ref
38,SAMEA104035462,38,TRUE,25F,25,25A_25F_38,1.1977366731741e-4,ALLCAPS,4.51792531455109e-5,TRUE,38,Novel,Novel,38,25A,1,ref
38,SAMEA104035479,38,TRUE,38,38,25A_25F_38,1.7398045016248e-4,ALLCAPS,4.99756673245644e-5,TRUE,38,Novel,Novel,38,25A,1,ref
38,SAMEA1026321,38,TRUE,38,38,25A_25F_38,3.5675938255463e-4,ALLCAPS,4.99756673245644e-5,TRUE,38,Novel,Novel,38,25A,1,ref
38,SAMEA104035615,38,TRUE,38,38,25A_25F_38,2.4682424647459e-4,ALLCAPS,4.99756673245644e-5,TRUE,38,Novel,Novel,38,25A,1,ref
38,SAMEA104035656,38,TRUE,38,38,25A_25F_38,1.7398045016248e-4,ALLCAPS,4.99756673245644e-5,TRUE,38,Novel,Novel,38,25A,1,ref
38,SAMEA104035663,38,TRUE,38,38,25A_25F_38,5.3617489898105e-4,ALLCAPS,4.99756673245644e-5,TRUE,38,Novel,Novel,38,25A,1,ref
38,SAMEA104035855,38,TRUE,38,38,25A_25F_38,3.0847954820323e-4,ALLCAPS,4.99756673245644e-5,TRUE,38,Novel,Novel,38,25A,1,ref
38,SAMEA104035923,38,TRUE,38,38,25A_25F_38,3.5889812776479e-4,ALLCAPS,4.99756673245644e-5,TRUE,38,Novel,Novel,38,25A,1,ref
38,SAMEA1026782,38,TRUE,38,38,25A_25F_38,0.00374889747460482,ALLCAPS,4.99756673245644e-5,TRUE,38,Novel,Novel,38,25A,1,ref
38,SAMEA1026788,38,TRUE,38,38,25A_25F_38,1.7398045016248e-4,ALLCAPS,4.99756673245644e-5,TRUE,38,Novel,Novel,38,25A,1,ref
38,SAMEA1026803,38,TRUE,38,38,25A_25F_38,1.7398045016248e-4,ALLCAPS,4.99756673245644e-5,TRUE,38,Novel,Novel,38,25A,1,ref
38,SAMEA1028654,38,TRUE,25A,25,25A_25F_38,6.2410730325146e-4,ALLCAPS,4.60093985018006e-5,TRUE,38,Novel,Novel,38,25A,1,ref
38,SAMEA2796466,38,TRUE,38,38,25A_25F_38,1.3375170884832e-4,ALLCAPS,4.99756673245644e-5,TRUE,38,Novel,Novel,38,25A,1,ref
38,SAMEA2796483,38,TRUE,38,38,25A_25F_38,3.0847954820323e-4,ALLCAPS,4.99756673245644e-5,TRUE,38,Novel,Novel,38,25A,1,ref
38,SAMEA2796491,38,TRUE,38,38,25A_25F_38,1.3375170884832e-4,ALLCAPS,4.99756673245644e-5,TRUE,38,Novel,Novel,38,25A,1,ref
38,SAMEA2796534,38,TRUE,38,38,25A_25F_38,1.3375170884832e-4,ALLCAPS,4.99756673245644e-5,TRUE,38,Novel,Novel,38,25A,1,ref
38,SAMEA2796543,38,TRUE,38,38,25A_25F_38,2.6498879855785e-4,ALLCAPS,4.99756673245644e-5,TRUE,38,Novel,Novel,38,25A,1,ref
38,SAMEA2796562,38,TRUE,38,38,25A_25F_38,2.6498879855785e-4,ALLCAPS,4.99756673245644e-5,TRUE,38,Novel,Novel,38,25A,1,ref
38,SAMEA2796590,38,TRUE,38,38,25A_25F_38,1.3375170884832e-4,ALLCAPS,4.99756673245644e-5,TRUE,38,Novel,Novel,38,25A,1,ref
38,SAMEA2796632,38,TRUE,38,38,25A_25F_38,3.1116612584125e-4,ALLCAPS,4.99756673245644e-5,TRUE,38,Novel,Novel,38,25A,1,ref
38,SAMEA2796638,38,TRUE,25A,25,25A_25F_38,1.809345895708e-4,ALLCAPS,4.60093985018006e-5,TRUE,38,Novel,Novel,38,25A,1,ref
38,SAMEA2796687,38,TRUE,38,38,25A_25F_38,2.3342966608674e-4,ALLCAPS,4.99756673245644e-5,TRUE,38,Novel,Novel,38,25A,1,ref
38,SAMEA1025354,38,TRUE,25A,25,25A_25F_38,6.2410730325146e-4,ALLCAPS,4.60093985018006e-5,TRUE,38,Novel,Novel,38,25A,1,ref
38,SAMEA1025381,38,TRUE,25A,25,25A_25F_38,6.2410730325146e-4,ALLCAPS,4.60093985018006e-5,TRUE,38,Novel,Novel,38,25A,1,ref
38,SAMEA10254620,38,TRUE,38,38,25A_25F_38,3.5889812776479e-4,ALLCAPS,4.99756673245644e-5,TRUE,38,Novel,Novel,38,25A,1,ref
38,SAMEA10254807,38,TRUE,38,38,25A_25F_38,3.5889812776479e-4,ALLCAPS,4.99756673245644e-5,TRUE,38,Novel,Novel,38,25A,1,ref
38,SAMEA10254841,38,TRUE,38,38,25A_25F_38,3.5889812776479e-4,ALLCAPS,4.99756673245644e-5,TRUE,38,Novel,Novel,38,25A,1,ref
38,SAMEA10254932,38,TRUE,38,38,25A_25F_38,3.5889812776479e-4,ALLCAPS,4.99756673245644e-5,TRUE,38,Novel,Novel,38,25A,1,ref
38,SAMEA1025913,38,TRUE,25A,25,25A_25F_38,6.2410730325146e-4,ALLCAPS,4.60093985018006e-5,TRUE,38,Novel,Novel,38,25A,1,ref
38,SAMEA3173015,38,TRUE,38,38,25A_25F_38,2.6257582333322e-4,ALLCAPS,4.99756673245644e-5,TRUE,38,Novel,Novel,38,25A,1,ref
38,SAMEA1026388,38,TRUE,38,38,25A_25F_38,1.7398045016248e-4,ALLCAPS,4.99756673245644e-5,TRUE,38,Novel,Novel,38,25A,1,ref
38,SAMEA1026444,38,TRUE,38,38,25A_25F_38,2.8271969007498e-4,ALLCAPS,4.99756673245644e-5,TRUE,38,Novel,Novel,38,25A,1,ref
38,SAMEA1026478,38,TRUE,38,38,25A_25F_38,3.0847954820323e-4,ALLCAPS,4.99756673245644e-5,TRUE,38,Novel,Novel,38,25A,1,ref
38,SAMEA1026652,38,TRUE,38,38,25A_25F_38,2.6257582333322e-4,ALLCAPS,4.99756673245644e-5,TRUE,38,Novel,Novel,38,25A,1,ref
38,SAMEA1026697,38,TRUE,38,38,25A_25F_38,3.5675938255463e-4,ALLCAPS,4.99756673245644e-5,TRUE,38,Novel,Novel,38,25A,1,ref
38,SAMEA3180543,38,TRUE,38,38,25A_25F_38,4.0145200352492e-4,ALLCAPS,4.99756673245644e-5,TRUE,38,Novel,Novel,38,25A,1,ref
38,SAMEA3180632,38,TRUE,38,38,25A_25F_38,3.0847954820323e-4,ALLCAPS,4.99756673245644e-5,TRUE,38,Novel,Novel,38,25A,1,ref
38,SAMEA3181927,38,TRUE,38,38,25A_25F_38,2.4682424647459e-4,ALLCAPS,4.99756673245644e-5,TRUE,38,Novel,Novel,38,25A,1,ref
38,SAMEA3206722,38,TRUE,38,38,25A_25F_38,5.7321689120581e-4,ALLCAPS,4.99756673245644e-5,TRUE,38,Novel,Novel,38,25A,1,ref
38,SAMEA3206857,38,TRUE,38,38,25A_25F_38,5.088826448335e-4,ALLCAPS,4.99756673245644e-5,TRUE,38,Novel,Novel,38,25A,1,ref
38,SAMEA3207060,38,TRUE,38,38,25A_25F_38,4.2274456352242e-4,ALLCAPS,4.99756673245644e-5,TRUE,38,Novel,Novel,38,25A,1,ref
38,SAMEA3208885,38,TRUE,38,38,25A_25F_38,2.3669101742518e-4,ALLCAPS,4.99756673245644e-5,TRUE,38,Novel,Novel,38,25A,1,ref
38,SAMEA3208958,38,TRUE,38,38,25A_25F_38,5.7321689120581e-4,ALLCAPS,4.99756673245644e-5,TRUE,38,Novel,Novel,38,25A,1,ref
38,SAMEA3208971,38,TRUE,38,38,25A_25F_38,5.7321689120581e-4,ALLCAPS,4.99756673245644e-5,TRUE,38,Novel,Novel,38,25A,1,ref
38,SAMEA3209004,38,TRUE,38,38,25A_25F_38,2.3669101742518e-4,ALLCAPS,4.99756673245644e-5,TRUE,38,Novel,Novel,38,25A,1,ref
38,SAMEA104177218,38,TRUE,38,38,25A_25F_38,1.7398045016248e-4,ALLCAPS,4.99756673245644e-5,TRUE,38,Novel,Novel,38,25A,1,ref
38,SAMEA104177252,38,TRUE,38,38,25A_25F_38,1.7398045016248e-4,ALLCAPS,4.99756673245644e-5,TRUE,38,Novel,Novel,38,25A,1,ref
38,SAMEA10427149,38,TRUE,38,38,25A_25F_38,1.6618723392058e-4,ALLCAPS,4.99756673245644e-5,TRUE,38,Novel,Novel,38,25A,1,ref
38,SAMEA10427617,38,TRUE,38,38,25A_25F_38,1.6618723392058e-4,ALLCAPS,4.99756673245644e-5,TRUE,38,Novel,Novel,38,25A,1,ref
38,SAMEA10427870,38,TRUE,38,38,25A_25F_38,1.9168107729483e-4,ALLCAPS,4.99756673245644e-5,TRUE,38,Novel,Novel,38,25A,1,ref
38,SAMEA10427973,38,TRUE,38,38,25A_25F_38,0.00136066690987268,ALLCAPS,4.99756673245644e-5,TRUE,38,Novel,Novel,38,25A,1,ref
38,SAMEA2796739,38,TRUE,38,38,25A_25F_38,2.6498879855785e-4,ALLCAPS,4.99756673245644e-5,TRUE,38,Novel,Novel,38,25A,1,ref
38,SAMEA2796947,38,TRUE,38,38,25A_25F_38,4.0770253573929e-4,ALLCAPS,4.99756673245644e-5,TRUE,38,Novel,Novel,38,25A,1,ref
38,SAMEA2813979,38,TRUE,38,38,25A_25F_38,2.3669101742518e-4,ALLCAPS,4.99756673245644e-5,TRUE,38,Novel,Novel,38,25A,1,ref
38,SAMEA2813990,38,TRUE,38,38,25A_25F_38,2.3669101742518e-4,ALLCAPS,4.99756673245644e-5,TRUE,38,Novel,Novel,38,25A,1,ref
38,SAMEA2814281,38,TRUE,38,38,25A_25F_38,5.7321689120581e-4,ALLCAPS,4.99756673245644e-5,TRUE,38,Novel,Novel,38,25A,1,ref
38,SAMEA3145561,38,TRUE,38,38,25A_25F_38,2.3669101742518e-4,ALLCAPS,4.99756673245644e-5,TRUE,38,Novel,Novel,38,25A,1,ref
38,SAMEA3145721,38,TRUE,38,38,25A_25F_38,2.3669101742518e-4,ALLCAPS,4.99756673245644e-5,TRUE,38,Novel,Novel,38,25A,1,ref
38,SAMEA3175697,38,TRUE,38,38,25A_25F_38,3.1116612584125e-4,ALLCAPS,4.99756673245644e-5,TRUE,38,Novel,Novel,38,25A,1,ref
38,SAMEA3175733,38,TRUE,38,38,25A_25F_38,2.3342966608674e-4,ALLCAPS,4.99756673245644e-5,TRUE,38,Novel,Novel,38,25A,1,ref
38,SAMEA3176068,38,TRUE,38,38,25A_25F_38,4.0145200352492e-4,ALLCAPS,4.99756673245644e-5,TRUE,38,Novel,Novel,38,25A,1,ref
38,SAMEA3176157,38,TRUE,38,38,25A_25F_38,3.1116612584125e-4,ALLCAPS,4.99756673245644e-5,TRUE,38,Novel,Novel,38,25A,1,ref
38,SAMEA3176172,38,TRUE,38,38,25A_25F_38,2.3669101742518e-4,ALLCAPS,4.99756673245644e-5,TRUE,38,Novel,Novel,38,25A,1,ref
38,SAMEA104456870,38,TRUE,38,38,25A_25F_38,0.00136066690987268,ALLCAPS,4.99756673245644e-5,TRUE,38,Novel,Novel,38,25A,1,ref
38,SAMEA110664908,38,TRUE,38,38,25A_25F_38,3.5889812776479e-4,ALLCAPS,4.99756673245644e-5,TRUE,38,Novel,Novel,38,25A,1,ref
38,SAMEA110664938,38,TRUE,38,38,25A_25F_38,3.5889812776479e-4,ALLCAPS,4.99756673245644e-5,TRUE,38,Novel,Novel,38,25A,1,ref
38,SAMEA110664945,38,TRUE,38,38,25A_25F_38,3.5889812776479e-4,ALLCAPS,4.99756673245644e-5,TRUE,38,Novel,Novel,38,25A,1,ref
38,SAMEA110665036,38,TRUE,38,38,25A_25F_38,3.5889812776479e-4,ALLCAPS,4.99756673245644e-5,TRUE,38,Novel,Novel,38,25A,1,ref
38,SAMEA110665224,38,TRUE,38,38,25A_25F_38,3.5889812776479e-4,ALLCAPS,4.99756673245644e-5,TRUE,38,Novel,Novel,38,25A,1,ref
38,SAMEA110665639,38,TRUE,38,38,25A_25F_38,3.5889812776479e-4,ALLCAPS,4.99756673245644e-5,TRUE,38,Novel,Novel,38,25A,1,ref
38,SAMEA110665758,38,TRUE,38,38,25A_25F_38,3.5889812776479e-4,ALLCAPS,4.99756673245644e-5,TRUE,38,Novel,Novel,38,25A,1,ref
38,SAMEA110665774,38,TRUE,38,38,25A_25F_38,3.5889812776479e-4,ALLCAPS,4.99756673245644e-5,TRUE,38,Novel,Novel,38,25A,1,ref
38,SAMEA110665783,38,TRUE,38,38,25A_25F_38,3.5889812776479e-4,ALLCAPS,4.99756673245644e-5,TRUE,38,Novel,Novel,38,25A,1,ref
38,SAMEA110665787,38,TRUE,38,38,25A_25F_38,3.5889812776479e-4,ALLCAPS,4.99756673245644e-5,TRUE,38,Novel,Novel,38,25A,1,ref
38,SAMEA110665799,38,TRUE,38,38,25A_25F_38,3.5889812776479e-4,ALLCAPS,4.99756673245644e-5,TRUE,38,Novel,Novel,38,25A,1,ref
38,SAMEA110665871,38,TRUE,38,38,25A_25F_38,3.5889812776479e-4,ALLCAPS,4.99756673245644e-5,TRUE,38,Novel,Novel,38,25A,1,ref
38,SAMEA110665948,38,TRUE,38,38,25A_25F_38,3.5889812776479e-4,ALLCAPS,4.99756673245644e-5,TRUE,38,Novel,Novel,38,25A,1,ref
38,SAMEA110665966,38,TRUE,38,38,25A_25F_38,3.5889812776479e-4,ALLCAPS,4.99756673245644e-5,TRUE,38,Novel,Novel,38,25A,1,ref
38,SAMEA110665987,38,TRUE,38,38,25A_25F_38,3.5889812776479e-4,ALLCAPS,4.99756673245644e-5,TRUE,38,Novel,Novel,38,25A,1,ref
38,SAMEA110666125,38,TRUE,38,38,25A_25F_38,3.5889812776479e-4,ALLCAPS,4.99756673245644e-5,TRUE,38,Novel,Novel,38,25A,1,ref
38,SAMEA110666168,38,TRUE,38,38,25A_25F_38,3.5889812776479e-4,ALLCAPS,4.99756673245644e-5,TRUE,38,Novel,Novel,38,25A,1,ref
38,SAMEA111351848,38,TRUE,38,38,25A_25F_38,1.7398045016248e-4,ALLCAPS,4.99756673245644e-5,TRUE,38,Novel,Novel,38,25A,1,ref
38,SAMEA3430877,38,TRUE,38,38,25A_25F_38,1.3375170884832e-4,ALLCAPS,4.99756673245644e-5,TRUE,38,Novel,Novel,38,25A,1,ref
38,SAMEA111351879,38,TRUE,38,38,25A_25F_38,1.7398045016248e-4,ALLCAPS,4.99756673245644e-5,TRUE,38,Novel,Novel,38,25A,1,ref
38,SAMEA114212333,38,TRUE,38,38,25A_25F_38,0.00392297482396764,ALLCAPS,4.99756673245644e-5,TRUE,38,Novel,Novel,38,25A,1,ref
38,SAMEA114228284,38,TRUE,38,38,25A_25F_38,1.7398045016248e-4,ALLCAPS,4.99756673245644e-5,TRUE,38,Novel,Novel,38,25A,1,ref
38,SAMEA114241762,38,TRUE,38,38,25A_25F_38,0.00136066690987268,ALLCAPS,4.99756673245644e-5,TRUE,38,Novel,Novel,38,25A,1,ref
38,SAMEA114241771,38,TRUE,38,38,25A_25F_38,9.2321033211206e-4,ALLCAPS,4.99756673245644e-5,TRUE,38,Novel,Novel,38,25A,1,ref
38,SAMEA114241784,38,TRUE,38,38,25A_25F_38,2.881079651591e-4,ALLCAPS,4.99756673245644e-5,TRUE,38,Novel,Novel,38,25A,1,ref
38,SAMEA114241886,38,TRUE,38,38,25A_25F_38,0.0043227863968096,ALLCAPS,4.99756673245644e-5,TRUE,38,Novel,Novel,38,25A,1,ref
38,SAMEA114242047,38,TRUE,38,38,25A_25F_38,5.088826448335e-4,ALLCAPS,4.99756673245644e-5,TRUE,38,Novel,Novel,38,25A,1,ref
38,SAMEA114242362,38,TRUE,38,38,25A_25F_38,3.3239388789862e-4,ALLCAPS,4.99756673245644e-5,TRUE,38,Novel,Novel,38,25A,1,ref
38,SAMEA114276538,38,TRUE,38,38,25A_25F_38,0.00136066690987268,ALLCAPS,4.99756673245644e-5,TRUE,38,Novel,Novel,38,25A,1,ref
38,SAMEA114276723,38,TRUE,38,38,25A_25F_38,9.38448570205752e-5,ALLCAPS,4.99756673245644e-5,TRUE,38,Novel,Novel,38,25A,1,ref
38,SAMEA114309363,38,TRUE,38,38,25A_25F_38,7.0167162962742e-4,ALLCAPS,4.99756673245644e-5,TRUE,38,Novel,Novel,38,25A,1,ref
38,SAMEA114309699,38,TRUE,38,38,25A_25F_38,5.088826448335e-4,ALLCAPS,4.99756673245644e-5,TRUE,38,Novel,Novel,38,25A,1,ref
38,SAMEA114309735,38,TRUE,38,38,25A_25F_38,0.00136066690987268,ALLCAPS,4.99756673245644e-5,TRUE,38,Novel,Novel,38,25A,1,ref
38,SAMEA114309736,38,TRUE,38,38,25A_25F_38,0.00136066690987268,ALLCAPS,4.99756673245644e-5,TRUE,38,Novel,Novel,38,25A,1,ref
38,SAMEA114309759,38,TRUE,38,38,25A_25F_38,7.0167162962742e-4,ALLCAPS,4.99756673245644e-5,TRUE,38,Novel,Novel,38,25A,1,ref
38,SAMEA114313172,38,TRUE,38,38,25A_25F_38,3.5889812776479e-4,ALLCAPS,4.99756673245644e-5,TRUE,38,Novel,Novel,38,25A,1,ref
38,SAMEA114313336,38,TRUE,38,38,25A_25F_38,7.5650447336639e-4,ALLCAPS,4.99756673245644e-5,TRUE,38,Novel,Novel,38,25A,1,ref
38,SAMEA114313520,38,TRUE,38,38,25A_25F_38,9.0783470925481e-4,ALLCAPS,4.99756673245644e-5,TRUE,38,Novel,Novel,38,25A,1,ref
38,SAMEA114326113,38,TRUE,38,38,25A_25F_38,0.00132015324952283,ALLCAPS,4.99756673245644e-5,TRUE,38,Novel,Novel,38,25A,1,ref
38,SAMEA114326403,38,TRUE,38,38,25A_25F_38,7.22980372712678e-5,ALLCAPS,4.99756673245644e-5,TRUE,38,Novel,Novel,38,25A,1,ref
38,SAMEA114341790,38,TRUE,38,38,25A_25F_38,1.2980480382607e-4,ALLCAPS,4.99756673245644e-5,TRUE,38,Novel,Novel,38,25A,1,ref
38,SAMEA114341909,38,TRUE,38,38,25A_25F_38,3.4437714789714e-4,ALLCAPS,4.99756673245644e-5,TRUE,38,Novel,Novel,38,25A,1,ref
38,SAMEA114341918,38,TRUE,38,38,25A_25F_38,4.3425273824049e-4,ALLCAPS,4.99756673245644e-5,TRUE,38,Novel,Novel,38,25A,1,ref
38,SAMEA114341935,38,TRUE,38,38,25A_25F_38,0.00191278473862066,ALLCAPS,4.99756673245644e-5,TRUE,38,Novel,Novel,38,25A,1,ref
38,SAMEA114345966,38,TRUE,38,38,25A_25F_38,2.6519707480265e-4,ALLCAPS,4.99756673245644e-5,TRUE,38,Novel,Novel,38,25A,1,ref
38,SAMEA114346001,38,TRUE,38,38,25A_25F_38,3.5889812776479e-4,ALLCAPS,4.99756673245644e-5,TRUE,38,Novel,Novel,38,25A,1,ref
38,SAMEA114346015,38,TRUE,38,38,25A_25F_38,3.5889812776479e-4,ALLCAPS,4.99756673245644e-5,TRUE,38,Novel,Novel,38,25A,1,ref
38,SAMEA114346017,38,TRUE,38,38,25A_25F_38,3.5889812776479e-4,ALLCAPS,4.99756673245644e-5,TRUE,38,Novel,Novel,38,25A,1,ref
38,SAMEA114346034,38,TRUE,38,38,25A_25F_38,3.5889812776479e-4,ALLCAPS,4.99756673245644e-5,TRUE,38,Novel,Novel,38,25A,1,ref
38,SAMEA114346049,38,TRUE,38,38,25A_25F_38,3.5889812776479e-4,ALLCAPS,4.99756673245644e-5,TRUE,38,Novel,Novel,38,25A,1,ref
38,SAMEA114346055,38,TRUE,38,38,25A_25F_38,2.881079651591e-4,ALLCAPS,4.99756673245644e-5,TRUE,38,Novel,Novel,38,25A,1,ref
38,SAMEA114346059,38,TRUE,38,38,25A_25F_38,3.5889812776479e-4,ALLCAPS,4.99756673245644e-5,TRUE,38,Novel,Novel,38,25A,1,ref
38,SAMEA114346066,38,TRUE,38,38,25A_25F_38,3.5117557618513e-4,ALLCAPS,4.99756673245644e-5,TRUE,38,Novel,Novel,38,25A,1,ref
38,SAMEA114346150,38,TRUE,38,38,25A_25F_38,2.1319836996169e-4,ALLCAPS,4.99756673245644e-5,TRUE,38,Novel,Novel,38,25A,1,ref
38,SAMEA114375320,38,TRUE,38,38,25A_25F_38,3.5889812776479e-4,ALLCAPS,4.99756673245644e-5,TRUE,38,Novel,Novel,38,25A,1,ref
38,SAMEA114375336,38,TRUE,38,38,25A_25F_38,3.5889812776479e-4,ALLCAPS,4.99756673245644e-5,TRUE,38,Novel,Novel,38,25A,1,ref
38,SAMEA114375471,38,TRUE,38,38,25A_25F_38,3.5889812776479e-4,ALLCAPS,4.99756673245644e-5,TRUE,38,Novel,Novel,38,25A,1,ref
38,SAMEA114375499,38,TRUE,38,38,25A_25F_38,3.5889812776479e-4,ALLCAPS,4.99756673245644e-5,TRUE,38,Novel,Novel,38,25A,1,ref
38,SAMEA114375727,38,TRUE,38,38,25A_25F_38,0.00189755213246334,ALLCAPS,4.99756673245644e-5,TRUE,38,Novel,Novel,38,25A,1,ref
38,SAMEA114375735,38,TRUE,38,38,25A_25F_38,3.5889812776479e-4,ALLCAPS,4.99756673245644e-5,TRUE,38,Novel,Novel,38,25A,1,ref
38,SAMEA114375767,38,TRUE,38,38,25A_25F_38,0.00205093117115273,ALLCAPS,4.99756673245644e-5,TRUE,38,Novel,Novel,38,25A,1,ref
38,SAMEA114375829,38,TRUE,38,38,25A_25F_38,3.5889812776479e-4,ALLCAPS,4.99756673245644e-5,TRUE,38,Novel,Novel,38,25A,1,ref
38,SAMEA114392769,38,TRUE,38,38,25A_25F_38,3.5889812776479e-4,ALLCAPS,4.99756673245644e-5,TRUE,38,Novel,Novel,38,25A,1,ref
38,SAMEA114407963,38,TRUE,38,38,25A_25F_38,3.5889812776479e-4,ALLCAPS,4.99756673245644e-5,TRUE,38,Novel,Novel,38,25A,1,ref
38,SAMEA114408025,38,TRUE,38,38,25A_25F_38,0.0263512634259784,ALLCAPS,4.99756673245644e-5,TRUE,38,Novel,Novel,38,25A,1,ref
38,SAMEA10427977,38,TRUE,38,38,25A_25F_38,0.00717823401914141,ALLCAPS,4.99756673245644e-5,TRUE,38,Novel,Novel,38,25A,1,ref
38,SAMEA104355885,38,TRUE,38,38,25A_25F_38,8.5234026186231e-4,ALLCAPS,4.99756673245644e-5,TRUE,38,Novel,Novel,38,25A,1,ref
38,SAMEA104355891,38,TRUE,38,38,25A_25F_38,3.5889812776479e-4,ALLCAPS,4.99756673245644e-5,TRUE,38,Novel,Novel,38,25A,1,ref
38,SAMEA104456116,38,TRUE,38,38,25A_25F_38,0.00136066690987268,ALLCAPS,4.99756673245644e-5,TRUE,38,Novel,Novel,38,25A,1,ref
38,SAMEA104456163,38,TRUE,38,38,25A_25F_38,0.00136066690987268,ALLCAPS,4.99756673245644e-5,TRUE,38,Novel,Novel,38,25A,1,ref
38,SAMEA104456201,38,TRUE,38,38,25A_25F_38,1.7398045016248e-4,ALLCAPS,4.99756673245644e-5,TRUE,38,Novel,Novel,38,25A,1,ref
38,SAMEA104456289,38,TRUE,38,38,25A_25F_38,0.00136066690987268,ALLCAPS,4.99756673245644e-5,TRUE,38,Novel,Novel,38,25A,1,ref
38,SAMEA104456325,38,TRUE,38,38,25A_25F_38,0.00463574948533129,ALLCAPS,4.99756673245644e-5,TRUE,38,Novel,Novel,38,25A,1,ref
38,SAMN11121204,38,TRUE,38,38,25A_25F_38,2.2575647366818e-4,ALLCAPS,4.99756673245644e-5,TRUE,38,Novel,Novel,38,25A,1,ref
38,SAMEA104456370,38,TRUE,38,38,25A_25F_38,1.9644919929151e-4,ALLCAPS,4.99756673245644e-5,TRUE,38,Novel,Novel,38,25A,1,ref
38,SAMEA104456371,38,TRUE,38,38,25A_25F_38,1.9168107729483e-4,ALLCAPS,4.99756673245644e-5,TRUE,38,Novel,Novel,38,25A,1,ref
38,SAMEA104456410,38,TRUE,38,38,25A_25F_38,0.00136066690987268,ALLCAPS,4.99756673245644e-5,TRUE,38,Novel,Novel,38,25A,1,ref
38,SAMEA104456509,38,TRUE,38,38,25A_25F_38,1.9644919929151e-4,ALLCAPS,4.99756673245644e-5,TRUE,38,Novel,Novel,38,25A,1,ref
38,SAMEA104456842,38,TRUE,38,38,25A_25F_38,7.22980372712678e-5,ALLCAPS,4.99756673245644e-5,TRUE,38,Novel,Novel,38,25A,1,ref
38,SAMEA114479568,38,TRUE,38,38,25A_25F_38,0.00471974710291522,ALLCAPS,4.99756673245644e-5,TRUE,38,Novel,Novel,38,25A,1,ref
38,SAMEA114490020,38,TRUE,38,38,25A_25F_38,2.1319836996169e-4,ALLCAPS,4.99756673245644e-5,TRUE,38,Novel,Novel,38,25A,1,ref
38,SAMEA114490063,38,TRUE,38,38,25A_25F_38,3.5889812776479e-4,ALLCAPS,4.99756673245644e-5,TRUE,38,Novel,Novel,38,25A,1,ref
38,SAMEA114490197,38,TRUE,38,38,25A_25F_38,6.5614943346048e-4,ALLCAPS,4.99756673245644e-5,TRUE,38,Novel,Novel,38,25A,1,ref
38,SAMEA114490231,38,TRUE,38,38,25A_25F_38,9.2603668920154e-4,ALLCAPS,4.99756673245644e-5,TRUE,38,Novel,Novel,38,25A,1,ref
38,SAMEA114490236,38,TRUE,38,38,25A_25F_38,3.5889812776479e-4,ALLCAPS,4.99756673245644e-5,TRUE,38,Novel,Novel,38,25A,1,ref
38,SAMEA114490291,38,TRUE,38,38,25A_25F_38,3.4778793182665e-4,ALLCAPS,4.99756673245644e-5,TRUE,38,Novel,Novel,38,25A,1,ref
38,SAMEA114490331,38,TRUE,38,38,25A_25F_38,9.0783470925481e-4,ALLCAPS,4.99756673245644e-5,TRUE,38,Novel,Novel,38,25A,1,ref
38,SAMEA114490346,38,TRUE,38,38,25A_25F_38,7.5650447336639e-4,ALLCAPS,4.99756673245644e-5,TRUE,38,Novel,Novel,38,25A,1,ref
38,SAMEA114520307,38,TRUE,38,38,25A_25F_38,2.881079651591e-4,ALLCAPS,4.99756673245644e-5,TRUE,38,Novel,Novel,38,25A,1,ref
38,SAMEA114520337,38,TRUE,38,38,25A_25F_38,9.0783470925481e-4,ALLCAPS,4.99756673245644e-5,TRUE,38,Novel,Novel,38,25A,1,ref
38,SAMEA114520344,38,TRUE,38,38,25A_25F_38,6.5614943346048e-4,ALLCAPS,4.99756673245644e-5,TRUE,38,Novel,Novel,38,25A,1,ref
38,SAMEA114520492,38,TRUE,38,38,25A_25F_38,3.4782715082071e-4,ALLCAPS,4.99756673245644e-5,TRUE,38,Novel,Novel,38,25A,1,ref
38,SAMEA114520516,38,TRUE,38,38,25A_25F_38,6.5614943346048e-4,ALLCAPS,4.99756673245644e-5,TRUE,38,Novel,Novel,38,25A,1,ref
38,SAMEA114520672,38,TRUE,38,38,25A_25F_38,0.00392297482396764,ALLCAPS,4.99756673245644e-5,TRUE,38,Novel,Novel,38,25A,1,ref
38,SAMEA114520941,38,TRUE,38,38,25A_25F_38,0.00137069822133317,ALLCAPS,4.99756673245644e-5,TRUE,38,Novel,Novel,38,25A,1,ref
38,SAMEA114521002,38,TRUE,38,38,25A_25F_38,0.00396769694878096,ALLCAPS,4.99756673245644e-5,TRUE,38,Novel,Novel,38,25A,1,ref
38,SAMEA114521036,38,TRUE,38,38,25A_25F_38,9.0783470925481e-4,ALLCAPS,4.99756673245644e-5,TRUE,38,Novel,Novel,38,25A,1,ref
38,SAMEA114521187,38,TRUE,38,38,25A_25F_38,6.5614943346048e-4,ALLCAPS,4.99756673245644e-5,TRUE,38,Novel,Novel,38,25A,1,ref
38,SAMEA114552195,38,TRUE,38,38,25A_25F_38,2.881079651591e-4,ALLCAPS,4.99756673245644e-5,TRUE,38,Novel,Novel,38,25A,1,ref
38,SAMEA114552209,38,TRUE,38,38,25A_25F_38,0.00493303451638504,ALLCAPS,4.99756673245644e-5,TRUE,38,Novel,Novel,38,25A,1,ref
38,SAMEA114552404,38,TRUE,38,38,25A_25F_38,2.7921861999791e-4,ALLCAPS,4.99756673245644e-5,TRUE,38,Novel,Novel,38,25A,1,ref
38,SAMEA114552431,38,TRUE,38,38,25A_25F_38,0.00189755213246334,ALLCAPS,4.99756673245644e-5,TRUE,38,Novel,Novel,38,25A,1,ref
38,SAMEA114552449,38,TRUE,38,38,25A_25F_38,3.5889812776479e-4,ALLCAPS,4.99756673245644e-5,TRUE,38,Novel,Novel,38,25A,1,ref
38,SAMEA114552460,38,TRUE,38,38,25A_25F_38,6.8916524846729e-4,ALLCAPS,4.99756673245644e-5,TRUE,38,Novel,Novel,38,25A,1,ref
38,SAMEA114552542,38,TRUE,38,38,25A_25F_38,0.00223659042316282,ALLCAPS,4.99756673245644e-5,TRUE,38,Novel,Novel,38,25A,1,ref
38,SAMEA114552593,38,TRUE,38,38,25A_25F_38,0.00114986469976008,ALLCAPS,4.99756673245644e-5,TRUE,38,Novel,Novel,38,25A,1,ref
38,SAMEA114638439,38,TRUE,38,38,25A_25F_38,2.6519707480265e-4,ALLCAPS,4.99756673245644e-5,TRUE,38,Novel,Novel,38,25A,1,ref
38,SAMEA114638445,38,TRUE,38,38,25A_25F_38,1.7398045016248e-4,ALLCAPS,4.99756673245644e-5,TRUE,38,Novel,Novel,38,25A,1,ref
38,SAMEA114638477,38,TRUE,38,38,25A_25F_38,4.5662785799094e-4,ALLCAPS,4.99756673245644e-5,TRUE,38,Novel,Novel,38,25A,1,ref
38,SAMEA114858543,38,TRUE,38,38,25A_25F_38,1.7398045016248e-4,ALLCAPS,4.99756673245644e-5,TRUE,38,Novel,Novel,38,25A,1,ref
38,SAMEA115032764,38,TRUE,38,38,25A_25F_38,2.881079651591e-4,ALLCAPS,4.99756673245644e-5,TRUE,38,Novel,Novel,38,25A,1,ref
38,SAMEA115032798,38,TRUE,38,38,25A_25F_38,6.5614943346048e-4,ALLCAPS,4.99756673245644e-5,TRUE,38,Novel,Novel,38,25A,1,ref
38,SAMEA115376253,38,TRUE,38,38,25A_25F_38,2.5121347419909e-4,ALLCAPS,4.99756673245644e-5,TRUE,38,Novel,Novel,38,25A,1,ref
38,SAMEA115376406,38,TRUE,38,38,25A_25F_38,7.22980372712678e-5,ALLCAPS,4.99756673245644e-5,TRUE,38,Novel,Novel,38,25A,1,ref
38,SAMEA115376456,38,TRUE,38,38,25A_25F_38,0.00456707022770674,ALLCAPS,4.99756673245644e-5,TRUE,38,Novel,Novel,38,25A,1,ref
38,SAMEA115376599,38,TRUE,38,38,25A_25F_38,7.22980372712678e-5,ALLCAPS,4.99756673245644e-5,TRUE,38,Novel,Novel,38,25A,1,ref
38,SAMEA115376673,38,TRUE,38,38,25A_25F_38,3.5889812776479e-4,ALLCAPS,4.99756673245644e-5,TRUE,38,Novel,Novel,38,25A,1,ref
38,SAMEA115376677,38,TRUE,38,38,25A_25F_38,3.5889812776479e-4,ALLCAPS,4.99756673245644e-5,TRUE,38,Novel,Novel,38,25A,1,ref
38,SAMEA115376731,38,TRUE,38,38,25A_25F_38,4.3425273824049e-4,ALLCAPS,4.99756673245644e-5,TRUE,38,Novel,Novel,38,25A,1,ref
38,SAMEA115376837,38,TRUE,38,38,25A_25F_38,3.5889812776479e-4,ALLCAPS,4.99756673245644e-5,TRUE,38,Novel,Novel,38,25A,1,ref
38,SAMEA115377004,38,TRUE,38,38,25A_25F_38,3.5889812776479e-4,ALLCAPS,4.99756673245644e-5,TRUE,38,Novel,Novel,38,25A,1,ref
38,SAMEA115377020,38,TRUE,38,38,25A_25F_38,0.00294663983810683,ALLCAPS,4.99756673245644e-5,TRUE,38,Novel,Novel,38,25A,1,ref
38,SAMEA115377066,38,TRUE,38,38,25A_25F_38,3.5889812776479e-4,ALLCAPS,4.99756673245644e-5,TRUE,38,Novel,Novel,38,25A,1,ref
38,SAMEA115377221,38,TRUE,38,38,25A_25F_38,0.0102196138383633,ALLCAPS,4.99756673245644e-5,TRUE,38,Novel,Novel,38,25A,1,ref
38,SAMEA115377247,38,TRUE,38,38,25A_25F_38,0.00198304754357303,ALLCAPS,4.99756673245644e-5,TRUE,38,Novel,Novel,38,25A,1,ref
38,SAMEA115377323,38,TRUE,38,38,25A_25F_38,0.00202184495768986,ALLCAPS,4.99756673245644e-5,TRUE,38,Novel,Novel,38,25A,1,ref
38,SAMEA115377339,38,TRUE,38,38,25A_25F_38,5.6829148432424e-4,ALLCAPS,4.99756673245644e-5,TRUE,38,Novel,Novel,38,25A,1,ref
38,SAMEA115377433,38,TRUE,38,38,25A_25F_38,3.5889812776479e-4,ALLCAPS,4.99756673245644e-5,TRUE,38,Novel,Novel,38,25A,1,ref
38,SAMEA115503280,38,TRUE,38,38,25A_25F_38,5.3363713676102e-4,ALLCAPS,4.99756673245644e-5,TRUE,38,Novel,Novel,38,25A,1,ref
38,SAMEA115503286,38,TRUE,38,38,25A_25F_38,0.00401314940003449,ALLCAPS,4.99756673245644e-5,TRUE,38,Novel,Novel,38,25A,1,ref
38,SAMEA115532050,38,TRUE,38,38,25A_25F_38,7.22980372712678e-5,ALLCAPS,4.99756673245644e-5,TRUE,38,Novel,Novel,38,25A,1,ref
38,SAMEA115606691,38,TRUE,38,38,25A_25F_38,2.881079651591e-4,ALLCAPS,4.99756673245644e-5,TRUE,38,Novel,Novel,38,25A,1,ref
38,SAMEA115606806,38,TRUE,38,38,25A_25F_38,3.5889812776479e-4,ALLCAPS,4.99756673245644e-5,TRUE,38,Novel,Novel,38,25A,1,ref
38,SAMEA115606978,38,TRUE,38,38,25A_25F_38,1.6618723392058e-4,ALLCAPS,4.99756673245644e-5,TRUE,38,Novel,Novel,38,25A,1,ref
38,SAMEA115794635,38,TRUE,38,38,25A_25F_38,6.45676651691574e-5,ALLCAPS,4.99756673245644e-5,TRUE,38,Novel,Novel,38,25A,1,ref
38,SAMEA115795259,38,TRUE,38,38,25A_25F_38,0.00220547724564479,ALLCAPS,4.99756673245644e-5,TRUE,38,Novel,Novel,38,25A,1,ref
38,SAMEA115795315,38,TRUE,38,38,25A_25F_38,1.7398045016248e-4,ALLCAPS,4.99756673245644e-5,TRUE,38,Novel,Novel,38,25A,1,ref
38,SAMEA115795317,38,TRUE,38,38,25A_25F_38,9.0783470925481e-4,ALLCAPS,4.99756673245644e-5,TRUE,38,Novel,Novel,38,25A,1,ref
38,SAMEA115795369,38,TRUE,38,38,25A_25F_38,3.5889812776479e-4,ALLCAPS,4.99756673245644e-5,TRUE,38,Novel,Novel,38,25A,1,ref
38,SAMEA115795442,38,TRUE,38,38,25A_25F_38,3.5889812776479e-4,ALLCAPS,4.99756673245644e-5,TRUE,38,Novel,Novel,38,25A,1,ref
38,SAMEA115795457,38,TRUE,38,38,25A_25F_38,1.7398045016248e-4,ALLCAPS,4.99756673245644e-5,TRUE,38,Novel,Novel,38,25A,1,ref
38,SAMEA115795668,38,TRUE,38,38,25A_25F_38,3.8371290879168e-4,ALLCAPS,4.99756673245644e-5,TRUE,38,Novel,Novel,38,25A,1,ref
38,SAMEA115796060,38,TRUE,38,38,25A_25F_38,1.7398045016248e-4,ALLCAPS,4.99756673245644e-5,TRUE,38,Novel,Novel,38,25A,1,ref
38,SAMEA115796193,38,TRUE,38,38,25A_25F_38,3.5889812776479e-4,ALLCAPS,4.99756673245644e-5,TRUE,38,Novel,Novel,38,25A,1,ref
38,SAMEA115796379,38,TRUE,38,38,25A_25F_38,1.7398045016248e-4,ALLCAPS,4.99756673245644e-5,TRUE,38,Novel,Novel,38,25A,1,ref
38,SAMEA115796999,38,TRUE,38,38,25A_25F_38,3.5889812776479e-4,ALLCAPS,4.99756673245644e-5,TRUE,38,Novel,Novel,38,25A,1,ref
38,SAMEA115833568,38,TRUE,38,38,25A_25F_38,1.7398045016248e-4,ALLCAPS,4.99756673245644e-5,TRUE,38,Novel,Novel,38,25A,1,ref
38,SAMEA115833569,38,TRUE,38,38,25A_25F_38,5.3363713676102e-4,ALLCAPS,4.99756673245644e-5,TRUE,38,Novel,Novel,38,25A,1,ref
38,SAMEA12549569,38,TRUE,38,38,25A_25F_38,3.5889812776479e-4,ALLCAPS,4.99756673245644e-5,TRUE,38,Novel,Novel,38,25A,1,ref
38,SAMEA12565979,38,TRUE,38,38,25A_25F_38,1.7398045016248e-4,ALLCAPS,4.99756673245644e-5,TRUE,38,Novel,Novel,38,25A,1,ref
38,SAMEA12566056,38,TRUE,38,38,25A_25F_38,3.3239388789862e-4,ALLCAPS,4.99756673245644e-5,TRUE,38,Novel,Novel,38,25A,1,ref
38,SAMEA12566160,38,TRUE,38,38,25A_25F_38,7.0167162962742e-4,ALLCAPS,4.99756673245644e-5,TRUE,38,Novel,Novel,38,25A,1,ref
38,SAMEA12566461,38,TRUE,38,38,25A_25F_38,1.7398045016248e-4,ALLCAPS,4.99756673245644e-5,TRUE,38,Novel,Novel,38,25A,1,ref
38,SAMEA12566532,38,TRUE,38,38,25A_25F_38,1.9168107729483e-4,ALLCAPS,4.99756673245644e-5,TRUE,38,Novel,Novel,38,25A,1,ref
38,SAMEA12566600,38,TRUE,38,38,25A_25F_38,1.9168107729483e-4,ALLCAPS,4.99756673245644e-5,TRUE,38,Novel,Novel,38,25A,1,ref
38,SAMEA13187501,38,TRUE,38,38,25A_25F_38,1.7398045016248e-4,ALLCAPS,4.99756673245644e-5,TRUE,38,Novel,Novel,38,25A,1,ref
38,SAMEA1463070,38,TRUE,38,38,25A_25F_38,1.3375170884832e-4,ALLCAPS,4.99756673245644e-5,TRUE,38,Novel,Novel,38,25A,1,ref
38,SAMEA1463089,38,TRUE,38,38,25A_25F_38,3.1116612584125e-4,ALLCAPS,4.99756673245644e-5,TRUE,38,Novel,Novel,38,25A,1,ref
38,SAMEA1463091,38,TRUE,38,38,25A_25F_38,1.3375170884832e-4,ALLCAPS,4.99756673245644e-5,TRUE,38,Novel,Novel,38,25A,1,ref
38,SAMEA1463102,38,TRUE,38,38,25A_25F_38,1.5443184195851e-4,ALLCAPS,4.99756673245644e-5,TRUE,38,Novel,Novel,38,25A,1,ref
38,SAMEA17709418,38,TRUE,38,38,25A_25F_38,1.7398045016248e-4,ALLCAPS,4.99756673245644e-5,TRUE,38,Novel,Novel,38,25A,1,ref
38,SAMEA17722918,38,TRUE,38,38,25A_25F_38,1.7398045016248e-4,ALLCAPS,4.99756673245644e-5,TRUE,38,Novel,Novel,38,25A,1,ref
38,SAMEA2055388,38,TRUE,38,38,25A_25F_38,3.1116612584125e-4,ALLCAPS,4.99756673245644e-5,TRUE,38,Novel,Novel,38,25A,1,ref
38,SAMEA2062167,38,TRUE,38,38,25A_25F_38,2.8330856236513e-4,ALLCAPS,4.99756673245644e-5,TRUE,38,Novel,Novel,38,25A,1,ref
38,SAMEA2161513,38,TRUE,38,38,25A_25F_38,1.3375170884832e-4,ALLCAPS,4.99756673245644e-5,TRUE,38,Novel,Novel,38,25A,1,ref
38,SAMEA2167604,38,TRUE,38,38,25A_25F_38,2.3669101742518e-4,ALLCAPS,4.99756673245644e-5,TRUE,38,Novel,Novel,38,25A,1,ref
38,SAMEA2203380,38,TRUE,38,38,25A_25F_38,4.0770253573929e-4,ALLCAPS,4.99756673245644e-5,TRUE,38,Novel,Novel,38,25A,1,ref
38,SAMEA2203823,38,TRUE,38,38,25A_25F_38,1.3375170884832e-4,ALLCAPS,4.99756673245644e-5,TRUE,38,Novel,Novel,38,25A,1,ref
38,SAMEA2203879,38,TRUE,38,38,25A_25F_38,3.1116612584125e-4,ALLCAPS,4.99756673245644e-5,TRUE,38,Novel,Novel,38,25A,1,ref
38,SAMEA2204148,38,TRUE,38,38,25A_25F_38,0.0013998544973699,ALLCAPS,4.99756673245644e-5,TRUE,38,Novel,Novel,38,25A,1,ref
38,SAMEA2204161,38,TRUE,38,38,25A_25F_38,5.2464341368174e-4,ALLCAPS,4.99756673245644e-5,TRUE,38,Novel,Novel,38,25A,1,ref
38,SAMEA2204164,38,TRUE,38,38,25A_25F_38,5.6829148432424e-4,ALLCAPS,4.99756673245644e-5,TRUE,38,Novel,Novel,38,25A,1,ref
38,SAMEA2204208,38,TRUE,38,38,25A_25F_38,5.2464341368174e-4,ALLCAPS,4.99756673245644e-5,TRUE,38,Novel,Novel,38,25A,1,ref
38,SAMEA2234492,38,TRUE,38,38,25A_25F_38,1.7398045016248e-4,ALLCAPS,4.99756673245644e-5,TRUE,38,Novel,Novel,38,25A,1,ref
38,SAMEA2238285,38,TRUE,38,38,25A_25F_38,2.371569469789e-4,ALLCAPS,4.99756673245644e-5,TRUE,38,Novel,Novel,38,25A,1,ref
38,SAMEA2238326,38,TRUE,38,38,25A_25F_38,2.4682424647459e-4,ALLCAPS,4.99756673245644e-5,TRUE,38,Novel,Novel,38,25A,1,ref
38,SAMEA2238502,38,TRUE,38,38,25A_25F_38,2.6257582333322e-4,ALLCAPS,4.99756673245644e-5,TRUE,38,Novel,Novel,38,25A,1,ref
38,SAMEA2238613,38,TRUE,38,38,25A_25F_38,2.3669101742518e-4,ALLCAPS,4.99756673245644e-5,TRUE,38,Novel,Novel,38,25A,1,ref
38,SAMEA2238775,38,TRUE,38,38,25A_25F_38,2.3669101742518e-4,ALLCAPS,4.99756673245644e-5,TRUE,38,Novel,Novel,38,25A,1,ref
38,SAMEA2238964,38,TRUE,38,38,25A_25F_38,6.38553918895779e-5,ALLCAPS,4.99756673245644e-5,TRUE,38,Novel,Novel,38,25A,1,ref
38,SAMEA2239106,38,TRUE,38,38,25A_25F_38,2.6257582333322e-4,ALLCAPS,4.99756673245644e-5,TRUE,38,Novel,Novel,38,25A,1,ref
38,SAMEA2239131,38,TRUE,38,38,25A_25F_38,1.3375170884832e-4,ALLCAPS,4.99756673245644e-5,TRUE,38,Novel,Novel,38,25A,1,ref
38,SAMEA2239242,38,TRUE,38,38,25A_25F_38,1.3375170884832e-4,ALLCAPS,4.99756673245644e-5,TRUE,38,Novel,Novel,38,25A,1,ref
38,SAMEA2239284,38,TRUE,38,38,25A_25F_38,2.6257582333322e-4,ALLCAPS,4.99756673245644e-5,TRUE,38,Novel,Novel,38,25A,1,ref
38,SAMEA2336008,38,TRUE,38,38,25A_25F_38,3.1116612584125e-4,ALLCAPS,4.99756673245644e-5,TRUE,38,Novel,Novel,38,25A,1,ref
38,SAMEA2336015,38,TRUE,38,38,25A_25F_38,2.6498879855785e-4,ALLCAPS,4.99756673245644e-5,TRUE,38,Novel,Novel,38,25A,1,ref
38,SAMEA2336199,38,TRUE,38,38,25A_25F_38,2.3669101742518e-4,ALLCAPS,4.99756673245644e-5,TRUE,38,Novel,Novel,38,25A,1,ref
38,SAMEA2382585,38,TRUE,38,38,25A_25F_38,2.3669101742518e-4,ALLCAPS,4.99756673245644e-5,TRUE,38,Novel,Novel,38,25A,1,ref
38,SAMEA2382699,38,TRUE,38,38,25A_25F_38,1.3375170884832e-4,ALLCAPS,4.99756673245644e-5,TRUE,38,Novel,Novel,38,25A,1,ref
38,SAMEA2382840,38,TRUE,38,38,25A_25F_38,4.0145200352492e-4,ALLCAPS,4.99756673245644e-5,TRUE,38,Novel,Novel,38,25A,1,ref
38,SAMEA2382953,38,TRUE,38,38,25A_25F_38,4.0770253573929e-4,ALLCAPS,4.99756673245644e-5,TRUE,38,Novel,Novel,38,25A,1,ref
38,SAMEA2383021,38,TRUE,38,38,25A_25F_38,6.38553918895779e-5,ALLCAPS,4.99756673245644e-5,TRUE,38,Novel,Novel,38,25A,1,ref
38,SAMEA2383237,38,TRUE,38,38,25A_25F_38,6.38553918895779e-5,ALLCAPS,4.99756673245644e-5,TRUE,38,Novel,Novel,38,25A,1,ref
38,SAMEA2434464,38,TRUE,38,38,25A_25F_38,5.7321689120581e-4,ALLCAPS,4.99756673245644e-5,TRUE,38,Novel,Novel,38,25A,1,ref
38,SAMEA2446100,38,TRUE,38,38,25A_25F_38,0.00339298878406224,ALLCAPS,4.99756673245644e-5,TRUE,38,Novel,Novel,38,25A,1,ref
38,SAMEA2446220,38,TRUE,38,38,25A_25F_38,6.38553918895779e-5,ALLCAPS,4.99756673245644e-5,TRUE,38,Novel,Novel,38,25A,1,ref
38,SAMEA2446228,38,TRUE,38,38,25A_25F_38,1.7398045016248e-4,ALLCAPS,4.99756673245644e-5,TRUE,38,Novel,Novel,38,25A,1,ref
38,SAMEA2446287,38,TRUE,38,38,25A_25F_38,2.3669101742518e-4,ALLCAPS,4.99756673245644e-5,TRUE,38,Novel,Novel,38,25A,1,ref
38,SAMEA2446313,38,TRUE,38,38,25A_25F_38,2.3669101742518e-4,ALLCAPS,4.99756673245644e-5,TRUE,38,Novel,Novel,38,25A,1,ref
38,SAMEA2446330,38,TRUE,38,38,25A_25F_38,1.5443184195851e-4,ALLCAPS,4.99756673245644e-5,TRUE,38,Novel,Novel,38,25A,1,ref
38,SAMEA2446363,38,TRUE,38,38,25A_25F_38,2.3669101742518e-4,ALLCAPS,4.99756673245644e-5,TRUE,38,Novel,Novel,38,25A,1,ref
38,SAMEA2446382,38,TRUE,38,38,25A_25F_38,2.3669101742518e-4,ALLCAPS,4.99756673245644e-5,TRUE,38,Novel,Novel,38,25A,1,ref
38,SAMEA2446389,38,TRUE,38,38,25A_25F_38,1.7398045016248e-4,ALLCAPS,4.99756673245644e-5,TRUE,38,Novel,Novel,38,25A,1,ref
38,SAMEA2446390,38,TRUE,38,38,25A_25F_38,6.38553918895779e-5,ALLCAPS,4.99756673245644e-5,TRUE,38,Novel,Novel,38,25A,1,ref
38,SAMEA2446392,38,TRUE,38,38,25A_25F_38,1.7398045016248e-4,ALLCAPS,4.99756673245644e-5,TRUE,38,Novel,Novel,38,25A,1,ref
38,SAMEA2446394,38,TRUE,38,38,25A_25F_38,2.3669101742518e-4,ALLCAPS,4.99756673245644e-5,TRUE,38,Novel,Novel,38,25A,1,ref
38,SAMEA2446395,38,TRUE,38,38,25A_25F_38,6.38553918895779e-5,ALLCAPS,4.99756673245644e-5,TRUE,38,Novel,Novel,38,25A,1,ref
38,SAMEA2464934,38,TRUE,38,38,25A_25F_38,6.38553918895779e-5,ALLCAPS,4.99756673245644e-5,TRUE,38,Novel,Novel,38,25A,1,ref
38,SAMEA2521521,38,TRUE,38,38,25A_25F_38,3.1116612584125e-4,ALLCAPS,4.99756673245644e-5,TRUE,38,Novel,Novel,38,25A,1,ref
38,SAMEA2521526,38,TRUE,38,38,25A_25F_38,3.0847954820323e-4,ALLCAPS,4.99756673245644e-5,TRUE,38,Novel,Novel,38,25A,1,ref
38,SAMEA2521542,38,TRUE,38,38,25A_25F_38,1.3375170884832e-4,ALLCAPS,4.99756673245644e-5,TRUE,38,Novel,Novel,38,25A,1,ref
38,SAMEA2521545,38,TRUE,38,38,25A_25F_38,1.3375170884832e-4,ALLCAPS,4.99756673245644e-5,TRUE,38,Novel,Novel,38,25A,1,ref
38,SAMEA2521546,38,TRUE,38,38,25A_25F_38,3.1116612584125e-4,ALLCAPS,4.99756673245644e-5,TRUE,38,Novel,Novel,38,25A,1,ref
38,SAMEA2521548,38,TRUE,38,38,25A_25F_38,3.1116612584125e-4,ALLCAPS,4.99756673245644e-5,TRUE,38,Novel,Novel,38,25A,1,ref
38,SAMEA2521562,38,TRUE,38,38,25A_25F_38,3.1116612584125e-4,ALLCAPS,4.99756673245644e-5,TRUE,38,Novel,Novel,38,25A,1,ref
38,SAMEA2521644,38,TRUE,38,38,25A_25F_38,3.1116612584125e-4,ALLCAPS,4.99756673245644e-5,TRUE,38,Novel,Novel,38,25A,1,ref
38,SAMEA2521661,38,TRUE,38,38,25A_25F_38,3.1116612584125e-4,ALLCAPS,4.99756673245644e-5,TRUE,38,Novel,Novel,38,25A,1,ref
38,SAMEA2521667,38,TRUE,25A,25,25A_25F_38,1.809345895708e-4,ALLCAPS,4.60093985018006e-5,TRUE,38,Novel,Novel,38,25A,1,ref
38,SAMEA2521857,38,TRUE,38,38,25A_25F_38,3.1116612584125e-4,ALLCAPS,4.99756673245644e-5,TRUE,38,Novel,Novel,38,25A,1,ref
38,SAMEA2553685,38,TRUE,38,38,25A_25F_38,4.0770253573929e-4,ALLCAPS,4.99756673245644e-5,TRUE,38,Novel,Novel,38,25A,1,ref
38,SAMEA2553693,38,TRUE,38,38,25A_25F_38,2.6257582333322e-4,ALLCAPS,4.99756673245644e-5,TRUE,38,Novel,Novel,38,25A,1,ref
38,SAMEA2553833,38,TRUE,38,38,25A_25F_38,3.5889812776479e-4,ALLCAPS,4.99756673245644e-5,TRUE,38,Novel,Novel,38,25A,1,ref
38,SAMEA2612663,38,TRUE,38,38,25A_25F_38,2.3669101742518e-4,ALLCAPS,4.99756673245644e-5,TRUE,38,Novel,Novel,38,25A,1,ref
38,SAMEA2612672,38,TRUE,38,38,25A_25F_38,6.38553918895779e-5,ALLCAPS,4.99756673245644e-5,TRUE,38,Novel,Novel,38,25A,1,ref
38,SAMEA2612826,38,TRUE,38,38,25A_25F_38,1.7398045016248e-4,ALLCAPS,4.99756673245644e-5,TRUE,38,Novel,Novel,38,25A,1,ref
38,SAMEA2626833,38,TRUE,38,38,25A_25F_38,2.3669101742518e-4,ALLCAPS,4.99756673245644e-5,TRUE,38,Novel,Novel,38,25A,1,ref
38,SAMEA2658289,38,TRUE,38,38,25A_25F_38,5.088826448335e-4,ALLCAPS,4.99756673245644e-5,TRUE,38,Novel,Novel,38,25A,1,ref
38,SAMEA2658617,38,TRUE,38,38,25A_25F_38,5.088826448335e-4,ALLCAPS,4.99756673245644e-5,TRUE,38,Novel,Novel,38,25A,1,ref
38,SAMEA2658646,38,TRUE,38,38,25A_25F_38,1.7398045016248e-4,ALLCAPS,4.99756673245644e-5,TRUE,38,Novel,Novel,38,25A,1,ref
38,SAMEA2659057,38,TRUE,38,38,25A_25F_38,5.7321689120581e-4,ALLCAPS,4.99756673245644e-5,TRUE,38,Novel,Novel,38,25A,1,ref
38,SAMEA5073506,38,TRUE,38,38,25A_25F_38,1.7398045016248e-4,ALLCAPS,4.99756673245644e-5,TRUE,38,Novel,Novel,38,25A,1,ref
38,SAMEA5073534,38,TRUE,38,38,25A_25F_38,1.9168107729483e-4,ALLCAPS,4.99756673245644e-5,TRUE,38,Novel,Novel,38,25A,1,ref
38,SAMEA5081958,38,TRUE,38,38,25A_25F_38,1.9168107729483e-4,ALLCAPS,4.99756673245644e-5,TRUE,38,Novel,Novel,38,25A,1,ref
38,SAMEA5081980,38,TRUE,38,38,25A_25F_38,1.9168107729483e-4,ALLCAPS,4.99756673245644e-5,TRUE,38,Novel,Novel,38,25A,1,ref
38,SAMEA5082052,38,TRUE,38,38,25A_25F_38,3.3239388789862e-4,ALLCAPS,4.99756673245644e-5,TRUE,38,Novel,Novel,38,25A,1,ref
38,SAMEA5082191,38,TRUE,38,38,25A_25F_38,6.5614943346048e-4,ALLCAPS,4.99756673245644e-5,TRUE,38,Novel,Novel,38,25A,1,ref
38,SAMEA5082279,38,TRUE,38,38,25A_25F_38,1.9168107729483e-4,ALLCAPS,4.99756673245644e-5,TRUE,38,Novel,Novel,38,25A,1,ref
38,SAMEA5082543,38,TRUE,38,38,25A_25F_38,1.7398045016248e-4,ALLCAPS,4.99756673245644e-5,TRUE,38,Novel,Novel,38,25A,1,ref
38,SAMEA5082555,38,TRUE,38,38,25A_25F_38,2.881079651591e-4,ALLCAPS,4.99756673245644e-5,TRUE,38,Novel,Novel,38,25A,1,ref
38,SAMEA5082585,38,TRUE,38,38,25A_25F_38,1.7398045016248e-4,ALLCAPS,4.99756673245644e-5,TRUE,38,Novel,Novel,38,25A,1,ref
38,SAMEA5082710,38,TRUE,38,38,25A_25F_38,0.00471974710291522,ALLCAPS,4.99756673245644e-5,TRUE,38,Novel,Novel,38,25A,1,ref
38,SAMEA5082791,38,TRUE,38,38,25A_25F_38,1.9168107729483e-4,ALLCAPS,4.99756673245644e-5,TRUE,38,Novel,Novel,38,25A,1,ref
38,SAMEA5082938,38,TRUE,38,38,25A_25F_38,0.00392297482396764,ALLCAPS,4.99756673245644e-5,TRUE,38,Novel,Novel,38,25A,1,ref
38,SAMEA5083277,38,TRUE,38,38,25A_25F_38,0.00396769694878096,ALLCAPS,4.99756673245644e-5,TRUE,38,Novel,Novel,38,25A,1,ref
38,SAMEA5083875,38,TRUE,38,38,25A_25F_38,2.7415561325205e-4,ALLCAPS,4.99756673245644e-5,TRUE,38,Novel,Novel,38,25A,1,ref
38,SAMEA5083913,38,TRUE,38,38,25A_25F_38,5.088826448335e-4,ALLCAPS,4.99756673245644e-5,TRUE,38,Novel,Novel,38,25A,1,ref
38,SAMEA5084202,38,TRUE,38,38,25A_25F_38,5.088826448335e-4,ALLCAPS,4.99756673245644e-5,TRUE,38,Novel,Novel,38,25A,1,ref
38,SAMEA5084443,38,TRUE,38,38,25A_25F_38,1.9168107729483e-4,ALLCAPS,4.99756673245644e-5,TRUE,38,Novel,Novel,38,25A,1,ref
38,SAMEA5187345,38,TRUE,38,38,25A_25F_38,3.5889812776479e-4,ALLCAPS,4.99756673245644e-5,TRUE,38,Novel,Novel,38,25A,1,ref
38,SAMN09219172,38,TRUE,38,38,25A_25F_38,1.7398045016248e-4,ALLCAPS,4.99756673245644e-5,TRUE,38,Novel,Novel,38,25A,1,ref
38,SAMN09219200,38,TRUE,38,38,25A_25F_38,1.7398045016248e-4,ALLCAPS,4.99756673245644e-5,TRUE,38,Novel,Novel,38,25A,1,ref
38,SAMEA5225810,38,TRUE,38,38,25A_25F_38,6.5752393641693e-4,ALLCAPS,4.99756673245644e-5,TRUE,38,Novel,Novel,38,25A,1,ref
38,SAMEA5785514,38,TRUE,38,38,25A_25F_38,5.4107903293532e-4,ALLCAPS,4.99756673245644e-5,TRUE,38,Novel,Novel,38,25A,1,ref
38,SAMEA5785521,38,TRUE,38,38,25A_25F_38,2.2641007702695e-4,ALLCAPS,4.99756673245644e-5,TRUE,38,Novel,Novel,38,25A,1,ref
38,SAMEA5785871,38,TRUE,38,38,25A_25F_38,2.9365836618022e-4,ALLCAPS,4.99756673245644e-5,TRUE,38,Novel,Novel,38,25A,1,ref
38,SAMEA5785874,38,TRUE,38,38,25A_25F_38,1.0315135064009e-4,ALLCAPS,4.99756673245644e-5,TRUE,38,Novel,Novel,38,25A,1,ref
38,SAMEA5786242,38,TRUE,38,38,25A_25F_38,2.5296936313434e-4,ALLCAPS,4.99756673245644e-5,TRUE,38,Novel,Novel,38,25A,1,ref
38,SAMEA5866600,38,TRUE,38,38,25A_25F_38,3.5889812776479e-4,ALLCAPS,4.99756673245644e-5,TRUE,38,Novel,Novel,38,25A,1,ref
38,SAMEA5866650,38,TRUE,38,38,25A_25F_38,0.00114986469976008,ALLCAPS,4.99756673245644e-5,TRUE,38,Novel,Novel,38,25A,1,ref
38,SAMEA5866716,38,TRUE,38,38,25A_25F_38,8.5234026186231e-4,ALLCAPS,4.99756673245644e-5,TRUE,38,Novel,Novel,38,25A,1,ref
38,SAMEA5866727,38,TRUE,38,38,25A_25F_38,3.5889812776479e-4,ALLCAPS,4.99756673245644e-5,TRUE,38,Novel,Novel,38,25A,1,ref
38,SAMEA5948111,38,TRUE,38,38,25A_25F_38,8.5234026186231e-4,ALLCAPS,4.99756673245644e-5,TRUE,38,Novel,Novel,38,25A,1,ref
38,SAMEA6061574,38,TRUE,38,38,25A_25F_38,3.5889812776479e-4,ALLCAPS,4.99756673245644e-5,TRUE,38,Novel,Novel,38,25A,1,ref
38,SAMEA3209044,38,TRUE,38,38,25A_25F_38,5.7321689120581e-4,ALLCAPS,4.99756673245644e-5,TRUE,38,Novel,Novel,38,25A,1,ref
38,SAMEA3209118,38,TRUE,38,38,25A_25F_38,1.7398045016248e-4,ALLCAPS,4.99756673245644e-5,TRUE,38,Novel,Novel,38,25A,1,ref
38,SAMEA3221124,38,TRUE,38,38,25A_25F_38,2.3342966608674e-4,ALLCAPS,4.99756673245644e-5,TRUE,38,Novel,Novel,38,25A,1,ref
38,SAMEA3221125,38,TRUE,38,38,25A_25F_38,1.5443184195851e-4,ALLCAPS,4.99756673245644e-5,TRUE,38,Novel,Novel,38,25A,1,ref
38,SAMEA3221369,38,TRUE,38,38,25A_25F_38,2.6498879855785e-4,ALLCAPS,4.99756673245644e-5,TRUE,38,Novel,Novel,38,25A,1,ref
38,SAMEA3221715,38,TRUE,38,38,25A_25F_38,3.1116612584125e-4,ALLCAPS,4.99756673245644e-5,TRUE,38,Novel,Novel,38,25A,1,ref
38,SAMEA3221849,38,TRUE,38,38,25A_25F_38,2.6498879855785e-4,ALLCAPS,4.99756673245644e-5,TRUE,38,Novel,Novel,38,25A,1,ref
38,SAMEA3221977,38,TRUE,38,38,25A_25F_38,2.3342966608674e-4,ALLCAPS,4.99756673245644e-5,TRUE,38,Novel,Novel,38,25A,1,ref
38,SAMEA3221989,38,TRUE,38,38,25A_25F_38,3.1116612584125e-4,ALLCAPS,4.99756673245644e-5,TRUE,38,Novel,Novel,38,25A,1,ref
38,SAMEA3222042,38,TRUE,38,38,25A_25F_38,2.3342966608674e-4,ALLCAPS,4.99756673245644e-5,TRUE,38,Novel,Novel,38,25A,1,ref
38,SAMEA3232487,38,TRUE,38,38,25A_25F_38,4.0770253573929e-4,ALLCAPS,4.99756673245644e-5,TRUE,38,Novel,Novel,38,25A,1,ref
38,SAMEA3232645,38,TRUE,38,38,25A_25F_38,3.5889812776479e-4,ALLCAPS,4.99756673245644e-5,TRUE,38,Novel,Novel,38,25A,1,ref
38,SAMEA3232653,38,TRUE,38,38,25A_25F_38,4.0770253573929e-4,ALLCAPS,4.99756673245644e-5,TRUE,38,Novel,Novel,38,25A,1,ref
38,SAMEA3310439,38,TRUE,38,38,25A_25F_38,6.1424514771812e-4,ALLCAPS,4.99756673245644e-5,TRUE,38,Novel,Novel,38,25A,1,ref
38,SAMEA3310445,38,TRUE,38,38,25A_25F_38,6.1424514771812e-4,ALLCAPS,4.99756673245644e-5,TRUE,38,Novel,Novel,38,25A,1,ref
38,SAMEA3339768,38,TRUE,38,38,25A_25F_38,1.7398045016248e-4,ALLCAPS,4.99756673245644e-5,TRUE,38,Novel,Novel,38,25A,1,ref
38,SAMEA3353459,38,TRUE,38,38,25A_25F_38,1.7398045016248e-4,ALLCAPS,4.99756673245644e-5,TRUE,38,Novel,Novel,38,25A,1,ref
38,SAMEA3353463,38,TRUE,38,38,25A_25F_38,1.7398045016248e-4,ALLCAPS,4.99756673245644e-5,TRUE,38,Novel,Novel,38,25A,1,ref
38,SAMEA3353471,38,TRUE,38,38,25A_25F_38,5.2620959087101e-4,ALLCAPS,4.99756673245644e-5,TRUE,38,Novel,Novel,38,25A,1,ref
38,SAMEA3353492,38,TRUE,38,38,25A_25F_38,5.2620959087101e-4,ALLCAPS,4.99756673245644e-5,TRUE,38,Novel,Novel,38,25A,1,ref
38,SAMEA3353522,38,TRUE,38,38,25A_25F_38,5.2620959087101e-4,ALLCAPS,4.99756673245644e-5,TRUE,38,Novel,Novel,38,25A,1,ref
38,SAMEA3353712,38,TRUE,38,38,25A_25F_38,6.1424514771812e-4,ALLCAPS,4.99756673245644e-5,TRUE,38,Novel,Novel,38,25A,1,ref
38,SAMEA3353732,38,TRUE,38,38,25A_25F_38,1.7398045016248e-4,ALLCAPS,4.99756673245644e-5,TRUE,38,Novel,Novel,38,25A,1,ref
38,SAMEA3353743,38,TRUE,38,38,25A_25F_38,5.2620959087101e-4,ALLCAPS,4.99756673245644e-5,TRUE,38,Novel,Novel,38,25A,1,ref
38,SAMEA3354066,38,TRUE,38,38,25A_25F_38,6.1424514771812e-4,ALLCAPS,4.99756673245644e-5,TRUE,38,Novel,Novel,38,25A,1,ref
38,SAMEA3354337,38,TRUE,38,38,25A_25F_38,5.2620959087101e-4,ALLCAPS,4.99756673245644e-5,TRUE,38,Novel,Novel,38,25A,1,ref
38,SAMEA3373714,38,TRUE,38,38,25A_25F_38,4.2650379702746e-4,ALLCAPS,4.99756673245644e-5,TRUE,38,Novel,Novel,38,25A,1,ref
38,SAMEA3373722,38,TRUE,38,38,25A_25F_38,4.2650379702746e-4,ALLCAPS,4.99756673245644e-5,TRUE,38,Novel,Novel,38,25A,1,ref
38,SAMEA3373754,38,TRUE,38,38,25A_25F_38,4.2650379702746e-4,ALLCAPS,4.99756673245644e-5,TRUE,38,Novel,Novel,38,25A,1,ref
38,SAMN05221362,38,TRUE,38,38,25A_25F_38,4.0790687098812e-4,ALLCAPS,4.99756673245644e-5,TRUE,38,Novel,Novel,38,25A,1,ref
38,SAMEA3431257,38,TRUE,38,38,25A_25F_38,7.2542415451892e-4,ALLCAPS,4.99756673245644e-5,TRUE,38,Novel,Novel,38,25A,1,ref
38,SAMEA3431283,38,TRUE,38,38,25A_25F_38,3.5889812776479e-4,ALLCAPS,4.99756673245644e-5,TRUE,38,Novel,Novel,38,25A,1,ref
38,SAMEA3431336,38,TRUE,38,38,25A_25F_38,2.6519707480265e-4,ALLCAPS,4.99756673245644e-5,TRUE,38,Novel,Novel,38,25A,1,ref
38,SAMEA3431447,38,TRUE,38,38,25A_25F_38,2.8356588086975e-4,ALLCAPS,4.99756673245644e-5,TRUE,38,Novel,Novel,38,25A,1,ref
38,SAMEA3545901,38,TRUE,38,38,25A_25F_38,3.5889812776479e-4,ALLCAPS,4.99756673245644e-5,TRUE,38,Novel,Novel,38,25A,1,ref
38,SAMEA3714202,38,TRUE,38,38,25A_25F_38,3.5889812776479e-4,ALLCAPS,4.99756673245644e-5,TRUE,38,Novel,Novel,38,25A,1,ref
38,SAMEA3714409,38,TRUE,38,38,25A_25F_38,6.148072402653e-4,ALLCAPS,4.99756673245644e-5,TRUE,38,Novel,Novel,38,25A,1,ref
38,SAMEA3905238,38,TRUE,38,38,25A_25F_38,1.7398045016248e-4,ALLCAPS,4.99756673245644e-5,TRUE,38,Novel,Novel,38,25A,1,ref
38,SAMEA3953148,38,TRUE,38,38,25A_25F_38,1.3375170884832e-4,ALLCAPS,4.99756673245644e-5,TRUE,38,Novel,Novel,38,25A,1,ref
38,SAMEA4008353,38,TRUE,38,38,25A_25F_38,6.1424514771812e-4,ALLCAPS,4.99756673245644e-5,TRUE,38,Novel,Novel,38,25A,1,ref
38,SAMEA4008407,38,TRUE,38,38,25A_25F_38,6.1424514771812e-4,ALLCAPS,4.99756673245644e-5,TRUE,38,Novel,Novel,38,25A,1,ref
38,SAMEA4008421,38,TRUE,38,38,25A_25F_38,2.6300324294759e-4,ALLCAPS,4.99756673245644e-5,TRUE,38,Novel,Novel,38,25A,1,ref
38,SAMEA4008427,38,TRUE,38,38,25A_25F_38,1.7398045016248e-4,ALLCAPS,4.99756673245644e-5,TRUE,38,Novel,Novel,38,25A,1,ref
38,SAMEA4022256,38,TRUE,38,38,25A_25F_38,9.30592479295722e-5,ALLCAPS,4.99756673245644e-5,TRUE,38,Novel,Novel,38,25A,1,ref
38,SAMEA4022336,38,TRUE,38,38,25A_25F_38,2.9365836618022e-4,ALLCAPS,4.99756673245644e-5,TRUE,38,Novel,Novel,38,25A,1,ref
38,SAMEA4022342,38,TRUE,38,38,25A_25F_38,1.3910987728349e-4,ALLCAPS,4.99756673245644e-5,TRUE,38,Novel,Novel,38,25A,1,ref
38,SAMEA4022349,38,TRUE,38,38,25A_25F_38,4.0393044307485e-4,ALLCAPS,4.99756673245644e-5,TRUE,38,Novel,Novel,38,25A,1,ref
38,SAMN09219096,38,TRUE,38,38,25A_25F_38,1.3375170884832e-4,ALLCAPS,4.99756673245644e-5,TRUE,38,Novel,Novel,38,25A,1,ref
38,SAMN09219114,38,TRUE,38,38,25A_25F_38,1.3375170884832e-4,ALLCAPS,4.99756673245644e-5,TRUE,38,Novel,Novel,38,25A,1,ref
38,SAMN09219162,38,TRUE,38,38,25A_25F_38,1.3375170884832e-4,ALLCAPS,4.99756673245644e-5,TRUE,38,Novel,Novel,38,25A,1,ref
38,SAMEA4929767,38,TRUE,38,38,25A_25F_38,1.7398045016248e-4,ALLCAPS,4.99756673245644e-5,TRUE,38,Novel,Novel,38,25A,1,ref
38,SAMEA4929891,38,TRUE,38,38,25A_25F_38,1.7398045016248e-4,ALLCAPS,4.99756673245644e-5,TRUE,38,Novel,Novel,38,25A,1,ref
38,SAMN09219254,38,TRUE,38,38,25A_25F_38,2.3342966608674e-4,ALLCAPS,4.99756673245644e-5,TRUE,38,Novel,Novel,38,25A,1,ref
38,SAMN09219267,38,TRUE,38,38,25A_25F_38,1.3375170884832e-4,ALLCAPS,4.99756673245644e-5,TRUE,38,Novel,Novel,38,25A,1,ref
38,SAMN09219333,38,TRUE,38,38,25A_25F_38,1.3375170884832e-4,ALLCAPS,4.99756673245644e-5,TRUE,38,Novel,Novel,38,25A,1,ref
38,SAMN09224474,38,TRUE,38,38,25A_25F_38,4.852000234945e-4,ALLCAPS,4.99756673245644e-5,TRUE,38,Novel,Novel,38,25A,1,ref
38,SAMN09224561,38,TRUE,38,38,25A_25F_38,8.2105383208219e-4,ALLCAPS,4.99756673245644e-5,TRUE,38,Novel,Novel,38,25A,1,ref
38,SAMN09224596,38,TRUE,38,38,25A_25F_38,1.3375170884832e-4,ALLCAPS,4.99756673245644e-5,TRUE,38,Novel,Novel,38,25A,1,ref
38,SAMN09224769,38,TRUE,38,38,25A_25F_38,8.2105383208219e-4,ALLCAPS,4.99756673245644e-5,TRUE,38,Novel,Novel,38,25A,1,ref
38,SAMN09224797,38,TRUE,38,38,25A_25F_38,4.4358381879883e-4,ALLCAPS,4.99756673245644e-5,TRUE,38,Novel,Novel,38,25A,1,ref
38,SAMN09224860,38,TRUE,38,38,25A_25F_38,8.2105383208219e-4,ALLCAPS,4.99756673245644e-5,TRUE,38,Novel,Novel,38,25A,1,ref
38,SAMN09224871,38,TRUE,38,38,25A_25F_38,1.7398045016248e-4,ALLCAPS,4.99756673245644e-5,TRUE,38,Novel,Novel,38,25A,1,ref
38,SAMN10608673,38,TRUE,38,38,25A_25F_38,1.3375170884832e-4,ALLCAPS,4.99756673245644e-5,TRUE,38,Novel,Novel,38,25A,1,ref
38,SAMN10608713,38,TRUE,38,38,25A_25F_38,0.00100446433143641,ALLCAPS,4.99756673245644e-5,TRUE,38,Novel,Novel,38,25A,1,ref
38,SAMN11116525,38,TRUE,38,38,25A_25F_38,1.3375170884832e-4,ALLCAPS,4.99756673245644e-5,TRUE,38,Novel,Novel,38,25A,1,ref
38,SAMN11116552,38,TRUE,38,38,25A_25F_38,0.00155600275613709,ALLCAPS,4.99756673245644e-5,TRUE,38,Novel,Novel,38,25A,1,ref
38,SAMN11116583,38,TRUE,38,38,25A_25F_38,0.00100659608256614,ALLCAPS,4.99756673245644e-5,TRUE,38,Novel,Novel,38,25A,1,ref
38,SAMN11116619,38,TRUE,38,38,25A_25F_38,0.00263605405662203,ALLCAPS,4.99756673245644e-5,TRUE,38,Novel,Novel,38,25A,1,ref
38,SAMN11116624,38,TRUE,38,38,25A_25F_38,4.2750486268638e-4,ALLCAPS,4.99756673245644e-5,TRUE,38,Novel,Novel,38,25A,1,ref
38,SAMN11116625,38,TRUE,38,38,25A_25F_38,0.00263605405662203,ALLCAPS,4.99756673245644e-5,TRUE,38,Novel,Novel,38,25A,1,ref
38,SAMN11116665,38,TRUE,38,38,25A_25F_38,0.00161523181391343,ALLCAPS,4.99756673245644e-5,TRUE,38,Novel,Novel,38,25A,1,ref
38,SAMN11116699,38,TRUE,38,38,25A_25F_38,1.3375170884832e-4,ALLCAPS,4.99756673245644e-5,TRUE,38,Novel,Novel,38,25A,1,ref
38,SAMN11116713,38,TRUE,38,38,25A_25F_38,0.00100446433143641,ALLCAPS,4.99756673245644e-5,TRUE,38,Novel,Novel,38,25A,1,ref
38,SAMN11116743,38,TRUE,38,38,25A_25F_38,1.3375170884832e-4,ALLCAPS,4.99756673245644e-5,TRUE,38,Novel,Novel,38,25A,1,ref
38,SAMN11116765,38,TRUE,38,38,25A_25F_38,1.7398045016248e-4,ALLCAPS,4.99756673245644e-5,TRUE,38,Novel,Novel,38,25A,1,ref
38,SAMN11116785,38,TRUE,38,38,25A_25F_38,0.00161523181391343,ALLCAPS,4.99756673245644e-5,TRUE,38,Novel,Novel,38,25A,1,ref
38,SAMN11116823,38,TRUE,38,38,25A_25F_38,0.00100446433143641,ALLCAPS,4.99756673245644e-5,TRUE,38,Novel,Novel,38,25A,1,ref
38,SAMN11116895,38,TRUE,38,38,25A_25F_38,0.00161523181391343,ALLCAPS,4.99756673245644e-5,TRUE,38,Novel,Novel,38,25A,1,ref
38,SAMEA114408249,38,TRUE,38,38,25A_25F_38,3.5889812776479e-4,ALLCAPS,4.99756673245644e-5,TRUE,38,Novel,Novel,38,25A,1,ref
38,SAMEA114408372,38,TRUE,38,38,25A_25F_38,3.5889812776479e-4,ALLCAPS,4.99756673245644e-5,TRUE,38,Novel,Novel,38,25A,1,ref
38,SAMEA114408494,38,TRUE,38,38,25A_25F_38,0.0263512634259784,ALLCAPS,4.99756673245644e-5,TRUE,38,Novel,Novel,38,25A,1,ref
38,SAMEA114441138,38,TRUE,38,38,25A_25F_38,3.5889812776479e-4,ALLCAPS,4.99756673245644e-5,TRUE,38,Novel,Novel,38,25A,1,ref
38,SAMEA114441274,38,TRUE,38,38,25A_25F_38,3.5889812776479e-4,ALLCAPS,4.99756673245644e-5,TRUE,38,Novel,Novel,38,25A,1,ref
38,SAMEA114441660,38,TRUE,38,38,25A_25F_38,2.1319836996169e-4,ALLCAPS,4.99756673245644e-5,TRUE,38,Novel,Novel,38,25A,1,ref
38,SAMEA114442020,38,TRUE,38,38,25A_25F_38,3.5889812776479e-4,ALLCAPS,4.99756673245644e-5,TRUE,38,Novel,Novel,38,25A,1,ref
38,SAMEA114442028,38,TRUE,38,38,25A_25F_38,1.7398045016248e-4,ALLCAPS,4.99756673245644e-5,TRUE,38,Novel,Novel,38,25A,1,ref
38,SAMEA114478757,38,TRUE,38,38,25A_25F_38,0.00137069822133317,ALLCAPS,4.99756673245644e-5,TRUE,38,Novel,Novel,38,25A,1,ref
38,SAMEA114478767,38,TRUE,38,38,25A_25F_38,7.5650447336639e-4,ALLCAPS,4.99756673245644e-5,TRUE,38,Novel,Novel,38,25A,1,ref
38,SAMEA114479040,38,TRUE,38,38,25A_25F_38,1.7398045016248e-4,ALLCAPS,4.99756673245644e-5,TRUE,38,Novel,Novel,38,25A,1,ref
38,SAMEA114479041,38,TRUE,38,38,25A_25F_38,9.0783470925481e-4,ALLCAPS,4.99756673245644e-5,TRUE,38,Novel,Novel,38,25A,1,ref
38,SAMEA114479159,38,TRUE,38,38,25A_25F_38,6.5614943346048e-4,ALLCAPS,4.99756673245644e-5,TRUE,38,Novel,Novel,38,25A,1,ref
38,SAMEA114479224,38,TRUE,38,38,25A_25F_38,6.5614943346048e-4,ALLCAPS,4.99756673245644e-5,TRUE,38,Novel,Novel,38,25A,1,ref
38,SAMEA114479264,38,TRUE,38,38,25A_25F_38,2.1319836996169e-4,ALLCAPS,4.99756673245644e-5,TRUE,38,Novel,Novel,38,25A,1,ref
38,SAMEA114479279,38,TRUE,38,38,25A_25F_38,4.3425273824049e-4,ALLCAPS,4.99756673245644e-5,TRUE,38,Novel,Novel,38,25A,1,ref
38,SAMEA114479447,38,TRUE,38,38,25A_25F_38,1.7398045016248e-4,ALLCAPS,4.99756673245644e-5,TRUE,38,Novel,Novel,38,25A,1,ref
38,SAMEA114479507,38,TRUE,38,38,25A_25F_38,2.1319836996169e-4,ALLCAPS,4.99756673245644e-5,TRUE,38,Novel,Novel,38,25A,1,ref
38,SAMEA114479512,38,TRUE,38,38,25A_25F_38,3.5889812776479e-4,ALLCAPS,4.99756673245644e-5,TRUE,38,Novel,Novel,38,25A,1,ref
38,SAMEA114479521,38,TRUE,38,38,25A_25F_38,0.00396769694878096,ALLCAPS,4.99756673245644e-5,TRUE,38,Novel,Novel,38,25A,1,ref
38,SAMEA10427907,38,TRUE,38,38,25A_25F_38,2.97131265019068e-5,ALLCAPS,4.99756673245644e-5,FALSE,38,38,38,38,25A,1,ref
38,SAMEA111457479,38,TRUE,38,38,25A_25F_38,2.41350524975426e-5,ALLCAPS,4.99756673245644e-5,FALSE,38,38,38,38,25A,1,ref
38,SAMEA114341825,38,TRUE,38,38,25A_25F_38,1.91503250768221e-5,ALLCAPS,4.99756673245644e-5,FALSE,38,38,38,38,25A,1,ref
38,SAMEA114346084,38,TRUE,38,38,25A_25F_38,3.13750393891032e-5,ALLCAPS,4.99756673245644e-5,FALSE,38,38,38,38,25A,1,ref
38,SAMEA114346166,38,TRUE,38,38,25A_25F_38,1.91503250768221e-5,ALLCAPS,4.99756673245644e-5,FALSE,38,38,38,38,25A,1,ref
38,SAMEA114346184,38,TRUE,38,38,25A_25F_38,1.91503250768221e-5,ALLCAPS,4.99756673245644e-5,FALSE,38,38,38,38,25A,1,ref
38,SAMEA114521217,38,TRUE,38,38,25A_25F_38,2.41350524975426e-5,ALLCAPS,4.99756673245644e-5,FALSE,38,38,38,38,25A,1,ref
38,SAMEA114552465,38,TRUE,38,38,25A_25F_38,3.13750393891032e-5,ALLCAPS,4.99756673245644e-5,FALSE,38,38,38,38,25A,1,ref
38,SAMEA115092392,38,TRUE,38,38,25A_25F_38,1.91503250768221e-5,ALLCAPS,4.99756673245644e-5,FALSE,38,38,38,38,25A,1,ref
38,SAMEA115092476,38,TRUE,38,38,25A_25F_38,2.41350524975426e-5,ALLCAPS,4.99756673245644e-5,FALSE,38,38,38,38,25A,1,ref
38,SAMEA115377351,38,TRUE,38,38,25A_25F_38,1.91503250768221e-5,ALLCAPS,4.99756673245644e-5,FALSE,38,38,38,38,25A,1,ref
38,SAMEA115606388,38,TRUE,38,38,25A_25F_38,1.91503250768221e-5,ALLCAPS,4.99756673245644e-5,FALSE,38,38,38,38,25A,1,ref
38,SAMEA115606685,38,TRUE,38,38,25A_25F_38,2.41350524975426e-5,ALLCAPS,4.99756673245644e-5,FALSE,38,38,38,38,25A,1,ref
38,SAMEA115606709,38,TRUE,38,38,25A_25F_38,3.13750393891032e-5,ALLCAPS,4.99756673245644e-5,FALSE,38,38,38,38,25A,1,ref
38,SAMEA115606732,38,TRUE,38,38,25A_25F_38,1.91503250768221e-5,ALLCAPS,4.99756673245644e-5,FALSE,38,38,38,38,25A,1,ref
38,SAMEA115795232,38,TRUE,38,38,25A_25F_38,1.33744496706445e-5,ALLCAPS,4.99756673245644e-5,FALSE,38,38,38,38,25A,1,ref
38,SAMEA115795721,38,TRUE,38,38,25A_25F_38,1.70197135550554e-5,ALLCAPS,4.99756673245644e-5,FALSE,38,38,38,38,25A,1,ref
38,SAMEA115796226,38,TRUE,38,38,25A_25F_38,1.81778482110095e-5,ALLCAPS,4.99756673245644e-5,FALSE,38,38,38,38,25A,1,ref
38,SAMEA4649451,38,TRUE,38,38,25A_25F_38,2.41350524975426e-5,ALLCAPS,4.99756673245644e-5,FALSE,38,38,38,38,25A,1,ref
38,SAMEA4926540,38,TRUE,38,38,25A_25F_38,2.97131265019068e-5,ALLCAPS,4.99756673245644e-5,FALSE,38,38,38,38,25A,1,ref
38,SAMEA4926814,38,TRUE,38,38,25A_25F_38,2.97131265019068e-5,ALLCAPS,4.99756673245644e-5,FALSE,38,38,38,38,25A,1,ref
38,SAMEA4926958,38,TRUE,38,38,25A_25F_38,2.41350524975426e-5,ALLCAPS,4.99756673245644e-5,FALSE,38,38,38,38,25A,1,ref
38,SAMEA4927590,38,TRUE,38,38,25A_25F_38,2.41350524975426e-5,ALLCAPS,4.99756673245644e-5,FALSE,38,38,38,38,25A,1,ref
38,SAMEA4927760,38,TRUE,38,38,25A_25F_38,2.41350524975426e-5,ALLCAPS,4.99756673245644e-5,FALSE,38,38,38,38,25A,1,ref
38,SAMEA4927911,38,TRUE,38,38,25A_25F_38,2.41350524975426e-5,ALLCAPS,4.99756673245644e-5,FALSE,38,38,38,38,25A,1,ref
38,SAMEA4928495,38,TRUE,38,38,25A_25F_38,2.97131265019068e-5,ALLCAPS,4.99756673245644e-5,FALSE,38,38,38,38,25A,1,ref
38,SAMEA4928913,38,TRUE,38,38,25A_25F_38,2.41350524975426e-5,ALLCAPS,4.99756673245644e-5,FALSE,38,38,38,38,25A,1,ref
38,SAMEA4928954,38,TRUE,38,38,25A_25F_38,2.41350524975426e-5,ALLCAPS,4.99756673245644e-5,FALSE,38,38,38,38,25A,1,ref
38,SAMEA4929020,38,TRUE,38,38,25A_25F_38,2.41350524975426e-5,ALLCAPS,4.99756673245644e-5,FALSE,38,38,38,38,25A,1,ref
38,SAMEA4929293,38,TRUE,38,38,25A_25F_38,2.41350524975426e-5,ALLCAPS,4.99756673245644e-5,FALSE,38,38,38,38,25A,1,ref
38,SAMEA4929306,38,TRUE,38,38,25A_25F_38,2.97131265019068e-5,ALLCAPS,4.99756673245644e-5,FALSE,38,38,38,38,25A,1,ref
38,SAMEA4929340,38,TRUE,38,38,25A_25F_38,2.41350524975426e-5,ALLCAPS,4.99756673245644e-5,FALSE,38,38,38,38,25A,1,ref
38,SAMEA4929562,38,TRUE,38,38,25A_25F_38,2.41350524975426e-5,ALLCAPS,4.99756673245644e-5,FALSE,38,38,38,38,25A,1,ref
38,SAMEA4929695,38,TRUE,38,38,25A_25F_38,2.41350524975426e-5,ALLCAPS,4.99756673245644e-5,FALSE,38,38,38,38,25A,1,ref
38,SAMEA4929896,38,TRUE,38,38,25A_25F_38,2.97131265019068e-5,ALLCAPS,4.99756673245644e-5,FALSE,38,38,38,38,25A,1,ref
38,SAMEA4930435,38,TRUE,38,38,25A_25F_38,2.41350524975426e-5,ALLCAPS,4.99756673245644e-5,FALSE,38,38,38,38,25A,1,ref
38,SAMEA4931015,38,TRUE,38,38,25A_25F_38,2.41350524975426e-5,ALLCAPS,4.99756673245644e-5,FALSE,38,38,38,38,25A,1,ref
38,SAMEA4931038,38,TRUE,38,38,25A_25F_38,2.41350524975426e-5,ALLCAPS,4.99756673245644e-5,FALSE,38,38,38,38,25A,1,ref
38,SAMEA5072656,38,TRUE,38,38,25A_25F_38,2.41350524975426e-5,ALLCAPS,4.99756673245644e-5,FALSE,38,38,38,38,25A,1,ref
38,SAMEA5082731,38,TRUE,38,38,25A_25F_38,2.97131265019068e-5,ALLCAPS,4.99756673245644e-5,FALSE,38,38,38,38,25A,1,ref
38,SAMEA5084235,38,TRUE,38,38,25A_25F_38,2.97131265019068e-5,ALLCAPS,4.99756673245644e-5,FALSE,38,38,38,38,25A,1,ref
38,SAMEA5084342,38,TRUE,38,38,25A_25F_38,2.41350524975426e-5,ALLCAPS,4.99756673245644e-5,FALSE,38,38,38,38,25A,1,ref
38,SAMEA5084474,38,TRUE,38,38,25A_25F_38,2.97131265019068e-5,ALLCAPS,4.99756673245644e-5,FALSE,38,38,38,38,25A,1,ref
38,SAMEA5786241,38,TRUE,38,38,25A_25F_38,3.16419536621204e-5,ALLCAPS,4.99756673245644e-5,FALSE,38,38,38,38,25A,1,ref
38,SAMEA6500593,38,TRUE,38,38,25A_25F_38,2.41350524975426e-5,ALLCAPS,4.99756673245644e-5,FALSE,38,38,38,38,25A,1,ref
38,SAMEA6500611,38,TRUE,38,38,25A_25F_38,2.41350524975426e-5,ALLCAPS,4.99756673245644e-5,FALSE,38,38,38,38,25A,1,ref
38,SAMEA6500770,38,TRUE,38,38,25A_25F_38,2.41350524975426e-5,ALLCAPS,4.99756673245644e-5,FALSE,38,38,38,38,25A,1,ref
38,SAMEA6500789,38,TRUE,38,38,25A_25F_38,2.41350524975426e-5,ALLCAPS,4.99756673245644e-5,FALSE,38,38,38,38,25A,1,ref
38,SAMN10608664,38,TRUE,38,38,25A_25F_38,1.70197135550554e-5,ALLCAPS,4.99756673245644e-5,FALSE,38,38,38,38,25A,1,ref
38,SAMN41750975,38,TRUE,38,38,25A_25F_38,1.70197135550554e-5,ALLCAPS,4.99756673245644e-5,FALSE,38,38,38,38,25A,1,ref
38,SAMEA4929625,38,TRUE,38,38,25A_25F_38,3.3239388789862e-4,ALLCAPS,4.99756673245644e-5,TRUE,38,Novel,Novel,38,25A,1,ref
38,SAMEA4929645,38,TRUE,38,38,25A_25F_38,7.0167162962742e-4,ALLCAPS,4.99756673245644e-5,TRUE,38,Novel,Novel,38,25A,1,ref
38,SAMEA4929678,38,TRUE,38,38,25A_25F_38,3.3239388789862e-4,ALLCAPS,4.99756673245644e-5,TRUE,38,Novel,Novel,38,25A,1,ref
38,SAMEA4929705,38,TRUE,38,38,25A_25F_38,1.9644919929151e-4,ALLCAPS,4.99756673245644e-5,TRUE,38,Novel,Novel,38,25A,1,ref
38,SAMEA4929761,38,TRUE,38,38,25A_25F_38,7.5650447336639e-4,ALLCAPS,4.99756673245644e-5,TRUE,38,Novel,Novel,38,25A,1,ref
38,SAMEA4929763,38,TRUE,38,38,25A_25F_38,7.22980372712678e-5,ALLCAPS,4.99756673245644e-5,TRUE,38,Novel,Novel,38,25A,1,ref
38,SAMEA4024168,38,TRUE,38,38,25A_25F_38,2.9365836618022e-4,ALLCAPS,4.99756673245644e-5,TRUE,38,Novel,Novel,38,25A,1,ref
38,SAMEA4024171,38,TRUE,38,38,25A_25F_38,6.38553918895779e-5,ALLCAPS,4.99756673245644e-5,TRUE,38,Novel,Novel,38,25A,1,ref
38,SAMEA4929954,38,TRUE,38,38,25A_25F_38,2.7247694778353e-4,ALLCAPS,4.99756673245644e-5,TRUE,38,Novel,Novel,38,25A,1,ref
38,SAMEA4930153,38,TRUE,38,38,25A_25F_38,9.0783470925481e-4,ALLCAPS,4.99756673245644e-5,TRUE,38,Novel,Novel,38,25A,1,ref
38,SAMEA4930213,38,TRUE,38,38,25A_25F_38,7.5650447336639e-4,ALLCAPS,4.99756673245644e-5,TRUE,38,Novel,Novel,38,25A,1,ref
38,SAMEA4930224,38,TRUE,38,38,25A_25F_38,1.9168107729483e-4,ALLCAPS,4.99756673245644e-5,TRUE,38,Novel,Novel,38,25A,1,ref
38,SAMEA4930303,38,TRUE,38,38,25A_25F_38,1.6618723392058e-4,ALLCAPS,4.99756673245644e-5,TRUE,38,Novel,Novel,38,25A,1,ref
38,SAMEA4930352,38,TRUE,38,38,25A_25F_38,1.9168107729483e-4,ALLCAPS,4.99756673245644e-5,TRUE,38,Novel,Novel,38,25A,1,ref
38,SAMEA4930354,38,TRUE,38,38,25A_25F_38,1.7398045016248e-4,ALLCAPS,4.99756673245644e-5,TRUE,38,Novel,Novel,38,25A,1,ref
38,SAMEA4930373,38,TRUE,38,38,25A_25F_38,7.0167162962742e-4,ALLCAPS,4.99756673245644e-5,TRUE,38,Novel,Novel,38,25A,1,ref
38,SAMEA4930419,38,TRUE,38,38,25A_25F_38,1.9168107729483e-4,ALLCAPS,4.99756673245644e-5,TRUE,38,Novel,Novel,38,25A,1,ref
38,SAMEA4930443,38,TRUE,38,38,25A_25F_38,1.9168107729483e-4,ALLCAPS,4.99756673245644e-5,TRUE,38,Novel,Novel,38,25A,1,ref
38,SAMEA4930492,38,TRUE,38,38,25A_25F_38,1.7398045016248e-4,ALLCAPS,4.99756673245644e-5,TRUE,38,Novel,Novel,38,25A,1,ref
38,SAMEA4930586,38,TRUE,38,38,25A_25F_38,1.7398045016248e-4,ALLCAPS,4.99756673245644e-5,TRUE,38,Novel,Novel,38,25A,1,ref
38,SAMEA4930608,38,TRUE,38,38,25A_25F_38,3.3239388789862e-4,ALLCAPS,4.99756673245644e-5,TRUE,38,Novel,Novel,38,25A,1,ref
38,SAMEA4930615,38,TRUE,38,38,25A_25F_38,7.22980372712678e-5,ALLCAPS,4.99756673245644e-5,TRUE,38,Novel,Novel,38,25A,1,ref
38,SAMEA4930718,38,TRUE,38,38,25A_25F_38,3.3239388789862e-4,ALLCAPS,4.99756673245644e-5,TRUE,38,Novel,Novel,38,25A,1,ref
38,SAMEA4930753,38,TRUE,38,38,25A_25F_38,7.22980372712678e-5,ALLCAPS,4.99756673245644e-5,TRUE,38,Novel,Novel,38,25A,1,ref
38,SAMEA4930754,38,TRUE,38,38,25A_25F_38,7.5650447336639e-4,ALLCAPS,4.99756673245644e-5,TRUE,38,Novel,Novel,38,25A,1,ref
38,SAMEA4930816,38,TRUE,38,38,25A_25F_38,1.7398045016248e-4,ALLCAPS,4.99756673245644e-5,TRUE,38,Novel,Novel,38,25A,1,ref
38,SAMEA4930878,38,TRUE,38,38,25A_25F_38,0.00396769694878096,ALLCAPS,4.99756673245644e-5,TRUE,38,Novel,Novel,38,25A,1,ref
38,SAMEA4930917,38,TRUE,38,38,25A_25F_38,7.0167162962742e-4,ALLCAPS,4.99756673245644e-5,TRUE,38,Novel,Novel,38,25A,1,ref
38,SAMEA4931040,38,TRUE,38,38,25A_25F_38,5.088826448335e-4,ALLCAPS,4.99756673245644e-5,TRUE,38,Novel,Novel,38,25A,1,ref
38,SAMEA4931062,38,TRUE,38,38,25A_25F_38,5.1167229553505e-4,ALLCAPS,4.99756673245644e-5,TRUE,38,Novel,Novel,38,25A,1,ref
38,SAMEA4931099,38,TRUE,38,38,25A_25F_38,7.5650447336639e-4,ALLCAPS,4.99756673245644e-5,TRUE,38,Novel,Novel,38,25A,1,ref
38,SAMEA4931113,38,TRUE,38,38,25A_25F_38,7.5650447336639e-4,ALLCAPS,4.99756673245644e-5,TRUE,38,Novel,Novel,38,25A,1,ref
38,SAMEA4931158,38,TRUE,38,38,25A_25F_38,1.7398045016248e-4,ALLCAPS,4.99756673245644e-5,TRUE,38,Novel,Novel,38,25A,1,ref
38,SAMEA4931178,38,TRUE,38,38,25A_25F_38,1.9168107729483e-4,ALLCAPS,4.99756673245644e-5,TRUE,38,Novel,Novel,38,25A,1,ref
38,SAMEA4931213,38,TRUE,38,38,25A_25F_38,5.088826448335e-4,ALLCAPS,4.99756673245644e-5,TRUE,38,Novel,Novel,38,25A,1,ref
38,SAMEA4931226,38,TRUE,38,38,25A_25F_38,1.6618723392058e-4,ALLCAPS,4.99756673245644e-5,TRUE,38,Novel,Novel,38,25A,1,ref
38,SAMEA4931240,38,TRUE,38,38,25A_25F_38,3.3239388789862e-4,ALLCAPS,4.99756673245644e-5,TRUE,38,Novel,Novel,38,25A,1,ref
38,SAMEA4931293,38,TRUE,38,38,25A_25F_38,5.088826448335e-4,ALLCAPS,4.99756673245644e-5,TRUE,38,Novel,Novel,38,25A,1,ref
38,SAMEA4931370,38,TRUE,38,38,25A_25F_38,5.088826448335e-4,ALLCAPS,4.99756673245644e-5,TRUE,38,Novel,Novel,38,25A,1,ref
38,SAMEA4931573,38,TRUE,38,38,25A_25F_38,5.088826448335e-4,ALLCAPS,4.99756673245644e-5,TRUE,38,Novel,Novel,38,25A,1,ref
38,SAMEA4931589,38,TRUE,38,38,25A_25F_38,5.1167229553505e-4,ALLCAPS,4.99756673245644e-5,TRUE,38,Novel,Novel,38,25A,1,ref
38,SAMEA4966126,38,TRUE,38,38,25A_25F_38,3.5889812776479e-4,ALLCAPS,4.99756673245644e-5,TRUE,38,Novel,Novel,38,25A,1,ref
38,SAMEA4966610,38,TRUE,38,38,25A_25F_38,3.5889812776479e-4,ALLCAPS,4.99756673245644e-5,TRUE,38,Novel,Novel,38,25A,1,ref
38,SAMEA4966943,38,TRUE,38,38,25A_25F_38,3.5889812776479e-4,ALLCAPS,4.99756673245644e-5,TRUE,38,Novel,Novel,38,25A,1,ref
38,SAMEA4967024,38,TRUE,38,38,25A_25F_38,3.5889812776479e-4,ALLCAPS,4.99756673245644e-5,TRUE,38,Novel,Novel,38,25A,1,ref
38,SAMEA4967523,38,TRUE,38,38,25A_25F_38,3.5889812776479e-4,ALLCAPS,4.99756673245644e-5,TRUE,38,Novel,Novel,38,25A,1,ref
38,SAMEA4967557,38,TRUE,38,38,25A_25F_38,3.5889812776479e-4,ALLCAPS,4.99756673245644e-5,TRUE,38,Novel,Novel,38,25A,1,ref
38,SAMEA4967662,38,TRUE,38,38,25A_25F_38,3.5889812776479e-4,ALLCAPS,4.99756673245644e-5,TRUE,38,Novel,Novel,38,25A,1,ref
38,SAMEA4967752,38,TRUE,38,38,25A_25F_38,3.5889812776479e-4,ALLCAPS,4.99756673245644e-5,TRUE,38,Novel,Novel,38,25A,1,ref
38,SAMEA4968033,38,TRUE,38,38,25A_25F_38,0.0111389094538967,ALLCAPS,4.99756673245644e-5,TRUE,38,Novel,Novel,38,25A,1,ref
38,SAMEA4976414,38,TRUE,38,38,25A_25F_38,8.5234026186231e-4,ALLCAPS,4.99756673245644e-5,TRUE,38,Novel,Novel,38,25A,1,ref
38,SAMEA4976663,38,TRUE,38,38,25A_25F_38,8.5234026186231e-4,ALLCAPS,4.99756673245644e-5,TRUE,38,Novel,Novel,38,25A,1,ref
38,SAMEA4976672,38,TRUE,38,38,25A_25F_38,7.7112610219098e-4,ALLCAPS,4.99756673245644e-5,TRUE,38,Novel,Novel,38,25A,1,ref
38,SAMEA4976673,38,TRUE,38,38,25A_25F_38,7.7112610219098e-4,ALLCAPS,4.99756673245644e-5,TRUE,38,Novel,Novel,38,25A,1,ref
38,SAMEA4977229,38,TRUE,38,38,25A_25F_38,3.5889812776479e-4,ALLCAPS,4.99756673245644e-5,TRUE,38,Novel,Novel,38,25A,1,ref
38,SAMEA4977475,38,TRUE,38,38,25A_25F_38,8.5234026186231e-4,ALLCAPS,4.99756673245644e-5,TRUE,38,Novel,Novel,38,25A,1,ref
38,SAMEA4977739,38,TRUE,38,38,25A_25F_38,8.5234026186231e-4,ALLCAPS,4.99756673245644e-5,TRUE,38,Novel,Novel,38,25A,1,ref
38,SAMEA4977747,38,TRUE,38,38,25A_25F_38,8.5234026186231e-4,ALLCAPS,4.99756673245644e-5,TRUE,38,Novel,Novel,38,25A,1,ref
38,SAMEA4977897,38,TRUE,38,38,25A_25F_38,3.5889812776479e-4,ALLCAPS,4.99756673245644e-5,TRUE,38,Novel,Novel,38,25A,1,ref
38,SAMEA4978090,38,TRUE,38,38,25A_25F_38,3.5889812776479e-4,ALLCAPS,4.99756673245644e-5,TRUE,38,Novel,Novel,38,25A,1,ref
38,SAMEA5050617,38,TRUE,38,38,25A_25F_38,3.5889812776479e-4,ALLCAPS,4.99756673245644e-5,TRUE,38,Novel,Novel,38,25A,1,ref
38,SAMEA5050705,38,TRUE,38,38,25A_25F_38,0.00117451931481249,ALLCAPS,4.99756673245644e-5,TRUE,38,Novel,Novel,38,25A,1,ref
38,SAMEA5050952,38,TRUE,38,38,25A_25F_38,3.5889812776479e-4,ALLCAPS,4.99756673245644e-5,TRUE,38,Novel,Novel,38,25A,1,ref
38,SAMEA5051001,38,TRUE,38,38,25A_25F_38,3.5889812776479e-4,ALLCAPS,4.99756673245644e-5,TRUE,38,Novel,Novel,38,25A,1,ref
38,SAMEA5051064,38,TRUE,38,38,25A_25F_38,3.5889812776479e-4,ALLCAPS,4.99756673245644e-5,TRUE,38,Novel,Novel,38,25A,1,ref
38,SAMEA5051095,38,TRUE,38,38,25A_25F_38,3.5889812776479e-4,ALLCAPS,4.99756673245644e-5,TRUE,38,Novel,Novel,38,25A,1,ref
38,SAMEA5051116,38,TRUE,38,38,25A_25F_38,3.5889812776479e-4,ALLCAPS,4.99756673245644e-5,TRUE,38,Novel,Novel,38,25A,1,ref
38,SAMEA5051160,38,TRUE,38,38,25A_25F_38,7.7112610219098e-4,ALLCAPS,4.99756673245644e-5,TRUE,38,Novel,Novel,38,25A,1,ref
38,SAMEA5072555,38,TRUE,38,38,25A_25F_38,0.00471974710291522,ALLCAPS,4.99756673245644e-5,TRUE,38,Novel,Novel,38,25A,1,ref
38,SAMEA5072581,38,TRUE,38,38,25A_25F_38,2.881079651591e-4,ALLCAPS,4.99756673245644e-5,TRUE,38,Novel,Novel,38,25A,1,ref
38,SAMEA5072612,38,TRUE,38,38,25A_25F_38,7.22980372712678e-5,ALLCAPS,4.99756673245644e-5,TRUE,38,Novel,Novel,38,25A,1,ref
38,SAMEA5072803,38,TRUE,38,38,25A_25F_38,7.22980372712678e-5,ALLCAPS,4.99756673245644e-5,TRUE,38,Novel,Novel,38,25A,1,ref
38,SAMEA5072865,38,TRUE,38,38,25A_25F_38,1.9168107729483e-4,ALLCAPS,4.99756673245644e-5,TRUE,38,Novel,Novel,38,25A,1,ref
38,SAMEA5072868,38,TRUE,38,38,25A_25F_38,1.7398045016248e-4,ALLCAPS,4.99756673245644e-5,TRUE,38,Novel,Novel,38,25A,1,ref
38,SAMEA5073328,38,TRUE,38,38,25A_25F_38,6.5614943346048e-4,ALLCAPS,4.99756673245644e-5,TRUE,38,Novel,Novel,38,25A,1,ref
38,SAMEA5073382,38,TRUE,38,38,25A_25F_38,5.1167229553505e-4,ALLCAPS,4.99756673245644e-5,TRUE,38,Novel,Novel,38,25A,1,ref
38,SAMN09218490,38,TRUE,38,38,25A_25F_38,1.7398045016248e-4,ALLCAPS,4.99756673245644e-5,TRUE,38,Novel,Novel,38,25A,1,ref
38,SAMN09218534,38,TRUE,38,38,25A_25F_38,0.00108869125750532,ALLCAPS,4.99756673245644e-5,TRUE,38,Novel,Novel,38,25A,1,ref
38,SAMN09218549,38,TRUE,38,38,25A_25F_38,1.3375170884832e-4,ALLCAPS,4.99756673245644e-5,TRUE,38,Novel,Novel,38,25A,1,ref
38,SAMN09218552,38,TRUE,38,38,25A_25F_38,5.6791173178338e-4,ALLCAPS,4.99756673245644e-5,TRUE,38,Novel,Novel,38,25A,1,ref
38,SAMN09218572,38,TRUE,38,38,25A_25F_38,1.3375170884832e-4,ALLCAPS,4.99756673245644e-5,TRUE,38,Novel,Novel,38,25A,1,ref
38,SAMN09218692,38,TRUE,38,38,25A_25F_38,6.90081675541743e-5,ALLCAPS,4.99756673245644e-5,TRUE,38,Novel,Novel,38,25A,1,ref
38,SAMN09218702,38,TRUE,38,38,25A_25F_38,1.3375170884832e-4,ALLCAPS,4.99756673245644e-5,TRUE,38,Novel,Novel,38,25A,1,ref
38,SAMN09218730,38,TRUE,38,38,25A_25F_38,1.3375170884832e-4,ALLCAPS,4.99756673245644e-5,TRUE,38,Novel,Novel,38,25A,1,ref
38,SAMN09218764,38,TRUE,38,38,25A_25F_38,1.3375170884832e-4,ALLCAPS,4.99756673245644e-5,TRUE,38,Novel,Novel,38,25A,1,ref
38,SAMN09218872,38,TRUE,38,38,25A_25F_38,5.0465634418195e-4,ALLCAPS,4.99756673245644e-5,TRUE,38,Novel,Novel,38,25A,1,ref
38,SAMN09218882,38,TRUE,38,38,25A_25F_38,8.6338397133134e-4,ALLCAPS,4.99756673245644e-5,TRUE,38,Novel,Novel,38,25A,1,ref
38,SAMN09218899,38,TRUE,38,38,25A_25F_38,1.3375170884832e-4,ALLCAPS,4.99756673245644e-5,TRUE,38,Novel,Novel,38,25A,1,ref
38,SAMN09218921,38,TRUE,38,38,25A_25F_38,1.3375170884832e-4,ALLCAPS,4.99756673245644e-5,TRUE,38,Novel,Novel,38,25A,1,ref
38,SAMN09218927,38,TRUE,38,38,25A_25F_38,1.3375170884832e-4,ALLCAPS,4.99756673245644e-5,TRUE,38,Novel,Novel,38,25A,1,ref
38,SAMN09218930,38,TRUE,38,38,25A_25F_38,1.7398045016248e-4,ALLCAPS,4.99756673245644e-5,TRUE,38,Novel,Novel,38,25A,1,ref
38,SAMN09218937,38,TRUE,38,38,25A_25F_38,6.90081675541743e-5,ALLCAPS,4.99756673245644e-5,TRUE,38,Novel,Novel,38,25A,1,ref
38,SAMN09218949,38,TRUE,38,38,25A_25F_38,6.90081675541743e-5,ALLCAPS,4.99756673245644e-5,TRUE,38,Novel,Novel,38,25A,1,ref
38,SAMN09218954,38,TRUE,38,38,25A_25F_38,1.3375170884832e-4,ALLCAPS,4.99756673245644e-5,TRUE,38,Novel,Novel,38,25A,1,ref
38,SAMN09219009,38,TRUE,38,38,25A_25F_38,1.7398045016248e-4,ALLCAPS,4.99756673245644e-5,TRUE,38,Novel,Novel,38,25A,1,ref
38,SAMN09219019,38,TRUE,38,38,25A_25F_38,2.3342966608674e-4,ALLCAPS,4.99756673245644e-5,TRUE,38,Novel,Novel,38,25A,1,ref
38,SAMN09219049,38,TRUE,38,38,25A_25F_38,1.3375170884832e-4,ALLCAPS,4.99756673245644e-5,TRUE,38,Novel,Novel,38,25A,1,ref
38,SAMN09219052,38,TRUE,38,38,25A_25F_38,1.3375170884832e-4,ALLCAPS,4.99756673245644e-5,TRUE,38,Novel,Novel,38,25A,1,ref
38,SAMN20408696,38,TRUE,38,38,25A_25F_38,0.00263605405662203,ALLCAPS,4.99756673245644e-5,TRUE,38,Novel,Novel,38,25A,1,ref
38,SAMN20408905,38,TRUE,38,38,25A_25F_38,0.00161523181391343,ALLCAPS,4.99756673245644e-5,TRUE,38,Novel,Novel,38,25A,1,ref
38,SAMEA4024201,38,TRUE,38,38,25A_25F_38,1.5443184195851e-4,ALLCAPS,4.99756673245644e-5,TRUE,38,Novel,Novel,38,25A,1,ref
38,SAMEA4024213,38,TRUE,25A,25,25A_25F_38,1.809345895708e-4,ALLCAPS,4.60093985018006e-5,TRUE,38,Novel,Novel,38,25A,1,ref
38,SAMEA4024314,38,TRUE,38,38,25A_25F_38,2.9365836618022e-4,ALLCAPS,4.99756673245644e-5,TRUE,38,Novel,Novel,38,25A,1,ref
38,SAMEA4024455,38,TRUE,38,38,25A_25F_38,2.9365836618022e-4,ALLCAPS,4.99756673245644e-5,TRUE,38,Novel,Novel,38,25A,1,ref
38,SAMEA4024592,38,TRUE,38,38,25A_25F_38,1.7398045016248e-4,ALLCAPS,4.99756673245644e-5,TRUE,38,Novel,Novel,38,25A,1,ref
38,SAMEA4024593,38,TRUE,38,38,25A_25F_38,2.9365836618022e-4,ALLCAPS,4.99756673245644e-5,TRUE,38,Novel,Novel,38,25A,1,ref
38,SAMEA4024611,38,TRUE,38,38,25A_25F_38,1.3375170884832e-4,ALLCAPS,4.99756673245644e-5,TRUE,38,Novel,Novel,38,25A,1,ref
38,SAMEA4024618,38,TRUE,38,38,25A_25F_38,2.9365836618022e-4,ALLCAPS,4.99756673245644e-5,TRUE,38,Novel,Novel,38,25A,1,ref
38,SAMEA4024623,38,TRUE,38,38,25A_25F_38,2.9365836618022e-4,ALLCAPS,4.99756673245644e-5,TRUE,38,Novel,Novel,38,25A,1,ref
38,SAMEA4024696,38,TRUE,38,38,25A_25F_38,1.7398045016248e-4,ALLCAPS,4.99756673245644e-5,TRUE,38,Novel,Novel,38,25A,1,ref
38,SAMEA4024709,38,TRUE,38,38,25A_25F_38,1.7398045016248e-4,ALLCAPS,4.99756673245644e-5,TRUE,38,Novel,Novel,38,25A,1,ref
38,SAMEA4024711,38,TRUE,38,38,25A_25F_38,2.0055025675402e-4,ALLCAPS,4.99756673245644e-5,TRUE,38,Novel,Novel,38,25A,1,ref
38,SAMEA4024727,38,TRUE,38,38,25A_25F_38,5.0968883702229e-4,ALLCAPS,4.99756673245644e-5,TRUE,38,Novel,Novel,38,25A,1,ref
38,SAMEA4024733,38,TRUE,38,38,25A_25F_38,2.9365836618022e-4,ALLCAPS,4.99756673245644e-5,TRUE,38,Novel,Novel,38,25A,1,ref
38,SAMEA4024734,38,TRUE,38,38,25A_25F_38,1.3788869239195e-4,ALLCAPS,4.99756673245644e-5,TRUE,38,Novel,Novel,38,25A,1,ref
38,SAMEA4024765,38,TRUE,38,38,25A_25F_38,1.3910987728349e-4,ALLCAPS,4.99756673245644e-5,TRUE,38,Novel,Novel,38,25A,1,ref
38,SAMEA4024776,38,TRUE,38,38,25A_25F_38,2.3288895509443e-4,ALLCAPS,4.99756673245644e-5,TRUE,38,Novel,Novel,38,25A,1,ref
38,SAMEA6499619,38,TRUE,38,38,25A_25F_38,1.7398045016248e-4,ALLCAPS,4.99756673245644e-5,TRUE,38,Novel,Novel,38,25A,1,ref
38,SAMEA6499620,38,TRUE,38,38,25A_25F_38,7.5650447336639e-4,ALLCAPS,4.99756673245644e-5,TRUE,38,Novel,Novel,38,25A,1,ref
38,SAMEA6499726,38,TRUE,38,38,25A_25F_38,1.9773252207677e-4,ALLCAPS,4.99756673245644e-5,TRUE,38,Novel,Novel,38,25A,1,ref
38,SAMEA6499731,38,TRUE,38,38,25A_25F_38,0.00471974710291522,ALLCAPS,4.99756673245644e-5,TRUE,38,Novel,Novel,38,25A,1,ref
38,SAMEA6499867,38,TRUE,38,38,25A_25F_38,1.7398045016248e-4,ALLCAPS,4.99756673245644e-5,TRUE,38,Novel,Novel,38,25A,1,ref
38,SAMEA6500188,38,TRUE,38,38,25A_25F_38,5.1167229553505e-4,ALLCAPS,4.99756673245644e-5,TRUE,38,Novel,Novel,38,25A,1,ref
38,SAMEA6500206,38,TRUE,38,38,25A_25F_38,7.22980372712678e-5,ALLCAPS,4.99756673245644e-5,TRUE,38,Novel,Novel,38,25A,1,ref
38,SAMEA6500208,38,TRUE,38,38,25A_25F_38,0.00463574948533129,ALLCAPS,4.99756673245644e-5,TRUE,38,Novel,Novel,38,25A,1,ref
38,SAMEA6500391,38,TRUE,38,38,25A_25F_38,7.0167162962742e-4,ALLCAPS,4.99756673245644e-5,TRUE,38,Novel,Novel,38,25A,1,ref
38,SAMEA6500416,38,TRUE,38,38,25A_25F_38,7.22980372712678e-5,ALLCAPS,4.99756673245644e-5,TRUE,38,Novel,Novel,38,25A,1,ref
38,SAMEA6500417,38,TRUE,38,38,25A_25F_38,7.0167162962742e-4,ALLCAPS,4.99756673245644e-5,TRUE,38,Novel,Novel,38,25A,1,ref
38,SAMEA6500423,38,TRUE,38,38,25A_25F_38,5.088826448335e-4,ALLCAPS,4.99756673245644e-5,TRUE,38,Novel,Novel,38,25A,1,ref
38,SAMEA6500456,38,TRUE,38,38,25A_25F_38,7.5650447336639e-4,ALLCAPS,4.99756673245644e-5,TRUE,38,Novel,Novel,38,25A,1,ref
38,SAMEA6500481,38,TRUE,38,38,25A_25F_38,5.088826448335e-4,ALLCAPS,4.99756673245644e-5,TRUE,38,Novel,Novel,38,25A,1,ref
38,SAMEA6500484,38,TRUE,38,38,25A_25F_38,9.0783470925481e-4,ALLCAPS,4.99756673245644e-5,TRUE,38,Novel,Novel,38,25A,1,ref
38,SAMEA6500533,38,TRUE,38,38,25A_25F_38,0.00396769694878096,ALLCAPS,4.99756673245644e-5,TRUE,38,Novel,Novel,38,25A,1,ref
38,SAMEA6500603,38,TRUE,38,38,25A_25F_38,1.9623219208131e-4,ALLCAPS,4.99756673245644e-5,TRUE,38,Novel,Novel,38,25A,1,ref
38,SAMEA6500618,38,TRUE,38,38,25A_25F_38,7.22980372712678e-5,ALLCAPS,4.99756673245644e-5,TRUE,38,Novel,Novel,38,25A,1,ref
38,SAMEA6500638,38,TRUE,38,38,25A_25F_38,5.088826448335e-4,ALLCAPS,4.99756673245644e-5,TRUE,38,Novel,Novel,38,25A,1,ref
38,SAMEA6500663,38,TRUE,38,38,25A_25F_38,1.9644919929151e-4,ALLCAPS,4.99756673245644e-5,TRUE,38,Novel,Novel,38,25A,1,ref
38,SAMEA6500712,38,TRUE,38,38,25A_25F_38,5.088826448335e-4,ALLCAPS,4.99756673245644e-5,TRUE,38,Novel,Novel,38,25A,1,ref
38,SAMEA6500717,38,TRUE,38,38,25A_25F_38,1.7398045016248e-4,ALLCAPS,4.99756673245644e-5,TRUE,38,Novel,Novel,38,25A,1,ref
38,SAMEA6500754,38,TRUE,38,38,25A_25F_38,7.2128245972558e-4,ALLCAPS,4.99756673245644e-5,TRUE,38,Novel,Novel,38,25A,1,ref
38,SAMEA6500796,38,TRUE,38,38,25A_25F_38,0.00396769694878096,ALLCAPS,4.99756673245644e-5,TRUE,38,Novel,Novel,38,25A,1,ref
38,SAMEA8647341,38,TRUE,38,38,25A_25F_38,1.7398045016248e-4,ALLCAPS,4.99756673245644e-5,TRUE,38,Novel,Novel,38,25A,1,ref
38,SAMEA8647446,38,TRUE,38,38,25A_25F_38,3.5002507306802e-4,ALLCAPS,4.99756673245644e-5,TRUE,38,Novel,Novel,38,25A,1,ref
38,SAMEA9633305,38,TRUE,38,38,25A_25F_38,1.7398045016248e-4,ALLCAPS,4.99756673245644e-5,TRUE,38,Novel,Novel,38,25A,1,ref
38,SAMN02738178,38,TRUE,38,38,25A_25F_38,1.3375170884832e-4,ALLCAPS,4.99756673245644e-5,TRUE,38,Novel,Novel,38,25A,1,ref
38,SAMN02738199,38,TRUE,38,38,25A_25F_38,1.3375170884832e-4,ALLCAPS,4.99756673245644e-5,TRUE,38,Novel,Novel,38,25A,1,ref
38,SAMN03764951,38,TRUE,38,38,25A_25F_38,1.3375170884832e-4,ALLCAPS,4.99756673245644e-5,TRUE,38,Novel,Novel,38,25A,1,ref
38,SAMN03764952,38,TRUE,38,38,25A_25F_38,1.3375170884832e-4,ALLCAPS,4.99756673245644e-5,TRUE,38,Novel,Novel,38,25A,1,ref
38,SAMN03764953,38,TRUE,38,38,25A_25F_38,5.9754677775125e-4,ALLCAPS,4.99756673245644e-5,TRUE,38,Novel,Novel,38,25A,1,ref
38,SAMN03764954,38,TRUE,38,38,25A_25F_38,8.2105383208219e-4,ALLCAPS,4.99756673245644e-5,TRUE,38,Novel,Novel,38,25A,1,ref
38,SAMN03764955,38,TRUE,38,38,25A_25F_38,1.3375170884832e-4,ALLCAPS,4.99756673245644e-5,TRUE,38,Novel,Novel,38,25A,1,ref
38,SAMN03764956,38,TRUE,38,38,25A_25F_38,1.3375170884832e-4,ALLCAPS,4.99756673245644e-5,TRUE,38,Novel,Novel,38,25A,1,ref
38,SAMN03764957,38,TRUE,38,38,25A_25F_38,1.3375170884832e-4,ALLCAPS,4.99756673245644e-5,TRUE,38,Novel,Novel,38,25A,1,ref
38,SAMN03764958,38,TRUE,38,38,25A_25F_38,1.3375170884832e-4,ALLCAPS,4.99756673245644e-5,TRUE,38,Novel,Novel,38,25A,1,ref
38,SAMN04254687,38,TRUE,38,38,25A_25F_38,3.5889812776479e-4,ALLCAPS,4.99756673245644e-5,TRUE,38,Novel,Novel,38,25A,1,ref
38,SAMN05220900,38,TRUE,38,38,25A_25F_38,5.6791173178338e-4,ALLCAPS,4.99756673245644e-5,TRUE,38,Novel,Novel,38,25A,1,ref
38,SAMN05220963,38,TRUE,38,38,25A_25F_38,1.3375170884832e-4,ALLCAPS,4.99756673245644e-5,TRUE,38,Novel,Novel,38,25A,1,ref
38,SAMN05221124,38,TRUE,38,38,25A_25F_38,5.6518303590225e-4,ALLCAPS,4.99756673245644e-5,TRUE,38,Novel,Novel,38,25A,1,ref
38,SAMN05221360,38,TRUE,38,38,25A_25F_38,8.2105383208219e-4,ALLCAPS,4.99756673245644e-5,TRUE,38,Novel,Novel,38,25A,1,ref
38,SAMN05221361,38,TRUE,38,38,25A_25F_38,0.00179474603392248,ALLCAPS,4.99756673245644e-5,TRUE,38,Novel,Novel,38,25A,1,ref
38,SAMN14151085,38,TRUE,38,38,25A_25F_38,1.3375170884832e-4,ALLCAPS,4.99756673245644e-5,TRUE,38,Novel,Novel,38,25A,1,ref
38,SAMN05221387,38,TRUE,38,38,25A_25F_38,1.3375170884832e-4,ALLCAPS,4.99756673245644e-5,TRUE,38,Novel,Novel,38,25A,1,ref
38,SAMN05221423,38,TRUE,38,38,25A_25F_38,0.00140069395565844,ALLCAPS,4.99756673245644e-5,TRUE,38,Novel,Novel,38,25A,1,ref
38,SAMN05221485,38,TRUE,38,38,25A_25F_38,6.90081675541743e-5,ALLCAPS,4.99756673245644e-5,TRUE,38,Novel,Novel,38,25A,1,ref
38,SAMN05221524,38,TRUE,38,38,25A_25F_38,1.3375170884832e-4,ALLCAPS,4.99756673245644e-5,TRUE,38,Novel,Novel,38,25A,1,ref
38,SAMN05221892,38,TRUE,38,38,25A_25F_38,6.90081675541743e-5,ALLCAPS,4.99756673245644e-5,TRUE,38,Novel,Novel,38,25A,1,ref
38,SAMN05221896,38,TRUE,38,38,25A_25F_38,4.7750167206694e-4,ALLCAPS,4.99756673245644e-5,TRUE,38,Novel,Novel,38,25A,1,ref
38,SAMN05221909,38,TRUE,38,38,25A_25F_38,0.00174073272700781,ALLCAPS,4.99756673245644e-5,TRUE,38,Novel,Novel,38,25A,1,ref
38,SAMN05222142,38,TRUE,38,38,25A_25F_38,1.3375170884832e-4,ALLCAPS,4.99756673245644e-5,TRUE,38,Novel,Novel,38,25A,1,ref
38,SAMN05222215,38,TRUE,38,38,25A_25F_38,6.4648050081417e-4,ALLCAPS,4.99756673245644e-5,TRUE,38,Novel,Novel,38,25A,1,ref
38,SAMN05222378,38,TRUE,38,38,25A_25F_38,8.2105383208219e-4,ALLCAPS,4.99756673245644e-5,TRUE,38,Novel,Novel,38,25A,1,ref
38,SAMN05222528,38,TRUE,38,38,25A_25F_38,0.0104304167042045,ALLCAPS,4.99756673245644e-5,TRUE,38,Novel,Novel,38,25A,1,ref
38,SAMN05222781,38,TRUE,38,38,25A_25F_38,8.2105383208219e-4,ALLCAPS,4.99756673245644e-5,TRUE,38,Novel,Novel,38,25A,1,ref
38,SAMN05222900,38,TRUE,38,38,25A_25F_38,0.00175061483314453,ALLCAPS,4.99756673245644e-5,TRUE,38,Novel,Novel,38,25A,1,ref
38,SAMN05223056,38,TRUE,38,38,25A_25F_38,5.2411729256385e-4,ALLCAPS,4.99756673245644e-5,TRUE,38,Novel,Novel,38,25A,1,ref
38,SAMN05223165,38,TRUE,38,38,25A_25F_38,8.2105383208219e-4,ALLCAPS,4.99756673245644e-5,TRUE,38,Novel,Novel,38,25A,1,ref
38,SAMN05223208,38,TRUE,38,38,25A_25F_38,1.7398045016248e-4,ALLCAPS,4.99756673245644e-5,TRUE,38,Novel,Novel,38,25A,1,ref
38,SAMN05935853,38,TRUE,38,38,25A_25F_38,1.7398045016248e-4,ALLCAPS,4.99756673245644e-5,TRUE,38,Novel,Novel,38,25A,1,ref
38,SAMN05935873,38,TRUE,38,38,25A_25F_38,6.38553918895779e-5,ALLCAPS,4.99756673245644e-5,TRUE,38,Novel,Novel,38,25A,1,ref
38,SAMN05935926,38,TRUE,38,38,25A_25F_38,3.3603863019093e-4,ALLCAPS,4.99756673245644e-5,TRUE,38,Novel,Novel,38,25A,1,ref
38,SAMN08647322,38,TRUE,38,38,25A_25F_38,9.34576276081511e-5,ALLCAPS,4.99756673245644e-5,TRUE,38,Novel,Novel,38,25A,1,ref
38,SAMN08647380,38,TRUE,38,38,25A_25F_38,1.3375170884832e-4,ALLCAPS,4.99756673245644e-5,TRUE,38,Novel,Novel,38,25A,1,ref
38,SAMN09214294,38,TRUE,38,38,25A_25F_38,1.3375170884832e-4,ALLCAPS,4.99756673245644e-5,TRUE,38,Novel,Novel,38,25A,1,ref
38,SAMN09218468,38,TRUE,38,38,25A_25F_38,5.6791173178338e-4,ALLCAPS,4.99756673245644e-5,TRUE,38,Novel,Novel,38,25A,1,ref
38,SAMN14169099,38,TRUE,38,38,25A_25F_38,0.00100446433143641,ALLCAPS,4.99756673245644e-5,TRUE,38,Novel,Novel,38,25A,1,ref
38,SAMN14169334,38,TRUE,38,38,25A_25F_38,3.5889812776479e-4,ALLCAPS,4.99756673245644e-5,TRUE,38,Novel,Novel,38,25A,1,ref
38,SAMN15562456,38,TRUE,38,38,25A_25F_38,1.3375170884832e-4,ALLCAPS,4.99756673245644e-5,TRUE,38,Novel,Novel,38,25A,1,ref
38,SAMN15562524,38,TRUE,38,38,25A_25F_38,8.6338397133134e-4,ALLCAPS,4.99756673245644e-5,TRUE,38,Novel,Novel,38,25A,1,ref
38,SAMN15562711,38,TRUE,38,38,25A_25F_38,0.00186001264863178,ALLCAPS,4.99756673245644e-5,TRUE,38,Novel,Novel,38,25A,1,ref
38,SAMN15562840,38,TRUE,38,38,25A_25F_38,1.7398045016248e-4,ALLCAPS,4.99756673245644e-5,TRUE,38,Novel,Novel,38,25A,1,ref
38,SAMN20332143,38,TRUE,38,38,25A_25F_38,0.00415870916131866,ALLCAPS,4.99756673245644e-5,TRUE,38,Novel,Novel,38,25A,1,ref
38,SAMN20332177,38,TRUE,38,38,25A_25F_38,2.3743680693577e-4,ALLCAPS,4.99756673245644e-5,TRUE,38,Novel,Novel,38,25A,1,ref
38,SAMN20332248,38,TRUE,38,38,25A_25F_38,0.00100659608256614,ALLCAPS,4.99756673245644e-5,TRUE,38,Novel,Novel,38,25A,1,ref
38,SAMN20332393,38,TRUE,38,38,25A_25F_38,0.00161523181391343,ALLCAPS,4.99756673245644e-5,TRUE,38,Novel,Novel,38,25A,1,ref
38,SAMN20332690,38,TRUE,38,38,25A_25F_38,0.005393625834746,ALLCAPS,4.99756673245644e-5,TRUE,38,Novel,Novel,38,25A,1,ref
38,SAMN20332716,38,TRUE,38,38,25A_25F_38,0.00179289123754489,ALLCAPS,4.99756673245644e-5,TRUE,38,Novel,Novel,38,25A,1,ref
38,SAMN20397684,38,TRUE,38,38,25A_25F_38,0.00235696204160884,ALLCAPS,4.99756673245644e-5,TRUE,38,Novel,Novel,38,25A,1,ref
38,SAMN20397687,38,TRUE,38,38,25A_25F_38,1.3375170884832e-4,ALLCAPS,4.99756673245644e-5,TRUE,38,Novel,Novel,38,25A,1,ref
38,SAMN20397703,38,TRUE,38,38,25A_25F_38,1.7398045016248e-4,ALLCAPS,4.99756673245644e-5,TRUE,38,Novel,Novel,38,25A,1,ref
38,SAMN20397881,38,TRUE,38,38,25A_25F_38,0.00220547724564479,ALLCAPS,4.99756673245644e-5,TRUE,38,Novel,Novel,38,25A,1,ref
38,SAMN20398099,38,TRUE,38,38,25A_25F_38,3.4524975278349e-4,ALLCAPS,4.99756673245644e-5,TRUE,38,Novel,Novel,38,25A,1,ref
38,SAMN20398243,38,TRUE,38,38,25A_25F_38,0.00100446433143641,ALLCAPS,4.99756673245644e-5,TRUE,38,Novel,Novel,38,25A,1,ref
38,SAMN20398279,38,TRUE,38,38,25A_25F_38,4.2750486268638e-4,ALLCAPS,4.99756673245644e-5,TRUE,38,Novel,Novel,38,25A,1,ref
38,SAMN20398296,38,TRUE,38,38,25A_25F_38,3.5889812776479e-4,ALLCAPS,4.99756673245644e-5,TRUE,38,Novel,Novel,38,25A,1,ref
38,SAMN20398319,38,TRUE,38,38,25A_25F_38,0.0017924385710748,ALLCAPS,4.99756673245644e-5,TRUE,38,Novel,Novel,38,25A,1,ref
38,SAMN20408418,38,TRUE,38,38,25A_25F_38,2.3342966608674e-4,ALLCAPS,4.99756673245644e-5,TRUE,38,Novel,Novel,38,25A,1,ref
38,SAMN20408546,38,TRUE,38,38,25A_25F_38,0.00104131036291899,ALLCAPS,4.99756673245644e-5,TRUE,38,Novel,Novel,38,25A,1,ref
38,SAMN20408576,38,TRUE,38,38,25A_25F_38,3.5889812776479e-4,ALLCAPS,4.99756673245644e-5,TRUE,38,Novel,Novel,38,25A,1,ref
38,SAMN11117437,38,TRUE,38,38,25A_25F_38,1.3375170884832e-4,ALLCAPS,4.99756673245644e-5,TRUE,38,Novel,Novel,38,25A,1,ref
38,SAMN11120884,38,TRUE,38,38,25A_25F_38,0.00166465377724001,ALLCAPS,4.99756673245644e-5,TRUE,38,Novel,Novel,38,25A,1,ref
38,SAMN20408985,38,TRUE,38,38,25A_25F_38,6.90081675541743e-5,ALLCAPS,4.99756673245644e-5,TRUE,38,Novel,Novel,38,25A,1,ref
38,SAMN20409148,38,TRUE,38,38,25A_25F_38,2.3342966608674e-4,ALLCAPS,4.99756673245644e-5,TRUE,38,Novel,Novel,38,25A,1,ref
38,SAMN20409181,38,TRUE,38,38,25A_25F_38,1.3375170884832e-4,ALLCAPS,4.99756673245644e-5,TRUE,38,Novel,Novel,38,25A,1,ref
38,SAMN20409302,38,TRUE,38,38,25A_25F_38,1.3375170884832e-4,ALLCAPS,4.99756673245644e-5,TRUE,38,Novel,Novel,38,25A,1,ref
38,SAMN25118951,38,TRUE,38,38,25A_25F_38,1.7398045016248e-4,ALLCAPS,4.99756673245644e-5,TRUE,38,Novel,Novel,38,25A,1,ref
38,SAMN25118953,38,TRUE,38,38,25A_25F_38,0.00753217642149728,ALLCAPS,4.99756673245644e-5,TRUE,38,Novel,Novel,38,25A,1,ref
38,SAMN25118982,38,TRUE,38,38,25A_25F_38,1.7398045016248e-4,ALLCAPS,4.99756673245644e-5,TRUE,38,Novel,Novel,38,25A,1,ref
38,SAMN25119159,38,TRUE,38,38,25A_25F_38,1.7398045016248e-4,ALLCAPS,4.99756673245644e-5,TRUE,38,Novel,Novel,38,25A,1,ref
38,SAMN25119216,38,TRUE,38,38,25A_25F_38,0.00127066590082625,ALLCAPS,4.99756673245644e-5,TRUE,38,Novel,Novel,38,25A,1,ref
38,SAMN27737930,38,TRUE,38,38,25A_25F_38,0.00307988622974986,ALLCAPS,4.99756673245644e-5,TRUE,38,Novel,Novel,38,25A,1,ref
38,SAMN27737937,38,TRUE,38,38,25A_25F_38,0.00307988622974986,ALLCAPS,4.99756673245644e-5,TRUE,38,Novel,Novel,38,25A,1,ref
38,SAMN27738011,38,TRUE,38,38,25A_25F_38,0.00387660710384663,ALLCAPS,4.99756673245644e-5,TRUE,38,Novel,Novel,38,25A,1,ref
38,SAMN27738014,38,TRUE,38,38,25A_25F_38,5.6829148432424e-4,ALLCAPS,4.99756673245644e-5,TRUE,38,Novel,Novel,38,25A,1,ref
38,SAMN27738030,38,TRUE,38,38,25A_25F_38,0.00307988622974986,ALLCAPS,4.99756673245644e-5,TRUE,38,Novel,Novel,38,25A,1,ref
38,SAMN27738085,38,TRUE,38,38,25A_25F_38,8.5011548259383e-4,ALLCAPS,4.99756673245644e-5,TRUE,38,Novel,Novel,38,25A,1,ref
38,SAMN27738090,38,TRUE,38,38,25A_25F_38,9.4050975346982e-5,ALLCAPS,4.99756673245644e-5,TRUE,38,Novel,Novel,38,25A,1,ref
38,SAMN27738093,38,TRUE,38,38,25A_25F_38,9.4050975346982e-5,ALLCAPS,4.99756673245644e-5,TRUE,38,Novel,Novel,38,25A,1,ref
38,SAMN33606267,38,TRUE,38,38,25A_25F_38,5.3363713676102e-4,ALLCAPS,4.99756673245644e-5,TRUE,38,Novel,Novel,38,25A,1,ref
38,SAMEA4388165,38,TRUE,38,38,25A_25F_38,3.0396739717319e-4,ALLCAPS,4.99756673245644e-5,TRUE,38,Novel,Novel,38,25A,1,ref
38,SAMEA4561034,38,TRUE,38,38,25A_25F_38,7.22980372712678e-5,ALLCAPS,4.99756673245644e-5,TRUE,38,Novel,Novel,38,25A,1,ref
38,SAMEA4561038,38,TRUE,38,38,25A_25F_38,1.7398045016248e-4,ALLCAPS,4.99756673245644e-5,TRUE,38,Novel,Novel,38,25A,1,ref
38,SAMEA4561044,38,TRUE,38,38,25A_25F_38,7.22980372712678e-5,ALLCAPS,4.99756673245644e-5,TRUE,38,Novel,Novel,38,25A,1,ref
38,SAMEA4561053,38,TRUE,38,38,25A_25F_38,7.22980372712678e-5,ALLCAPS,4.99756673245644e-5,TRUE,38,Novel,Novel,38,25A,1,ref
38,SAMEA4561205,38,TRUE,38,38,25A_25F_38,7.22980372712678e-5,ALLCAPS,4.99756673245644e-5,TRUE,38,Novel,Novel,38,25A,1,ref
38,SAMN11116906,38,TRUE,38,38,25A_25F_38,0.00142976234254432,ALLCAPS,4.99756673245644e-5,TRUE,38,Novel,Novel,38,25A,1,ref
38,SAMN11117041,38,TRUE,38,38,25A_25F_38,0.00122494090971225,ALLCAPS,4.99756673245644e-5,TRUE,38,Novel,Novel,38,25A,1,ref
38,SAMN11117091,38,TRUE,38,38,25A_25F_38,1.7398045016248e-4,ALLCAPS,4.99756673245644e-5,TRUE,38,Novel,Novel,38,25A,1,ref
38,SAMN11117187,38,TRUE,38,38,25A_25F_38,1.3375170884832e-4,ALLCAPS,4.99756673245644e-5,TRUE,38,Novel,Novel,38,25A,1,ref
38,SAMN11117188,38,TRUE,38,38,25A_25F_38,0.00100659608256614,ALLCAPS,4.99756673245644e-5,TRUE,38,Novel,Novel,38,25A,1,ref
38,SAMN11117272,38,TRUE,38,38,25A_25F_38,0.00100659608256614,ALLCAPS,4.99756673245644e-5,TRUE,38,Novel,Novel,38,25A,1,ref
38,SAMN11117302,38,TRUE,38,38,25A_25F_38,1.3375170884832e-4,ALLCAPS,4.99756673245644e-5,TRUE,38,Novel,Novel,38,25A,1,ref
38,SAMN11117325,38,TRUE,38,38,25A_25F_38,0.00123837495660783,ALLCAPS,4.99756673245644e-5,TRUE,38,Novel,Novel,38,25A,1,ref
38,SAMN11117343,38,TRUE,38,38,25A_25F_38,1.3375170884832e-4,ALLCAPS,4.99756673245644e-5,TRUE,38,Novel,Novel,38,25A,1,ref
38,SAMN11117359,38,TRUE,38,38,25A_25F_38,0.00100659608256614,ALLCAPS,4.99756673245644e-5,TRUE,38,Novel,Novel,38,25A,1,ref
38,SAMN14157920,38,TRUE,38,38,25A_25F_38,4.2750486268638e-4,ALLCAPS,4.99756673245644e-5,TRUE,38,Novel,Novel,38,25A,1,ref
38,SAMN14158176,38,TRUE,38,38,25A_25F_38,0.00100659608256614,ALLCAPS,4.99756673245644e-5,TRUE,38,Novel,Novel,38,25A,1,ref
38,SAMN11120906,38,TRUE,38,38,25A_25F_38,1.3375170884832e-4,ALLCAPS,4.99756673245644e-5,TRUE,38,Novel,Novel,38,25A,1,ref
38,SAMN11120980,38,TRUE,38,38,25A_25F_38,0.00127066590082625,ALLCAPS,4.99756673245644e-5,TRUE,38,Novel,Novel,38,25A,1,ref
38,SAMN11121130,38,TRUE,38,38,25A_25F_38,4.2750486268638e-4,ALLCAPS,4.99756673245644e-5,TRUE,38,Novel,Novel,38,25A,1,ref
38,SAMN11121132,38,TRUE,38,38,25A_25F_38,1.3375170884832e-4,ALLCAPS,4.99756673245644e-5,TRUE,38,Novel,Novel,38,25A,1,ref
38,SAMEA4707873,38,TRUE,38,38,25A_25F_38,3.0847954820323e-4,ALLCAPS,4.99756673245644e-5,TRUE,38,Novel,Novel,38,25A,1,ref
38,SAMN11121221,38,TRUE,38,38,25A_25F_38,0.00155600275613709,ALLCAPS,4.99756673245644e-5,TRUE,38,Novel,Novel,38,25A,1,ref
38,SAMN11121261,38,TRUE,38,38,25A_25F_38,0.00161523181391343,ALLCAPS,4.99756673245644e-5,TRUE,38,Novel,Novel,38,25A,1,ref
38,SAMN11121300,38,TRUE,38,38,25A_25F_38,1.7398045016248e-4,ALLCAPS,4.99756673245644e-5,TRUE,38,Novel,Novel,38,25A,1,ref
38,SAMN11121457,38,TRUE,38,38,25A_25F_38,0.00100659608256614,ALLCAPS,4.99756673245644e-5,TRUE,38,Novel,Novel,38,25A,1,ref
38,SAMN11121537,38,TRUE,38,38,25A_25F_38,1.3375170884832e-4,ALLCAPS,4.99756673245644e-5,TRUE,38,Novel,Novel,38,25A,1,ref
38,SAMN11121583,38,TRUE,38,38,25A_25F_38,1.7398045016248e-4,ALLCAPS,4.99756673245644e-5,TRUE,38,Novel,Novel,38,25A,1,ref
38,SAMN11121594,38,TRUE,38,38,25A_25F_38,0.00161523181391343,ALLCAPS,4.99756673245644e-5,TRUE,38,Novel,Novel,38,25A,1,ref
38,SAMN11121636,38,TRUE,38,38,25A_25F_38,0.0017924385710748,ALLCAPS,4.99756673245644e-5,TRUE,38,Novel,Novel,38,25A,1,ref
38,SAMN11121638,38,TRUE,38,38,25A_25F_38,2.0673345046695e-4,ALLCAPS,4.99756673245644e-5,TRUE,38,Novel,Novel,38,25A,1,ref
38,SAMN11121745,38,TRUE,38,38,25A_25F_38,0.00136895500671463,ALLCAPS,4.99756673245644e-5,TRUE,38,Novel,Novel,38,25A,1,ref
38,SAMN11121787,38,TRUE,38,38,25A_25F_38,1.3375170884832e-4,ALLCAPS,4.99756673245644e-5,TRUE,38,Novel,Novel,38,25A,1,ref
38,SAMN11121800,38,TRUE,38,38,25A_25F_38,1.3375170884832e-4,ALLCAPS,4.99756673245644e-5,TRUE,38,Novel,Novel,38,25A,1,ref
38,SAMN11122291,38,TRUE,38,38,25A_25F_38,0.00100659608256614,ALLCAPS,4.99756673245644e-5,TRUE,38,Novel,Novel,38,25A,1,ref
38,SAMN11122326,38,TRUE,38,38,25A_25F_38,1.3375170884832e-4,ALLCAPS,4.99756673245644e-5,TRUE,38,Novel,Novel,38,25A,1,ref
38,SAMN11122392,38,TRUE,38,38,25A_25F_38,1.3375170884832e-4,ALLCAPS,4.99756673245644e-5,TRUE,38,Novel,Novel,38,25A,1,ref
38,SAMN11122468,38,TRUE,38,38,25A_25F_38,0.00136895500671463,ALLCAPS,4.99756673245644e-5,TRUE,38,Novel,Novel,38,25A,1,ref
38,SAMN11122876,38,TRUE,38,38,25A_25F_38,1.3375170884832e-4,ALLCAPS,4.99756673245644e-5,TRUE,38,Novel,Novel,38,25A,1,ref
38,SAMN11122882,38,TRUE,38,38,25A_25F_38,4.2750486268638e-4,ALLCAPS,4.99756673245644e-5,TRUE,38,Novel,Novel,38,25A,1,ref
38,SAMN11122902,38,TRUE,38,38,25A_25F_38,1.3375170884832e-4,ALLCAPS,4.99756673245644e-5,TRUE,38,Novel,Novel,38,25A,1,ref
38,SAMN11122906,38,TRUE,38,38,25A_25F_38,1.3375170884832e-4,ALLCAPS,4.99756673245644e-5,TRUE,38,Novel,Novel,38,25A,1,ref
38,SAMN11122978,38,TRUE,38,38,25A_25F_38,1.3375170884832e-4,ALLCAPS,4.99756673245644e-5,TRUE,38,Novel,Novel,38,25A,1,ref
38,SAMN14150595,38,TRUE,38,38,25A_25F_38,6.90081675541743e-5,ALLCAPS,4.99756673245644e-5,TRUE,38,Novel,Novel,38,25A,1,ref
38,SAMN14151047,38,TRUE,38,38,25A_25F_38,0.00100446433143641,ALLCAPS,4.99756673245644e-5,TRUE,38,Novel,Novel,38,25A,1,ref
38,SAMEA4926161,38,TRUE,38,38,25A_25F_38,0.00136066690987268,ALLCAPS,4.99756673245644e-5,TRUE,38,Novel,Novel,38,25A,1,ref
38,SAMN14151099,38,TRUE,38,38,25A_25F_38,1.3375170884832e-4,ALLCAPS,4.99756673245644e-5,TRUE,38,Novel,Novel,38,25A,1,ref
38,SAMN14151122,38,TRUE,38,38,25A_25F_38,1.3375170884832e-4,ALLCAPS,4.99756673245644e-5,TRUE,38,Novel,Novel,38,25A,1,ref
38,SAMN14151141,38,TRUE,38,38,25A_25F_38,1.3375170884832e-4,ALLCAPS,4.99756673245644e-5,TRUE,38,Novel,Novel,38,25A,1,ref
38,SAMN14151209,38,TRUE,38,38,25A_25F_38,1.5736283007505e-4,ALLCAPS,4.99756673245644e-5,TRUE,38,Novel,Novel,38,25A,1,ref
38,SAMN14151294,38,TRUE,38,38,25A_25F_38,0.00100446433143641,ALLCAPS,4.99756673245644e-5,TRUE,38,Novel,Novel,38,25A,1,ref
38,SAMN14151296,38,TRUE,38,38,25A_25F_38,0.0017924385710748,ALLCAPS,4.99756673245644e-5,TRUE,38,Novel,Novel,38,25A,1,ref
38,SAMN14151301,38,TRUE,38,38,25A_25F_38,0.00161523181391343,ALLCAPS,4.99756673245644e-5,TRUE,38,Novel,Novel,38,25A,1,ref
38,SAMN14157821,38,TRUE,38,38,25A_25F_38,1.3375170884832e-4,ALLCAPS,4.99756673245644e-5,TRUE,38,Novel,Novel,38,25A,1,ref
38,SAMN14157918,38,TRUE,38,38,25A_25F_38,1.3375170884832e-4,ALLCAPS,4.99756673245644e-5,TRUE,38,Novel,Novel,38,25A,1,ref
38,SAMN38501044,38,TRUE,38,38,25A_25F_38,1.8137676190477e-4,ALLCAPS,4.99756673245644e-5,TRUE,38,Novel,Novel,38,25A,1,ref
38,SAMN38909842,38,TRUE,38,38,25A_25F_38,0.00307988622974986,ALLCAPS,4.99756673245644e-5,TRUE,38,Novel,Novel,38,25A,1,ref
38,SAMN14158301,38,TRUE,38,38,25A_25F_38,3.5889812776479e-4,ALLCAPS,4.99756673245644e-5,TRUE,38,Novel,Novel,38,25A,1,ref
38,SAMN14158547,38,TRUE,38,38,25A_25F_38,1.3375170884832e-4,ALLCAPS,4.99756673245644e-5,TRUE,38,Novel,Novel,38,25A,1,ref
38,SAMN14158608,38,TRUE,38,38,25A_25F_38,0.00161523181391343,ALLCAPS,4.99756673245644e-5,TRUE,38,Novel,Novel,38,25A,1,ref
38,SAMN14158658,38,TRUE,38,38,25A_25F_38,2.3342966608674e-4,ALLCAPS,4.99756673245644e-5,TRUE,38,Novel,Novel,38,25A,1,ref
38,SAMN14158709,38,TRUE,38,38,25A_25F_38,1.3375170884832e-4,ALLCAPS,4.99756673245644e-5,TRUE,38,Novel,Novel,38,25A,1,ref
38,SAMN14168659,38,TRUE,38,38,25A_25F_38,4.3854698434941e-4,ALLCAPS,4.99756673245644e-5,TRUE,38,Novel,Novel,38,25A,1,ref
38,SAMN14168687,38,TRUE,38,38,25A_25F_38,1.3375170884832e-4,ALLCAPS,4.99756673245644e-5,TRUE,38,Novel,Novel,38,25A,1,ref
38,SAMN14168698,38,TRUE,38,38,25A_25F_38,1.3375170884832e-4,ALLCAPS,4.99756673245644e-5,TRUE,38,Novel,Novel,38,25A,1,ref
38,SAMN14168725,38,TRUE,38,38,25A_25F_38,1.7398045016248e-4,ALLCAPS,4.99756673245644e-5,TRUE,38,Novel,Novel,38,25A,1,ref
38,SAMN14168728,38,TRUE,38,38,25A_25F_38,1.3375170884832e-4,ALLCAPS,4.99756673245644e-5,TRUE,38,Novel,Novel,38,25A,1,ref
38,SAMN14168777,38,TRUE,38,38,25A_25F_38,1.7398045016248e-4,ALLCAPS,4.99756673245644e-5,TRUE,38,Novel,Novel,38,25A,1,ref
38,SAMN14168836,38,TRUE,38,38,25A_25F_38,6.90081675541743e-5,ALLCAPS,4.99756673245644e-5,TRUE,38,Novel,Novel,38,25A,1,ref
38,SAMN14168879,38,TRUE,38,38,25A_25F_38,1.7398045016248e-4,ALLCAPS,4.99756673245644e-5,TRUE,38,Novel,Novel,38,25A,1,ref
38,SAMN14168978,38,TRUE,38,38,25A_25F_38,0.00263605405662203,ALLCAPS,4.99756673245644e-5,TRUE,38,Novel,Novel,38,25A,1,ref
38,SAMN14169007,38,TRUE,38,38,25A_25F_38,1.7398045016248e-4,ALLCAPS,4.99756673245644e-5,TRUE,38,Novel,Novel,38,25A,1,ref
38,SAMEA4928553,38,TRUE,38,38,25A_25F_38,7.22980372712678e-5,ALLCAPS,4.99756673245644e-5,TRUE,38,Novel,Novel,38,25A,1,ref
38,SAMEA4928575,38,TRUE,38,38,25A_25F_38,1.7398045016248e-4,ALLCAPS,4.99756673245644e-5,TRUE,38,Novel,Novel,38,25A,1,ref
38,SAMEA4928807,38,TRUE,38,38,25A_25F_38,2.7415561325205e-4,ALLCAPS,4.99756673245644e-5,TRUE,38,Novel,Novel,38,25A,1,ref
38,SAMEA4022408,38,TRUE,38,38,25A_25F_38,3.6376291840212e-4,ALLCAPS,4.99756673245644e-5,TRUE,38,Novel,Novel,38,25A,1,ref
38,SAMEA4022693,38,TRUE,38,38,25A_25F_38,2.9681199260045e-4,ALLCAPS,4.99756673245644e-5,TRUE,38,Novel,Novel,38,25A,1,ref
38,SAMEA4022772,38,TRUE,38,38,25A_25F_38,2.9365836618022e-4,ALLCAPS,4.99756673245644e-5,TRUE,38,Novel,Novel,38,25A,1,ref
38,SAMEA4022830,38,TRUE,38,38,25A_25F_38,2.3288895509443e-4,ALLCAPS,4.99756673245644e-5,TRUE,38,Novel,Novel,38,25A,1,ref
38,SAMEA4022839,38,TRUE,38,38,25A_25F_38,1.7398045016248e-4,ALLCAPS,4.99756673245644e-5,TRUE,38,Novel,Novel,38,25A,1,ref
38,SAMEA4022922,38,TRUE,38,38,25A_25F_38,2.9365836618022e-4,ALLCAPS,4.99756673245644e-5,TRUE,38,Novel,Novel,38,25A,1,ref
38,SAMEA4022928,38,TRUE,38,38,25A_25F_38,1.3788869239195e-4,ALLCAPS,4.99756673245644e-5,TRUE,38,Novel,Novel,38,25A,1,ref
38,SAMEA4022933,38,TRUE,38,38,25A_25F_38,1.3788869239195e-4,ALLCAPS,4.99756673245644e-5,TRUE,38,Novel,Novel,38,25A,1,ref
38,SAMEA4022935,38,TRUE,38,38,25A_25F_38,1.3788869239195e-4,ALLCAPS,4.99756673245644e-5,TRUE,38,Novel,Novel,38,25A,1,ref
38,SAMEA4022936,38,TRUE,38,38,25A_25F_38,1.3788869239195e-4,ALLCAPS,4.99756673245644e-5,TRUE,38,Novel,Novel,38,25A,1,ref
38,SAMEA4022995,38,TRUE,25A,25,25A_25F_38,1.9469601077171e-4,ALLCAPS,4.60093985018006e-5,TRUE,38,Novel,Novel,38,25A,1,ref
38,SAMEA4023002,38,TRUE,38,38,25A_25F_38,9.1121781339198e-4,ALLCAPS,4.99756673245644e-5,TRUE,38,Novel,Novel,38,25A,1,ref
38,SAMEA4023069,38,TRUE,38,38,25A_25F_38,9.1121781339198e-4,ALLCAPS,4.99756673245644e-5,TRUE,38,Novel,Novel,38,25A,1,ref
38,SAMEA4023078,38,TRUE,38,38,25A_25F_38,9.1121781339198e-4,ALLCAPS,4.99756673245644e-5,TRUE,38,Novel,Novel,38,25A,1,ref
38,SAMEA4926790,38,TRUE,38,38,25A_25F_38,7.0167162962742e-4,ALLCAPS,4.99756673245644e-5,TRUE,38,Novel,Novel,38,25A,1,ref
38,SAMEA4926868,38,TRUE,38,38,25A_25F_38,5.1167229553505e-4,ALLCAPS,4.99756673245644e-5,TRUE,38,Novel,Novel,38,25A,1,ref
38,SAMN41750560,38,TRUE,38,38,25A_25F_38,1.3375170884832e-4,ALLCAPS,4.99756673245644e-5,TRUE,38,Novel,Novel,38,25A,1,ref
38,SAMN41750849,38,TRUE,38,38,25A_25F_38,0.00161523181391343,ALLCAPS,4.99756673245644e-5,TRUE,38,Novel,Novel,38,25A,1,ref
38,SAMN41750917,38,TRUE,38,38,25A_25F_38,1.3375170884832e-4,ALLCAPS,4.99756673245644e-5,TRUE,38,Novel,Novel,38,25A,1,ref
38,SAMN41750941,38,TRUE,38,38,25A_25F_38,0.00161523181391343,ALLCAPS,4.99756673245644e-5,TRUE,38,Novel,Novel,38,25A,1,ref
38,SAMN41751170,38,TRUE,38,38,25A_25F_38,0.00161523181391343,ALLCAPS,4.99756673245644e-5,TRUE,38,Novel,Novel,38,25A,1,ref
38,SAMN41751366,38,TRUE,38,38,25A_25F_38,5.0979131140072e-4,ALLCAPS,4.99756673245644e-5,TRUE,38,Novel,Novel,38,25A,1,ref
38,SAMN41751501,38,TRUE,38,38,25A_25F_38,2.3342966608674e-4,ALLCAPS,4.99756673245644e-5,TRUE,38,Novel,Novel,38,25A,1,ref
38,SAMN41760086,38,TRUE,38,38,25A_25F_38,2.6702776360632e-4,ALLCAPS,4.99756673245644e-5,TRUE,38,Novel,Novel,38,25A,1,ref
38,SAMN41760121,38,TRUE,38,38,25A_25F_38,1.7398045016248e-4,ALLCAPS,4.99756673245644e-5,TRUE,38,Novel,Novel,38,25A,1,ref
38,SAMN41760466,38,TRUE,38,38,25A_25F_38,0.0017924385710748,ALLCAPS,4.99756673245644e-5,TRUE,38,Novel,Novel,38,25A,1,ref
38,SAMN41760727,38,TRUE,38,38,25A_25F_38,1.3375170884832e-4,ALLCAPS,4.99756673245644e-5,TRUE,38,Novel,Novel,38,25A,1,ref
38,SAMN41760776,38,TRUE,38,38,25A_25F_38,1.3375170884832e-4,ALLCAPS,4.99756673245644e-5,TRUE,38,Novel,Novel,38,25A,1,ref
38,SAMN41761682,38,TRUE,38,38,25A_25F_38,1.3375170884832e-4,ALLCAPS,4.99756673245644e-5,TRUE,38,Novel,Novel,38,25A,1,ref
38,SAMN41765227,38,TRUE,38,38,25A_25F_38,1.7398045016248e-4,ALLCAPS,4.99756673245644e-5,TRUE,38,Novel,Novel,38,25A,1,ref
38,SAMN41765383,38,TRUE,38,38,25A_25F_38,1.3375170884832e-4,ALLCAPS,4.99756673245644e-5,TRUE,38,Novel,Novel,38,25A,1,ref
38,SAMN41768486,38,TRUE,38,38,25A_25F_38,0.0017924385710748,ALLCAPS,4.99756673245644e-5,TRUE,38,Novel,Novel,38,25A,1,ref
38,SAMN41768571,38,TRUE,38,38,25A_25F_38,0.00116233316815439,ALLCAPS,4.99756673245644e-5,TRUE,38,Novel,Novel,38,25A,1,ref
38,SAMN41790557,38,TRUE,38,38,25A_25F_38,1.3375170884832e-4,ALLCAPS,4.99756673245644e-5,TRUE,38,Novel,Novel,38,25A,1,ref
38,SAMN41790562,38,TRUE,38,38,25A_25F_38,1.3375170884832e-4,ALLCAPS,4.99756673245644e-5,TRUE,38,Novel,Novel,38,25A,1,ref
38,SAMN41790591,38,TRUE,38,38,25A_25F_38,1.3375170884832e-4,ALLCAPS,4.99756673245644e-5,TRUE,38,Novel,Novel,38,25A,1,ref
38,SAMN33606515,38,TRUE,38,38,25A_25F_38,1.7398045016248e-4,ALLCAPS,4.99756673245644e-5,TRUE,38,Novel,Novel,38,25A,1,ref
38,SAMN33606516,38,TRUE,38,38,25A_25F_38,1.7398045016248e-4,ALLCAPS,4.99756673245644e-5,TRUE,38,Novel,Novel,38,25A,1,ref
38,SAMN33606517,38,TRUE,38,38,25A_25F_38,1.7398045016248e-4,ALLCAPS,4.99756673245644e-5,TRUE,38,Novel,Novel,38,25A,1,ref
38,SAMN33606520,38,TRUE,38,38,25A_25F_38,8.1865666932146e-4,ALLCAPS,4.99756673245644e-5,TRUE,38,Novel,Novel,38,25A,1,ref
38,SAMN33606609,38,TRUE,38,38,25A_25F_38,1.7398045016248e-4,ALLCAPS,4.99756673245644e-5,TRUE,38,Novel,Novel,38,25A,1,ref
38,SAMN33606610,38,TRUE,38,38,25A_25F_38,1.7398045016248e-4,ALLCAPS,4.99756673245644e-5,TRUE,38,Novel,Novel,38,25A,1,ref
38,SAMN33606611,38,TRUE,38,38,25A_25F_38,1.7398045016248e-4,ALLCAPS,4.99756673245644e-5,TRUE,38,Novel,Novel,38,25A,1,ref
38,SAMN33607004,38,TRUE,38,38,25A_25F_38,1.7398045016248e-4,ALLCAPS,4.99756673245644e-5,TRUE,38,Novel,Novel,38,25A,1,ref
38,SAMN33607071,38,TRUE,38,38,25A_25F_38,4.3425273824049e-4,ALLCAPS,4.99756673245644e-5,TRUE,38,Novel,Novel,38,25A,1,ref
38,SAMN33607072,38,TRUE,38,38,25A_25F_38,2.881079651591e-4,ALLCAPS,4.99756673245644e-5,TRUE,38,Novel,Novel,38,25A,1,ref
38,SAMN33607181,38,TRUE,38,38,25A_25F_38,2.5438570345859e-4,ALLCAPS,4.99756673245644e-5,TRUE,38,Novel,Novel,38,25A,1,ref
38,SAMN33607221,38,TRUE,38,38,25A_25F_38,1.7398045016248e-4,ALLCAPS,4.99756673245644e-5,TRUE,38,Novel,Novel,38,25A,1,ref
38,SAMN33607225,38,TRUE,38,38,25A_25F_38,1.7398045016248e-4,ALLCAPS,4.99756673245644e-5,TRUE,38,Novel,Novel,38,25A,1,ref
38,SAMN33825235,38,TRUE,38,38,25A_25F_38,8.1865666932146e-4,ALLCAPS,4.99756673245644e-5,TRUE,38,Novel,Novel,38,25A,1,ref
38,SAMN33825263,38,TRUE,38,38,25A_25F_38,5.8804343049223e-4,ALLCAPS,4.99756673245644e-5,TRUE,38,Novel,Novel,38,25A,1,ref
38,SAMN34146007,38,TRUE,38,38,25A_25F_38,1.7398045016248e-4,ALLCAPS,4.99756673245644e-5,TRUE,38,Novel,Novel,38,25A,1,ref
38,SAMN34146008,38,TRUE,38,38,25A_25F_38,4.3131431972853e-4,ALLCAPS,4.99756673245644e-5,TRUE,38,Novel,Novel,38,25A,1,ref
38,SAMN34146009,38,TRUE,38,38,25A_25F_38,1.7398045016248e-4,ALLCAPS,4.99756673245644e-5,TRUE,38,Novel,Novel,38,25A,1,ref
38,SAMEA4649450,38,TRUE,38,38,25A_25F_38,1.7398045016248e-4,ALLCAPS,4.99756673245644e-5,TRUE,38,Novel,Novel,38,25A,1,ref
38,SAMEA4927059,38,TRUE,38,38,25A_25F_38,0.00396769694878096,ALLCAPS,4.99756673245644e-5,TRUE,38,Novel,Novel,38,25A,1,ref
38,SAMEA4927238,38,TRUE,38,38,25A_25F_38,5.1167229553505e-4,ALLCAPS,4.99756673245644e-5,TRUE,38,Novel,Novel,38,25A,1,ref
38,SAMEA4927286,38,TRUE,38,38,25A_25F_38,0.00463574948533129,ALLCAPS,4.99756673245644e-5,TRUE,38,Novel,Novel,38,25A,1,ref
38,SAMEA4927331,38,TRUE,38,38,25A_25F_38,1.9168107729483e-4,ALLCAPS,4.99756673245644e-5,TRUE,38,Novel,Novel,38,25A,1,ref
38,SAMEA4927371,38,TRUE,38,38,25A_25F_38,1.7398045016248e-4,ALLCAPS,4.99756673245644e-5,TRUE,38,Novel,Novel,38,25A,1,ref
38,SAMEA4927380,38,TRUE,38,38,25A_25F_38,0.00463574948533129,ALLCAPS,4.99756673245644e-5,TRUE,38,Novel,Novel,38,25A,1,ref
38,SAMEA4927594,38,TRUE,38,38,25A_25F_38,7.5650447336639e-4,ALLCAPS,4.99756673245644e-5,TRUE,38,Novel,Novel,38,25A,1,ref
38,SAMEA4927601,38,TRUE,38,38,25A_25F_38,1.7398045016248e-4,ALLCAPS,4.99756673245644e-5,TRUE,38,Novel,Novel,38,25A,1,ref
38,SAMEA4927906,38,TRUE,38,38,25A_25F_38,1.9168107729483e-4,ALLCAPS,4.99756673245644e-5,TRUE,38,Novel,Novel,38,25A,1,ref
38,SAMEA4928079,38,TRUE,38,38,25A_25F_38,1.7398045016248e-4,ALLCAPS,4.99756673245644e-5,TRUE,38,Novel,Novel,38,25A,1,ref
38,SAMEA4928094,38,TRUE,38,38,25A_25F_38,1.9168107729483e-4,ALLCAPS,4.99756673245644e-5,TRUE,38,Novel,Novel,38,25A,1,ref
38,SAMEA4928112,38,TRUE,38,38,25A_25F_38,1.9168107729483e-4,ALLCAPS,4.99756673245644e-5,TRUE,38,Novel,Novel,38,25A,1,ref
38,SAMEA4928147,38,TRUE,38,38,25A_25F_38,1.7398045016248e-4,ALLCAPS,4.99756673245644e-5,TRUE,38,Novel,Novel,38,25A,1,ref
38,SAMEA4928304,38,TRUE,38,38,25A_25F_38,7.5650447336639e-4,ALLCAPS,4.99756673245644e-5,TRUE,38,Novel,Novel,38,25A,1,ref
38,SAMEA4928362,38,TRUE,38,38,25A_25F_38,1.7398045016248e-4,ALLCAPS,4.99756673245644e-5,TRUE,38,Novel,Novel,38,25A,1,ref
38,SAMEA4733026,38,TRUE,38,38,25A_25F_38,1.3375170884832e-4,ALLCAPS,4.99756673245644e-5,TRUE,38,Novel,Novel,38,25A,1,ref
38,SAMEA4763753,38,TRUE,38,38,25A_25F_38,3.5889812776479e-4,ALLCAPS,4.99756673245644e-5,TRUE,38,Novel,Novel,38,25A,1,ref
38,SAMEA4763805,38,TRUE,38,38,25A_25F_38,3.5889812776479e-4,ALLCAPS,4.99756673245644e-5,TRUE,38,Novel,Novel,38,25A,1,ref
38,SAMN41790667,38,TRUE,38,38,25A_25F_38,0.00100446433143641,ALLCAPS,4.99756673245644e-5,TRUE,38,Novel,Novel,38,25A,1,ref
38,SAMN41790785,38,TRUE,38,38,25A_25F_38,1.3375170884832e-4,ALLCAPS,4.99756673245644e-5,TRUE,38,Novel,Novel,38,25A,1,ref
38,SAMN42206703,38,TRUE,38,38,25A_25F_38,1.3375170884832e-4,ALLCAPS,4.99756673245644e-5,TRUE,38,Novel,Novel,38,25A,1,ref
38,SAMN42206795,38,TRUE,38,38,25A_25F_38,0.00497037499042196,ALLCAPS,4.99756673245644e-5,TRUE,38,Novel,Novel,38,25A,1,ref
38,SAMN42206850,38,TRUE,38,38,25A_25F_38,2.2798455286732e-4,ALLCAPS,4.99756673245644e-5,TRUE,38,Novel,Novel,38,25A,1,ref
38,SAMN42206912,38,TRUE,38,38,25A_25F_38,1.3375170884832e-4,ALLCAPS,4.99756673245644e-5,TRUE,38,Novel,Novel,38,25A,1,ref
38,SAMEA4873879,38,TRUE,38,38,25A_25F_38,7.5650447336639e-4,ALLCAPS,4.99756673245644e-5,TRUE,38,Novel,Novel,38,25A,1,ref
38,SAMEA4873957,38,TRUE,38,38,25A_25F_38,2.881079651591e-4,ALLCAPS,4.99756673245644e-5,TRUE,38,Novel,Novel,38,25A,1,ref
38,SAMEA4929260,38,TRUE,38,38,25A_25F_38,7.22980372712678e-5,ALLCAPS,4.99756673245644e-5,TRUE,38,Novel,Novel,38,25A,1,ref
38,SAMEA4926337,38,TRUE,38,38,25A_25F_38,1.7398045016248e-4,ALLCAPS,4.99756673245644e-5,TRUE,38,Novel,Novel,38,25A,1,ref
38,SAMEA4926415,38,TRUE,38,38,25A_25F_38,5.088826448335e-4,ALLCAPS,4.99756673245644e-5,TRUE,38,Novel,Novel,38,25A,1,ref
38,SAMEA4926466,38,TRUE,38,38,25A_25F_38,7.22980372712678e-5,ALLCAPS,4.99756673245644e-5,TRUE,38,Novel,Novel,38,25A,1,ref
38,SAMEA4926690,38,TRUE,38,38,25A_25F_38,7.22980372712678e-5,ALLCAPS,4.99756673245644e-5,TRUE,38,Novel,Novel,38,25A,1,ref
38,SAMEA4732984,38,TRUE,38,38,25A_25F_38,1.6618723392058e-4,ALLCAPS,4.99756673245644e-5,TRUE,38,Novel,Novel,38,25A,1,ref
38,SAMEA4733006,38,TRUE,38,38,25A_25F_38,3.5889812776479e-4,ALLCAPS,4.99756673245644e-5,TRUE,38,Novel,Novel,38,25A,1,ref
38,SAMEA4649554,38,TRUE,38,38,25A_25F_38,1.9168107729483e-4,ALLCAPS,4.99756673245644e-5,TRUE,38,Novel,Novel,38,25A,1,ref
38,SAMEA4649567,38,TRUE,38,38,25A_25F_38,7.22980372712678e-5,ALLCAPS,4.99756673245644e-5,TRUE,38,Novel,Novel,38,25A,1,ref
38,SAMEA4649671,38,TRUE,38,38,25A_25F_38,0.00471974710291522,ALLCAPS,4.99756673245644e-5,TRUE,38,Novel,Novel,38,25A,1,ref
38,SAMEA4650044,38,TRUE,38,38,25A_25F_38,1.9168107729483e-4,ALLCAPS,4.99756673245644e-5,TRUE,38,Novel,Novel,38,25A,1,ref
38,SAMEA4650112,38,TRUE,38,38,25A_25F_38,2.881079651591e-4,ALLCAPS,4.99756673245644e-5,TRUE,38,Novel,Novel,38,25A,1,ref
38,SAMEA4650153,38,TRUE,38,38,25A_25F_38,7.22980372712678e-5,ALLCAPS,4.99756673245644e-5,TRUE,38,Novel,Novel,38,25A,1,ref
38,SAMEA4831172,38,TRUE,38,38,25A_25F_38,3.5889812776479e-4,ALLCAPS,4.99756673245644e-5,TRUE,38,Novel,Novel,38,25A,1,ref
38,SAMEA4732242,38,TRUE,38,38,25A_25F_38,3.5889812776479e-4,ALLCAPS,4.99756673245644e-5,TRUE,38,Novel,Novel,38,25A,1,ref
38,SAMEA4732699,38,TRUE,38,38,25A_25F_38,3.5889812776479e-4,ALLCAPS,4.99756673245644e-5,TRUE,38,Novel,Novel,38,25A,1,ref
38,SAMEA4732743,38,TRUE,38,38,25A_25F_38,3.5889812776479e-4,ALLCAPS,4.99756673245644e-5,TRUE,38,Novel,Novel,38,25A,1,ref
38,SAMEA4928984,38,TRUE,38,38,25A_25F_38,7.5650447336639e-4,ALLCAPS,4.99756673245644e-5,TRUE,38,Novel,Novel,38,25A,1,ref
38,SAMEA4929088,38,TRUE,38,38,25A_25F_38,7.5650447336639e-4,ALLCAPS,4.99756673245644e-5,TRUE,38,Novel,Novel,38,25A,1,ref
38,SAMEA4733007,38,TRUE,38,38,25A_25F_38,1.6618723392058e-4,ALLCAPS,4.99756673245644e-5,TRUE,38,Novel,Novel,38,25A,1,ref
38,SAMEA4733010,38,TRUE,38,38,25A_25F_38,1.6618723392058e-4,ALLCAPS,4.99756673245644e-5,TRUE,38,Novel,Novel,38,25A,1,ref
38,SAMEA4733011,38,TRUE,38,38,25A_25F_38,0.00878366092951299,ALLCAPS,4.99756673245644e-5,TRUE,38,Novel,Novel,38,25A,1,ref
38,SAMEA4929395,38,TRUE,38,38,25A_25F_38,0.00396769694878096,ALLCAPS,4.99756673245644e-5,TRUE,38,Novel,Novel,38,25A,1,ref
38,SAMEA4929291,38,TRUE,38,38,25A_25F_38,7.0167162962742e-4,ALLCAPS,4.99756673245644e-5,TRUE,38,Novel,Novel,38,25A,1,ref
38,SAMEA4929332,38,TRUE,38,38,25A_25F_38,1.7398045016248e-4,ALLCAPS,4.99756673245644e-5,TRUE,38,Novel,Novel,38,25A,1,ref
38,SAMEA4929369,38,TRUE,38,38,25A_25F_38,1.9168107729483e-4,ALLCAPS,4.99756673245644e-5,TRUE,38,Novel,Novel,38,25A,1,ref
38,SAMEA4649310,38,TRUE,38,38,25A_25F_38,0.00463574948533129,ALLCAPS,4.99756673245644e-5,TRUE,38,Novel,Novel,38,25A,1,ref
38,SAMEA4928814,38,TRUE,38,38,25A_25F_38,1.9644919929151e-4,ALLCAPS,4.99756673245644e-5,TRUE,38,Novel,Novel,38,25A,1,ref
38,SAMEA4928890,38,TRUE,38,38,25A_25F_38,7.22980372712678e-5,ALLCAPS,4.99756673245644e-5,TRUE,38,Novel,Novel,38,25A,1,ref
38,SAMEA4929252,38,TRUE,38,38,25A_25F_38,7.0167162962742e-4,ALLCAPS,4.99756673245644e-5,TRUE,38,Novel,Novel,38,25A,1,ref
38,SAMEA4929215,38,TRUE,38,38,25A_25F_38,1.9168107729483e-4,ALLCAPS,4.99756673245644e-5,TRUE,38,Novel,Novel,38,25A,1,ref
38,SAMEA4929221,38,TRUE,38,38,25A_25F_38,9.0783470925481e-4,ALLCAPS,4.99756673245644e-5,TRUE,38,Novel,Novel,38,25A,1,ref
38,SAMEA4561245,38,TRUE,38,38,25A_25F_38,1.7398045016248e-4,ALLCAPS,4.99756673245644e-5,TRUE,38,Novel,Novel,38,25A,1,ref
38,SAMEA4561353,38,TRUE,38,38,25A_25F_38,2.24482077946e-4,ALLCAPS,4.99756673245644e-5,TRUE,38,Novel,Novel,38,25A,1,ref
38,SAMEA4929475,38,TRUE,38,38,25A_25F_38,1.9168107729483e-4,ALLCAPS,4.99756673245644e-5,TRUE,38,Novel,Novel,38,25A,1,ref
38,SAMEA4929521,38,TRUE,38,38,25A_25F_38,1.7398045016248e-4,ALLCAPS,4.99756673245644e-5,TRUE,38,Novel,Novel,38,25A,1,ref
38,SAMEA4929608,38,TRUE,38,38,25A_25F_38,1.9168107729483e-4,ALLCAPS,4.99756673245644e-5,TRUE,38,Novel,Novel,38,25A,1,ref
38,SAMEA4832669,38,TRUE,38,38,25A_25F_38,3.5889812776479e-4,ALLCAPS,4.99756673245644e-5,TRUE,38,Novel,Novel,38,25A,1,ref
38,SAMEA4561623,38,TRUE,38,38,25A_25F_38,7.22980372712678e-5,ALLCAPS,4.99756673245644e-5,TRUE,38,Novel,Novel,38,25A,1,ref
38,SAMEA4832885,38,TRUE,38,38,25A_25F_38,3.5889812776479e-4,ALLCAPS,4.99756673245644e-5,TRUE,38,Novel,Novel,38,25A,1,ref
38,SAMEA4873822,38,TRUE,38,38,25A_25F_38,1.7398045016248e-4,ALLCAPS,4.99756673245644e-5,TRUE,38,Novel,Novel,38,25A,1,ref
38,SAMEA4561598,38,TRUE,38,38,25A_25F_38,1.7398045016248e-4,ALLCAPS,4.99756673245644e-5,TRUE,38,Novel,Novel,38,25A,1,ref
38,SAMEA4561406,38,TRUE,38,38,25A_25F_38,1.7398045016248e-4,ALLCAPS,4.99756673245644e-5,TRUE,38,Novel,Novel,38,25A,1,ref
38,SAMEA4561533,38,TRUE,38,38,25A_25F_38,1.7398045016248e-4,ALLCAPS,4.99756673245644e-5,TRUE,38,Novel,Novel,38,25A,1,ref
8,SAMEA114479457,8,FALSE,8,8,8,0.26697268125849,ALLCAPS,3.4806556082383e-4,TRUE,38,Non-cps,Non-cps,8,8,1,ref
8,SAMEA114520859,8,FALSE,8,8,8,0.27040567527315,ALLCAPS,3.4806556082383e-4,TRUE,38,Non-cps,Non-cps,8,8,1,ref
8,SAMEA114520895,8,FALSE,8,8,8,0.26697268125849,ALLCAPS,3.4806556082383e-4,TRUE,38,Non-cps,Non-cps,8,8,1,ref
8,SAMEA115377170,8,FALSE,8,8,8,0.266522969113173,ALLCAPS,3.4806556082383e-4,TRUE,38,Non-cps,Non-cps,8,8,1,ref
