sample_id,is_cbl,is_novel_serogroup,is_novel_energy,is_novel_openmax,serotype_confidence,novelty_confidence,openmax_pred,openmax_prob_unknown,pred_genogroup,pred_argmax
SRR26789426#15,True,False,False,False,1.0,-13.015,8,0.001885,36,8
ERR433696#2,True,False,False,False,0.998,-11.218,23A,0.026362,3,23A
ERR980217#1,True,False,False,False,0.999,-11.688,23B,0.010889,7B_7C_40,23B
ERR862475#17,True,True,False,True,0.978,-9.918,UNKNOWN,0.986298,20,46
ERR13364705#4,True,False,False,False,0.999,-10.917,19F,0.000666,12_44_46,19F
ERR870148#12,True,False,False,False,0.999,-12.083,12F,0.10049,6,12F
SRR26790042#19,True,True,False,True,0.892,-8.248,UNKNOWN,0.860613,Serogroup 33,18C
SRR26714596#1,True,False,False,False,0.999,-11.85,15A,0.005364,10,15A
SRR26833894#55,True,True,False,True,0.989,-9.915,UNKNOWN,0.928547,36,19A
ERR925271#2,True,True,False,True,0.965,-10.019,UNKNOWN,0.914126,20,35B
SRR26714688#1,True,False,False,False,0.999,-11.329,19F,0.000573,12_44_46,19F
ERR730449#1,True,False,False,False,0.999,-11.394,23B,0.034626,7B_7C_40,23B
ERR316874#5,True,False,False,False,0.645,-9.304,15B,0.002423,29,15B
SRR26714904#3,True,False,False,False,0.998,-11.123,10A,0.129086,35A_35C_42,10A
ERR714137#6,True,False,False,False,0.999,-12.065,5,0.028369,35A_35C_42,5
ERR9796530#5,True,True,False,True,0.867,-9.67,UNKNOWN,0.534913,12_44_46,11A
ERR876785#19,True,False,False,False,1.0,-12.22,14,0.000407,Serogroup 33,14
SRR26673687#23,True,True,False,True,0.968,-9.806,UNKNOWN,0.851267,12_44_46,35B
ERR730300#6,True,False,False,False,0.975,-10.375,6A,0.000474,20,6A
ERR2090934#8,True,False,False,False,0.999,-11.245,9V,0.002966,20,9V
ERR1214450#21,True,False,False,False,0.999,-11.871,5,0.030923,35A_35C_42,5
ERR316678#26,True,False,False,False,0.736,-8.219,6A,0.181205,3,6A
ERR2090022#1,True,False,False,False,0.999,-11.455,16F,0.016989,39,16F
ERR2667357#4,True,True,False,True,0.988,-10.475,UNKNOWN,0.995789,20,46
ERR2090573#25,True,False,False,False,0.999,-11.871,5,0.030923,35A_35C_42,5
SRR26797577#1,True,False,False,False,1.0,-13.102,8,0.003566,3,8
ERR876727#1,True,False,False,False,1.0,-13.121,8,0.001159,36,8
SRR26878532#48,True,True,False,True,0.99,-10.126,UNKNOWN,0.973968,20,17F
SRR26834129#1,True,False,False,False,0.999,-12.047,12F,0.120785,6,12F
SRR26790048#4,True,False,False,False,1.0,-13.24,8,0.002857,36,8
SRR26879697#1,True,True,False,True,0.997,-11.452,UNKNOWN,0.89191,20,7C
SRR26790088#3,True,False,False,False,1.0,-13.846,3,0.0052,36,3
ERR2090720#21,True,False,False,False,0.999,-11.149,19F,0.001932,12_44_46,19F
SRR26884662#2,True,False,False,False,1.0,-13.015,8,0.001885,36,8
SRR26880308#5,True,False,False,False,1.0,-13.875,3,0.004701,36,3
SRR26879912#2,True,False,False,False,0.999,-12.17,8,0.03623,36,8
ERR570452#2,True,False,False,False,0.998,-11.132,1,0.454579,6,1
ERR997492#60,True,True,True,True,0.337,-6.39,UNKNOWN,1.0,33A_33F_37,11A
ERR13365446#2,True,False,False,False,0.996,-11.759,24F,0.126013,35A_35C_42,24F
ERR2667408#27,True,False,False,False,0.992,-10.096,6A,0.011791,20,6A
ERR913473#7,True,False,False,False,0.998,-11.337,16F,0.083606,35A_35C_42,16F
SRR26673122#4,True,False,False,False,1.0,-13.846,3,0.0052,36,3
ERR925355#4,True,False,False,False,0.959,-9.932,6B,0.492639,45,6B
ERR1788163#1,True,False,False,False,0.999,-12.014,35F,0.033927,20,35F
ERR1788177#2,True,True,False,True,0.993,-10.227,UNKNOWN,0.940586,6,1
ERR13374868#13,True,False,False,False,0.999,-11.54,22F,0.079619,35A_35C_42,22F
ERR433950#2,True,False,False,False,0.904,-10.017,6B,0.020803,45,6B
ERR600574#1,True,False,False,False,0.97,-9.558,6A,0.011265,45,6A
ERR750744#3,True,True,False,True,0.965,-8.796,UNKNOWN,0.957082,Serogroup 33,14
SRR26817844#7,True,False,False,False,0.998,-12.12,12F,0.21194,11,12F
ERR2853438#1,True,False,False,False,1.0,-12.073,19A,0.000464,33C,19A
ERR730537#41,True,True,False,True,0.819,-8.287,UNKNOWN,0.616153,45,6A
ERR7567962#1,True,False,False,False,1.0,-11.81,14,0.003765,Serogroup 33,14
SRR26931649#3,True,False,False,False,0.999,-12.301,9N,0.036625,18,9N
ERR600325#2,True,False,False,False,1.0,-12.36,1,0.008788,6,1
SRR26817831#1,True,False,False,False,0.999,-12.085,12F,0.096155,6,12F
ERR2667937#20,True,True,False,True,0.992,-9.894,UNKNOWN,0.827962,35A_35C_42,5
ERR742657#17,True,False,False,False,0.999,-11.644,15A,0.004882,10,15A
SRR26673504#21,True,False,False,False,1.0,-12.469,22F,0.001205,35A_35C_42,22F
ERR1214443#18,True,False,False,False,0.966,-10.559,38,0.255143,6,38
ERR1658155#6,True,False,False,False,0.999,-10.991,19F,0.000566,12_44_46,19F
SRR26714770#32,True,False,False,False,1.0,-13.123,8,0.00125,36,8
ERR340885#13,True,False,False,False,0.998,-11.269,7F,0.457414,35A_35C_42,7F
ERR3796596#7,True,True,True,True,0.763,-7.351,UNKNOWN,1.0,35A_35C_42,24F
SRR26797386#7,True,False,False,False,0.997,-10.842,7C,0.470738,45,7C
ERR13375028#11,True,False,False,False,0.999,-11.758,10B,0.108799,33G,10B
ERR774170#7,True,False,False,False,0.999,-11.82,13,0.011169,20,13
SRR26834195#8,True,False,False,False,0.999,-11.553,12F,0.2089,20,12F
ERR13364512#6,True,False,False,False,0.999,-12.176,3,0.132834,11,3
SRR26878625#4,True,True,False,True,0.566,-8.169,UNKNOWN,0.999061,3,15C
SRR26789869#3,True,False,False,False,1.0,-13.051,8,0.00201,36,8
SRR26880111#1,True,False,False,False,1.0,-13.846,3,0.0052,36,3
ERR1540680#9,True,False,False,False,0.999,-11.423,34,0.019562,6,34
SRR26672757#3,True,False,False,False,0.999,-12.036,12F,0.079918,11,12F
SRR26714173#11,True,True,True,True,0.505,-7.725,UNKNOWN,0.999677,36,19F
ERR876619#1,True,True,True,True,0.324,-6.767,UNKNOWN,1.0,Serogroup 33,16F
ERR1453416#25,True,False,False,False,0.981,-10.039,6A,0.000984,45,6A
SRR26930742#3,True,False,False,False,1.0,-13.234,8,0.002886,36,8
SRR26879493#3,True,True,False,True,0.992,-9.762,UNKNOWN,0.619725,35A_35C_42,16F
SRR26930498#8,True,False,False,False,0.981,-9.545,6B,0.033183,45,6B
ERR2668101#1,True,True,False,True,0.997,-11.507,UNKNOWN,0.96657,18,2
ERR433529#13,True,True,True,True,0.421,-7.133,UNKNOWN,1.0,12_44_46,6A
ERR438972#46,True,False,False,False,0.999,-11.842,1,0.266099,6,1
ERR3303146#20,True,True,False,True,0.961,-9.47,UNKNOWN,0.585112,45,6B
ERR1453485#2,True,False,False,False,0.999,-11.444,9V,0.001745,20,9V
ERR505870#1,True,False,False,False,0.997,-11.499,17F,0.478492,20,17F
ERR13364801#30,True,False,False,False,0.997,-10.777,9V,0.019355,20,9V
ERR908861#13,True,False,False,False,0.988,-9.437,6B,0.333504,45,6B
SRR26594814#13,True,False,False,False,1.0,-13.121,8,0.001159,36,8
ERR774042#23,True,False,False,False,0.998,-10.911,10A,0.362659,35A_35C_42,10A
ERR8481546#3,True,False,False,False,0.999,-11.803,13,0.006143,20,13
ERR505545#1,True,False,False,False,0.999,-11.424,19F,0.001019,12_44_46,19F
ERR2090776#13,True,False,False,False,0.999,-11.769,16F,0.00571,35A_35C_42,16F
SRR26750041#4,True,False,False,False,0.894,-9.676,20B,0.190474,18,20B
ERR884511#21,True,True,False,True,0.829,-8.548,UNKNOWN,0.997779,20,9V
ERR13365904#3,True,False,False,False,1.0,-13.846,3,0.0052,36,3
ERR2090532#26,True,False,False,False,0.999,-11.871,5,0.030923,35A_35C_42,5
ERR1191951#11,True,True,False,True,0.988,-9.557,UNKNOWN,0.916275,20,21
ERR351999#33,True,False,False,False,0.999,-11.842,1,0.266099,6,1
SRR26911064#9,True,False,False,False,0.999,-11.199,19A,0.041218,33C,19A
ERR1430861#5,True,False,False,False,1.0,-12.903,1,0.003938,6,1
SRR26749674#17,True,False,False,False,0.999,-12.295,33F,0.033488,20,33F
ERR2853410#1,True,False,False,False,0.997,-10.756,19A,0.172305,33C,19A
ERR2090401#52,True,True,False,True,0.837,-8.159,UNKNOWN,0.966563,36,19A
ERR9796538#25,True,False,False,False,0.999,-11.715,34,0.005662,6,34
ERR2090327#3,True,True,True,True,0.703,-7.546,UNKNOWN,1.0,33C,33B
SRR26931805#2,True,False,False,False,0.999,-12.275,31,0.043749,33A_33F_37,31
ERR1453798#1,True,False,False,False,0.999,-11.654,23B,0.013091,7B_7C_40,23B
SRR26880274#3,True,False,False,False,0.999,-12.116,9N,0.018865,20,9N
SRR26715021#25,True,False,False,False,0.847,-9.904,38,0.163015,6,38
ERR870293#3,True,False,False,False,0.999,-11.541,19A,0.005829,35A_35C_42,19A
SRR26910636#9,True,False,False,False,0.999,-11.148,15A,0.045771,10,15A
SRR26910487#2,True,False,False,False,1.0,-12.155,19A,0.000279,33C,19A
SRR26833957#2,True,True,False,True,0.825,-8.861,UNKNOWN,0.9997,12_44_46,11A
ERR3303261#1,True,False,False,False,0.942,-9.461,6A,0.005244,45,6A
SRR26818544#7,True,False,False,False,1.0,-13.223,8,0.00279,36,8
ERR701849#4,True,False,False,False,0.999,-11.357,1,0.121764,3,1
SRR26884193#31,True,False,False,False,0.999,-12.137,9N,0.073897,18,9N
ERR1065383#19,True,False,False,False,0.999,-11.647,23F,0.01736,19B_19C,23F
SRR26594234#17,True,False,False,False,1.0,-12.358,17F,0.020976,20,17F
ERR13364787#28,True,False,False,False,1.0,-12.338,22F,0.001845,35A_35C_42,22F
ERR2089727#2,True,False,False,False,0.996,-11.774,24F,0.126788,35A_35C_42,24F
SRR26818337#27,True,False,False,False,0.998,-11.012,10A,0.247467,35A_35C_42,10A
SRR26884450#46,True,True,False,True,0.994,-11.184,UNKNOWN,0.75397,20,17F
ERR2090431#2,True,False,False,False,0.998,-11.072,5,0.12758,35A_35C_42,5
SRR26673637#2,True,False,False,False,0.996,-11.759,24F,0.126013,35A_35C_42,24F
ERR736918#22,True,False,False,False,0.987,-9.11,6A,0.48122,20,6A
ERR433791#2,True,False,False,False,1.0,-12.418,1,0.014958,6,1
ERR1065321#1,True,False,False,False,1.0,-11.795,19A,0.002887,33C,19A
ERR1202535#30,True,False,False,False,1.0,-12.891,1,0.003906,6,1
SRR26797708#2,True,False,False,False,1.0,-12.46,22F,0.001321,35A_35C_42,22F
SRR26818016#2,True,True,False,True,0.835,-9.438,UNKNOWN,0.99248,12_44_46,11A
ERR3669255#8,True,False,False,False,0.998,-10.8,14,0.128171,33G,14
ERR876639#1,True,False,False,False,1.0,-12.834,1,0.006698,6,1
SRR26749711#2,True,False,False,False,0.999,-11.951,14,0.005164,Serogroup 33,14
ERR1788510#7,True,False,False,False,0.999,-12.176,3,0.132834,11,3
SRR26880262#8,True,True,False,True,0.955,-10.268,UNKNOWN,0.729296,12_44_46,11A
ERR662366#6,True,False,False,False,0.999,-11.065,15A,0.043862,10,15A
SRR26877994#7,True,False,False,False,1.0,-13.223,8,0.00279,36,8
SRR26714330#4,True,False,False,False,1.0,-13.102,8,0.003566,3,8
ERR600590#10,True,True,False,True,0.975,-8.811,UNKNOWN,0.959288,36,23F
ERR1799725#6,True,False,False,False,1.0,-13.153,1,0.001268,6,1
ERR14653958#1,True,False,False,False,1.0,-11.859,14,0.003057,36,14
SRR26931057#2,True,False,False,False,0.999,-12.158,9N,0.01413,20,9N
ERR3723820#5,True,False,False,False,1.0,-12.102,14,0.001214,Serogroup 33,14
ERR1422370#1,True,False,False,False,0.991,-10.203,7F,0.293446,35A_35C_42,7F
ERR13364670#15,True,False,False,False,0.999,-12.15,9N,0.015523,20,9N
SRR26749451#2,True,True,False,True,0.928,-8.937,UNKNOWN,0.996991,35A_35C_42,35B
SRR26673310#15,True,False,False,False,0.999,-12.153,9N,0.0145,20,9N
ERR2853529#1,True,False,False,False,0.997,-10.71,19A,0.194505,33C,19A
ERR2667428#1,True,False,False,False,0.842,-9.72,18C,0.185787,Serogroup 33,18C
ERR900735#3,True,False,False,False,1.0,-12.136,16F,0.001623,39,16F
SRR26880260#5,True,False,False,False,1.0,-13.241,8,0.002839,36,8
ERR1106660#12,True,False,False,False,0.999,-12.075,12F,0.069216,11,12F
ERR13364555#23,True,True,True,True,0.774,-8.002,UNKNOWN,0.999723,36,19F
ERR1214506#14,True,True,False,True,0.992,-10.349,UNKNOWN,0.938717,33G,10B
ERR2090969#3,True,False,False,False,0.999,-11.884,5,0.017385,35A_35C_42,5
ERR1453741#1,True,True,False,True,0.963,-8.753,UNKNOWN,0.955108,10,15A
ERR467043#2,True,False,False,False,0.998,-11.132,1,0.454579,6,1
SRR26930315#23,True,False,False,False,0.996,-10.456,9N,0.482008,20,9N
SRR26834236#2,True,True,True,True,0.7,-8.004,UNKNOWN,0.999878,6,15A
ERR13364394#7,True,True,False,True,0.985,-10.064,UNKNOWN,0.767022,33G,14
ERR1453514#3,True,True,False,True,0.928,-10.406,UNKNOWN,0.653947,18,35B
ERR2090001#12,True,True,False,True,0.948,-8.634,UNKNOWN,0.996892,45,19F
ERR1065264#3,True,False,False,False,0.951,-8.9,18C,0.224524,Serogroup 33,18C
SRR26877995#6,True,False,False,False,1.0,-13.875,3,0.004701,36,3
SRR26673112#3,True,False,False,False,1.0,-12.469,22F,0.001205,35A_35C_42,22F
ERR13364756#6,True,False,False,False,0.997,-10.792,9V,0.012259,20,9V
ERR742694#1,True,True,False,True,0.997,-11.518,UNKNOWN,0.965474,18,2
ERR316671#2,True,False,False,False,0.999,-10.826,19F,0.001204,12_44_46,19F
ERR1540833#3,True,False,False,False,0.999,-11.54,19A,0.007156,33C,19A
ERR742519#4,True,False,False,False,0.999,-11.427,19A,0.04732,35A_35C_42,19A
ERR1065741#5,True,False,False,False,0.994,-10.257,7F,0.19363,35A_35C_42,7F
ERR13365520#23,True,False,False,False,0.999,-11.727,23B,0.006016,6,23B
SRR26797988#3,True,True,False,True,0.995,-10.452,UNKNOWN,0.834212,33G,27
ERR1065202#3,True,True,False,True,0.927,-10.403,UNKNOWN,0.637953,18,35B
SRR26930730#5,True,False,False,False,1.0,-12.281,14,0.000914,15,14
ERR1422458#1,True,False,False,False,0.999,-11.363,23F,0.008604,19B_19C,23F
SRR26879772#2,True,False,False,False,1.0,-11.986,10A,0.003392,35A_35C_42,10A
SRR26930591#7,True,False,False,False,0.999,-12.116,33F,0.101291,20,33F
ERR2091208#2,True,False,False,False,0.999,-12.088,12F,0.086591,6,12F
SRR26789221#11,True,False,False,False,0.999,-12.321,12F,0.067768,33G,12F
ERR742398#1,True,False,False,False,0.999,-12.136,33F,0.056935,20,33F
ERR870059#23,True,False,False,False,0.999,-11.706,5,0.047561,35A_35C_42,5
SRR26594742#3,True,True,True,True,0.782,-7.368,UNKNOWN,1.0,3,22F
SRR26673561#2,True,False,False,False,0.999,-12.085,12F,0.096159,6,12F
SRR26878001#32,True,False,False,False,1.0,-12.085,19A,0.000262,33C,19A
SRR26673191#1,True,False,False,False,0.999,-12.111,9N,0.019118,20,9N
ERR773919#14,True,True,False,True,0.957,-8.978,UNKNOWN,0.582108,36,6A
ERR869894#10,True,False,False,False,0.982,-9.91,6B,0.02564,45,6B
SRR26594994#3,True,False,False,False,1.0,-13.223,8,0.00279,36,8
ERR1202602#5,True,False,False,False,1.0,-12.899,1,0.004146,6,1
SRR26594808#2,True,False,False,False,1.0,-13.846,3,0.0052,36,3
ERR2667360#20,True,False,False,False,0.999,-11.614,5,0.118604,35A_35C_42,5
ERR316637#12,True,False,False,False,0.997,-10.935,4,0.32425,36,4
ERR3303451#1,True,True,False,True,0.953,-8.808,UNKNOWN,0.999874,3,7B
SRR26931598#25,True,False,False,False,0.996,-10.628,7F,0.078958,35A_35C_42,7F
ERR13365581#31,True,True,False,True,0.987,-9.506,UNKNOWN,0.893683,36,23A
ERR913136#1,True,True,False,True,0.913,-8.886,UNKNOWN,0.705396,45,6B
ERR1214329#3,True,False,False,False,0.999,-12.033,5,0.030574,35A_35C_42,5
ERR751013#5,True,False,False,False,0.999,-12.065,5,0.028369,35A_35C_42,5
ERR750780#2,True,True,True,True,0.367,-6.101,UNKNOWN,1.0,45,5
SRR26931297#29,True,False,False,False,0.999,-11.622,12F,0.159704,20,12F
SRR26790147#3,True,False,False,False,1.0,-13.015,8,0.001885,36,8
SRR26883808#2,True,False,False,False,1.0,-13.116,8,0.001332,36,8
ERR433549#18,True,True,False,True,0.986,-9.924,UNKNOWN,0.871186,36,4
ERR884429#44,True,True,True,True,0.415,-6.828,UNKNOWN,0.999976,19B_19C,6A
ERR730924#5,True,False,False,False,1.0,-13.087,1,0.001901,6,1
ERR1422597#28,True,True,False,True,0.981,-9.704,UNKNOWN,0.945285,36,6C
ERR13375121#2,True,True,False,True,0.929,-10.407,UNKNOWN,0.689106,18,35B
SRR26595045#7,True,False,False,False,1.0,-13.24,8,0.002857,36,8
ERR980307#15,True,False,False,False,1.0,-13.187,3,0.013565,36,3
SRR26749843#17,True,False,False,False,0.999,-12.136,33F,0.056935,20,33F
ERR2089918#14,True,False,False,False,1.0,-13.235,8,0.002726,36,8
ERR750883#7,True,False,False,False,0.918,-9.202,14,0.043488,36,14
SRR26884309#6,True,False,False,False,1.0,-13.223,8,0.00279,36,8
ERR570412#1,True,False,False,False,0.918,-9.202,14,0.043488,36,14
ERR2090958#26,True,False,False,False,0.999,-11.871,5,0.030923,35A_35C_42,5
SRR26797476#1,True,True,True,True,0.7,-8.004,UNKNOWN,0.999878,6,15A
ERR913393#14,True,False,False,False,0.999,-11.511,34,0.009975,6,34
SRR26789953#9,True,False,False,False,0.998,-11.963,12F,0.379957,11,12F
SRR26878096#8,True,False,False,False,0.999,-11.985,12F,0.070732,6,12F
ERR984262#1,True,True,False,True,0.994,-9.931,UNKNOWN,0.500761,3,6A
ERR1191966#18,True,False,False,False,0.998,-11.272,16F,0.095719,35A_35C_42,16F
ERR730798#15,True,False,False,False,0.999,-11.631,23F,0.010404,19B_19C,23F
SRR26594555#23,True,False,False,False,0.999,-11.525,19A,0.007046,33C,19A
SRR26931320#1,True,False,False,False,0.999,-11.755,15A,0.0136,10,15A
ERR2091061#1,True,False,False,False,0.999,-11.337,23F,0.008947,19B_19C,23F
ERR3332137#5,True,False,False,False,1.0,-12.604,17F,0.008255,20,17F
SRR26797521#11,True,False,False,False,0.999,-12.158,9N,0.01413,20,9N
SRR26749296#5,True,False,False,False,1.0,-13.217,8,0.002837,36,8
ERR701793#54,True,True,False,True,0.95,-8.664,UNKNOWN,0.997636,6,1
ERR869991#55,True,True,True,True,0.524,-6.933,UNKNOWN,1.0,33G,11B
SRR26834058#7,True,False,False,False,0.999,-12.321,12F,0.067768,33G,12F
ERR331417#2,True,False,False,False,1.0,-13.846,3,0.0052,36,3
ERR773862#1,True,False,False,False,1.0,-12.504,1,0.007645,6,1
ERR997469#1,True,True,False,True,0.981,-9.092,UNKNOWN,0.874231,36,6A
SRR26877934#8,True,False,False,False,1.0,-11.795,19A,0.002887,33C,19A
SRR26884681#9,True,False,False,False,0.999,-12.095,8,0.11685,3,8
SRR26930754#20,True,False,False,False,0.999,-12.157,33F,0.025496,20,33F
SRR26817897#2,True,True,False,True,0.798,-9.391,UNKNOWN,0.621165,12_44_46,11A
SRR26930768#3,True,False,False,False,0.998,-11.273,8,0.4838,39,8
SRR26834259#1,True,False,False,False,0.999,-12.276,31,0.044326,33A_33F_37,31
ERR7568077#18,True,False,False,False,0.999,-11.398,10A,0.025432,35A_35C_42,10A
ERR1422350#1,True,False,False,False,0.542,-9.146,15C,0.004449,29,15C
ERR3831139#2,True,False,False,False,0.996,-11.71,24F,0.177462,35A_35C_42,24F
SRR26880165#1,True,False,False,False,0.94,-10.217,18C,0.132739,Serogroup 33,18C
ERR1788268#5,True,True,False,True,0.959,-9.308,UNKNOWN,0.912407,33G,14
ERR884544#5,True,False,False,False,0.958,-10.589,18C,0.024194,Serogroup 33,18C
ERR774622#9,True,False,False,False,0.998,-10.836,9V,0.010159,20,9V
ERR1065562#1,True,False,False,False,0.994,-10.446,6A,0.00175,45,6A
ERR774524#1,True,False,False,False,0.586,-9.167,15B,0.004307,29,15B
SRR26880138#1,True,False,False,False,0.999,-11.683,23B,0.004244,7B_7C_40,23B
SRR26877772#4,True,False,False,False,1.0,-13.24,8,0.002857,36,8
ERR3831137#3,True,False,False,False,0.996,-11.706,24F,0.172299,35A_35C_42,24F
ERR3303139#8,True,False,False,False,1.0,-12.904,1,0.003554,6,1
SRR26789354#5,True,False,False,False,1.0,-13.24,8,0.002857,36,8
SRR26714071#37,True,False,False,False,0.999,-11.019,19F,0.000549,12_44_46,19F
SRR26911097#5,True,False,False,False,1.0,-13.875,3,0.004701,36,3
ERR750963#1,True,True,False,True,0.954,-9.113,UNKNOWN,0.876068,20,14
ERR751078#10,True,False,False,False,1.0,-11.761,19A,0.003589,33C,19A
ERR2667982#47,True,True,False,True,0.998,-11.232,UNKNOWN,0.690987,11,1
ERR13365023#7,True,True,False,True,0.991,-9.839,UNKNOWN,0.612548,36,19F
SRR26672883#2,True,False,False,False,0.999,-11.785,22F,0.019799,35A_35C_42,22F
ERR742379#26,True,True,False,True,0.704,-8.177,UNKNOWN,0.957064,36,15C
ERR908864#17,True,False,False,False,1.0,-12.301,17F,0.024919,20,17F
ERR1453824#1,True,False,False,False,0.999,-11.29,19F,0.001062,12_44_46,19F
ERR1066130#12,True,True,False,True,0.961,-9.47,UNKNOWN,0.585112,45,6B
SRR26750044#17,True,False,False,False,1.0,-12.162,9N,0.005668,20,9N
SRR26883980#25,True,False,False,False,0.999,-11.553,12F,0.2089,20,12F
ERR1202159#11,True,True,True,True,0.822,-7.779,UNKNOWN,0.998138,20,33D
ERR1202278#7,True,False,False,False,0.999,-11.385,14,0.021407,Serogroup 33,14
ERR2667726#18,True,False,False,False,0.998,-11.098,5,0.248895,35A_35C_42,5
ERR2668110#6,True,False,False,False,1.0,-12.119,14,0.002034,15,14
ERR1106668#10,True,False,False,False,0.999,-11.295,1,0.119526,10,1
SRR26879667#2,True,False,False,False,1.0,-13.015,8,0.001885,36,8
ERR1065970#1,True,False,False,False,0.585,-9.118,15C,0.003655,29,15C
SRR26880235#33,True,True,False,True,0.876,-8.453,UNKNOWN,0.999996,45,20B
ERR3303274#7,True,False,False,False,0.998,-11.042,10A,0.079801,33G,10A
ERR2090669#2,True,False,False,False,0.999,-12.098,12F,0.064028,11,12F
ERR13364878#21,True,True,True,True,0.776,-7.95,UNKNOWN,0.999813,20,9V
ERR714276#62,True,False,False,False,0.999,-12.389,1,0.015711,6,1
ERR2681189#1,True,False,False,False,0.992,-10.728,18A,0.286767,Serogroup 33,18A
ERR13365378#1,True,False,False,False,0.98,-8.979,6B,0.089593,45,6B
ERR1788221#2,True,False,False,False,1.0,-13.846,3,0.0052,36,3
ERR774082#13,True,True,False,True,0.754,-8.829,UNKNOWN,0.50677,36,15B
ERR600422#3,True,False,False,False,0.999,-11.026,19F,0.00051,12_44_46,19F
ERR742677#10,True,True,True,True,0.687,-7.693,UNKNOWN,0.579929,45,6A
SRR26595093#28,True,False,False,False,0.999,-11.564,10A,0.060704,35A_35C_42,10A
ERR13365478#25,True,True,True,True,0.685,-6.896,UNKNOWN,0.99977,45,14
SRR26931658#9,True,False,False,False,0.999,-12.099,8,0.421062,3,8
ERR13364848#8,True,True,False,True,0.985,-10.064,UNKNOWN,0.767022,33G,14
ERR1202173#4,True,False,False,False,1.0,-11.993,19A,0.001336,33C,19A
ERR730175#2,True,True,True,True,0.575,-7.065,UNKNOWN,0.999999,35A_35C_42,35B
SRR26594745#1,True,True,False,True,0.831,-9.504,UNKNOWN,0.615241,12_44_46,11A
ERR870326#1,True,False,False,False,1.0,-12.418,1,0.014958,6,1
ERR338225#23,True,True,False,True,0.809,-8.54,UNKNOWN,0.996097,20,9V
SRR26673121#2,True,False,False,False,1.0,-12.978,8,0.008242,36,8
ERR3669255#11,True,False,False,False,1.0,-11.929,14,0.002341,36,14
ERR730215#16,True,False,False,False,0.998,-11.258,16F,0.072006,35A_35C_42,16F
ERR2089215#10,True,True,False,True,0.995,-10.49,UNKNOWN,0.822056,35A_35C_42,5
ERR925369#3,True,False,False,False,0.998,-10.429,19F,0.075237,Serogroup 33,19F
ERR870209#2,True,False,False,False,0.998,-11.536,24F,0.057396,35A_35C_42,24F
ERR742684#7,True,False,False,False,0.967,-9.291,7F,0.444925,35A_35C_42,7F
SRR26797143#15,True,False,False,False,0.573,-9.185,15C,0.00505,29,15C
ERR870318#4,True,True,False,True,0.988,-9.758,UNKNOWN,0.97746,6,1
ERR884497#22,True,False,False,False,0.994,-10.127,19F,0.258773,12_44_46,19F
SRR26818709#2,True,False,False,False,1.0,-12.875,8,0.005128,36,8
SRR26884215#4,True,False,False,False,1.0,-13.24,8,0.002857,36,8
SRR26833978#6,True,False,False,False,0.998,-12.12,12F,0.21194,11,12F
SRR26931059#1,True,False,False,False,0.996,-11.751,24F,0.122503,35A_35C_42,24F
ERR2680692#4,True,False,False,False,0.577,-9.165,15B,0.00421,29,15B
SRR26749677#218,True,True,True,True,0.904,-8.103,UNKNOWN,0.999304,20,15A
ERR13364425#14,True,False,False,False,1.0,-12.199,14,0.000457,Serogroup 33,14
ERR845762#20,True,False,False,False,1.0,-12.081,14,0.001367,Serogroup 33,14
SRR26750030#2,True,True,False,True,0.978,-10.066,UNKNOWN,0.975672,39,8
ERR3669301#1,True,False,False,False,0.997,-10.713,19A,0.186418,33C,19A
ERR1788108#4,True,False,False,False,0.999,-12.302,9N,0.028964,18,9N
SRR26750011#16,True,False,False,False,0.999,-12.073,33F,0.05014,20,33F
SRR26797393#3,True,True,False,True,0.996,-10.652,UNKNOWN,0.625377,3,8
SRR26834338#1,True,True,False,True,0.997,-11.451,UNKNOWN,0.892627,20,7C
SRR26931782#1,True,True,False,True,0.988,-10.217,UNKNOWN,0.978587,35A_35C_42,22F
ERR750888#1,True,True,False,True,0.988,-9.905,UNKNOWN,0.946834,39,6C
SRR26789886#5,True,False,False,False,1.0,-13.24,8,0.002857,36,8
SRR26749780#6,True,True,False,True,0.978,-9.859,UNKNOWN,0.934513,18,20B
ERR701843#17,True,False,False,False,0.999,-11.17,19F,0.000244,12_44_46,19F
SRR26817913#4,True,False,False,False,1.0,-13.24,8,0.002857,36,8
ERR913138#14,True,True,False,True,0.961,-9.47,UNKNOWN,0.585112,45,6B
ERR925301#2,True,False,False,False,0.999,-11.614,16F,0.021624,35A_35C_42,16F
SRR26749744#12,True,False,False,False,1.0,-13.123,8,0.00125,36,8
SRR26789813#6,True,False,False,False,0.999,-12.032,8,0.142412,3,8
ERR1202214#2,True,False,False,False,0.934,-9.598,6B,0.13199,45,6B
SRR26715030#2,True,False,False,False,0.999,-12.069,12F,0.072919,11,12F
SRR26878052#13,True,False,False,False,1.0,-13.121,8,0.001159,36,8
ERR13374804#41,True,True,True,True,0.479,-6.993,UNKNOWN,1.0,6,6C
ERR2667934#2,True,False,False,False,1.0,-12.961,1,0.00374,6,1
ERR1065781#1,True,True,False,True,0.996,-10.816,UNKNOWN,0.625605,6,7C
ERR925266#2,True,False,False,False,0.567,-9.137,15C,0.003702,29,15C
ERR913131#5,True,False,False,False,0.998,-10.429,19F,0.075237,Serogroup 33,19F
SRR26789425#3,True,False,False,False,1.0,-13.015,8,0.001885,36,8
SRR26878498#4,True,False,False,False,0.999,-12.301,9N,0.036625,18,9N
SRR26818024#4,True,True,False,True,0.978,-9.859,UNKNOWN,0.934513,18,20B
SRR26797955#3,True,False,False,False,1.0,-13.116,8,0.001332,36,8
ERR568687#17,True,False,False,False,0.999,-11.608,23F,0.011595,19B_19C,23F
ERR909193#4,True,False,False,False,0.998,-10.429,19F,0.075237,Serogroup 33,19F
SRR26749912#30,True,False,False,False,0.997,-10.958,4,0.494991,36,4
SRR26673337#5,True,True,True,True,0.816,-7.983,UNKNOWN,0.998404,45,22F
SRR26834095#8,True,False,False,False,0.999,-11.108,15A,0.046071,10,15A
ERR884677#15,True,False,False,False,1.0,-12.155,14,0.000598,Serogroup 33,14
ERR505956#13,True,False,False,False,0.963,-9.842,6A,0.001961,20,6A
ERR2680713#5,True,False,False,False,0.999,-11.701,15A,0.015197,10,15A
ERR425430#12,True,False,False,False,0.999,-11.415,23F,0.012445,19B_19C,23F
ERR730756#9,True,False,False,False,0.999,-11.292,4,0.109474,36,4
SRR26930869#1,True,False,False,False,1.0,-13.875,3,0.004701,36,3
ERR1453344#1,True,False,False,False,0.999,-11.421,23F,0.010525,19B_19C,23F
ERR7567723#1,True,False,False,False,0.998,-10.9,31,0.09558,Serogroup 33,31
ERR1788470#17,True,False,False,False,1.0,-11.811,14,0.001282,Serogroup 33,14
ERR2667531#7,True,False,False,False,1.0,-12.935,1,0.003867,6,1
ERR2089984#9,True,False,False,False,1.0,-12.903,1,0.003938,6,1
ERR2681150#12,True,False,False,False,0.934,-9.596,6B,0.129479,45,6B
ERR331138#23,True,True,False,True,0.983,-9.567,UNKNOWN,0.937345,36,6B
ERR1795515#13,True,True,False,True,0.996,-11.43,UNKNOWN,0.882403,35A_35C_42,10F
ERR3796724#5,True,False,False,False,0.996,-11.759,24F,0.126013,35A_35C_42,24F
ERR3796723#2,True,False,False,False,0.996,-11.709,24F,0.178451,35A_35C_42,24F
SRR26594516#8,True,False,False,False,1.0,-13.223,8,0.00279,36,8
SRR26931219#20,True,True,False,True,0.98,-9.639,UNKNOWN,0.677823,20,37
ERR1065157#1,True,False,False,False,0.999,-11.839,10A,0.007534,35A_35C_42,10A
SRR26878364#4,True,False,False,False,1.0,-13.24,8,0.00287,36,8
SRR26789957#1,True,False,False,False,0.999,-11.202,23A,0.026804,3,23A
ERR870204#3,True,False,False,False,1.0,-13.875,3,0.004701,36,3
SRR26749478#11,True,False,False,False,1.0,-12.081,19A,0.00049,33C,19A
ERR2090645#12,True,True,False,True,0.961,-8.95,UNKNOWN,0.999683,33G,10B
ERR600312#9,True,False,False,False,0.998,-10.825,23F,0.234074,19B_19C,23F
SRR26797411#1,True,False,False,False,1.0,-11.769,19A,0.003338,33C,19A
ERR714389#3,True,False,False,False,0.999,-12.101,5,0.036197,35A_35C_42,5
ERR751109#5,True,False,False,False,0.973,-9.589,6A,0.0118,45,6A
ERR876590#1,True,False,False,False,0.934,-9.256,6A,0.049424,36,6A
ERR13374606#25,True,True,True,True,0.801,-8.063,UNKNOWN,0.999717,20,9V
ERR2091137#5,True,False,False,False,0.999,-12.201,12F,0.257331,20,12F
ERR331189#46,True,True,False,True,0.985,-9.676,UNKNOWN,0.951562,45,6C
SRR26884280#10,True,False,False,False,1.0,-13.121,8,0.001159,36,8
ERR13365737#8,True,False,False,False,0.999,-12.01,9N,0.028824,20,9N
SRR26931427#26,True,False,False,False,0.999,-12.131,9N,0.071141,18,9N
SRR26750044#126,True,True,False,True,0.951,-8.55,UNKNOWN,0.972739,20,9N
ERR586468#5,True,False,False,False,1.0,-13.087,1,0.001901,6,1
ERR13374728#8,True,False,False,False,0.999,-10.849,19F,0.000856,12_44_46,19F
ERR1453284#10,True,True,False,True,0.925,-10.568,UNKNOWN,0.690718,33G,12F
SRR26714967#10,True,False,False,False,1.0,-13.846,3,0.0052,36,3
SRR26672856#44,True,True,False,True,0.994,-11.184,UNKNOWN,0.75397,20,17F
SRR26714077#2,True,False,False,False,1.0,-12.437,22F,0.001246,35A_35C_42,22F
ERR1106624#2,True,False,False,False,0.999,-11.295,1,0.119526,10,1
SRR26818574#9,True,False,False,False,0.999,-11.553,12F,0.2089,20,12F
SRR26883831#1,True,False,False,False,0.999,-12.126,12F,0.061332,11,12F
SRR26879749#1,True,False,False,False,1.0,-13.846,3,0.0052,36,3
ERR2853639#17,True,False,False,False,0.999,-11.476,19A,0.010162,33C,19A
SRR26749724#4,True,False,False,False,1.0,-13.24,8,0.002857,36,8
ERR2853441#3,True,False,False,False,1.0,-12.073,19A,0.000464,33C,19A
SRR26931009#1,True,False,False,False,0.999,-11.844,15A,0.00555,10,15A
ERR1788087#2,True,False,False,False,1.0,-13.425,8,0.001255,36,8
ERR319333#3,True,False,False,False,0.991,-9.979,6B,0.147356,45,6B
SRR26673175#22,True,False,False,False,0.999,-11.696,15A,0.004053,10,15A
SRR26930823#6,True,True,False,True,0.995,-10.148,UNKNOWN,0.504823,45,16F
SRR26833718#7,True,True,False,True,0.987,-9.557,UNKNOWN,0.871101,33A_33F_37,22F
SRR26714422#13,True,False,False,False,1.0,-13.121,8,0.001159,36,8
SRR26884390#3,True,False,False,False,1.0,-13.239,8,0.002874,36,8
SRR26878202#1,True,False,False,False,0.999,-12.158,9N,0.013879,20,9N
SRR26884250#26,True,False,False,False,0.996,-10.555,9V,0.042706,20,9V
SRR26818348#1,True,False,False,False,0.999,-11.493,7C,0.389198,45,7C
ERR1192051#1,True,False,False,False,0.999,-11.205,21,0.011163,45,21
ERR1202370#14,True,False,False,False,1.0,-12.26,17F,0.022585,20,17F
ERR1540693#51,True,True,True,True,0.603,-7.074,UNKNOWN,1.0,36,7C
SRR26714217#1,True,False,False,False,1.0,-12.174,19A,0.000233,33C,19A
ERR1192143#1,True,True,True,True,0.308,-6.416,UNKNOWN,1.0,3,31
SRR26911188#5,True,False,False,False,1.0,-13.875,3,0.004701,36,3
SRR26750047#22,True,False,False,False,1.0,-13.875,3,0.004701,36,3
ERR1430921#16,True,False,False,False,0.998,-11.273,16F,0.095267,35A_35C_42,16F
ERR1788246#1,True,True,False,True,0.96,-9.944,UNKNOWN,0.501691,45,6B
SRR26930164#5,True,False,False,False,1.0,-13.223,8,0.00279,36,8
ERR600119#28,True,False,False,False,1.0,-12.405,22F,0.001427,35A_35C_42,22F
SRR26714648#1,True,False,False,False,0.999,-12.085,12F,0.096155,6,12F
ERR505472#3,True,False,False,False,0.999,-10.716,19F,0.001507,12_44_46,19F
ERR13365953#2,True,False,False,False,1.0,-12.422,22F,0.001559,35A_35C_42,22F
SRR26930793#9,True,False,False,False,0.999,-12.167,8,0.12219,3,8
SRR26749413#51,True,True,False,True,0.998,-11.302,UNKNOWN,0.580628,35A_35C_42,7F
SRR26834166#7,True,False,False,False,0.995,-9.651,15A,0.070557,10,15A
ERR2090544#1,True,False,False,False,0.999,-11.563,1,0.140707,19F,1
ERR2667239#1,True,False,False,False,0.982,-10.041,19A,0.101573,15,19A
ERR774151#2,True,False,False,False,0.998,-11.121,16F,0.154923,45,16F
ERR2089585#2,True,True,False,True,0.96,-8.551,UNKNOWN,0.999999,6,1
ERR568437#6,True,True,True,True,0.527,-7.197,UNKNOWN,1.0,45,19F
ERR2090973#1,True,False,False,False,1.0,-11.786,19A,0.002852,33C,19A
ERR774211#9,True,False,False,False,0.999,-11.109,14,0.100399,15,14
SRR26883796#3,True,False,False,False,1.0,-13.121,8,0.001159,36,8
ERR980332#1,True,False,False,False,0.931,-10.058,6A,0.00047,45,6A
SRR26910454#7,True,False,False,False,0.999,-12.115,9N,0.019907,20,9N
ERR326555#119,True,False,False,False,0.996,-10.137,19F,0.163658,12_44_46,19F
SRR26879988#23,True,True,False,True,0.982,-9.714,UNKNOWN,0.954084,45,6C
ERR870245#5,True,False,False,False,0.999,-11.782,5,0.086042,35A_35C_42,5
SRR26673679#8,True,False,False,False,0.998,-11.262,22F,0.255465,35A_35C_42,22F
ERR2089655#17,True,False,False,False,0.983,-9.408,6B,0.110587,45,6B
SRR26911024#1,True,False,False,False,0.999,-12.092,12F,0.06946,11,12F
ERR13365074#2,True,False,False,False,0.999,-11.431,19F,0.000419,12_44_46,19F
ERR1066283#2,True,True,False,True,0.996,-10.627,UNKNOWN,0.687914,6,1
ERR1192023#6,True,False,False,False,0.999,-11.475,15A,0.034155,10,15A
ERR742630#18,True,False,False,False,1.0,-12.023,19A,0.000524,33C,19A
ERR730812#2,True,False,False,False,1.0,-12.227,22F,0.003531,33A_33F_37,22F
ERR773852#7,True,True,False,True,0.993,-11.543,UNKNOWN,0.961293,11,12F
SRR26883869#1,True,False,False,False,1.0,-12.613,35F,0.011958,20,35F
ERR2667933#2,True,False,False,False,1.0,-11.784,19A,0.00314,33C,19A
ERR438970#1,True,True,True,True,0.55,-6.775,UNKNOWN,0.999998,45,23F
SRR26797684#9,True,False,False,False,0.994,-11.44,24F,0.182323,35A_35C_42,24F
ERR751166#1,True,False,False,False,1.0,-13.846,3,0.0052,36,3
ERR997534#5,True,False,False,False,0.934,-9.598,6B,0.131941,45,6B
ERR2089068#5,True,True,True,True,0.775,-7.528,UNKNOWN,0.999919,10,15A
ERR3303386#1,True,True,False,True,0.926,-8.372,UNKNOWN,0.977731,7B_7C_40,21
ERR714698#24,True,True,False,True,0.938,-9.037,UNKNOWN,0.976709,36,4
ERR1658169#7,True,False,False,False,0.998,-10.71,14,0.161727,33G,14
SRR26797806#1,True,False,False,False,0.999,-11.679,23B,0.012061,7B_7C_40,23B
SRR26833991#11,True,False,False,False,0.999,-12.158,9N,0.01413,20,9N
ERR3795981#5,True,False,False,False,0.999,-11.798,14,0.010203,3,14
ERR862371#6,True,True,False,True,0.94,-8.169,UNKNOWN,0.989201,3,10A
SRR26789450#7,True,False,False,False,1.0,-13.226,8,0.002785,36,8
SRR26817717#3,True,False,False,False,1.0,-11.75,19A,0.003021,33C,19A
SRR26750108#5,True,False,False,False,1.0,-13.221,8,0.002805,36,8
ERR1658151#5,True,False,False,False,0.629,-8.922,15B,0.299272,36,15B
ERR13374724#57,True,True,False,True,0.988,-9.886,UNKNOWN,0.957984,35A_35C_42,7F
ERR2612089#40,True,True,False,True,0.997,-11.098,UNKNOWN,0.667789,11,1
ERR751140#7,True,True,False,True,0.941,-10.553,UNKNOWN,0.771593,20,12F
ERR2089419#1,True,False,False,False,0.997,-11.778,24F,0.118793,35A_35C_42,24F
ERR751057#4,True,False,False,False,0.999,-11.036,19F,0.000499,12_44_46,19F
SRR26931475#9,True,False,False,False,0.999,-12.253,12F,0.132868,20,12F
ERR1453802#5,True,True,False,True,0.994,-10.466,UNKNOWN,0.955676,35A_35C_42,18F
ERR913438#1,True,True,False,True,0.959,-9.065,UNKNOWN,0.981097,45,16F
ERR433778#17,True,False,False,False,0.999,-11.688,4,0.017351,36,4
SRR26672999#2,True,True,False,True,0.837,-9.438,UNKNOWN,0.992615,12_44_46,11A
SRR26931309#1,True,False,False,False,1.0,-13.015,8,0.001885,36,8
SRR26673239#35,True,False,False,False,1.0,-13.875,3,0.004701,36,3
ERR1795499#2,True,False,False,False,0.971,-10.4,18C,0.137329,Serogroup 33,18C
ERR433805#3,True,False,False,False,0.998,-11.132,1,0.454579,6,1
ERR2089442#4,True,False,False,False,1.0,-12.167,14,0.002305,15,14
ERR2680828#1,True,False,False,False,0.573,-9.124,15C,0.003691,29,15C
ERR2667608#1,True,False,False,False,0.991,-10.7,18A,0.263696,Serogroup 33,18A
ERR774654#6,True,False,False,False,0.999,-11.334,23F,0.00895,19B_19C,23F
SRR26595002#19,True,False,False,False,0.999,-12.137,33F,0.094218,20,33F
ERR316669#3,True,False,False,False,0.999,-11.569,23F,0.013432,19B_19C,23F
SRR26930404#2,True,False,False,False,1.0,-13.015,8,0.001885,36,8
ERR3164177#1,True,False,False,False,1.0,-12.223,14,0.000339,Serogroup 33,14
ERR13366234#9,True,True,False,True,0.97,-8.675,UNKNOWN,0.933607,33G,14
ERR862456#6,True,False,False,False,0.999,-11.709,16F,0.015835,35A_35C_42,16F
ERR742367#64,True,True,False,True,0.998,-11.404,UNKNOWN,0.624767,35A_35C_42,7F
ERR1066354#1,True,False,False,False,0.999,-12.346,3,0.064394,36,3
ERR2090888#2,True,False,False,False,0.998,-11.127,5,0.105646,35A_35C_42,5
ERR2089735#21,True,False,False,False,0.999,-12.009,33F,0.114899,20,33F
SRR26884100#1,True,False,False,False,0.999,-11.209,23A,0.025225,3,23A
ERR3227727#1,True,False,False,False,1.0,-11.751,19A,0.001928,33C,19A
SRR26749879#1,True,True,False,True,0.917,-8.915,UNKNOWN,0.997379,12_44_46,11A
SRR26673196#3,True,False,False,False,1.0,-12.46,22F,0.001321,35A_35C_42,22F
ERR3723501#4,True,False,False,False,1.0,-11.81,14,0.003765,Serogroup 33,14
ERR331464#65,True,True,False,True,0.994,-10.521,UNKNOWN,0.885858,11,1
ERR1065629#4,True,False,False,False,1.0,-12.903,1,0.003938,6,1
ERR1202621#16,True,False,False,False,1.0,-12.23,14,0.000452,Serogroup 33,14
SRR26818018#17,True,False,False,False,0.999,-12.136,33F,0.056935,20,33F
ERR433846#37,True,False,False,False,0.999,-11.574,1,0.130265,6,1
SRR26797669#1,True,False,False,False,1.0,-11.831,19A,0.001303,6,19A
ERR730657#21,True,True,False,True,0.958,-9.855,UNKNOWN,0.680805,45,6B
ERR774127#39,True,False,False,False,0.95,-8.972,19F,0.435162,36,19F
ERR2667345#27,True,False,False,False,0.999,-11.402,14,0.009746,33G,14
SRR26833933#6,True,False,False,False,1.0,-12.969,8,0.008285,36,8
ERR2667104#1,True,False,False,False,1.0,-11.751,19A,0.001928,33C,19A
SRR26818058#2,True,False,False,False,1.0,-12.46,22F,0.001321,35A_35C_42,22F
ERR600499#2,True,False,False,False,0.942,-8.766,18C,0.48559,Serogroup 33,18C
SRR26797116#25,True,False,False,False,0.999,-11.513,10A,0.083215,35A_35C_42,10A
ERR340889#11,True,False,False,False,0.999,-11.305,7F,0.159975,20,7F
ERR2681083#1,True,False,False,False,1.0,-11.751,19A,0.001928,33C,19A
SRR26714078#6,True,False,False,False,1.0,-13.088,8,0.005205,36,8
SRR26910563#21,True,False,False,False,1.0,-13.24,8,0.002857,36,8
SRR26715048#23,True,False,False,False,0.999,-11.995,16F,0.002788,39,16F
ERR3303223#2,True,False,False,False,0.999,-11.784,10A,0.009703,35A_35C_42,10A
ERR1065158#2,True,False,False,False,0.997,-10.85,13,0.361377,Serogroup 33,13
ERR13374956#2,True,False,False,False,0.999,-11.855,15A,0.005242,10,15A
SRR26714233#1,True,False,False,False,0.999,-11.783,15A,0.005387,10,15A
ERR2090700#30,True,True,True,True,0.488,-8.057,UNKNOWN,0.999928,20,15B
ERR913081#4,True,False,False,False,0.999,-11.538,23F,0.022614,19B_19C,23F
SRR26884142#1,True,False,False,False,1.0,-13.116,8,0.001332,36,8
SRR26833708#1,True,False,False,False,1.0,-13.007,8,0.001797,36,8
SRR26930210#14,True,False,False,False,0.998,-11.262,22F,0.255465,35A_35C_42,22F
SRR26879792#5,True,False,False,False,0.999,-12.315,9N,0.035771,18,9N
SRR26797505#2,True,False,False,False,0.999,-11.304,16F,0.113895,35A_35C_42,16F
SRR26673512#241,True,True,False,True,0.994,-9.881,UNKNOWN,0.651538,10D,19A
ERR13365758#27,True,False,False,False,1.0,-12.381,22F,0.002978,35A_35C_42,22F
ERR13374600#2,True,False,False,False,0.89,-9.156,6A,0.017781,36,6A
SRR26749920#58,True,True,True,True,0.54,-7.51,UNKNOWN,0.997939,33G,11E
ERR774004#9,True,False,False,False,0.998,-10.832,23A,0.264002,20,23A
SRR26834522#15,True,False,False,False,1.0,-12.025,19A,0.000527,33C,19A
SRR26879639#26,True,True,False,True,0.934,-10.594,UNKNOWN,0.738478,33G,12F
SRR26714302#24,True,False,False,False,0.999,-11.146,15A,0.033667,10,15A
SRR26797318#4,True,False,False,False,1.0,-13.265,8,0.002988,36,8
SRR26789358#3,True,False,False,False,0.994,-10.47,9V,0.039493,20,9V
ERR774376#6,True,False,False,False,1.0,-12.928,1,0.002784,6,1
ERR774204#1,True,True,False,True,0.964,-9.505,UNKNOWN,0.806002,45,6B
SRR26749257#2,True,False,False,False,1.0,-13.846,3,0.0052,36,3
SRR26879758#9,True,True,False,True,0.996,-10.72,UNKNOWN,0.697497,45,7C
SRR26884023#5,True,False,False,False,1.0,-13.207,8,0.003305,36,8
ERR750977#1,True,False,False,False,0.734,-9.281,15B,0.00932,29,15B
SRR26817724#11,True,False,False,False,1.0,-13.846,3,0.0052,36,3
ERR750888#7,True,True,False,True,0.995,-10.625,UNKNOWN,0.635536,6,6C
ERR2090766#23,True,False,False,False,0.998,-11.505,12F,0.379827,20,12F
SRR26714572#20,True,True,False,True,0.929,-10.41,UNKNOWN,0.694272,18,35B
SRR26672801#4,True,False,False,False,1.0,-13.875,3,0.004701,36,3
ERR13364570#9,True,False,False,False,1.0,-12.144,14,0.001621,33G,14
SRR26911047#10,True,False,False,False,0.999,-11.622,12F,0.159704,20,12F
ERR13374840#24,True,True,False,True,0.987,-9.574,UNKNOWN,0.934679,3,23A
ERR577986#60,True,False,False,False,0.932,-9.893,6B,0.005728,45,6B
ERR2667468#5,True,True,False,True,0.827,-8.356,UNKNOWN,0.559695,45,6B
SRR26749748#2,True,True,False,True,0.997,-11.068,UNKNOWN,0.514959,6,6C
SRR26673062#21,True,False,False,False,0.999,-12.301,9N,0.036625,18,9N
ERR730206#1,True,False,False,False,0.991,-10.806,11A,0.115813,12_44_46,11A
ERR774327#5,True,True,True,True,0.144,-5.947,UNKNOWN,1.0,33A_33F_37,18A
ERR13364669#23,True,True,False,True,0.984,-9.32,UNKNOWN,0.974685,36,19F
SRR26834366#43,True,True,False,True,0.806,-8.583,UNKNOWN,0.97774,20,15B
SRR26673219#69,True,False,False,False,1.0,-12.768,8,0.012234,36,8
SRR26714853#2,True,False,False,False,1.0,-12.46,22F,0.001321,35A_35C_42,22F
ERR1788059#2,True,False,False,False,1.0,-12.168,14,0.000746,Serogroup 33,14
SRR26797563#1,True,False,False,False,1.0,-13.984,3,0.004317,36,3
SRR26797266#9,True,False,False,False,1.0,-12.609,35F,0.012032,20,35F
SRR26930621#30,True,False,False,False,1.0,-12.405,22F,0.001427,35A_35C_42,22F
SRR26931608#1,True,False,False,False,1.0,-13.424,8,0.00123,36,8
ERR568692#2,True,False,False,False,0.999,-10.699,19F,0.001673,12_44_46,19F
ERR13374752#2,True,False,False,False,0.998,-11.296,7C,0.249755,6,7C
ERR862278#1,True,True,False,True,0.99,-9.825,UNKNOWN,0.66183,39,16F
SRR26594729#3,True,False,False,False,1.0,-12.44,22F,0.001202,35A_35C_42,22F
SRR26797804#2,True,False,False,False,1.0,-13.121,8,0.001159,36,8
ERR1453445#23,True,False,False,False,0.999,-11.871,5,0.030923,35A_35C_42,5
ERR14654000#5,True,False,False,False,0.999,-11.692,14,0.001853,Serogroup 33,14
ERR3796769#4,True,False,False,False,0.996,-11.759,24F,0.126013,35A_35C_42,24F
SRR26594450#2,True,True,False,True,0.987,-10.69,UNKNOWN,0.9079,11,12F
SRR26714909#16,True,False,False,False,0.999,-12.176,33F,0.024942,20,33F
SRR26797226#14,True,False,False,False,1.0,-13.015,8,0.001885,36,8
SRR26818491#2,True,False,False,False,0.999,-12.028,22F,0.003467,33A_33F_37,22F
SRR26595036#2,True,False,False,False,1.0,-13.121,8,0.001159,36,8
ERR876465#30,True,False,False,False,1.0,-12.221,14,0.001279,15,14
SRR26749811#2,True,False,False,False,1.0,-13.015,8,0.001885,36,8
SRR26878304#2,True,True,False,True,0.823,-9.478,UNKNOWN,0.615278,12_44_46,11A
SRR26931602#3,True,False,False,False,1.0,-13.116,8,0.001332,36,8
ERR730882#12,True,False,False,False,0.999,-12.067,12F,0.104741,6,12F
ERR2089352#15,True,False,False,False,0.753,-8.87,15B,0.408301,36,15B
SRR26930201#1,True,False,False,False,0.999,-12.101,12F,0.066398,11,12F
SRR26910708#9,True,False,False,False,0.999,-12.125,12F,0.209389,11,12F
ERR1202542#8,True,True,False,True,0.981,-10.292,UNKNOWN,1.0,3,2
ERR13366187#4,True,False,False,False,0.999,-11.732,23F,0.013318,19B_19C,23F
ERR2681258#9,True,False,False,False,0.934,-9.596,6B,0.129479,45,6B
ERR2090399#1,True,False,False,False,0.999,-11.904,1,0.058622,6,1
SRR26673294#2,True,False,False,False,1.0,-12.338,22F,0.001845,35A_35C_42,22F
SRR26673622#42,True,True,False,True,0.976,-9.055,UNKNOWN,0.986834,20,33F
SRR26594799#7,True,False,False,False,1.0,-13.24,8,0.002857,36,8
ERR2667166#1,True,False,False,False,1.0,-13.875,3,0.004701,36,3
SRR26878562#1,True,False,False,False,1.0,-12.645,35F,0.01074,20,35F
SRR26749993#8,True,False,False,False,0.999,-11.148,15A,0.045771,10,15A
SRR26790085#6,True,False,False,False,1.0,-13.24,8,0.002857,36,8
ERR596389#36,True,False,False,False,0.999,-11.967,22F,0.007087,35A_35C_42,22F
ERR633016#1,True,False,False,False,1.0,-12.418,1,0.014958,6,1
ERR714468#27,True,True,False,True,0.952,-9.011,UNKNOWN,0.994996,20,9V
ERR1453648#1,True,False,False,False,0.998,-11.22,23A,0.025098,3,23A
SRR26594362#2,True,False,False,False,1.0,-13.123,8,0.00125,36,8
ERR1066131#19,True,True,False,True,0.957,-9.849,UNKNOWN,0.629883,45,6B
ERR340864#64,True,True,False,True,0.994,-10.521,UNKNOWN,0.885858,11,1
ERR13365494#24,True,True,False,True,0.988,-9.508,UNKNOWN,0.960396,36,19F
ERR774717#3,True,False,False,False,0.815,-9.964,38,0.002047,3,38
ERR2089726#24,True,True,False,True,0.898,-8.633,UNKNOWN,1.0,20,46
ERR1288815#4,True,False,False,False,1.0,-12.623,35F,0.01192,20,35F
ERR1453419#27,True,False,False,False,0.998,-11.273,4,0.138469,36,4
ERR714103#3,True,False,False,False,1.0,-12.945,1,0.002697,6,1
ERR1065902#6,True,True,False,True,0.504,-9.054,UNKNOWN,0.991318,20,46
ERR326507#134,True,True,False,True,0.938,-9.037,UNKNOWN,0.976709,36,4
ERR2667524#19,True,False,False,False,0.999,-11.803,5,0.106161,35A_35C_42,5
ERR1065785#2,True,False,False,False,0.997,-10.774,21,0.140483,45,21
SRR26594904#1,True,False,False,False,1.0,-13.435,8,0.001045,36,8
ERR13364974#1,True,False,False,False,1.0,-12.616,35F,0.011759,20,35F
SRR26714293#7,True,False,False,False,1.0,-13.223,8,0.002813,36,8
ERR3796571#1,True,False,False,False,0.997,-11.781,24F,0.124368,35A_35C_42,24F
ERR1422346#1,True,False,False,False,0.998,-11.377,16F,0.01516,35A_35C_42,16F
ERR1288873#3,True,False,False,False,0.998,-11.361,10B,0.359876,33G,10B
SRR26879930#4,True,False,False,False,1.0,-13.24,8,0.002857,36,8
SRR26673521#1,True,False,False,False,1.0,-13.157,8,0.002131,36,8
ERR633108#12,True,True,False,True,0.754,-8.829,UNKNOWN,0.50677,36,15B
ERR13365281#1,True,False,False,False,1.0,-12.274,22F,0.005633,35A_35C_42,22F
ERR13366030#1,True,False,False,False,0.999,-11.29,19F,0.001062,12_44_46,19F
ERR2090157#21,True,True,False,True,0.922,-8.882,UNKNOWN,0.996638,18,35B
SRR26594596#1,True,True,False,True,0.993,-9.808,UNKNOWN,0.800758,35A_35C_42,10A
ERR13364402#13,True,False,False,False,0.998,-10.712,14,0.067005,15,14
ERR714507#2,True,True,False,True,0.725,-8.39,UNKNOWN,0.977764,3,23F
SRR26789477#10,True,False,False,False,0.999,-11.304,16F,0.113895,35A_35C_42,16F
ERR2089099#1,True,False,False,False,0.999,-11.914,13,0.002649,20,13
SRR26834435#6,True,False,False,False,0.999,-12.28,9N,0.029829,18,9N
ERR326381#29,True,True,False,True,0.985,-9.432,UNKNOWN,0.843042,6,6B
SRR26910731#5,False,True,True,True,0.667,-6.1,UNKNOWN,0.999994,35A_35C_42,6B
ERR1066317#8,True,False,False,False,1.0,-13.13,1,0.001433,6,1
SRR26931595#33,True,False,False,False,0.999,-11.016,23B,0.069766,6,23B
SRR26930951#7,True,True,False,True,0.996,-10.846,UNKNOWN,0.696849,35A_35C_42,19A
ERR596417#19,True,True,False,True,0.944,-10.222,UNKNOWN,0.920893,18,35B
ERR3227774#17,True,False,False,False,0.999,-11.017,14,0.058535,27,14
SRR26749330#25,True,True,False,True,0.94,-9.048,UNKNOWN,0.993099,6,35B
ERR913301#11,True,True,False,True,0.908,-9.292,UNKNOWN,0.997714,35A_35C_42,13
ERR13374673#1,True,False,False,False,0.999,-11.207,23A,0.025783,3,23A
ERR13364833#10,True,True,False,True,0.937,-8.868,UNKNOWN,0.987428,Serogroup 33,14
ERR425373#29,True,False,False,False,1.0,-12.067,14,0.001295,33G,14
ERR751040#17,True,True,False,True,0.976,-10.131,UNKNOWN,0.629938,45,6B
ERR1453457#3,True,True,False,True,0.949,-10.33,UNKNOWN,0.877305,18,35B
ERR997488#20,True,False,False,False,0.999,-11.566,10A,0.008799,35A_35C_42,10A
ERR2667837#6,True,False,False,False,1.0,-12.961,1,0.00374,6,1
SRR26833848#7,True,False,False,False,1.0,-12.969,8,0.008285,36,8
ERR7567934#6,True,True,False,True,0.96,-10.611,UNKNOWN,0.991282,11,12F
SRR26714485#1,True,False,False,False,0.999,-11.782,16F,0.005218,39,16F
ERR326483#38,True,False,False,False,0.999,-10.922,14,0.051085,35A_35C_42,14
ERR2089577#1,True,False,False,False,0.982,-10.038,6A,0.00102,20,6A
ERR2089932#1,True,False,False,False,0.987,-10.133,6A,0.001728,45,6A
SRR26714160#1,True,False,False,False,0.995,-9.984,15A,0.407394,10,15A
ERR2680996#3,True,True,False,True,0.996,-10.469,UNKNOWN,0.514145,35A_35C_42,34
SRR26877981#16,True,False,False,False,0.998,-11.342,22F,0.231966,35A_35C_42,22F
ERR311083#20,True,True,False,True,0.959,-8.354,UNKNOWN,0.989101,20,9V
ERR1422658#31,True,False,False,False,1.0,-12.264,14,0.001084,15,14
ERR505736#36,True,True,False,True,0.995,-10.596,UNKNOWN,0.786077,6,1
SRR26879576#2,True,False,False,False,1.0,-13.102,8,0.003566,3,8
SRR26594796#7,True,False,False,False,0.998,-11.965,33F,0.115937,20,33F
ERR1065912#4,True,False,False,False,0.999,-11.0,19F,0.000565,12_44_46,19F
ERR730330#25,True,True,True,True,0.654,-6.953,UNKNOWN,0.999993,20,14
SRR26818293#4,True,False,False,False,1.0,-13.875,3,0.004701,36,3
SRR26880161#4,True,True,False,True,0.768,-8.823,UNKNOWN,0.911032,36,15B
ERR338207#1,True,False,False,False,1.0,-12.751,8,0.004699,36,8
ERR13365992#1,True,True,False,True,0.813,-9.445,UNKNOWN,0.627304,12_44_46,11A
SRR26789220#3,True,False,False,False,1.0,-13.846,3,0.0052,36,3
ERR862394#10,True,True,False,True,0.967,-9.568,UNKNOWN,0.582268,45,6B
ERR997690#7,True,False,False,False,0.934,-9.597,6B,0.131623,45,6B
ERR730495#23,True,False,False,False,0.999,-11.686,5,0.084002,35A_35C_42,5
ERR1430807#4,True,False,False,False,0.999,-11.43,19A,0.015966,33C,19A
ERR714550#5,True,False,False,False,0.949,-10.369,18C,0.095181,Serogroup 33,18C
SRR26884387#18,True,True,False,True,0.921,-8.849,UNKNOWN,0.997931,35A_35C_42,35B
ERR2352251#22,True,True,False,True,0.997,-10.522,UNKNOWN,0.593565,45,16F
ERR3796887#4,True,False,False,False,0.996,-11.767,24F,0.123364,35A_35C_42,24F
ERR845781#5,True,True,False,True,0.97,-9.224,UNKNOWN,0.957687,33G,14
ERR773847#1,True,False,False,False,1.0,-11.774,19A,0.003217,33C,19A
ERR433699#67,True,True,False,True,0.998,-11.404,UNKNOWN,0.624767,35A_35C_42,7F
SRR26673451#2,True,True,False,True,0.941,-9.514,UNKNOWN,0.941382,12_44_46,11A
ERR2680969#1,True,False,False,False,0.933,-9.589,6B,0.116686,45,6B
ERR13364651#4,True,False,False,False,0.999,-10.905,19F,0.000674,12_44_46,19F
SRR26930636#1,True,False,False,False,1.0,-11.986,10A,0.003392,35A_35C_42,10A
SRR26880251#1,True,False,False,False,1.0,-13.015,8,0.001885,36,8
ERR1638454#5,True,False,False,False,1.0,-11.919,14,0.005085,15,14
ERR2667918#1,True,False,False,False,0.991,-10.706,18A,0.274244,Serogroup 33,18A
ERR1066251#13,True,False,False,False,0.998,-10.748,23F,0.246752,19B_19C,23F
ERR909048#29,True,True,False,True,0.961,-9.47,UNKNOWN,0.585112,45,6B
ERR1788538#7,True,False,False,False,0.999,-11.956,16F,0.003089,39,16F
ERR1799709#14,True,False,False,False,0.666,-9.021,15B,0.042767,36,15B
ERR7567733#2,True,False,False,False,1.0,-11.98,10A,0.003478,35A_35C_42,10A
ERR862326#7,True,True,False,True,0.976,-8.861,UNKNOWN,0.94529,36,19F
ERR2090691#4,True,False,False,False,0.999,-12.201,12F,0.257331,20,12F
SRR26749214#12,True,False,False,False,0.999,-12.16,9N,0.014495,20,9N
ERR925230#1,True,False,False,False,1.0,-11.794,19A,0.002902,33C,19A
ERR505949#16,True,False,False,False,0.998,-10.933,5,0.378103,35A_35C_42,5
SRR26790108#2,True,False,False,False,0.996,-11.767,24F,0.122723,35A_35C_42,24F
ERR1192116#11,True,True,False,True,0.972,-10.069,UNKNOWN,0.634654,45,6B
ERR2090979#17,True,False,False,False,1.0,-13.237,8,0.002802,36,8
SRR26749997#44,True,False,False,False,0.999,-11.49,19A,0.01373,36,19A
SRR26714742#2,True,False,False,False,1.0,-13.123,8,0.00125,36,8
ERR316903#49,True,True,True,True,0.733,-7.308,UNKNOWN,1.0,20,9V
ERR2681338#1,True,False,False,False,0.994,-10.91,11A,0.088765,12_44_46,11A
ERR1422614#2,True,False,False,False,0.999,-11.833,16F,0.004485,39,16F
SRR26818555#4,True,False,False,False,1.0,-13.102,8,0.003566,3,8
ERR505500#10,True,True,False,True,0.944,-8.51,UNKNOWN,0.998315,45,19F
ERR505983#18,True,False,False,False,1.0,-12.194,14,0.000504,Serogroup 33,14
SRR26594874#3,True,False,False,False,0.579,-9.172,15B,0.00403,29,15B
SRR26878574#1,True,True,False,True,0.892,-8.621,UNKNOWN,0.999855,45,20B
ERR714313#4,True,False,False,False,1.0,-12.945,1,0.002697,6,1
SRR26797330#17,True,False,False,False,0.999,-12.118,33F,0.104626,20,33F
ERR884613#20,True,True,True,True,0.485,-6.8,UNKNOWN,1.0,33A_33F_37,8
ERR2090110#1,True,False,False,False,0.612,-9.107,15C,0.003011,29,15C
ERR774552#1,True,True,False,True,0.994,-11.074,UNKNOWN,0.71396,35A_35C_42,29
ERR1065352#10,True,False,False,False,0.785,-9.282,15B,0.029418,20,15B
ERR2681217#3,True,True,False,True,0.996,-10.469,UNKNOWN,0.514145,35A_35C_42,34
ERR3303296#2,True,False,False,False,1.0,-12.193,14,0.000412,Serogroup 33,14
ERR2091059#22,True,False,False,False,1.0,-12.741,1,0.003448,6,1
SRR26797136#1,True,False,False,False,0.999,-12.116,9N,0.018865,20,9N
ERR980045#31,True,True,False,True,0.978,-8.914,UNKNOWN,0.96496,10D,9V
SRR26714819#1,True,False,False,False,0.998,-11.945,33F,0.123561,20,33F
ERR1065726#1,True,False,False,False,0.999,-11.383,34,0.018863,6,34
ERR7567751#12,True,True,True,True,0.825,-7.655,UNKNOWN,0.999992,20,33D
ERR870061#5,True,True,False,True,0.961,-9.473,UNKNOWN,0.937399,12_44_46,35B
ERR884578#7,True,True,True,True,0.321,-6.17,UNKNOWN,1.0,33A_33F_37,18C
ERR13364444#1,True,False,False,False,1.0,-12.273,22F,0.00547,35A_35C_42,22F
SRR26594362#8,True,False,False,False,1.0,-13.217,8,0.002794,36,8
SRR26930882#6,True,False,False,False,1.0,-13.22,8,0.002803,36,8
SRR26930397#1,True,True,False,True,0.985,-10.155,UNKNOWN,0.977211,39,8
SRR26789679#1,True,False,False,False,0.999,-12.151,9N,0.014496,20,9N
ERR4289053#2,True,False,False,False,1.0,-13.875,3,0.004701,36,3
SRR26930184#7,True,False,False,False,1.0,-13.24,8,0.002857,36,8
SRR26818468#5,True,False,False,False,1.0,-13.223,8,0.00279,36,8
SRR26749468#2,True,False,False,False,0.999,-12.253,12F,0.132868,20,12F
SRR26879787#2,True,False,False,False,0.996,-11.769,24F,0.125342,35A_35C_42,24F
SRR26672963#7,True,False,False,False,0.999,-11.108,15A,0.046071,10,15A
ERR2612052#1,True,False,False,False,1.0,-11.769,19A,0.003016,33C,19A
ERR425391#84,True,True,True,True,0.307,-5.936,UNKNOWN,0.999999,36,23B
ERR4501328#1,True,False,False,False,1.0,-11.949,19A,0.001188,33C,19A
ERR909174#1,True,True,False,True,0.927,-10.403,UNKNOWN,0.637953,18,35B
SRR26789333#5,True,False,False,False,1.0,-13.875,3,0.004701,36,3
SRR26789235#51,True,True,False,True,0.998,-11.404,UNKNOWN,0.624767,35A_35C_42,7F
SRR26877885#23,True,False,False,False,0.999,-11.513,10A,0.083215,35A_35C_42,10A
SRR26879963#7,True,False,False,False,1.0,-13.223,8,0.00279,36,8
ERR2090417#3,True,False,False,False,0.999,-12.201,12F,0.257331,20,12F
ERR3270766#18,False,True,True,True,0.146,-5.076,UNKNOWN,0.999793,20,19A
ERR1066002#1,True,False,False,False,0.988,-10.774,11A,0.400475,12_44_46,11A
SRR26594360#23,True,True,False,True,0.934,-10.594,UNKNOWN,0.738478,33G,12F
SRR26790020#8,True,False,False,False,0.998,-11.262,22F,0.255465,35A_35C_42,22F
ERR774689#28,True,False,False,False,0.999,-11.686,5,0.084002,35A_35C_42,5
ERR600491#9,True,False,False,False,0.932,-9.893,6B,0.005728,45,6B
SRR26834194#2,True,False,False,False,0.999,-12.138,9N,0.015893,20,9N
ERR2089054#1,True,False,False,False,0.998,-11.568,24F,0.153006,35A_35C_42,24F
ERR708297#17,True,True,False,True,0.976,-10.133,UNKNOWN,0.627072,45,6B
SRR26749705#8,True,False,False,False,0.999,-11.141,19F,0.000695,36,19F
ERR646554#1,True,False,False,False,0.946,-9.497,14,0.00925,20,14
ERR633077#23,True,False,False,False,1.0,-11.975,14,0.004477,Serogroup 33,14
ERR730412#6,True,False,False,False,0.918,-9.202,14,0.043488,36,14
ERR714106#4,True,False,False,False,1.0,-12.945,1,0.002697,6,1
SRR26817944#14,True,False,False,False,1.0,-13.116,8,0.001332,36,8
ERR730841#8,True,False,False,False,1.0,-12.201,14,0.000474,Serogroup 33,14
SRR26672785#1,True,False,False,False,0.999,-11.996,22F,0.015114,35A_35C_42,22F
ERR1788051#1,True,False,False,False,0.955,-10.284,18C,0.110909,Serogroup 33,18C
SRR26714657#11,True,False,False,False,0.999,-11.849,22F,0.01975,33A_33F_37,22F
SRR26818120#2,True,True,False,True,0.992,-9.738,UNKNOWN,0.591172,35A_35C_42,16F
SRR26818167#7,True,False,False,False,1.0,-13.223,8,0.00279,36,8
SRR26931491#8,True,True,True,True,0.617,-7.738,UNKNOWN,1.0,18,15F
ERR662408#8,True,False,False,False,0.999,-11.511,10A,0.046635,35A_35C_42,10A
ERR13374748#6,True,True,False,True,0.996,-10.69,UNKNOWN,0.53851,6,6C
ERR13366205#1,True,False,False,False,0.999,-11.394,23F,0.012933,19B_19C,23F
ERR1788019#19,True,True,False,True,0.972,-9.276,UNKNOWN,0.996559,35A_35C_42,9L
ERR1065850#6,True,True,False,True,0.982,-10.613,UNKNOWN,0.795579,18,35B
ERR730266#26,True,True,False,True,0.907,-9.732,UNKNOWN,0.999966,33G,11B
ERR1066309#1,True,False,False,False,0.999,-11.678,23B,0.008587,7B_7C_40,23B
ERR925366#1,True,True,False,True,0.997,-11.048,UNKNOWN,0.526608,25A_25F_38,7C
ERR1065607#8,True,True,False,True,0.961,-9.47,UNKNOWN,0.585112,45,6B
ERR600622#2,True,False,False,False,0.994,-10.064,6A,0.185111,45,6A
SRR26789493#1,True,False,False,False,0.996,-11.768,24F,0.122984,35A_35C_42,24F
SRR26797313#1,True,False,False,False,0.999,-12.041,12F,0.082214,11,12F
ERR2089318#4,True,False,False,False,0.997,-11.129,17F,0.450053,20,17F
ERR326365#111,True,True,False,True,0.957,-9.365,UNKNOWN,0.803881,45,6B
ERR1658229#6,True,False,False,False,0.999,-11.343,19A,0.020511,33C,19A
SRR26910683#1,True,False,False,False,1.0,-11.795,19A,0.002887,33C,19A
ERR1453713#3,True,True,True,True,0.411,-6.289,UNKNOWN,1.0,36,35F
ERR3796045#5,True,False,False,False,0.999,-11.798,14,0.010203,3,14
SRR26880318#2,True,False,False,False,1.0,-13.015,8,0.001885,36,8
ERR9796528#4,True,False,False,False,0.708,-9.237,15B,0.008817,3,15B
ERR3164125#7,True,False,False,False,1.0,-12.102,14,0.001214,Serogroup 33,14
SRR26789664#21,True,False,False,False,0.999,-12.178,33F,0.025689,20,33F
ERR1192128#1,True,True,False,True,0.7,-8.741,UNKNOWN,0.996877,18,20A
ERR870309#5,True,True,False,True,0.942,-9.55,UNKNOWN,0.97816,19B_19C,10A
SRR26797332#12,True,False,False,False,0.999,-12.158,9N,0.01413,20,9N
ERR2612104#3,True,True,False,True,0.774,-8.195,UNKNOWN,0.99533,36,4
ERR2089848#2,True,True,False,True,0.597,-9.041,UNKNOWN,0.994099,33G,12F
SRR26749946#22,True,False,False,False,0.999,-12.275,33F,0.02709,20,33F
SRR26672963#1,True,False,False,False,0.999,-11.678,15A,0.004452,10,15A
ERR3796667#3,True,False,False,False,0.996,-11.71,24F,0.177462,35A_35C_42,24F
ERR3332177#2,True,False,False,False,1.0,-11.908,14,0.002397,36,14
SRR26673680#6,True,False,False,False,1.0,-13.875,3,0.004701,36,3
ERR13364440#3,True,False,False,False,1.0,-12.277,22F,0.005467,35A_35C_42,22F
ERR884572#96,True,False,False,False,0.999,-10.942,19A,0.017612,35A_35C_42,19A
ERR600090#5,True,False,False,False,0.999,-11.162,7F,0.065173,35A_35C_42,7F
ERR2853696#14,True,False,False,False,1.0,-11.768,19A,0.002375,33C,19A
SRR26884561#4,True,False,False,False,1.0,-13.24,8,0.002857,36,8
SRR26789975#1,True,False,False,False,1.0,-12.326,22F,0.001252,35A_35C_42,22F
ERR714571#12,True,True,False,True,0.96,-9.468,UNKNOWN,0.564675,45,6B
ERR568688#5,True,False,False,False,0.999,-10.698,19F,0.001697,12_44_46,19F
SRR26834469#4,True,False,False,False,1.0,-12.342,22F,0.001799,35A_35C_42,22F
SRR26931800#3,True,False,False,False,1.0,-12.44,22F,0.001202,35A_35C_42,22F
SRR26789872#3,True,False,False,False,0.998,-11.128,19A,0.14063,10D,19A
ERR2090074#1,True,False,False,False,0.998,-11.386,10B,0.237935,33G,10B
ERR714549#1,True,False,False,False,1.0,-12.202,14,0.000409,Serogroup 33,14
SRR26931395#29,True,False,False,False,0.998,-10.648,19A,0.103946,36,19A
SRR26878089#9,True,True,False,True,0.937,-9.268,UNKNOWN,0.878969,12_44_46,11A
ERR516691#1,True,False,False,False,0.999,-11.76,13,0.00545,20,13
SRR26879900#13,True,False,False,False,1.0,-12.048,19A,0.000468,33C,19A
ERR862343#24,True,False,False,False,0.999,-12.122,5,0.021848,35A_35C_42,5
SRR26930403#1,True,False,False,False,1.0,-13.414,8,0.001129,36,8
ERR2612121#1,True,False,False,False,1.0,-11.465,19F,0.000483,12_44_46,19F
ERR1202158#1,True,True,False,True,0.85,-9.578,UNKNOWN,0.592811,12_44_46,11A
ERR1799717#1,True,False,False,False,0.999,-12.027,9N,0.024145,20,9N
SRR26797015#22,True,True,False,True,0.934,-10.594,UNKNOWN,0.738478,33G,12F
SRR26834266#5,True,False,False,False,1.0,-12.613,35F,0.011958,20,35F
ERR1214498#40,True,True,False,True,0.883,-8.489,UNKNOWN,0.987974,36,19F
SRR26594277#1,True,False,False,False,0.999,-12.077,12F,0.101914,6,12F
SRR26789937#2,True,False,False,False,0.999,-12.101,12F,0.066398,11,12F
ERR774591#36,True,False,False,False,1.0,-12.968,1,0.002478,6,1
SRR26834223#34,True,False,False,False,0.55,-8.882,15B,0.287505,29,15B
ERR997556#40,True,True,False,True,0.942,-9.55,UNKNOWN,0.97816,19B_19C,10A
ERR1788165#4,True,False,False,False,1.0,-13.136,8,0.001574,36,8
ERR13366026#29,True,False,False,False,0.998,-10.654,23B,0.271108,33G,23B
ERR1422579#1,True,True,False,True,0.831,-9.504,UNKNOWN,0.615241,12_44_46,11A
ERR505587#7,True,False,False,False,0.999,-11.289,19F,0.001074,12_44_46,19F
ERR632883#3,True,False,False,False,0.632,-9.317,15B,0.002094,29,15B
ERR13366182#2,True,True,False,True,0.996,-10.826,UNKNOWN,0.875284,35A_35C_42,29
ERR862276#16,True,True,True,True,0.85,-7.925,UNKNOWN,0.999845,15,4
ERR1422414#1,True,False,False,False,1.0,-13.875,3,0.004701,36,3
ERR742355#25,True,False,False,False,1.0,-12.067,14,0.001295,33G,14
ERR742755#7,True,False,False,False,0.998,-11.281,13,0.109596,20,13
SRR26910590#6,True,False,False,False,1.0,-12.335,17F,0.021922,20,17F
ERR433597#4,True,False,False,False,1.0,-12.209,14,0.000545,Serogroup 33,14
ERR2090910#1,True,False,False,False,0.999,-11.355,23F,0.008073,19B_19C,23F
ERR2090799#4,True,False,False,False,0.999,-12.201,12F,0.257331,20,12F
SRR26931674#1,True,False,False,False,1.0,-13.24,8,0.002857,36,8
ERR980090#4,True,False,False,False,1.0,-12.043,14,0.001914,Serogroup 33,14
ERR1065187#3,True,True,False,True,0.983,-9.167,UNKNOWN,0.959534,45,16F
ERR925333#3,True,True,True,True,0.4,-7.052,UNKNOWN,1.0,45,15B
SRR26910292#5,True,False,False,False,1.0,-12.429,8,0.003674,36,8
SRR26789678#2,True,False,False,False,1.0,-12.46,22F,0.001321,35A_35C_42,22F
ERR568639#16,True,False,False,False,0.999,-11.817,13,0.021034,20,13
ERR568737#6,True,True,False,True,0.976,-10.135,UNKNOWN,0.644815,45,6B
ERR316646#2,True,False,False,False,0.961,-9.598,14,0.060072,36,14
SRR26884695#1,True,False,False,False,0.999,-11.676,23B,0.011864,7B_7C_40,23B
ERR714118#6,True,True,False,True,0.958,-10.589,UNKNOWN,0.991938,11,12F
ERR1795479#3,True,True,True,True,0.388,-6.677,UNKNOWN,1.0,20,9N
ERR596424#21,True,True,False,True,0.97,-9.778,UNKNOWN,0.866043,12_44_46,35B
SRR26834310#4,True,False,False,False,0.999,-11.717,15A,0.003884,10,15A
ERR913205#26,True,False,False,False,0.985,-10.148,6A,0.00069,45,6A
ERR869981#1,True,False,False,False,0.642,-8.904,15B,0.181136,36,15B
SRR26910336#48,True,True,False,True,0.994,-11.184,UNKNOWN,0.75397,20,17F
ERR701840#1,True,True,False,True,0.991,-10.336,UNKNOWN,0.847238,35A_35C_42,18F
ERR2667159#3,True,False,False,False,1.0,-13.875,3,0.004701,36,3
ERR1453594#1,True,False,False,False,0.998,-11.259,1,0.323373,11,1
ERR1788022#13,True,True,False,True,0.925,-10.568,UNKNOWN,0.690718,33G,12F
ERR433754#2,True,False,False,False,0.997,-10.152,19F,0.078539,12_44_46,19F
ERR2090741#4,True,False,False,False,1.0,-13.846,3,0.0052,36,3
ERR13365209#10,True,True,True,True,0.45,-7.036,UNKNOWN,0.999999,20,12F
ERR750979#6,True,False,False,False,0.999,-12.065,5,0.028369,35A_35C_42,5
SRR26818651#56,True,True,False,True,0.996,-10.57,UNKNOWN,0.6261,6,10A
ERR884435#2,True,False,False,False,0.811,-9.914,38,0.001206,6,38
SRR26715050#1,True,False,False,False,1.0,-13.846,3,0.0052,36,3
ERR505727#25,True,False,False,False,0.999,-11.613,34,0.006831,6,34
SRR26817941#12,True,False,False,False,1.0,-13.121,8,0.001159,36,8
ERR568600#2,True,False,False,False,1.0,-12.604,35F,0.012524,20,35F
SRR26789298#10,True,False,False,False,0.999,-11.256,23F,0.012235,19B_19C,23F
ERR13364487#1,True,False,False,False,1.0,-12.48,35F,0.016985,20,35F
ERR13364685#3,True,True,True,True,0.621,-7.117,UNKNOWN,0.998992,45,6A
ERR1214584#1,True,False,False,False,1.0,-12.28,22F,0.001889,35A_35C_42,22F
ERR1422500#2,True,False,False,False,1.0,-12.167,14,0.002305,15,14
ERR909108#4,True,False,False,False,0.998,-10.429,19F,0.075237,Serogroup 33,19F
SRR26789360#1,True,False,False,False,0.806,-9.938,38,0.00254,3,38
ERR600302#42,True,False,False,False,0.95,-8.972,19F,0.435162,36,19F
ERR979987#17,True,False,False,False,0.999,-11.587,23F,0.017454,19B_19C,23F
ERR730766#21,True,False,False,False,1.0,-13.077,8,0.002544,36,8
ERR751146#5,True,False,False,False,1.0,-12.061,14,0.002985,Serogroup 33,14
SRR26789368#10,True,False,False,False,0.999,-12.253,12F,0.132868,20,12F
ERR751179#23,True,True,True,True,0.93,-8.144,UNKNOWN,0.993463,35A_35C_42,19A
ERR3796702#4,True,False,False,False,0.996,-11.759,24F,0.126013,35A_35C_42,24F
SRR26594507#1,True,False,False,False,0.998,-11.182,12F,0.137887,11,12F
ERR13374918#21,True,True,True,True,0.85,-8.058,UNKNOWN,0.999974,35A_35C_42,20A
ERR774083#1,True,False,False,False,1.0,-11.795,19A,0.00303,33C,19A
ERR2681154#5,True,False,False,False,0.999,-11.033,19F,0.000415,36,19F
ERR316909#4,True,False,False,False,1.0,-12.131,16F,0.001622,39,16F
SRR26672783#21,True,False,False,False,0.999,-11.537,19A,0.006463,33C,19A
SRR26789328#1,True,False,False,False,1.0,-12.48,35F,0.016985,20,35F
ERR331416#11,True,False,False,False,0.998,-11.269,7F,0.457414,35A_35C_42,7F
ERR340847#11,True,False,False,False,0.998,-11.269,7F,0.457414,35A_35C_42,7F
ERR13374720#4,True,True,False,True,0.996,-10.75,UNKNOWN,0.673055,33G,10B
ERR884499#1,True,False,False,False,0.958,-10.589,18C,0.024194,Serogroup 33,18C
SRR26880212#44,True,True,False,True,0.994,-11.139,UNKNOWN,0.789773,20,17F
ERR908962#1,True,False,False,False,0.999,-12.346,3,0.064394,36,3
ERR1756393#12,True,True,False,True,0.862,-8.659,UNKNOWN,1.0,7B_7C_40,45
ERR600285#14,True,False,False,False,1.0,-12.215,14,0.000441,Serogroup 33,14
ERR13364941#11,True,False,False,False,0.999,-11.484,16F,0.015109,35A_35C_42,16F
ERR2681307#1,True,False,False,False,1.0,-11.741,19A,0.001998,33C,19A
ERR2681312#3,True,True,False,True,0.993,-10.062,UNKNOWN,0.837972,6,34
SRR26749566#15,True,False,False,False,1.0,-12.337,22F,0.001811,35A_35C_42,22F
ERR884632#16,True,True,False,True,0.975,-8.736,UNKNOWN,0.885289,Serogroup 33,14
SRR26797187#4,True,False,False,False,1.0,-12.967,8,0.008398,36,8
ERR449202#13,True,False,False,False,1.0,-12.213,14,0.000546,Serogroup 33,14
ERR13365806#22,True,False,False,False,0.999,-11.453,10A,0.022125,35A_35C_42,10A
SRR26910897#1,True,False,False,False,1.0,-13.425,8,0.00115,36,8
ERR714419#14,True,False,False,False,0.999,-11.511,34,0.009975,6,34
ERR2089166#3,True,False,False,False,0.999,-12.391,3,0.072843,11,3
ERR1191942#7,True,False,False,False,0.999,-11.481,10A,0.029763,35A_35C_42,10A
ERR1658169#9,True,False,False,False,1.0,-12.213,14,0.00034,Serogroup 33,14
SRR26714670#3,True,False,False,False,1.0,-13.123,8,0.00125,36,8
SRR26877759#2,True,False,False,False,1.0,-13.007,8,0.001797,36,8
SRR26789972#5,True,False,False,False,1.0,-13.875,3,0.004701,36,3
SRR26910345#7,True,False,False,False,1.0,-12.964,8,0.00852,36,8
ERR568507#2,True,False,False,False,0.994,-10.064,6A,0.185111,45,6A
ERR1065890#7,True,False,False,False,0.998,-10.832,23A,0.264009,20,23A
SRR26594473#1,True,False,False,False,0.999,-12.047,12F,0.120785,6,12F
SRR26833542#12,True,True,False,True,0.996,-10.72,UNKNOWN,0.697497,45,7C
ERR13365253#23,True,True,False,True,0.935,-8.433,UNKNOWN,0.998682,45,19F
ERR505760#20,True,False,False,False,0.999,-11.513,10A,0.083215,35A_35C_42,10A
ERR714411#30,True,False,False,False,1.0,-12.968,1,0.002478,6,1
SRR26884487#2,True,False,False,False,1.0,-13.158,8,0.002142,36,8
SRR26789818#6,True,False,False,False,0.999,-11.774,16F,0.003019,39,16F
ERR1065185#1,True,False,False,False,0.999,-12.267,31,0.042261,33A_33F_37,31
SRR26749307#20,True,True,False,True,0.988,-10.209,UNKNOWN,0.97893,35A_35C_42,22F
ERR862496#1,True,False,False,False,0.934,-9.598,6B,0.13199,45,6B
SRR26797127#9,True,True,True,True,0.862,-7.329,UNKNOWN,1.0,36,20B
ERR632961#3,True,False,False,False,0.998,-10.354,19F,0.079448,Serogroup 33,19F
SRR26673431#16,True,False,False,False,0.998,-11.262,22F,0.255465,35A_35C_42,22F
ERR909251#1,True,False,False,False,0.999,-12.346,3,0.064394,36,3
ERR730476#6,True,False,False,False,0.934,-9.597,6B,0.131623,45,6B
SRR26789585#4,True,False,False,False,1.0,-13.24,8,0.002857,36,8
SRR26880088#11,True,False,False,False,1.0,-13.116,8,0.001332,36,8
ERR714727#6,True,False,False,False,0.999,-11.534,16F,0.031807,35A_35C_42,16F
SRR26931013#5,True,False,False,False,1.0,-13.219,8,0.002751,36,8
SRR26910834#11,True,False,False,False,0.999,-11.727,23B,0.006016,6,23B
ERR984272#14,True,False,False,False,0.732,-9.204,15B,0.007281,36,15B
ERR505789#18,True,False,False,False,1.0,-12.023,19A,0.000524,33C,19A
SRR26789457#2,True,False,False,False,1.0,-13.015,8,0.001885,36,8
ERR2090453#1,True,False,False,False,0.999,-11.563,1,0.140707,19F,1
SRR26818093#1,True,True,False,True,0.916,-9.765,UNKNOWN,0.706743,18,20B
ERR913322#3,True,False,False,False,0.997,-10.862,19A,0.064499,6,19A
ERR7568061#11,True,True,False,True,0.695,-9.822,UNKNOWN,0.594486,33G,12F
ERR913267#7,True,False,False,False,1.0,-12.21,14,0.000345,Serogroup 33,14
ERR2667471#13,True,False,False,False,0.934,-9.596,6B,0.129479,45,6B
ERR490775#7,True,False,False,False,0.999,-11.292,4,0.109474,36,4
ERR326574#12,True,False,False,False,0.968,-10.642,18C,0.01282,Serogroup 33,18C
ERR2091135#10,True,False,False,False,0.998,-11.116,16F,0.177438,35A_35C_42,16F
SRR26930547#4,True,False,False,False,1.0,-13.94,3,0.007067,35A_35C_42,3
SRR26673433#1,True,False,False,False,1.0,-13.875,3,0.004701,36,3
SRR26884155#54,True,False,False,False,0.995,-10.132,19F,0.17132,12_44_46,19F
ERR1788323#61,True,True,False,True,0.996,-11.001,UNKNOWN,0.799519,11,1
ERR876509#12,True,False,False,False,0.998,-11.957,12F,0.228186,11,12F
ERR1065325#3,True,False,False,False,0.993,-10.278,19F,0.132398,36,19F
ERR1453387#1,True,False,False,False,0.996,-10.818,19A,0.068402,6,19A
ERR1202261#1,True,False,False,False,0.972,-9.563,6A,0.013382,45,6A
ERR600174#15,True,False,False,False,0.999,-12.136,33F,0.056935,20,33F
SRR26714929#5,True,False,False,False,1.0,-13.24,8,0.002857,36,8
ERR3899269#17,True,True,False,True,0.974,-10.09,UNKNOWN,0.528184,45,6B
SRR26673698#18,True,True,True,True,0.703,-7.973,UNKNOWN,0.999876,6,15A
ERR862478#1,True,False,False,False,0.991,-10.193,7F,0.298074,35A_35C_42,7F
ERR13397666#1,True,False,False,False,1.0,-11.751,19A,0.001928,33C,19A
SRR26877897#12,True,False,False,False,0.999,-12.074,12F,0.070823,11,12F
SRR26878272#16,True,False,False,False,0.998,-11.262,22F,0.255465,35A_35C_42,22F
SRR26833998#9,True,True,False,True,0.996,-10.846,UNKNOWN,0.696849,35A_35C_42,19A
ERR742390#6,True,True,False,True,0.987,-10.69,UNKNOWN,0.9079,11,12F
SRR26797538#1,True,False,False,False,1.0,-13.427,8,0.001146,36,8
SRR26834472#15,True,False,False,False,0.999,-12.321,12F,0.067768,33G,12F
ERR662367#15,True,False,False,False,0.999,-11.383,31,0.194155,33A_33F_37,31
SRR26818197#12,True,True,True,True,0.363,-6.857,UNKNOWN,1.0,20,24A
SRR26797446#14,True,False,False,False,1.0,-13.015,8,0.001885,36,8
ERR1288895#11,True,False,False,False,0.521,-9.359,15C,0.005428,29,15C
ERR876609#1,True,False,False,False,0.999,-11.337,23F,0.008562,19B_19C,23F
ERR433687#21,True,True,True,True,0.51,-6.246,UNKNOWN,0.999999,25A_25F_38,10A
ERR870106#22,True,False,False,False,0.999,-11.706,5,0.047561,35A_35C_42,5
ERR1065191#1,True,True,False,True,0.982,-9.506,UNKNOWN,0.951656,20,22A
SRR26834191#7,True,False,False,False,1.0,-13.846,3,0.0052,36,3
ERR1836940#10,True,True,False,True,0.881,-8.97,UNKNOWN,0.796665,12_44_46,19F
SRR26930369#3,True,True,True,True,0.532,-7.283,UNKNOWN,0.999662,15,14
ERR1453317#1,True,False,False,False,0.999,-11.625,23F,0.006511,19B_19C,23F
ERR1453752#22,True,True,True,True,0.745,-7.017,UNKNOWN,0.999981,33G,10A
SRR26910746#1,True,False,False,False,1.0,-11.799,19A,0.002821,33C,19A
ERR742617#1,True,True,False,True,0.894,-8.597,UNKNOWN,0.9916,35A_35C_42,19A
SRR26715025#2,True,True,False,True,0.997,-10.627,UNKNOWN,0.515366,35A_35C_42,22F
SRR26880355#3,True,False,False,False,0.999,-11.026,19F,0.00056,12_44_46,19F
SRR26878712#25,True,False,False,False,0.999,-12.301,9N,0.036625,18,9N
ERR2667308#2,True,False,False,False,1.0,-12.017,14,0.002094,Serogroup 33,14
SRR26672965#15,True,False,False,False,0.999,-12.136,33F,0.056935,20,33F
SRR26931417#2,True,False,False,False,0.999,-12.158,9N,0.01413,20,9N
ERR340871#1,True,False,False,False,0.999,-12.167,9N,0.01581,20,9N
SRR26749170#8,True,False,False,False,0.998,-11.262,22F,0.255465,35A_35C_42,22F
ERR3270829#3,True,True,False,True,0.961,-8.508,UNKNOWN,0.984121,6,6A
SRR26833767#14,True,False,False,False,1.0,-13.116,8,0.001332,36,8
ERR979962#1,True,False,False,False,0.999,-12.421,35F,0.050705,20,35F
ERR3796530#5,True,False,False,False,1.0,-12.102,14,0.001214,Serogroup 33,14
ERR730263#2,True,True,False,True,0.994,-9.931,UNKNOWN,0.500761,3,6A
SRR26673713#29,True,False,False,False,0.758,-9.459,20B,0.386064,18,20B
SRR26834053#50,True,True,False,True,0.989,-9.915,UNKNOWN,0.928547,36,19A
SRR26931284#16,True,False,False,False,0.999,-11.441,13,0.011353,20,13
SRR26789553#11,True,False,False,False,0.999,-12.321,12F,0.067768,33G,12F
ERR774633#16,True,True,True,True,0.807,-7.645,UNKNOWN,0.999993,20,33D
SRR26930255#3,True,False,False,False,1.0,-13.015,8,0.001885,36,8
SRR26797565#3,True,False,False,False,1.0,-13.015,8,0.001885,36,8
SRR26910668#15,True,False,False,False,0.999,-12.008,9N,0.028871,20,9N
ERR1202072#12,True,False,False,False,0.894,-8.634,25F,0.019578,6,25F
SRR26817916#8,True,False,False,False,0.999,-12.176,3,0.132834,11,3
ERR326375#17,True,True,False,True,0.928,-8.937,UNKNOWN,0.996991,35A_35C_42,35B
ERR925195#26,True,True,False,True,0.991,-10.32,UNKNOWN,0.827303,20,21
ERR1214332#1,True,False,False,False,0.999,-11.359,19F,0.00055,12_44_46,19F
ERR2667436#9,True,False,False,False,0.934,-9.596,6B,0.129479,45,6B
SRR26673586#24,True,True,False,True,0.975,-9.514,UNKNOWN,0.999988,35A_35C_42,24A
SRR26878542#2,True,False,False,False,1.0,-13.846,3,0.0052,36,3
ERR352031#17,True,False,False,False,0.85,-9.576,6A,0.002386,45,6A
SRR26817904#11,True,False,False,False,0.999,-12.155,9N,0.013785,20,9N
SRR26714910#83,True,True,False,True,0.996,-10.984,UNKNOWN,0.80652,11,1
ERR876603#14,True,False,False,False,0.982,-9.372,6B,0.12448,45,6B
ERR2667806#2,True,False,False,False,1.0,-12.166,19A,0.000255,33C,19A
SRR26833599#7,True,False,False,False,1.0,-13.223,8,0.00279,36,8
SRR26789257#6,True,False,False,False,1.0,-13.24,8,0.002909,36,8
ERR13365598#9,True,True,False,True,0.937,-8.868,UNKNOWN,0.987428,Serogroup 33,14
ERR1430960#15,True,False,False,False,0.744,-8.912,15B,0.297645,36,15B
SRR26714756#6,True,False,False,False,1.0,-13.223,8,0.00279,36,8
ERR434027#1,True,True,False,True,0.965,-8.602,UNKNOWN,0.991873,36,23F
ERR568552#6,True,False,False,False,1.0,-13.117,1,0.001571,6,1
ERR870284#2,True,False,False,False,1.0,-12.575,1,0.007906,6,1
ERR714192#1,True,False,False,False,1.0,-12.194,14,0.000407,Serogroup 33,14
SRR26714574#2,True,False,False,False,1.0,-13.052,8,0.0015,36,8
SRR26797703#44,True,True,False,True,0.994,-11.184,UNKNOWN,0.75397,20,17F
ERR2681238#9,True,True,True,True,0.833,-7.592,UNKNOWN,0.999537,45,14
SRR26930539#4,True,False,False,False,1.0,-13.223,8,0.00279,36,8
ERR730905#1,True,True,False,True,0.961,-9.47,UNKNOWN,0.585112,45,6B
SRR26930729#1,True,False,False,False,0.999,-12.064,12F,0.110353,6,12F
ERR316595#1,True,False,False,False,0.83,-8.699,6A,0.02394,45,6A
ERR774353#10,True,True,False,True,0.953,-10.735,UNKNOWN,0.815088,33G,12F
SRR26879676#2,True,False,False,False,1.0,-13.052,8,0.0015,36,8
ERR13374955#27,True,False,False,False,1.0,-12.347,22F,0.001956,35A_35C_42,22F
ERR714336#3,True,False,False,False,1.0,-12.945,1,0.002697,6,1
SRR26749840#5,True,False,False,False,0.999,-12.28,9N,0.029829,18,9N
SRR26880404#1,True,True,False,True,0.997,-10.806,UNKNOWN,0.593202,6,7C
SRR26884598#2,True,False,False,False,0.998,-11.323,4,0.153191,3,4
ERR568705#20,True,False,False,False,0.999,-11.516,23F,0.016735,19B_19C,23F
SRR26797932#8,True,False,False,False,0.546,-8.628,15B,0.331141,29,15C
ERR2667694#2,True,False,False,False,1.0,-12.071,19A,0.000462,33C,19A
SRR26750115#20,True,False,False,False,0.999,-11.471,12F,0.035592,6,12F
ERR2089839#1,True,True,False,True,0.949,-9.099,UNKNOWN,0.97186,45,6B
ERR2612069#22,True,False,False,False,1.0,-12.741,1,0.003448,6,1
ERR2853549#1,True,False,False,False,1.0,-11.751,19A,0.001928,33C,19A
ERR1453412#2,True,True,False,True,0.911,-10.23,UNKNOWN,0.688568,35A_35C_42,35B
SRR26749930#27,True,True,False,True,0.929,-10.415,UNKNOWN,0.679613,18,35B
SRR26884716#7,True,False,False,False,1.0,-13.223,8,0.00279,36,8
ERR13366187#1,True,True,False,True,0.942,-9.404,UNKNOWN,0.998395,20,22F
SRR26789580#10,True,False,False,False,0.999,-11.383,4,0.074373,3,4
ERR751154#23,True,False,False,False,0.999,-11.686,5,0.084002,35A_35C_42,5
SRR26673270#1,True,False,False,False,0.999,-11.622,12F,0.159704,20,12F
ERR913410#11,True,True,False,True,0.986,-9.926,UNKNOWN,0.987423,20,13
ERR4501338#2,True,False,False,False,0.996,-11.71,24F,0.177462,35A_35C_42,24F
ERR908910#25,True,False,False,False,0.998,-10.786,14,0.06598,33G,14
ERR586367#6,True,True,False,True,0.713,-8.322,UNKNOWN,0.685104,36,15B
ERR13374862#6,True,False,False,False,0.648,-9.127,15C,0.005066,29,15C
SRR26818060#3,True,False,False,False,0.999,-12.28,9N,0.029829,18,9N
SRR26877883#8,True,False,False,False,0.998,-11.262,22F,0.255465,35A_35C_42,22F
ERR714228#7,True,False,False,False,0.934,-9.598,6B,0.132889,45,6B
SRR26797290#12,True,False,False,False,1.0,-12.043,10A,0.002153,35A_35C_42,10A
ERR2090172#2,True,False,False,False,1.0,-12.527,1,0.004141,6,1
ERR869958#23,True,False,False,False,0.999,-11.686,5,0.084002,35A_35C_42,5
ERR909183#1,True,False,False,False,0.586,-9.169,15B,0.004174,29,15B
ERR884413#1,True,False,False,False,1.0,-13.846,3,0.0052,36,3
ERR742436#26,True,True,False,True,0.829,-8.548,UNKNOWN,0.997779,20,9V
ERR2681142#4,True,False,False,False,0.999,-11.034,19F,0.00041,12_44_46,19F
ERR13365532#1,True,False,False,False,0.999,-11.479,10A,0.015888,35A_35C_42,10A
SRR26749697#1,True,True,False,True,0.776,-8.39,UNKNOWN,1.0,6,24A
SRR26797880#12,True,False,False,False,1.0,-13.015,8,0.001885,36,8
ERR1430914#27,True,True,True,True,0.424,-7.562,UNKNOWN,0.999878,19B_19C,10A
ERR3303158#6,True,False,False,False,1.0,-12.871,1,0.00379,6,1
ERR326402#11,True,True,False,True,0.996,-10.669,UNKNOWN,0.538703,6,6C
ERR884335#8,True,True,False,True,0.982,-8.876,UNKNOWN,0.933184,36,19F
ERR13364544#10,True,False,False,False,1.0,-12.192,14,0.000484,Serogroup 33,14
SRR26673417#1,True,False,False,False,1.0,-13.846,3,0.0052,36,3
SRR26594467#8,True,False,False,False,0.508,-9.206,15B,0.00514,29,15B
ERR884567#13,True,False,False,False,0.999,-11.585,19A,0.00614,33C,19A
SRR26594188#7,True,False,False,False,1.0,-13.875,3,0.004701,36,3
SRR26789695#3,True,False,False,False,1.0,-13.015,8,0.001885,36,8
SRR26594906#14,True,False,False,False,0.998,-11.287,22F,0.284724,35A_35C_42,22F
ERR2091264#8,True,True,False,True,0.52,-8.488,UNKNOWN,0.9587,36,15B
ERR505795#2,True,False,False,False,0.864,-10.076,38,0.00929,3,38
SRR26879775#1,True,False,False,False,1.0,-13.165,8,0.00272,3,8
SRR26883823#14,True,False,False,False,1.0,-12.462,17F,0.014919,20,17F
ERR1192074#2,True,True,True,True,0.244,-6.105,UNKNOWN,1.0,39,10A
ERR1756467#1,True,False,False,False,0.999,-12.186,17F,0.055974,20,17F
ERR13364617#1,True,False,False,False,1.0,-11.8,14,0.0038,36,14
SRR26594279#1,True,False,False,False,0.999,-11.434,9V,0.001894,20,9V
ERR1202418#13,True,True,False,True,0.925,-10.568,UNKNOWN,0.690718,33G,12F
ERR2089876#1,True,False,False,False,0.999,-11.904,1,0.058622,6,1
ERR736940#2,True,True,False,True,0.965,-10.019,UNKNOWN,0.914126,20,35B
ERR1453675#12,True,False,False,False,0.511,-9.206,15B,0.004982,29,15B
ERR2668120#9,True,True,True,True,0.782,-7.169,UNKNOWN,1.0,35A_35C_42,45
ERR2667368#9,True,True,False,True,0.954,-10.555,UNKNOWN,0.994215,11,12F
ERR2680740#1,True,True,False,True,0.999,-12.121,UNKNOWN,0.500654,6,35A
ERR1202288#26,True,False,False,False,0.999,-11.871,5,0.030923,35A_35C_42,5
ERR730259#17,True,False,False,False,0.999,-11.431,34,0.013522,6,34
ERR1422339#29,True,False,False,False,0.998,-11.073,5,0.069323,35A_35C_42,5
ERR2089483#19,True,True,False,True,0.993,-10.286,UNKNOWN,0.881475,20,33F
ERR2681252#2,True,False,False,False,0.994,-10.91,11A,0.089898,12_44_46,11A
SRR26797099#1,True,False,False,False,1.0,-13.165,8,0.00272,3,8
ERR2853457#1,True,False,False,False,0.999,-11.736,19A,0.003113,33C,19A
ERR913367#1,True,False,False,False,0.991,-10.806,11A,0.115813,12_44_46,11A
SRR26880244#2,True,False,False,False,1.0,-13.015,8,0.001885,36,8
SRR26818660#11,True,False,False,False,0.551,-9.266,15B,0.004102,29,15B
ERR742570#25,True,False,False,False,0.999,-11.706,5,0.047561,35A_35C_42,5
ERR908914#5,True,False,False,False,0.998,-10.429,19F,0.075237,Serogroup 33,19F
ERR425404#1,True,False,False,False,1.0,-12.455,22F,0.001628,35A_35C_42,22F
ERR845766#10,True,False,False,False,1.0,-12.207,14,0.00047,Serogroup 33,14
ERR876783#11,True,False,False,False,1.0,-12.227,14,0.000411,Serogroup 33,14
ERR2090926#3,True,False,False,False,1.0,-12.167,14,0.002305,15,14
ERR13364915#17,True,False,False,False,0.999,-10.922,19F,0.000648,12_44_46,19F
ERR13364767#38,True,True,False,True,0.996,-10.665,UNKNOWN,0.804683,35A_35C_42,7F
ERR13366052#7,True,True,False,True,0.984,-9.193,UNKNOWN,0.962944,36,19F
ERR1065915#3,True,False,False,False,0.999,-11.462,19F,0.000541,12_44_46,19F
SRR26931855#5,True,False,False,False,1.0,-12.613,35F,0.011958,20,35F
ERR2090765#9,True,False,False,False,0.666,-9.1,15C,0.005102,29,15C
ERR9796539#2,True,False,False,False,1.0,-11.949,19A,0.001188,33C,19A
ERR3796631#1,True,False,False,False,0.996,-11.71,24F,0.177462,35A_35C_42,24F
ERR884480#2,True,True,False,True,0.953,-8.629,UNKNOWN,0.998097,39,6C
ERR1658158#24,True,False,False,False,0.999,-11.506,4,0.051477,36,4
SRR26789692#2,True,True,False,True,0.987,-10.69,UNKNOWN,0.9079,11,12F
SRR26594310#6,True,False,False,False,1.0,-12.121,19A,0.00035,33C,19A
ERR845751#5,True,False,False,False,1.0,-12.221,14,0.001279,15,14
SRR26910313#1,True,False,False,False,0.999,-11.643,23B,0.009387,6,23B
ERR449226#5,True,True,True,True,0.631,-7.309,UNKNOWN,0.999878,33G,11A
ERR908888#12,True,False,False,False,0.678,-9.255,15B,0.005362,29,15B
ERR338182#11,True,True,False,True,0.941,-8.435,UNKNOWN,0.998566,45,19F
SRR26714119#13,True,False,False,False,1.0,-13.116,8,0.001332,36,8
ERR7568093#6,True,True,False,True,0.992,-10.323,UNKNOWN,0.839136,20,17F
SRR26818388#8,True,False,False,False,0.82,-9.978,38,0.002631,3,38
SRR26673051#2,True,True,False,True,0.829,-9.497,UNKNOWN,0.62333,12_44_46,11A
ERR1202280#72,True,False,False,False,1.0,-12.891,1,0.003906,6,1
SRR26714622#7,True,False,False,False,0.999,-11.622,12F,0.159704,20,12F
ERR742638#7,True,False,False,False,0.999,-11.49,19A,0.01373,36,19A
ERR13365769#1,True,False,False,False,0.998,-11.398,8,0.481686,3,8
ERR2681141#2,True,False,False,False,0.934,-9.597,6B,0.130975,45,6B
ERR2089531#1,True,False,False,False,0.999,-11.41,19A,0.015675,33C,19A
ERR326724#63,True,True,False,True,0.994,-10.521,UNKNOWN,0.885858,11,1
ERR3655122#7,True,False,False,False,0.998,-10.803,19A,0.113721,36,19A
ERR701825#5,True,False,False,False,0.999,-11.568,23F,0.005074,19B_19C,23F
ERR13366020#24,True,False,False,False,1.0,-12.422,22F,0.001559,35A_35C_42,22F
SRR26594248#2,True,False,False,False,0.998,-11.224,23A,0.024973,3,23A
SRR26884573#1,True,False,False,False,1.0,-11.795,19A,0.002887,33C,19A
ERR845740#8,True,False,False,False,0.999,-11.337,23F,0.011279,19B_19C,23F
ERR1202511#6,True,False,False,False,0.999,-11.227,9V,0.003179,20,9V
SRR26673011#17,True,False,False,False,0.999,-11.426,15A,0.007203,10,15A
SRR26834063#28,True,False,False,False,1.0,-12.405,22F,0.001427,35A_35C_42,22F
ERR1453312#10,True,False,False,False,0.999,-11.412,34,0.01801,6,34
SRR26834366#21,True,False,False,False,0.838,-8.923,15B,0.424916,36,15B
ERR884347#21,True,True,False,True,0.829,-8.548,UNKNOWN,0.997779,20,9V
ERR2089506#3,True,True,False,True,0.952,-10.603,UNKNOWN,0.994504,11,12F
SRR26833544#1,True,False,False,False,1.0,-12.613,35F,0.011958,20,35F
ERR714505#31,True,False,False,False,0.999,-11.198,19F,0.000253,12_44_46,19F
ERR1422478#1,True,True,False,True,0.922,-9.987,UNKNOWN,0.917685,12_44_46,11A
ERR7567824#2,True,False,False,False,1.0,-12.234,22F,0.00333,33A_33F_37,22F
SRR26883993#1,True,False,False,False,0.999,-11.207,23A,0.025728,3,23A
ERR730742#15,True,False,False,False,0.999,-11.109,14,0.100399,15,14
ERR600496#1,True,False,False,False,0.999,-11.365,19F,0.000915,12_44_46,19F
SRR26884396#1,True,False,False,False,1.0,-13.846,3,0.0052,36,3
ERR2681033#25,True,False,False,False,0.985,-9.152,6A,0.359802,20,6A
ERR8481692#2,True,False,False,False,0.999,-11.779,16F,0.004993,39,16F
SRR26884608#7,True,False,False,False,0.508,-9.206,15B,0.00514,29,15B
ERR4289129#15,True,False,False,False,0.999,-11.355,9V,0.002309,20,9V
ERR2091221#25,True,False,False,False,0.999,-11.871,5,0.030923,35A_35C_42,5
ERR1540720#5,True,False,False,False,1.0,-11.992,14,0.001401,33G,14
ERR434039#2,True,False,False,False,1.0,-12.208,14,0.001649,15,14
SRR26930537#4,True,False,False,False,1.0,-12.339,22F,0.001807,35A_35C_42,22F
SRR26879691#52,True,True,False,True,0.989,-9.915,UNKNOWN,0.928547,36,19A
SRR26818585#2,True,False,False,False,1.0,-13.846,3,0.0052,36,3
ERR13365994#4,True,False,False,False,0.996,-11.759,24F,0.126013,35A_35C_42,24F
ERR13364913#4,True,True,True,True,0.677,-7.501,UNKNOWN,0.999003,12_44_46,19F
SRR26911032#48,True,True,False,True,0.982,-9.714,UNKNOWN,0.954084,45,6C
ERR1430861#2,True,False,False,False,0.999,-11.33,1,0.117762,6,1
ERR490748#6,True,False,False,False,0.999,-11.377,4,0.071041,36,4
ERR2681161#1,True,True,False,True,0.975,-9.149,UNKNOWN,0.933328,12_44_46,19F
ERR2681395#9,True,False,False,False,1.0,-12.04,14,0.002387,15,14
SRR26833953#23,True,True,True,True,0.595,-7.741,UNKNOWN,0.999791,36,19F
ERR2090730#2,True,False,False,False,0.999,-11.793,16F,0.004737,39,16F
ERR586472#1,True,False,False,False,0.971,-9.523,6A,0.010792,45,6A
ERR2667406#17,True,True,False,True,0.911,-10.23,UNKNOWN,0.678151,35A_35C_42,35B
ERR2089907#3,True,True,False,True,0.951,-9.992,UNKNOWN,0.996407,33G,11B
SRR26930267#7,True,False,False,False,1.0,-12.227,14,0.000495,Serogroup 33,14
ERR13365269#1,True,False,False,False,1.0,-12.073,19A,0.000464,33C,19A
SRR26879610#1,True,False,False,False,0.999,-12.275,31,0.043749,33A_33F_37,31
ERR4501435#3,True,False,False,False,0.996,-11.71,24F,0.177462,35A_35C_42,24F
SRR26880036#5,True,False,False,False,1.0,-12.339,22F,0.001823,35A_35C_42,22F
ERR1594516#10,True,False,False,False,0.999,-12.119,12F,0.180227,11,12F
ERR2853675#1,True,False,False,False,1.0,-11.751,19A,0.001928,33C,19A
ERR331157#13,True,True,False,True,0.996,-10.672,UNKNOWN,0.536692,6,6C
SRR26931130#4,True,False,False,False,1.0,-13.875,3,0.004701,36,3
ERR909034#9,True,False,False,False,0.999,-11.511,34,0.009975,6,34
ERR3723235#5,True,False,False,False,1.0,-12.102,14,0.001214,Serogroup 33,14
ERR1453358#1,True,False,False,False,0.999,-11.401,19F,0.001636,12_44_46,19F
ERR2090098#25,True,True,True,True,0.586,-6.793,UNKNOWN,1.0,10,15A
SRR26930159#5,True,True,True,True,0.697,-6.917,UNKNOWN,0.999898,3,8
ERR600236#23,True,False,False,False,0.555,-8.99,15B,0.02818,29,15C
ERR997535#7,True,False,False,False,0.999,-11.538,14,0.013788,27,14
SRR26878378#1,True,False,False,False,1.0,-12.232,13,0.002835,20,13
ERR449230#26,True,True,False,True,0.84,-8.467,UNKNOWN,0.991268,20,9V
ERR909201#3,True,False,False,False,0.999,-11.009,19F,0.000533,12_44_46,19F
ERR1288870#1,True,False,False,False,0.999,-11.441,23F,0.010051,19B_19C,23F
ERR13365456#22,True,False,False,False,0.999,-11.389,4,0.061523,36,4
SRR26595042#2,True,False,False,False,1.0,-13.123,8,0.00125,36,8
ERR1192168#55,True,True,False,True,0.996,-11.001,UNKNOWN,0.799519,11,1
ERR1065468#1,True,False,False,False,0.713,-9.251,15B,0.009489,3,15B
SRR26749737#8,True,False,False,False,1.0,-12.613,35F,0.011958,20,35F
ERR773902#2,True,False,False,False,1.0,-12.504,1,0.007645,6,1
ERR2091252#27,True,False,False,False,0.997,-10.921,5,0.214664,35A_35C_42,5
ERR1333966#8,True,False,False,False,1.0,-12.899,1,0.004146,6,1
ERR14653934#3,True,False,False,False,0.999,-11.409,19F,0.001134,12_44_46,19F
SRR26594790#21,True,False,False,False,0.999,-12.177,33F,0.025998,20,33F
ERR1453513#6,True,False,False,False,0.999,-11.366,21,0.132951,20,21
ERR2853573#5,True,True,False,True,0.992,-9.936,UNKNOWN,0.898886,6,19A
ERR13364903#30,True,False,False,False,1.0,-12.017,19A,0.000554,33C,19A
ERR714319#23,True,True,True,True,0.524,-7.148,UNKNOWN,0.999992,10,15A
ERR742569#7,True,True,False,True,0.858,-8.769,UNKNOWN,0.980456,35A_35C_42,19A
SRR26749535#3,True,False,False,False,0.893,-9.666,20B,0.193474,18,20B
SRR26797507#32,True,False,False,False,0.998,-10.919,9V,0.008801,20,9V
ERR3796818#4,True,False,False,False,0.996,-11.759,24F,0.126013,35A_35C_42,24F
ERR774097#16,True,False,False,False,1.0,-13.229,8,0.000932,36,8
SRR26930867#1,True,True,False,True,0.83,-9.498,UNKNOWN,0.617395,12_44_46,11A
ERR751171#25,True,True,False,True,0.952,-8.806,UNKNOWN,0.977896,36,6B
ERR913280#1,True,False,False,False,0.996,-10.818,19A,0.068402,6,19A
ERR319336#17,True,False,False,False,0.998,-11.079,6C,0.371978,6,6C
SRR26879766#4,True,False,False,False,1.0,-13.24,8,0.002857,36,8
ERR4501445#1,True,False,False,False,1.0,-11.949,19A,0.001188,33C,19A
ERR2091026#26,True,False,False,False,0.999,-11.871,5,0.030923,35A_35C_42,5
ERR2681304#19,True,True,False,True,0.721,-8.58,UNKNOWN,0.595931,36,23A
SRR26594272#4,True,False,False,False,1.0,-13.875,3,0.004701,36,3
ERR1788440#6,True,False,False,False,0.999,-11.338,23F,0.008505,19B_19C,23F
SRR26789765#8,True,False,False,False,0.999,-12.116,33F,0.101291,20,33F
SRR26833986#13,True,False,False,False,0.999,-11.836,10A,0.007427,35A_35C_42,10A
ERR3796947#4,True,False,False,False,0.996,-11.759,24F,0.126013,35A_35C_42,24F
SRR26879583#22,True,False,False,False,0.999,-11.513,10A,0.083215,35A_35C_42,10A
SRR26884197#5,True,False,False,False,1.0,-13.023,8,0.00798,36,8
ERR742487#1,True,True,False,True,0.965,-8.945,UNKNOWN,0.868078,36,18C
ERR3796606#4,True,False,False,False,0.996,-11.759,24F,0.126013,35A_35C_42,24F
ERR730920#5,True,False,False,False,1.0,-13.089,1,0.001794,6,1
ERR13364503#43,True,False,False,False,1.0,-13.052,8,0.0015,36,8
ERR774491#1,True,False,False,False,0.567,-9.137,15C,0.003702,29,15C
SRR26749319#2,True,False,False,False,1.0,-11.986,10A,0.003392,35A_35C_42,10A
ERR13374774#5,True,False,False,False,0.999,-11.652,23B,0.009126,6,23B
ERR1788200#1,True,False,False,False,0.999,-11.28,19F,0.001127,12_44_46,19F
ERR774279#13,True,False,False,False,1.0,-12.297,17F,0.024914,20,17F
SRR26672759#12,True,False,False,False,0.999,-11.207,23A,0.025798,3,23A
ERR1065960#2,True,False,False,False,0.999,-11.761,15A,0.013368,10,15A
ERR979885#21,True,False,False,False,0.997,-10.489,14,0.162961,33G,14
SRR26789885#3,True,False,False,False,1.0,-13.116,8,0.001332,36,8
SRR26931750#26,True,False,False,False,0.997,-10.493,19A,0.223891,36,19A
SRR26749591#37,True,False,False,False,0.998,-10.819,23B,0.081912,6,23B
SRR26880427#11,True,True,False,True,0.996,-10.72,UNKNOWN,0.697497,45,7C
ERR876509#5,True,True,False,True,0.984,-10.758,UNKNOWN,0.937531,11,12F
ERR730862#1,True,False,False,False,0.999,-11.668,23B,0.011708,7B_7C_40,23B
ERR730592#2,True,False,False,False,0.998,-11.132,1,0.454579,6,1
SRR26883985#3,True,False,False,False,1.0,-12.46,22F,0.001321,35A_35C_42,22F
ERR14653983#19,True,False,False,False,0.933,-9.589,6B,0.116737,45,6B
SRR26714377#4,True,False,False,False,1.0,-13.123,8,0.00125,36,8
SRR26714385#2,True,False,False,False,1.0,-13.116,8,0.001332,36,8
ERR730421#13,True,False,False,False,0.999,-12.062,12F,0.105931,6,12F
SRR26673131#3,True,False,False,False,1.0,-13.015,8,0.001885,36,8
SRR26797967#16,True,False,False,False,0.999,-11.4,31,0.12259,33A_33F_37,31
ERR774043#3,True,True,False,True,0.993,-11.543,UNKNOWN,0.961293,11,12F
ERR1106754#4,True,False,False,False,0.52,-9.145,15B,0.004041,3,15B
ERR908943#17,True,True,False,True,0.958,-9.858,UNKNOWN,0.690333,45,6B
ERR13364691#2,True,False,False,False,0.998,-12.007,33F,0.10909,20,33F
ERR2089155#5,True,False,False,False,1.0,-12.903,1,0.003938,6,1
ERR2680729#1,True,True,False,True,0.975,-9.149,UNKNOWN,0.933328,12_44_46,19F
SRR26931270#1,True,False,False,False,1.0,-13.846,3,0.0052,36,3
ERR2090962#3,True,False,False,False,1.0,-12.167,14,0.002305,15,14
ERR501593#2,True,False,False,False,0.998,-11.304,10B,0.424936,33G,10B
ERR980008#10,True,True,False,True,0.954,-8.328,UNKNOWN,0.999998,6,6D
ERR1065112#2,True,False,False,False,0.993,-10.307,19F,0.116132,36,19F
ERR600153#24,True,False,False,False,0.993,-10.85,38,0.347321,18,38
SRR26834403#1,True,True,True,True,0.558,-6.816,UNKNOWN,1.0,3,22F
ERR505942#12,True,False,False,False,0.993,-9.572,23F,0.434802,36,23F
SRR26931570#8,True,False,False,False,1.0,-12.609,35F,0.012032,20,35F
SRR26834466#9,True,True,True,True,0.917,-8.15,UNKNOWN,0.998484,15,19A
ERR2667606#7,True,False,False,False,1.0,-12.935,1,0.003867,6,1
SRR26797798#14,True,False,False,False,0.556,-9.285,15B,0.003822,29,15B
ERR600484#1,True,False,False,False,0.586,-9.169,15B,0.004174,29,15B
ERR2667908#1,True,False,False,False,0.999,-11.668,23B,0.012338,7B_7C_40,23B
SRR26834353#12,True,False,False,False,0.999,-11.304,16F,0.113895,35A_35C_42,16F
SRR26910849#14,True,False,False,False,0.998,-11.287,22F,0.284724,35A_35C_42,22F
ERR876774#1,True,False,False,False,0.999,-11.352,23F,0.014659,19B_19C,23F
SRR26910468#33,True,False,False,False,0.998,-10.675,23B,0.068898,6,23B
SRR26930398#2,True,False,False,False,0.999,-11.148,15A,0.045771,10,15A
ERR913394#1,True,False,False,False,0.998,-11.268,23B,0.021899,7B_7C_40,23B
ERR2667566#25,True,False,False,False,0.996,-10.637,7F,0.077933,35A_35C_42,7F
ERR751195#25,True,True,False,True,0.99,-9.455,UNKNOWN,0.85516,36,6B
SRR26749509#6,True,False,False,False,0.998,-11.262,22F,0.255465,35A_35C_42,22F
ERR13366005#4,True,False,False,False,0.861,-10.001,38,0.191552,6,38
ERR13364550#1,True,False,False,False,0.999,-11.337,23F,0.011279,19B_19C,23F
SRR26714426#8,True,False,False,False,0.999,-11.967,22F,0.007087,35A_35C_42,22F
ERR13365973#5,True,False,False,False,1.0,-12.338,22F,0.001845,35A_35C_42,22F
ERR869917#16,True,False,False,False,0.999,-12.183,3,0.396588,Serogroup 33,3
ERR1214466#11,True,True,False,True,0.961,-8.733,UNKNOWN,0.999083,20,33F
SRR26878349#10,True,True,False,True,0.988,-10.217,UNKNOWN,0.978587,35A_35C_42,22F
SRR26797744#1,True,False,False,False,0.999,-11.207,23A,0.025728,3,23A
ERR900721#1,True,True,False,True,0.997,-11.048,UNKNOWN,0.526608,25A_25F_38,7C
ERR742750#1,True,True,False,True,0.914,-8.895,UNKNOWN,0.957837,36,19F
ERR900685#10,True,False,False,False,0.999,-11.852,13,0.009666,20,13
ERR13364441#1,True,False,False,False,1.0,-13.846,3,0.0052,36,3
SRR26714714#13,True,False,False,False,0.998,-11.287,22F,0.284724,35A_35C_42,22F
SRR26910354#4,True,False,False,False,1.0,-13.223,8,0.00279,36,8
ERR13364959#20,True,True,False,True,0.95,-9.475,UNKNOWN,0.98552,36,4
ERR433851#1,True,False,False,False,0.999,-11.338,23F,0.008865,19B_19C,23F
SRR26877785#2,True,False,False,False,1.0,-12.46,22F,0.001321,35A_35C_42,22F
SRR26594987#1,True,False,False,False,0.999,-12.158,9N,0.01413,20,9N
ERR2667187#9,True,False,False,False,0.999,-12.067,9N,0.09482,18,9N
ERR1066359#16,True,False,False,False,0.999,-11.174,19F,0.00026,12_44_46,19F
SRR26672894#121,True,True,False,True,0.979,-9.118,UNKNOWN,0.999999,36,35F
SRR26797060#13,True,True,False,True,0.745,-8.445,UNKNOWN,0.765489,36,19F
ERR2667795#10,True,False,False,False,0.999,-11.427,19A,0.016209,33C,19A
SRR26833942#7,True,False,False,False,1.0,-13.223,8,0.00279,36,8
SRR26834135#7,True,False,False,False,1.0,-13.875,3,0.004701,36,3
SRR26673001#3,True,False,False,False,0.997,-10.787,22F,0.264325,35A_35C_42,22F
ERR714567#1,True,False,False,False,0.991,-10.21,7F,0.278513,35A_35C_42,7F
SRR26931249#3,True,False,False,False,0.999,-12.118,33F,0.104626,20,33F
ERR1065856#21,True,False,False,False,0.954,-9.558,6B,0.113084,36,6B
ERR13375116#2,True,False,False,False,1.0,-13.846,3,0.0052,36,3
ERR2090501#10,True,False,False,False,1.0,-12.895,1,0.003932,6,1
ERR1453445#7,True,False,False,False,0.999,-12.033,5,0.030574,35A_35C_42,5
ERR773907#15,True,False,False,False,0.999,-11.631,23F,0.010404,19B_19C,23F
SRR26797775#1,True,False,False,False,0.999,-11.129,19A,0.085145,10D,19A
ERR2680936#9,True,False,False,False,0.999,-11.422,23F,0.009205,19B_19C,23F
ERR1756425#27,True,True,False,True,0.958,-9.379,UNKNOWN,0.910409,45,5
ERR997504#6,True,False,False,False,0.999,-11.511,34,0.009975,6,34
ERR1065296#1,True,False,False,False,0.999,-11.406,34,0.017476,6,34
ERR730242#1,True,False,False,False,0.997,-10.889,19A,0.061398,6,19A
SRR26884189#24,True,False,False,False,1.0,-12.312,8,0.003814,3,8
ERR925053#1,True,True,False,True,0.976,-10.133,UNKNOWN,0.627072,45,6B
ERR13364767#3,True,False,False,False,0.987,-9.72,7F,0.330507,35A_35C_42,7F
ERR1288876#1,True,True,False,True,0.996,-10.883,UNKNOWN,0.796209,6,19B
ERR600424#5,True,False,False,False,0.999,-11.381,1,0.11147,3,1
ERR736901#43,True,False,False,False,0.95,-8.972,19F,0.435162,36,19F
ERR701822#2,True,False,False,False,1.0,-11.831,14,0.003336,Serogroup 33,14
ERR2680697#2,True,True,True,True,0.823,-8.068,UNKNOWN,1.0,35A_35C_42,24A
ERR2089345#21,True,False,False,False,0.996,-10.292,19A,0.14108,6,19A
SRR26931070#17,True,False,False,False,0.999,-11.756,14,0.001791,Serogroup 33,14
SRR26818224#4,True,False,False,False,0.999,-12.301,9N,0.036625,18,9N
ERR979923#21,True,False,False,False,1.0,-12.945,1,0.002697,6,1
ERR326405#12,True,True,False,True,0.991,-10.283,UNKNOWN,0.766925,33A_33F_37,6C
ERR2681093#6,True,False,False,False,0.982,-10.263,6A,0.001036,45,6A
ERR2090410#16,True,False,False,False,0.964,-10.517,38,0.293914,6,38
ERR730571#23,True,False,False,False,1.0,-12.02,14,0.003792,Serogroup 33,14
ERR1066163#1,True,False,False,False,1.0,-11.81,14,0.003765,Serogroup 33,14
ERR2091161#15,True,False,False,False,0.999,-12.163,33F,0.02668,20,33F
SRR26878069#1,True,False,False,False,0.999,-12.047,12F,0.120785,6,12F
SRR26789536#2,True,False,False,False,0.832,-10.001,38,0.00185,3,38
SRR26672892#2,True,False,False,False,1.0,-13.007,8,0.001797,36,8
ERR1430929#1,True,False,False,False,0.999,-11.62,19A,0.005945,33C,19A
ERR1065822#13,True,False,False,False,0.999,-12.197,9N,0.043958,18,9N
ERR751158#25,True,True,False,True,0.809,-8.54,UNKNOWN,0.996097,20,9V
ERR870123#25,True,False,False,False,0.999,-11.686,5,0.084002,35A_35C_42,5
ERR774719#1,True,True,False,True,0.927,-10.39,UNKNOWN,0.631567,18,35B
ERR13374754#11,True,True,True,True,0.568,-7.407,UNKNOWN,0.999251,20,16F
ERR13365425#1,True,False,False,False,0.999,-12.008,9N,0.028871,20,9N
ERR13365571#1,True,False,False,False,0.999,-12.003,9N,0.030681,20,9N
ERR913535#16,True,True,False,True,0.976,-10.131,UNKNOWN,0.629938,45,6B
ERR714465#1,True,True,False,True,0.725,-8.39,UNKNOWN,0.977764,3,23F
SRR26879932#3,True,False,False,False,1.0,-13.007,8,0.001797,36,8
SRR26797257#2,True,False,False,False,0.999,-11.66,23B,0.016549,6,23B
SRR26911162#3,True,False,False,False,0.82,-9.978,38,0.002631,3,38
ERR714229#3,True,False,False,False,1.0,-12.945,1,0.002697,6,1
ERR980049#1,True,True,False,True,0.99,-9.533,UNKNOWN,0.889607,35A_35C_42,10A
SRR26877817#8,True,False,False,False,0.998,-11.262,22F,0.255465,35A_35C_42,22F
ERR2089976#1,True,False,False,False,0.999,-11.33,1,0.117762,6,1
ERR1065649#5,True,False,False,False,1.0,-12.061,19A,0.000491,33C,19A
ERR908930#29,True,True,False,True,0.961,-9.47,UNKNOWN,0.585112,45,6B
SRR26797919#29,True,False,False,False,0.998,-11.012,10A,0.247467,35A_35C_42,10A
SRR26884522#5,True,False,False,False,0.996,-10.4,9N,0.471939,20,9N
SRR26930364#3,True,True,False,True,0.996,-10.72,UNKNOWN,0.697497,45,7C
ERR751075#16,True,False,False,False,0.961,-9.837,6A,0.001797,20,6A
ERR13374870#15,True,False,False,False,0.999,-12.197,33F,0.094608,20,33F
SRR26594441#21,True,True,True,True,0.704,-6.857,UNKNOWN,0.999866,36,6B
ERR913195#15,True,False,False,False,0.998,-10.778,19A,0.05148,36,19A
SRR26750138#1,True,False,False,False,0.999,-12.119,33F,0.041707,20,33F
ERR862320#1,True,True,False,True,0.982,-9.506,UNKNOWN,0.951656,20,22A
SRR26884157#4,True,False,False,False,0.998,-10.675,19A,0.106615,35A_35C_42,19A
SRR26930716#3,True,False,False,False,1.0,-13.239,8,0.002969,36,8
ERR773994#21,True,True,False,True,0.964,-9.505,UNKNOWN,0.806002,45,6B
SRR26880057#3,True,False,False,False,1.0,-13.24,8,0.002857,36,8
ERR1453786#7,True,True,True,True,0.63,-6.848,UNKNOWN,0.999422,20,6A
ERR730671#25,True,False,False,False,1.0,-11.997,14,0.004235,Serogroup 33,14
ERR1788458#15,True,False,False,False,1.0,-12.199,14,0.000412,Serogroup 33,14
ERR1658164#7,True,False,False,False,0.999,-11.481,10A,0.029763,35A_35C_42,10A
ERR742751#3,True,True,True,True,0.728,-7.592,UNKNOWN,1.0,18,9L
ERR925028#22,True,True,False,True,0.967,-9.004,UNKNOWN,0.773539,6,38
SRR26910866#2,True,False,False,False,0.996,-11.767,24F,0.122723,35A_35C_42,24F
ERR568446#5,True,False,False,False,1.0,-13.117,1,0.001571,6,1
ERR2681086#6,True,False,False,False,0.985,-9.152,6A,0.359802,20,6A
ERR2089676#4,True,False,False,False,0.962,-9.217,6A,0.195623,36,6A
ERR2090830#15,True,False,False,False,0.999,-12.177,33F,0.02581,20,33F
ERR13375074#7,True,True,False,True,0.775,-8.604,UNKNOWN,0.447543,18,20A
ERR774228#2,True,False,False,False,0.998,-11.132,1,0.454579,6,1
SRR26877853#1,True,False,False,False,0.999,-11.833,15A,0.005433,10,15A
SRR26930565#18,True,True,True,True,0.7,-8.004,UNKNOWN,0.999878,6,15A
ERR1066183#5,True,False,False,False,0.999,-11.012,21,0.020071,45,21
SRR26797114#14,True,False,False,False,0.999,-11.586,33F,0.073063,20,33F
ERR490744#7,True,False,False,False,0.998,-11.198,4,0.288686,36,4
ERR13366025#1,True,False,False,False,1.0,-13.435,8,0.001045,36,8
ERR505543#12,True,False,False,False,0.999,-11.164,19F,0.000229,12_44_46,19F
ERR1065967#3,True,True,False,True,0.981,-9.27,UNKNOWN,0.814992,12_44_46,11A
ERR956290#7,True,False,False,False,0.999,-11.848,15A,0.005221,10,15A
ERR319349#12,True,True,False,True,0.986,-9.605,UNKNOWN,0.695388,45,6B
SRR26931757#3,True,False,False,False,1.0,-13.007,8,0.001797,36,8
ERR774174#20,True,True,False,True,0.965,-8.72,UNKNOWN,0.989362,6,33D
ERR2090739#1,True,False,False,False,1.0,-11.944,13,0.003301,20,13
ERR876782#6,True,False,False,False,1.0,-12.242,14,0.001085,15,14
ERR2667324#28,True,False,False,False,1.0,-13.029,1,0.003293,6,1
SRR26714990#13,True,False,False,False,1.0,-13.007,8,0.001797,36,8
ERR434022#39,True,False,False,False,0.95,-8.972,19F,0.435162,36,19F
SRR26714627#1,True,True,False,True,0.982,-10.83,UNKNOWN,0.966716,11,12F
ERR2090452#3,True,False,False,False,0.848,-9.573,6A,0.002264,45,6A
ERR2681100#1,True,False,False,False,0.934,-9.596,6B,0.128388,45,6B
SRR26931908#2,True,False,False,False,0.998,-10.732,19A,0.09909,35A_35C_42,19A
SRR26797227#6,True,False,False,False,0.999,-12.156,9N,0.014526,20,9N
SRR26594262#6,True,False,False,False,1.0,-13.24,8,0.002857,36,8
SRR26884207#1,True,False,False,False,1.0,-11.856,19A,0.002291,33C,19A
SRR26715046#1,True,False,False,False,0.999,-12.098,12F,0.066096,11,12F
SRR26673729#1,True,False,False,False,0.999,-12.167,9N,0.01581,20,9N
ERR13374688#3,True,False,False,False,1.0,-11.92,19A,0.00139,33C,19A
ERR13365523#6,True,False,False,False,1.0,-13.794,3,0.012117,35A_35C_42,3
ERR876480#1,True,True,True,True,0.648,-7.801,UNKNOWN,0.998106,25A_25F_38,19F
ERR2681215#19,True,True,False,True,0.975,-9.149,UNKNOWN,0.933328,12_44_46,19F
ERR2667551#6,True,False,False,False,1.0,-12.28,14,0.001045,15,14
ERR2089853#1,True,False,False,False,0.952,-10.243,18C,0.126618,Serogroup 33,18C
SRR26797290#28,True,False,False,False,0.999,-11.513,10A,0.083215,35A_35C_42,10A
SRR26910577#1,True,False,False,False,0.999,-11.215,23A,0.024105,3,23A
ERR913302#4,True,False,False,False,0.992,-9.47,19A,0.368361,15,19A
ERR742493#27,True,False,False,False,1.0,-12.067,14,0.001295,33G,14
SRR26833703#6,True,False,False,False,0.999,-11.119,19F,0.000349,12_44_46,19F
ERR1453640#2,True,True,False,True,0.637,-8.984,UNKNOWN,0.633632,6,15B
SRR26879467#1,True,False,False,False,1.0,-12.609,35F,0.012032,20,35F
ERR600364#57,True,True,False,True,0.978,-9.685,UNKNOWN,0.934133,36,4
SRR26797510#2,True,False,False,False,1.0,-13.116,8,0.001332,36,8
ERR751105#5,True,False,False,False,0.997,-10.767,5,0.357064,35A_35C_42,5
ERR1191870#4,True,False,False,False,0.945,-9.358,6A,0.00874,45,6A
ERR925029#1,True,False,False,False,0.999,-11.713,23B,0.008704,7B_7C_40,23B
ERR14654056#1,True,True,True,True,0.947,-8.093,UNKNOWN,0.981295,35A_35C_42,34
ERR2089298#9,True,True,False,True,0.992,-9.857,UNKNOWN,0.902108,Serogroup 33,18A
ERR701832#21,True,True,False,True,0.971,-8.753,UNKNOWN,0.977492,36,4
ERR13374680#10,True,True,False,True,0.984,-9.32,UNKNOWN,0.974685,36,19F
SRR26749745#1,True,False,False,False,0.996,-10.674,19A,0.206373,33C,19A
ERR925059#6,True,False,False,False,0.997,-10.767,5,0.357064,35A_35C_42,5
ERR316681#2,True,False,False,False,0.991,-10.216,7F,0.297375,35A_35C_42,7F
SRR26749697#19,True,True,False,True,0.996,-10.896,UNKNOWN,0.840416,33A_33F_37,7C
ERR1594506#21,True,True,False,True,0.989,-11.01,UNKNOWN,0.870015,33G,12F
ERR2667381#1,True,True,False,True,0.997,-11.511,UNKNOWN,0.966236,18,2
ERR750912#23,True,True,False,True,0.809,-8.54,UNKNOWN,0.996097,20,9V
ERR586395#14,True,True,True,True,0.915,-7.971,UNKNOWN,0.997532,6,35B
ERR662437#64,True,True,False,True,0.998,-11.404,UNKNOWN,0.624767,35A_35C_42,7F
ERR8481836#5,True,True,False,True,0.996,-10.931,UNKNOWN,0.585439,36,4
ERR632908#20,True,True,False,True,0.996,-10.485,UNKNOWN,0.508806,36,4
ERR730579#1,True,False,False,False,0.99,-9.968,6A,0.171129,45,6A
ERR13364789#14,False,True,True,True,0.517,-6.252,UNKNOWN,1.0,36,4
SRR26931371#7,True,True,False,True,0.969,-9.521,UNKNOWN,0.978584,20,35B
ERR1422501#18,True,False,False,False,0.999,-11.355,9V,0.002309,20,9V
SRR26878402#1,True,False,False,False,0.999,-11.667,23B,0.011238,7B_7C_40,23B
SRR26834268#1,True,False,False,False,1.0,-13.165,8,0.00272,3,8
ERR1453618#3,True,False,False,False,0.999,-11.755,4,0.009111,3,4
ERR1288884#5,True,False,False,False,0.999,-11.387,23B,0.035166,7B_7C_40,23B
ERR3655157#2,True,False,False,False,0.988,-10.23,19A,0.127971,15,19A
SRR26818301#2,True,False,False,False,1.0,-13.116,8,0.001332,36,8
ERR13366109#9,True,False,False,False,1.0,-13.052,8,0.006394,36,8
SRR26797698#1,True,False,False,False,0.999,-11.751,10A,0.006815,35A_35C_42,10A
ERR3655184#8,True,False,False,False,0.999,-11.833,14,0.007466,15,14
ERR14653946#6,True,False,False,False,0.999,-11.043,14,0.031185,33G,14
SRR26884544#5,True,True,False,True,0.997,-10.801,UNKNOWN,0.504952,6,7C
ERR13374754#4,True,True,True,True,0.418,-6.42,UNKNOWN,1.0,Serogroup 33,19F
ERR646592#4,True,True,False,True,0.993,-11.543,UNKNOWN,0.961293,11,12F
SRR26931037#10,True,False,False,False,0.999,-11.622,12F,0.159704,20,12F
ERR2853625#1,True,False,False,False,0.999,-11.41,19A,0.015675,33C,19A
ERR774111#5,True,False,False,False,0.96,-9.722,11A,0.414634,12_44_46,11A
SRR26878059#42,True,True,False,True,0.994,-10.651,UNKNOWN,0.999254,20,27
SRR26931838#14,True,False,False,False,0.998,-11.262,22F,0.255465,35A_35C_42,22F
SRR26884338#1,True,False,False,False,1.0,-13.12,8,0.003298,3,8
SRR26878280#2,True,False,False,False,0.999,-12.301,9N,0.036625,18,9N
ERR750997#18,True,False,False,False,0.998,-10.933,5,0.378103,35A_35C_42,5
SRR26818128#2,True,False,False,False,1.0,-13.123,8,0.00125,36,8
ERR13374638#12,True,False,False,False,1.0,-12.213,14,0.000411,Serogroup 33,14
ERR3303157#2,True,False,False,False,0.986,-9.526,6A,0.464796,36,6A
ERR730318#6,True,False,False,False,0.934,-9.598,6B,0.132259,45,6B
ERR1453799#1,True,False,False,False,1.0,-12.645,35F,0.011012,20,35F
ERR13364473#9,True,False,False,False,1.0,-13.846,3,0.0052,36,3
ERR774197#20,True,True,False,True,0.995,-10.183,UNKNOWN,0.569239,36,4
ERR600543#19,True,False,False,False,0.946,-10.577,18C,0.017828,Serogroup 33,18C
ERR2668027#5,True,False,False,False,0.999,-11.833,14,0.007466,15,14
SRR26714587#7,True,False,False,False,0.998,-12.007,12F,0.356711,11,12F
ERR2089237#19,True,False,False,False,0.999,-11.499,16F,0.031553,35A_35C_42,16F
ERR319314#29,True,True,False,True,0.96,-8.694,UNKNOWN,0.975281,6,6B
ERR13364607#19,True,True,True,True,0.795,-7.627,UNKNOWN,0.999963,20,9V
ERR600195#3,True,False,False,False,1.0,-12.336,22F,0.001847,35A_35C_42,22F
ERR730666#2,True,False,False,False,1.0,-12.907,1,0.000875,6,1
ERR774725#4,True,True,False,True,0.989,-10.778,UNKNOWN,0.792306,18,35B
ERR925298#1,True,False,False,False,1.0,-12.669,35F,0.009988,20,35F
SRR26817725#8,True,False,False,False,1.0,-13.231,8,0.002781,36,8
SRR26797910#8,True,True,False,True,0.972,-9.822,UNKNOWN,0.856826,12_44_46,35B
ERR2089823#57,True,False,False,False,0.998,-11.141,3,0.432398,11,3
SRR26930367#17,True,False,False,False,1.0,-12.181,19A,0.000223,33C,19A
SRR26714694#5,True,False,False,False,0.999,-12.315,9N,0.035771,18,9N
ERR1430982#8,True,True,False,True,0.96,-9.356,UNKNOWN,0.975345,6,7C
ERR3899286#7,True,False,False,False,1.0,-12.843,1,0.004502,6,1
ERR2667548#21,True,False,False,False,1.0,-12.105,14,0.000636,Serogroup 33,14
ERR1453801#1,True,False,False,False,0.999,-11.388,34,0.021527,6,34
SRR26911201#25,True,True,False,True,0.994,-11.139,UNKNOWN,0.789773,20,17F
SRR26673144#3,True,False,False,False,1.0,-13.425,8,0.00115,36,8
ERR750786#24,True,True,True,True,0.555,-7.477,UNKNOWN,0.988602,45,6A
ERR449120#2,True,True,True,True,0.813,-7.685,UNKNOWN,1.0,18,12F
SRR26884688#5,True,False,False,False,1.0,-11.827,19A,0.002363,33C,19A
ERR319334#48,True,True,False,True,0.981,-9.721,UNKNOWN,0.958823,45,6C
ERR730425#31,True,True,True,True,0.667,-7.118,UNKNOWN,1.0,35A_35C_42,29
SRR26930582#25,True,False,False,False,0.984,-9.852,7F,0.396663,35A_35C_42,7F
ERR8481883#24,True,False,False,False,0.996,-10.742,23B,0.266648,36,23B
SRR26673731#24,True,True,True,True,0.546,-7.267,UNKNOWN,1.0,20,40
ERR2091235#3,True,False,False,False,1.0,-13.846,3,0.0052,36,3
ERR1065392#2,True,False,False,False,1.0,-12.234,22F,0.00333,33A_33F_37,22F
ERR730217#26,True,True,True,True,0.654,-6.953,UNKNOWN,0.999993,20,14
ERR4289094#1,True,True,False,True,0.997,-11.421,UNKNOWN,0.87766,35A_35C_42,10F
SRR26749924#1,True,False,False,False,0.999,-12.116,9N,0.018865,20,9N
ERR490799#3,True,False,False,False,0.999,-11.279,9V,0.002832,20,9V
SRR26884094#5,True,False,False,False,1.0,-13.231,8,0.002974,36,8
ERR338204#24,True,True,False,True,0.987,-9.468,UNKNOWN,0.588376,Serogroup 33,19F
ERR1202235#1,True,False,False,False,0.999,-11.215,21,0.01049,45,21
SRR26673391#3,True,False,False,False,1.0,-13.052,8,0.0015,36,8
ERR2090447#24,True,True,True,True,0.912,-8.026,UNKNOWN,0.998635,45,16F
SRR26910350#3,True,False,False,False,1.0,-12.969,8,0.008285,36,8
ERR714190#3,True,False,False,False,0.999,-10.973,19F,0.000608,12_44_46,19F
ERR326378#26,True,False,False,False,0.969,-9.844,6B,0.053842,45,6B
ERR568764#1,True,False,False,False,0.952,-9.869,6B,0.224994,45,6B
SRR26818637#13,True,False,False,False,1.0,-12.024,19A,0.000521,33C,19A
ERR1066264#1,True,False,False,False,0.999,-11.211,23A,0.026517,3,23A
SRR26884189#33,True,True,False,True,0.995,-10.394,UNKNOWN,0.584609,36,8
ERR750956#11,True,False,False,False,0.999,-11.196,4,0.160379,36,4
SRR26910962#12,True,False,False,False,1.0,-12.356,17F,0.021354,20,17F
ERR774705#1,True,False,False,False,0.631,-8.912,15B,0.13332,36,15B
SRR26879663#5,True,False,False,False,1.0,-12.349,8,0.01393,36,8
ERR646550#10,True,False,False,False,0.998,-10.825,23F,0.234074,19B_19C,23F
SRR26931400#15,True,False,False,False,0.999,-11.665,15A,0.004749,10,15A
ERR2090089#15,True,False,False,False,0.999,-11.759,16F,0.016448,35A_35C_42,16F
ERR742733#18,True,True,False,True,0.948,-8.608,UNKNOWN,0.989524,20,33D
ERR925168#24,True,False,False,False,0.844,-9.884,38,0.178929,6,38
ERR742624#18,True,True,True,True,0.537,-7.981,UNKNOWN,0.830303,36,19A
SRR26930697#10,True,False,False,False,0.999,-12.321,12F,0.067768,33G,12F
SRR26672794#6,True,False,False,False,1.0,-13.227,8,0.002867,36,8
ERR2089593#1,True,False,False,False,0.934,-9.597,6B,0.131412,45,6B
ERR13365462#17,True,False,False,False,0.999,-11.354,4,0.071238,36,4
ERR742615#1,True,False,False,False,1.0,-11.751,19A,0.001928,33C,19A
SRR26879964#7,True,False,False,False,0.999,-12.321,12F,0.067768,33G,12F
ERR742621#1,True,False,False,False,0.695,-9.123,15C,0.007403,29,15C
ERR13364457#1,True,False,False,False,1.0,-13.195,8,0.001992,3,8
ERR1453515#35,True,False,False,False,1.0,-12.943,1,0.003027,6,1
ERR2667121#1,True,False,False,False,0.999,-11.72,19A,0.002293,33C,19A
ERR506022#61,True,True,True,True,0.899,-7.908,UNKNOWN,0.994416,35A_35C_42,19A
ERR2089062#1,True,True,False,True,0.982,-9.147,UNKNOWN,0.843075,36,6A
ERR1192151#1,True,False,False,False,1.0,-11.949,19A,0.001188,33C,19A
SRR26878635#1,True,False,False,False,0.999,-12.101,12F,0.066398,11,12F
SRR26931452#2,True,True,False,True,0.994,-11.184,UNKNOWN,0.75397,20,17F
ERR326340#110,True,True,False,True,0.957,-9.334,UNKNOWN,0.882135,45,6B
ERR326752#1,True,False,False,False,1.0,-13.121,8,0.001159,36,8
ERR3227811#3,True,False,False,False,0.998,-11.933,35A,0.219603,36,35A
SRR26834184#2,True,False,False,False,1.0,-13.007,8,0.001797,36,8
ERR1540679#2,True,True,False,True,0.93,-10.423,UNKNOWN,0.675687,18,35B
ERR956279#2,True,True,False,True,0.97,-9.426,UNKNOWN,0.975015,35A_35C_42,4
SRR26879794#15,True,False,False,False,0.999,-12.136,33F,0.056935,20,33F
SRR26880248#8,True,False,False,False,1.0,-13.227,8,0.002781,36,8
ERR13364477#23,True,False,False,False,0.999,-11.059,15A,0.028464,10,15A
ERR568525#4,True,False,False,False,0.999,-11.381,23F,0.012246,19B_19C,23F
SRR26834449#18,True,False,False,False,0.999,-11.456,13,0.010695,20,13
SRR26930874#5,True,False,False,False,0.999,-12.276,31,0.044326,33A_33F_37,31
ERR13364571#1,True,False,False,False,0.999,-11.342,23F,0.008804,19B_19C,23F
SRR26797097#8,True,False,False,False,0.665,-9.091,15C,0.004644,29,15C
ERR632921#2,True,False,False,False,0.998,-11.132,1,0.454579,6,1
ERR600228#92,True,True,True,True,0.382,-6.084,UNKNOWN,1.0,36,19A
SRR26931079#8,True,False,False,False,1.0,-12.993,8,0.007847,36,8
ERR3270779#21,True,False,False,False,1.0,-13.187,3,0.013565,36,3
SRR26594780#26,True,False,False,False,1.0,-12.358,8,0.011929,3,8
ERR13365528#23,True,False,False,False,0.998,-11.069,15A,0.165723,35A_35C_42,15A
SRR26910313#41,True,False,False,False,0.998,-10.675,23B,0.068898,6,23B
SRR26884488#2,True,False,False,False,0.996,-11.758,24F,0.125357,35A_35C_42,24F
ERR1422695#22,True,True,False,True,0.982,-10.104,UNKNOWN,0.748431,12_44_46,35B
SRR26930807#3,True,False,False,False,1.0,-12.345,22F,0.001778,35A_35C_42,22F
SRR26789393#11,True,False,False,False,0.999,-12.158,9N,0.01413,20,9N
ERR13364678#2,True,False,False,False,0.998,-12.007,33F,0.10909,20,33F
ERR14653931#18,True,False,False,False,0.999,-10.955,19F,0.0006,36,19F
ERR319354#36,True,True,False,True,0.962,-8.673,UNKNOWN,0.986086,6,6C
SRR26930518#2,True,False,False,False,0.999,-12.101,12F,0.066398,11,12F
ERR925053#6,True,True,False,True,0.964,-9.505,UNKNOWN,0.806002,45,6B
SRR26910409#3,True,True,False,True,0.992,-9.985,UNKNOWN,0.621804,20,9N
ERR1788418#1,True,True,False,True,0.997,-11.468,UNKNOWN,0.885305,20,7C
ERR925218#25,True,True,True,True,0.422,-6.344,UNKNOWN,1.0,10,15A
SRR26673627#15,True,False,False,False,0.999,-11.711,15A,0.003778,10,15A
ERR13374994#2,True,False,False,False,1.0,-13.429,8,0.001168,36,8
SRR26594250#15,True,False,False,False,0.998,-11.262,22F,0.255465,35A_35C_42,22F
SRR26911191#22,True,True,True,True,0.617,-7.064,UNKNOWN,1.0,20,23B
SRR26673168#3,True,True,False,True,0.985,-9.353,UNKNOWN,0.901072,35A_35C_42,16F
ERR1540832#1,True,False,False,False,0.999,-11.635,16F,0.011123,35A_35C_42,16F
ERR870107#2,True,False,False,False,1.0,-12.575,1,0.007906,6,1
ERR2090357#1,True,False,False,False,1.0,-13.875,3,0.004701,36,3
SRR26880056#1,True,False,False,False,1.0,-13.846,3,0.0052,36,3
ERR1453563#24,True,False,False,False,1.0,-11.839,14,0.00381,36,14
SRR26880241#11,True,False,False,False,0.999,-12.321,12F,0.067768,33G,12F
ERR2681228#5,True,False,False,False,0.999,-11.693,15A,0.016444,10,15A
ERR3796754#10,True,False,False,False,0.997,-11.789,24F,0.122239,35A_35C_42,24F
ERR340841#6,True,False,False,False,0.998,-11.173,22F,0.16959,35A_35C_42,22F
ERR506067#24,True,False,False,False,0.998,-11.142,7F,0.243369,20,7F
ERR600386#29,True,True,False,True,0.96,-9.469,UNKNOWN,0.59502,45,6B
ERR1453418#1,True,False,False,False,0.999,-11.915,13,0.002642,20,13
SRR26749553#15,True,False,False,False,1.0,-13.007,8,0.001797,36,8
ERR869941#1,True,False,False,False,0.848,-9.681,6B,0.008712,45,6B
SRR26714809#18,True,False,False,False,0.998,-11.297,31,0.261208,33A_33F_37,31
SRR26884164#2,True,False,False,False,0.999,-11.844,15A,0.005388,10,15A
SRR26884594#9,True,True,False,True,0.996,-10.72,UNKNOWN,0.697497,45,7C
SRR26931290#21,True,False,False,False,0.999,-11.513,10A,0.083215,35A_35C_42,10A
ERR1288812#11,True,False,False,False,0.999,-11.399,4,0.126961,36,4
ERR1065981#11,True,True,False,True,0.989,-9.552,UNKNOWN,0.918978,19B_19C,23F
SRR26817852#3,True,False,False,False,1.0,-13.121,8,0.001159,36,8
ERR742808#1,True,False,False,False,0.991,-10.208,7F,0.287702,35A_35C_42,7F
ERR2853466#3,True,False,False,False,1.0,-12.053,19A,0.00052,33C,19A
ERR869902#2,True,False,False,False,0.961,-9.598,14,0.060072,36,14
SRR26714438#3,True,False,False,False,0.999,-11.842,15A,0.005018,10,15A
ERR730522#39,True,True,False,True,0.819,-8.287,UNKNOWN,0.616153,45,6A
ERR646569#37,True,False,False,False,0.95,-8.972,19F,0.435162,36,19F
ERR908972#20,True,True,False,True,0.958,-9.856,UNKNOWN,0.689024,45,6B
ERR869945#15,True,False,False,False,0.999,-11.653,16F,0.002716,35A_35C_42,16F
ERR913461#13,True,True,False,True,0.922,-8.188,UNKNOWN,0.999999,33E,18A
SRR26877797#70,True,True,False,True,0.952,-9.619,UNKNOWN,0.939166,20,12F
ERR505756#9,True,False,False,False,1.0,-12.024,19A,0.000521,33C,19A
ERR13365334#4,True,False,False,False,1.0,-13.231,8,0.002693,36,8
SRR26880392#1,True,False,False,False,0.999,-12.085,12F,0.096155,6,12F
SRR26834053#26,True,False,False,False,0.997,-10.493,19A,0.223891,36,19A
SRR26594849#33,True,False,False,False,0.998,-11.806,7F,0.466169,35A_35C_42,7F
SRR26789424#16,True,False,False,False,0.998,-11.262,22F,0.255465,35A_35C_42,22F
ERR750862#1,True,True,False,True,0.988,-9.271,UNKNOWN,0.625566,45,6A
ERR1202576#2,True,True,False,True,0.957,-8.815,UNKNOWN,0.958794,35A_35C_42,17F
ERR13365013#12,True,True,False,True,0.937,-8.868,UNKNOWN,0.987428,Serogroup 33,14
ERR2680937#5,True,False,False,False,1.0,-13.085,1,0.001693,6,1
ERR980077#17,True,True,True,True,0.524,-7.148,UNKNOWN,0.999992,10,15A
SRR26834365#12,True,False,False,False,0.999,-11.207,23A,0.025728,3,23A
SRR26877947#17,True,False,False,False,0.999,-12.159,33F,0.026567,20,33F
ERR742812#15,True,True,False,True,0.976,-10.131,UNKNOWN,0.630227,45,6B
ERR1788288#3,True,True,False,True,0.976,-10.412,UNKNOWN,0.617627,12_44_46,11A
SRR26931109#14,True,False,False,False,0.998,-11.406,22F,0.346688,35A_35C_42,22F
ERR3227736#4,True,False,False,False,0.999,-11.443,19F,0.000503,12_44_46,19F
ERR568616#15,True,False,False,False,0.999,-11.666,4,0.031305,3,4
ERR908941#21,True,True,False,True,0.958,-9.852,UNKNOWN,0.684002,45,6B
SRR26714546#6,True,False,False,False,0.998,-11.965,33F,0.115937,20,33F
ERR1788347#3,True,False,False,False,0.996,-10.686,16F,0.128275,35A_35C_42,16F
ERR2090676#30,True,False,False,False,0.997,-10.83,23B,0.220556,36,23B
SRR26833555#42,True,False,False,False,0.998,-11.012,10A,0.247467,35A_35C_42,10A
ERR773835#3,True,False,False,False,1.0,-12.016,14,0.002124,Serogroup 33,14
ERR2680926#4,True,False,False,False,0.999,-11.031,19F,0.000401,12_44_46,19F
SRR26673090#8,True,False,False,False,0.999,-11.622,12F,0.159704,20,12F
SRR26797877#2,True,True,False,True,0.828,-8.923,UNKNOWN,0.997347,10,15A
ERR876678#8,True,False,False,False,0.934,-9.598,6B,0.132816,45,6B
SRR26672885#1,True,False,False,False,0.999,-12.169,9N,0.015603,20,9N
SRR26673576#36,True,True,True,True,0.773,-7.36,UNKNOWN,0.999951,10,15A
SRR26594908#18,True,False,False,False,0.999,-12.167,33F,0.0234,20,33F
ERR600146#5,True,False,False,False,0.998,-11.262,22F,0.255465,35A_35C_42,22F
ERR1106808#9,True,True,False,True,0.93,-10.423,UNKNOWN,0.675687,18,35B
SRR26797452#6,True,True,False,True,0.984,-9.313,UNKNOWN,0.958804,36,19F
SRR26790175#2,True,False,False,False,0.999,-11.569,10A,0.008509,35A_35C_42,10A
ERR1214670#23,True,False,False,False,1.0,-11.83,14,0.003966,36,14
SRR26818028#2,True,False,False,False,1.0,-13.116,8,0.001332,36,8
ERR908960#1,True,False,False,False,0.994,-10.064,6A,0.185111,45,6A
ERR908992#4,True,False,False,False,0.961,-9.837,6A,0.001797,20,6A
ERR742835#4,True,True,False,True,0.962,-9.428,UNKNOWN,0.951526,45,6B
ERR13374604#19,True,True,True,True,0.721,-7.262,UNKNOWN,0.999995,36,4
ERR1540729#20,True,False,False,False,1.0,-12.264,14,0.001084,15,14
SRR26749808#5,True,False,False,False,1.0,-13.24,8,0.002857,36,8
SRR26878305#22,True,False,False,False,0.999,-11.564,10A,0.060704,35A_35C_42,10A
ERR433778#21,True,True,False,True,0.986,-9.924,UNKNOWN,0.871186,36,4
SRR26877889#18,True,False,False,False,1.0,-13.875,3,0.004701,36,3
ERR730942#19,True,False,False,False,1.0,-11.981,14,0.004478,Serogroup 33,14
SRR26673336#8,True,False,False,False,1.0,-13.225,8,0.002758,36,8
SRR26714780#34,True,False,False,False,0.998,-10.675,23B,0.068898,6,23B
ERR2681076#1,True,False,False,False,0.578,-9.163,15B,0.004259,29,15B
ERR1422518#4,True,False,False,False,0.952,-9.863,6B,0.155729,45,6B
ERR7567967#1,True,False,False,False,1.0,-13.138,8,0.002315,3,8
SRR26789935#20,True,False,False,False,0.844,-9.884,38,0.178929,6,38
SRR26673292#45,True,False,False,False,1.0,-12.469,22F,0.001205,35A_35C_42,22F
ERR2680582#8,True,False,False,False,0.999,-11.422,23F,0.009205,19B_19C,23F
ERR433785#21,True,True,False,True,0.986,-9.924,UNKNOWN,0.871186,36,4
ERR909301#1,True,False,False,False,1.0,-11.794,19A,0.002902,33C,19A
ERR13365757#4,True,True,False,True,0.971,-10.265,UNKNOWN,0.549267,35A_35C_42,38
ERR13365807#1,True,False,False,False,1.0,-13.875,3,0.004701,36,3
ERR2090284#4,True,False,False,False,0.999,-11.013,19F,0.000428,36,19F
ERR13365438#25,True,True,False,True,0.979,-9.436,UNKNOWN,0.999995,35A_35C_42,5
ERR876432#6,True,True,True,True,0.676,-6.627,UNKNOWN,1.0,20,12F
ERR13374804#52,True,True,False,True,0.983,-9.76,UNKNOWN,0.914442,6,6C
SRR26880426#1,True,False,False,False,1.0,-13.846,3,0.0052,36,3
SRR26594851#15,True,False,False,False,0.999,-11.426,10A,0.06235,35A_35C_42,10A
ERR2089225#2,True,False,False,False,0.998,-11.091,5,0.123871,35A_35C_42,5
SRR26672819#2,True,True,False,True,0.996,-10.493,UNKNOWN,0.596313,35A_35C_42,22F
SRR26797904#8,True,True,False,True,0.988,-10.287,UNKNOWN,0.970098,39,8
ERR14654040#28,True,True,True,True,0.801,-8.063,UNKNOWN,0.999717,20,9V
ERR1192035#3,True,False,False,False,0.999,-10.991,19F,0.000566,12_44_46,19F
ERR774184#33,True,True,True,True,0.624,-6.921,UNKNOWN,1.0,20,6C
SRR26672749#1,True,False,False,False,0.999,-11.831,10A,0.007609,35A_35C_42,10A
ERR884383#2,True,False,False,False,0.999,-11.831,10A,0.007609,35A_35C_42,10A
ERR908928#19,True,False,False,False,0.999,-11.631,23F,0.010404,19B_19C,23F
SRR26673110#15,True,False,False,False,0.999,-12.295,33F,0.033488,20,33F
SRR26797149#6,True,False,False,False,1.0,-13.24,8,0.002876,36,8
ERR862510#4,True,True,True,True,0.261,-6.295,UNKNOWN,0.999999,Serogroup 33,18C
ERR13364803#24,True,True,False,True,0.955,-8.854,UNKNOWN,0.966946,35A_35C_42,16F
ERR568558#12,True,True,True,True,0.269,-6.159,UNKNOWN,1.0,39,10A
SRR26834138#1,True,False,False,False,1.0,-13.435,8,0.001045,36,8
SRR26749255#2,True,False,False,False,1.0,-13.116,8,0.001332,36,8
ERR1795480#3,True,False,False,False,1.0,-12.073,19A,0.000464,33C,19A
ERR505804#1,True,True,False,True,0.837,-9.442,UNKNOWN,0.992469,12_44_46,11A
ERR774304#15,True,True,False,True,0.96,-9.47,UNKNOWN,0.56024,45,6B
SRR26884275#2,True,False,False,False,1.0,-11.986,10A,0.003392,35A_35C_42,10A
SRR26594730#7,True,True,False,True,0.966,-9.966,UNKNOWN,0.923409,20,35B
SRR26714148#1,True,False,False,False,0.999,-11.395,7C,0.157179,6,7C
SRR26930460#19,True,False,False,False,1.0,-12.297,17F,0.024914,20,17F
SRR26930242#1,True,False,False,False,0.999,-11.493,7C,0.389198,45,7C
ERR600481#8,True,False,False,False,1.0,-12.223,14,0.000452,Serogroup 33,14
SRR26715046#40,True,False,False,False,0.999,-11.622,12F,0.159704,20,12F
SRR26878384#1,True,False,False,False,0.758,-9.459,20B,0.386064,18,20B
ERR884412#17,True,False,False,False,1.0,-12.219,14,0.000485,Serogroup 33,14
SRR26797262#4,True,False,False,False,0.999,-12.144,8,0.346744,3,8
SRR26911180#16,True,False,False,False,0.998,-12.12,12F,0.21194,11,12F
ERR913485#55,True,True,False,True,0.98,-9.788,UNKNOWN,0.758196,36,4
ERR1065666#3,True,False,False,False,0.999,-10.862,19F,0.001843,12_44_46,19F
SRR26834145#1,True,False,False,False,1.0,-13.846,3,0.0052,36,3
SRR26797204#5,True,False,False,False,1.0,-13.199,8,0.002872,36,8
SRR26789582#25,True,False,False,False,0.999,-11.967,22F,0.007087,35A_35C_42,22F
ERR774284#1,True,False,False,False,0.988,-10.774,11A,0.400475,12_44_46,11A
ERR1065827#3,True,False,False,False,0.713,-9.251,15B,0.009489,3,15B
SRR26817759#5,True,False,False,False,0.999,-11.616,4,0.141828,3,4
ERR1453694#5,True,False,False,False,0.584,-9.168,15B,0.004102,29,15B
ERR570415#20,True,False,False,False,1.0,-11.981,14,0.004478,Serogroup 33,14
ERR750784#11,True,False,False,False,0.997,-10.954,4,0.493738,36,4
ERR490798#1,True,False,False,False,1.0,-11.795,19A,0.002887,33C,19A
ERR3664419#2,True,False,False,False,0.999,-11.603,4,0.148258,3,4
ERR751148#13,True,False,False,False,0.999,-11.98,12F,0.089372,6,12F
ERR2090890#2,True,False,False,False,0.998,-11.899,33F,0.117198,20,33F
ERR505555#2,True,True,True,True,0.199,-5.822,UNKNOWN,0.999999,35A_35C_42,6E
SRR26931514#1,True,False,False,False,0.999,-11.508,7C,0.124812,6,7C
SRR26789814#5,True,False,False,False,1.0,-13.24,8,0.002857,36,8
SRR26790030#2,True,False,False,False,1.0,-13.116,8,0.001332,36,8
ERR774227#2,True,False,False,False,1.0,-11.81,14,0.003765,Serogroup 33,14
SRR26714660#1,True,False,False,False,1.0,-13.846,3,0.0052,36,3
ERR331132#38,True,False,False,False,0.671,-8.308,6A,0.331778,3,6A
ERR13374848#61,True,False,False,False,0.998,-10.9,31,0.09558,Serogroup 33,31
ERR2681394#1,True,False,False,False,0.985,-10.358,6A,0.000833,45,6A
ERR773926#2,True,True,False,True,0.952,-8.628,UNKNOWN,0.994041,36,4
SRR26797645#2,True,False,False,False,0.999,-11.756,16F,0.005709,39,16F
SRR26911071#25,True,True,True,True,0.452,-6.705,UNKNOWN,1.0,36,9V
SRR26880044#1,True,False,False,False,1.0,-13.422,8,0.001186,36,8
SRR26879675#55,True,False,False,False,0.996,-10.06,19F,0.326918,36,19F
ERR862299#6,True,False,False,False,0.999,-12.065,5,0.028369,35A_35C_42,5
ERR1066155#1,True,False,False,False,0.569,-9.136,15C,0.003635,29,15C
ERR13374691#11,True,True,True,True,0.943,-8.069,UNKNOWN,0.986815,27,14
ERR13364980#29,True,False,False,False,0.998,-11.27,16F,0.024669,35A_35C_42,16F
ERR2667154#4,True,False,False,False,1.0,-12.254,14,0.000494,33C,14
ERR13364383#10,True,True,True,True,0.824,-7.952,UNKNOWN,0.997863,Serogroup 33,14
ERR3796806#3,True,False,False,False,0.996,-11.759,24F,0.126013,35A_35C_42,24F
ERR1191864#1,True,False,False,False,0.996,-10.815,19A,0.068716,6,19A
ERR490794#1,True,False,False,False,0.999,-12.346,3,0.064394,36,3
SRR26594938#33,True,True,True,True,0.38,-6.946,UNKNOWN,1.0,39,6C
SRR26749282#13,True,False,False,False,0.998,-11.262,22F,0.255465,35A_35C_42,22F
ERR3796932#2,True,False,False,False,0.996,-11.71,24F,0.177462,35A_35C_42,24F
SRR26910674#2,True,False,False,False,1.0,-12.155,19A,0.000279,33C,19A
ERR3664421#1,True,True,False,True,0.879,-8.277,UNKNOWN,0.999999,3,4
ERR2090377#2,True,True,False,True,0.972,-8.527,UNKNOWN,0.959291,20,6A
ERR1202490#5,True,True,False,True,0.961,-10.621,UNKNOWN,0.991066,11,12F
ERR876792#15,True,False,False,False,0.999,-11.572,23F,0.010786,19B_19C,23F
ERR1422689#1,True,False,False,False,1.0,-11.751,19A,0.001928,33C,19A
ERR1788065#47,True,False,False,False,0.999,-11.67,4,0.048095,36,4
ERR884560#17,True,False,False,False,0.507,-9.223,15B,0.004925,29,15B
ERR2667081#2,True,False,False,False,0.998,-11.467,3,0.490308,11,3
SRR26878663#1,True,False,False,False,0.999,-11.787,16F,0.004836,39,16F
SRR26595031#28,True,False,False,False,0.999,-12.321,12F,0.067768,33G,12F
SRR26672881#2,True,False,False,False,1.0,-13.846,3,0.0052,36,3
ERR870282#16,True,False,False,False,0.933,-9.961,6A,0.001102,45,6A
ERR714664#15,True,False,False,False,0.964,-9.865,6A,0.001918,20,6A
SRR26749277#1,True,False,False,False,1.0,-13.052,8,0.0015,36,8
ERR730635#37,True,True,False,True,0.989,-10.531,UNKNOWN,0.959846,33G,12F
ERR319328#27,True,True,False,True,0.783,-8.485,UNKNOWN,0.521147,45,6B
ERR433594#1,True,False,False,False,1.0,-12.211,14,0.000431,Serogroup 33,14
ERR316659#30,True,True,False,True,0.91,-8.26,UNKNOWN,1.0,35A_35C_42,9L
ERR742402#51,True,True,False,True,0.998,-11.404,UNKNOWN,0.624767,35A_35C_42,7F
ERR1422336#25,True,False,False,False,0.998,-11.073,5,0.069323,35A_35C_42,5
SRR26911182#40,True,False,False,False,1.0,-12.469,22F,0.001205,35A_35C_42,22F
ERR600084#13,True,False,False,False,0.998,-11.269,7F,0.457414,35A_35C_42,7F
SRR26879733#7,True,False,False,False,1.0,-13.223,8,0.00279,36,8
SRR26714921#8,True,False,False,False,0.998,-11.461,7C,0.475618,45,7C
ERR714106#1,True,False,False,False,1.0,-13.016,1,0.001343,6,1
ERR913209#4,True,False,False,False,1.0,-12.945,1,0.002697,6,1
SRR26818651#7,True,False,False,False,0.999,-11.545,10A,0.04142,35A_35C_42,10A
ERR3899216#18,True,False,False,False,1.0,-12.221,14,0.000344,Serogroup 33,14
ERR505867#59,True,True,False,True,0.988,-9.56,UNKNOWN,0.745142,Serogroup 33,14
ERR600606#3,True,True,True,True,0.865,-8.007,UNKNOWN,0.992198,19B_19C,14
ERR730386#3,True,False,False,False,0.999,-11.454,1,0.112453,3,1
ERR714443#7,True,False,False,False,0.998,-11.198,4,0.288686,36,4
ERR600379#5,True,False,False,False,1.0,-13.117,1,0.001571,6,1
SRR26714555#74,True,False,False,False,0.995,-10.253,19F,0.14714,12_44_46,19F
ERR750963#7,True,False,False,False,1.0,-12.038,14,0.002068,Serogroup 33,14
ERR2680878#1,True,False,False,False,1.0,-11.751,19A,0.001928,33C,19A
SRR26879814#2,True,False,False,False,0.999,-11.47,22F,0.072381,35A_35C_42,22F
ERR2090503#1,True,False,False,False,1.0,-11.915,19A,0.001409,33C,19A
ERR505586#2,True,True,True,True,0.164,-5.588,UNKNOWN,0.999996,3,23F
ERR2668119#1,True,False,False,False,1.0,-13.273,8,0.001702,36,8
ERR2090438#20,True,False,False,False,1.0,-12.817,1,0.006748,6,1
ERR1453328#7,True,False,False,False,0.999,-11.399,34,0.018499,6,34
SRR26594478#6,True,False,False,False,0.999,-12.301,9N,0.036625,18,9N
SRR26931251#2,True,False,False,False,1.0,-13.052,8,0.0015,36,8
ERR2667891#22,True,False,False,False,0.998,-11.14,5,0.229843,35A_35C_42,5
SRR26930316#3,True,False,False,False,1.0,-12.936,8,0.002236,36,8
SRR26818636#1,True,False,False,False,0.955,-10.284,18C,0.110909,Serogroup 33,18C
SRR26797569#5,True,False,False,False,1.0,-13.24,8,0.002857,36,8
ERR979906#20,True,False,False,False,0.997,-10.489,14,0.162961,33G,14
ERR570460#22,True,False,False,False,1.0,-12.016,14,0.002124,Serogroup 33,14
SRR26817946#10,True,False,False,False,0.999,-12.321,12F,0.067768,33G,12F
ERR2667810#4,True,False,False,False,0.999,-11.167,7F,0.064351,35A_35C_42,7F
ERR13365264#55,True,True,False,True,0.998,-11.317,UNKNOWN,0.546387,36,8
SRR26594528#23,True,False,False,False,0.999,-11.564,10A,0.060704,35A_35C_42,10A
SRR26931481#41,True,False,False,False,0.996,-10.761,23B,0.269507,36,23B
ERR433571#13,True,False,False,False,0.999,-11.049,19F,0.000358,12_44_46,19F
ERR2090654#2,True,False,False,False,0.997,-10.838,33F,0.403494,20,33F
SRR26714180#1,True,False,False,False,0.996,-10.67,19A,0.207595,33C,19A
SRR26931660#9,True,False,False,False,0.999,-12.176,3,0.132834,11,3
ERR1422680#17,True,False,False,False,1.0,-11.948,19A,0.001279,33C,19A
ERR1065470#5,True,False,False,False,0.999,-11.305,4,0.11491,3,4
ERR956311#9,True,False,False,False,0.934,-9.595,6B,0.12807,45,6B
ERR1453654#15,True,True,False,True,0.867,-9.672,UNKNOWN,0.964856,12_44_46,11A
SRR26789884#1,True,False,False,False,0.961,-10.02,6C,0.423481,6,6C
ERR7567728#1,True,True,False,True,0.983,-10.703,UNKNOWN,0.941514,11,12F
SRR26930252#3,True,False,False,False,1.0,-13.015,8,0.001885,36,8
ERR3270849#1,True,True,False,True,0.911,-10.232,UNKNOWN,0.678829,35A_35C_42,35B
ERR925381#10,True,False,False,False,0.999,-11.285,15A,0.086615,10,15A
SRR26884407#13,True,False,False,False,0.999,-11.711,15A,0.003778,10,15A
SRR26884211#12,True,False,False,False,0.999,-12.158,9N,0.01413,20,9N
ERR1795517#2,True,False,False,False,1.0,-12.029,14,0.001046,Serogroup 33,14
ERR3303427#18,True,True,True,True,0.533,-6.95,UNKNOWN,0.999995,45,6C
SRR26817779#53,True,True,False,True,0.998,-11.404,UNKNOWN,0.624767,35A_35C_42,7F
ERR979969#28,True,True,True,True,0.842,-7.558,UNKNOWN,0.989997,45,6A
ERR8481706#1,True,True,False,True,0.911,-10.23,UNKNOWN,0.678151,35A_35C_42,35B
ERR1202470#2,True,False,False,False,1.0,-13.003,3,0.109022,11,3
ERR3796660#2,True,False,False,False,0.996,-11.706,24F,0.172299,35A_35C_42,24F
ERR9796471#1,True,False,False,False,0.998,-11.59,24F,0.16251,35A_35C_42,24F
ERR13365629#28,True,False,False,False,1.0,-12.347,22F,0.001956,35A_35C_42,22F
SRR26797729#3,True,False,False,False,1.0,-13.116,8,0.001332,36,8
SRR26879565#4,True,False,False,False,0.999,-12.294,9N,0.029434,18,9N
ERR505577#16,True,False,False,False,0.999,-11.617,23F,0.010841,19B_19C,23F
ERR632997#18,True,True,False,True,0.993,-9.921,UNKNOWN,0.648024,36,4
ERR876492#6,True,False,False,False,0.999,-11.066,19F,0.000421,12_44_46,19F
ERR2089996#6,True,False,False,False,0.574,-8.787,15B,0.138523,3,15C
ERR319343#24,True,False,False,False,0.69,-8.475,6B,0.415203,45,6B
ERR1594521#6,True,True,False,True,0.961,-10.621,UNKNOWN,0.990517,11,12F
ERR913059#13,True,True,True,True,0.922,-8.113,UNKNOWN,0.992607,36,19A
ERR3270820#19,True,False,False,False,0.992,-10.032,11A,0.321504,12_44_46,11A
ERR751101#21,True,True,False,True,0.952,-8.806,UNKNOWN,0.977896,36,6B
ERR2853693#2,True,False,False,False,1.0,-11.753,19A,0.003497,33C,19A
ERR633078#2,True,True,False,True,0.975,-8.524,UNKNOWN,0.833545,18,6A
ERR714181#24,True,False,False,False,0.999,-11.706,5,0.047561,35A_35C_42,5
ERR2680939#2,True,True,True,True,0.926,-8.126,UNKNOWN,0.998448,45,14
ERR2668124#1,True,True,False,True,0.971,-9.787,UNKNOWN,0.860778,6,6C
ERR9796529#3,True,False,False,False,0.999,-11.374,34,0.022607,6,34
ERR1202397#1,True,False,False,False,1.0,-12.518,1,0.004148,6,1
ERR876457#23,True,False,False,False,1.0,-12.067,14,0.001295,33G,14
ERR1430948#1,True,False,False,False,0.999,-11.62,19A,0.005945,33C,19A
SRR26910575#11,True,True,True,True,0.86,-7.116,UNKNOWN,0.999997,33A_33F_37,11A
ERR742804#12,True,True,False,True,0.961,-9.47,UNKNOWN,0.585112,45,6B
SRR26878284#1,True,False,False,False,0.999,-11.667,23B,0.011238,7B_7C_40,23B
ERR862486#2,True,True,False,True,0.962,-9.458,UNKNOWN,0.875306,45,6B
ERR3227768#2,True,False,False,False,1.0,-13.174,8,0.002314,3,8
ERR13364482#22,True,False,False,False,0.999,-12.088,33F,0.017556,20,33F
SRR26930333#3,True,False,False,False,0.999,-12.028,22F,0.003467,33A_33F_37,22F
SRR26879599#2,True,False,False,False,0.999,-12.17,9N,0.014687,20,9N
ERR568462#2,True,False,False,False,1.0,-12.136,14,0.000587,Serogroup 33,14
SRR26749210#13,True,False,False,False,0.999,-11.289,10A,0.081032,35A_35C_42,10A
ERR13365910#2,True,False,False,False,1.0,-12.37,22F,0.002782,35A_35C_42,22F
ERR1191851#6,True,True,True,True,0.476,-6.613,UNKNOWN,1.0,35A_35C_42,12F
ERR13374611#6,True,False,False,False,0.999,-12.176,3,0.132834,11,3
ERR2667915#2,True,False,False,False,1.0,-11.784,19A,0.00314,33C,19A
SRR26911020#3,True,True,False,True,0.969,-9.93,UNKNOWN,0.910351,20,35B
ERR1658103#8,True,True,False,True,0.998,-11.196,UNKNOWN,0.949382,35A_35C_42,39
SRR26883829#2,True,False,False,False,1.0,-13.121,8,0.001159,36,8
ERR730717#25,True,False,False,False,0.995,-11.024,38,0.279465,18,38
SRR26817738#5,True,False,False,False,1.0,-13.132,8,0.003166,3,8
SRR26930362#1,True,True,False,True,0.985,-10.155,UNKNOWN,0.977211,39,8
ERR742504#1,True,False,False,False,1.0,-12.021,19A,0.000532,33C,19A
ERR13374909#40,True,False,False,False,0.999,-11.899,8,0.146207,36,8
ERR632981#1,True,False,False,False,0.998,-10.599,19F,0.055205,Serogroup 33,19F
ERR3796915#2,True,False,False,False,0.996,-11.698,24F,0.179376,35A_35C_42,24F
ERR742682#7,True,True,False,True,0.955,-10.56,UNKNOWN,0.994125,11,12F
ERR2681237#1,True,False,False,False,0.984,-10.29,6A,0.001015,45,6A
SRR26672957#1,True,False,False,False,1.0,-13.425,8,0.00115,36,8
ERR742346#2,True,True,False,True,0.998,-10.992,UNKNOWN,0.505387,20,7F
SRR26714954#30,True,True,False,True,0.948,-10.611,UNKNOWN,0.872035,33G,12F
ERR1066171#2,True,True,True,True,0.843,-7.617,UNKNOWN,0.999617,36,19F
SRR26884613#48,True,True,False,True,0.994,-11.184,UNKNOWN,0.75397,20,17F
ERR2853656#4,True,True,False,True,0.992,-9.936,UNKNOWN,0.898886,6,19A
ERR2090994#4,True,False,False,False,0.999,-11.635,4,0.010054,3,4
SRR26930224#30,True,False,False,False,0.998,-11.012,10A,0.247467,35A_35C_42,10A
SRR26930803#53,True,False,False,False,0.995,-10.253,19F,0.14714,12_44_46,19F
ERR2091217#6,True,False,False,False,1.0,-12.887,1,0.003764,6,1
ERR714105#24,True,True,False,True,0.803,-9.703,UNKNOWN,0.946529,33G,12F
ERR2668113#5,True,True,False,True,0.96,-10.613,UNKNOWN,0.991197,11,12F
SRR26879698#5,True,False,False,False,0.998,-11.386,16F,0.014915,35A_35C_42,16F
ERR2090804#3,True,False,False,False,0.999,-12.201,12F,0.257331,20,12F
ERR7568054#3,True,False,False,False,0.987,-10.073,19F,0.325356,36,19F
ERR13374696#10,True,False,False,False,0.998,-10.852,15A,0.107848,10,15A
SRR26749304#13,True,True,False,True,0.996,-10.642,UNKNOWN,0.738566,45,7C
ERR340870#1,True,False,False,False,0.999,-11.21,23A,0.025414,3,23A
ERR862534#38,True,False,False,False,0.962,-10.392,18C,0.008805,36,18C
ERR1202285#9,True,False,False,False,0.998,-10.829,14,0.068838,27,14
ERR600126#30,True,False,False,False,0.999,-11.967,22F,0.007087,35A_35C_42,22F
SRR26789894#18,True,False,False,False,0.999,-11.288,9V,0.003044,20,9V
ERR2667793#28,True,False,False,False,0.998,-11.087,5,0.184017,35A_35C_42,5
SRR26878358#14,True,False,False,False,0.999,-11.711,15A,0.003778,10,15A
ERR980311#27,True,True,True,False,0.843,-8.047,6A,0.449683,20,6A
SRR26749906#8,True,False,False,False,0.82,-9.978,38,0.002631,3,38
ERR319314#124,True,False,False,False,0.756,-9.006,6B,0.070286,36,6B
ERR2667588#7,True,False,False,False,1.0,-12.935,1,0.003867,6,1
ERR1202118#1,True,False,False,False,0.999,-11.788,13,0.006382,20,13
ERR876641#10,True,False,False,False,1.0,-12.225,14,0.000421,Serogroup 33,14
SRR26910468#2,True,False,False,False,0.999,-11.727,23B,0.006016,6,23B
ERR3270730#13,True,True,False,True,0.996,-10.846,UNKNOWN,0.781552,35A_35C_42,10F
ERR751137#13,True,True,False,True,0.961,-9.47,UNKNOWN,0.585112,45,6B
SRR26884329#2,True,False,False,False,1.0,-13.846,3,0.0052,36,3
SRR26672921#2,True,True,False,True,0.995,-10.148,UNKNOWN,0.504823,45,16F
ERR3796488#4,True,False,False,False,0.999,-11.753,14,0.005238,Serogroup 33,14
ERR586455#5,True,False,False,False,1.0,-12.085,19A,0.000419,33C,19A
ERR774359#2,True,False,False,False,1.0,-12.866,8,0.002361,36,8
ERR751016#12,True,False,False,False,0.993,-10.194,19F,0.307411,12_44_46,19F
ERR913248#1,True,False,False,False,1.0,-12.179,14,0.000429,Serogroup 33,14
SRR26818573#3,True,False,False,False,0.999,-12.131,9N,0.071141,18,9N
ERR1799713#2,True,False,False,False,0.589,-9.244,15B,0.002687,29,15B
ERR2680975#1,True,True,False,True,0.984,-9.678,UNKNOWN,0.676262,12_44_46,19F
ERR600367#3,True,False,False,False,0.963,-10.434,38,0.350006,3,38
SRR26880259#1,True,False,False,False,1.0,-11.799,19A,0.002821,33C,19A
SRR26817902#1,True,True,True,True,0.499,-6.546,UNKNOWN,0.999992,36,4
ERR331166#23,True,True,False,True,0.989,-9.441,UNKNOWN,0.75353,36,6B
ERR742438#1,True,False,False,False,0.999,-11.412,23F,0.012437,19B_19C,23F
ERR13365183#22,True,False,False,False,1.0,-11.905,14,0.002601,36,14
ERR730512#4,True,False,False,False,0.999,-11.455,1,0.111168,3,1
SRR26673727#3,True,False,False,False,1.0,-12.46,22F,0.001321,35A_35C_42,22F
SRR26878231#11,True,True,False,True,0.967,-8.868,UNKNOWN,0.97396,18,10A
SRR26818094#6,True,False,False,False,0.999,-11.129,19A,0.085145,10D,19A
SRR26789695#6,True,False,False,False,1.0,-13.24,8,0.002857,36,8
SRR26833648#6,True,False,False,False,0.999,-12.28,9N,0.029829,18,9N
SRR26749231#11,True,False,False,False,0.999,-11.553,12F,0.2089,20,12F
ERR13365041#1,True,False,False,False,0.998,-11.154,23A,0.055739,3,23A
ERR1065483#1,True,False,False,False,0.993,-10.307,19F,0.116132,36,19F
SRR26931285#3,True,False,False,False,1.0,-12.44,22F,0.001202,35A_35C_42,22F
ERR1764036#8,True,False,False,False,1.0,-12.903,1,0.003938,6,1
SRR26883885#7,True,False,False,False,1.0,-12.967,8,0.008206,36,8
ERR1422402#24,True,False,False,False,0.999,-11.871,5,0.030923,35A_35C_42,5
ERR1202230#7,True,True,False,True,0.956,-8.813,UNKNOWN,0.971751,33C,21
SRR26789940#5,True,False,False,False,1.0,-13.237,8,0.002982,36,8
SRR26833930#4,True,True,False,True,0.823,-8.287,UNKNOWN,0.971874,12_44_46,11A
ERR774369#5,True,False,False,False,1.0,-13.117,1,0.001571,6,1
ERR490737#14,True,False,False,False,0.973,-10.219,6A,0.000746,20,6A
SRR26911178#23,True,False,False,False,0.999,-11.525,19A,0.007046,33C,19A
SRR26931740#1,True,False,False,False,0.999,-11.227,23A,0.022023,3,23A
ERR340836#2,True,False,False,False,1.0,-12.834,1,0.006698,6,1
ERR13365461#33,True,False,False,False,0.998,-11.177,7F,0.489286,35A_35C_42,7F
ERR750868#4,True,False,False,False,0.999,-11.047,19F,0.000491,12_44_46,19F
SRR26930193#56,True,True,False,True,0.992,-10.161,UNKNOWN,0.881671,39,6C
ERR870017#1,True,True,False,True,0.921,-9.219,UNKNOWN,0.549871,Serogroup 33,19F
ERR2612111#6,True,True,False,True,0.989,-9.736,UNKNOWN,0.886398,35A_35C_42,5
ERR2089071#2,True,False,False,False,0.996,-10.815,19A,0.068716,6,19A
ERR13374882#29,True,False,False,False,1.0,-12.347,22F,0.001956,35A_35C_42,22F
ERR2090479#1,True,False,False,False,0.999,-11.408,23F,0.007387,19B_19C,23F
ERR714126#2,True,True,False,True,0.971,-9.584,UNKNOWN,0.999985,20,40
ERR913139#1,True,False,False,False,1.0,-11.794,19A,0.002902,33C,19A
ERR2089698#5,True,False,False,False,0.906,-9.544,19A,0.002682,10D,19A
SRR26797985#2,True,False,False,False,1.0,-13.116,8,0.001332,36,8
SRR26818390#4,True,True,False,True,0.987,-10.69,UNKNOWN,0.9079,11,12F
ERR1202424#10,True,False,False,False,0.999,-11.399,4,0.126961,36,4
SRR26833558#20,True,False,False,False,0.998,-11.383,33F,0.308717,20,33F
ERR1788091#13,True,True,False,True,0.963,-8.888,UNKNOWN,0.995269,6,21
SRR26673390#3,True,False,False,False,1.0,-13.007,8,0.001797,36,8
SRR26884258#21,True,True,True,True,0.833,-7.907,UNKNOWN,0.995273,20,10A
ERR13374820#6,True,False,False,False,0.997,-10.807,10A,0.240836,35A_35C_42,10A
ERR1214490#6,True,False,False,False,0.911,-10.246,38,0.058807,6,38
SRR26884081#8,True,False,False,False,0.508,-9.206,15B,0.00514,29,15B
ERR425505#6,True,False,False,False,1.0,-12.247,14,0.000875,15,14
SRR26910415#1,True,True,False,True,0.969,-10.61,UNKNOWN,0.646946,18,35B
ERR2089736#33,True,False,False,False,0.998,-11.505,12F,0.379827,20,12F
ERR714109#1,True,False,False,False,0.999,-11.429,9V,0.001906,20,9V
ERR980073#1,True,False,False,False,0.962,-9.687,14,0.039479,36,14
ERR862535#7,True,False,False,False,0.999,-11.384,15A,0.034262,10,15A
ERR2090697#25,True,False,False,False,0.983,-9.804,7F,0.414433,35A_35C_42,7F
ERR774041#2,True,True,False,True,0.996,-11.273,UNKNOWN,0.920732,20,7C
ERR449156#1,True,False,False,False,0.917,-9.278,6A,0.008036,45,6A
ERR3270759#1,True,False,False,False,0.999,-11.666,23B,0.024443,7B_7C_40,23B
SRR26931020#2,True,False,False,False,1.0,-12.724,1,0.004492,6,1
ERR316817#1,True,False,False,False,0.999,-11.42,23F,0.010893,19B_19C,23F
SRR26879828#12,True,False,False,False,0.999,-12.158,9N,0.01413,20,9N
SRR26749748#4,True,True,False,True,0.981,-9.721,UNKNOWN,0.958823,45,6C
ERR352038#2,True,False,False,False,0.999,-11.363,23F,0.008497,19B_19C,23F
SRR26879880#2,True,True,False,True,0.994,-9.869,UNKNOWN,0.556726,45,23B
ERR773865#1,True,False,False,False,1.0,-12.504,1,0.007645,6,1
ERR876465#9,True,False,False,False,1.0,-12.213,14,0.000411,Serogroup 33,14
SRR26833787#8,True,False,False,False,0.999,-11.967,22F,0.007087,35A_35C_42,22F
ERR1795458#14,True,False,False,False,0.998,-11.184,7F,0.243337,35A_35C_42,7F
ERR1453293#9,True,False,False,False,0.999,-11.454,34,0.015886,6,34
SRR26884378#2,True,False,False,False,0.999,-12.301,9N,0.036625,18,9N
SRR26749342#5,True,True,False,True,0.966,-9.966,UNKNOWN,0.923409,20,35B
SRR26910618#4,True,False,False,False,0.894,-9.677,20B,0.190287,18,20B
ERR3796552#3,True,False,False,False,1.0,-11.81,14,0.003765,Serogroup 33,14
ERR316648#1,True,True,True,True,0.85,-7.925,UNKNOWN,0.999845,15,4
ERR1453629#8,True,False,False,False,0.934,-9.596,6B,0.129479,45,6B
SRR26790137#10,True,False,False,False,0.999,-12.321,12F,0.067768,33G,12F
SRR26930810#4,True,True,False,True,0.831,-9.504,UNKNOWN,0.615241,12_44_46,11A
ERR925061#1,True,True,False,True,0.967,-9.514,UNKNOWN,0.581327,Serogroup 33,19F
ERR449237#1,True,False,False,False,1.0,-12.021,19A,0.000532,33C,19A
SRR26714389#4,False,True,True,True,0.813,-7.099,UNKNOWN,0.999999,20,12F
ERR4501454#1,True,False,False,False,0.996,-11.751,24F,0.171369,35A_35C_42,24F
ERR774312#21,True,True,False,True,0.502,-8.768,UNKNOWN,0.588281,20,15B
ERR730354#26,True,True,True,True,0.887,-8.036,UNKNOWN,0.998115,19B_19C,21
SRR26749804#2,True,False,False,False,1.0,-13.123,8,0.00125,36,8
ERR1453625#1,True,False,False,False,0.999,-11.668,1,0.39174,11,1
ERR774607#6,True,False,False,False,0.999,-11.782,5,0.086042,35A_35C_42,5
SRR26749896#33,True,True,False,True,0.99,-9.809,UNKNOWN,0.908818,Serogroup 33,21
SRR26789311#7,True,False,False,False,0.999,-12.253,12F,0.132868,20,12F
ERR2090026#19,True,True,True,True,0.336,-6.984,UNKNOWN,0.999999,Serogroup 33,4
ERR1788128#1,True,False,False,False,1.0,-12.073,19A,0.000464,33C,19A
ERR600454#9,True,False,False,False,1.0,-12.227,14,0.000411,Serogroup 33,14
ERR4289046#2,True,False,False,False,0.999,-12.336,17F,0.038825,20,17F
ERR742601#18,True,False,False,False,0.998,-11.236,31,0.255037,7B_7C_40,31
ERR3795515#2,True,False,False,False,1.0,-12.121,14,0.0006,Serogroup 33,14
ERR1214378#1,True,False,False,False,0.999,-11.359,23F,0.008674,19B_19C,23F
ERR570443#1,True,False,False,False,0.991,-10.056,6A,0.228089,45,6A
ERR1065984#25,True,False,False,False,0.999,-11.507,34,0.006839,6,34
SRR26749767#17,True,False,False,False,1.0,-11.795,19A,0.002887,33C,19A
ERR1658194#45,True,False,False,False,0.998,-10.314,19F,0.033806,12_44_46,19F
ERR13364627#12,True,False,False,False,1.0,-11.807,14,0.003665,36,14
SRR26834388#2,True,False,False,False,0.999,-11.493,7C,0.389198,45,7C
ERR751094#2,True,False,False,False,0.993,-10.194,19F,0.307411,12_44_46,19F
ERR433692#2,True,True,False,True,0.641,-8.781,UNKNOWN,0.847292,3,15B
SRR26594527#2,True,False,False,False,1.0,-12.073,19A,0.000464,33C,19A
ERR1202344#2,True,False,False,False,0.999,-11.33,1,0.117762,6,1
ERR869963#1,True,False,False,False,0.999,-12.346,3,0.064394,36,3
ERR2681280#1,True,False,False,False,0.985,-10.358,6A,0.000833,45,6A
SRR26673556#2,True,False,False,False,1.0,-12.44,22F,0.001202,35A_35C_42,22F
SRR26884607#1,True,False,False,False,0.999,-12.123,9N,0.018516,20,9N
ERR13364772#25,True,True,False,True,0.997,-10.824,UNKNOWN,0.530712,10D,19A
SRR26877961#26,True,False,False,False,0.998,-11.012,10A,0.247467,35A_35C_42,10A
ERR1422617#1,True,False,False,False,0.999,-11.419,23F,0.010878,19B_19C,23F
SRR26931269#1,True,True,False,True,0.997,-10.854,UNKNOWN,0.508924,20,12F
ERR505913#5,True,False,False,False,0.971,-9.474,6A,0.017527,45,6A
ERR1106726#7,True,False,False,False,0.934,-9.594,6B,0.125618,45,6B
ERR600474#17,True,False,False,False,0.958,-10.597,18C,0.018002,Serogroup 33,18C
ERR750882#26,True,False,False,False,1.0,-12.053,14,0.001941,Serogroup 33,14
ERR13374808#8,True,False,False,False,0.999,-11.995,16F,0.002817,39,16F
ERR876630#3,True,False,False,False,0.955,-9.907,18C,0.045575,36,18C
SRR26884129#3,True,False,False,False,0.973,-10.491,38,0.232579,18,38
ERR1430870#4,True,True,False,True,0.996,-10.627,UNKNOWN,0.687914,6,1
SRR26879509#5,True,False,False,False,1.0,-13.226,8,0.00304,36,8
ERR2667458#27,True,False,False,False,0.992,-10.096,6A,0.011791,20,6A
ERR633115#1,True,False,False,False,0.974,-9.557,6A,0.014685,45,6A
ERR774162#3,True,True,False,True,0.924,-8.644,UNKNOWN,0.999964,25A_25F_38,28A
SRR26749820#1,True,True,True,True,0.854,-8.062,UNKNOWN,0.999242,10D,19F
SRR26749882#6,True,False,False,False,0.999,-11.731,8,0.058141,3,8
ERR8481873#1,True,False,False,False,0.999,-11.813,15A,0.008042,10,15A
ERR505672#1,True,True,True,True,0.362,-7.296,UNKNOWN,0.999999,3,23A
ERR2667857#2,True,False,False,False,0.996,-11.707,24F,0.176386,35A_35C_42,24F
ERR4501458#1,True,False,False,False,0.996,-11.709,24F,0.174426,35A_35C_42,24F
SRR26911015#1,True,False,False,False,0.999,-11.722,15A,0.014691,10,15A
ERR730839#1,True,False,False,False,0.998,-10.646,19F,0.027876,Serogroup 33,19F
SRR26833973#36,True,True,False,True,0.996,-10.736,UNKNOWN,0.536046,20,21
ERR1066120#3,True,False,False,False,0.999,-10.883,19F,0.000909,36,19F
SRR26878487#18,True,True,False,True,0.965,-9.329,UNKNOWN,0.950693,36,4
ERR862518#5,True,False,False,False,0.907,-9.983,6B,0.020992,45,6B
SRR26879499#4,True,False,False,False,1.0,-13.102,8,0.003566,3,8
ERR1202508#28,True,False,False,False,1.0,-12.891,1,0.003906,6,1
ERR913370#5,True,True,True,True,0.645,-7.985,UNKNOWN,1.0,Serogroup 33,28F
ERR980107#2,True,True,True,True,0.9,-8.061,UNKNOWN,0.999546,33G,6C
ERR900696#14,True,False,False,False,0.999,-11.622,23F,0.011281,19B_19C,23F
SRR26877950#19,True,True,False,True,0.994,-11.184,UNKNOWN,0.75397,20,17F
SRR26818102#9,True,False,False,False,0.999,-12.253,12F,0.132868,20,12F
ERR632888#2,True,False,False,False,0.999,-12.136,12F,0.071046,11,12F
ERR774136#2,True,False,False,False,0.999,-11.668,23B,0.012945,7B_7C_40,23B
ERR862509#9,True,False,False,False,1.0,-12.195,16F,0.001353,39,16F
SRR26931902#26,True,False,False,False,0.847,-9.904,38,0.163015,6,38
ERR714326#10,True,False,False,False,0.934,-9.598,6B,0.132888,45,6B
SRR26879973#1,True,False,False,False,0.999,-12.158,9N,0.01413,20,9N
ERR1788399#35,True,False,False,False,0.957,-10.518,18C,0.036717,Serogroup 33,18C
SRR26880168#7,True,False,False,False,1.0,-13.24,8,0.002876,36,8
ERR449236#1,True,False,False,False,0.948,-10.209,18C,0.134654,Serogroup 33,18C
ERR331167#17,True,False,False,False,0.998,-11.079,6C,0.371978,6,6C
ERR1192118#15,True,False,False,False,0.999,-12.075,12F,0.069216,11,12F
ERR884691#1,True,True,False,True,0.986,-9.719,UNKNOWN,0.507237,36,19F
ERR433648#53,True,True,False,True,0.998,-11.404,UNKNOWN,0.624767,35A_35C_42,7F
ERR1788075#1,True,False,False,False,1.0,-11.849,19A,0.001154,6,19A
SRR26797175#1,True,False,False,False,0.999,-12.156,9N,0.014526,20,9N
ERR884668#1,True,True,False,True,0.986,-9.719,UNKNOWN,0.507237,36,19F
ERR876660#24,True,True,False,True,0.809,-8.54,UNKNOWN,0.996097,20,9V
SRR26834000#21,True,False,False,False,0.999,-11.525,19A,0.007046,33C,19A
ERR2089586#1,True,True,False,True,0.992,-10.059,UNKNOWN,0.999657,35A_35C_42,5
SRR26910554#1,True,True,False,True,0.828,-9.501,UNKNOWN,0.621819,12_44_46,11A
ERR505926#5,True,False,False,False,0.998,-10.429,19F,0.075237,Serogroup 33,19F
ERR13364922#3,True,True,False,True,0.844,-8.853,UNKNOWN,0.998088,10,15A
SRR26878743#1,True,False,False,False,0.999,-11.493,7C,0.389198,45,7C
ERR884694#28,True,True,True,True,0.852,-8.115,UNKNOWN,0.984084,36,19A
ERR13365991#30,True,False,False,False,1.0,-12.468,22F,0.001427,35A_35C_42,22F
ERR2091117#12,True,False,False,False,0.999,-12.061,17F,0.026614,20,17F
SRR26834391#2,True,False,False,False,0.999,-12.157,9N,0.013611,20,9N
SRR26931586#1,True,False,False,False,0.999,-11.77,16F,0.005164,39,16F
ERR2090079#3,True,True,False,True,0.972,-10.341,UNKNOWN,0.646065,Serogroup 33,28F
SRR26749945#3,True,False,False,False,1.0,-13.846,3,0.0052,36,3
ERR913335#10,True,False,False,False,0.995,-10.701,19A,0.086712,6,19A
ERR4289136#1,True,False,False,False,0.999,-11.208,23A,0.025521,3,23A
ERR751009#1,True,False,False,False,1.0,-11.81,19A,0.002666,33C,19A
ERR1540820#2,True,True,False,True,0.922,-8.882,UNKNOWN,0.996638,18,35B
ERR8481807#3,True,False,False,False,0.545,-9.189,15B,0.002603,29,15B
ERR433910#1,True,False,False,False,0.998,-11.157,4,0.090322,3,4
ERR774114#14,True,False,False,False,0.999,-12.042,12F,0.056022,11,12F
SRR26789288#15,True,False,False,False,0.998,-11.342,22F,0.231966,35A_35C_42,22F
SRR26789873#2,True,False,False,False,1.0,-13.165,8,0.00272,3,8
ERR5336813#5,True,True,False,True,0.998,-11.124,UNKNOWN,0.508096,36,4
ERR600177#2,True,False,False,False,0.999,-11.848,10A,0.007162,35A_35C_42,10A
ERR714515#2,True,False,False,False,0.998,-11.132,1,0.454579,6,1
SRR26673469#5,True,False,False,False,1.0,-13.875,3,0.004701,36,3
ERR1422615#2,True,True,False,True,0.997,-11.404,UNKNOWN,0.997811,18,2
ERR714189#24,True,False,False,False,0.999,-11.706,5,0.047561,35A_35C_42,5
ERR1065739#4,True,False,False,False,0.952,-10.253,18C,0.123128,Serogroup 33,18C
ERR600336#16,True,True,False,True,0.983,-9.171,UNKNOWN,0.95319,36,4
ERR1214623#2,True,False,False,False,0.971,-9.255,6A,0.481164,36,6A
SRR26834448#6,True,False,False,False,1.0,-12.967,8,0.008213,36,8
SRR26789982#24,True,True,False,True,0.882,-9.61,UNKNOWN,0.990023,12_44_46,11A
ERR1066101#2,True,False,False,False,1.0,-12.239,13,0.003059,20,13
ERR1065466#1,True,False,False,False,0.711,-9.253,15B,0.009189,3,15B
ERR2680797#13,True,False,False,False,0.934,-9.596,6B,0.129479,45,6B
SRR26672961#4,True,False,False,False,1.0,-13.875,3,0.004701,36,3
ERR633111#1,True,False,False,False,0.97,-9.481,6A,0.013349,45,6A
ERR4289070#15,True,True,False,True,0.92,-8.594,UNKNOWN,1.0,20,1
SRR26715034#15,True,False,False,False,0.998,-11.262,22F,0.255465,35A_35C_42,22F
SRR26797074#6,True,False,False,False,1.0,-13.24,8,0.002857,36,8
SRR26817918#5,True,False,False,False,1.0,-13.875,3,0.004701,36,3
SRR26673134#29,True,False,False,False,0.999,-12.073,33F,0.05014,20,33F
SRR26714757#2,True,False,False,False,1.0,-13.123,8,0.00125,36,8
SRR26789856#3,True,False,False,False,0.998,-11.128,19A,0.14063,10D,19A
ERR908970#5,True,True,False,True,0.985,-9.686,UNKNOWN,0.99594,7B_7C_40,18A
ERR742388#7,True,True,False,True,0.996,-10.846,UNKNOWN,0.696849,35A_35C_42,19A
ERR2681137#2,True,False,False,False,0.994,-10.733,11A,0.075721,12_44_46,11A
SRR26749445#5,True,False,False,False,1.0,-13.223,8,0.00279,36,8
SRR26672897#1,True,False,False,False,1.0,-13.875,3,0.004701,36,3
ERR600338#20,True,False,False,False,0.999,-11.513,10A,0.083215,35A_35C_42,10A
ERR742672#19,True,False,False,False,0.999,-11.706,5,0.047561,35A_35C_42,5
ERR1764056#20,True,False,False,False,0.999,-11.871,5,0.030923,35A_35C_42,5
ERR2089368#5,True,False,False,False,0.852,-9.584,6A,0.002195,45,6A
SRR26714278#23,True,False,False,False,1.0,-12.229,8,0.006269,36,8
SRR26910433#2,True,False,False,False,1.0,-13.121,8,0.001159,36,8
SRR26749831#24,True,True,True,True,0.573,-7.673,UNKNOWN,0.999842,36,19F
ERR13374936#3,True,False,False,False,0.531,-9.181,15C,0.004898,29,15C
SRR26910319#14,True,False,False,False,1.0,-13.015,8,0.001885,36,8
SRR26789441#37,True,False,False,False,0.998,-11.806,7F,0.466169,35A_35C_42,7F
ERR774309#3,True,False,False,False,0.924,-10.13,17F,0.042121,20,17F
ERR646557#1,True,True,False,True,0.964,-9.068,UNKNOWN,0.990903,19B_19C,34
SRR26930303#3,True,False,False,False,0.999,-12.098,12F,0.064028,11,12F
ERR876521#1,True,True,False,True,0.969,-10.602,UNKNOWN,0.664,18,35B
ERR774225#4,True,True,False,True,0.98,-9.139,UNKNOWN,0.539886,20,9V
ERR701802#2,True,False,False,False,1.0,-11.825,14,0.00336,Serogroup 33,14
ERR1453388#43,True,True,True,True,0.701,-7.169,UNKNOWN,0.999998,45,19F
ERR13364762#68,True,True,False,True,0.998,-11.232,UNKNOWN,0.690987,11,1
ERR3303199#2,True,False,False,False,1.0,-12.222,14,0.000357,Serogroup 33,14
SRR26930292#2,True,False,False,False,0.999,-12.276,31,0.044326,33A_33F_37,31
SRR26714503#2,True,False,False,False,0.999,-12.182,8,0.270785,3,8
SRR26594941#8,True,False,False,False,0.999,-12.321,12F,0.067768,33G,12F
SRR26910716#7,True,False,False,False,1.0,-12.961,8,0.010877,36,8
SRR26673674#15,True,False,False,False,0.999,-12.075,12F,0.069216,11,12F
ERR1788454#1,True,False,False,False,0.999,-11.311,19F,0.000996,12_44_46,19F
SRR26880136#11,True,False,False,False,0.998,-12.09,12F,0.235537,11,12F
ERR884561#5,True,False,False,False,0.958,-10.589,18C,0.024194,Serogroup 33,18C
ERR14653919#4,True,False,False,False,0.934,-9.596,6B,0.129573,45,6B
ERR8481737#1,True,False,False,False,1.0,-13.157,8,0.002131,36,8
ERR13375012#7,True,False,False,False,0.999,-11.825,35F,0.183351,20,35F
SRR26789264#15,True,False,False,False,0.998,-11.262,22F,0.255465,35A_35C_42,22F
ERR1065358#2,True,False,False,False,1.0,-12.259,13,0.004325,20,13
ERR2853631#2,True,False,False,False,1.0,-11.789,19A,0.002842,33C,19A
SRR26878368#10,True,True,False,True,0.946,-8.729,UNKNOWN,0.998037,36,19F
ERR7567871#1,True,True,False,True,0.803,-8.949,UNKNOWN,0.999066,33G,35B
SRR26877954#1,True,False,False,False,0.999,-11.668,7C,0.341866,45,7C
ERR568440#3,True,False,False,False,0.999,-10.859,19F,0.001896,12_44_46,19F
SRR26673702#19,True,True,False,True,0.967,-8.925,UNKNOWN,0.972629,20,23A
ERR884403#22,True,False,False,False,0.998,-10.715,19A,0.022951,35A_35C_42,19A
ERR730285#1,True,True,False,True,0.972,-10.341,UNKNOWN,0.646065,Serogroup 33,28F
SRR26930657#7,True,False,False,False,0.998,-11.873,33F,0.170508,20,33F
ERR1065872#8,True,True,False,True,0.983,-9.552,UNKNOWN,0.961683,3,23F
SRR26911036#1,True,False,False,False,1.0,-12.216,9N,0.008425,20,9N
ERR319313#17,True,False,False,False,0.952,-8.987,6B,0.148775,45,6B
SRR26714125#20,True,False,False,False,0.999,-12.28,9N,0.029829,18,9N
ERR506024#5,True,True,False,True,0.929,-8.628,UNKNOWN,0.994143,6,19A
ERR2090674#2,True,False,False,False,0.999,-12.109,12F,0.062387,11,12F
ERR1453490#29,True,False,False,False,1.0,-12.891,1,0.003906,6,1
ERR505705#1,True,True,False,True,0.831,-9.504,UNKNOWN,0.615241,12_44_46,11A
ERR1214323#2,True,True,False,True,0.911,-10.23,UNKNOWN,0.679144,35A_35C_42,35B
ERR13374790#1,True,False,False,False,0.999,-11.868,8,0.039193,33A_33F_37,8
SRR26714122#1,True,False,False,False,0.999,-11.207,23A,0.025728,3,23A
ERR586447#17,True,True,True,True,0.537,-7.981,UNKNOWN,0.830303,36,19A
SRR26878650#18,True,False,False,False,0.998,-11.262,22F,0.255465,35A_35C_42,22F
ERR8481832#23,True,True,False,True,0.996,-10.665,UNKNOWN,0.804683,35A_35C_42,7F
SRR26930253#2,True,False,False,False,1.0,-13.846,3,0.0052,36,3
SRR26714550#29,True,False,False,False,0.999,-12.027,22F,0.003447,33A_33F_37,22F
ERR13365669#24,True,False,False,False,0.999,-11.569,14,0.006164,33G,14
ERR3669371#2,True,False,False,False,0.999,-11.892,16F,0.004345,35A_35C_42,16F
SRR26789654#15,True,False,False,False,0.997,-10.995,22F,0.283767,35A_35C_42,22F
ERR730843#4,True,False,False,False,0.961,-9.837,6A,0.001797,20,6A
ERR13365601#10,True,True,False,True,0.937,-8.868,UNKNOWN,0.987428,Serogroup 33,14
SRR26910258#1,True,True,True,True,0.539,-7.64,UNKNOWN,0.999427,15,8
ERR751162#1,True,False,False,False,0.999,-11.355,23F,0.008073,19B_19C,23F
ERR2091038#16,True,False,False,False,0.993,-9.575,6A,0.432891,20,6A
ERR909202#5,True,False,False,False,0.999,-11.035,19F,0.0005,12_44_46,19F
SRR26594383#1,True,False,False,False,0.999,-12.116,9N,0.018865,20,9N
ERR2089809#2,True,False,False,False,0.999,-11.563,1,0.140707,19F,1
SRR26834406#18,True,False,False,False,1.0,-13.123,8,0.00125,36,8
ERR2680762#23,True,True,False,True,0.513,-8.634,UNKNOWN,0.999784,6,19B
SRR26790003#3,True,False,False,False,1.0,-13.116,8,0.001332,36,8
ERR505653#14,True,False,False,False,0.996,-10.981,6C,0.448036,6,6C
SRR26879608#2,True,False,False,False,1.0,-13.24,8,0.002857,36,8
ERR870027#20,True,True,False,True,0.993,-10.807,UNKNOWN,0.924052,33G,10B
ERR13364640#2,True,False,False,False,0.999,-11.157,19F,0.001899,12_44_46,19F
SRR26878146#8,True,False,False,False,1.0,-12.969,8,0.008285,36,8
ERR742412#12,True,True,False,True,0.985,-9.839,UNKNOWN,0.981282,20,33F
SRR26931515#6,True,False,False,False,0.999,-12.119,33F,0.100202,20,33F
ERR568765#24,False,True,True,True,0.589,-5.809,UNKNOWN,0.999969,20,8
SRR26910298#4,True,False,False,False,0.999,-12.253,12F,0.132868,20,12F
ERR925163#11,True,False,False,False,0.998,-10.429,19F,0.075237,Serogroup 33,19F
ERR997506#22,True,True,False,True,0.986,-9.484,UNKNOWN,0.936713,20,21
ERR490787#2,True,False,False,False,0.999,-11.008,19F,0.000534,12_44_46,19F
ERR13364893#5,True,False,False,False,0.999,-11.54,22F,0.079619,35A_35C_42,22F
SRR26714997#7,True,False,False,False,1.0,-13.223,8,0.002813,36,8
SRR26833812#10,True,False,False,False,0.999,-12.158,9N,0.01413,20,9N
ERR742594#1,True,False,False,False,1.0,-13.846,3,0.0052,36,3
SRR26594765#26,True,False,False,False,0.999,-12.3,12F,0.112789,20,12F
ERR742423#15,True,False,False,False,0.998,-11.173,22F,0.16959,35A_35C_42,22F
ERR774170#14,True,False,False,False,0.997,-10.88,13,0.345397,Serogroup 33,13
SRR26930543#23,True,False,False,False,0.999,-12.156,9N,0.014526,20,9N
SRR26930308#3,True,True,False,True,0.987,-10.69,UNKNOWN,0.9079,11,12F
ERR633104#4,True,False,False,False,0.999,-11.357,1,0.121764,3,1
SRR26834068#8,True,False,False,False,1.0,-13.223,8,0.00279,36,8
SRR26880323#17,True,True,True,True,0.556,-6.898,UNKNOWN,1.0,35A_35C_42,16F
ERR876605#25,True,True,False,True,0.908,-8.566,UNKNOWN,0.964843,36,6B
SRR26931333#8,True,False,False,False,1.0,-13.222,8,0.002841,36,8
ERR2089193#2,True,False,False,False,1.0,-12.181,14,0.000422,Serogroup 33,14
ERR13366209#20,True,False,False,False,0.999,-11.398,10A,0.025432,35A_35C_42,10A
SRR26749343#7,True,False,False,False,1.0,-13.24,8,0.002857,36,8
SRR26790201#9,True,False,False,False,0.998,-11.342,22F,0.231966,35A_35C_42,22F
SRR26789516#1,True,True,False,True,0.836,-9.44,UNKNOWN,0.992637,12_44_46,11A
ERR2089325#5,True,False,False,False,0.934,-9.598,6B,0.131941,45,6B
ERR1065885#1,True,False,False,False,0.586,-9.169,15B,0.004174,29,15B
ERR925087#15,True,False,False,False,0.999,-11.631,23F,0.010404,19B_19C,23F
SRR26817854#1,True,False,False,False,0.999,-12.116,9N,0.018865,20,9N
ERR13397690#5,True,False,False,False,1.0,-13.251,8,0.002576,36,8
ERR742741#1,True,True,True,True,0.728,-7.592,UNKNOWN,1.0,18,9L
SRR26818394#4,True,False,False,False,0.999,-12.043,22F,0.00329,33A_33F_37,22F
ERR742536#3,True,False,False,False,0.811,-9.914,38,0.001206,6,38
SRR26797655#14,True,False,False,False,1.0,-13.007,8,0.001797,36,8
ERR742499#49,True,False,False,False,0.996,-10.06,19F,0.326918,36,19F
SRR26818271#5,True,False,False,False,1.0,-13.24,8,0.002857,36,8
ERR2090788#3,True,False,False,False,0.999,-12.108,33F,0.111769,20,33F
SRR26884310#2,True,False,False,False,1.0,-12.538,17F,0.016205,20,17F
ERR730522#6,True,False,False,False,0.961,-9.832,6A,0.0018,20,6A
ERR1065624#4,True,True,False,True,0.994,-10.582,UNKNOWN,0.917626,6,1
SRR26910995#5,True,False,False,False,1.0,-13.875,3,0.004701,36,3
SRR26818273#6,True,True,False,True,0.756,-9.015,UNKNOWN,0.704528,20,15B
ERR730690#2,True,False,False,False,1.0,-11.795,19A,0.002887,33C,19A
ERR876622#9,True,False,False,False,0.999,-11.109,14,0.100399,15,14
SRR26880131#22,True,False,False,False,0.999,-11.696,15A,0.004053,10,15A
ERR433782#7,True,False,False,False,0.998,-10.825,23F,0.234074,19B_19C,23F
SRR26834434#1,True,False,False,False,0.999,-12.047,12F,0.120785,6,12F
SRR26673485#1,True,False,False,False,1.0,-13.846,3,0.0052,36,3
SRR26880176#3,True,True,False,True,0.913,-9.772,UNKNOWN,0.621823,18,20B
SRR26878269#4,True,False,False,False,0.999,-11.513,10A,0.083215,35A_35C_42,10A
ERR774728#1,True,False,False,False,0.999,-11.659,23B,0.015015,7B_7C_40,23B
ERR1540774#1,True,True,False,True,0.912,-10.229,UNKNOWN,0.695664,35A_35C_42,35B
ERR7567850#8,True,False,False,False,0.999,-11.589,16F,0.026831,35A_35C_42,16F
ERR2612098#18,True,False,False,False,1.0,-12.741,1,0.003448,6,1
ERR2090902#48,True,True,False,True,0.997,-11.098,UNKNOWN,0.667789,11,1
SRR26883872#5,True,False,False,False,1.0,-13.24,8,0.002857,36,8
ERR1430973#8,True,True,False,True,0.994,-10.409,UNKNOWN,0.824298,6,19B
ERR1788048#7,True,True,False,True,0.958,-10.586,UNKNOWN,0.992147,11,12F
ERR1065898#6,True,False,False,False,1.0,-12.608,1,0.023719,6,1
SRR26817713#32,True,True,False,True,0.876,-8.453,UNKNOWN,0.999996,45,20B
ERR979987#1,True,True,False,True,0.954,-8.678,UNKNOWN,0.99031,19B_19C,23F
ERR1540756#5,True,False,False,False,0.999,-11.034,19F,0.00041,12_44_46,19F
SRR26910622#12,True,False,False,False,0.585,-9.168,15B,0.004342,29,15B
ERR1214607#2,True,True,True,True,0.832,-8.065,UNKNOWN,1.0,20,33B
ERR730483#8,True,True,False,True,0.964,-9.068,UNKNOWN,0.990903,19B_19C,34
ERR909314#9,True,True,False,True,0.964,-9.522,UNKNOWN,0.955261,20,21
SRR26797474#11,True,False,False,False,0.999,-11.305,7F,0.159975,20,7F
SRR26673145#31,True,False,False,False,0.998,-11.093,33F,0.318768,20,33F
ERR2090401#29,True,False,False,False,0.999,-11.638,19A,0.004034,33C,19A
ERR13366088#5,True,False,False,False,0.853,-10.031,38,0.004454,6,38
ERR1453637#4,True,True,False,True,0.929,-8.258,UNKNOWN,0.98668,20,9N
SRR26672976#6,True,False,False,False,0.999,-12.3,12F,0.112789,20,12F
ERR1658120#6,True,False,False,False,0.999,-10.991,19F,0.000566,12_44_46,19F
ERR2667157#18,True,False,False,False,1.0,-12.143,14,0.000537,Serogroup 33,14
ERR505921#13,True,True,False,True,0.976,-10.131,UNKNOWN,0.629938,45,6B
SRR26595021#21,True,False,False,False,0.999,-11.513,10A,0.083215,35A_35C_42,10A
ERR3899492#3,True,True,True,True,0.459,-7.463,UNKNOWN,0.985089,36,19F
SRR26749861#3,True,True,False,True,0.899,-9.459,UNKNOWN,0.953209,12_44_46,11A
ERR997572#26,True,True,True,True,0.745,-7.154,UNKNOWN,0.999999,20,22A
SRR26818420#6,True,False,False,False,1.0,-13.24,8,0.002857,36,8
ERR870036#9,True,True,True,True,0.92,-7.938,UNKNOWN,0.997592,20,14
ERR980018#11,True,False,False,False,0.671,-9.04,15B,0.03001,36,15B
ERR2091290#3,True,False,False,False,0.998,-11.371,10B,0.231176,33G,10B
ERR13374782#2,True,False,False,False,1.0,-12.34,22F,0.001846,35A_35C_42,22F
SRR26797049#14,True,False,False,False,0.923,-9.745,20B,0.258487,18,20B
ERR2089294#1,True,True,False,True,0.701,-8.754,UNKNOWN,0.996851,18,20A
ERR2667465#1,True,False,False,False,0.577,-9.165,15B,0.00421,29,15B
SRR26834453#2,True,False,False,False,1.0,-12.46,22F,0.001321,35A_35C_42,22F
ERR1288920#3,True,False,False,False,1.0,-11.795,19A,0.002887,33C,19A
ERR516634#2,True,True,False,True,0.967,-9.514,UNKNOWN,0.581327,Serogroup 33,19F
ERR714353#2,True,False,False,False,1.0,-12.418,1,0.014958,6,1
SRR26749976#20,True,True,False,True,0.946,-8.894,UNKNOWN,0.976982,12_44_46,11A
ERR925389#15,True,True,False,True,0.929,-10.409,UNKNOWN,0.694819,18,35B
SRR26749183#2,True,False,False,False,1.0,-12.46,22F,0.001321,35A_35C_42,22F
SRR26931324#5,True,False,False,False,1.0,-13.096,8,0.0036,3,8
SRR26833860#1,True,False,False,False,1.0,-12.467,22F,0.001449,35A_35C_42,22F
ERR13364754#9,True,False,False,False,0.999,-11.54,22F,0.079619,35A_35C_42,22F
ERR773891#20,True,True,True,True,0.891,-7.807,UNKNOWN,1.0,20,33D
SRR26931507#6,True,False,False,False,0.999,-12.253,12F,0.132868,20,12F
ERR425461#13,True,False,False,False,0.998,-11.988,12F,0.298751,11,12F
ERR774625#34,True,False,False,False,1.0,-12.968,1,0.002478,6,1
ERR2091240#51,True,True,True,True,0.689,-7.762,UNKNOWN,1.0,35A_35C_42,34
SRR26594627#1,True,True,False,True,0.913,-9.772,UNKNOWN,0.621823,18,20B
ERR490778#29,True,False,False,False,0.736,-8.219,6A,0.181205,3,6A
ERR1288970#7,True,False,False,False,0.999,-12.033,5,0.030574,35A_35C_42,5
ERR913528#1,True,True,True,True,0.43,-6.263,UNKNOWN,0.999999,10D,19A
ERR774152#1,True,False,False,False,1.0,-13.424,8,0.00123,36,8
ERR2089620#6,True,False,False,False,1.0,-12.899,1,0.004146,6,1
ERR1788555#4,True,True,False,True,0.959,-10.717,UNKNOWN,0.993441,11,12F
ERR2089303#4,True,True,True,True,0.41,-6.631,UNKNOWN,1.0,29,15C
ERR340843#13,True,False,False,False,0.998,-11.269,7F,0.457414,35A_35C_42,7F
ERR2089470#48,True,True,False,True,0.994,-10.299,UNKNOWN,0.829311,39,6C
SRR26930841#21,True,True,False,True,0.995,-10.46,UNKNOWN,0.816981,20,9N
SRR26884317#2,True,False,False,False,1.0,-11.986,10A,0.003392,35A_35C_42,10A
ERR13365829#1,True,True,False,True,0.961,-9.469,UNKNOWN,0.611684,45,6B
SRR26749443#6,True,False,False,False,0.999,-12.3,12F,0.112789,20,12F
ERR1065981#20,True,False,False,False,0.999,-11.55,23F,0.013151,19B_19C,23F
ERR13365620#1,True,True,True,True,0.811,-8.079,UNKNOWN,0.995992,33G,14
SRR26594474#7,True,False,False,False,1.0,-13.223,8,0.00279,36,8
ERR1422423#3,True,True,False,True,0.958,-10.712,UNKNOWN,0.992843,11,12F
ERR516672#1,True,False,False,False,0.996,-10.818,19A,0.068402,6,19A
SRR26594717#27,True,False,False,False,0.999,-11.622,12F,0.159704,20,12F
ERR1065834#5,True,True,False,True,0.982,-10.613,UNKNOWN,0.795579,18,35B
SRR26789657#5,True,False,False,False,1.0,-13.24,8,0.002857,36,8
SRR26878110#10,True,False,False,False,0.999,-12.253,12F,0.132868,20,12F
ERR980054#5,True,True,False,True,0.958,-8.968,UNKNOWN,0.985241,33G,9V
ERR1191906#3,True,False,False,False,1.0,-12.584,8,0.0186,36,8
ERR2667756#1,True,False,False,False,1.0,-11.784,19A,0.00314,33C,19A
SRR26879997#28,True,False,False,False,0.998,-10.721,19A,0.152458,36,19A
ERR570395#54,True,True,False,True,0.98,-9.788,UNKNOWN,0.758196,36,4
ERR13374712#2,True,True,False,True,0.97,-10.585,UNKNOWN,0.637317,18,35B
ERR506028#1,True,False,False,False,0.999,-11.41,19A,0.015675,33C,19A
SRR26797064#2,True,False,False,False,1.0,-13.123,8,0.00125,36,8
ERR884690#1,True,False,False,False,1.0,-11.751,19A,0.001928,33C,19A
ERR714232#3,True,False,False,False,1.0,-12.907,1,0.00325,6,1
ERR568550#1,True,False,False,False,0.999,-11.415,23F,0.016944,19B_19C,23F
ERR714535#20,True,True,False,True,0.996,-10.485,UNKNOWN,0.508806,36,4
SRR26749457#11,True,True,False,True,0.996,-10.72,UNKNOWN,0.697497,45,7C
SRR26714689#6,True,False,False,False,1.0,-13.223,8,0.00279,36,8
ERR13365282#3,True,False,False,False,1.0,-11.986,10A,0.003392,35A_35C_42,10A
ERR714414#24,True,True,True,True,0.796,-8.052,UNKNOWN,0.999999,35A_35C_42,4
SRR26789337#2,True,False,False,False,1.0,-13.116,8,0.001332,36,8
ERR2089850#7,True,True,False,True,0.989,-9.736,UNKNOWN,0.886398,35A_35C_42,5
ERR662422#1,True,False,False,False,1.0,-11.769,19A,0.001679,6,19A
SRR26818392#1,True,False,False,False,0.999,-12.158,9N,0.01413,20,9N
ERR1453601#5,True,False,False,False,0.999,-11.768,4,0.008982,3,4
ERR730706#2,True,False,False,False,1.0,-11.833,14,0.0034,Serogroup 33,14
ERR1065182#4,True,False,False,False,0.996,-10.649,9V,0.037496,20,9V
SRR26931350#6,True,False,False,False,1.0,-11.8,19A,0.002321,33C,19A
SRR26797090#20,True,False,False,False,0.844,-9.884,38,0.178929,6,38
SRR26789663#6,True,False,False,False,0.998,-11.262,22F,0.255465,35A_35C_42,22F
ERR3303328#3,True,True,False,True,0.959,-8.489,UNKNOWN,0.986386,6,6A
ERR646599#1,True,False,False,False,1.0,-12.418,1,0.014958,6,1
ERR13364480#29,True,False,False,False,1.0,-12.347,22F,0.001956,35A_35C_42,22F
SRR26749338#28,True,False,False,False,0.999,-12.321,12F,0.067768,33G,12F
SRR26879656#9,True,True,False,True,0.847,-8.711,UNKNOWN,0.980479,12_44_46,11A
ERR516679#26,True,False,False,False,0.999,-11.706,5,0.047561,35A_35C_42,5
SRR26878496#1,True,False,False,False,0.999,-12.041,12F,0.083487,11,12F
ERR730270#2,True,False,False,False,0.999,-11.442,9V,0.001747,20,9V
ERR1106658#5,True,False,False,False,1.0,-12.899,1,0.004146,6,1
SRR26673744#1,True,False,False,False,1.0,-13.846,3,0.0052,36,3
ERR1788564#11,True,True,True,True,0.895,-7.811,UNKNOWN,0.99703,10D,10A
SRR26714575#7,True,False,False,False,0.999,-12.315,9N,0.035771,18,9N
SRR26930685#53,True,True,False,True,0.99,-9.568,UNKNOWN,0.792805,6,6C
ERR750874#19,True,False,False,False,0.997,-11.036,5,0.41485,35A_35C_42,5
ERR730195#15,True,True,True,True,0.887,-8.036,UNKNOWN,0.998115,19B_19C,21
ERR925130#2,True,False,False,False,0.739,-9.179,15B,0.010578,36,15B
ERR13365973#31,True,False,False,False,1.0,-12.463,22F,0.00112,35A_35C_42,22F
ERR2090416#2,True,False,False,False,0.998,-11.023,5,0.135076,35A_35C_42,5
ERR714425#24,True,True,True,True,0.426,-7.805,UNKNOWN,1.0,35A_35C_42,34
ERR2089549#2,True,False,False,False,0.996,-11.71,24F,0.177462,35A_35C_42,24F
ERR774630#67,True,True,False,True,0.987,-9.469,UNKNOWN,0.868828,33G,19F
ERR1066310#1,True,False,False,False,1.0,-13.424,8,0.00123,36,8
SRR26877894#27,True,False,False,False,0.998,-11.012,10A,0.247467,35A_35C_42,10A
SRR26714849#7,True,False,False,False,1.0,-13.24,8,0.002857,36,8
ERR2680603#1,True,False,False,False,0.999,-11.477,19A,0.011519,33C,19A
SRR26833993#1,True,False,False,False,0.999,-11.769,9N,0.039804,20,9N
SRR26880348#1,True,False,False,False,1.0,-13.007,8,0.001797,36,8
SRR26750000#12,True,False,False,False,1.0,-13.015,8,0.001885,36,8
ERR2667755#49,True,True,False,True,0.998,-11.232,UNKNOWN,0.690987,11,1
ERR869875#1,True,True,False,True,0.928,-10.407,UNKNOWN,0.6588,18,35B
ERR1788301#11,True,True,False,True,0.943,-8.699,UNKNOWN,0.998009,36,19F
ERR2089606#8,True,False,False,False,0.999,-11.252,14,0.023597,33G,14
ERR600359#14,True,False,False,False,0.999,-10.926,19F,0.000536,12_44_46,19F
ERR1788287#1,True,True,False,True,0.972,-8.796,UNKNOWN,0.952408,36,6A
ERR1422338#1,True,False,False,False,0.584,-9.168,15B,0.004102,29,15B
SRR26931632#1,True,False,False,False,1.0,-13.846,3,0.0052,36,3
ERR326773#57,True,True,False,True,0.998,-11.404,UNKNOWN,0.624767,35A_35C_42,7F
ERR632879#18,True,False,False,False,0.844,-9.884,38,0.178929,6,38
SRR26817728#3,True,False,False,False,0.999,-12.321,12F,0.067768,33G,12F
SRR26749743#16,True,True,False,True,0.988,-9.889,UNKNOWN,0.884245,20,23B
SRR26673303#4,True,False,False,False,1.0,-13.223,8,0.00279,36,8
SRR26883981#7,True,False,False,False,1.0,-12.969,8,0.008285,36,8
SRR26930902#7,True,False,False,False,1.0,-13.223,8,0.00279,36,8
SRR26878242#7,True,True,False,True,0.978,-9.859,UNKNOWN,0.934513,18,20B
ERR2667374#5,True,False,False,False,0.998,-11.087,5,0.184017,35A_35C_42,5
ERR2681235#5,True,False,False,False,0.998,-10.829,14,0.068838,27,14
ERR913344#7,True,True,False,True,0.976,-9.884,UNKNOWN,0.868773,35A_35C_42,18A
ERR13365272#2,True,False,False,False,1.0,-13.846,3,0.0052,36,3
ERR2667871#34,True,False,False,False,0.997,-10.777,9V,0.019355,20,9V
ERR2089487#21,True,True,False,True,0.826,-8.437,UNKNOWN,0.992597,20,9V
ERR980044#15,True,False,False,False,0.999,-11.587,23F,0.017454,19B_19C,23F
ERR8481786#2,True,False,False,False,0.584,-9.168,15B,0.004102,29,15B
ERR1788342#3,True,False,False,False,0.996,-10.686,16F,0.128275,35A_35C_42,16F
ERR505652#1,True,False,False,False,0.561,-9.5,6B,0.008988,45,6B
ERR1106739#1,True,False,False,False,1.0,-11.867,13,0.001664,20,13
ERR774331#16,True,False,False,False,0.999,-11.69,23F,0.015931,19B_19C,23F
SRR26789914#17,True,False,False,False,0.998,-11.262,22F,0.255465,35A_35C_42,22F
ERR2091135#5,True,False,False,False,0.995,-10.155,16F,0.269092,35A_35C_42,16F
ERR316597#7,True,False,False,False,0.962,-10.669,18C,0.017739,Serogroup 33,18C
SRR26880383#1,True,False,False,False,0.999,-11.063,21,0.018582,45,21
SRR26931221#1,True,False,False,False,0.999,-11.207,23A,0.025728,3,23A
ERR3795981#1,True,False,False,False,1.0,-11.831,14,0.003336,Serogroup 33,14
SRR26879443#2,True,True,True,True,0.538,-7.638,UNKNOWN,0.999418,15,8
ERR1453355#7,True,False,False,False,0.999,-10.991,19F,0.000566,12_44_46,19F
ERR774701#1,True,False,False,False,0.999,-11.788,13,0.006348,20,13
SRR26931911#6,True,False,False,False,0.999,-12.315,9N,0.035771,18,9N
SRR26797304#3,True,False,False,False,1.0,-13.015,8,0.001885,36,8
SRR26910625#3,True,False,False,False,1.0,-12.337,22F,0.001811,35A_35C_42,22F
ERR425502#3,True,True,False,True,0.996,-10.672,UNKNOWN,0.536692,6,6C
ERR3303362#1,True,True,False,True,0.922,-9.89,UNKNOWN,0.640857,35A_35C_42,24A
SRR26797321#1,True,False,False,False,0.999,-12.047,12F,0.120785,6,12F
ERR600562#30,True,True,False,True,0.979,-9.182,UNKNOWN,0.983851,36,23F
ERR3303333#5,True,False,False,False,0.701,-9.316,6B,0.014376,36,6B
SRR26930672#8,True,False,False,False,0.832,-10.001,38,0.00185,3,38
ERR505922#1,True,False,False,False,0.86,-9.681,6C,0.447542,6,6C
SRR26884152#2,True,False,False,False,1.0,-13.846,3,0.0052,36,3
ERR913175#21,True,True,True,True,0.907,-8.079,UNKNOWN,0.99932,19B_19C,34
ERR2667978#2,True,False,False,False,0.996,-11.715,24F,0.175714,35A_35C_42,24F
SRR26833685#31,True,True,False,True,0.991,-10.237,UNKNOWN,0.914112,25A_25F_38,7C
ERR2090695#2,True,False,False,False,0.998,-11.899,33F,0.117198,20,33F
SRR26931481#1,True,False,False,False,0.999,-11.721,23B,0.006203,6,23B
ERR1192017#10,True,False,False,False,0.99,-10.597,18A,0.280316,Serogroup 33,18A
ERR913424#16,True,True,False,True,0.994,-10.155,UNKNOWN,0.888037,35A_35C_42,5
ERR2091094#3,True,False,False,False,1.0,-12.167,14,0.002305,15,14
SRR26749236#12,True,False,False,False,0.999,-12.144,9N,0.014426,20,9N
ERR909297#5,True,False,False,False,0.99,-10.799,11A,0.348465,12_44_46,11A
ERR1453749#8,True,False,False,False,0.651,-9.119,15C,0.004494,29,15C
SRR26714801#25,True,True,False,True,0.785,-8.297,UNKNOWN,0.999833,33G,11A
ERR505645#2,True,False,False,False,0.999,-11.297,19F,0.001023,12_44_46,19F
ERR913400#1,True,False,False,False,0.999,-11.206,21,0.01113,45,21
SRR26750080#5,True,True,True,True,0.642,-7.771,UNKNOWN,0.999944,20,18C
SRR26797037#2,True,False,False,False,1.0,-12.46,22F,0.001321,35A_35C_42,22F
ERR3270857#4,True,False,False,False,1.0,-12.568,17F,0.019718,20,17F
SRR26789856#11,True,False,False,False,1.0,-11.999,19A,0.000615,33C,19A
ERR13365010#11,True,False,False,False,1.0,-12.211,14,0.000431,Serogroup 33,14
ERR1106654#1,True,False,False,False,1.0,-13.875,3,0.004701,36,3
ERR2089894#19,True,True,True,True,0.336,-6.984,UNKNOWN,0.999999,Serogroup 33,4
ERR326777#24,True,False,False,False,1.0,-12.067,14,0.001295,33G,14
SRR26672833#2,True,False,False,False,0.586,-9.168,15B,0.004208,29,15B
ERR980073#5,True,False,False,False,1.0,-12.038,14,0.002068,Serogroup 33,14
ERR980312#6,True,False,False,False,0.999,-11.059,19F,0.000536,12_44_46,19F
ERR433901#3,True,True,False,True,0.996,-10.583,UNKNOWN,0.694381,10D,19A
SRR26714312#3,True,True,False,True,0.987,-10.69,UNKNOWN,0.9079,11,12F
ERR730746#27,True,True,False,True,0.903,-8.615,UNKNOWN,0.977289,20,9V
SRR26910955#8,True,False,False,False,0.999,-11.622,12F,0.159704,20,12F
SRR26911052#2,True,False,False,False,1.0,-13.846,3,0.0052,36,3
ERR433682#25,True,True,False,True,0.809,-8.54,UNKNOWN,0.996097,20,9V
SRR26884468#9,True,True,True,True,0.766,-7.09,UNKNOWN,1.0,45,24A
ERR913373#1,True,False,False,False,1.0,-12.575,1,0.007906,6,1
SRR26818545#5,True,True,False,True,0.996,-10.785,UNKNOWN,0.559233,6,7C
ERR2681210#3,True,True,False,True,0.996,-10.469,UNKNOWN,0.514145,35A_35C_42,34
ERR331391#21,True,True,False,True,0.938,-9.037,UNKNOWN,0.976709,36,4
ERR505843#25,True,False,False,False,0.996,-10.628,7F,0.078958,35A_35C_42,7F
ERR862534#4,True,False,False,False,0.959,-10.583,18C,0.026816,Serogroup 33,18C
ERR331116#21,True,False,False,False,0.932,-9.893,6B,0.005728,45,6B
ERR751024#5,True,True,False,True,0.994,-10.155,UNKNOWN,0.888037,35A_35C_42,5
ERR2089362#7,True,False,False,False,1.0,-13.093,1,0.002052,6,1
ERR2680932#1,True,False,False,False,0.999,-11.034,19F,0.00041,12_44_46,19F
SRR26833802#5,True,False,False,False,1.0,-13.984,3,0.004317,36,3
SRR26884125#1,True,False,False,False,0.999,-12.156,9N,0.014526,20,9N
ERR909155#3,True,False,False,False,0.999,-12.131,9N,0.071141,18,9N
ERR13365806#1,True,False,False,False,1.0,-11.986,10A,0.003392,35A_35C_42,10A
SRR26879873#20,True,False,False,False,0.999,-12.159,33F,0.026567,20,33F
SRR26673106#1,True,False,False,False,0.999,-12.276,31,0.044326,33A_33F_37,31
ERR13365498#28,True,False,False,False,0.998,-11.216,4,0.104941,36,4
SRR26715025#16,True,False,False,False,0.998,-11.262,22F,0.255465,35A_35C_42,22F
ERR8481730#15,True,True,True,True,0.7,-6.498,UNKNOWN,0.999914,20,15A
ERR2089198#10,True,True,False,True,0.925,-10.568,UNKNOWN,0.690718,33G,12F
ERR862498#1,True,False,False,False,0.934,-9.597,6B,0.131273,45,6B
ERR774172#16,True,False,False,False,0.999,-11.311,15A,0.089508,10,15A
ERR2853413#8,True,False,False,False,0.998,-10.543,19A,0.033008,35A_35C_42,19A
ERR568500#1,True,False,False,False,0.999,-11.316,19F,0.003109,12_44_46,19F
SRR26714372#5,True,False,False,False,0.999,-11.705,15A,0.003666,10,15A
ERR925178#47,True,False,False,False,0.997,-10.88,13,0.345397,Serogroup 33,13
ERR2091202#26,True,False,False,False,0.999,-11.871,5,0.030923,35A_35C_42,5
ERR5262745#3,True,False,False,False,0.999,-11.538,4,0.055869,3,4
ERR586394#1,True,False,False,False,1.0,-12.467,22F,0.001449,35A_35C_42,22F
ERR1430863#1,True,False,False,False,0.999,-11.33,1,0.117762,6,1
ERR1065813#33,True,False,False,False,0.983,-9.708,19F,0.497392,12_44_46,19F
ERR331178#46,True,True,False,True,0.981,-9.721,UNKNOWN,0.958823,45,6C
ERR3655270#3,True,False,False,False,1.0,-12.37,22F,0.002782,35A_35C_42,22F
SRR26910494#1,True,False,False,False,0.999,-12.158,9N,0.01413,20,9N
ERR570461#16,True,False,False,False,1.0,-12.344,17F,0.025765,20,17F
SRR26749981#4,True,False,False,False,0.999,-12.057,12F,0.073604,11,12F
ERR505827#11,True,False,False,False,1.0,-12.212,14,0.000542,Serogroup 33,14
SRR26789473#10,True,False,False,False,1.0,-12.186,14,0.000519,Serogroup 33,14
ERR1202575#48,True,True,False,True,0.998,-11.227,UNKNOWN,0.503796,35A_35C_42,7F
SRR26714959#2,True,False,False,False,1.0,-13.846,3,0.0052,36,3
ERR1065911#6,True,False,False,False,0.999,-11.362,23F,0.010375,19B_19C,23F
ERR9796512#1,True,False,False,False,1.0,-12.683,35F,0.012501,20,35F
ERR2681091#1,True,False,False,False,0.987,-10.408,6A,0.000753,45,6A
SRR26884218#16,True,False,False,False,1.0,-13.116,8,0.001332,36,8
SRR26834489#16,True,False,False,False,0.998,-11.342,22F,0.231966,35A_35C_42,22F
ERR1658200#47,True,False,False,False,0.999,-11.681,10A,0.009267,35A_35C_42,10A
ERR2668096#2,True,False,False,False,0.955,-10.284,18C,0.110909,Serogroup 33,18C
ERR870227#5,True,False,False,False,1.0,-12.038,14,0.002068,Serogroup 33,14
ERR2090185#9,True,True,False,True,0.949,-8.579,UNKNOWN,0.990977,36,19A
ERR730369#3,True,True,False,True,0.99,-9.584,UNKNOWN,0.760974,Serogroup 33,14
SRR26930213#13,True,False,False,False,1.0,-13.121,8,0.001159,36,8
ERR1202433#4,True,True,False,True,0.982,-10.613,UNKNOWN,0.795579,18,35B
ERR646582#5,True,False,False,False,1.0,-13.117,1,0.001571,6,1
SRR26931522#1,True,False,False,False,0.999,-11.664,23B,0.012062,7B_7C_40,23B
SRR26878027#2,True,False,False,False,0.999,-12.156,9N,0.014526,20,9N
ERR869834#4,True,False,False,False,1.0,-12.131,16F,0.001622,39,16F
SRR26884376#5,True,False,False,False,1.0,-13.984,3,0.004317,36,3
ERR326594#36,True,True,True,True,0.509,-6.868,UNKNOWN,0.999997,36,23F
SRR26834457#14,True,False,False,False,1.0,-13.015,8,0.001885,36,8
SRR26797980#2,True,True,True,True,0.705,-6.602,UNKNOWN,0.999999,20,23A
ERR979956#2,True,True,False,True,0.949,-10.33,UNKNOWN,0.877305,18,35B
ERR736909#5,True,False,False,False,0.999,-11.391,10A,0.022692,35A_35C_42,10A
ERR4289090#9,True,False,False,False,0.999,-11.481,14,0.015281,Serogroup 33,14
SRR26878228#2,True,False,False,False,1.0,-13.015,8,0.001885,36,8
SRR26877858#2,True,False,False,False,1.0,-12.46,22F,0.001321,35A_35C_42,22F
ERR3796779#4,True,False,False,False,0.996,-11.759,24F,0.126013,35A_35C_42,24F
ERR1453329#5,True,True,False,True,0.985,-9.279,UNKNOWN,0.767101,36,6A
ERR505808#16,True,False,False,False,0.999,-12.112,33F,0.101931,20,33F
SRR26818173#24,True,False,False,False,0.999,-11.513,10A,0.083215,35A_35C_42,10A
ERR1214329#24,True,False,False,False,0.999,-11.871,5,0.030923,35A_35C_42,5
SRR26789792#1,True,False,False,False,0.999,-12.06,12F,0.114158,6,12F
ERR13365937#10,True,False,False,False,0.999,-11.205,23B,0.057389,7B_7C_40,23B
ERR1788201#2,True,False,False,False,0.999,-12.019,22F,0.00461,35A_35C_42,22F
ERR908925#19,True,False,False,False,0.999,-11.644,34,0.007237,6,34
SRR26931240#8,True,False,False,False,0.999,-12.253,12F,0.132868,20,12F
ERR730579#6,True,False,False,False,0.961,-9.839,6A,0.001791,20,6A
SRR26797666#22,True,False,False,False,0.999,-11.715,15A,0.003808,10,15A
SRR26878102#6,True,False,False,False,0.999,-11.108,15A,0.046071,10,15A
ERR2667609#20,True,False,False,False,1.0,-13.051,1,0.002932,6,1
SRR26797668#26,True,False,False,False,0.999,-12.28,9N,0.029829,18,9N
ERR1422427#18,True,False,False,False,0.999,-11.673,19A,0.005787,33C,19A
ERR909087#2,True,False,False,False,1.0,-11.81,14,0.003765,Serogroup 33,14
ERR742604#12,True,False,False,False,0.998,-11.269,7F,0.457414,35A_35C_42,7F
ERR1453484#9,True,False,False,False,0.995,-10.701,19A,0.086712,6,19A
ERR730381#3,True,True,False,True,0.971,-8.801,UNKNOWN,0.972465,45,14
SRR26594407#1,True,False,False,False,0.999,-11.148,15A,0.045771,10,15A
ERR1202599#1,True,False,False,False,1.0,-12.624,1,0.021279,11,1
SRR26714121#65,True,True,True,True,0.505,-7.725,UNKNOWN,0.999677,36,19F
SRR26789513#2,True,False,False,False,0.844,-9.884,38,0.178929,6,38
SRR26594364#1,True,False,False,False,0.994,-11.438,24F,0.141924,35A_35C_42,24F
SRR26749545#23,True,False,False,False,0.999,-11.564,10A,0.060704,35A_35C_42,10A
ERR876578#10,True,False,False,False,0.999,-11.109,14,0.100399,15,14
ERR633059#7,True,False,False,False,0.999,-11.237,4,0.114564,36,4
ERR433570#15,True,False,False,False,0.978,-10.592,18C,0.021207,Serogroup 33,18C
ERR774515#2,True,True,False,True,0.792,-9.376,UNKNOWN,0.979173,18,35B
SRR26594712#1,True,False,False,False,1.0,-13.106,8,0.003573,3,8
SRR26672892#8,True,False,False,False,1.0,-13.223,8,0.00279,36,8
ERR1192170#2,True,False,False,False,0.955,-9.968,28F,0.493021,6,28F
SRR26673498#3,True,False,False,False,1.0,-13.015,8,0.001885,36,8
SRR26910754#15,True,False,False,False,1.0,-12.372,17F,0.020502,20,17F
ERR870285#1,True,False,False,False,0.999,-11.223,23A,0.022723,3,23A
SRR26910363#1,True,False,False,False,0.999,-12.113,9N,0.0196,20,9N
SRR26594202#1,True,False,False,False,0.999,-11.664,23B,0.012062,7B_7C_40,23B
ERR2091103#15,True,False,False,False,0.999,-11.342,9V,0.002329,20,9V
ERR730470#12,True,False,False,False,0.999,-11.525,34,0.009649,6,34
SRR26910653#10,True,True,True,True,0.799,-7.651,UNKNOWN,0.997678,6,6C
ERR1795514#25,True,True,False,True,0.992,-10.141,UNKNOWN,0.888032,39,6C
SRR26910923#10,True,False,False,False,0.999,-11.553,12F,0.2089,20,12F
ERR316928#5,True,False,False,False,0.646,-9.305,15B,0.002459,29,15B
SRR26673175#13,True,True,False,True,0.97,-8.759,UNKNOWN,0.965093,10,15A
ERR433598#13,True,False,False,False,1.0,-12.024,19A,0.000611,33C,19A
SRR26749436#3,True,False,False,False,0.999,-12.315,9N,0.035771,18,9N
ERR1430969#8,True,True,False,True,0.987,-10.131,UNKNOWN,0.972756,35A_35C_42,9L
ERR1453383#5,True,True,False,True,0.96,-10.611,UNKNOWN,0.991789,11,12F
SRR26673548#2,True,False,False,False,1.0,-13.121,8,0.001159,36,8
SRR26673524#2,True,False,False,False,1.0,-13.052,8,0.0015,36,8
ERR2090892#1,True,False,False,False,1.0,-11.957,13,0.00316,20,13
ERR1066149#1,True,False,False,False,1.0,-12.137,16F,0.001581,39,16F
ERR1422646#1,True,False,False,False,1.0,-11.836,19A,0.002522,33C,19A
ERR730340#1,True,False,False,False,0.934,-9.595,6B,0.128201,45,6B
SRR26594413#9,True,False,False,False,0.998,-12.112,12F,0.249216,11,12F
ERR1430857#1,True,True,False,True,0.703,-8.738,UNKNOWN,0.996924,18,20A
SRR26880060#4,True,False,False,False,0.896,-9.859,18C,0.245977,Serogroup 33,18C
SRR26834405#1,True,True,False,True,0.911,-10.23,UNKNOWN,0.695271,35A_35C_42,35B
ERR2089165#12,True,True,False,True,0.943,-8.699,UNKNOWN,0.998009,36,19F
SRR26750025#1,True,False,False,False,1.0,-12.174,19A,0.000233,33C,19A
ERR913215#38,True,True,True,True,0.629,-7.857,UNKNOWN,0.999832,35A_35C_42,19A
ERR2089082#7,True,False,False,False,0.999,-11.246,16F,0.088337,45,16F
ERR1453748#1,True,True,False,True,0.967,-8.784,UNKNOWN,0.948274,10,15A
ERR632942#31,True,False,False,False,0.999,-11.109,14,0.100399,15,14
ERR8481587#5,True,True,False,True,0.96,-10.613,UNKNOWN,0.990838,11,12F
SRR26910423#1,True,False,False,False,0.999,-12.077,12F,0.101914,6,12F
ERR2089658#6,True,False,False,False,0.999,-11.016,19F,0.000479,12_44_46,19F
ERR714288#2,True,True,False,True,0.91,-10.229,UNKNOWN,0.694413,35A_35C_42,35B
SRR26833669#3,True,False,False,False,1.0,-13.123,8,0.00125,36,8
ERR876702#1,True,True,True,True,0.826,-7.628,UNKNOWN,0.99968,36,19F
SRR26797546#12,True,True,True,True,0.505,-7.725,UNKNOWN,0.999677,36,19F
ERR876756#8,True,False,False,False,0.999,-12.176,3,0.132834,11,3
ERR870109#1,True,True,False,True,0.932,-8.376,UNKNOWN,0.965769,12_44_46,11A
ERR876704#13,True,False,False,False,1.0,-12.439,17F,0.016133,20,17F
SRR26818053#30,True,True,False,True,0.985,-9.293,UNKNOWN,0.734603,10,15A
ERR730405#14,True,False,False,False,0.999,-12.075,12F,0.069216,11,12F
SRR26595096#1,True,True,False,True,0.912,-10.229,UNKNOWN,0.695277,35A_35C_42,35B
ERR884541#35,True,False,False,False,0.998,-11.806,7F,0.466169,35A_35C_42,7F
ERR876647#11,True,False,False,False,0.999,-11.109,14,0.100399,15,14
ERR1202277#18,True,True,False,True,0.98,-10.007,UNKNOWN,0.995312,20,46
ERR980099#1,True,True,True,True,0.628,-6.808,UNKNOWN,1.0,20,33B
ERR433954#2,True,True,False,True,0.929,-9.56,UNKNOWN,0.9499,35A_35C_42,24F
ERR2089043#2,True,False,False,False,1.0,-12.259,13,0.004325,20,13
SRR26673143#8,True,False,False,False,0.999,-12.176,3,0.132834,11,3
SRR26931422#8,True,True,True,True,0.862,-7.329,UNKNOWN,1.0,36,20B
ERR1191933#3,True,False,False,False,0.999,-11.394,23B,0.034626,7B_7C_40,23B
ERR2090796#2,True,True,False,True,0.953,-8.808,UNKNOWN,0.999874,3,7B
SRR26931437#1,True,False,False,False,0.999,-12.171,9N,0.015487,20,9N
ERR714515#6,True,False,False,False,1.0,-13.129,1,0.001459,6,1
ERR600132#4,True,True,False,True,0.992,-9.985,UNKNOWN,0.621804,20,9N
SRR26880080#1,True,False,False,False,1.0,-13.846,3,0.0052,36,3
SRR26749769#32,True,True,False,True,0.953,-10.735,UNKNOWN,0.815088,33G,12F
ERR13364476#1,True,False,False,False,1.0,-13.184,8,0.002029,3,8
ERR1065123#2,True,False,False,False,0.992,-10.07,19F,0.295787,Serogroup 33,19F
SRR26714909#2,True,False,False,False,0.998,-11.093,33F,0.318768,20,33F
ERR352055#48,True,False,False,False,1.0,-12.021,14,0.003585,Serogroup 33,14
ERR600247#16,True,True,False,True,0.99,-9.654,UNKNOWN,0.844066,45,16F
SRR26930287#1,True,True,False,True,0.779,-8.956,UNKNOWN,0.991588,18,20B
ERR13365978#10,True,True,True,True,0.649,-7.27,UNKNOWN,1.0,Serogroup 33,14
ERR13375113#1,True,False,False,False,0.998,-11.087,9N,0.093639,20,9N
SRR26797281#1,True,False,False,False,1.0,-13.846,3,0.0052,36,3
ERR13365206#1,True,False,False,False,0.999,-11.472,19F,0.00055,12_44_46,19F
ERR7568046#1,True,False,False,False,1.0,-13.425,8,0.00115,36,8
SRR26797376#2,True,False,False,False,0.998,-11.253,33F,0.28891,20,33F
ERR600524#1,True,False,False,False,0.999,-11.208,23A,0.025371,3,23A
ERR331470#46,True,False,False,False,0.994,-10.248,9V,0.096864,20,9V
ERR13365216#2,True,True,False,True,0.983,-9.225,UNKNOWN,0.852886,36,23A
ERR1106752#1,True,False,False,False,0.999,-11.315,19F,0.002647,12_44_46,19F
ERR3270776#5,True,True,True,True,0.614,-6.831,UNKNOWN,1.0,36,10F
ERR984250#1,True,False,False,False,1.0,-12.587,35F,0.012973,20,35F
ERR14654042#7,True,True,False,True,0.757,-8.558,UNKNOWN,0.982303,20,15B
SRR26789517#2,True,False,False,False,0.566,-9.138,15C,0.003679,29,15C
ERR1795453#3,True,False,False,False,1.0,-11.817,14,0.003875,35A_35C_42,14
SRR26749353#14,True,False,False,False,0.999,-12.295,33F,0.033488,20,33F
ERR997526#26,True,True,False,True,0.986,-9.484,UNKNOWN,0.936713,20,21
SRR26749992#49,True,True,False,True,0.998,-11.302,UNKNOWN,0.580628,35A_35C_42,7F
SRR26789401#7,True,False,False,False,1.0,-13.24,8,0.002857,36,8
SRR26749517#2,True,False,False,False,0.998,-11.094,15A,0.238551,10,15A
ERR326744#1,True,False,False,False,0.999,-11.569,10A,0.008509,35A_35C_42,10A
ERR980030#8,True,False,False,False,1.0,-12.038,14,0.002068,Serogroup 33,14
ERR980251#6,True,True,False,True,0.962,-8.67,UNKNOWN,0.967593,35A_35C_42,34
SRR26879982#38,True,True,False,True,0.876,-8.453,UNKNOWN,0.999996,45,20B
ERR326492#105,True,True,False,True,0.989,-9.733,UNKNOWN,0.801113,45,6B
ERR2667907#17,True,False,False,False,0.998,-11.087,5,0.184017,35A_35C_42,5
SRR26749826#1,True,False,False,False,0.999,-12.041,12F,0.082214,11,12F
ERR1192182#5,True,False,False,False,0.999,-11.261,9V,0.002846,20,9V
ERR2089033#8,True,True,False,True,0.906,-9.209,UNKNOWN,0.998232,35A_35C_42,13
SRR26789638#5,True,False,False,False,0.999,-12.253,12F,0.132868,20,12F
ERR1066349#1,True,False,False,False,0.998,-11.072,16F,0.132919,45,16F
ERR2090756#4,True,True,True,True,0.673,-6.843,UNKNOWN,1.0,35A_35C_42,5
SRR26673565#6,True,False,False,False,0.999,-12.086,8,0.086429,3,8
ERR714441#8,True,False,False,False,0.934,-9.598,6B,0.131941,45,6B
ERR326486#125,True,False,False,False,0.99,-10.414,18C,0.038331,Serogroup 33,18C
ERR1788064#23,True,False,False,False,1.0,-12.136,14,0.000925,33G,14
SRR26931707#25,True,False,False,False,0.844,-9.884,38,0.178929,6,38
SRR26714232#16,True,False,False,False,0.999,-12.136,33F,0.056935,20,33F
ERR701833#49,True,False,False,False,0.993,-10.194,19F,0.307411,12_44_46,19F
SRR26749672#3,True,False,False,False,1.0,-11.85,19A,0.001143,6,19A
ERR4501369#3,True,False,False,False,0.994,-11.414,24F,0.129228,35A_35C_42,24F
ERR913126#1,True,False,False,False,1.0,-12.137,16F,0.001581,39,16F
ERR1202391#5,True,False,False,False,0.999,-11.243,9V,0.002992,20,9V
SRR26910830#2,True,False,False,False,0.999,-12.158,9N,0.01413,20,9N
ERR870108#1,True,True,False,True,0.984,-9.169,UNKNOWN,0.856973,36,6A
ERR730545#1,True,False,False,False,0.999,-12.346,3,0.064394,36,3
SRR26749565#9,True,False,False,False,1.0,-12.864,8,0.004451,36,8
SRR26883965#26,True,False,False,False,0.999,-11.751,13,0.006159,20,13
SRR26595063#8,True,False,False,False,0.998,-10.567,19A,0.069683,20,19A
ERR505469#1,True,False,False,False,0.999,-10.716,19F,0.001507,12_44_46,19F
SRR26818628#4,True,False,False,False,0.999,-12.042,22F,0.003367,33A_33F_37,22F
SRR26930425#1,True,False,False,False,1.0,-13.102,8,0.003566,3,8
ERR646576#1,True,False,False,False,0.999,-10.705,19F,0.001513,12_44_46,19F
SRR26931119#1,True,False,False,False,0.999,-11.664,23B,0.012062,7B_7C_40,23B
ERR2090500#2,True,True,False,True,0.871,-8.792,UNKNOWN,0.999994,35A_35C_42,17F
ERR13365198#4,True,False,False,False,1.0,-12.276,22F,0.00513,35A_35C_42,22F
ERR505934#6,True,False,False,False,0.93,-10.073,6A,0.000823,36,6A
ERR870196#2,True,True,False,True,0.99,-10.003,UNKNOWN,0.91521,20,17F
ERR1066246#2,True,False,False,False,0.56,-9.202,15B,0.003086,29,15B
SRR26883933#5,True,False,False,False,0.695,-9.123,15C,0.007403,29,15C
SRR26818027#10,True,False,False,False,0.999,-12.253,12F,0.132868,20,12F
ERR2668123#2,True,True,False,True,0.96,-9.674,UNKNOWN,0.996793,33G,27
ERR568709#1,True,True,False,True,0.979,-9.058,UNKNOWN,0.927352,35A_35C_42,19A
SRR26673087#14,True,False,False,False,0.999,-12.206,33F,0.084225,20,33F
SRR26931506#1,True,True,True,True,0.796,-7.371,UNKNOWN,0.996668,3,14
ERR742347#7,True,False,False,False,0.999,-11.967,22F,0.007087,35A_35C_42,22F
SRR26911036#4,True,False,False,False,0.999,-12.294,9N,0.029434,18,9N
ERR884300#4,True,True,False,True,0.965,-8.796,UNKNOWN,0.957082,Serogroup 33,14
SRR26911022#1,True,False,False,False,1.0,-13.102,8,0.003566,3,8
ERR2089132#22,True,False,False,False,1.0,-13.187,3,0.013565,36,3
ERR869821#1,True,True,False,True,0.965,-10.019,UNKNOWN,0.914126,20,35B
SRR26910838#11,True,True,False,True,0.978,-8.986,UNKNOWN,0.974902,45,19F
ERR2667719#5,True,False,False,False,0.999,-11.833,14,0.007466,15,14
SRR26673466#3,True,False,False,False,1.0,-12.864,8,0.004451,36,8
ERR730768#24,True,True,True,True,0.683,-6.709,UNKNOWN,0.999994,39,10A
SRR26883825#1,True,False,False,False,1.0,-13.846,3,0.0052,36,3
ERR742448#2,True,False,False,False,0.896,-10.191,38,0.030169,3,38
ERR736937#13,True,False,False,False,0.999,-11.312,15A,0.090499,10,15A
ERR909167#2,True,True,False,True,0.989,-9.447,UNKNOWN,0.884328,36,6B
ERR714540#16,True,False,False,False,0.983,-9.431,6B,0.095761,45,6B
ERR862414#1,True,False,False,False,0.972,-9.563,6A,0.013382,45,6A
ERR3303458#23,True,True,False,True,0.996,-10.665,UNKNOWN,0.804683,35A_35C_42,7F
SRR26911011#1,True,False,False,False,0.999,-11.725,23B,0.006003,6,23B
ERR319394#1,True,True,True,True,0.362,-6.221,UNKNOWN,1.0,6,15A
ERR2091010#1,True,False,False,False,0.999,-11.845,15A,0.005605,10,15A
ERR506058#55,True,True,False,True,0.998,-11.404,UNKNOWN,0.624767,35A_35C_42,7F
ERR13365573#7,True,False,False,False,1.0,-13.247,8,0.002631,36,8
ERR13366097#6,True,False,False,False,0.999,-11.85,15A,0.005199,10,15A
ERR750826#25,True,True,False,True,0.994,-10.155,UNKNOWN,0.888037,35A_35C_42,5
ERR2090308#6,True,False,False,False,0.997,-10.677,9V,0.028958,20,9V
ERR340837#1,True,False,False,False,1.0,-13.102,8,0.003566,3,8
SRR26818170#6,True,False,False,False,0.998,-11.262,22F,0.255465,35A_35C_42,22F
SRR26595007#1,True,False,False,False,1.0,-13.052,8,0.0015,36,8
SRR26749459#2,True,False,False,False,0.999,-11.282,19A,0.02881,33C,19A
SRR26879672#1,True,False,False,False,1.0,-13.984,3,0.004317,36,3
SRR26880269#7,True,False,False,False,1.0,-13.12,8,0.004747,36,8
SRR26797921#1,True,False,False,False,1.0,-11.799,19A,0.002821,33C,19A
ERR997693#2,True,True,False,True,0.994,-9.931,UNKNOWN,0.500761,3,6A
ERR1202073#26,True,False,False,False,0.992,-10.07,19F,0.295787,Serogroup 33,19F
ERR2667932#1,True,False,False,False,1.0,-11.79,19A,0.002963,33C,19A
SRR26789314#28,True,False,False,False,0.999,-12.321,12F,0.067768,33G,12F
ERR7568020#1,True,False,False,False,0.999,-12.16,9N,0.017154,20,9N
ERR870276#13,True,False,False,False,0.998,-11.746,17F,0.144643,20,17F
ERR774166#5,True,False,False,False,0.993,-10.154,7F,0.213054,35A_35C_42,7F
ERR714603#17,True,True,True,True,0.507,-6.962,UNKNOWN,0.999991,45,6C
ERR1214370#2,True,False,False,False,0.976,-9.464,6A,0.172618,36,6A
SRR26930984#9,True,False,False,False,0.999,-12.321,12F,0.067768,33G,12F
SRR26817799#2,True,False,False,False,1.0,-13.102,8,0.003566,3,8
ERR2681226#20,True,False,False,False,0.999,-11.555,34,0.009566,6,34
ERR13365058#4,True,True,False,True,0.976,-9.407,UNKNOWN,0.979065,33G,10B
SRR26883765#1,True,True,False,True,0.952,-9.568,UNKNOWN,0.94064,6,6C
SRR26594404#6,True,False,False,False,0.999,-12.098,12F,0.064028,11,12F
ERR2089566#3,True,True,False,True,0.995,-10.606,UNKNOWN,0.649072,6,6C
SRR26594732#1,True,False,False,False,0.999,-12.099,12F,0.064646,11,12F
ERR2091180#4,True,False,False,False,0.998,-11.104,10B,0.182979,33G,10B
ERR319318#132,True,False,False,False,0.545,-8.237,6B,0.153166,45,6B
ERR2089956#1,True,False,False,False,0.999,-11.35,19F,0.001076,12_44_46,19F
ERR913090#1,True,False,False,False,1.0,-11.794,19A,0.002902,33C,19A
SRR26595149#10,True,False,False,False,1.0,-13.121,8,0.001159,36,8
SRR26834208#1,True,False,False,False,0.999,-12.157,9N,0.01457,20,9N
SRR26797430#22,True,False,False,False,0.999,-11.696,15A,0.004053,10,15A
ERR8481791#24,True,False,False,False,1.0,-12.259,13,0.00434,20,13
SRR26884351#3,True,False,False,False,1.0,-13.116,8,0.001332,36,8
ERR1795468#15,True,False,False,False,1.0,-12.185,14,0.000514,Serogroup 33,14
SRR26797231#11,True,False,False,False,0.999,-12.158,9N,0.01413,20,9N
SRR26833718#1,True,True,False,True,0.988,-10.217,UNKNOWN,0.978587,35A_35C_42,22F
ERR1788501#8,True,False,False,False,0.999,-11.29,19F,0.001062,12_44_46,19F
ERR2089623#9,True,False,False,False,0.994,-9.953,6A,0.477193,3,6A
ERR1192012#5,True,False,False,False,1.0,-12.903,1,0.003938,6,1
ERR3796948#4,True,False,False,False,0.996,-11.706,24F,0.172299,35A_35C_42,24F
ERR13374698#28,True,False,False,False,1.0,-12.381,22F,0.002978,35A_35C_42,22F
SRR26834164#2,True,True,False,True,0.867,-9.672,UNKNOWN,0.964856,12_44_46,11A
ERR751157#6,True,False,False,False,0.994,-10.47,9V,0.039493,20,9V
SRR26910625#5,True,False,False,False,1.0,-12.44,22F,0.001202,35A_35C_42,22F
ERR1788525#7,True,False,False,False,0.999,-11.461,4,0.031032,3,4
ERR1202528#25,True,True,False,True,0.909,-9.117,UNKNOWN,0.865721,3,38
ERR2853684#2,True,False,False,False,1.0,-11.799,19A,0.002821,33C,19A
ERR774310#3,True,False,False,False,0.999,-11.604,34,0.009472,6,34
SRR26714160#20,True,True,False,True,0.551,-8.297,UNKNOWN,0.996199,10,15A
ERR13375099#2,True,False,False,False,1.0,-11.986,10A,0.003392,35A_35C_42,10A
ERR979949#15,True,True,False,True,0.991,-10.413,UNKNOWN,0.924227,20,33F
SRR26673667#1,True,False,False,False,1.0,-13.052,8,0.0015,36,8
ERR311151#55,True,False,False,False,0.999,-11.706,5,0.047561,35A_35C_42,5
ERR316825#20,True,True,False,True,0.957,-10.283,UNKNOWN,0.737784,12_44_46,11A
ERR2667576#21,True,False,False,False,0.999,-11.803,5,0.106161,35A_35C_42,5
ERR13365151#22,True,True,True,True,0.395,-6.725,UNKNOWN,1.0,33G,19F
SRR26750062#2,True,True,True,True,0.78,-7.735,UNKNOWN,0.999993,20,18C
SRR26930275#5,True,False,False,False,1.0,-13.875,3,0.004701,36,3
ERR13364889#19,True,True,False,True,0.964,-8.664,UNKNOWN,0.85512,20,9V
ERR3796839#11,True,True,False,True,0.839,-8.157,UNKNOWN,0.999473,36,19F
ERR600167#2,True,True,True,True,0.487,-6.563,UNKNOWN,0.999999,36,3
SRR26789395#7,True,True,True,True,0.943,-8.131,UNKNOWN,0.993802,36,19A
SRR26714642#6,True,False,False,False,1.0,-12.955,8,0.008271,36,8
ERR980039#1,True,True,False,True,0.997,-11.405,UNKNOWN,0.965754,18,2
SRR26883911#13,True,False,False,False,0.998,-11.888,33F,0.155679,20,33F
SRR26818269#11,True,True,False,True,0.976,-8.477,UNKNOWN,0.758891,10,15A
SRR26930167#1,True,False,False,False,0.999,-12.088,12F,0.065992,11,12F
SRR26880417#4,True,False,False,False,0.999,-12.043,22F,0.00329,33A_33F_37,22F
SRR26878157#2,True,False,False,False,0.997,-10.787,22F,0.264325,35A_35C_42,22F
SRR26798006#3,True,False,False,False,0.998,-11.093,33F,0.318768,20,33F
ERR633016#5,True,False,False,False,1.0,-13.087,1,0.001901,6,1
SRR26910596#39,True,False,False,False,0.997,-10.557,23B,0.108043,6,23B
SRR26930572#2,True,False,False,False,1.0,-12.46,22F,0.001321,35A_35C_42,22F
SRR26797598#1,True,False,False,False,0.999,-12.275,31,0.043749,33A_33F_37,31
ERR490775#53,True,True,False,True,0.98,-9.788,UNKNOWN,0.758196,36,4
SRR26797751#5,True,False,False,False,0.999,-12.321,12F,0.067768,33G,12F
SRR26818521#14,True,False,False,False,1.0,-13.116,8,0.001332,36,8
SRR26878170#9,True,False,False,False,0.998,-12.09,12F,0.267415,11,12F
ERR1756429#1,True,False,False,False,0.703,-9.025,15C,0.008932,29,15C
SRR26833762#2,True,True,False,True,0.99,-10.126,UNKNOWN,0.973968,20,17F
ERR8481834#17,True,False,False,False,0.999,-11.527,16F,0.021787,35A_35C_42,16F
SRR26714233#8,True,False,False,False,0.999,-11.146,15A,0.033667,10,15A
ERR862423#31,True,True,False,True,0.742,-8.153,UNKNOWN,0.994886,3,13
SRR26930794#11,True,False,False,False,0.999,-11.304,16F,0.113895,35A_35C_42,16F
ERR632911#10,True,False,False,False,1.0,-12.227,14,0.000411,Serogroup 33,14
ERR909084#15,True,False,False,False,0.999,-11.516,23F,0.016735,19B_19C,23F
ERR2681262#1,True,False,False,False,0.999,-11.422,23F,0.009205,19B_19C,23F
SRR26880200#10,True,True,False,True,0.963,-8.924,UNKNOWN,0.995669,45,19F
SRR26931782#5,True,False,False,False,0.999,-12.043,22F,0.00329,33A_33F_37,22F
ERR862402#62,True,True,False,True,0.962,-9.504,UNKNOWN,0.974191,20,21
ERR568610#1,True,False,False,False,0.999,-11.321,19F,0.001847,12_44_46,19F
ERR1065843#5,True,True,False,True,0.96,-10.62,UNKNOWN,0.990759,11,12F
ERR7567959#1,True,False,False,False,1.0,-13.157,8,0.002131,36,8
SRR26878165#33,True,True,False,True,0.892,-8.621,UNKNOWN,0.999855,45,20B
ERR1202300#25,True,False,False,False,0.999,-11.871,5,0.030923,35A_35C_42,5
ERR1066095#10,True,True,False,True,0.989,-9.552,UNKNOWN,0.918978,19B_19C,23F
ERR730401#3,True,False,False,False,1.0,-12.945,1,0.002697,6,1
SRR26749857#4,True,False,False,False,1.0,-13.875,3,0.004701,36,3
SRR26883931#11,True,False,False,False,0.999,-12.253,12F,0.132868,20,12F
ERR730145#13,True,False,False,False,0.999,-11.518,34,0.008706,6,34
ERR13364526#3,True,True,False,True,0.971,-10.044,UNKNOWN,0.75779,45,6B
ERR1065417#15,True,False,False,False,0.999,-11.569,23F,0.023181,19B_19C,23F
ERR750968#1,True,True,False,True,0.995,-10.499,UNKNOWN,0.699949,10,15A
ERR13374796#21,True,True,False,True,0.96,-8.805,UNKNOWN,0.99778,20,23A
SRR26884231#10,True,True,False,True,0.976,-8.477,UNKNOWN,0.758891,10,15A
SRR26910943#8,True,False,False,False,1.0,-13.24,8,0.002857,36,8
ERR1422401#8,True,True,False,True,0.96,-9.474,UNKNOWN,0.985966,20,28A
SRR26817896#30,True,False,False,False,0.997,-10.493,19A,0.223891,36,19A
ERR980224#4,True,False,False,False,0.999,-12.283,33F,0.033528,20,33F
SRR26714449#1,True,False,False,False,0.999,-12.116,9N,0.018865,20,9N
ERR870244#11,True,False,False,False,0.873,-8.77,25F,0.017344,6,25F
ERR742831#7,True,False,False,False,0.999,-11.269,14,0.055025,Serogroup 33,14
SRR26931698#1,True,True,False,True,0.916,-10.21,UNKNOWN,0.8491,35A_35C_42,35B
SRR26818514#13,True,False,False,False,0.999,-12.214,33F,0.039798,20,33F
ERR997663#7,True,False,False,False,1.0,-12.221,14,0.000335,Serogroup 33,14
ERR319345#98,True,True,False,True,0.957,-9.334,UNKNOWN,0.882135,45,6B
SRR26714808#6,True,False,False,False,1.0,-13.223,8,0.00279,36,8
ERR876682#1,True,False,False,False,1.0,-12.206,14,0.000602,Serogroup 33,14
ERR774275#22,True,False,False,False,0.999,-11.923,14,0.005847,Serogroup 33,14
ERR730431#1,True,False,False,False,0.998,-11.582,24F,0.151235,35A_35C_42,24F
ERR2090851#33,True,True,True,True,0.488,-8.057,UNKNOWN,0.999928,20,15B
SRR26879479#2,True,True,False,True,0.989,-9.397,UNKNOWN,0.671553,20,23A
ERR1065630#25,True,False,False,False,0.999,-12.27,17F,0.028456,20,17F
ERR884594#23,True,True,True,True,0.867,-7.582,UNKNOWN,1.0,20,40
ERR8481776#7,True,False,False,False,1.0,-13.055,8,0.006074,36,8
ERR774257#6,True,False,False,False,1.0,-12.923,1,0.002774,6,1
ERR1191981#4,True,False,False,False,0.999,-11.635,16F,0.011123,35A_35C_42,16F
ERR2090657#19,True,False,False,False,0.999,-11.107,10A,0.053577,33G,10A
ERR774045#15,True,True,False,True,0.93,-10.416,UNKNOWN,0.669985,18,35B
SRR26910804#1,True,False,False,False,0.999,-12.157,9N,0.014198,20,9N
ERR505710#14,True,False,False,False,0.998,-11.079,6C,0.371978,6,6C
ERR980220#2,True,False,False,False,1.0,-12.575,1,0.007906,6,1
ERR7568083#1,True,False,False,False,1.0,-13.417,8,0.001144,36,8
SRR26797752#21,True,False,False,False,0.999,-11.557,34,0.009449,6,34
SRR26879503#27,True,False,False,False,1.0,-13.052,8,0.0015,36,8
SRR26714206#2,True,False,False,False,1.0,-13.846,3,0.0052,36,3
SRR26880010#16,True,False,False,False,0.998,-11.262,22F,0.255465,35A_35C_42,22F
SRR26818462#3,True,False,False,False,1.0,-13.015,8,0.001885,36,8
ERR980054#34,True,True,False,True,0.978,-8.914,UNKNOWN,0.96496,10D,9V
ERR1453533#9,True,False,False,False,1.0,-12.196,14,0.001219,33G,14
ERR1540761#3,True,False,False,False,0.999,-11.367,23F,0.008567,19B_19C,23F
ERR742427#1,True,False,False,False,1.0,-12.011,19A,0.00057,33C,19A
ERR2090232#5,True,False,False,False,0.944,-10.015,6A,0.001324,45,6A
ERR2089193#6,True,False,False,False,0.998,-10.829,14,0.068838,27,14
ERR2089589#9,True,False,False,False,0.999,-11.385,14,0.021407,Serogroup 33,14
SRR26878727#1,True,False,False,False,0.999,-11.745,23B,0.005983,6,23B
ERR862291#28,True,False,False,False,0.999,-11.706,5,0.047561,35A_35C_42,5
ERR751055#14,True,True,False,True,0.961,-9.47,UNKNOWN,0.585112,45,6B
ERR742828#21,True,False,False,False,0.999,-12.122,5,0.021848,35A_35C_42,5
ERR980051#6,True,False,False,False,0.998,-11.769,35A,0.396588,36,35A
ERR13374938#8,True,False,False,False,1.0,-13.052,8,0.0015,36,8
ERR909083#3,True,True,False,True,0.98,-9.139,UNKNOWN,0.539886,20,9V
ERR1788126#1,True,False,False,False,1.0,-11.751,19A,0.001928,33C,19A
SRR26878573#2,True,True,False,True,0.911,-10.231,UNKNOWN,0.675458,35A_35C_42,35B
ERR13365488#10,True,True,False,True,0.937,-8.868,UNKNOWN,0.987428,Serogroup 33,14
ERR501523#135,True,True,False,True,0.989,-9.595,UNKNOWN,0.911844,39,16F
ERR316917#1,True,True,False,True,0.996,-10.9,UNKNOWN,0.773213,6,19B
SRR26818616#5,True,False,False,False,0.999,-12.28,9N,0.029829,18,9N
ERR326490#121,True,True,False,True,0.975,-9.87,UNKNOWN,0.994671,20,22F
ERR909002#1,True,True,True,True,0.706,-8.097,UNKNOWN,0.999862,6,15A
SRR26931865#2,True,False,False,False,0.999,-11.828,15A,0.005637,10,15A
ERR1788312#8,True,False,False,False,1.0,-12.205,14,0.000476,Serogroup 33,14
SRR26818588#5,True,False,False,False,0.999,-11.245,10A,0.103745,36,10A
SRR26789671#1,True,False,False,False,0.999,-11.784,16F,0.005965,39,16F
SRR26749326#32,True,False,False,False,0.846,-10.04,38,0.004764,3,38
ERR751104#23,True,False,False,False,0.999,-11.797,5,0.034517,35A_35C_42,5
ERR425432#3,True,False,False,False,0.999,-11.9,5,0.062019,35A_35C_42,5
ERR662455#24,True,False,False,False,0.844,-9.884,38,0.178929,6,38
SRR26879769#1,True,True,True,True,0.472,-7.5,UNKNOWN,0.647455,35A_35C_42,10A
ERR600392#15,True,False,False,False,0.999,-12.077,12F,0.068852,11,12F
ERR908933#3,True,True,False,True,0.878,-9.687,UNKNOWN,0.999889,20,46
SRR26883819#2,True,False,False,False,1.0,-13.121,8,0.001159,36,8
SRR26833528#2,True,False,False,False,1.0,-13.007,8,0.001797,36,8
SRR26797902#2,True,False,False,False,1.0,-13.429,8,0.001204,36,8
ERR568677#1,True,True,False,True,0.947,-8.446,UNKNOWN,0.996511,20,23F
ERR2089904#3,True,False,False,False,0.999,-11.254,16F,0.097312,45,16F
ERR1756427#2,True,True,True,True,0.944,-8.146,UNKNOWN,0.991527,36,6B
ERR1756452#7,True,True,False,True,0.98,-10.731,UNKNOWN,0.822323,35A_35C_42,5
SRR26789424#2,True,False,False,False,1.0,-12.46,22F,0.001321,35A_35C_42,22F
SRR26749902#182,True,True,False,True,0.951,-8.55,UNKNOWN,0.972739,20,9N
ERR4289143#7,True,True,False,True,0.968,-9.471,UNKNOWN,0.940959,20,35B
ERR751029#5,True,True,False,True,0.994,-10.155,UNKNOWN,0.888037,35A_35C_42,5
SRR26930442#2,True,False,False,False,0.999,-11.286,19F,0.001017,12_44_46,19F
SRR26797621#11,True,False,False,False,0.998,-11.269,7F,0.457414,35A_35C_42,7F
ERR13365492#28,True,False,False,False,0.998,-11.216,4,0.104941,36,4
SRR26715010#7,True,False,False,False,1.0,-13.223,8,0.00279,36,8
SRR26714879#2,True,False,False,False,0.999,-11.493,7C,0.389198,45,7C
SRR26879991#1,True,False,False,False,1.0,-13.123,8,0.00125,36,8
SRR26789859#1,True,False,False,False,0.999,-12.136,33F,0.056935,20,33F
SRR26817968#5,True,False,False,False,0.998,-11.262,22F,0.255465,35A_35C_42,22F
SRR26884091#20,True,True,True,True,0.545,-6.997,UNKNOWN,1.0,35A_35C_42,24F
SRR26910768#2,True,False,False,False,1.0,-13.435,8,0.001045,36,8
SRR26672784#13,True,False,False,False,0.999,-12.136,33F,0.056935,20,33F
ERR568457#13,True,False,False,False,0.999,-11.014,19F,0.000524,12_44_46,19F
SRR26714733#1,True,False,False,False,1.0,-13.846,3,0.0052,36,3
ERR980128#4,True,False,False,False,0.999,-11.455,34,0.007494,6,34
SRR26749979#28,True,False,False,False,0.999,-11.564,10A,0.060704,35A_35C_42,10A
SRR26594667#2,True,False,False,False,0.999,-12.085,12F,0.096155,6,12F
ERR1422683#1,True,False,False,False,1.0,-12.398,17F,0.036056,20,17F
SRR26749363#46,True,False,False,False,1.0,-12.405,22F,0.001427,35A_35C_42,22F
SRR26930797#1,True,False,False,False,1.0,-13.846,3,0.0052,36,3
SRR26930563#17,True,False,False,False,0.999,-12.156,9N,0.014526,20,9N
ERR1106711#15,True,False,False,False,0.651,-9.484,38,0.001277,6,38
ERR600294#2,True,False,False,False,0.888,-9.09,18C,0.402915,Serogroup 33,18C
ERR925305#10,True,True,False,True,0.995,-10.225,UNKNOWN,0.602719,19B_19C,23F
ERR1065489#2,True,False,False,False,0.999,-11.803,15A,0.00805,10,15A
SRR26818188#11,True,False,False,False,0.999,-12.28,9N,0.029829,18,9N
ERR3796913#5,True,False,False,False,0.996,-11.758,24F,0.124057,35A_35C_42,24F
ERR570399#4,True,False,False,False,0.998,-10.879,9V,0.013167,20,9V
SRR26594701#1,True,False,False,False,0.999,-12.283,31,0.043102,33A_33F_37,31
ERR13365258#29,True,False,False,False,1.0,-12.43,22F,0.001197,35A_35C_42,22F
SRR26833958#1,True,False,False,False,1.0,-12.613,35F,0.011958,20,35F
ERR925147#5,True,True,False,True,0.997,-11.579,UNKNOWN,0.654006,36,35A
SRR26673552#1,True,True,False,True,0.911,-10.23,UNKNOWN,0.677171,35A_35C_42,35B
ERR1788349#3,True,False,False,False,0.993,-10.511,16F,0.232269,35A_35C_42,16F
ERR742655#11,True,True,False,True,0.997,-11.441,UNKNOWN,0.876654,35A_35C_42,10F
ERR1799710#1,True,False,False,False,0.999,-11.78,15A,0.01051,10,15A
SRR26594190#23,True,False,False,False,0.999,-11.513,10A,0.083215,35A_35C_42,10A
ERR751073#25,True,False,False,False,0.999,-11.797,5,0.034517,35A_35C_42,5
ERR2667541#15,True,False,False,False,1.0,-12.205,14,0.000476,Serogroup 33,14
ERR1795481#16,True,False,False,False,1.0,-11.812,14,0.001289,Serogroup 33,14
ERR1065572#29,True,False,False,False,0.983,-10.65,6C,0.295786,6,6C
ERR505465#24,True,True,False,True,0.986,-10.686,UNKNOWN,0.968379,11,12F
SRR26910278#2,True,False,False,False,1.0,-13.123,8,0.00125,36,8
SRR26594163#2,True,True,False,True,0.828,-8.923,UNKNOWN,0.997347,10,15A
ERR2681192#28,True,False,False,False,0.987,-9.965,6A,0.003712,20,6A
ERR908983#51,True,False,False,False,0.997,-10.88,13,0.345397,Serogroup 33,13
ERR2089159#8,True,False,False,False,0.999,-11.406,34,0.018059,6,34
ERR1214345#1,True,False,False,False,0.999,-11.29,19F,0.001062,12_44_46,19F
ERR2667989#4,True,True,False,True,0.956,-9.839,UNKNOWN,0.680436,45,6B
ERR2089758#2,True,False,False,False,0.955,-10.278,18C,0.113197,Serogroup 33,18C
ERR742560#4,True,True,False,True,0.986,-9.924,UNKNOWN,0.871186,36,4
SRR26911169#1,True,False,False,False,0.999,-12.007,9N,0.029336,20,9N
ERR751095#2,True,False,False,False,0.992,-10.061,6A,0.13329,45,6A
SRR26797499#2,True,False,False,False,1.0,-13.052,8,0.0015,36,8
ERR925074#4,True,True,False,True,0.976,-10.131,UNKNOWN,0.629938,45,6B
ERR909016#12,True,True,False,True,0.961,-9.47,UNKNOWN,0.585112,45,6B
SRR26879914#12,True,False,False,False,1.0,-13.116,8,0.001332,36,8
ERR980306#4,True,True,False,True,0.992,-10.386,UNKNOWN,0.857571,35A_35C_42,9L
SRR26878665#11,True,False,False,False,0.999,-10.997,21,0.018044,45,21
ERR1214675#2,True,False,False,False,1.0,-12.17,14,0.000714,Serogroup 33,14
ERR600289#74,True,True,False,True,0.847,-8.379,UNKNOWN,0.666694,Serogroup 33,18C
ERR1430875#1,True,False,False,False,0.999,-11.33,1,0.117762,6,1
SRR26880214#1,True,True,False,True,0.831,-9.504,UNKNOWN,0.615241,12_44_46,11A
ERR433539#19,True,True,False,True,0.979,-9.644,UNKNOWN,0.987745,35A_35C_42,4
SRR26910219#20,True,False,False,False,0.999,-11.697,15A,0.004049,10,15A
SRR26818414#6,True,False,False,False,1.0,-12.983,8,0.007826,36,8
ERR5104420#1,True,False,False,False,0.998,-11.125,4,0.115484,36,4
ERR13364942#11,True,True,False,True,0.968,-9.933,UNKNOWN,0.927245,20,7F
ERR1540817#80,True,False,False,False,0.999,-11.681,10A,0.009267,35A_35C_42,10A
SRR26879978#1,True,False,False,False,0.999,-11.699,19A,0.004034,33C,19A
ERR742530#1,True,False,False,False,0.999,-12.158,9N,0.01413,20,9N
ERR870025#5,True,False,False,False,0.996,-10.588,9V,0.049114,20,9V
ERR773915#2,True,False,False,False,0.998,-11.132,1,0.454579,6,1
SRR26931002#2,True,False,False,False,0.999,-11.766,31,0.080191,33A_33F_37,31
ERR568777#30,True,True,False,True,0.992,-9.875,UNKNOWN,0.901431,39,6C
SRR26834148#1,True,True,False,True,0.815,-9.445,UNKNOWN,0.633432,12_44_46,11A
SRR26818061#6,True,False,False,False,0.999,-12.156,9N,0.014526,20,9N
ERR730228#9,True,False,False,False,0.999,-11.538,14,0.013788,27,14
ERR730371#2,True,True,False,True,0.684,-8.415,UNKNOWN,0.856524,20,9V
ERR876606#12,True,False,False,False,1.0,-12.227,14,0.000411,Serogroup 33,14
ERR869936#3,True,False,False,False,0.996,-10.729,19A,0.076188,6,19A
ERR449157#26,True,False,False,False,1.0,-12.038,14,0.00142,33G,14
SRR26749535#34,True,True,False,True,0.913,-9.772,UNKNOWN,0.621823,18,20B
ERR2089247#2,True,True,False,True,0.869,-9.701,UNKNOWN,0.562199,12_44_46,11A
ERR1066289#1,True,True,False,True,0.928,-10.407,UNKNOWN,0.6588,18,35B
ERR751066#1,True,False,False,False,0.969,-9.475,6A,0.015273,45,6A
ERR316903#6,True,False,False,False,0.998,-10.845,9V,0.010128,20,9V
ERR774338#32,True,True,False,True,0.996,-10.485,UNKNOWN,0.508806,36,4
ERR3270859#5,True,True,False,True,0.967,-10.46,UNKNOWN,0.556787,12_44_46,11A
ERR2681021#4,True,False,False,False,0.999,-10.986,19F,0.000442,36,19F
SRR26930185#1,True,False,False,False,1.0,-13.846,3,0.0052,36,3
ERR13364588#1,True,False,False,False,0.998,-11.307,4,0.140165,36,4
ERR730912#2,True,False,False,False,0.993,-10.194,19F,0.307411,12_44_46,19F
ERR870236#7,True,True,False,True,0.958,-10.589,UNKNOWN,0.991938,11,12F
ERR884479#3,True,False,False,False,1.0,-11.795,19A,0.002887,33C,19A
ERR870197#1,True,False,False,False,0.961,-9.598,14,0.060072,36,14
ERR7568089#19,True,False,False,False,0.998,-11.119,15A,0.139205,35A_35C_42,15A
ERR1453603#4,True,False,False,False,1.0,-13.875,3,0.004701,36,3
ERR2681367#1,True,False,False,False,0.998,-11.213,33B,0.415862,20,33B
SRR26833557#26,True,False,False,False,0.999,-11.564,10A,0.060704,35A_35C_42,10A
ERR600117#20,True,True,False,True,0.929,-10.408,UNKNOWN,0.694453,18,35B
SRR26818297#46,True,True,False,True,0.994,-11.139,UNKNOWN,0.789773,20,17F
SRR26789278#1,True,False,False,False,0.999,-12.172,31,0.066305,33A_33F_37,31
SRR26673581#3,True,False,False,False,0.999,-12.033,8,0.062685,3,8
SRR26817798#1,True,False,False,False,0.997,-10.493,34,0.055135,6,34
ERR900712#15,True,False,False,False,0.999,-11.631,23F,0.010404,19B_19C,23F
ERR13374931#1,True,False,False,False,1.0,-13.157,8,0.002131,36,8
ERR2089793#2,True,True,False,True,0.973,-8.831,UNKNOWN,0.946884,36,6A
ERR1214494#1,True,False,False,False,0.953,-10.249,18C,0.123905,Serogroup 33,18C
ERR13374864#7,True,True,False,True,0.93,-10.414,UNKNOWN,0.62374,18,35B
ERR568527#10,True,True,False,True,0.99,-10.043,UNKNOWN,0.733477,33G,10A
ERR1453592#1,True,False,False,False,1.0,-13.846,3,0.0052,36,3
ERR13397669#9,True,False,False,False,0.999,-11.149,19F,0.001932,12_44_46,19F
SRR26673714#17,True,False,False,False,0.998,-11.615,33F,0.119219,20,33F
SRR26818643#2,True,False,False,False,1.0,-13.139,8,0.00304,36,8
ERR714644#7,True,True,False,True,0.925,-8.207,UNKNOWN,0.982495,45,6A
SRR26878423#1,True,False,False,False,0.999,-11.664,23B,0.012062,7B_7C_40,23B
ERR980342#1,True,True,False,True,0.958,-8.968,UNKNOWN,0.985241,33G,9V
SRR26672901#9,True,True,False,True,0.934,-10.594,UNKNOWN,0.738478,33G,12F
SRR26789759#1,True,True,False,True,0.994,-11.184,UNKNOWN,0.75397,20,17F
SRR26834473#5,True,False,False,False,0.999,-12.042,22F,0.003279,33A_33F_37,22F
ERR13366068#6,True,False,False,False,1.0,-12.341,22F,0.001833,35A_35C_42,22F
SRR26594462#1,True,False,False,False,0.999,-12.101,12F,0.066398,11,12F
ERR884442#15,True,True,True,True,0.378,-6.909,UNKNOWN,0.999999,10,15A
ERR730652#22,True,True,False,True,0.902,-9.071,UNKNOWN,0.993746,45,7C
ERR600458#1,True,False,False,False,0.584,-9.117,15C,0.003758,29,15C
ERR1453610#1,True,True,False,True,0.997,-10.798,UNKNOWN,0.58268,6,7C
SRR26790099#1,True,False,False,False,0.999,-12.116,9N,0.018865,20,9N
SRR26714544#1,True,False,False,False,0.999,-11.29,19F,0.001062,12_44_46,19F
ERR1788083#1,True,True,False,True,0.97,-10.043,UNKNOWN,0.999092,6,35C
ERR730678#7,True,False,False,False,0.999,-11.292,4,0.109474,36,4
ERR742346#13,True,True,False,True,0.961,-9.296,UNKNOWN,0.993124,35A_35C_42,7F
SRR26884063#2,True,False,False,False,1.0,-13.168,8,0.002754,3,8
SRR26878713#16,True,False,False,False,0.998,-11.262,22F,0.255465,35A_35C_42,22F
ERR570401#1,True,False,False,False,0.967,-9.463,6A,0.013565,45,6A
ERR13374776#5,True,False,False,False,1.0,-13.263,8,0.002486,36,8
ERR13364849#9,True,False,False,False,1.0,-12.338,22F,0.001845,35A_35C_42,22F
ERR1065755#1,True,False,False,False,0.988,-10.774,11A,0.400475,12_44_46,11A
SRR26930409#2,True,False,False,False,1.0,-11.826,19A,0.001346,6,19A
ERR316613#27,True,True,False,True,0.983,-8.797,UNKNOWN,0.846085,27,6A
ERR3899254#2,True,False,False,False,0.999,-11.375,16F,0.020234,35A_35C_42,16F
ERR714392#2,True,False,False,False,0.961,-9.598,14,0.060072,36,14
SRR26797387#8,True,False,False,False,0.999,-11.129,19A,0.085145,10D,19A
SRR26594288#2,True,False,False,False,1.0,-13.846,3,0.0052,36,3
ERR730489#7,True,True,True,True,0.442,-6.97,UNKNOWN,1.0,10,28F
SRR26789842#2,True,False,False,False,1.0,-13.015,8,0.001885,36,8
SRR26878487#5,True,False,False,False,0.999,-11.654,4,0.017727,36,4
ERR714638#1,True,False,False,False,1.0,-11.794,19A,0.002902,33C,19A
ERR736925#1,True,False,False,False,0.992,-10.061,6A,0.13329,45,6A
SRR26797977#10,True,True,False,True,0.983,-9.958,UNKNOWN,0.984649,35A_35C_42,9L
SRR26750045#13,True,False,False,False,0.999,-11.54,12F,0.032972,6,12F
SRR26797703#15,True,False,False,False,1.0,-12.462,17F,0.014919,20,17F
ERR13374614#6,True,False,False,False,0.998,-11.692,3,0.387646,11,3
ERR3796707#2,True,False,False,False,0.996,-11.705,24F,0.170359,35A_35C_42,24F
ERR2089857#2,True,False,False,False,0.998,-11.609,24F,0.115691,35A_35C_42,24F
ERR13365248#9,True,True,False,True,0.985,-10.064,UNKNOWN,0.767022,33G,14
SRR26673331#5,True,False,False,False,0.998,-11.128,19A,0.14063,10D,19A
SRR26930826#1,True,False,False,False,1.0,-13.425,8,0.00115,36,8
SRR26931430#3,True,False,False,False,0.999,-12.176,3,0.132834,11,3
SRR26817767#51,True,False,False,False,0.996,-10.137,19F,0.163658,12_44_46,19F
ERR1453516#1,True,False,False,False,0.991,-10.193,7F,0.298074,35A_35C_42,7F
ERR3899298#3,True,False,False,False,0.716,-9.252,15B,0.009772,3,15B
SRR26594297#2,True,False,False,False,0.999,-11.207,23A,0.025728,3,23A
ERR730370#18,True,False,False,False,0.999,-11.071,19F,0.000474,12_44_46,19F
ERR870076#1,True,True,False,True,0.983,-9.257,UNKNOWN,0.932844,20,6A
ERR876658#20,True,True,True,True,0.483,-7.94,UNKNOWN,0.999918,20,15B
ERR1065380#1,True,False,False,False,0.998,-11.125,16F,0.125692,45,16F
ERR568446#2,True,True,False,True,0.993,-10.04,UNKNOWN,0.842201,6,1
ERR2090570#44,True,True,False,True,0.995,-10.33,UNKNOWN,0.585394,6,6C
SRR26880204#24,True,False,False,False,0.997,-10.923,4,0.392115,35A_35C_42,4
ERR13365501#5,True,True,False,True,0.951,-9.154,UNKNOWN,0.952287,45,6C
SRR26878042#8,True,True,False,True,0.963,-9.459,UNKNOWN,0.964896,20,35B
ERR1422526#5,True,False,False,False,0.999,-11.034,19F,0.000414,12_44_46,19F
ERR2089987#2,True,False,False,False,0.999,-11.33,1,0.117762,6,1
ERR909057#8,True,True,False,True,0.976,-10.131,UNKNOWN,0.629938,45,6B
ERR1202616#2,True,False,False,False,0.765,-9.448,18C,0.333101,Serogroup 33,18C
SRR26931054#5,True,False,False,False,1.0,-12.405,22F,0.001427,35A_35C_42,22F
SRR26672840#34,True,True,True,True,0.807,-7.973,UNKNOWN,0.982218,36,19A
ERR980081#25,True,True,False,True,0.987,-9.902,UNKNOWN,0.694779,12_44_46,11A
SRR26594915#2,True,True,True,True,0.796,-7.972,UNKNOWN,0.999629,6,6C
SRR26672966#1,True,False,False,False,0.999,-12.174,33F,0.02496,20,33F
SRR26884659#4,True,False,False,False,1.0,-13.24,8,0.002857,36,8
ERR600189#19,True,True,False,True,0.928,-10.406,UNKNOWN,0.690655,18,35B
ERR13365335#2,True,False,False,False,1.0,-13.425,8,0.00115,36,8
SRR26749491#5,True,True,True,True,0.663,-6.336,UNKNOWN,1.0,45,6A
SRR26931664#2,True,False,False,False,1.0,-12.46,22F,0.001321,35A_35C_42,22F
SRR26594764#2,True,False,False,False,0.998,-11.093,33F,0.318768,20,33F
ERR1202491#1,True,False,False,False,0.999,-11.417,23F,0.010982,19B_19C,23F
SRR26834008#3,True,False,False,False,0.999,-12.301,9N,0.036625,18,9N
ERR774075#4,True,False,False,False,1.0,-13.087,1,0.001901,6,1
ERR1799762#29,True,False,False,False,0.55,-9.223,25F,0.004971,3,25F
ERR3303318#4,True,False,False,False,1.0,-12.052,19A,0.000548,33C,19A
ERR3899261#2,True,False,False,False,0.999,-11.684,23B,0.013431,7B_7C_40,23B
ERR13374974#49,True,False,False,False,0.999,-11.208,23B,0.059343,6,23B
ERR2681059#10,True,True,False,True,0.975,-9.758,UNKNOWN,0.557894,6,6D
ERR490715#5,True,False,False,False,0.992,-10.077,7F,0.252207,35A_35C_42,7F
ERR979955#1,True,False,False,False,0.999,-11.329,19F,0.00259,12_44_46,19F
ERR708299#16,True,False,False,False,0.961,-9.837,6A,0.001797,20,6A
SRR26594679#23,True,True,False,True,0.987,-9.401,UNKNOWN,0.938516,36,19F
ERR774644#34,True,False,False,False,1.0,-12.968,1,0.002478,6,1
ERR596390#29,True,False,False,False,1.0,-12.405,22F,0.001427,35A_35C_42,22F
SRR26879713#1,True,False,False,False,0.999,-11.187,15A,0.037167,10,15A
ERR925198#1,True,False,False,False,0.586,-9.169,15B,0.004174,29,15B
SRR26673181#3,True,False,False,False,1.0,-13.24,8,0.002857,36,8
SRR26594547#2,True,False,False,False,1.0,-13.007,8,0.001797,36,8
ERR869925#4,True,False,False,False,0.998,-10.429,19F,0.075237,Serogroup 33,19F
ERR632984#16,True,False,False,False,1.0,-12.043,14,0.001914,Serogroup 33,14
ERR1658251#35,True,False,False,False,0.975,-10.06,6B,0.009523,45,6B
SRR26790094#2,True,False,False,False,0.757,-9.034,15B,0.215877,36,15B
ERR774128#5,True,True,True,True,0.466,-6.714,UNKNOWN,0.999999,12_44_46,15B
ERR490709#6,True,False,False,False,0.998,-11.198,4,0.288686,36,4
ERR1788185#1,True,True,True,True,0.818,-7.596,UNKNOWN,0.999696,36,19F
ERR774714#1,True,True,False,True,0.988,-9.584,UNKNOWN,0.81247,3,6A
ERR2680643#4,True,False,False,False,0.999,-11.032,19F,0.000415,36,19F
SRR26880363#1,True,True,True,True,0.631,-7.664,UNKNOWN,0.998149,35A_35C_42,16F
ERR2089470#5,True,True,False,True,0.984,-10.647,UNKNOWN,0.562658,6,6C
SRR26673438#1,True,False,False,False,1.0,-11.799,19A,0.002821,33C,19A
SRR26930870#5,True,False,False,False,1.0,-13.875,3,0.004701,36,3
ERR586335#3,True,True,False,True,0.966,-8.365,UNKNOWN,0.945494,20,19F
SRR26672934#8,True,False,False,False,0.999,-12.321,12F,0.067768,33G,12F
ERR751184#2,True,False,False,False,0.999,-11.424,23F,0.012101,19B_19C,23F
SRR26817835#1,True,False,False,False,1.0,-13.101,8,0.003562,3,8
SRR26749704#33,True,False,False,False,1.0,-13.846,3,0.0052,36,3
SRR26673651#7,True,False,False,False,1.0,-13.218,8,0.002872,36,8
ERR2089855#2,True,False,False,False,0.952,-10.243,18C,0.126618,Serogroup 33,18C
SRR26594661#13,True,False,False,False,0.999,-12.158,9N,0.01413,20,9N
SRR26594824#27,True,False,False,False,0.999,-12.253,12F,0.132868,20,12F
ERR13374749#5,True,False,False,False,0.999,-11.348,8,0.171207,36,8
ERR1202377#26,True,False,False,False,0.999,-11.871,5,0.030923,35A_35C_42,5
SRR26884102#4,True,True,False,True,0.992,-9.762,UNKNOWN,0.619725,35A_35C_42,16F
ERR2667425#8,True,False,False,False,0.999,-11.777,13,0.010606,20,13
ERR730663#15,True,True,False,True,0.976,-10.134,UNKNOWN,0.636489,45,6B
SRR26749234#24,True,True,True,True,0.909,-8.017,UNKNOWN,0.999083,33A_33F_37,6C
SRR26789458#9,True,True,False,True,0.944,-8.738,UNKNOWN,0.998061,36,19F
SRR26818213#8,True,False,False,False,0.999,-11.528,21,0.277269,20,21
ERR1453744#2,True,False,False,False,0.665,-9.134,15C,0.004934,29,15C
SRR26594492#12,True,True,False,True,0.996,-10.72,UNKNOWN,0.697497,45,7C
ERR925293#21,True,False,False,False,0.997,-10.875,13,0.376553,20,13
SRR26879621#15,True,False,False,False,0.999,-11.711,15A,0.003778,10,15A
ERR1202306#1,True,False,False,False,0.999,-11.33,1,0.117762,6,1
ERR516668#9,True,False,False,False,0.989,-10.375,6A,0.001395,45,6A
ERR869839#1,True,True,False,True,0.996,-10.902,UNKNOWN,0.772187,6,19B
SRR26749421#5,True,True,False,True,0.983,-8.973,UNKNOWN,0.912992,35A_35C_42,15A
SRR26878536#1,True,True,False,True,0.994,-11.184,UNKNOWN,0.75397,20,17F
SRR26879869#22,True,False,False,False,1.0,-12.337,22F,0.001811,35A_35C_42,22F
SRR26750030#6,True,False,False,False,0.999,-12.105,8,0.455326,3,8
SRR26797347#4,True,False,False,False,0.998,-10.844,19A,0.045728,6,19A
ERR913345#62,True,True,True,True,0.603,-6.9,UNKNOWN,1.0,36,7C
ERR1422507#9,True,False,False,False,0.999,-11.933,35F,0.043417,20,35F
SRR26818193#3,True,False,False,False,1.0,-13.015,8,0.001885,36,8
ERR751121#18,True,True,False,True,0.948,-8.608,UNKNOWN,0.989524,20,33D
SRR26714094#2,True,False,False,False,1.0,-13.846,3,0.0052,36,3
ERR646570#2,True,False,False,False,1.0,-12.907,1,0.000875,6,1
SRR26880166#11,True,False,False,False,0.999,-11.493,7C,0.389198,45,7C
ERR13365033#11,True,False,False,False,1.0,-12.211,14,0.000431,Serogroup 33,14
ERR884579#37,True,False,False,False,0.956,-9.606,18C,0.36188,20,18C
SRR26818637#28,True,True,False,True,0.996,-10.591,UNKNOWN,0.720102,10D,19A
SRR26834505#1,True,False,False,False,0.999,-12.121,9N,0.018534,20,9N
ERR909230#17,True,False,False,False,1.0,-12.301,17F,0.024919,20,17F
ERR730314#16,True,False,False,False,0.998,-11.303,16F,0.082756,35A_35C_42,16F
ERR2667440#1,True,False,False,False,1.0,-11.751,19A,0.001928,33C,19A
SRR26879451#20,True,True,False,True,0.916,-9.765,UNKNOWN,0.706743,18,20B
SRR26930927#1,True,False,False,False,0.999,-11.724,23B,0.003821,7B_7C_40,23B
ERR2667797#1,True,False,False,False,1.0,-11.791,19A,0.002933,33C,19A
SRR26878703#1,True,True,False,True,0.987,-10.125,UNKNOWN,0.984942,35A_35C_42,22F
ERR2089516#18,True,False,False,False,0.999,-12.15,9N,0.015523,20,9N
ERR326394#134,True,False,False,False,0.756,-9.006,6B,0.070286,36,6B
SRR26789740#23,True,True,False,True,0.996,-10.72,UNKNOWN,0.697497,45,7C
ERR750866#24,True,False,False,False,0.995,-10.133,19A,0.292157,6,19A
ERR884691#3,True,False,False,False,0.999,-11.012,19F,0.000391,12_44_46,19F
ERR750903#3,True,True,False,True,0.99,-9.938,UNKNOWN,0.777374,20,12F
ERR2090775#15,True,False,False,False,0.999,-12.075,12F,0.069216,11,12F
ERR1066226#2,True,False,False,False,1.0,-13.424,8,0.00123,36,8
ERR2680743#1,True,False,False,False,0.934,-9.594,6B,0.126657,45,6B
ERR433654#12,True,False,False,False,0.999,-11.305,7F,0.159975,20,7F
ERR3270845#5,True,True,False,True,0.959,-10.592,UNKNOWN,0.99169,11,12F
SRR26833960#30,True,False,False,False,1.0,-12.469,22F,0.001205,35A_35C_42,22F
SRR26878398#1,True,False,False,False,0.999,-12.101,12F,0.066398,11,12F
SRR26673331#14,True,False,False,False,1.0,-12.041,19A,0.000481,33C,19A
SRR26877919#1,True,False,False,False,0.996,-10.668,19A,0.208945,33C,19A
SRR26789385#32,True,False,False,False,0.999,-11.016,23B,0.069766,6,23B
SRR26749293#149,True,False,False,False,1.0,-13.846,3,0.0052,36,3
ERR925369#1,True,False,False,False,0.993,-10.194,19F,0.307411,12_44_46,19F
ERR13365396#2,True,True,True,True,0.729,-6.954,UNKNOWN,1.0,36,3
ERR13366148#6,True,True,False,True,0.989,-9.492,UNKNOWN,0.568609,36,14
SRR26715041#21,True,False,False,False,0.998,-10.423,19A,0.07792,15,19A
SRR26594626#28,True,False,False,False,0.999,-11.564,10A,0.060704,35A_35C_42,10A
ERR862429#1,True,False,False,False,0.999,-11.493,19A,0.006749,35A_35C_42,19A
ERR1202094#15,True,False,False,False,0.999,-11.914,5,0.056039,35A_35C_42,5
SRR26818351#20,True,False,False,False,0.999,-12.174,33F,0.02496,20,33F
ERR600378#1,True,False,False,False,1.0,-12.623,1,0.002736,6,1
SRR26931045#4,True,False,False,False,1.0,-13.875,3,0.004701,36,3
ERR1065796#25,True,True,False,True,0.989,-11.01,UNKNOWN,0.870015,33G,12F
ERR1540785#1,True,False,False,False,0.953,-10.249,18C,0.123905,Serogroup 33,18C
SRR26749318#9,True,True,False,True,0.988,-10.217,UNKNOWN,0.978587,35A_35C_42,22F
SRR26673192#14,True,False,False,False,1.0,-13.123,8,0.00125,36,8
ERR632925#12,True,False,False,False,1.0,-12.227,14,0.000411,Serogroup 33,14
ERR1214465#8,True,False,False,False,1.0,-11.786,19A,0.002852,33C,19A
ERR4501329#1,True,False,False,False,0.996,-11.711,24F,0.178751,35A_35C_42,24F
ERR714618#4,True,False,False,False,0.847,-9.443,6B,0.055916,45,6B
ERR2680880#10,True,False,False,False,0.999,-11.041,19F,0.000401,36,19F
ERR316750#5,True,False,False,False,0.999,-11.441,23F,0.010051,19B_19C,23F
SRR26749489#1,True,False,False,False,1.0,-13.122,8,0.003191,3,8
SRR26833834#2,True,False,False,False,1.0,-13.121,8,0.001159,36,8
ERR516694#56,True,False,False,False,0.947,-9.582,18C,0.12957,16F,18C
ERR3796643#5,True,False,False,False,0.996,-11.759,24F,0.126013,35A_35C_42,24F
ERR1202605#17,True,False,False,False,0.999,-11.753,4,0.009209,3,4
ERR913514#18,True,False,False,False,0.961,-9.598,14,0.060072,36,14
ERR2090520#1,True,False,False,False,1.0,-13.423,8,0.001243,36,8
SRR26797346#2,True,False,False,False,1.0,-13.015,8,0.001885,36,8
ERR568730#11,True,False,False,False,0.954,-10.493,18C,0.031872,Serogroup 33,18C
ERR913306#28,True,True,True,True,0.654,-6.953,UNKNOWN,0.999993,20,14
SRR26884283#2,True,False,False,False,0.999,-12.041,12F,0.082214,11,12F
ERR434047#2,True,False,False,False,0.956,-10.49,18C,0.035982,Serogroup 33,18C
ERR1202165#14,True,False,False,False,0.999,-12.081,12F,0.109854,6,12F
ERR909030#19,True,False,False,False,0.999,-11.511,34,0.009975,6,34
ERR8481794#8,True,False,False,False,0.992,-10.941,38,0.283805,6,38
ERR3655229#4,True,False,False,False,0.998,-11.011,7F,0.109953,35A_35C_42,7F
ERR1788153#5,True,False,False,False,0.999,-11.034,19F,0.00041,12_44_46,19F
ERR2090451#4,True,True,False,True,0.981,-9.822,UNKNOWN,0.810481,36,4
SRR26879557#2,True,False,False,False,1.0,-13.076,8,0.004056,3,8
SRR26749182#6,True,False,False,False,1.0,-13.223,8,0.00279,36,8
ERR1202488#3,True,False,False,False,0.999,-10.877,19F,0.001895,12_44_46,19F
SRR26910296#2,True,False,False,False,1.0,-13.116,8,0.001332,36,8
SRR26878746#6,True,True,False,True,0.994,-11.184,UNKNOWN,0.75397,20,17F
ERR3796659#2,True,False,False,False,0.996,-11.71,24F,0.177462,35A_35C_42,24F
SRR26884251#3,True,False,False,False,1.0,-13.116,8,0.001332,36,8
ERR506038#28,True,False,False,False,0.999,-11.316,23A,0.008738,3,23A
ERR979952#25,True,True,True,True,0.896,-7.536,UNKNOWN,0.995633,12_44_46,19F
ERR600257#10,True,False,False,False,1.0,-12.021,19A,0.000548,33C,19A
SRR26797387#12,True,False,False,False,1.0,-12.019,19A,0.000542,33C,19A
SRR26910712#1,True,False,False,False,1.0,-11.986,10A,0.003392,35A_35C_42,10A
ERR13364735#5,True,False,False,False,1.0,-12.178,19A,0.000236,33C,19A
SRR26884296#6,True,False,False,False,0.998,-11.982,12F,0.30529,11,12F
SRR26749430#8,True,False,False,False,0.999,-12.26,12F,0.166022,20,12F
ERR646540#1,True,False,False,False,0.97,-9.481,6A,0.013349,45,6A
SRR26749291#5,True,False,False,False,1.0,-12.613,35F,0.011958,20,35F
ERR2090187#1,True,False,False,False,0.999,-11.67,4,0.048095,36,4
ERR884589#23,True,True,True,True,0.561,-6.99,UNKNOWN,1.0,6,18A
ERR1540803#7,True,True,False,True,0.906,-9.209,UNKNOWN,0.998232,35A_35C_42,13
ERR1453547#5,True,False,False,False,0.999,-11.035,19F,0.000405,12_44_46,19F
ERR870015#29,True,True,False,True,0.742,-8.153,UNKNOWN,0.994886,3,13
ERR2089364#17,True,False,False,False,1.0,-11.818,14,0.001224,Serogroup 33,14
ERR774224#7,True,True,False,True,0.976,-10.134,UNKNOWN,0.636489,45,6B
ERR845749#4,True,False,False,False,0.952,-10.248,18C,0.124185,Serogroup 33,18C
ERR730607#14,True,True,False,True,0.961,-9.47,UNKNOWN,0.585112,45,6B
ERR331422#1,True,False,False,False,1.0,-13.846,3,0.0052,36,3
ERR862525#2,True,False,False,False,0.999,-11.405,23F,0.01251,19B_19C,23F
ERR1788314#57,True,True,False,True,0.996,-11.001,UNKNOWN,0.799519,11,1
ERR2680589#1,True,False,False,False,0.999,-11.904,1,0.058622,6,1
ERR714646#1,True,False,False,False,1.0,-11.795,19A,0.002887,33C,19A
ERR1214685#8,True,False,False,False,0.998,-10.863,14,0.12399,33G,14
SRR26931338#56,True,False,False,False,0.999,-11.433,19A,0.015948,35A_35C_42,19A
ERR714112#1,True,False,False,False,1.0,-12.575,1,0.007906,6,1
SRR26880116#11,True,False,False,False,0.997,-10.763,16F,0.447475,35A_35C_42,16F
ERR433850#6,True,False,False,False,1.0,-13.129,1,0.001459,6,1
ERR2090936#8,True,False,False,False,1.0,-12.196,14,0.001219,33G,14
SRR26930424#2,True,False,False,False,0.999,-11.632,4,0.040234,36,4
SRR26834409#2,True,False,False,False,0.999,-12.176,3,0.132834,11,3
ERR7567800#5,True,True,False,True,0.96,-10.613,UNKNOWN,0.991197,11,12F
ERR600131#15,True,False,False,False,0.998,-11.287,22F,0.284724,35A_35C_42,22F
SRR26834382#4,True,False,False,False,1.0,-13.984,3,0.004317,36,3
SRR26714535#5,True,False,False,False,1.0,-13.223,8,0.00279,36,8
ERR1066355#8,True,True,False,True,0.954,-9.609,UNKNOWN,0.930736,6,6C
ERR3796810#1,True,False,False,False,0.997,-11.783,24F,0.121729,35A_35C_42,24F
SRR26714795#1,True,False,False,False,1.0,-13.846,3,0.0052,36,3
ERR2667758#2,True,False,False,False,1.0,-13.846,3,0.0052,36,3
SRR26931048#4,True,False,False,False,1.0,-13.24,8,0.002857,36,8
ERR730869#7,True,False,False,False,0.963,-9.849,6A,0.001913,20,6A
ERR13365606#2,True,True,False,True,0.974,-9.669,UNKNOWN,0.975432,33G,15A
ERR773970#1,True,False,False,False,1.0,-12.907,1,0.000875,6,1
SRR26817804#6,True,True,False,True,0.987,-10.69,UNKNOWN,0.9079,11,12F
SRR26673339#22,True,False,False,False,0.999,-11.564,10A,0.060704,35A_35C_42,10A
SRR26673448#4,True,False,False,False,0.999,-10.971,19F,0.002926,45,19F
SRR26879774#40,True,True,False,True,0.994,-11.184,UNKNOWN,0.75397,20,17F
SRR26818418#4,True,False,False,False,0.999,-12.026,22F,0.003558,33A_33F_37,22F
SRR26789225#1,True,False,False,False,0.999,-11.774,15A,0.005692,10,15A
ERR1202614#22,True,False,False,False,1.0,-11.919,14,0.005085,15,14
ERR13374857#1,True,False,False,False,1.0,-13.875,3,0.004701,36,3
SRR26910894#7,True,False,False,False,0.999,-12.158,9N,0.01413,20,9N
ERR1453494#6,True,True,False,True,0.958,-10.587,UNKNOWN,0.992006,11,12F
SRR26594263#4,True,False,False,False,0.895,-9.685,20B,0.185949,18,20B
SRR26749947#9,True,True,False,True,0.87,-8.224,UNKNOWN,0.989499,Serogroup 33,15B
ERR1453310#22,True,False,False,False,0.999,-11.246,16F,0.088337,45,16F
SRR26789598#14,True,False,False,False,0.999,-12.067,12F,0.104741,6,12F
SRR26594361#18,True,True,False,True,0.913,-9.772,UNKNOWN,0.621823,18,20B
ERR979902#9,True,False,False,False,1.0,-12.945,1,0.002697,6,1
SRR26884187#13,True,False,False,False,1.0,-13.123,8,0.00125,36,8
SRR26878488#14,True,False,False,False,1.0,-13.116,8,0.001332,36,8
ERR13364502#12,True,True,False,True,0.991,-9.632,UNKNOWN,0.574543,20,14
ERR1430874#5,True,False,False,False,0.999,-11.411,1,0.131799,3,1
ERR2090778#1,True,False,False,False,0.999,-12.017,9N,0.028006,20,9N
ERR2667431#3,True,False,False,False,0.934,-9.597,6B,0.130424,45,6B
ERR13365533#17,True,False,False,False,1.0,-13.241,8,0.002774,36,8
ERR870289#6,True,False,False,False,0.934,-9.597,6B,0.131591,45,6B
ERR742525#23,True,False,False,False,1.0,-12.704,1,0.004923,6,1
ERR742407#1,True,False,False,False,1.0,-11.751,19A,0.001928,33C,19A
SRR26673592#1,True,False,False,False,0.999,-12.17,8,0.03623,36,8
ERR501567#10,True,False,False,False,0.998,-11.304,10B,0.424936,33G,10B
SRR26931713#2,True,False,False,False,1.0,-13.846,3,0.0052,36,3
ERR505626#5,True,False,False,False,0.996,-10.555,9V,0.042706,20,9V
ERR2212857#8,True,False,False,False,1.0,-12.071,14,0.002405,15,14
ERR2089374#25,True,False,False,False,0.966,-10.559,38,0.255143,6,38
ERR516635#1,True,False,False,False,0.669,-8.686,6B,0.021408,45,6B
ERR13364392#8,True,False,False,False,0.972,-10.552,18C,0.091597,Serogroup 33,18C
ERR730255#1,True,True,False,True,0.981,-9.092,UNKNOWN,0.874231,36,6A
ERR862295#1,True,False,False,False,0.985,-10.148,6A,0.00069,45,6A
ERR490705#32,True,False,False,False,0.997,-10.041,19F,0.112546,36,19F
ERR730693#16,True,False,False,False,0.999,-11.549,23F,0.027725,19B_19C,23F
SRR26833776#6,True,False,False,False,1.0,-13.241,8,0.002882,36,8
ERR1430937#9,True,True,False,True,0.906,-9.209,UNKNOWN,0.998232,35A_35C_42,13
ERR505842#3,True,False,False,False,0.999,-11.923,14,0.005847,Serogroup 33,14
ERR8481815#6,True,False,False,False,1.0,-11.795,19A,0.002887,33C,19A
SRR26673034#5,True,True,False,True,0.992,-9.762,UNKNOWN,0.619725,35A_35C_42,16F
ERR2853654#2,True,False,False,False,1.0,-11.808,19A,0.00272,33C,19A
SRR26789596#1,True,False,False,False,1.0,-11.799,19A,0.002821,33C,19A
ERR876731#5,True,False,False,False,0.999,-11.278,14,0.034185,15,14
ERR2667736#1,True,True,True,True,0.901,-7.94,UNKNOWN,0.998656,6,12F
ERR742791#1,True,False,False,False,0.994,-10.022,14,0.203677,20,14
ERR2612048#2,True,False,False,False,0.998,-11.144,5,0.11415,35A_35C_42,5
SRR26931533#4,True,False,False,False,1.0,-13.24,8,0.002992,36,8
ERR505662#2,True,True,False,True,0.938,-9.037,UNKNOWN,0.976709,36,4
ERR1065407#15,True,True,False,True,0.943,-8.317,UNKNOWN,0.99791,36,23F
ERR997675#14,True,True,False,True,0.991,-10.437,UNKNOWN,0.75424,20,17F
ERR3303337#4,True,True,False,True,0.961,-9.47,UNKNOWN,0.585112,45,6B
SRR26878691#3,True,False,False,False,0.999,-11.967,22F,0.007087,35A_35C_42,22F
ERR425526#2,True,False,False,False,0.999,-11.412,19F,0.001109,12_44_46,19F
ERR433912#26,True,False,False,False,1.0,-12.405,22F,0.001427,35A_35C_42,22F
SRR26878156#1,True,False,False,False,0.999,-11.666,23B,0.01173,7B_7C_40,23B
ERR3899342#2,True,False,False,False,1.0,-12.221,14,0.000348,Serogroup 33,14
ERR331400#13,True,False,False,False,1.0,-12.233,14,0.000433,Serogroup 33,14
ERR884554#1,True,False,False,False,0.999,-11.759,4,0.008474,3,4
ERR1422618#8,True,True,False,True,0.995,-10.49,UNKNOWN,0.822056,35A_35C_42,5
SRR26673320#35,True,False,False,False,0.997,-10.763,16F,0.447475,35A_35C_42,16F
ERR600267#1,True,False,False,False,0.999,-11.678,23B,0.012038,7B_7C_40,23B
ERR2089927#5,True,False,False,False,0.999,-11.406,34,0.018059,6,34
SRR26749592#1,True,True,True,True,0.328,-6.532,UNKNOWN,1.0,11,6A
ERR774205#8,True,False,False,False,0.999,-11.108,15A,0.046071,10,15A
SRR26714679#50,True,True,False,True,0.99,-9.568,UNKNOWN,0.792805,6,6C
ERR1065530#1,True,False,False,False,1.0,-12.137,16F,0.001581,39,16F
ERR13365217#13,True,False,False,False,0.956,-10.61,18C,0.016587,Serogroup 33,18C
SRR26931123#1,True,False,False,False,0.999,-11.207,23A,0.025728,3,23A
SRR26673248#1,True,False,False,False,1.0,-13.875,3,0.004701,36,3
SRR26797966#4,True,False,False,False,1.0,-13.24,8,0.002857,36,8
SRR26879581#28,True,False,False,False,0.999,-11.553,12F,0.2089,20,12F
SRR26880021#8,True,False,False,False,0.999,-11.743,35F,0.139457,20,35F
SRR26714775#100,True,False,False,False,0.998,-11.29,22F,0.239066,35A_35C_42,22F
SRR26930847#3,True,True,False,True,0.987,-10.69,UNKNOWN,0.9079,11,12F
ERR7567804#1,True,True,False,True,0.912,-10.234,UNKNOWN,0.696717,35A_35C_42,35B
ERR1658190#1,True,True,False,True,0.874,-9.696,UNKNOWN,0.618578,12_44_46,11A
SRR26930608#1,True,True,False,True,0.994,-11.139,UNKNOWN,0.789773,20,17F
ERR1453376#18,True,True,False,True,0.956,-8.813,UNKNOWN,0.971751,33C,21
SRR26911043#4,True,False,False,False,0.999,-12.003,8,0.070712,3,8
ERR774190#15,True,False,False,False,0.999,-11.386,31,0.198619,33A_33F_37,31
ERR1658227#2,True,False,False,False,0.999,-11.222,23A,0.022754,3,23A
SRR26817950#6,True,False,False,False,0.999,-11.385,4,0.097306,3,4
ERR2667454#10,True,False,False,False,0.999,-11.422,23F,0.009205,19B_19C,23F
SRR26594446#6,True,False,False,False,0.999,-12.17,9N,0.015517,20,9N
SRR26789272#5,True,False,False,False,1.0,-13.24,8,0.002857,36,8
ERR13364425#13,True,False,False,False,0.998,-10.712,14,0.067005,15,14
SRR26931019#45,True,False,False,False,1.0,-12.405,22F,0.001427,35A_35C_42,22F
SRR26714249#2,True,False,False,False,0.999,-11.187,15A,0.037167,10,15A
SRR26673054#3,True,False,False,False,0.999,-12.026,22F,0.003558,33A_33F_37,22F
SRR26714307#6,True,False,False,False,0.999,-11.187,15A,0.037167,10,15A
ERR633113#5,True,False,False,False,1.0,-13.129,1,0.001459,6,1
ERR884408#19,True,False,False,False,0.999,-11.544,19A,0.00677,33C,19A
ERR449246#5,True,False,False,False,0.934,-9.598,6B,0.132336,45,6B
ERR751142#16,True,True,False,True,0.976,-10.134,UNKNOWN,0.64846,45,6B
ERR1214417#1,True,False,False,False,1.0,-11.751,19A,0.003548,33C,19A
ERR714571#16,True,True,False,True,0.976,-10.131,UNKNOWN,0.629938,45,6B
ERR632989#1,True,False,False,False,0.992,-10.061,6A,0.13329,45,6A
SRR26673737#4,True,False,False,False,0.999,-11.691,8,0.074162,3,8
ERR774150#12,True,True,False,True,0.754,-8.829,UNKNOWN,0.50677,36,15B
ERR909314#29,True,True,False,True,0.991,-10.32,UNKNOWN,0.827303,20,21
ERR869938#5,True,False,False,False,0.948,-9.986,11A,0.371271,12_44_46,11A
ERR997619#9,True,True,False,True,0.749,-8.774,UNKNOWN,0.788191,36,15B
ERR600104#16,True,False,False,False,0.546,-8.628,15B,0.331141,29,15C
ERR3899322#6,True,False,False,False,0.998,-11.087,5,0.184017,35A_35C_42,5
SRR26834129#9,True,False,False,False,0.999,-12.253,12F,0.132868,20,12F
ERR13364744#25,True,True,True,True,0.335,-6.748,UNKNOWN,1.0,36,20B
ERR730786#18,True,False,False,False,0.999,-11.631,23F,0.010404,19B_19C,23F
SRR26673564#1,True,False,False,False,0.999,-11.679,23B,0.012003,7B_7C_40,23B
ERR13364395#8,True,True,False,True,0.928,-10.407,UNKNOWN,0.6588,18,35B
SRR26797123#4,True,False,False,False,0.999,-11.269,15A,0.082577,10,15A
ERR13374740#1,True,True,True,True,0.654,-6.805,UNKNOWN,0.999968,3,8
ERR2680822#53,True,True,False,True,0.974,-8.714,UNKNOWN,0.970665,36,19F
ERR900705#13,True,True,False,True,0.961,-9.47,UNKNOWN,0.585112,45,6B
ERR2090205#7,True,False,False,False,0.889,-9.733,6A,0.001296,45,6A
SRR26797931#7,True,False,False,False,1.0,-13.24,8,0.002876,36,8
ERR730353#5,True,True,False,True,0.976,-10.142,UNKNOWN,0.624008,45,6B
SRR26818180#5,True,False,False,False,1.0,-12.613,35F,0.011956,20,35F
ERR7568056#1,True,False,False,False,0.998,-10.933,34,0.018766,6,34
ERR980062#1,True,False,False,False,0.986,-9.526,6A,0.464796,36,6A
ERR14654006#2,True,False,False,False,0.976,-9.464,6A,0.172618,36,6A
ERR1540810#20,True,True,True,True,0.775,-7.528,UNKNOWN,0.999919,10,15A
ERR600552#5,True,True,True,True,0.574,-6.609,UNKNOWN,0.999997,39,16F
SRR26818430#2,True,False,False,False,1.0,-13.165,8,0.00272,3,8
SRR26594339#2,True,False,False,False,1.0,-13.007,8,0.001797,36,8
SRR26834493#15,True,False,False,False,0.998,-11.262,22F,0.255465,35A_35C_42,22F
ERR326564#88,True,True,False,True,0.981,-10.522,UNKNOWN,0.951212,11,12F
SRR26594505#49,True,True,True,True,0.83,-7.283,UNKNOWN,0.999997,20,35B
ERR925273#20,True,False,False,False,0.999,-11.493,34,0.008702,6,34
SRR26930775#4,True,True,False,True,0.99,-10.797,UNKNOWN,0.509487,6,6C
SRR26884540#3,True,False,False,False,0.999,-11.148,15A,0.045771,10,15A
SRR26884204#1,True,False,False,False,0.999,-11.664,23B,0.012062,7B_7C_40,23B
ERR913214#5,True,False,False,False,0.999,-11.676,19A,0.003309,33C,19A
ERR577964#5,True,False,False,False,0.999,-11.675,13,0.007856,20,13
ERR742466#17,True,False,False,False,1.0,-11.958,19A,0.001391,33C,19A
SRR26594722#1,True,True,False,True,0.863,-8.214,UNKNOWN,0.999595,35A_35C_42,20A
ERR13375026#26,True,True,True,True,0.598,-7.782,UNKNOWN,0.999916,36,23B
SRR26797764#1,True,False,False,False,0.832,-10.001,38,0.00185,3,38
ERR1422523#2,True,True,False,True,0.971,-8.836,UNKNOWN,0.999999,3,35A
ERR2091131#26,True,False,False,False,0.997,-10.921,5,0.214664,35A_35C_42,5
ERR2667562#2,True,False,False,False,0.952,-10.264,18C,0.122091,Serogroup 33,18C
ERR433505#5,True,False,False,False,0.998,-11.262,22F,0.255465,35A_35C_42,22F
SRR26715065#2,True,False,False,False,1.0,-13.846,3,0.0052,36,3
SRR26930604#13,True,False,False,False,1.0,-12.144,9N,0.005409,20,9N
SRR26931220#4,True,False,False,False,0.999,-12.043,22F,0.00329,33A_33F_37,22F
ERR13365160#27,True,False,False,False,1.0,-12.381,22F,0.002978,35A_35C_42,22F
ERR1422574#15,True,False,False,False,0.999,-12.046,22F,0.003027,33A_33F_37,22F
ERR1453751#5,True,True,True,True,0.745,-7.017,UNKNOWN,0.999981,33G,10A
ERR316577#2,True,False,False,False,0.999,-12.122,5,0.021848,35A_35C_42,5
ERR2668149#1,True,False,False,False,0.889,-8.596,6A,0.410941,36,6A
SRR26834377#6,True,False,False,False,1.0,-13.875,3,0.004701,36,3
ERR913073#2,True,True,False,True,0.938,-9.82,UNKNOWN,0.939063,18,35B
ERR714484#19,True,False,False,False,0.999,-11.256,19F,0.000271,12_44_46,19F
ERR2667696#7,True,False,False,False,1.0,-13.875,3,0.004701,36,3
SRR26884175#2,True,False,False,False,1.0,-13.116,8,0.001332,36,8
ERR774201#2,True,False,False,False,0.998,-11.132,1,0.454579,6,1
ERR331423#9,True,False,False,False,0.999,-11.109,14,0.100399,15,14
SRR26883917#1,True,False,False,False,1.0,-13.875,3,0.004701,36,3
SRR26797826#1,True,False,False,False,1.0,-13.425,8,0.00115,36,8
ERR3303428#2,True,False,False,False,0.999,-11.428,9V,0.001903,20,9V
ERR870299#1,True,False,False,False,0.985,-10.148,6A,0.00069,45,6A
SRR26911037#7,True,False,False,False,1.0,-13.223,8,0.00279,36,8
SRR26714870#6,True,False,False,False,0.999,-12.28,9N,0.029829,18,9N
ERR13364385#6,True,False,False,False,1.0,-12.28,14,0.001045,15,14
SRR26931841#5,True,True,False,True,0.992,-9.762,UNKNOWN,0.619725,35A_35C_42,16F
ERR600399#8,True,False,False,False,0.999,-11.292,4,0.109474,36,4
SRR26797815#2,True,False,False,False,0.999,-12.275,31,0.043749,33A_33F_37,31
ERR600623#26,True,False,False,False,1.0,-12.168,14,0.001607,15,14
SRR26594850#13,True,False,False,False,0.999,-11.748,15A,0.012098,10,15A
ERR2089232#1,True,False,False,False,0.999,-12.212,17F,0.046808,20,17F
ERR505544#6,True,False,False,False,0.999,-12.158,9N,0.01413,20,9N
SRR26673271#10,True,True,False,True,0.87,-8.214,UNKNOWN,0.991005,Serogroup 33,15B
ERR3270803#5,True,False,False,False,1.0,-12.871,1,0.00379,6,1
SRR26818102#1,True,False,False,False,0.999,-12.085,12F,0.096155,6,12F
ERR13364976#2,True,False,False,False,1.0,-13.15,8,0.002359,3,8
ERR913491#12,True,False,False,False,0.999,-11.852,13,0.009666,20,13
SRR26797283#2,True,False,False,False,0.998,-11.947,33F,0.123132,20,33F
SRR26797964#1,True,False,False,False,0.999,-11.858,15A,0.005093,10,15A
ERR3303445#2,True,False,False,False,0.999,-11.466,5,0.158285,35A_35C_42,5
ERR1658076#3,True,True,False,True,0.869,-9.701,UNKNOWN,0.562199,12_44_46,11A
ERR980301#6,True,False,False,False,0.994,-10.247,6A,0.014229,45,6A
SRR26911160#6,True,False,False,False,1.0,-13.24,8,0.002857,36,8
ERR3227778#6,True,False,False,False,0.999,-11.481,14,0.015281,Serogroup 33,14
SRR26673685#1,True,False,False,False,0.999,-12.047,12F,0.120785,6,12F
SRR26931304#1,True,False,False,False,0.999,-12.122,9N,0.02022,20,9N
ERR2091044#3,True,False,False,False,0.998,-11.07,5,0.119065,35A_35C_42,5
ERR980349#17,True,True,True,True,0.524,-7.148,UNKNOWN,0.999992,10,15A
SRR26789420#1,True,False,False,False,0.999,-11.664,23B,0.012062,7B_7C_40,23B
SRR26714586#8,True,False,False,False,0.846,-10.04,38,0.004764,3,38
ERR2090409#11,True,True,False,True,0.929,-9.397,UNKNOWN,1.0,33G,11B
SRR26883924#7,True,False,False,False,1.0,-13.222,8,0.002917,36,8
SRR26879915#3,True,False,False,False,1.0,-12.574,35F,0.013876,20,35F
ERR13366120#11,True,False,False,False,0.999,-11.807,22F,0.008151,45,22F
ERR774631#17,True,False,False,False,0.998,-11.104,19A,0.048225,33C,19A
SRR26817739#7,True,False,False,False,1.0,-12.982,8,0.007993,36,8
SRR26910738#3,True,False,False,False,1.0,-13.223,8,0.00279,36,8
ERR433541#2,True,False,False,False,0.999,-11.253,23F,0.011399,19B_19C,23F
SRR26750023#20,True,False,False,False,0.999,-12.158,9N,0.01413,20,9N
ERR505760#8,True,False,False,False,1.0,-11.967,10A,0.004448,35A_35C_42,10A
ERR13365796#14,True,True,False,True,0.982,-8.89,UNKNOWN,0.87877,36,23F
SRR26797686#2,True,False,False,False,1.0,-13.102,8,0.003566,3,8
ERR869921#5,True,False,False,False,0.948,-9.995,11A,0.3715,12_44_46,11A
ERR2089964#3,True,False,False,False,0.997,-11.129,17F,0.450053,20,17F
ERR326380#30,True,True,False,True,0.985,-9.527,UNKNOWN,0.927442,36,6C
ERR1065964#3,True,True,True,True,0.494,-6.248,UNKNOWN,0.999999,33G,11B
ERR2091096#25,True,False,False,False,0.999,-11.871,5,0.030923,35A_35C_42,5
ERR13374746#3,True,False,False,False,0.966,-10.182,11A,0.289481,12_44_46,11A
SRR26818178#3,True,False,False,False,0.832,-10.001,38,0.00185,3,38
SRR26672755#8,True,False,False,False,1.0,-12.969,8,0.008285,36,8
ERR8481827#1,True,True,False,True,0.96,-9.94,UNKNOWN,0.617502,6,6C
SRR26797834#1,True,False,False,False,1.0,-13.052,8,0.0015,36,8
ERR2667862#18,True,False,False,False,0.999,-12.002,5,0.035451,35A_35C_42,5
ERR7567937#16,True,False,False,False,0.999,-11.398,10A,0.025432,35A_35C_42,10A
SRR26880096#2,True,False,False,False,1.0,-13.015,8,0.001885,36,8
SRR26673586#3,True,True,False,True,0.905,-8.657,UNKNOWN,1.0,7B_7C_40,24A
ERR2667770#2,True,False,False,False,1.0,-12.961,1,0.00374,6,1
SRR26749592#3,True,True,False,True,0.994,-10.324,UNKNOWN,0.902239,20,33F
ERR1192069#3,True,True,False,True,0.986,-10.243,UNKNOWN,0.999968,35A_35C_42,48
ERR1453434#10,True,True,False,True,0.925,-10.568,UNKNOWN,0.690718,33G,12F
SRR26797699#6,True,False,False,False,1.0,-13.875,3,0.004701,36,3
ERR2089332#16,True,False,False,False,0.998,-11.258,16F,0.072006,35A_35C_42,16F
SRR26880184#4,True,False,False,False,0.515,-8.597,15B,0.38237,36,15B
ERR862419#10,True,False,False,False,0.615,-8.894,15B,0.132216,36,15B
ERR1788491#1,True,False,False,False,0.999,-11.34,23F,0.009812,19B_19C,23F
SRR26878593#1,True,False,False,False,1.0,-13.846,3,0.0052,36,3
SRR26931406#1,True,False,False,False,0.999,-11.207,23A,0.025728,3,23A
SRR26911211#13,True,False,False,False,0.998,-11.269,7F,0.457414,35A_35C_42,7F
ERR13366060#3,True,False,False,False,0.996,-11.759,24F,0.126013,35A_35C_42,24F
ERR1192081#1,True,False,False,False,0.998,-11.211,23A,0.02625,3,23A
ERR1065441#1,True,True,False,True,0.977,-9.118,UNKNOWN,0.842469,36,6A
SRR26833602#9,True,False,False,False,0.999,-12.109,12F,0.199559,11,12F
ERR505790#2,True,True,False,True,0.996,-10.846,UNKNOWN,0.696849,35A_35C_42,19A
ERR3669261#2,True,False,False,False,0.999,-11.623,4,0.134907,3,4
ERR2090681#1,True,False,False,False,0.998,-11.07,5,0.119065,35A_35C_42,5
SRR26790123#7,True,False,False,False,0.999,-12.032,8,0.142412,3,8
ERR884581#31,True,False,False,False,1.0,-13.875,3,0.004701,36,3
ERR13364682#13,True,True,True,True,0.776,-7.95,UNKNOWN,0.999813,20,9V
SRR26673638#8,True,True,False,True,0.978,-9.859,UNKNOWN,0.934513,18,20B
SRR26797745#1,True,False,False,False,0.999,-11.727,23B,0.006016,6,23B
ERR730416#7,True,True,False,True,0.991,-9.646,UNKNOWN,0.861979,45,14
ERR2667923#2,True,True,False,True,0.998,-11.399,UNKNOWN,0.63458,11,1
ERR13365905#18,True,False,False,False,0.999,-11.207,23A,0.025728,3,23A
ERR433987#30,True,False,False,False,0.503,-9.202,15B,0.004984,29,15B
SRR26714847#1,True,False,False,False,1.0,-12.209,9N,0.005689,20,9N
ERR742830#17,True,True,False,True,0.958,-9.856,UNKNOWN,0.680467,45,6B
ERR352043#4,True,True,False,True,0.957,-10.579,UNKNOWN,0.992482,11,12F
SRR26797936#9,True,False,False,False,0.999,-12.253,12F,0.132868,20,12F
ERR909235#1,True,False,False,False,1.0,-11.787,19A,0.002993,33C,19A
ERR632992#28,True,False,False,False,0.959,-9.536,6B,0.145763,45,6B
ERR2089647#5,True,False,False,False,1.0,-12.899,1,0.004146,6,1
ERR2091142#2,True,False,False,False,0.999,-11.343,23F,0.008783,19B_19C,23F
SRR26789686#6,True,False,False,False,0.999,-12.032,8,0.142412,3,8
SRR26930451#1,True,False,False,False,0.999,-11.85,15A,0.005199,10,15A
ERR506057#1,True,True,False,True,0.986,-9.719,UNKNOWN,0.507237,36,19F
ERR2090808#3,True,False,False,False,0.993,-10.845,38,0.365976,18,38
ERR3655238#3,True,False,False,False,0.999,-11.297,19F,0.001063,12_44_46,19F
ERR13374728#1,True,True,False,True,0.993,-10.023,UNKNOWN,0.525124,36,19F
ERR730672#1,True,False,False,False,1.0,-11.749,19A,0.003568,33C,19A
ERR2680961#1,True,False,False,False,0.954,-9.894,6B,0.229626,45,6B
SRR26594913#15,True,False,False,False,0.999,-11.163,13,0.051768,Serogroup 33,13
ERR884339#2,True,True,False,True,0.996,-10.854,UNKNOWN,0.682819,36,3
ERR326554#27,True,True,True,True,0.718,-7.765,UNKNOWN,0.989463,45,6B
SRR26714548#19,True,False,False,False,1.0,-11.795,19A,0.002887,33C,19A
ERR1191983#24,True,True,False,True,0.995,-10.49,UNKNOWN,0.822056,35A_35C_42,5
SRR26834475#6,True,False,False,False,1.0,-13.239,8,0.002869,36,8
ERR1214678#9,True,False,False,False,0.934,-9.598,6B,0.132214,45,6B
SRR26931322#29,True,True,False,True,0.968,-8.758,UNKNOWN,0.91278,10,15A
ERR751194#26,True,False,False,False,1.0,-12.405,22F,0.001427,35A_35C_42,22F
SRR26714822#4,True,True,False,True,0.791,-8.341,UNKNOWN,0.99573,36,15B
SRR26884667#5,True,True,False,True,0.992,-9.762,UNKNOWN,0.619725,35A_35C_42,16F
SRR26931748#14,True,False,False,False,1.0,-13.007,8,0.001797,36,8
SRR26797418#22,True,False,False,False,0.999,-11.53,19A,0.006881,33C,19A
ERR2090755#2,True,False,False,False,0.957,-10.314,38,0.34913,6,38
ERR600515#10,True,True,False,True,0.994,-10.672,UNKNOWN,0.881455,35A_35C_42,13
SRR26878674#2,True,False,False,False,0.999,-12.301,9N,0.036625,18,9N
ERR913443#12,True,False,False,False,0.999,-11.511,34,0.009975,6,34
ERR2090105#13,True,True,True,True,0.476,-6.959,UNKNOWN,0.999999,33A_33F_37,34
ERR13374777#6,True,False,False,False,0.999,-11.524,4,0.102873,36,4
ERR3227725#2,True,False,False,False,0.999,-11.848,15A,0.005221,10,15A
ERR870085#23,True,True,False,True,0.986,-9.484,UNKNOWN,0.936713,20,21
SRR26879985#1,True,True,False,True,0.926,-9.406,UNKNOWN,0.964377,6,6C
ERR774116#9,True,True,False,True,0.98,-10.578,UNKNOWN,0.795881,25A_25F_38,35B
ERR1422404#5,True,False,False,False,1.0,-12.221,14,0.001414,15,14
ERR1066313#6,True,True,False,True,0.945,-9.652,UNKNOWN,0.983589,18,12F
SRR26817725#2,True,False,False,False,1.0,-13.116,8,0.001332,36,8
ERR1191838#8,True,True,False,True,0.964,-9.849,UNKNOWN,0.829941,12_44_46,35B
SRR26818688#1,True,False,False,False,1.0,-13.846,3,0.0052,36,3
ERR925307#6,True,True,True,True,0.807,-7.65,UNKNOWN,0.999999,36,15B
SRR26878716#53,True,True,False,True,0.998,-11.302,UNKNOWN,0.580628,35A_35C_42,7F
SRR26833790#3,True,False,False,False,0.999,-11.967,22F,0.007087,35A_35C_42,22F
ERR316832#8,True,True,True,True,0.855,-7.573,UNKNOWN,0.999099,45,6B
SRR26834174#2,True,False,False,False,1.0,-13.116,8,0.001332,36,8
ERR774353#15,True,False,False,False,0.999,-12.087,12F,0.074657,11,12F
SRR26594758#2,True,True,False,True,0.831,-9.505,UNKNOWN,0.610558,12_44_46,11A
ERR1192157#22,True,True,False,True,0.922,-8.882,UNKNOWN,0.996638,18,35B
SRR26673179#14,True,False,False,False,0.999,-12.073,33F,0.05014,20,33F
ERR2091238#3,True,False,False,False,0.999,-11.884,5,0.017385,35A_35C_42,5
ERR1065531#3,True,True,False,True,0.833,-9.003,UNKNOWN,0.997188,10,15A
ERR3795755#5,True,False,False,False,0.999,-11.798,14,0.010203,3,14
ERR1540727#1,True,False,False,False,0.991,-10.225,19A,0.368342,35A_35C_42,19A
SRR26930627#10,True,True,False,True,0.907,-8.475,UNKNOWN,0.990588,36,19F
ERR2667611#8,True,False,False,False,1.0,-12.28,14,0.001045,15,14
ERR1065711#6,True,False,False,False,0.951,-10.172,6A,0.000786,45,6A
ERR600349#9,True,False,False,False,0.999,-11.109,14,0.100399,15,14
ERR1106738#4,True,False,False,False,0.997,-11.129,17F,0.450053,20,17F
ERR750971#16,True,False,False,False,0.999,-12.147,3,0.273964,35A_35C_42,3
SRR26749498#1,True,False,False,False,1.0,-13.846,3,0.0052,36,3
ERR750901#3,True,True,False,True,0.996,-10.905,UNKNOWN,0.790979,35A_35C_42,29
ERR13365892#2,True,False,False,False,1.0,-11.991,10A,0.003444,35A_35C_42,10A
ERR2089291#8,True,True,True,True,0.668,-7.313,UNKNOWN,0.999957,10,15A
ERR2090756#25,True,True,False,True,0.931,-9.418,UNKNOWN,0.996688,33G,27
SRR26879764#6,True,False,False,False,1.0,-12.969,8,0.008285,36,8
ERR3669376#2,True,False,False,False,0.998,-11.575,24F,0.158283,35A_35C_42,24F
ERR980228#5,True,True,True,True,0.908,-7.864,UNKNOWN,0.999613,35A_35C_42,12F
SRR26594380#1,True,False,False,False,0.998,-11.947,33F,0.123132,20,33F
SRR26878200#2,True,False,False,False,1.0,-13.015,8,0.001885,36,8
ERR505491#14,True,False,False,False,0.996,-11.71,24F,0.177462,35A_35C_42,24F
SRR26749666#1,True,False,False,False,0.999,-12.057,12F,0.113622,6,12F
SRR26834438#4,True,False,False,False,1.0,-13.875,3,0.004701,36,3
SRR26714237#6,True,True,False,True,0.837,-9.451,UNKNOWN,0.99199,12_44_46,11A
ERR516634#3,True,True,True,True,0.664,-7.507,UNKNOWN,0.95243,20,19F
ERR568494#3,True,True,False,True,0.964,-9.505,UNKNOWN,0.806002,45,6B
ERR1788423#16,True,True,False,True,0.975,-10.116,UNKNOWN,0.613026,45,6B
SRR26714226#1,True,False,False,False,0.999,-11.429,4,0.082276,3,4
SRR26714554#2,True,False,False,False,1.0,-13.116,8,0.001332,36,8
SRR26880364#18,True,False,False,False,0.999,-12.159,33F,0.025382,20,33F
ERR2090207#6,True,True,False,True,0.73,-8.163,UNKNOWN,0.999999,3,7B
SRR26884415#2,True,False,False,False,0.996,-11.759,24F,0.126013,35A_35C_42,24F
ERR742497#23,True,False,False,False,0.844,-9.884,38,0.178929,6,38
ERR600154#7,True,False,False,False,0.999,-12.116,33F,0.101291,20,33F
ERR600202#1,True,False,False,False,0.999,-12.136,33F,0.056935,20,33F
ERR13366042#2,True,False,False,False,1.0,-13.153,8,0.002179,36,8
ERR13365907#2,True,False,False,False,1.0,-13.846,3,0.0052,36,3
SRR26749893#67,True,True,False,True,0.678,-8.693,UNKNOWN,0.986183,10,15A
ERR1202414#1,True,False,False,False,0.999,-11.33,1,0.117762,6,1
ERR505956#3,True,False,False,False,0.992,-10.061,6A,0.13329,45,6A
ERR730917#8,True,False,False,False,0.998,-10.825,23F,0.234074,19B_19C,23F
ERR884382#1,True,False,False,False,0.99,-9.943,19F,0.39349,12_44_46,19F
ERR774123#12,True,True,False,True,0.96,-8.683,UNKNOWN,0.996614,36,23F
ERR5336808#35,True,False,False,False,0.998,-11.198,4,0.109062,36,4
SRR26880003#32,True,True,True,True,0.635,-7.317,UNKNOWN,0.999989,36,7C
ERR2681139#1,True,False,False,False,0.999,-11.855,15A,0.005244,10,15A
SRR26910224#3,True,True,False,True,0.981,-10.433,UNKNOWN,0.831332,18,35B
ERR13364920#1,True,False,False,False,0.999,-11.466,19F,0.000533,12_44_46,19F
ERR13364620#2,True,False,False,False,0.998,-11.396,4,0.231685,3,4
ERR2853600#41,True,True,False,True,0.985,-9.595,UNKNOWN,0.955551,6,19A
SRR26714712#8,True,False,False,False,1.0,-12.969,8,0.008285,36,8
SRR26714745#1,True,True,False,True,0.919,-8.292,UNKNOWN,1.0,10D,46
ERR3899231#1,True,False,False,False,1.0,-12.222,14,0.000357,Serogroup 33,14
SRR26797566#12,True,False,False,False,1.0,-13.777,3,0.005212,36,3
SRR26879766#2,True,False,False,False,1.0,-13.116,8,0.001332,36,8
ERR3303308#10,True,False,False,False,0.999,-11.686,31,0.097059,7B_7C_40,31
ERR742737#22,True,False,False,False,0.999,-11.686,5,0.084002,35A_35C_42,5
ERR773850#6,True,False,False,False,1.0,-13.089,1,0.001794,6,1
SRR26884475#21,True,True,False,True,0.84,-8.467,UNKNOWN,0.991268,20,9V
ERR908901#3,True,False,False,False,0.999,-12.346,3,0.064394,36,3
ERR2667807#21,True,False,False,False,0.999,-11.803,5,0.106161,35A_35C_42,5
ERR913176#9,True,False,False,False,0.999,-11.37,23B,0.021597,7B_7C_40,23B
SRR26833695#30,True,True,False,True,0.803,-9.703,UNKNOWN,0.946529,33G,12F
ERR2667170#23,True,False,False,False,0.998,-11.087,5,0.184017,35A_35C_42,5
ERR1202400#9,True,False,False,False,0.999,-11.376,23F,0.008277,19B_19C,23F
ERR900715#2,True,False,False,False,0.994,-10.064,6A,0.185111,45,6A
ERR980075#1,True,False,False,False,0.988,-10.229,19A,0.12782,15,19A
SRR26749365#9,True,False,False,False,0.998,-11.262,22F,0.255465,35A_35C_42,22F
SRR26818387#14,True,False,False,False,1.0,-13.121,8,0.001159,36,8
SRR26883860#7,True,False,False,False,1.0,-12.96,8,0.008576,36,8
ERR2090413#1,True,False,False,False,0.998,-11.07,5,0.119065,35A_35C_42,5
ERR1788327#44,True,True,True,True,0.603,-7.074,UNKNOWN,1.0,36,7C
SRR26879668#17,True,False,False,False,0.999,-12.295,33F,0.033488,20,33F
SRR26672875#1,True,False,False,False,0.999,-12.158,9N,0.01413,20,9N
ERR3655301#2,True,False,False,False,0.999,-11.398,23F,0.012911,19B_19C,23F
ERR909194#2,True,False,False,False,0.999,-12.346,3,0.064394,36,3
SRR26594185#27,True,False,False,False,0.984,-9.843,7F,0.404676,35A_35C_42,7F
SRR26818498#5,True,False,False,False,1.0,-13.123,8,0.00125,36,8
SRR26673516#2,True,False,False,False,0.999,-11.207,23A,0.025728,3,23A
ERR319344#36,True,False,False,False,0.671,-8.308,6A,0.331778,3,6A
ERR316922#7,True,False,False,False,0.999,-11.709,16F,0.015835,35A_35C_42,16F
ERR2681188#4,True,False,False,False,0.981,-10.237,6A,0.000983,45,6A
ERR750873#24,True,False,False,False,0.999,-11.706,5,0.047561,35A_35C_42,5
ERR1453780#1,True,True,False,True,0.987,-9.648,UNKNOWN,0.920856,20,22A
SRR26673689#1,True,False,False,False,0.998,-10.732,19A,0.09909,35A_35C_42,19A
ERR714698#27,True,False,False,False,0.999,-11.688,4,0.017351,36,4
ERR433710#5,True,False,False,False,0.999,-11.427,19A,0.04732,35A_35C_42,19A
ERR662403#1,True,False,False,False,0.581,-9.117,15C,0.003692,29,15C
SRR26749248#3,True,False,False,False,0.999,-12.253,12F,0.132868,20,12F
ERR742519#14,True,False,False,False,1.0,-12.023,19A,0.000519,33C,19A
SRR26594723#1,True,False,False,False,0.999,-12.101,12F,0.066398,11,12F
ERR2681032#32,True,False,False,False,0.985,-9.152,6A,0.359802,20,6A
ERR980292#12,True,True,False,True,0.941,-8.333,UNKNOWN,0.994363,35A_35C_42,21
ERR9796482#1,True,False,False,False,1.0,-11.751,19A,0.001928,33C,19A
SRR26790190#4,True,False,False,False,1.0,-13.846,3,0.0052,36,3
SRR26672778#12,True,False,False,False,1.0,-13.007,8,0.001797,36,8
ERR884603#22,True,False,False,False,0.962,-8.852,18C,0.449059,Serogroup 33,18C
SRR26930282#1,True,False,False,False,0.999,-12.047,12F,0.120792,6,12F
ERR908897#25,True,True,True,True,0.867,-7.87,UNKNOWN,0.997286,35A_35C_42,6A
SRR26884547#12,True,False,False,False,0.999,-12.158,9N,0.01413,20,9N
ERR2091106#2,True,False,False,False,1.0,-12.167,14,0.002305,15,14
SRR26878176#1,True,False,False,False,1.0,-13.429,8,0.001144,36,8
ERR2680845#2,True,True,False,True,0.975,-9.149,UNKNOWN,0.933328,12_44_46,19F
SRR26931384#3,True,False,False,False,0.999,-12.301,9N,0.036625,18,9N
ERR13365800#9,True,False,False,False,0.999,-12.036,9N,0.105136,18,9N
SRR26931813#8,True,False,False,False,0.998,-11.262,22F,0.255465,35A_35C_42,22F
ERR773925#17,True,False,False,False,0.999,-11.549,23F,0.027725,19B_19C,23F
ERR742747#1,True,False,False,False,1.0,-12.206,14,0.000405,Serogroup 33,14
ERR1453610#6,True,True,True,True,0.423,-7.263,UNKNOWN,1.0,45,19F
ERR750934#12,True,True,False,True,0.98,-9.341,UNKNOWN,0.732116,15,19A
SRR26878387#28,True,False,False,False,0.999,-11.553,12F,0.2089,20,12F
SRR26714742#7,True,False,False,False,1.0,-12.978,8,0.008152,36,8
SRR26714737#5,True,False,False,False,1.0,-13.226,8,0.002744,36,8
SRR26714907#7,True,False,False,False,0.998,-11.262,22F,0.255465,35A_35C_42,22F
SRR26884486#10,True,True,False,True,0.835,-8.254,UNKNOWN,0.999832,6,18C
ERR1453336#2,True,False,False,False,0.952,-10.243,18C,0.126618,Serogroup 33,18C
SRR26878470#1,True,False,False,False,1.0,-12.467,22F,0.001449,35A_35C_42,22F
ERR13364957#1,True,False,False,False,0.592,-9.167,15B,0.00427,29,15B
ERR2089354#2,True,True,False,True,0.953,-8.808,UNKNOWN,0.999874,3,7B
SRR26714215#3,True,True,False,True,0.994,-11.139,UNKNOWN,0.789773,20,17F
SRR26879657#1,True,False,False,False,0.999,-12.101,12F,0.066398,11,12F
ERR1788056#10,True,False,False,False,1.0,-12.216,14,0.000437,Serogroup 33,14
ERR1658252#6,True,True,False,True,0.957,-10.578,UNKNOWN,0.992766,11,12F
ERR2089753#10,True,True,False,True,0.925,-10.568,UNKNOWN,0.690718,33G,12F
ERR884564#24,True,True,True,True,0.742,-7.64,UNKNOWN,0.999999,7B_7C_40,18C
SRR26673251#1,True,True,False,True,0.988,-10.217,UNKNOWN,0.978587,35A_35C_42,22F
ERR3227755#4,True,False,False,False,0.999,-11.441,19F,0.000514,12_44_46,19F
SRR26594738#1,True,False,False,False,0.896,-10.191,38,0.030169,3,38
SRR26594354#1,True,True,True,True,0.548,-6.694,UNKNOWN,0.999999,33G,10A
ERR3899350#11,True,False,False,False,1.0,-12.205,14,0.00037,Serogroup 33,14
SRR26910222#22,True,False,False,False,0.999,-11.513,10A,0.083215,35A_35C_42,10A
SRR26878040#2,True,False,False,False,1.0,-13.846,3,0.0052,36,3
ERR1066125#10,True,False,False,False,0.993,-10.18,7F,0.217421,35A_35C_42,7F
SRR26818320#2,True,False,False,False,0.997,-10.629,12F,0.289758,6,12F
ERR2681009#5,True,False,False,False,0.999,-11.034,19F,0.00041,12_44_46,19F
ERR13365524#12,True,False,False,False,0.999,-12.008,9N,0.028871,20,9N
ERR714252#52,True,True,True,True,0.603,-6.9,UNKNOWN,1.0,36,7C
SRR26672907#7,True,False,False,False,1.0,-13.224,8,0.002755,36,8
ERR449264#17,True,False,False,False,0.999,-11.723,19A,0.004355,33C,19A
ERR5336810#3,True,True,False,True,0.988,-9.353,UNKNOWN,0.693322,3,4
ERR490795#21,True,False,False,False,0.993,-9.896,23F,0.493678,3,23F
ERR869833#5,True,False,False,False,0.996,-10.588,9V,0.049114,20,9V
SRR26884732#1,True,True,False,True,0.995,-10.054,UNKNOWN,0.509828,45,23B
ERR1430864#3,True,True,False,True,0.996,-10.627,UNKNOWN,0.687914,6,1
ERR730172#11,True,True,True,True,0.907,-8.079,UNKNOWN,0.99932,19B_19C,34
SRR26884388#10,True,False,False,False,1.0,-13.846,3,0.0052,36,3
SRR26910336#16,True,False,False,False,1.0,-12.411,17F,0.01692,20,17F
SRR26749871#31,True,False,False,False,1.0,-13.123,8,0.00125,36,8
ERR774646#74,True,False,False,False,1.0,-12.968,1,0.002478,6,1
ERR845754#51,True,True,False,True,0.998,-11.404,UNKNOWN,0.624767,35A_35C_42,7F
ERR2090530#2,True,False,False,False,1.0,-11.821,14,0.003841,35A_35C_42,14
ERR4501404#1,True,False,False,False,1.0,-12.163,19A,0.000242,33C,19A
ERR1788056#9,True,True,False,True,0.901,-8.641,UNKNOWN,0.987368,Serogroup 33,14
ERR633065#4,True,False,False,False,0.961,-9.837,6A,0.001797,20,6A
ERR925143#7,True,True,True,True,0.706,-8.097,UNKNOWN,0.999862,6,15A
ERR632958#1,True,False,False,False,0.999,-11.635,19A,0.003683,36,19A
ERR505468#27,True,True,False,True,0.979,-8.638,UNKNOWN,0.752549,36,19A
ERR876488#16,True,False,False,False,0.999,-12.136,33F,0.056935,20,33F
ERR316650#4,True,False,False,False,0.997,-10.767,5,0.357064,35A_35C_42,5
SRR26673311#6,True,False,False,False,1.0,-13.434,8,0.001077,36,8
ERR505702#4,True,True,False,True,0.994,-10.318,UNKNOWN,0.888666,20,13
SRR26789416#24,True,True,True,True,0.386,-6.766,UNKNOWN,0.999995,18,11E
ERR568749#1,True,False,False,False,1.0,-12.418,1,0.014958,6,1
ERR1191885#3,True,True,False,True,0.975,-9.978,UNKNOWN,0.867746,45,6B
ERR5336815#3,True,False,False,False,0.999,-11.616,4,0.141828,3,4
ERR2680914#10,True,False,False,False,0.998,-10.997,13,0.116292,Serogroup 33,13
ERR714139#5,True,False,False,False,0.999,-12.122,5,0.021848,35A_35C_42,5
ERR433535#4,True,False,False,False,0.999,-11.714,4,0.020103,36,4
ERR714401#13,True,False,False,False,0.954,-10.526,18C,0.01958,Serogroup 33,18C
ERR505698#4,True,False,False,False,1.0,-12.242,14,0.001085,15,14
SRR26880268#43,True,False,False,False,0.999,-12.301,9N,0.036625,18,9N
SRR26594408#2,True,False,False,False,0.583,-9.128,15C,0.003459,29,15C
ERR13365847#2,True,False,False,False,1.0,-13.875,3,0.004701,36,3
ERR742719#23,True,False,False,False,1.0,-12.043,14,0.003416,Serogroup 33,14
ERR3831128#2,True,False,False,False,0.996,-11.71,24F,0.177462,35A_35C_42,24F
ERR1065350#5,True,False,False,False,0.999,-11.584,23F,0.004965,19B_19C,23F
SRR26673107#1,True,True,False,True,0.991,-10.237,UNKNOWN,0.914112,25A_25F_38,7C
SRR26750081#7,True,False,False,False,1.0,-13.24,8,0.002857,36,8
ERR338193#51,True,True,False,True,0.998,-11.404,UNKNOWN,0.624767,35A_35C_42,7F
ERR449226#3,True,True,False,True,0.869,-9.663,UNKNOWN,0.957316,12_44_46,11A
SRR26797507#45,True,True,False,True,0.978,-8.855,UNKNOWN,0.942188,20,9V
ERR2089715#6,True,True,False,True,0.989,-9.736,UNKNOWN,0.886398,35A_35C_42,5
ERR714647#3,True,False,False,False,0.998,-10.429,19F,0.075237,Serogroup 33,19F
SRR26818149#1,True,False,False,False,1.0,-11.92,19A,0.00139,33C,19A
ERR316933#4,True,False,False,False,0.998,-10.834,9V,0.010391,20,9V
ERR1065552#1,True,False,False,False,0.999,-12.046,9N,0.07281,18,9N
ERR742380#24,True,True,True,True,0.89,-7.426,UNKNOWN,0.997261,35A_35C_42,19A
ERR568608#1,True,False,False,False,0.97,-9.481,6A,0.013349,45,6A
ERR2090612#10,True,True,False,True,0.925,-10.568,UNKNOWN,0.690718,33G,12F
ERR869915#19,True,False,False,False,0.997,-10.767,5,0.357064,35A_35C_42,5
SRR26749687#2,True,False,False,False,0.998,-11.253,33F,0.28891,20,33F
SRR26818258#1,True,False,False,False,0.996,-10.361,17F,0.240777,20,17F
ERR2612100#1,True,False,False,False,0.999,-11.437,5,0.098695,35A_35C_42,5
SRR26834114#5,True,False,False,False,1.0,-13.223,8,0.00279,36,8
ERR2612101#16,True,True,False,True,0.943,-8.699,UNKNOWN,0.998009,36,19F
ERR2667753#1,True,False,False,False,1.0,-12.961,1,0.00374,6,1
ERR876681#46,True,False,False,False,0.995,-10.401,9V,0.052712,20,9V
SRR26595018#10,True,True,False,True,0.996,-10.642,UNKNOWN,0.738566,45,7C
SRR26789687#13,True,False,False,False,1.0,-13.116,8,0.001332,36,8
SRR26833946#1,True,False,False,False,0.999,-11.215,23A,0.024105,3,23A
SRR26594942#14,True,False,False,False,0.999,-12.193,17F,0.04947,20,17F
ERR3796950#4,True,False,False,False,0.996,-11.759,24F,0.126013,35A_35C_42,24F
ERR773856#5,True,False,False,False,1.0,-13.087,1,0.001901,6,1
SRR26878610#6,True,False,False,False,1.0,-12.613,35F,0.011958,20,35F
ERR8481834#3,True,True,False,True,0.944,-8.286,UNKNOWN,0.995628,35A_35C_42,16F
ERR2667111#1,True,False,False,False,0.731,-9.071,15C,0.007735,29,15C
ERR319339#40,True,False,False,False,0.671,-8.308,6A,0.331778,3,6A
SRR26673573#1,True,False,False,False,0.999,-11.471,12F,0.035592,6,12F
SRR26594176#16,True,False,False,False,1.0,-13.007,8,0.001797,36,8
ERR2667898#6,True,False,False,False,0.999,-11.602,4,0.055484,36,4
ERR2090414#2,True,False,False,False,0.998,-11.07,5,0.119065,35A_35C_42,5
ERR3899439#8,True,False,False,False,0.999,-11.909,14,0.00637,Serogroup 33,14
ERR13364569#10,True,False,False,False,0.999,-11.411,9V,0.002405,20,9V
ERR1065734#6,True,True,True,True,0.582,-7.809,UNKNOWN,0.999996,33G,21
ERR730406#1,True,False,False,False,0.925,-9.653,6A,0.003721,45,6A
SRR26749555#40,True,False,False,False,0.998,-10.675,23B,0.068898,6,23B
SRR26878210#2,True,False,False,False,1.0,-13.007,8,0.001797,36,8
SRR26789456#2,True,False,False,False,1.0,-13.116,8,0.001332,36,8
ERR701782#1,True,False,False,False,1.0,-12.504,1,0.007645,6,1
ERR980013#1,True,False,False,False,0.999,-11.31,19F,0.002721,12_44_46,19F
SRR26833686#1,True,True,False,True,0.962,-8.652,UNKNOWN,0.995034,18,9N
SRR26672958#8,True,False,False,False,1.0,-12.44,22F,0.001202,35A_35C_42,22F
ERR2089483#3,True,True,False,True,0.992,-10.01,UNKNOWN,0.940267,35A_35C_42,34
SRR26884441#17,True,True,False,True,0.923,-9.856,UNKNOWN,0.885427,12_44_46,11A
ERR862506#20,True,True,False,True,0.984,-9.363,UNKNOWN,0.952285,39,16F
ERR925030#13,True,False,False,False,0.958,-10.523,18C,0.031177,Serogroup 33,18C
SRR26930976#4,True,False,False,False,0.999,-12.301,9N,0.036625,18,9N
ERR316611#2,True,False,False,False,1.0,-11.795,19A,0.002887,33C,19A
ERR1422452#1,True,True,False,True,0.992,-9.659,UNKNOWN,0.574235,45,19F
SRR26930975#20,True,False,False,False,0.999,-12.116,33F,0.105711,20,33F
SRR26884053#2,True,False,False,False,0.832,-10.001,38,0.00185,3,38
ERR2091225#22,True,False,False,False,1.0,-12.817,1,0.006748,6,1
SRR26749729#2,True,False,False,False,1.0,-11.986,10A,0.003392,35A_35C_42,10A
ERR980233#21,True,False,False,False,0.999,-11.643,34,0.007976,6,34
ERR1065914#9,True,True,False,True,0.994,-10.64,UNKNOWN,0.936817,35A_35C_42,13
ERR701812#2,True,False,False,False,0.918,-9.202,14,0.043488,36,14
ERR505529#22,True,True,False,True,0.829,-8.548,UNKNOWN,0.997779,20,9V
ERR13365226#17,True,False,False,False,1.0,-12.217,14,0.000524,Serogroup 33,14
SRR26834152#1,True,False,False,False,0.998,-11.221,23A,0.024417,3,23A
SRR26797975#48,True,True,False,True,0.994,-10.626,UNKNOWN,0.997712,20,27
SRR26878420#6,True,False,False,False,1.0,-13.123,8,0.00125,36,8
SRR26910349#16,True,False,False,False,0.998,-11.262,22F,0.255465,35A_35C_42,22F
ERR750849#17,True,False,False,False,0.528,-9.396,25F,0.003158,3,25F
ERR774684#22,True,False,False,False,0.999,-11.347,1,0.132486,6,1
ERR714554#7,True,True,False,True,0.961,-8.592,UNKNOWN,0.787903,20,9V
ERR13365975#1,True,False,False,False,1.0,-13.875,3,0.004701,36,3
SRR26931828#2,True,False,False,False,1.0,-13.433,8,0.001046,36,8
ERR331402#49,True,True,False,True,0.998,-11.404,UNKNOWN,0.624767,35A_35C_42,7F
ERR13365979#2,True,False,False,False,0.999,-12.008,9N,0.028872,20,9N
SRR26834007#3,True,False,False,False,1.0,-13.116,8,0.001332,36,8
SRR26672877#8,True,False,False,False,0.999,-11.146,15A,0.033667,10,15A
SRR26910950#1,True,False,False,False,1.0,-13.102,8,0.003566,3,8
SRR26673142#1,True,True,False,True,0.994,-11.139,UNKNOWN,0.789773,20,17F
SRR26714469#7,True,False,False,False,1.0,-13.223,8,0.00279,36,8
ERR13374715#3,True,False,False,False,1.0,-13.846,3,0.0052,36,3
SRR26797351#10,True,False,False,False,0.999,-12.321,12F,0.067768,33G,12F
SRR26884500#1,True,False,False,False,0.998,-11.101,23A,0.053613,3,23A
ERR1065414#8,True,False,False,False,0.999,-11.391,15A,0.034155,10,15A
SRR26817971#2,True,False,False,False,0.999,-11.788,16F,0.004916,39,16F
ERR913232#1,True,False,False,False,0.999,-11.598,19A,0.006549,33C,19A
SRR26797231#26,True,False,False,False,0.999,-12.301,9N,0.036625,18,9N
SRR26931901#16,True,False,False,False,0.999,-12.298,33F,0.040045,20,33F
SRR26878648#11,True,True,False,True,0.98,-8.996,UNKNOWN,0.910586,10,15A
ERR908952#8,True,False,False,False,1.0,-12.221,14,0.001279,15,14
ERR1453403#6,True,False,False,False,0.999,-10.991,19F,0.000566,12_44_46,19F
ERR568711#13,True,False,False,False,1.0,-12.257,14,0.000414,Serogroup 33,14
ERR326552#6,True,False,False,False,0.938,-10.251,18C,0.086919,Serogroup 33,18C
ERR1065962#2,True,False,False,False,0.988,-10.774,11A,0.400475,12_44_46,11A
ERR505947#22,True,False,False,False,0.952,-9.735,6A,0.002064,45,6A
SRR26883924#14,True,False,False,False,1.0,-13.015,8,0.001885,36,8
ERR505520#1,True,False,False,False,0.524,-9.036,19F,0.006639,36,19F
ERR1065462#7,True,False,False,False,1.0,-12.902,1,0.003934,6,1
ERR568482#6,True,False,False,False,0.918,-10.225,38,0.038425,3,38
SRR26789924#1,True,False,False,False,0.999,-11.664,23B,0.012062,7B_7C_40,23B
SRR26714841#5,True,True,False,True,0.978,-9.859,UNKNOWN,0.934513,18,20B
SRR26931820#2,True,False,False,False,0.999,-12.047,12F,0.120785,6,12F
ERR925101#5,True,False,False,False,0.999,-11.386,23B,0.034921,7B_7C_40,23B
ERR13365545#15,True,False,False,False,0.999,-12.176,3,0.132834,11,3
SRR26931032#3,True,False,False,False,0.998,-11.093,33F,0.318768,20,33F
ERR2090249#6,True,True,False,True,0.981,-9.822,UNKNOWN,0.810481,36,4
SRR26911100#4,True,False,False,False,1.0,-13.24,8,0.002857,36,8
SRR26750059#3,True,False,False,False,1.0,-13.116,8,0.001332,36,8
SRR26910662#12,True,False,False,False,0.998,-11.093,33F,0.318768,20,33F
SRR26930697#1,True,False,False,False,0.999,-12.041,12F,0.082214,11,12F
ERR13366206#1,True,False,False,False,0.952,-10.248,18C,0.124136,Serogroup 33,18C
SRR26880073#12,True,False,False,False,0.999,-11.734,4,0.011202,3,4
SRR26749610#3,True,False,False,False,1.0,-12.483,35F,0.016611,20,35F
ERR13364842#13,True,False,False,False,0.998,-11.236,7F,0.238393,20,7F
ERR909077#26,True,False,False,False,0.997,-10.733,9V,0.027825,20,9V
ERR1214483#3,True,False,False,False,0.998,-11.317,21,0.191269,20,21
SRR26817841#13,True,False,False,False,0.998,-11.262,22F,0.255465,35A_35C_42,22F
ERR5336814#13,True,False,False,False,0.998,-11.198,4,0.109062,36,4
ERR913086#19,True,False,False,False,0.999,-11.505,34,0.009878,6,34
SRR26931528#1,True,False,False,False,0.999,-11.493,7C,0.389198,45,7C
SRR26910859#24,True,False,False,False,0.999,-11.564,10A,0.060704,35A_35C_42,10A
SRR26749616#1,True,False,False,False,0.999,-11.789,10A,0.007694,35A_35C_42,10A
ERR600625#15,True,False,False,False,0.999,-11.614,23F,0.010927,19B_19C,23F
ERR13364805#13,True,False,False,False,1.0,-12.209,14,0.000442,Serogroup 33,14
SRR26818530#9,True,False,False,False,0.998,-11.405,22F,0.22532,35A_35C_42,22F
ERR2680986#3,True,False,False,False,0.57,-9.163,15B,0.004078,29,15B
ERR908857#52,True,True,True,True,0.463,-7.14,UNKNOWN,1.0,45,7C
ERR1065355#17,True,True,False,True,0.964,-8.962,UNKNOWN,0.790017,6,38
ERR1788271#2,True,True,False,True,0.987,-9.721,UNKNOWN,0.806352,39,37
ERR980004#1,True,True,False,True,0.985,-10.478,UNKNOWN,0.927235,35A_35C_42,24A
SRR26594199#1,True,False,False,False,1.0,-13.846,3,0.0052,36,3
ERR1066217#15,True,False,False,False,0.999,-11.349,9V,0.002379,20,9V
ERR1788518#6,True,False,False,False,0.788,-9.477,18C,0.325677,Serogroup 33,18C
ERR3270724#2,True,True,False,True,0.973,-8.831,UNKNOWN,0.946884,36,6A
ERR3270838#5,True,False,False,False,0.999,-12.302,33F,0.041166,20,33F
SRR26833638#5,True,False,False,False,1.0,-12.967,8,0.008878,36,8
ERR701856#7,True,False,False,False,0.996,-10.591,23F,0.357258,19B_19C,23F
SRR26834108#3,True,False,False,False,0.999,-11.789,10A,0.007694,35A_35C_42,10A
ERR3227767#3,True,True,False,True,0.992,-10.225,UNKNOWN,0.86361,33G,15A
ERR925254#21,True,False,False,False,0.997,-10.875,13,0.376553,20,13
ERR2667539#12,True,False,False,False,1.0,-12.169,14,0.000486,Serogroup 33,14
SRR26672914#2,True,False,False,False,0.999,-12.223,33F,0.082439,20,33F
ERR2667922#1,True,False,False,False,0.999,-11.664,23B,0.012062,7B_7C_40,23B
SRR26911213#4,True,False,False,False,1.0,-13.013,8,0.00158,36,8
ERR3303380#9,True,False,False,False,0.999,-11.554,5,0.113855,35A_35C_42,5
ERR1788517#2,True,False,False,False,1.0,-13.875,3,0.004701,36,3
ERR876573#69,True,True,False,True,0.994,-10.521,UNKNOWN,0.885858,11,1
ERR774143#17,True,False,False,False,0.999,-11.356,9V,0.002153,20,9V
ERR730728#2,True,False,False,False,0.998,-11.132,1,0.454579,6,1
ERR13365835#18,True,True,False,True,0.97,-8.931,UNKNOWN,0.987582,20,15A
ERR742350#11,True,False,False,False,0.797,-9.631,18C,0.357671,Serogroup 33,18C
ERR13365003#11,True,False,False,False,0.998,-10.712,14,0.067005,15,14
ERR2667974#3,True,False,False,False,0.998,-11.846,33F,0.137158,20,33F
ERR331163#14,True,True,False,True,0.996,-10.669,UNKNOWN,0.538703,6,6C
ERR1540794#23,True,True,True,True,0.839,-7.378,UNKNOWN,0.999955,36,23B
ERR449250#7,True,False,False,False,1.0,-11.905,14,0.004025,35A_35C_42,14
SRR26673588#6,True,False,False,False,1.0,-11.833,19A,0.00136,33C,19A
SRR26931251#3,True,False,False,False,1.0,-13.223,8,0.00279,36,8
ERR7567793#4,True,False,False,False,0.995,-10.228,21,0.207312,Serogroup 33,21
ERR13375037#1,True,True,False,True,0.831,-9.504,UNKNOWN,0.615241,12_44_46,11A
ERR2667941#44,True,True,False,True,0.998,-11.232,UNKNOWN,0.690987,11,1
ERR13375130#17,True,False,False,False,0.999,-12.141,17F,0.060557,20,17F
ERR869842#1,True,True,True,True,0.513,-8.038,UNKNOWN,0.99652,20,20A
ERR2681249#3,True,True,False,True,0.996,-10.469,UNKNOWN,0.514145,35A_35C_42,34
ERR913142#1,True,False,False,False,0.969,-9.475,6A,0.015273,45,6A
ERR900714#4,True,False,False,False,0.761,-9.8,6A,0.002643,45,6A
ERR997517#1,True,False,False,False,0.999,-11.598,19A,0.006549,33C,19A
ERR331176#41,True,True,False,True,0.98,-9.654,UNKNOWN,0.953033,36,6C
ERR742704#1,True,False,False,False,0.968,-9.475,6A,0.012305,45,6A
SRR26931291#1,True,False,False,False,0.999,-12.041,12F,0.082214,11,12F
ERR8481746#11,True,False,False,False,0.578,-9.175,15B,0.003673,29,15B
ERR773973#6,True,True,False,True,0.993,-11.543,UNKNOWN,0.961293,11,12F
ERR869937#1,True,False,False,False,0.999,-11.405,23F,0.008312,19B_19C,23F
ERR908989#1,True,True,False,True,0.964,-9.068,UNKNOWN,0.990903,19B_19C,34
ERR869901#24,True,True,False,True,0.995,-10.424,UNKNOWN,0.97818,36,3
ERR884590#18,True,False,False,False,0.997,-10.317,19A,0.068095,35A_35C_42,19A
ERR2853487#2,True,False,False,False,1.0,-12.073,19A,0.000464,33C,19A
ERR3303251#1,True,False,False,False,0.999,-11.315,19F,0.002789,12_44_46,19F
ERR742777#1,True,True,False,True,0.994,-11.082,UNKNOWN,0.743865,35A_35C_42,29
SRR26797948#3,True,False,False,False,1.0,-13.121,8,0.001159,36,8
ERR2681319#3,True,False,False,False,0.572,-9.128,15C,0.00376,29,15C
SRR26931074#1,True,True,False,True,0.988,-10.209,UNKNOWN,0.97893,35A_35C_42,22F
ERR730678#19,True,True,True,True,0.757,-8.116,UNKNOWN,0.993983,36,4
SRR26878512#19,True,False,False,False,1.0,-12.337,22F,0.001811,35A_35C_42,22F
ERR13364527#44,True,True,False,True,0.722,-8.494,UNKNOWN,0.998985,20,22F
SRR26749280#22,True,True,False,True,0.961,-8.739,UNKNOWN,0.988748,7B_7C_40,23A
ERR662447#28,True,False,False,False,1.0,-13.875,3,0.004701,36,3
SRR26818295#6,True,False,False,False,1.0,-13.242,8,0.002823,36,8
ERR1202309#9,True,False,False,False,0.997,-10.766,9V,0.018021,20,9V
SRR26749214#18,True,False,False,False,0.999,-11.792,9N,0.071941,18,9N
SRR26594854#71,True,False,False,False,0.999,-12.315,9N,0.035771,18,9N
SRR26673551#1,True,True,False,True,0.944,-8.74,UNKNOWN,0.973593,35A_35C_42,22F
ERR925239#3,True,False,False,False,1.0,-13.846,3,0.0052,36,3
ERR714578#2,True,False,False,False,1.0,-12.198,14,0.000406,Serogroup 33,14
ERR13366021#1,True,False,False,False,0.999,-11.648,23B,0.012985,7B_7C_40,23B
ERR980218#22,True,False,False,False,0.999,-11.881,14,0.006893,Serogroup 33,14
ERR750841#4,True,True,False,True,0.986,-10.008,UNKNOWN,0.998672,35A_35C_42,10F
ERR1065568#3,True,True,False,True,0.787,-9.297,UNKNOWN,0.976356,18,20A
SRR26750020#52,True,False,False,False,1.0,-12.435,8,0.008962,3,8
SRR26714618#27,True,False,False,False,0.999,-11.513,10A,0.083215,35A_35C_42,10A
SRR26673266#16,True,True,False,True,0.867,-9.672,UNKNOWN,0.964856,12_44_46,11A
SRR26749426#15,True,False,False,False,0.999,-11.727,15A,0.013525,10,15A
SRR26594637#4,True,False,False,False,1.0,-13.424,8,0.00123,36,8
ERR714268#6,True,False,False,False,0.974,-10.37,6A,0.000455,20,6A
ERR10419722#5,True,True,False,True,0.96,-10.613,UNKNOWN,0.991197,11,12F
SRR26595064#1,True,False,False,False,1.0,-13.875,3,0.004701,36,3
ERR13364910#12,True,False,False,False,0.998,-11.236,7F,0.238393,20,7F
ERR1106682#1,True,False,False,False,0.999,-11.394,4,0.095995,3,4
ERR13364573#12,True,False,False,False,1.0,-11.836,14,0.002963,36,14
ERR742613#1,True,False,False,False,1.0,-13.846,3,0.0052,36,3
ERR7567869#10,True,True,False,True,0.951,-9.532,UNKNOWN,0.949935,6,6C
ERR3303377#3,True,False,False,False,0.999,-11.466,19F,0.000527,12_44_46,19F
ERR3227802#5,True,False,False,False,0.999,-12.289,33F,0.049254,20,33F
ERR701828#8,True,True,False,True,0.976,-10.131,UNKNOWN,0.629938,45,6B
ERR316891#24,True,False,False,False,0.972,-9.63,18C,0.064603,Serogroup 33,18C
ERR13365649#40,True,True,False,True,0.992,-9.994,UNKNOWN,0.921623,6,1
SRR26672836#102,True,False,False,False,0.999,-11.622,12F,0.159704,20,12F
SRR26673231#26,True,False,False,False,0.998,-11.131,22F,0.235272,10,22F
ERR1453831#11,True,True,False,True,0.943,-8.699,UNKNOWN,0.998009,36,19F
ERR984293#16,True,False,False,False,0.999,-11.585,34,0.008325,6,34
ERR1788561#22,True,True,False,True,0.826,-8.437,UNKNOWN,0.992597,20,9V
ERR449254#16,True,False,False,False,1.0,-12.202,14,0.00055,Serogroup 33,14
SRR26594999#2,True,False,False,False,1.0,-13.846,3,0.0052,36,3
SRR26878235#5,True,True,False,True,0.912,-9.562,UNKNOWN,0.918526,35A_35C_42,24F
ERR2090026#15,True,False,False,False,0.657,-9.09,15B,0.020987,29,15B
ERR662404#6,True,False,False,False,0.999,-11.108,15A,0.046071,10,15A
ERR870292#2,True,True,False,True,0.911,-10.23,UNKNOWN,0.688568,35A_35C_42,35B
ERR316799#9,True,False,False,False,0.994,-10.232,6A,0.01715,45,6A
SRR26672865#10,True,False,False,False,0.998,-12.12,12F,0.21194,11,12F
ERR568454#1,True,False,False,False,0.999,-10.725,19F,0.001619,12_44_46,19F
ERR1065272#2,True,False,False,False,0.569,-9.136,15C,0.003635,29,15C
ERR505580#20,True,True,False,True,0.948,-10.107,UNKNOWN,0.893438,12_44_46,11A
ERR774582#32,True,False,False,False,1.0,-12.968,1,0.002478,6,1
SRR26834270#1,True,False,False,False,0.999,-12.158,9N,0.01413,20,9N
SRR26818086#3,True,False,False,False,0.999,-11.68,23B,0.015451,6,23B
ERR2680844#30,True,False,False,False,0.987,-9.965,6A,0.003712,20,6A
SRR26789929#6,True,False,False,False,1.0,-13.875,3,0.004701,36,3
SRR26884247#1,True,False,False,False,0.999,-11.493,7C,0.389198,45,7C
SRR26672834#34,True,False,False,False,1.0,-13.875,3,0.004701,36,3
ERR870301#22,True,True,True,True,0.745,-7.154,UNKNOWN,0.999999,20,22A
ERR730540#2,True,False,False,False,0.932,-9.893,6B,0.005728,45,6B
SRR26879614#1,True,False,False,False,0.998,-11.947,33F,0.125984,20,33F
SRR26834512#6,True,False,False,False,0.999,-12.027,22F,0.003544,33A_33F_37,22F
ERR2090766#2,True,True,False,True,0.997,-11.948,UNKNOWN,0.681368,11,12F
ERR870263#25,True,True,False,True,0.907,-9.732,UNKNOWN,0.999966,33G,11B
ERR13366116#6,True,False,False,False,0.997,-10.825,10A,0.287188,35A_35C_42,10A
ERR2667607#6,True,False,False,False,1.0,-12.28,14,0.001045,15,14
SRR26878239#26,True,True,False,True,0.968,-8.758,UNKNOWN,0.91278,10,15A
SRR26789438#8,True,True,False,True,0.778,-8.891,UNKNOWN,0.717678,12_44_46,11A
ERR1453539#8,True,False,False,False,1.0,-12.264,14,0.001084,15,14
SRR26931636#1,True,False,False,False,0.999,-11.671,23B,0.011733,7B_7C_40,23B
ERR1202289#22,True,False,False,False,0.999,-11.871,5,0.030923,35A_35C_42,5
ERR870096#15,True,True,False,True,0.988,-10.526,UNKNOWN,0.995068,20,46
SRR26714367#21,True,True,False,True,0.975,-9.514,UNKNOWN,0.999988,35A_35C_42,24A
ERR13364852#10,True,True,False,True,0.937,-8.868,UNKNOWN,0.987428,Serogroup 33,14
ERR862542#7,True,True,False,True,0.949,-9.65,UNKNOWN,0.973147,20,13
ERR505637#27,True,True,False,True,0.861,-8.351,UNKNOWN,0.99999,20,21
ERR979984#1,True,True,False,True,0.961,-9.934,UNKNOWN,0.616324,6,6C
SRR26672915#27,True,True,False,True,0.995,-10.066,UNKNOWN,0.525626,45,23B
ERR13374991#1,True,True,True,True,0.631,-7.312,UNKNOWN,0.999972,36,9V
ERR774011#20,True,True,False,True,0.991,-9.802,UNKNOWN,0.822448,36,4
ERR13366019#27,True,True,False,True,0.863,-8.267,UNKNOWN,0.985744,19B_19C,23F
SRR26878100#5,True,False,False,False,1.0,-13.102,8,0.003566,3,8
ERR2091286#2,True,False,False,False,0.999,-12.098,12F,0.064028,11,12F
ERR1065484#1,True,False,False,False,1.0,-11.794,19A,0.002902,33C,19A
ERR662424#1,True,False,False,False,0.941,-9.285,6A,0.051004,36,6A
ERR13366245#1,True,False,False,False,0.585,-9.118,15C,0.003655,29,15C
SRR26883931#6,True,False,False,False,0.999,-12.045,12F,0.115159,6,12F
ERR2667117#2,True,False,False,False,0.999,-11.461,19F,0.000572,12_44_46,19F
ERR662387#1,True,True,False,True,0.836,-9.526,UNKNOWN,0.603088,12_44_46,11A
ERR2681016#17,True,False,False,False,0.999,-11.517,34,0.012384,6,34
SRR26931243#4,True,False,False,False,0.711,-9.2,20B,0.365116,18,20B
ERR774117#15,True,True,False,True,0.976,-10.131,UNKNOWN,0.630227,45,6B
SRR26797260#2,True,False,False,False,1.0,-13.121,8,0.001159,36,8
SRR26789572#8,True,False,False,False,0.965,-10.422,6C,0.389472,6,6C
ERR774184#12,True,False,False,False,0.652,-9.347,15B,0.00201,29,15B
ERR1288880#16,True,False,False,False,0.999,-11.378,9V,0.002341,20,9V
SRR26715038#6,True,False,False,False,1.0,-12.603,35F,0.012264,20,35F
ERR433945#29,True,False,False,False,0.998,-11.253,33F,0.28891,20,33F
SRR26749403#1,True,False,False,False,0.999,-11.206,23A,0.025911,3,23A
SRR26797051#14,True,False,False,False,0.998,-11.262,22F,0.255465,35A_35C_42,22F
ERR773907#14,True,True,False,True,0.937,-8.27,UNKNOWN,0.998165,19B_19C,23F
ERR751187#8,True,False,False,False,0.934,-9.597,6B,0.131763,45,6B
SRR26911021#1,True,False,False,False,0.999,-12.146,9N,0.015495,20,9N
ERR13365100#17,True,False,False,False,0.998,-11.237,31,0.25361,33A_33F_37,31
ERR2612070#41,True,False,False,False,0.996,-10.545,9V,0.035282,20,9V
SRR26594799#3,True,True,False,True,0.997,-11.126,UNKNOWN,0.559423,36,8
SRR26714828#170,True,False,False,False,1.0,-13.007,8,0.001797,36,8
ERR331453#61,True,True,False,True,0.995,-10.584,UNKNOWN,0.813886,36,4
ERR1799728#1,True,True,False,True,0.997,-10.865,UNKNOWN,0.630689,6,1
ERR662368#9,True,True,False,True,0.981,-9.721,UNKNOWN,0.958823,45,6C
SRR26910388#2,True,False,False,False,1.0,-13.846,3,0.0052,36,3
SRR26594256#1,True,False,False,False,0.999,-12.047,12F,0.120785,6,12F
ERR1214352#3,True,True,False,True,0.938,-9.033,UNKNOWN,0.933677,45,6B
SRR26910837#1,True,False,False,False,0.999,-11.845,15A,0.005532,10,15A
SRR26818573#9,True,True,False,True,0.998,-11.299,UNKNOWN,0.59738,20,9N
ERR316607#15,True,True,True,True,0.868,-7.809,UNKNOWN,0.99843,35A_35C_42,14
ERR438982#7,True,True,False,True,0.988,-9.758,UNKNOWN,0.97746,6,1
SRR26789219#2,True,True,False,True,0.837,-9.446,UNKNOWN,0.992171,12_44_46,11A
ERR633014#11,True,False,False,False,1.0,-12.224,14,0.000429,Serogroup 33,14
SRR26789608#1,True,False,False,False,1.0,-13.015,8,0.001885,36,8
ERR1065784#1,True,False,False,False,0.999,-12.262,31,0.06651,33A_33F_37,31
SRR26833580#3,True,True,False,True,0.98,-10.589,UNKNOWN,0.925856,11,12F
SRR26930536#2,True,False,False,False,0.99,-11.005,9N,0.470694,18,9N
ERR3899201#2,True,False,False,False,0.985,-10.125,19A,0.11256,15,19A
ERR925164#10,True,True,False,True,0.937,-8.27,UNKNOWN,0.998165,19B_19C,23F
ERR13366155#2,True,True,True,True,0.724,-7.212,UNKNOWN,0.999999,33A_33F_37,34
SRR26910543#4,True,False,False,False,1.0,-13.875,3,0.004701,36,3
SRR26879449#5,True,False,False,False,1.0,-13.24,8,0.002857,36,8
SRR26911116#2,True,True,True,True,0.793,-7.404,UNKNOWN,1.0,3,22F
SRR26594685#2,True,False,False,False,1.0,-12.44,22F,0.001202,35A_35C_42,22F
SRR26714143#1,True,False,False,False,1.0,-13.111,8,0.003449,3,8
ERR2667467#1,True,False,False,False,0.999,-11.806,16F,0.006851,35A_35C_42,16F
ERR869832#52,True,True,False,True,0.737,-9.44,UNKNOWN,0.999393,6,10B
ERR774159#7,True,False,False,False,1.0,-12.964,8,0.00852,36,8
ERR1192137#6,True,True,True,True,0.476,-6.613,UNKNOWN,1.0,35A_35C_42,12F
SRR26714279#1,True,False,False,False,0.999,-11.459,19A,0.012841,33C,19A
ERR774245#15,True,False,False,False,0.999,-11.69,23F,0.015931,19B_19C,23F
ERR913221#1,True,False,False,False,0.999,-11.384,23F,0.012553,19B_19C,23F
ERR1065950#10,True,False,False,False,0.999,-11.19,19F,0.000263,12_44_46,19F
ERR997571#7,True,False,False,False,0.998,-11.059,16F,0.123592,45,16F
ERR2089248#2,True,False,False,False,0.999,-11.301,19F,0.001018,12_44_46,19F
ERR1788455#1,True,False,False,False,0.996,-10.546,23F,0.265746,19B_19C,23F
ERR3796912#5,True,False,False,False,0.996,-11.759,24F,0.126013,35A_35C_42,24F
SRR26594982#4,True,False,False,False,0.999,-11.21,23A,0.025388,3,23A
SRR26714897#6,True,False,False,False,1.0,-12.292,9N,0.006779,20,9N
SRR26714087#1,True,False,False,False,0.999,-12.085,12F,0.096155,6,12F
ERR5104400#1,True,False,False,False,0.998,-10.99,4,0.243946,36,4
ERR862296#5,True,False,False,False,0.999,-11.93,5,0.031041,35A_35C_42,5
SRR26877875#14,True,False,False,False,1.0,-13.121,8,0.001159,36,8
ERR586406#66,True,True,False,True,0.998,-11.404,UNKNOWN,0.624767,35A_35C_42,7F
ERR1202398#2,True,False,False,False,1.0,-13.003,3,0.109022,11,3
SRR26880358#1,True,False,False,False,1.0,-13.098,8,0.003762,3,8
ERR13364645#11,True,False,False,False,1.0,-12.211,14,0.000431,Serogroup 33,14
ERR1066321#1,True,False,False,False,0.999,-11.342,19F,0.002698,12_44_46,19F
ERR2853463#3,True,False,False,False,1.0,-12.073,19A,0.000464,33C,19A
SRR26749176#10,True,False,False,False,0.553,-9.272,15B,0.003794,29,15B
SRR26834518#9,True,False,False,False,0.999,-11.671,16F,0.013842,35A_35C_42,16F
ERR13364632#11,True,False,False,False,0.998,-10.712,14,0.067005,15,14
ERR2090139#4,True,False,False,False,0.999,-11.032,19F,0.000415,12_44_46,19F
ERR742741#18,True,True,False,True,0.993,-10.286,UNKNOWN,0.848787,35A_35C_42,9L
ERR2089622#1,True,False,False,False,0.999,-11.563,1,0.140707,19F,1
ERR568567#1,True,False,False,False,0.999,-11.415,23F,0.016944,19B_19C,23F
ERR3723394#4,True,False,False,False,1.0,-13.005,3,0.107852,11,3
SRR26714573#1,True,False,False,False,0.614,-9.194,15B,0.002334,29,15B
ERR3303239#11,True,True,True,True,0.694,-6.772,UNKNOWN,0.999999,33G,10A
ERR1202305#27,True,False,False,False,1.0,-12.891,1,0.003906,6,1
ERR1658106#2,True,False,False,False,1.0,-12.194,14,0.000418,Serogroup 33,14
ERR2681347#2,True,False,False,False,0.999,-11.671,10A,0.009702,35A_35C_42,10A
SRR26878374#8,True,False,False,False,1.0,-13.24,8,0.002857,36,8
ERR913520#1,True,False,False,False,0.999,-11.559,7C,0.29673,25A_25F_38,7C
ERR1788532#13,True,False,False,False,0.998,-11.217,7F,0.415921,35A_35C_42,7F
SRR26673100#1,True,False,False,False,1.0,-13.424,8,0.00123,36,8
ERR516692#3,True,False,False,False,0.998,-10.429,19F,0.075237,Serogroup 33,19F
ERR13365029#12,True,False,False,False,0.998,-10.712,14,0.067005,15,14
ERR8481544#2,True,False,False,False,0.999,-10.971,19F,0.000752,12_44_46,19F
ERR984296#15,True,False,False,False,0.999,-11.583,34,0.008385,6,34
SRR26878275#1,True,False,False,False,1.0,-11.811,14,0.001282,Serogroup 33,14
ERR13364904#4,True,True,False,True,0.919,-8.985,UNKNOWN,0.640636,33G,6C
ERR2091300#3,True,False,False,False,0.997,-10.838,33F,0.403494,20,33F
ERR714438#8,True,True,False,True,0.955,-9.717,UNKNOWN,0.607573,35A_35C_42,18A
ERR14653961#5,True,False,False,False,0.839,-9.805,6A,0.000952,45,6A
ERR984295#1,True,False,False,False,0.999,-11.437,23F,0.009995,19B_19C,23F
ERR774023#2,True,False,False,False,0.998,-11.132,1,0.454579,6,1
ERR884574#17,True,False,False,False,0.997,-10.233,19F,0.030986,12_44_46,19F
ERR1214650#27,True,True,False,True,0.988,-10.525,UNKNOWN,0.584891,6,6C
ERR1214425#7,True,True,True,True,0.633,-7.996,UNKNOWN,1.0,Serogroup 33,15F
ERR876483#8,True,False,False,False,1.0,-12.264,14,0.000453,Serogroup 33,14
ERR2090994#21,True,True,False,True,0.981,-9.822,UNKNOWN,0.810481,36,4
ERR913088#2,True,False,False,False,0.785,-9.271,15B,0.032104,20,15B
ERR2680669#25,True,False,False,False,0.985,-9.152,6A,0.359802,20,6A
SRR26879463#15,True,False,False,False,1.0,-13.015,8,0.001885,36,8
ERR2090936#9,True,False,False,False,1.0,-12.197,14,0.000422,Serogroup 33,14
ERR1430875#5,True,False,False,False,1.0,-12.903,1,0.003938,6,1
ERR7567840#1,True,False,False,False,1.0,-13.157,8,0.002131,36,8
ERR505763#16,True,False,False,False,0.998,-11.314,7F,0.260065,35A_35C_42,7F
SRR26818522#1,True,False,False,False,0.999,-11.996,22F,0.015114,35A_35C_42,22F
ERR633089#9,True,False,False,False,0.999,-11.839,13,0.010017,20,13
SRR26672866#25,True,False,False,False,0.999,-11.564,10A,0.060704,35A_35C_42,10A
SRR26879546#15,True,False,False,False,0.999,-12.276,17F,0.02666,20,17F
SRR26750028#1,True,False,False,False,1.0,-13.846,3,0.0052,36,3
ERR714187#93,True,False,False,False,0.998,-10.984,1,0.210707,6,1
ERR774271#5,True,False,False,False,1.0,-13.087,1,0.001901,6,1
SRR26595109#2,True,False,False,False,0.999,-12.098,12F,0.064028,11,12F
ERR1065319#4,True,False,False,False,1.0,-11.795,19A,0.002887,33C,19A
SRR26818524#1,True,False,False,False,1.0,-13.846,3,0.0052,36,3
SRR26884007#2,True,False,False,False,0.995,-9.917,19F,0.418373,45,19F
ERR3270748#4,True,False,False,False,0.999,-11.395,9V,0.002329,20,9V
ERR326582#92,True,True,True,True,0.761,-6.984,UNKNOWN,0.999998,45,6B
ERR331126#37,True,True,False,True,0.981,-9.721,UNKNOWN,0.958823,45,6C
SRR26817827#2,True,False,False,False,0.999,-11.891,8,0.096763,36,8
ERR869871#3,True,False,False,False,0.969,-9.475,6A,0.015273,45,6A
ERR884517#1,True,True,True,True,0.675,-6.852,UNKNOWN,1.0,39,6A
ERR319337#133,True,False,False,False,0.756,-9.006,6B,0.070286,36,6B
SRR26930620#5,True,False,False,False,1.0,-13.24,8,0.002857,36,8
SRR26879558#5,True,False,False,False,0.999,-12.315,9N,0.035771,18,9N
ERR3899302#4,True,False,False,False,0.946,-10.175,6A,0.000676,45,6A
ERR600233#19,True,False,False,False,0.999,-12.116,33F,0.101291,20,33F
ERR884556#6,True,False,False,False,0.934,-9.596,6B,0.129485,45,6B
ERR862517#2,True,True,False,True,0.742,-8.153,UNKNOWN,0.994886,3,13
SRR26930853#1,True,False,False,False,1.0,-13.165,8,0.00272,3,8
SRR26790192#12,True,False,False,False,0.999,-11.207,23A,0.025728,3,23A
SRR26884640#2,True,False,False,False,1.0,-13.14,8,0.003074,3,8
ERR3669268#4,True,True,False,True,0.96,-10.613,UNKNOWN,0.991197,11,12F
SRR26797909#3,True,True,False,True,0.974,-9.07,UNKNOWN,0.988621,36,23B
ERR13365326#23,True,False,False,False,0.999,-11.231,10A,0.083532,35A_35C_42,10A
SRR26931048#3,True,False,False,False,1.0,-13.013,8,0.00158,36,8
SRR26911190#7,True,False,False,False,1.0,-13.24,8,0.002857,36,8
ERR501595#1,True,False,False,False,1.0,-13.016,1,0.001343,6,1
SRR26833586#1,True,False,False,False,1.0,-13.875,3,0.004701,36,3
ERR876702#11,True,True,False,True,0.98,-9.096,UNKNOWN,0.981456,45,19F
SRR26673672#9,True,True,False,True,0.962,-8.989,UNKNOWN,0.977667,20,12F
ERR662435#7,True,False,False,False,0.998,-11.358,16F,0.016874,35A_35C_42,16F
ERR600111#6,True,False,False,False,0.999,-11.66,23B,0.011021,7B_7C_40,23B
SRR26930468#9,True,False,False,False,1.0,-13.875,3,0.004701,36,3
ERR925341#3,True,True,False,True,0.99,-10.703,UNKNOWN,0.927031,20,17F
SRR26750096#10,True,True,False,True,0.922,-8.823,UNKNOWN,0.936879,12_44_46,11A
ERR13365688#9,True,False,False,False,1.0,-12.338,22F,0.001845,35A_35C_42,22F
ERR3796654#1,True,False,False,False,0.997,-11.778,24F,0.127186,35A_35C_42,24F
SRR26714152#2,True,False,False,False,0.999,-12.039,12F,0.131457,6,12F
SRR26797147#3,True,False,False,False,1.0,-13.116,8,0.001332,36,8
ERR596409#46,True,True,False,True,0.989,-9.915,UNKNOWN,0.928547,36,19A
ERR3227801#1,True,False,False,False,0.997,-11.781,24F,0.124368,35A_35C_42,24F
SRR26797733#14,True,False,False,False,0.999,-11.049,19F,0.000494,12_44_46,19F
ERR568741#12,True,True,True,True,0.504,-6.88,UNKNOWN,1.0,33A_33F_37,34
ERR1788176#2,True,False,False,False,0.927,-10.138,18C,0.026727,36,18C
ERR632948#1,True,False,False,False,0.97,-9.481,6A,0.013349,45,6A
SRR26879738#4,True,False,False,False,0.998,-11.287,22F,0.284724,35A_35C_42,22F
SRR26714074#4,True,False,False,False,1.0,-13.24,8,0.002857,36,8
ERR505560#20,True,True,True,True,0.52,-7.328,UNKNOWN,1.0,20,27
ERR925064#13,True,True,False,True,0.961,-8.717,UNKNOWN,0.995946,36,23F
SRR26714500#4,True,False,False,False,1.0,-13.875,3,0.004701,36,3
ERR2680720#27,True,False,False,False,0.987,-9.965,6A,0.003712,20,6A
SRR26749188#6,True,False,False,False,1.0,-13.24,8,0.002876,36,8
SRR26879689#4,True,False,False,False,0.994,-10.041,19A,0.324967,33C,19A
SRR26930582#11,True,False,False,False,0.998,-11.269,7F,0.457414,35A_35C_42,7F
SRR26880000#14,True,False,False,False,1.0,-13.121,8,0.001159,36,8
ERR3796689#4,True,False,False,False,0.996,-11.759,24F,0.126132,35A_35C_42,24F
SRR26930286#6,True,False,False,False,1.0,-13.231,8,0.002781,36,8
SRR26931769#12,True,False,False,False,1.0,-13.116,8,0.001332,36,8
SRR26910500#1,True,False,False,False,1.0,-13.112,8,0.003465,3,8
SRR26884159#1,True,False,False,False,1.0,-13.164,8,0.002316,3,8
ERR3899484#8,True,False,False,False,0.976,-10.368,6A,0.000521,20,6A
ERR633067#21,True,False,False,False,1.0,-12.043,14,0.003416,Serogroup 33,14
ERR1422519#1,True,False,False,False,0.952,-9.857,6B,0.151917,45,6B
ERR13374942#1,True,False,False,False,0.664,-9.122,15B,0.018324,29,15B
SRR26750003#18,True,False,False,False,0.999,-11.453,12F,0.036853,6,12F
SRR26931844#1,True,True,False,True,0.915,-10.192,UNKNOWN,0.847793,35A_35C_42,35B
SRR26930675#2,True,False,False,False,1.0,-12.44,22F,0.001202,35A_35C_42,22F
ERR2680636#6,True,False,False,False,0.998,-10.997,10A,0.113464,35A_35C_42,10A
SRR26818638#11,True,False,False,False,1.0,-13.116,8,0.001332,36,8
ERR13397672#8,True,False,False,False,1.0,-12.313,22F,0.00255,35A_35C_42,22F
ERR570428#1,True,False,False,False,0.999,-12.158,9N,0.01413,20,9N
ERR600481#32,True,False,False,False,0.999,-11.109,14,0.100399,15,14
ERR2090744#15,True,True,True,True,0.595,-7.741,UNKNOWN,0.999791,36,19F
ERR568439#1,True,False,False,False,0.999,-10.802,19F,0.001934,12_44_46,19F
ERR600408#14,True,False,False,False,1.0,-13.117,1,0.001571,6,1
ERR1764052#19,True,False,False,False,1.0,-12.608,1,0.023719,6,1
ERR13365322#4,True,False,False,False,0.999,-11.845,15A,0.005822,10,15A
ERR1106808#5,True,True,False,True,0.976,-10.036,UNKNOWN,0.751824,12_44_46,35B
SRR26879965#1,True,False,False,False,0.999,-11.207,23A,0.025728,3,23A
ERR774177#7,True,True,False,True,0.974,-10.583,UNKNOWN,0.81636,18,35B
ERR2667132#2,True,False,False,False,1.0,-13.875,3,0.004701,36,3
ERR662439#5,True,False,False,False,1.0,-13.252,8,0.002937,36,8
SRR26880328#25,True,True,True,True,0.718,-7.674,UNKNOWN,0.999923,6,35B
SRR26714255#1,True,False,False,False,1.0,-13.846,3,0.0052,36,3
ERR730943#15,True,False,False,False,0.999,-11.479,23F,0.02,19B_19C,23F
SRR26673184#1,True,False,False,False,1.0,-13.846,3,0.0052,36,3
SRR26879994#1,True,False,False,False,0.997,-10.52,34,0.050467,6,34
SRR26879954#2,True,True,False,True,0.911,-10.23,UNKNOWN,0.695249,35A_35C_42,35B
ERR774282#1,True,False,False,False,1.0,-12.137,16F,0.001581,39,16F
ERR1288967#25,True,False,False,False,0.999,-11.871,5,0.030923,35A_35C_42,5
SRR26834458#1,True,False,False,False,1.0,-13.875,3,0.004701,36,3
ERR876518#2,True,False,False,False,0.911,-10.246,38,0.058807,6,38
SRR26931801#13,True,False,False,False,1.0,-12.358,17F,0.020976,20,17F
SRR26673182#1,True,False,False,False,1.0,-13.846,3,0.0052,36,3
SRR26878333#13,True,False,False,False,1.0,-13.121,8,0.001159,36,8
ERR742380#4,True,False,False,False,0.999,-11.427,19A,0.04732,35A_35C_42,19A
SRR26789632#7,True,True,False,True,0.972,-9.806,UNKNOWN,0.884533,12_44_46,11A
ERR714162#6,True,False,False,False,1.0,-12.945,1,0.002697,6,1
SRR26749977#2,True,False,False,False,1.0,-12.46,22F,0.001321,35A_35C_42,22F
ERR13364788#7,True,False,False,False,0.952,-9.877,6B,0.205409,45,6B
ERR1106684#5,True,False,False,False,0.999,-11.405,1,0.134549,3,1
SRR26673526#6,True,False,False,False,1.0,-12.338,22F,0.001845,35A_35C_42,22F
SRR26878226#2,True,False,False,False,1.0,-13.116,8,0.001332,36,8
SRR26714408#22,True,False,False,False,1.0,-12.338,22F,0.001845,35A_35C_42,22F
SRR26931589#11,True,True,False,True,0.996,-10.72,UNKNOWN,0.697497,45,7C
ERR742353#4,True,False,False,False,0.999,-11.427,19A,0.04732,35A_35C_42,19A
SRR26878216#31,True,False,False,False,0.998,-10.721,19A,0.152458,36,19A
ERR505905#1,True,False,False,False,1.0,-11.795,19A,0.002887,33C,19A
ERR326530#59,False,True,True,True,0.412,-5.996,UNKNOWN,0.999994,20,9V
SRR26884477#2,True,False,False,False,1.0,-12.073,19A,0.000464,33C,19A
ERR714533#30,True,False,False,False,0.997,-10.041,19F,0.112546,36,19F
ERR326417#24,True,True,False,True,0.992,-9.699,UNKNOWN,0.744951,36,6B
SRR26834207#5,True,True,False,True,0.911,-10.136,UNKNOWN,0.93474,35A_35C_42,35B
ERR13365685#5,True,False,False,False,1.0,-13.163,1,0.002052,6,1
ERR449161#2,True,False,False,False,0.999,-11.424,23F,0.012101,19B_19C,23F
ERR433843#22,True,False,False,False,0.999,-12.022,5,0.032776,35A_35C_42,5
ERR5262735#23,True,False,False,False,0.999,-11.604,4,0.057732,36,4
SRR26879529#10,True,False,False,False,0.999,-11.789,10A,0.007694,35A_35C_42,10A
SRR26877891#2,True,False,False,False,0.999,-12.276,31,0.044326,33A_33F_37,31
SRR26910408#4,True,False,False,False,1.0,-13.007,8,0.001797,36,8
ERR730526#13,True,False,False,False,0.878,-8.7,25F,0.017213,6,25F
ERR13365327#3,True,False,False,False,1.0,-12.338,22F,0.001845,35A_35C_42,22F
ERR1453456#2,True,False,False,False,0.998,-11.933,35A,0.220384,36,35A
SRR26818600#25,True,False,False,False,0.999,-12.301,9N,0.036625,18,9N
SRR26790202#1,True,False,False,False,0.959,-10.012,6C,0.408956,6,6C
ERR1066122#1,True,False,False,False,0.97,-9.481,6A,0.013349,45,6A
ERR870205#4,True,False,False,False,0.934,-9.598,6B,0.131941,45,6B
ERR13374658#6,True,True,False,True,0.765,-8.987,UNKNOWN,0.970362,18,35B
ERR13365664#7,True,True,False,True,0.985,-10.064,UNKNOWN,0.767022,33G,14
SRR26797862#1,True,False,False,False,0.999,-11.828,15A,0.005637,10,15A
ERR2853662#8,True,True,False,True,0.992,-9.936,UNKNOWN,0.898886,6,19A
ERR2089541#1,True,False,False,False,1.0,-12.166,19A,0.000246,33C,19A
ERR3899228#2,True,False,False,False,0.999,-11.53,23F,0.012131,19B_19C,23F
SRR26594822#3,True,True,True,True,0.81,-7.339,UNKNOWN,0.99996,35A_35C_42,10A
ERR1065246#3,True,False,False,False,0.999,-10.829,19F,0.001979,12_44_46,19F
ERR774480#29,True,True,False,True,0.953,-10.735,UNKNOWN,0.815088,33G,12F
ERR433507#26,True,True,True,True,0.891,-7.666,UNKNOWN,0.99884,35A_35C_42,19A
ERR774219#16,True,False,False,False,0.962,-9.846,6A,0.001739,20,6A
ERR326338#24,True,False,False,False,0.932,-9.893,6B,0.005728,45,6B
SRR26930335#2,True,False,False,False,1.0,-13.052,8,0.0015,36,8
ERR326505#140,True,True,True,True,0.544,-7.217,UNKNOWN,0.999996,35A_35C_42,4
ERR2090004#1,True,True,False,True,0.997,-11.524,UNKNOWN,0.965824,18,2
SRR26797782#1,True,False,False,False,0.999,-11.77,16F,0.005167,39,16F
SRR26878255#2,True,False,False,False,1.0,-12.46,22F,0.001321,35A_35C_42,22F
ERR326450#100,True,False,False,False,0.998,-10.505,14,0.12709,33G,14
ERR633083#5,True,False,False,False,0.999,-11.337,23F,0.008947,19B_19C,23F
ERR3332202#2,True,False,False,False,0.998,-11.582,24F,0.163063,35A_35C_42,24F
ERR505893#26,True,True,True,True,0.541,-6.487,UNKNOWN,0.999991,6,18C
SRR26818615#32,True,True,True,True,0.759,-6.827,UNKNOWN,0.999999,45,19F
SRR26594505#20,True,True,False,True,0.918,-10.304,UNKNOWN,0.678672,35A_35C_42,35B
SRR26817938#4,True,False,False,False,1.0,-13.24,8,0.002857,36,8
ERR2089326#3,True,False,False,False,0.999,-11.444,9V,0.001745,20,9V
ERR1799734#1,True,True,False,True,0.961,-10.054,UNKNOWN,0.987305,18,9L
SRR26884342#1,True,True,True,True,0.862,-7.947,UNKNOWN,0.997568,35A_35C_42,10A
SRR26594219#23,True,False,False,False,0.999,-12.28,9N,0.029829,18,9N
ERR13365029#13,True,False,False,False,1.0,-12.213,14,0.000411,Serogroup 33,14
ERR909141#15,True,True,False,True,0.994,-10.672,UNKNOWN,0.881455,35A_35C_42,13
ERR3796908#2,True,False,False,False,0.996,-11.71,24F,0.177462,35A_35C_42,24F
ERR13374962#23,True,False,False,False,0.999,-12.201,33F,0.031616,20,33F
SRR26714642#11,True,False,False,False,1.0,-13.116,8,0.001332,36,8
ERR2680802#1,True,False,False,False,1.0,-11.751,19A,0.001928,33C,19A
ERR1658163#6,True,False,False,False,0.999,-11.406,34,0.018059,6,34
ERR1214570#3,True,False,False,False,0.999,-11.032,19F,0.000414,36,19F
ERR2090759#1,True,False,False,False,0.998,-11.368,16F,0.015839,35A_35C_42,16F
ERR3899348#27,True,False,False,False,0.999,-11.763,14,0.01125,36,14
SRR26714347#7,True,False,False,False,0.999,-12.26,12F,0.166022,20,12F
ERR433815#6,True,False,False,False,1.0,-13.089,1,0.001794,6,1
SRR26911142#9,True,False,False,False,1.0,-13.216,8,0.002957,36,8
SRR26673027#19,True,False,False,False,0.999,-12.177,33F,0.025998,20,33F
ERR1191967#20,True,False,False,False,0.998,-11.272,16F,0.095719,35A_35C_42,16F
SRR26818438#2,True,True,False,True,0.988,-10.217,UNKNOWN,0.978587,35A_35C_42,22F
ERR774566#1,True,True,False,True,0.998,-11.194,UNKNOWN,0.953656,35A_35C_42,39
SRR26817966#6,True,False,False,False,1.0,-13.24,8,0.002857,36,8
ERR913339#10,True,True,False,True,0.992,-10.03,UNKNOWN,0.842241,7B_7C_40,23B
ERR730543#2,True,False,False,False,1.0,-12.504,1,0.007645,6,1
SRR26797875#8,True,False,False,False,0.651,-9.117,15C,0.004463,29,15C
ERR1430839#2,True,False,False,False,0.999,-12.014,1,0.175919,6,1
ERR925127#23,True,False,False,False,0.999,-11.706,5,0.047561,35A_35C_42,5
ERR13364478#3,True,False,False,False,1.0,-12.613,35F,0.011958,20,35F
ERR2089642#4,True,True,True,True,0.494,-6.248,UNKNOWN,0.999999,33G,11B
ERR2680916#24,True,False,False,False,0.998,-11.129,4,0.404731,33A_33F_37,4
ERR730165#2,True,True,False,True,0.911,-10.23,UNKNOWN,0.687707,35A_35C_42,35B
ERR2225365#7,True,True,True,True,0.503,-7.818,UNKNOWN,0.89601,19B_19C,14
ERR1422534#1,True,False,False,False,0.999,-11.259,34,0.021128,6,34
ERR1065905#1,True,False,False,False,0.999,-11.803,15A,0.00805,10,15A
ERR2090187#6,True,True,True,True,0.504,-6.953,UNKNOWN,1.0,15,4
SRR26714398#16,True,True,False,True,0.988,-10.217,UNKNOWN,0.978587,35A_35C_42,22F
SRR26833616#8,True,False,False,False,0.999,-11.622,12F,0.159704,20,12F
SRR26878421#5,True,False,False,False,0.999,-12.301,9N,0.036625,18,9N
ERR714696#14,True,False,False,False,0.96,-9.708,6B,0.40409,45,6B
SRR26833667#8,True,False,False,False,0.998,-11.012,10A,0.247467,35A_35C_42,10A
ERR750937#1,True,True,False,True,0.976,-10.41,UNKNOWN,0.626798,12_44_46,11A
ERR1540787#15,True,True,False,True,0.983,-9.68,UNKNOWN,0.983976,20,13
ERR773867#2,True,False,False,False,1.0,-12.294,22F,0.002705,33A_33F_37,22F
SRR26750012#5,True,False,False,False,1.0,-13.875,3,0.004701,36,3
ERR714582#6,True,False,False,False,0.949,-10.369,18C,0.095181,Serogroup 33,18C
ERR997553#1,True,True,False,True,0.701,-8.754,UNKNOWN,0.996851,18,20A
ERR862454#1,True,False,False,False,1.0,-12.231,22F,0.00337,33A_33F_37,22F
ERR13375058#24,True,False,False,False,1.0,-12.124,14,0.000889,20,14
ERR600557#4,True,False,False,False,0.972,-9.563,6A,0.013382,45,6A
ERR742417#28,True,False,False,False,1.0,-11.831,14,0.003904,36,14
ERR13374860#22,True,False,False,False,0.999,-12.036,9N,0.105136,18,9N
ERR1788209#3,True,False,False,False,0.999,-11.198,19F,0.003865,12_44_46,19F
ERR1795493#6,True,False,False,False,1.0,-12.899,1,0.004146,6,1
ERR340867#12,True,True,False,True,0.941,-8.481,UNKNOWN,0.998384,45,19F
ERR2667876#12,True,False,False,False,1.0,-12.213,14,0.000411,Serogroup 33,14
SRR26878578#21,True,True,False,True,0.958,-9.859,UNKNOWN,0.92164,35A_35C_42,24A
SRR26911151#1,True,False,False,False,1.0,-12.467,22F,0.001449,35A_35C_42,22F
SRR26879958#2,True,False,False,False,0.781,-9.345,15B,0.016951,29,15B
ERR2089167#4,True,False,False,False,0.999,-12.355,33F,0.031441,20,33F
ERR3303400#1,True,False,False,False,0.999,-11.666,23B,0.024443,7B_7C_40,23B
ERR730593#3,True,True,False,True,0.964,-9.505,UNKNOWN,0.806002,45,6B
ERR1192114#7,True,True,False,True,0.972,-9.035,UNKNOWN,0.995725,10,15A
ERR2680956#1,True,False,False,False,0.999,-11.904,1,0.058622,6,1
ERR884552#5,True,False,False,False,0.958,-10.589,18C,0.024194,Serogroup 33,18C
SRR26878139#1,True,False,False,False,1.0,-11.795,19A,0.002887,33C,19A
ERR736931#34,True,True,False,True,0.937,-9.302,UNKNOWN,0.846822,12_44_46,11A
ERR1288904#11,True,True,False,True,0.984,-9.529,UNKNOWN,0.972043,35A_35C_42,45
ERR909318#7,True,True,False,True,0.996,-10.594,UNKNOWN,0.607355,6,7C
ERR505747#8,True,False,False,False,0.999,-11.129,19A,0.085145,10D,19A
ERR4501418#2,True,False,False,False,0.996,-11.71,24F,0.177462,35A_35C_42,24F
SRR26789977#31,True,True,False,True,0.953,-10.735,UNKNOWN,0.815088,33G,12F
ERR870199#18,True,False,False,False,0.933,-9.589,6B,0.120033,45,6B
ERR1065306#1,True,False,False,False,0.999,-11.399,34,0.018499,6,34
ERR913257#37,True,False,False,False,0.999,-12.177,1,0.015296,6,1
SRR26931313#10,True,False,False,False,0.998,-12.09,12F,0.267415,11,12F
SRR26594937#24,True,False,False,False,0.998,-11.012,10A,0.247467,35A_35C_42,10A
SRR26884591#5,True,True,False,True,0.992,-9.762,UNKNOWN,0.619725,35A_35C_42,16F
SRR26594900#8,True,False,False,False,1.0,-12.982,8,0.007993,36,8
SRR26818089#7,True,False,False,False,1.0,-13.239,8,0.002861,36,8
ERR1214699#18,True,False,False,False,0.997,-10.59,4,0.366978,36,4
ERR3796909#8,True,False,False,False,0.997,-11.789,24F,0.122239,35A_35C_42,24F
ERR2090685#25,True,False,False,False,0.999,-11.871,5,0.030923,35A_35C_42,5
ERR326415#30,True,True,True,True,0.864,-7.315,UNKNOWN,0.998562,6,6A
ERR2091196#1,True,True,False,True,0.997,-11.524,UNKNOWN,0.964825,18,2
ERR3899218#1,True,False,False,False,0.999,-11.421,23F,0.010526,19B_19C,23F
SRR26931785#29,True,False,False,False,1.0,-13.846,3,0.0052,36,3
ERR870031#1,True,False,False,False,0.618,-9.373,6B,0.031678,6,6B
ERR600562#16,True,False,False,False,0.999,-11.614,23F,0.010927,19B_19C,23F
SRR26790166#1,True,False,False,False,0.999,-12.047,12F,0.120785,6,12F
ERR1066087#1,True,False,False,False,0.999,-11.334,10A,0.037625,35A_35C_42,10A
SRR26911198#1,True,True,True,True,0.57,-6.501,UNKNOWN,1.0,6,10A
ERR1214513#10,True,True,False,True,0.867,-9.672,UNKNOWN,0.964856,12_44_46,11A
ERR701821#6,True,False,False,False,1.0,-13.117,1,0.001571,6,1
ERR600248#1,True,True,False,True,0.804,-9.416,UNKNOWN,0.646691,12_44_46,11A
SRR26931503#12,True,False,False,False,1.0,-13.015,8,0.001885,36,8
SRR26931715#17,True,False,False,False,1.0,-13.007,8,0.001797,36,8
ERR876461#13,True,False,False,False,1.0,-12.199,14,0.000457,Serogroup 33,14
SRR26750089#4,True,False,False,False,1.0,-12.505,8,0.006776,36,8
SRR26714604#154,True,True,False,True,0.988,-9.453,UNKNOWN,0.9325,45,19F
ERR13364534#24,True,False,False,False,1.0,-11.791,14,0.003155,33G,14
ERR13374992#1,True,False,False,False,1.0,-12.073,19A,0.000464,33C,19A
ERR773960#20,True,True,False,True,0.976,-10.133,UNKNOWN,0.627082,45,6B
SRR26673277#3,True,False,False,False,0.999,-11.981,8,0.042231,3,8
ERR2089443#1,True,False,False,False,0.934,-9.597,6B,0.131384,45,6B
ERR13364618#9,True,True,False,True,0.985,-10.068,UNKNOWN,0.762754,33G,14
ERR2089031#7,True,False,False,False,0.999,-10.991,19F,0.000567,12_44_46,19F
ERR714534#1,True,False,False,False,0.993,-9.896,23F,0.493678,3,23F
ERR913563#2,True,False,False,False,0.665,-9.095,15C,0.004659,29,15C
ERR1214443#1,True,False,False,False,0.832,-9.862,38,0.128532,3,38
SRR26930665#1,True,False,False,False,0.999,-11.411,19A,0.015491,33C,19A
ERR2090675#4,True,False,False,False,0.999,-12.201,12F,0.257331,20,12F
ERR13365186#1,True,False,False,False,0.999,-11.85,15A,0.005199,10,15A
SRR26749190#12,True,False,False,False,1.0,-12.19,19A,0.000217,33C,19A
ERR2680638#1,True,True,False,True,0.848,-9.582,UNKNOWN,0.554524,12_44_46,11A
ERR742706#4,True,False,False,False,0.972,-9.563,6A,0.013382,45,6A
SRR26910686#2,True,False,False,False,1.0,-13.116,8,0.001332,36,8
SRR26673163#1,True,False,False,False,0.999,-12.041,12F,0.082214,11,12F
ERR2090236#24,True,False,False,False,0.995,-10.117,11A,0.036338,12_44_46,11A
ERR340890#3,True,False,False,False,1.0,-13.015,8,0.001885,36,8
SRR26931526#2,True,True,False,True,0.831,-9.501,UNKNOWN,0.624814,12_44_46,11A
ERR870316#4,True,False,False,False,0.934,-9.598,6B,0.131947,45,6B
SRR26673591#1,True,True,False,True,0.988,-9.451,UNKNOWN,0.773423,35A_35C_42,16F
ERR714493#1,True,True,False,True,0.99,-9.682,UNKNOWN,0.685706,34,6A
ERR13365466#17,True,True,False,True,0.962,-8.421,UNKNOWN,0.963617,15,16F
ERR13366087#1,True,False,False,False,0.998,-11.393,4,0.225197,3,4
SRR26930987#2,True,False,False,False,1.0,-13.116,8,0.001332,36,8
ERR568536#1,True,False,False,False,0.998,-11.132,1,0.454579,6,1
ERR13397677#29,True,False,False,False,0.997,-10.81,10A,0.324729,36,10A
SRR26931732#10,True,False,False,False,0.999,-11.007,21,0.017377,45,21
ERR4501439#2,True,False,False,False,0.996,-11.718,24F,0.175543,35A_35C_42,24F
SRR26931645#6,True,True,False,True,0.997,-10.792,UNKNOWN,0.502784,45,7C
ERR1788545#1,True,False,False,False,1.0,-13.875,3,0.004701,36,3
ERR2680642#8,True,True,False,True,0.977,-8.995,UNKNOWN,0.99998,35A_35C_42,24A
SRR26797280#2,True,False,False,False,1.0,-13.121,8,0.001159,36,8
ERR2090089#6,True,False,False,False,0.999,-11.246,16F,0.088337,45,16F
ERR774079#1,True,True,False,True,0.938,-9.82,UNKNOWN,0.939063,18,35B
ERR1214343#12,True,False,False,False,0.999,-11.746,13,0.005522,20,13
SRR26797422#16,True,False,False,False,1.0,-12.297,17F,0.024914,20,17F
ERR1788572#17,True,False,False,False,0.999,-11.77,14,0.003445,Serogroup 33,14
ERR2089296#1,True,False,False,False,0.999,-12.389,17F,0.033077,20,17F
SRR26715006#1,True,True,False,True,0.911,-10.23,UNKNOWN,0.677022,35A_35C_42,35B
SRR26673099#2,True,False,False,False,0.999,-12.044,22F,0.00517,35A_35C_42,22F
SRR26930711#30,True,False,False,False,0.998,-11.11,10A,0.252468,35A_35C_42,10A
SRR26883978#1,True,False,False,False,0.999,-12.276,31,0.044326,33A_33F_37,31
ERR714261#5,True,True,False,True,0.954,-8.813,UNKNOWN,0.9998,3,7B
ERR13365972#1,True,False,False,False,0.999,-12.27,31,0.041689,33A_33F_37,31
ERR568494#2,True,True,False,True,0.959,-9.868,UNKNOWN,0.697524,45,6B
ERR2612085#1,True,False,False,False,0.999,-11.617,19A,0.006008,33C,19A
SRR26749371#8,True,False,False,False,0.999,-12.253,12F,0.132868,20,12F
ERR730474#5,True,False,False,False,0.934,-9.597,6B,0.131623,45,6B
SRR26595071#3,True,False,False,False,0.899,-10.21,38,0.020621,3,38
ERR2090901#5,True,True,False,True,0.989,-9.736,UNKNOWN,0.886398,35A_35C_42,5
ERR3303389#2,True,False,False,False,1.0,-11.805,19A,0.002919,33C,19A
ERR742449#2,True,False,False,False,1.0,-12.496,17F,0.012432,20,17F
SRR26931874#1,True,False,False,False,1.0,-13.102,8,0.003566,3,8
SRR26594886#5,True,False,False,False,1.0,-13.234,8,0.002726,36,8
SRR26797092#1,True,True,False,True,0.988,-10.217,UNKNOWN,0.978587,35A_35C_42,22F
SRR26594545#41,True,False,False,False,1.0,-12.469,22F,0.001205,35A_35C_42,22F
ERR311098#28,True,False,False,False,0.999,-11.464,8,0.072037,3,8
ERR13365654#7,True,False,False,False,1.0,-12.121,22F,0.00241,35A_35C_42,22F
ERR876552#15,True,False,False,False,0.946,-10.37,18C,0.0626,Serogroup 33,18C
ERR13365512#1,True,False,False,False,0.999,-12.03,9N,0.026507,20,9N
SRR26880105#3,True,False,False,False,1.0,-13.121,8,0.001159,36,8
ERR884507#1,True,True,True,True,0.526,-6.81,UNKNOWN,0.999998,10,6C
ERR862485#3,True,True,False,True,0.996,-10.414,UNKNOWN,0.666909,20,33F
ERR730511#2,True,False,False,False,1.0,-12.575,1,0.007906,6,1
SRR26883759#2,True,False,False,False,1.0,-13.116,8,0.001332,36,8
ERR3303343#6,True,False,False,False,0.985,-9.596,6A,0.316207,36,6A
SRR26834394#7,True,False,False,False,1.0,-13.24,8,0.002857,36,8
ERR13374800#4,True,False,False,False,0.999,-11.865,17F,0.104082,20,17F
ERR8481905#2,True,False,False,False,0.996,-11.714,24F,0.180937,35A_35C_42,24F
ERR2090166#3,True,False,False,False,0.908,-9.901,18C,0.206306,Serogroup 33,18C
ERR326414#36,True,True,False,True,0.543,-8.8,UNKNOWN,0.399548,29,15C
ERR316913#5,True,False,False,False,0.959,-10.583,18C,0.026814,Serogroup 33,18C
ERR3303436#5,True,False,False,False,0.981,-9.075,6B,0.077266,45,6B
ERR13365609#2,True,False,False,False,1.0,-12.15,14,0.000561,Serogroup 33,14
SRR26673473#14,True,False,False,False,0.999,-11.711,15A,0.003778,10,15A
ERR742586#15,True,True,False,True,0.814,-8.579,UNKNOWN,0.999215,25A_25F_38,35B
ERR1540677#21,True,False,False,False,0.996,-10.292,19A,0.14108,6,19A
ERR774047#8,True,True,False,True,0.996,-10.594,UNKNOWN,0.607355,6,7C
ERR1453829#1,True,True,False,True,0.89,-9.734,UNKNOWN,0.515371,6,6C
SRR26930627#7,True,False,False,False,0.999,-10.919,19F,0.000429,12_44_46,19F
SRR26880283#2,True,False,False,False,1.0,-13.846,3,0.0052,36,3
ERR8481776#1,True,False,False,False,1.0,-12.768,8,0.009374,36,8
ERR2853574#1,True,False,False,False,1.0,-11.751,19A,0.001928,33C,19A
SRR26594241#42,True,True,False,True,0.923,-8.609,UNKNOWN,0.999722,45,23B
ERR876673#21,True,False,False,False,1.0,-13.187,3,0.013565,36,3
ERR1799731#25,True,False,False,False,0.998,-10.909,9V,0.00905,20,9V
ERR1658144#6,True,True,True,True,0.843,-8.146,UNKNOWN,0.99945,35A_35C_42,35B
ERR505853#52,True,True,False,True,0.998,-11.404,UNKNOWN,0.624767,35A_35C_42,7F
ERR2681283#7,True,False,False,False,0.934,-9.596,6B,0.129484,45,6B
ERR980101#18,True,False,False,False,0.997,-10.489,14,0.162961,33G,14
SRR26879891#1,True,False,False,False,1.0,-11.831,19A,0.001303,6,19A
ERR862351#13,True,False,False,False,0.997,-10.211,19F,0.143596,36,19F
ERR7568068#2,True,False,False,False,0.999,-11.678,23B,0.008587,7B_7C_40,23B
SRR26789948#28,True,True,False,True,0.953,-10.735,UNKNOWN,0.815088,33G,12F
ERR1214660#12,True,False,False,False,1.0,-12.227,14,0.000411,Serogroup 33,14
ERR600567#1,True,True,True,True,0.495,-7.372,UNKNOWN,1.0,33G,14
ERR1065718#1,True,False,False,False,0.999,-11.782,16F,0.005031,39,16F
ERR13365054#8,True,False,False,False,0.999,-12.176,3,0.132834,11,3
ERR2091209#24,True,True,True,True,0.626,-7.938,UNKNOWN,0.964161,45,23F
SRR26910713#1,True,True,False,True,0.993,-9.698,UNKNOWN,0.502854,12_44_46,19F
SRR26878079#4,True,True,False,True,0.969,-9.93,UNKNOWN,0.910351,20,35B
SRR26789950#15,True,False,False,False,1.0,-12.468,17F,0.014674,20,17F
ERR338218#48,True,True,False,True,0.974,-9.784,UNKNOWN,0.994733,35A_35C_42,7F
SRR26911140#5,True,False,False,False,1.0,-13.875,3,0.004701,36,3
ERR714337#9,True,True,False,True,0.953,-10.735,UNKNOWN,0.815088,33G,12F
ERR3303178#6,True,True,False,True,0.967,-10.457,UNKNOWN,0.55492,12_44_46,11A
SRR26789861#5,True,False,False,False,0.999,-11.513,10A,0.083215,35A_35C_42,10A
ERR869997#23,True,True,False,True,0.991,-10.125,UNKNOWN,0.954814,7A_7F,10B
ERR490722#3,True,False,False,False,0.884,-9.562,6B,0.052929,45,6B
SRR26834407#16,True,False,False,False,0.999,-11.491,15A,0.029603,10,15A
SRR26595061#1,True,False,False,False,1.0,-13.123,8,0.00125,36,8
ERR633025#6,True,True,False,True,0.976,-10.131,UNKNOWN,0.629938,45,6B
ERR568483#6,True,False,False,False,0.998,-10.429,19F,0.075237,Serogroup 33,19F
SRR26879681#7,True,False,False,False,0.999,-12.158,9N,0.01413,20,9N
ERR2090303#6,True,False,False,False,0.96,-9.804,6B,0.239441,45,6B
ERR568755#2,True,True,False,True,0.781,-8.198,UNKNOWN,0.993669,3,23F
ERR774530#16,True,False,False,False,0.999,-12.275,17F,0.026226,20,17F
ERR8481795#7,True,True,False,True,0.911,-10.062,UNKNOWN,0.917055,18,35B
ERR1658193#7,True,False,False,False,0.942,-9.97,6A,0.001434,45,6A
ERR7568065#1,True,False,False,False,1.0,-13.157,8,0.002131,36,8
ERR750775#2,True,True,False,True,0.977,-8.625,UNKNOWN,0.900221,45,19F
ERR2089113#13,True,True,False,True,0.983,-9.68,UNKNOWN,0.983976,20,13
ERR980263#13,True,False,False,False,0.755,-9.395,20A,0.409508,18,20A
ERR13365220#5,True,False,False,False,1.0,-12.185,14,0.000619,Serogroup 33,14
SRR26749454#2,True,True,True,True,0.7,-8.004,UNKNOWN,0.999878,6,15A
ERR1453443#5,True,True,False,True,0.959,-10.606,UNKNOWN,0.990521,11,12F
ERR600249#1,True,False,False,False,0.999,-11.622,23B,0.011223,6,23B
ERR884425#3,True,True,False,True,0.96,-9.943,UNKNOWN,0.51148,45,6B
ERR1788536#1,True,True,False,True,0.996,-10.971,UNKNOWN,0.834648,35A_35C_42,29
ERR2089929#13,True,True,False,True,0.983,-9.68,UNKNOWN,0.983976,20,13
SRR26817726#10,True,False,False,False,0.999,-12.253,12F,0.132868,20,12F
ERR1202282#6,True,True,True,True,0.832,-7.335,UNKNOWN,0.999014,45,19F
SRR26884442#1,True,False,False,False,1.0,-12.467,22F,0.001449,35A_35C_42,22F
ERR13365406#13,True,False,False,False,1.0,-12.227,14,0.000411,Serogroup 33,14
SRR26931760#28,True,False,False,False,0.999,-11.513,10A,0.083215,35A_35C_42,10A
ERR3270844#19,True,False,False,False,0.99,-9.655,11A,0.495898,12_44_46,11A
ERR13366177#1,True,True,True,True,0.416,-6.843,UNKNOWN,1.0,3,15A
ERR742426#14,True,False,False,False,0.943,-10.305,18C,0.076502,Serogroup 33,18C
SRR26879558#1,True,False,False,False,0.999,-12.158,9N,0.01413,20,9N
ERR751049#1,True,False,False,False,0.999,-12.013,9N,0.089069,18,9N
ERR714154#3,True,False,False,False,1.0,-12.945,1,0.002697,6,1
SRR26749388#20,True,False,False,False,0.999,-11.125,19A,0.042412,33C,19A
SRR26834427#16,True,True,False,True,0.922,-9.844,UNKNOWN,0.88887,12_44_46,11A
ERR13364702#35,True,False,False,False,1.0,-12.226,14,0.000458,Serogroup 33,14
ERR600235#40,True,False,False,False,0.95,-8.972,19F,0.435162,36,19F
ERR600577#6,True,False,False,False,0.998,-11.198,4,0.288686,36,4
ERR1202444#1,True,False,False,False,0.999,-11.795,13,0.006384,20,13
SRR26878377#16,True,False,False,False,0.999,-12.118,33F,0.104626,20,33F
ERR925181#1,True,False,False,False,0.999,-11.702,23B,0.009886,7B_7C_40,23B
ERR997661#2,True,True,False,True,0.911,-10.23,UNKNOWN,0.688568,35A_35C_42,35B
ERR925357#14,True,False,False,False,0.999,-11.612,23F,0.010687,19B_19C,23F
SRR26911103#1,True,False,False,False,0.997,-10.857,12F,0.180318,6,12F
SRR26749255#5,True,False,False,False,1.0,-13.241,8,0.002839,36,8
SRR26884300#35,True,False,False,False,0.997,-10.758,19A,0.153929,35A_35C_42,19A
ERR714417#2,True,False,False,False,1.0,-12.418,1,0.014958,6,1
ERR730422#2,True,False,False,False,0.999,-11.447,1,0.11808,3,1
ERR1202359#26,True,False,False,False,1.0,-12.891,1,0.003906,6,1
ERR979904#48,True,True,False,True,0.991,-10.289,UNKNOWN,0.692567,3,1
SRR26911062#1,True,False,False,False,0.999,-11.683,15A,0.00458,10,15A
ERR714708#7,True,True,False,True,0.955,-9.522,UNKNOWN,0.754418,33G,14
ERR2090575#2,True,False,False,False,0.962,-9.186,6A,0.238933,36,6A
ERR2680581#2,True,False,False,False,0.999,-11.904,1,0.058622,6,1
SRR26594254#1,True,False,False,False,0.999,-11.493,7C,0.389198,45,7C
ERR2091187#7,True,True,False,True,0.927,-8.192,UNKNOWN,0.996611,20,21
ERR870212#1,True,False,False,False,0.998,-11.581,24F,0.152065,35A_35C_42,24F
ERR4501325#2,True,False,False,False,0.996,-11.702,24F,0.163338,35A_35C_42,24F
ERR1799749#26,True,True,False,True,0.99,-9.846,UNKNOWN,0.718696,20,9V
SRR26818129#1,True,False,False,False,1.0,-13.165,8,0.00272,3,8
ERR1430867#1,True,False,False,False,0.999,-11.33,1,0.117762,6,1
ERR1065703#25,True,False,False,False,0.997,-10.952,21,0.309078,20,21
ERR1658231#5,True,False,False,False,0.999,-11.492,15A,0.034501,10,15A
ERR2090316#1,True,False,False,False,0.983,-9.708,19F,0.497392,12_44_46,19F
ERR326454#39,True,True,True,True,0.501,-7.432,UNKNOWN,0.999995,45,19F
SRR26749871#75,True,False,False,False,1.0,-12.717,8,0.006862,36,8
ERR2090397#1,True,False,False,False,0.542,-9.146,15C,0.004489,29,15C
SRR26833889#22,True,False,False,False,0.999,-12.158,9N,0.01413,20,9N
ERR2090696#4,True,False,False,False,0.999,-12.201,12F,0.257331,20,12F
ERR505506#24,True,False,False,False,0.999,-11.014,19F,0.000419,12_44_46,19F
SRR26834389#2,True,False,False,False,0.584,-9.168,15B,0.004102,29,15B
ERR632875#2,True,False,False,False,1.0,-11.81,14,0.003765,Serogroup 33,14
ERR586448#1,True,False,False,False,0.999,-11.714,19A,0.002335,33C,19A
ERR870170#2,True,False,False,False,0.999,-12.346,3,0.064394,36,3
SRR26818108#4,True,False,False,False,0.998,-10.732,19A,0.09909,35A_35C_42,19A
SRR26594403#2,True,False,False,False,1.0,-13.846,3,0.0052,36,3
ERR13374930#3,True,False,False,False,1.0,-12.37,22F,0.002782,35A_35C_42,22F
SRR26818358#10,True,False,False,False,0.999,-12.176,3,0.132834,11,3
SRR26833881#6,True,True,True,True,0.884,-7.358,UNKNOWN,0.997113,10,15A
ERR2213017#1,True,True,False,True,0.953,-8.808,UNKNOWN,0.999874,3,7B
SRR26910687#23,True,True,False,True,0.93,-8.447,UNKNOWN,0.993154,33C,6C
ERR4501469#2,True,False,False,False,0.996,-11.719,24F,0.175838,35A_35C_42,24F
SRR26884147#5,True,True,False,True,0.977,-9.714,UNKNOWN,0.968914,20,7C
SRR26879709#10,True,False,False,False,0.998,-11.24,7F,0.451371,35A_35C_42,7F
SRR26910544#12,True,False,False,False,0.999,-12.158,9N,0.01413,20,9N
ERR1422563#17,True,False,False,False,1.0,-11.773,14,0.001661,Serogroup 33,14
ERR997509#4,True,True,False,True,0.938,-9.376,UNKNOWN,0.972178,20,35B
SRR26834348#5,True,False,False,False,1.0,-12.969,8,0.008285,36,8
ERR2090637#24,True,False,False,False,0.997,-10.921,5,0.214664,35A_35C_42,5
ERR1191897#4,True,False,False,False,0.999,-11.387,23F,0.009362,19B_19C,23F
SRR26879967#14,True,False,False,False,0.999,-11.46,13,0.011072,20,13
ERR13365894#4,True,False,False,False,0.835,-9.545,20B,0.217679,18,20B
SRR26595148#1,True,False,False,False,1.0,-13.436,8,0.001116,36,8
ERR862469#10,True,True,True,True,0.411,-7.141,UNKNOWN,1.0,33E,18A
ERR3217573#7,True,False,False,False,1.0,-12.102,14,0.001214,Serogroup 33,14
ERR774058#1,True,False,False,False,0.988,-10.774,11A,0.400475,12_44_46,11A
SRR26910310#1,True,False,False,False,0.999,-12.158,9N,0.01413,20,9N
ERR3303237#2,True,False,False,False,0.999,-11.368,23F,0.008598,19B_19C,23F
ERR980074#1,True,False,False,False,0.961,-9.598,14,0.060072,36,14
SRR26930326#5,True,False,False,False,1.0,-13.24,8,0.002857,36,8
ERR1202283#51,True,False,False,False,1.0,-12.891,1,0.003906,6,1
SRR26884109#7,True,False,False,False,1.0,-13.24,8,0.002857,36,8
ERR13375128#30,True,False,False,False,1.0,-12.347,22F,0.001956,35A_35C_42,22F
ERR568621#5,True,False,False,False,0.998,-11.896,9N,0.114229,18,9N
SRR26818481#1,True,False,False,False,0.959,-10.019,6C,0.395307,6,6C
SRR26594372#4,True,False,False,False,1.0,-13.223,8,0.00279,36,8
SRR26714253#4,True,False,False,False,0.999,-11.433,19A,0.015948,35A_35C_42,19A
ERR3723326#5,True,False,False,False,0.999,-11.798,14,0.010203,3,14
ERR862312#25,True,True,False,True,0.988,-10.904,UNKNOWN,0.913688,33G,12F
ERR980183#21,True,True,False,True,0.994,-10.066,UNKNOWN,0.729726,33G,10A
SRR26594699#1,True,False,False,False,1.0,-11.795,19A,0.002887,33C,19A
ERR13375109#10,True,True,False,True,0.984,-9.32,UNKNOWN,0.974685,36,19F
ERR1065336#2,True,False,False,False,0.971,-9.542,6A,0.012763,45,6A
SRR26714876#7,True,False,False,False,1.0,-12.46,22F,0.001321,35A_35C_42,22F
ERR730613#1,True,False,False,False,0.998,-11.896,9N,0.114229,18,9N
ERR13365569#72,True,False,False,False,0.998,-11.411,22F,0.154062,35A_35C_42,22F
SRR26789245#2,True,False,False,False,1.0,-13.846,3,0.0052,36,3
ERR3227765#2,True,False,False,False,0.999,-11.467,19F,0.000496,12_44_46,19F
ERR586363#1,True,False,False,False,0.928,-10.1,6B,0.017924,45,6B
ERR1658096#25,True,False,False,False,0.999,-11.871,5,0.030923,35A_35C_42,5
ERR2090614#2,True,False,False,False,0.998,-10.825,23F,0.061363,19B_19C,23F
SRR26911190#2,True,False,False,False,1.0,-13.121,8,0.001159,36,8
ERR2090440#18,True,False,False,False,0.999,-11.354,9V,0.002306,20,9V
ERR925335#4,True,True,True,True,0.259,-5.817,UNKNOWN,0.999998,33G,11B
ERR913265#17,True,False,False,False,0.999,-11.824,16F,0.012706,35A_35C_42,16F
ERR331172#38,True,True,True,True,0.304,-5.872,UNKNOWN,0.999999,6,18C
ERR913502#18,True,False,False,False,0.999,-11.516,23F,0.016735,19B_19C,23F
ERR1422424#1,True,False,False,False,0.906,-10.026,6B,0.018959,45,6B
SRR26749310#2,True,False,False,False,0.999,-12.109,12F,0.062387,11,12F
SRR26818683#27,True,False,False,False,0.996,-10.628,7F,0.078958,35A_35C_42,7F
SRR26931469#17,True,False,False,False,0.999,-12.073,33F,0.05014,20,33F
SRR26833970#4,True,True,False,True,0.561,-8.398,UNKNOWN,0.880141,29,15C
ERR505619#10,True,False,False,False,0.802,-9.466,6B,0.017749,45,6B
ERR774046#10,True,True,False,True,0.993,-11.543,UNKNOWN,0.961293,11,12F
ERR505692#18,True,False,False,False,1.0,-12.233,14,0.000429,Serogroup 33,14
SRR26880150#11,True,False,False,False,0.999,-11.735,15A,0.015129,10,15A
SRR26931096#2,True,False,False,False,0.999,-12.176,3,0.132834,11,3
ERR2089881#48,True,True,True,True,0.603,-7.074,UNKNOWN,1.0,36,7C
ERR979892#12,True,True,False,True,0.99,-10.231,UNKNOWN,0.687975,3,1
ERR568589#10,True,False,False,False,0.998,-10.825,23F,0.234074,19B_19C,23F
ERR4289148#6,True,True,False,True,0.995,-10.607,UNKNOWN,0.966729,45,33B
SRR26931687#3,True,False,False,False,1.0,-13.223,8,0.00279,36,8
ERR13364387#8,True,False,False,False,1.0,-12.601,35F,0.012335,20,35F
ERR1066276#4,True,False,False,False,1.0,-11.833,14,0.0034,Serogroup 33,14
ERR876467#17,True,False,False,False,0.999,-12.116,33F,0.101291,20,33F
ERR980112#20,True,False,False,False,1.0,-12.043,14,0.001914,Serogroup 33,14
ERR3303402#1,True,False,False,False,0.999,-11.451,23F,0.008851,19B_19C,23F
SRR26797938#3,True,False,False,False,0.999,-11.735,23B,0.00584,6,23B
SRR26877867#1,True,False,False,False,0.999,-11.69,23B,0.004355,7B_7C_40,23B
ERR2090417#2,True,False,False,False,0.999,-12.101,12F,0.064739,11,12F
ERR501616#7,True,True,False,True,0.956,-8.442,UNKNOWN,0.997689,Serogroup 33,18A
ERR750769#18,True,True,False,True,0.958,-8.571,UNKNOWN,0.993345,6,34
SRR26818247#4,True,False,False,False,1.0,-13.24,8,0.002857,36,8
ERR2681077#4,True,False,False,False,0.999,-11.03,19F,0.000412,12_44_46,19F
ERR449230#49,True,False,False,False,0.995,-10.401,9V,0.052712,20,9V
SRR26595049#7,True,False,False,False,1.0,-13.223,8,0.00279,36,8
ERR14654036#22,True,True,True,True,0.776,-7.95,UNKNOWN,0.999813,20,9V
ERR980240#1,True,True,True,True,0.456,-6.895,UNKNOWN,0.999986,45,6B
SRR26931873#7,True,False,False,False,1.0,-13.223,8,0.00279,36,8
ERR13365279#3,True,True,False,True,0.991,-10.043,UNKNOWN,0.701314,39,31
ERR13374764#1,True,False,False,False,0.998,-12.007,33F,0.10909,20,33F
SRR26797176#1,True,False,False,False,1.0,-11.986,10A,0.003392,35A_35C_42,10A
ERR2680647#1,True,False,False,False,0.985,-10.358,6A,0.000833,45,6A
ERR1214675#22,True,False,False,False,1.0,-12.124,14,0.000948,33G,14
ERR2667881#48,True,True,False,True,0.998,-11.232,UNKNOWN,0.690987,11,1
ERR13374916#27,True,False,False,False,1.0,-12.347,22F,0.001956,35A_35C_42,22F
ERR2667348#1,True,False,False,False,0.999,-11.448,23F,0.008827,19B_19C,23F
ERR1066026#13,True,True,False,True,0.961,-9.47,UNKNOWN,0.585112,45,6B
SRR26672870#13,True,False,False,False,1.0,-13.007,8,0.001797,36,8
SRR26714915#15,True,False,False,False,1.0,-13.015,8,0.001885,36,8
ERR13365014#2,True,False,False,False,1.0,-12.961,1,0.00374,6,1
SRR26749815#2,True,False,False,False,0.999,-11.207,23A,0.025728,3,23A
SRR26749953#1,True,False,False,False,1.0,-12.16,19A,0.000305,33C,19A
SRR26789854#2,True,False,False,False,1.0,-13.875,3,0.004701,36,3
ERR352015#1,True,True,True,True,0.74,-7.981,UNKNOWN,1.0,18,9L
ERR338202#11,True,True,False,True,0.944,-8.738,UNKNOWN,0.998061,36,19F
SRR26818252#5,True,True,False,True,0.977,-9.714,UNKNOWN,0.968914,20,7C
ERR1453382#1,True,False,False,False,0.999,-11.29,19F,0.001062,12_44_46,19F
SRR26878056#2,True,False,False,False,1.0,-13.432,8,0.001032,36,8
ERR13374781#28,True,False,False,False,0.999,-11.633,10A,0.012676,35A_35C_42,10A
ERR2090515#24,True,False,False,False,0.998,-11.073,5,0.069323,35A_35C_42,5
ERR876596#7,True,False,False,False,1.0,-11.799,14,0.00389,36,14
ERR326718#23,True,True,False,True,0.809,-8.54,UNKNOWN,0.996097,20,9V
SRR26714439#2,True,True,False,True,0.997,-10.807,UNKNOWN,0.593049,6,7C
ERR925084#15,True,False,False,False,0.999,-11.631,23F,0.010404,19B_19C,23F
SRR26797481#44,True,False,False,False,0.997,-11.588,17F,0.376695,20,17F
ERR1658110#1,True,False,False,False,0.999,-11.672,23B,0.01212,7B_7C_40,23B
ERR1540772#28,True,False,False,False,0.52,-9.539,6B,0.003269,45,6B
ERR979922#7,True,False,False,False,1.0,-12.945,1,0.002697,6,1
ERR600555#1,True,False,False,False,1.0,-13.109,8,0.003387,3,8
ERR2667597#1,True,False,False,False,0.999,-12.162,9N,0.016249,20,9N
SRR26797872#1,True,False,False,False,0.999,-12.119,9N,0.026188,20,9N
SRR26594305#11,True,False,False,False,0.999,-12.321,12F,0.067768,33G,12F
ERR3303452#1,True,False,False,False,0.998,-11.208,33B,0.379204,20,33B
ERR632966#4,True,True,False,True,0.997,-10.901,UNKNOWN,0.526767,20,33D
ERR2090113#1,True,False,False,False,0.999,-11.468,19F,0.000534,12_44_46,19F
SRR26884222#13,True,False,False,False,0.586,-9.169,15B,0.004174,29,15B
ERR2089130#2,True,True,False,True,0.872,-9.724,UNKNOWN,0.568296,12_44_46,11A
SRR26833941#1,True,False,False,False,1.0,-13.116,8,0.001332,36,8
ERR326717#15,True,False,False,False,0.984,-10.104,19A,0.082441,15,19A
SRR26833767#6,True,False,False,False,1.0,-13.24,8,0.002729,36,8
SRR26878516#9,True,False,False,False,1.0,-12.715,8,0.004037,36,8
ERR8481759#13,True,False,False,False,0.997,-10.539,23B,0.149301,7B_7C_40,23B
ERR1065277#1,True,True,False,True,0.954,-10.339,UNKNOWN,0.547263,12_44_46,11A
SRR26879452#4,True,False,False,False,1.0,-13.123,8,0.00125,36,8
ERR1422361#5,True,False,False,False,0.999,-11.486,10A,0.026897,35A_35C_42,10A
ERR2667096#6,True,False,False,False,1.0,-11.814,14,0.003688,Serogroup 33,14
ERR505604#2,True,False,False,False,0.999,-10.693,19F,0.001675,12_44_46,19F
ERR913212#14,True,False,False,False,0.895,-8.668,25F,0.024657,6,25F
SRR26789466#4,True,False,False,False,1.0,-13.121,8,0.001159,36,8
SRR26878707#28,True,False,False,False,0.998,-11.012,10A,0.247467,35A_35C_42,10A
SRR26714220#1,True,False,False,False,1.0,-13.427,8,0.00113,36,8
ERR925313#15,True,True,False,True,0.995,-10.577,UNKNOWN,0.784709,6,19B
ERR1202575#6,True,False,False,False,0.998,-11.088,7F,0.173984,20,7F
SRR26879667#4,True,False,False,False,1.0,-13.24,8,0.002857,36,8
ERR13365254#1,True,False,False,False,1.0,-13.846,3,0.0052,36,3
SRR26789830#1,True,False,False,False,0.617,-9.116,15C,0.002928,29,15C
ERR13374638#10,True,True,False,True,0.937,-8.868,UNKNOWN,0.987428,Serogroup 33,14
SRR26931102#5,True,False,False,False,1.0,-13.237,8,0.002845,36,8
SRR26673459#2,True,False,False,False,1.0,-13.007,8,0.001797,36,8
ERR1799729#1,True,False,False,False,0.999,-11.451,23F,0.008851,19B_19C,23F
ERR1065909#2,True,False,False,False,0.569,-9.136,15C,0.003635,29,15C
ERR570426#1,True,False,False,False,1.0,-12.418,1,0.014958,6,1
SRR26818337#14,True,False,False,False,0.999,-11.764,10A,0.008105,35A_35C_42,10A
ERR1788427#4,True,False,False,False,1.0,-12.22,14,0.001479,15,14
ERR2680874#1,True,False,False,False,0.934,-9.597,6B,0.130602,45,6B
ERR2090147#18,True,False,False,False,0.999,-12.046,12F,0.06871,11,12F
ERR913426#3,True,True,False,True,0.994,-9.891,UNKNOWN,0.569102,3,6A
ERR1065847#9,True,True,False,True,0.996,-10.659,UNKNOWN,0.537039,6,7C
SRR26880086#1,True,False,False,False,0.999,-12.116,9N,0.018865,20,9N
ERR1066020#20,True,False,False,False,0.992,-10.07,19F,0.295787,Serogroup 33,19F
SRR26789264#2,True,False,False,False,1.0,-12.46,22F,0.001321,35A_35C_42,22F
SRR26818105#10,True,False,False,False,0.999,-11.304,16F,0.113895,35A_35C_42,16F
SRR26818645#9,True,False,False,False,1.0,-13.24,8,0.002857,36,8
SRR26818187#2,True,False,False,False,1.0,-12.969,8,0.008285,36,8
SRR26817915#2,True,True,False,True,0.911,-10.231,UNKNOWN,0.677668,35A_35C_42,35B
ERR2090431#26,True,False,False,False,0.997,-10.921,5,0.214664,35A_35C_42,5
ERR1788179#1,True,False,False,False,0.999,-11.29,19F,0.001062,12_44_46,19F
ERR586379#24,True,True,False,True,0.84,-8.467,UNKNOWN,0.991268,20,9V
ERR984255#1,True,True,False,True,0.964,-9.626,UNKNOWN,0.99315,33G,11B
ERR908939#1,True,True,True,True,0.629,-7.066,UNKNOWN,0.999961,33A_33F_37,34
ERR979920#6,True,False,False,False,1.0,-12.945,1,0.002697,6,1
ERR600270#11,True,False,False,False,1.0,-13.846,3,0.0052,36,3
SRR26672848#4,True,False,False,False,0.999,-12.176,3,0.132834,11,3
SRR26910397#2,True,False,False,False,1.0,-13.984,3,0.004317,36,3
SRR26834225#31,True,True,True,True,0.807,-7.973,UNKNOWN,0.982218,36,19A
SRR26931767#17,True,False,False,False,1.0,-13.015,8,0.001885,36,8
ERR505678#13,True,False,False,False,0.956,-10.497,18C,0.032423,Serogroup 33,18C
ERR742607#13,True,False,False,False,1.0,-12.037,19A,0.000559,33C,19A
ERR2090424#5,True,False,False,False,0.998,-11.116,10B,0.171254,33G,10B
ERR1202487#1,True,False,False,False,0.999,-11.413,23F,0.011439,19B_19C,23F
ERR869859#6,True,False,False,False,1.0,-12.043,14,0.001914,Serogroup 33,14
ERR3795910#2,True,False,False,False,1.0,-11.831,14,0.003336,Serogroup 33,14
SRR26877908#12,True,False,False,False,1.0,-13.121,8,0.001159,36,8
ERR774534#4,True,False,False,False,1.0,-11.795,19A,0.002887,33C,19A
SRR26749938#6,True,False,False,False,1.0,-13.223,8,0.00279,36,8
SRR26673298#4,True,False,False,False,1.0,-12.338,22F,0.001845,35A_35C_42,22F
ERR516658#2,True,False,False,False,1.0,-12.597,35F,0.013056,20,35F
ERR2668128#5,True,False,False,False,0.998,-11.087,5,0.184017,35A_35C_42,5
ERR331400#1,True,True,True,True,0.215,-5.815,UNKNOWN,0.999999,18,4
ERR997626#2,True,True,False,True,0.994,-9.931,UNKNOWN,0.500761,3,6A
ERR2853521#1,True,False,False,False,1.0,-11.751,19A,0.001928,33C,19A
ERR1658093#13,True,False,False,False,0.999,-11.11,21,0.016548,45,21
ERR433845#5,True,False,False,False,1.0,-13.117,1,0.001571,6,1
ERR774487#2,True,False,False,False,0.999,-11.803,15A,0.008275,10,15A
SRR26714581#2,True,False,False,False,1.0,-13.123,8,0.00125,36,8
ERR913289#4,True,False,False,False,0.934,-9.598,6B,0.132183,45,6B
SRR26797184#34,True,False,False,False,0.997,-10.794,19A,0.168837,33C,19A
ERR4289113#10,True,True,False,True,0.959,-9.045,UNKNOWN,0.997633,25A_25F_38,28A
ERR730234#6,True,True,False,True,0.942,-9.55,UNKNOWN,0.97816,19B_19C,10A
SRR26818243#10,True,False,False,False,0.999,-12.253,12F,0.132868,20,12F
ERR2089567#22,True,False,False,False,0.999,-12.033,5,0.030574,35A_35C_42,5
ERR2090637#2,True,False,False,False,0.998,-11.082,5,0.128319,35A_35C_42,5
ERR326420#73,True,True,False,True,0.995,-10.584,UNKNOWN,0.813886,36,4
ERR870234#19,True,True,True,True,0.393,-5.601,UNKNOWN,0.999996,45,9V
SRR26883793#10,True,False,False,False,0.999,-12.158,9N,0.01413,20,9N
ERR7568022#8,True,False,False,False,1.0,-13.052,8,0.006247,36,8
SRR26833645#5,True,True,False,True,0.984,-9.35,UNKNOWN,0.796302,Serogroup 33,14
ERR2667803#2,True,False,False,False,1.0,-11.802,19A,0.002787,33C,19A
ERR3303243#2,True,False,False,False,0.999,-11.717,10A,0.011793,35A_35C_42,10A
SRR26930434#1,True,False,False,False,1.0,-13.846,3,0.0052,36,3
ERR1453717#2,True,False,False,False,1.0,-13.875,3,0.004701,36,3
ERR2089287#48,True,False,False,False,0.999,-11.681,10A,0.009267,35A_35C_42,10A
SRR26930742#12,True,False,False,False,1.0,-13.015,8,0.001885,36,8
SRR26790032#2,True,False,False,False,1.0,-13.121,8,0.001159,36,8
ERR913352#2,True,False,False,False,0.961,-9.742,19A,0.027093,15,19A
ERR750875#8,True,False,False,False,0.918,-9.202,14,0.043488,36,14
SRR26749879#28,True,False,False,False,0.989,-9.688,11A,0.226256,12_44_46,11A
SRR26797607#8,True,False,False,False,1.0,-12.212,14,0.000457,Serogroup 33,14
ERR646534#14,True,True,False,True,0.981,-9.142,UNKNOWN,0.941093,36,23F
ERR1422375#4,True,True,False,True,0.96,-10.62,UNKNOWN,0.990759,11,12F
ERR2681287#10,True,False,False,False,0.999,-11.343,14,0.020801,Serogroup 33,14
SRR26834005#6,True,False,False,False,1.0,-13.231,8,0.002781,36,8
ERR3164125#2,True,False,False,False,1.0,-11.857,14,0.003088,Serogroup 33,14
SRR26931790#1,True,False,False,False,1.0,-13.007,8,0.001797,36,8
ERR2090381#2,True,True,False,True,0.976,-8.626,UNKNOWN,0.945018,20,6A
SRR26910735#1,True,False,False,False,0.999,-12.06,12F,0.081991,11,12F
SRR26673371#22,True,False,False,False,0.999,-11.564,10A,0.060704,35A_35C_42,10A
ERR714280#8,True,False,False,False,1.0,-12.575,1,0.007906,6,1
ERR751068#6,True,False,False,False,0.999,-11.923,14,0.005847,Serogroup 33,14
ERR13366250#1,True,True,False,True,0.939,-8.848,UNKNOWN,0.995181,20,22F
ERR876768#6,True,False,False,False,1.0,-12.204,14,0.000587,Serogroup 33,14
ERR1214502#4,True,False,False,False,0.999,-12.197,9N,0.043958,18,9N
SRR26884467#3,True,False,False,False,0.999,-12.176,3,0.132834,11,3
ERR326357#117,True,True,False,True,0.958,-9.357,UNKNOWN,0.814573,45,6B
ERR913524#1,True,False,False,False,0.999,-11.678,23B,0.008587,7B_7C_40,23B
SRR26797517#31,True,False,False,False,0.999,-11.016,23B,0.069766,6,23B
ERR909286#2,True,False,False,False,0.993,-10.194,19F,0.307411,12_44_46,19F
SRR26930868#1,True,False,False,False,0.716,-9.076,15B,0.208993,29,15B
SRR26749314#1,True,False,False,False,0.999,-12.176,33F,0.024942,20,33F
ERR570392#3,True,False,False,False,1.0,-13.187,3,0.013565,36,3
SRR26930696#2,True,False,False,False,1.0,-12.46,22F,0.001321,35A_35C_42,22F
SRR26930676#1,True,False,False,False,0.999,-11.675,23B,0.012413,7B_7C_40,23B
ERR433844#10,True,True,False,True,0.995,-10.595,UNKNOWN,0.749699,35A_35C_42,9L
ERR1106800#10,True,True,False,True,0.925,-10.568,UNKNOWN,0.690718,33G,12F
ERR490733#20,True,True,False,True,0.992,-10.028,UNKNOWN,0.861107,18,5
ERR730155#1,True,True,True,True,0.852,-8.115,UNKNOWN,0.984084,36,19A
ERR1202225#5,True,False,False,False,0.907,-9.983,6B,0.020992,45,6B
ERR2090250#11,True,False,False,False,0.999,-11.344,23F,0.009155,19B_19C,23F
ERR13365604#22,True,True,False,True,0.964,-8.664,UNKNOWN,0.85512,20,9V
ERR750906#6,True,False,False,False,0.934,-9.596,6B,0.129479,45,6B
ERR2680724#3,True,False,False,False,0.579,-9.167,15B,0.004095,29,15B
SRR26797475#15,True,False,False,False,0.999,-12.076,33F,0.019484,20,33F
SRR26931699#1,True,False,False,False,1.0,-13.846,3,0.0052,36,3
ERR876508#13,True,False,False,False,1.0,-11.753,19A,0.003813,33C,19A
ERR742678#1,True,False,False,False,0.999,-11.312,19F,0.002746,12_44_46,19F
ERR2681315#1,True,True,False,True,0.972,-9.961,UNKNOWN,0.818803,6,6C
ERR570445#7,True,False,False,False,1.0,-12.038,14,0.002068,Serogroup 33,14
SRR26817732#1,True,False,False,False,0.996,-10.674,19A,0.206373,33C,19A
SRR26818368#2,True,False,False,False,0.999,-11.493,7C,0.389198,45,7C
ERR3796788#4,True,True,False,True,0.911,-9.659,UNKNOWN,0.891185,35A_35C_42,24F
ERR13364458#3,True,False,False,False,1.0,-12.37,22F,0.002782,35A_35C_42,22F
SRR26797903#2,True,False,False,False,1.0,-11.986,10A,0.003392,35A_35C_42,10A
ERR742622#5,True,False,False,False,0.999,-11.129,19A,0.085145,10D,19A
ERR13364761#8,True,False,False,False,0.999,-11.517,23F,0.008025,19B_19C,23F
ERR1788178#1,True,False,False,False,0.999,-11.428,23F,0.012088,19B_19C,23F
ERR1288867#1,True,True,False,True,0.996,-10.901,UNKNOWN,0.774724,6,19B
ERR1065611#1,True,True,False,True,0.922,-10.296,UNKNOWN,0.838495,35A_35C_42,35B
ERR1788059#32,True,False,False,False,0.999,-11.665,14,0.005156,33G,14
SRR26817894#20,True,True,True,True,0.768,-7.269,UNKNOWN,0.999958,20,34
SRR26931773#2,True,False,False,False,1.0,-12.46,22F,0.001321,35A_35C_42,22F
SRR26673700#1,True,False,False,False,0.998,-11.947,33F,0.125984,20,33F
ERR742721#1,True,False,False,False,0.999,-11.419,23F,0.010878,19B_19C,23F
ERR884604#21,True,True,True,True,0.708,-7.661,UNKNOWN,0.999953,7B_7C_40,23B
SRR26797059#1,True,False,False,False,0.999,-11.207,23A,0.025728,3,23A
ERR13365382#2,True,False,False,False,1.0,-13.429,8,0.001168,36,8
ERR900685#2,True,False,False,False,0.996,-10.654,13,0.4981,20,13
ERR1066124#1,True,False,False,False,1.0,-11.794,19A,0.002902,33C,19A
ERR1288918#1,True,False,False,False,0.999,-11.33,1,0.117762,6,1
ERR7568047#1,True,False,False,False,0.999,-11.522,4,0.205782,3,4
ERR3303235#3,True,False,False,False,0.999,-11.556,1,0.101918,6,1
ERR586463#4,True,False,False,False,0.969,-9.469,6A,0.01598,45,6A
SRR26789851#12,True,False,False,False,0.999,-11.764,10A,0.008105,35A_35C_42,10A
SRR26790157#17,True,False,False,False,0.999,-11.355,9V,0.002309,20,9V
ERR742692#1,True,False,False,False,0.994,-10.377,7F,0.134952,35A_35C_42,7F
ERR913441#14,True,False,False,False,0.65,-9.446,15B,0.003309,29,15B
SRR26884667#10,True,False,False,False,0.999,-11.304,16F,0.113895,35A_35C_42,16F
ERR2090966#8,True,False,False,False,0.999,-11.726,4,0.010694,3,4
ERR2090274#6,True,False,False,False,0.998,-10.99,10A,0.138985,33G,10A
ERR3303382#2,True,True,True,True,0.872,-7.971,UNKNOWN,0.99971,10,15A
ERR425380#15,True,False,False,False,1.0,-12.163,14,0.000736,Serogroup 33,14
ERR2667939#10,True,False,False,False,1.0,-12.012,14,0.003037,33G,14
ERR862324#8,True,False,False,False,0.999,-11.803,13,0.006143,20,13
SRR26884521#7,True,False,False,False,1.0,-13.24,8,0.002857,36,8
SRR26834311#4,True,False,False,False,1.0,-13.238,8,0.002755,36,8
ERR876762#1,True,False,False,False,1.0,-12.211,14,0.00054,Serogroup 33,14
ERR600560#21,True,True,False,True,0.995,-10.067,UNKNOWN,0.640746,36,4
SRR26789390#5,True,False,False,False,1.0,-13.228,8,0.002895,36,8
SRR26878316#28,True,False,False,False,0.998,-11.012,10A,0.247467,35A_35C_42,10A
SRR26884714#26,True,False,False,False,0.999,-11.248,23A,0.016943,3,23A
ERR2089950#1,True,True,False,True,0.971,-9.572,UNKNOWN,0.999981,20,40
SRR26714470#26,True,False,False,False,0.999,-12.294,9N,0.029434,18,9N
SRR26884418#26,True,False,False,False,0.996,-10.555,9V,0.042706,20,9V
ERR909228#2,True,True,False,True,0.994,-10.659,UNKNOWN,0.808415,6,7C
SRR26880385#1,True,False,False,False,0.999,-12.085,12F,0.096155,6,12F
ERR1756404#8,True,False,False,False,0.999,-12.183,33F,0.028887,20,33F
ERR2681073#6,True,True,True,True,0.631,-7.136,UNKNOWN,0.99998,10,15A
SRR26749989#2,True,False,False,False,0.999,-12.276,31,0.044326,33A_33F_37,31
SRR26878061#1,True,False,False,False,0.999,-12.116,9N,0.018865,20,9N
ERR13366132#3,True,False,False,False,1.0,-12.381,22F,0.002978,35A_35C_42,22F
ERR1453803#1,True,False,False,False,0.999,-11.29,19F,0.001062,12_44_46,19F
SRR26672808#1,True,False,False,False,0.999,-12.158,9N,0.01413,20,9N
ERR8481894#11,True,True,True,True,0.718,-7.531,UNKNOWN,0.999756,33G,10A
ERR876676#5,True,False,False,False,0.999,-11.218,19F,0.000228,12_44_46,19F
ERR900677#1,True,False,False,False,0.99,-9.91,6A,0.248977,45,6A
SRR26879832#9,True,False,False,False,0.998,-10.849,12F,0.110303,20,12F
SRR26797817#2,True,False,False,False,0.999,-11.486,7C,0.126563,6,7C
ERR2667598#8,True,False,False,False,0.999,-12.036,9N,0.105136,18,9N
SRR26789871#1,True,False,False,False,1.0,-13.116,8,0.001332,36,8
ERR2612115#31,True,False,False,False,0.987,-9.965,6A,0.003712,20,6A
ERR2089321#1,True,False,False,False,0.999,-11.2,21,0.01233,45,21
ERR2667421#2,True,False,False,False,0.572,-9.128,15C,0.00376,29,15C
SRR26879896#36,True,False,False,False,0.848,-10.041,38,0.003136,3,38
SRR26879783#4,True,False,False,False,1.0,-11.986,10A,0.003392,35A_35C_42,10A
SRR26884424#1,True,False,False,False,0.999,-12.158,9N,0.01413,20,9N
ERR773963#2,True,False,False,False,0.992,-10.061,6A,0.13329,45,6A
SRR26833850#4,True,False,False,False,1.0,-12.339,22F,0.001787,35A_35C_42,22F
SRR26749865#7,True,False,False,False,1.0,-13.24,8,0.002857,36,8
ERR433545#3,True,True,False,True,0.984,-10.758,UNKNOWN,0.937531,11,12F
ERR3270701#5,True,True,True,True,0.652,-6.572,UNKNOWN,0.999994,45,15A
ERR1658111#3,True,True,False,True,0.963,-8.761,UNKNOWN,0.97289,45,14
ERR1453723#9,True,True,False,True,0.995,-10.682,UNKNOWN,0.841628,35A_35C_42,29
ERR568545#14,True,True,False,True,0.976,-10.133,UNKNOWN,0.627072,45,6B
ERR714413#16,True,False,False,False,0.961,-9.598,14,0.060072,36,14
ERR2089102#7,True,False,False,False,0.999,-11.017,21,0.015455,45,21
ERR1795509#12,True,True,False,True,0.99,-9.846,UNKNOWN,0.718696,20,9V
ERR742453#1,True,False,False,False,0.936,-9.261,6A,0.051665,36,6A
ERR913528#6,True,False,False,False,0.952,-10.133,11A,0.427397,12_44_46,11A
SRR26880054#2,True,False,False,False,1.0,-12.44,22F,0.001202,35A_35C_42,22F
ERR913115#1,True,False,False,False,1.0,-12.137,16F,0.001581,39,16F
ERR714687#2,True,False,False,False,0.992,-10.061,6A,0.13329,45,6A
ERR600528#6,True,True,True,True,0.502,-7.867,UNKNOWN,0.996708,6,34
ERR600486#14,True,False,False,False,1.0,-13.087,1,0.001901,6,1
SRR26749161#2,True,False,False,False,1.0,-13.116,8,0.001332,36,8
SRR26817996#2,True,False,False,False,1.0,-13.417,8,0.001298,36,8
ERR876496#6,True,True,False,True,0.92,-8.706,UNKNOWN,0.990079,39,18C
ERR2089686#1,True,False,False,False,0.999,-11.563,1,0.140707,19F,1
ERR3303393#2,True,False,False,False,0.998,-11.773,35A,0.387552,36,35A
ERR750827#5,True,False,False,False,0.987,-10.595,18A,0.223019,Serogroup 33,18A
SRR26884166#8,True,False,False,False,0.999,-11.633,13,0.033332,20,13
SRR26911136#12,True,False,False,False,1.0,-13.116,8,0.001332,36,8
ERR1066138#1,True,False,False,False,1.0,-12.137,16F,0.001581,39,16F
ERR326391#16,True,False,False,False,0.999,-11.573,34,0.007419,6,34
ERR1202413#2,True,True,False,True,0.975,-9.089,UNKNOWN,0.988164,36,4
ERR505488#10,True,True,False,True,0.944,-8.51,UNKNOWN,0.998315,45,19F
ERR505555#5,True,False,False,False,0.999,-11.565,10A,0.016128,35A_35C_42,10A
ERR730939#9,True,True,False,True,0.964,-9.505,UNKNOWN,0.806002,45,6B
ERR3796877#2,True,False,False,False,0.996,-11.71,24F,0.177462,35A_35C_42,24F
SRR26673424#4,True,False,False,False,0.999,-11.622,12F,0.159704,20,12F
SRR26749933#2,True,False,False,False,1.0,-13.116,8,0.001332,36,8
SRR26714169#17,True,False,False,False,1.0,-13.125,8,0.004871,36,8
ERR870209#5,True,True,True,True,0.863,-7.314,UNKNOWN,0.999499,7B_7C_40,24F
ERR326362#35,True,False,False,False,0.671,-8.308,6A,0.331778,3,6A
SRR26594518#2,True,False,False,False,0.999,-12.098,12F,0.064028,11,12F
ERR742518#28,True,False,False,False,1.0,-12.405,22F,0.001427,35A_35C_42,22F
SRR26834406#7,True,False,False,False,1.0,-13.223,8,0.00279,36,8
SRR26714069#29,True,False,False,False,1.0,-13.052,8,0.0015,36,8
SRR26931875#1,True,False,False,False,1.0,-13.846,3,0.0052,36,3
ERR909309#8,True,True,False,True,0.97,-9.224,UNKNOWN,0.957288,33G,14
ERR13374914#3,True,False,False,False,0.584,-9.168,15B,0.004102,29,15B
ERR742503#7,True,True,False,True,0.996,-10.846,UNKNOWN,0.696849,35A_35C_42,19A
ERR1214345#12,True,True,False,True,0.985,-9.317,UNKNOWN,0.952594,45,19F
SRR26714420#5,True,False,False,False,1.0,-13.875,3,0.004701,36,3
SRR26878626#15,True,False,False,False,1.0,-13.116,8,0.001332,36,8
SRR26910646#4,True,False,False,False,0.999,-12.321,12F,0.067768,33G,12F
ERR1788191#5,True,False,False,False,0.999,-11.03,19F,0.000407,36,19F
ERR632929#1,True,False,False,False,1.0,-12.623,1,0.002736,6,1
ERR13365366#19,True,False,False,False,0.998,-11.177,7F,0.489286,35A_35C_42,7F
SRR26910700#2,True,False,False,False,0.999,-10.99,19F,0.000582,12_44_46,19F
SRR26714256#3,True,True,False,True,0.945,-10.158,UNKNOWN,0.946403,18,35B
ERR600417#2,True,True,False,True,0.976,-10.131,UNKNOWN,0.629938,45,6B
ERR742450#1,True,False,False,False,0.931,-9.301,6A,0.037476,36,6A
ERR730912#3,True,False,False,False,0.998,-10.429,19F,0.075237,Serogroup 33,19F
ERR2089393#1,True,True,False,True,0.764,-9.392,UNKNOWN,0.562848,18,20B
ERR2091013#18,True,False,False,False,0.998,-10.992,10A,0.103409,35A_35C_42,10A
ERR3227800#3,True,False,False,False,0.998,-10.961,7F,0.12538,35A_35C_42,7F
ERR730868#2,True,False,False,False,0.999,-11.35,23F,0.019791,19B_19C,23F
SRR26878188#2,True,False,False,False,0.997,-10.787,22F,0.264325,35A_35C_42,22F
ERR876482#2,True,False,False,False,0.811,-9.914,38,0.001206,6,38
ERR925261#28,True,True,False,True,0.988,-10.034,UNKNOWN,0.981229,6,19B
ERR1788449#10,True,False,False,False,0.953,-9.879,6B,0.195792,45,6B
SRR26749688#2,True,False,False,False,1.0,-13.875,3,0.004701,36,3
ERR870325#14,True,True,False,True,0.918,-9.044,UNKNOWN,0.785283,45,6B
ERR13365275#6,True,False,False,False,1.0,-12.337,22F,0.001808,35A_35C_42,22F
ERR3796786#1,True,False,False,False,0.995,-11.384,24F,0.16543,35A_35C_42,24F
ERR1594515#2,True,True,False,True,0.908,-9.783,UNKNOWN,0.983465,11,12F
SRR26715058#29,True,True,False,True,0.916,-8.921,UNKNOWN,0.9974,12_44_46,11A
ERR714156#3,True,False,False,False,1.0,-12.945,1,0.002697,6,1
ERR913525#15,True,False,False,False,0.999,-11.631,23F,0.010404,19B_19C,23F
ERR1795485#7,True,True,False,True,0.909,-9.364,UNKNOWN,0.969835,20,20B
ERR1453432#4,True,False,False,False,0.999,-11.89,16F,0.007384,35A_35C_42,16F
ERR750784#1,True,True,True,True,0.817,-7.645,UNKNOWN,0.999992,15,4
SRR26715067#2,True,False,False,False,1.0,-13.846,3,0.0052,36,3
ERR730320#15,True,False,False,False,1.0,-12.271,17F,0.025389,20,17F
ERR925327#17,True,False,False,False,0.999,-11.511,34,0.009975,6,34
SRR26834448#2,True,False,False,False,1.0,-13.116,8,0.001332,36,8
ERR13365470#1,True,False,False,False,0.999,-11.738,4,0.066966,3,4
ERR331428#1,True,False,False,False,1.0,-12.834,1,0.006698,6,1
ERR884520#17,True,False,False,False,0.999,-11.349,5,0.176264,35A_35C_42,5
ERR742790#5,True,True,True,True,0.676,-6.908,UNKNOWN,1.0,36,15B
ERR869843#9,True,False,False,False,0.999,-11.384,15A,0.034262,10,15A
ERR1106631#12,True,True,True,True,0.351,-6.525,UNKNOWN,0.999993,3,38
SRR26749515#20,True,False,False,False,0.999,-11.491,19A,0.00941,6,19A
ERR742436#47,True,False,False,False,0.993,-10.097,9V,0.183433,20,9V
ERR1788375#1,True,False,False,False,0.999,-11.328,23F,0.010203,19B_19C,23F
ERR570416#19,True,True,False,True,0.958,-9.852,UNKNOWN,0.684002,45,6B
SRR26817840#6,True,False,False,False,0.993,-10.056,9N,0.479134,20,9N
ERR13364725#2,True,False,False,False,1.0,-11.739,19A,0.004039,33C,19A
SRR26672944#3,True,False,False,False,1.0,-12.337,22F,0.001808,35A_35C_42,22F
ERR774044#1,True,False,False,False,1.0,-11.791,19A,0.002931,33C,19A
ERR1288896#4,True,False,False,False,0.999,-10.852,19F,0.001714,12_44_46,19F
ERR862418#18,True,False,False,False,0.998,-11.288,31,0.232715,7B_7C_40,31
SRR26750067#6,True,False,False,False,1.0,-13.24,8,0.002857,36,8
ERR2089537#1,True,True,True,True,0.862,-7.594,UNKNOWN,0.999947,39,6A
ERR316606#26,True,True,False,True,0.985,-9.244,UNKNOWN,0.869457,6,19A
ERR751172#9,True,True,False,True,0.973,-8.797,UNKNOWN,0.955429,36,6A
ERR568524#3,True,True,False,True,0.534,-9.074,UNKNOWN,0.999471,33G,46
ERR2668030#2,True,True,False,True,0.997,-11.532,UNKNOWN,0.96326,18,2
ERR1106770#22,True,False,False,False,0.538,-9.185,15C,0.002692,29,15C
SRR26789663#2,True,False,False,False,1.0,-12.46,22F,0.001321,35A_35C_42,22F
SRR26714626#29,True,False,False,False,1.0,-13.846,3,0.0052,36,3
SRR26797553#2,True,False,False,False,0.999,-11.493,7C,0.389198,45,7C
ERR2089037#1,True,False,False,False,0.999,-11.677,23B,0.011288,7B_7C_40,23B
ERR13365553#2,True,False,False,False,0.971,-10.4,18C,0.137329,Serogroup 33,18C
SRR26884404#1,True,False,False,False,0.999,-12.116,9N,0.018865,20,9N
ERR884511#6,True,False,False,False,0.994,-10.47,9V,0.039493,20,9V
SRR26594995#15,True,False,False,False,1.0,-13.123,8,0.00125,36,8
ERR8481843#2,True,False,False,False,1.0,-11.974,10A,0.003586,35A_35C_42,10A
SRR26910489#10,True,False,False,False,0.999,-11.722,23B,0.006023,6,23B
SRR26931864#10,True,False,False,False,0.999,-12.321,12F,0.067768,33G,12F
ERR3227840#2,True,True,False,True,0.992,-10.096,UNKNOWN,0.948352,6,1
SRR26818402#8,True,True,False,True,0.966,-9.966,UNKNOWN,0.923409,20,35B
ERR774070#13,True,False,False,False,0.75,-8.84,15B,0.448412,36,15B
ERR2090550#1,True,False,False,False,0.999,-11.563,1,0.140707,19F,1
ERR3303293#7,True,False,False,False,0.946,-9.599,10A,0.478632,33G,10A
SRR26910743#1,True,False,False,False,0.999,-12.276,31,0.044326,33A_33F_37,31
SRR26880091#1,True,False,False,False,0.999,-12.077,12F,0.101914,6,12F
SRR26931861#2,True,False,False,False,0.998,-11.274,7C,0.223532,6,7C
ERR311154#15,True,True,False,True,0.987,-9.605,UNKNOWN,0.771315,45,6B
SRR26884334#7,True,False,False,False,0.999,-12.321,12F,0.067768,33G,12F
ERR751192#1,True,False,False,False,0.999,-11.708,19A,0.002161,33C,19A
ERR13366147#1,True,False,False,False,0.998,-11.224,23A,0.024973,3,23A
ERR913431#23,True,True,False,True,0.966,-8.966,UNKNOWN,0.996307,10,15A
ERR2681391#2,True,False,False,False,0.999,-12.121,35A,0.490718,6,35A
ERR568638#1,True,False,False,False,1.0,-11.795,19A,0.002887,33C,19A
SRR26931904#26,True,False,False,False,0.999,-11.564,10A,0.060704,35A_35C_42,10A
SRR26818423#2,True,False,False,False,1.0,-13.015,8,0.001885,36,8
SRR26910863#7,True,False,False,False,1.0,-13.24,8,0.002857,36,8
ERR2090968#25,True,False,False,False,0.999,-11.871,5,0.030923,35A_35C_42,5
SRR26797451#8,True,False,False,False,0.999,-11.622,12F,0.159704,20,12F
SRR26714834#2,True,True,True,True,0.333,-5.817,UNKNOWN,0.999999,3,8
SRR26714490#11,True,True,False,True,0.987,-10.69,UNKNOWN,0.9079,11,12F
ERR2089799#7,True,False,False,False,1.0,-12.899,1,0.004146,6,1
ERR925331#1,True,False,False,False,0.999,-11.291,16F,0.054335,45,16F
SRR26930163#13,True,False,False,False,1.0,-12.031,19A,0.000511,33C,19A
ERR568546#19,True,False,False,False,0.999,-11.706,5,0.047561,35A_35C_42,5
SRR26714945#26,True,False,False,False,0.999,-11.564,10A,0.060704,35A_35C_42,10A
ERR2681276#10,True,False,False,False,1.0,-12.066,14,0.002102,15,14
ERR773975#5,True,False,False,False,1.0,-13.117,1,0.001571,6,1
ERR2681331#1,True,False,False,False,0.934,-9.596,6B,0.129479,45,6B
ERR925353#1,True,False,False,False,0.998,-10.599,19F,0.055205,Serogroup 33,19F
ERR505971#1,True,False,False,False,0.999,-11.319,19F,0.002557,12_44_46,19F
ERR13366163#23,True,False,False,False,0.999,-12.036,9N,0.105136,18,9N
ERR701837#5,True,False,False,False,1.0,-13.087,1,0.001901,6,1
ERR884383#22,True,False,False,False,0.999,-11.513,10A,0.083215,35A_35C_42,10A
ERR1065465#5,True,False,False,False,0.945,-9.948,18C,0.206905,Serogroup 33,18C
SRR26911060#4,True,True,True,True,0.862,-7.329,UNKNOWN,1.0,36,20B
SRR26594476#17,True,False,False,False,1.0,-13.875,3,0.004701,36,3
SRR26930950#5,True,False,False,False,0.998,-11.969,12F,0.315433,11,12F
ERR646548#9,True,False,False,False,0.999,-11.63,23F,0.006205,19B_19C,23F
ERR774683#1,True,False,False,False,1.0,-12.575,1,0.007906,6,1
ERR2853526#1,True,False,False,False,1.0,-11.751,19A,0.001928,33C,19A
ERR13364860#1,True,False,False,False,0.999,-11.421,23F,0.011728,19B_19C,23F
ERR1214518#2,True,False,False,False,0.999,-11.66,15A,0.016188,10,15A
ERR433848#18,True,False,False,False,0.844,-9.884,38,0.178929,6,38
ERR980189#2,True,True,True,True,0.665,-7.269,UNKNOWN,0.999984,33G,6C
ERR3227778#3,True,False,False,False,1.0,-12.207,14,0.000404,Serogroup 33,14
ERR2090461#8,True,False,False,False,1.0,-12.957,8,0.008212,36,8
SRR26594510#2,True,False,False,False,1.0,-13.052,8,0.0015,36,8
ERR505933#15,True,False,False,False,0.999,-11.549,23F,0.027725,19B_19C,23F
SRR26797543#7,True,False,False,False,0.999,-12.321,12F,0.067768,33G,12F
ERR600145#3,True,False,False,False,1.0,-12.338,22F,0.001845,35A_35C_42,22F
SRR26930973#4,False,True,True,True,0.811,-7.087,UNKNOWN,0.999999,20,12F
SRR26883774#7,True,False,False,False,1.0,-13.875,3,0.004701,36,3
ERR1288866#1,True,True,False,True,0.996,-10.901,UNKNOWN,0.774724,6,19B
ERR326699#6,True,False,False,False,1.0,-12.214,14,0.000523,Serogroup 33,14
ERR997538#7,True,True,False,True,0.936,-8.398,UNKNOWN,0.999419,3,13
SRR26880109#1,True,False,False,False,0.999,-11.66,23B,0.012122,7B_7C_40,23B
SRR26797869#2,True,False,False,False,1.0,-13.116,8,0.001332,36,8
SRR26797467#1,True,False,False,False,0.999,-11.703,23B,0.010466,7B_7C_40,23B
SRR26790115#8,True,False,False,False,1.0,-12.964,8,0.00852,36,8
SRR26930388#5,True,False,False,False,1.0,-13.984,3,0.004317,36,3
SRR26790028#6,True,False,False,False,1.0,-13.24,8,0.002922,36,8
SRR26818463#1,True,True,False,True,0.994,-11.184,UNKNOWN,0.75397,20,17F
SRR26749330#31,True,True,False,True,0.978,-9.155,UNKNOWN,0.962626,25A_25F_38,35B
ERR2090638#18,True,False,False,False,1.0,-12.817,1,0.006748,6,1
ERR13364550#22,True,True,False,True,0.937,-8.6,UNKNOWN,0.978818,45,23F
SRR26714821#15,True,False,False,False,1.0,-12.337,22F,0.001811,35A_35C_42,22F
SRR26749827#6,True,False,False,False,0.994,-10.842,6C,0.416869,6,6C
ERR2089525#43,True,True,False,True,0.998,-11.227,UNKNOWN,0.503796,35A_35C_42,7F
ERR433641#7,True,False,False,False,0.999,-11.289,22F,0.110709,35A_35C_42,22F
ERR13366053#3,True,False,False,False,0.826,-9.874,38,0.142821,6,38
SRR26673487#9,True,True,False,True,0.996,-10.745,UNKNOWN,0.531969,6,7C
ERR730535#19,True,False,False,False,0.999,-11.482,23F,0.020827,19B_19C,23F
SRR26673081#5,True,False,False,False,0.998,-10.903,12F,0.05322,6,12F
ERR773913#2,True,False,False,False,1.0,-11.831,14,0.003336,Serogroup 33,14
ERR425387#10,True,False,False,False,1.0,-12.213,14,0.000411,Serogroup 33,14
SRR26672952#2,True,False,False,False,0.999,-11.31,19A,0.076399,10D,19A
ERR2090293#5,True,False,False,False,0.952,-10.248,18C,0.124135,Serogroup 33,18C
SRR26834453#14,True,False,False,False,0.998,-11.262,22F,0.255465,35A_35C_42,22F
ERR13364644#5,True,False,False,False,0.997,-10.792,9V,0.012259,20,9V
SRR26797374#2,True,False,False,False,1.0,-13.015,8,0.001885,36,8
ERR505864#16,True,False,False,False,0.999,-11.614,16F,0.019238,35A_35C_42,16F
ERR2090157#20,True,True,False,True,0.919,-10.142,UNKNOWN,0.926656,35A_35C_42,35B
ERR876772#2,True,False,False,False,0.999,-11.341,23F,0.009321,19B_19C,23F
ERR2680929#8,True,False,False,False,0.978,-10.169,6A,0.001057,45,6A
ERR1453349#1,True,False,False,False,0.998,-10.314,19F,0.033806,12_44_46,19F
ERR925129#8,True,True,True,True,0.511,-6.535,UNKNOWN,1.0,19B_19C,34
ERR876707#6,True,False,False,False,0.999,-12.158,9N,0.01413,20,9N
ERR4501455#2,True,False,False,False,0.996,-11.714,24F,0.131522,35A_35C_42,24F
SRR26878150#11,True,True,False,True,0.972,-9.054,UNKNOWN,0.989913,45,19F
SRR26818311#2,True,False,False,False,1.0,-12.444,22F,0.001404,35A_35C_42,22F
ERR884435#26,True,False,False,False,0.844,-9.884,38,0.178929,6,38
ERR7567856#3,True,False,False,False,0.999,-10.876,19F,0.00128,12_44_46,19F
SRR26594566#21,True,False,False,False,0.999,-12.173,33F,0.025046,20,33F
ERR1214372#24,True,True,True,True,0.626,-7.938,UNKNOWN,0.964161,45,23F
ERR2090287#30,True,True,False,True,0.982,-9.562,UNKNOWN,0.922688,39,16F
SRR26884182#4,True,False,False,False,1.0,-12.969,8,0.008285,36,8
ERR13365544#7,True,False,False,False,0.998,-11.297,16F,0.024509,35A_35C_42,16F
ERR13365291#4,True,False,False,False,1.0,-12.085,19A,0.000262,33C,19A
ERR925383#6,True,False,False,False,0.998,-11.057,10A,0.059128,35A_35C_42,10A
ERR900663#30,True,False,False,False,0.999,-11.263,19F,0.000255,12_44_46,19F
ERR1756438#1,True,False,False,False,0.998,-11.732,35A,0.41278,36,35A
SRR26790119#6,True,False,False,False,1.0,-12.969,8,0.008285,36,8
ERR750855#7,True,False,False,False,0.999,-11.313,19F,0.002723,12_44_46,19F
SRR26910550#12,True,False,False,False,0.999,-12.158,9N,0.01413,20,9N
ERR1430813#12,True,False,False,False,0.999,-11.806,10A,0.008224,35A_35C_42,10A
SRR26797464#1,True,True,False,True,0.929,-10.41,UNKNOWN,0.694184,18,35B
ERR876657#19,True,True,False,True,0.502,-8.768,UNKNOWN,0.588281,20,15B
ERR774617#8,True,False,False,False,0.99,-10.392,6A,0.000826,45,6A
SRR26910505#10,True,False,False,False,0.999,-11.304,16F,0.113895,35A_35C_42,16F
SRR26673189#4,True,False,False,False,0.999,-11.494,10A,0.045613,35A_35C_42,10A
ERR913094#19,True,False,False,False,0.999,-11.499,34,0.009134,6,34
ERR326729#9,True,False,False,False,0.999,-11.109,14,0.100399,15,14
SRR26930679#5,True,False,False,False,0.999,-12.301,9N,0.036625,18,9N
SRR26877897#24,True,True,False,True,0.953,-10.735,UNKNOWN,0.815088,33G,12F
SRR26834059#2,True,False,False,False,1.0,-13.015,8,0.001885,36,8
ERR773915#5,True,False,False,False,1.0,-13.129,1,0.001459,6,1
SRR26883932#7,True,False,False,False,0.998,-11.012,10A,0.247467,35A_35C_42,10A
ERR714269#1,True,False,False,False,1.0,-12.575,1,0.007906,6,1
ERR433909#25,True,False,False,False,1.0,-12.834,1,0.006698,6,1
SRR26797280#4,True,False,False,False,1.0,-12.969,8,0.008285,36,8
SRR26673490#9,True,False,False,False,0.999,-11.446,8,0.119884,36,8
SRR26879744#2,True,True,False,True,0.981,-10.425,UNKNOWN,0.853774,18,35B
SRR26884682#2,True,False,False,False,0.999,-11.828,15A,0.005637,10,15A
SRR26817905#1,True,True,True,True,0.618,-7.64,UNKNOWN,0.999984,20,14
SRR26798000#5,True,True,True,True,0.599,-6.191,UNKNOWN,0.999999,35A_35C_42,22F
SRR26818327#2,True,False,False,False,0.999,-11.108,15A,0.046071,10,15A
SRR26930695#2,True,False,False,False,0.999,-12.276,31,0.044326,33A_33F_37,31
ERR505686#21,True,False,False,False,0.802,-9.466,6B,0.017749,45,6B
ERR633051#27,True,False,False,False,0.999,-11.109,14,0.100399,15,14
SRR26931585#16,True,False,False,False,1.0,-12.462,17F,0.014919,20,17F
ERR2090225#1,True,False,False,False,0.986,-9.533,6A,0.469423,36,6A
ERR742827#1,True,False,False,False,0.999,-12.029,9N,0.035943,20,9N
SRR26749557#6,True,False,False,False,1.0,-13.875,3,0.004701,36,3
ERR600462#7,True,True,False,True,0.987,-9.469,UNKNOWN,0.868828,33G,19F
SRR26930897#1,True,False,False,False,0.999,-12.116,9N,0.018865,20,9N
ERR742676#20,True,False,False,False,1.0,-12.156,14,0.001343,15,14
ERR600176#3,True,False,False,False,0.998,-11.996,33F,0.09488,20,33F
SRR26884741#1,True,True,False,True,0.916,-9.765,UNKNOWN,0.706743,18,20B
SRR26673742#1,True,False,False,False,1.0,-12.308,22F,0.001644,35A_35C_42,22F
ERR326422#30,True,True,True,True,0.5,-7.198,UNKNOWN,0.999998,35A_35C_42,24F
SRR26714361#8,True,False,False,False,0.999,-12.321,12F,0.067768,33G,12F
ERR2090763#9,True,True,False,True,0.52,-8.488,UNKNOWN,0.9587,36,15B
ERR600362#1,True,False,False,False,0.999,-11.347,1,0.132486,6,1
SRR26931799#7,True,False,False,False,0.999,-12.044,22F,0.00517,35A_35C_42,22F
ERR862428#23,True,True,False,True,0.974,-9.36,UNKNOWN,0.614443,Serogroup 33,18C
ERR751083#17,True,False,False,False,0.998,-10.933,5,0.378103,35A_35C_42,5
SRR26833997#1,True,True,False,True,0.912,-10.229,UNKNOWN,0.695277,35A_35C_42,35B
ERR13365391#4,True,False,False,False,0.999,-11.85,15A,0.005199,10,15A
ERR742501#13,True,False,False,False,0.998,-11.974,12F,0.398588,11,12F
ERR1202199#6,True,False,False,False,0.999,-12.719,3,0.253101,11,3
ERR13364872#5,True,False,False,False,0.998,-11.044,7F,0.16865,20,7F
ERR13364844#9,True,False,False,False,1.0,-12.102,14,0.001214,Serogroup 33,14
SRR26594760#1,True,False,False,False,0.999,-11.207,23A,0.025728,3,23A
SRR26797567#24,True,False,False,False,1.0,-13.875,3,0.004701,36,3
SRR26931649#11,True,False,False,False,0.999,-12.158,9N,0.01413,20,9N
ERR913185#2,True,False,False,False,0.996,-10.805,19A,0.070237,6,19A
ERR773960#1,True,True,False,True,0.964,-9.505,UNKNOWN,0.806002,45,6B
ERR3270720#3,True,False,False,False,0.999,-11.354,23F,0.008595,19B_19C,23F
ERR774219#45,True,True,False,True,0.819,-8.287,UNKNOWN,0.616153,45,6A
ERR662454#44,True,True,False,True,0.995,-10.584,UNKNOWN,0.813886,36,4
ERR714697#4,True,False,False,False,0.999,-11.057,19F,0.000512,12_44_46,19F
ERR1066202#4,False,True,True,True,0.464,-5.829,UNKNOWN,0.999995,20,12F
ERR13374946#2,True,False,False,False,0.996,-11.759,24F,0.126013,35A_35C_42,24F
SRR26714590#52,True,True,False,True,0.989,-9.915,UNKNOWN,0.928547,36,19A
ERR742866#1,True,False,False,False,0.991,-10.208,7F,0.287702,35A_35C_42,7F
ERR1202607#3,True,True,True,True,0.534,-6.875,UNKNOWN,1.0,6,6C
ERR1422533#5,True,False,False,False,1.0,-12.172,14,0.002229,15,14
SRR26749191#9,True,False,False,False,0.998,-11.262,22F,0.255465,35A_35C_42,22F
ERR979945#24,True,True,False,True,0.991,-10.532,UNKNOWN,0.79994,12_44_46,35B
ERR13365530#1,True,True,False,True,0.83,-9.505,UNKNOWN,0.615407,12_44_46,11A
ERR1065159#4,True,True,False,True,0.787,-9.294,UNKNOWN,0.977125,18,20A
ERR714645#2,True,False,False,False,1.0,-11.81,14,0.003765,Serogroup 33,14
SRR26878748#2,True,True,False,True,0.986,-9.924,UNKNOWN,0.871186,36,4
ERR2089846#1,True,False,False,False,0.999,-11.427,9V,0.001918,20,9V
ERR913387#3,True,True,False,True,0.964,-9.068,UNKNOWN,0.990903,19B_19C,34
ERR773882#29,True,False,False,False,1.0,-12.968,1,0.002478,6,1
ERR774036#3,True,True,True,True,0.346,-6.916,UNKNOWN,0.999999,36,18C
ERR3303238#3,True,True,False,True,0.995,-10.695,UNKNOWN,0.765475,6,7C
SRR26878463#49,True,False,False,False,0.999,-12.315,9N,0.035771,18,9N
ERR425396#14,True,False,False,False,0.931,-9.644,6A,0.004812,45,6A
ERR2667271#5,True,False,False,False,0.999,-12.002,5,0.035451,35A_35C_42,5
ERR1065673#16,True,True,False,True,0.964,-9.499,UNKNOWN,0.810202,45,6B
SRR26750102#15,True,True,True,True,0.455,-6.777,UNKNOWN,1.0,7B_7C_40,18C
ERR1065177#1,True,True,False,True,0.921,-9.232,UNKNOWN,0.519513,Serogroup 33,19F
ERR331167#100,True,True,False,True,0.981,-9.721,UNKNOWN,0.958823,45,6C
ERR913390#1,True,False,False,False,0.991,-10.806,11A,0.115813,12_44_46,11A
ERR2090118#3,True,False,False,False,0.706,-9.231,15B,0.012129,3,15B
ERR736924#6,True,True,False,True,0.978,-8.484,UNKNOWN,0.833558,3,6A
SRR26931891#1,True,False,False,False,0.999,-12.158,9N,0.01413,20,9N
SRR26749637#7,True,False,False,False,1.0,-13.24,8,0.002857,36,8
SRR26880339#44,True,True,False,True,0.963,-8.902,UNKNOWN,0.979521,7B_7C_40,23A
SRR26749966#2,True,False,False,False,1.0,-13.164,8,0.002709,3,8
ERR8481666#6,True,False,False,False,0.999,-11.469,19F,0.000527,12_44_46,19F
ERR730868#10,True,True,True,True,0.69,-7.235,UNKNOWN,0.998444,6,19A
ERR1453305#93,True,True,True,True,0.361,-6.399,UNKNOWN,1.0,35A_35C_42,14
ERR662443#13,True,False,False,False,0.999,-11.509,31,0.0923,7B_7C_40,31
ERR568487#18,True,False,False,False,0.999,-11.493,34,0.01309,6,34
SRR26797662#17,True,False,False,False,0.999,-11.734,15A,0.015287,10,15A
ERR1191939#6,True,True,False,True,0.981,-10.801,UNKNOWN,0.974693,11,12F
SRR26910329#14,True,False,False,False,0.999,-11.711,15A,0.003778,10,15A
ERR774647#1,True,False,False,False,0.873,-9.69,6B,0.010967,45,6B
SRR26930722#13,True,False,False,False,0.999,-11.207,23A,0.025728,3,23A
ERR425468#22,True,False,False,False,0.994,-11.003,38,0.28914,18,38
ERR568510#3,True,False,False,False,1.0,-11.81,14,0.003765,Serogroup 33,14
ERR13365271#35,True,True,False,True,0.992,-10.358,UNKNOWN,0.530946,6,6C
ERR774273#3,True,True,False,True,0.995,-10.513,UNKNOWN,0.702258,39,16F
ERR730646#22,True,True,False,True,0.988,-9.808,UNKNOWN,0.96531,20,5
SRR26878367#23,True,False,False,False,0.999,-11.245,10A,0.103745,36,10A
ERR1288915#2,True,True,True,True,0.846,-7.814,UNKNOWN,0.999883,15,4
ERR2681063#12,True,True,False,True,0.993,-10.062,UNKNOWN,0.837972,6,34
ERR501603#12,True,True,False,True,0.8,-8.294,UNKNOWN,0.999792,45,21
SRR26911000#2,True,False,False,False,0.999,-12.176,3,0.132834,11,3
ERR2680996#18,True,False,False,False,0.999,-11.555,34,0.009566,6,34
ERR1192174#1,True,True,False,True,0.978,-8.851,UNKNOWN,0.926513,Serogroup 33,19F
ERR862337#6,True,False,False,False,0.948,-9.986,11A,0.371271,12_44_46,11A
SRR26818664#1,True,False,False,False,1.0,-11.795,19A,0.002887,33C,19A
ERR742437#14,True,False,False,False,0.983,-9.408,6B,0.110587,45,6B
ERR326395#26,True,True,False,True,0.783,-8.485,UNKNOWN,0.521147,45,6B
ERR3899497#8,False,True,True,True,0.33,-5.8,UNKNOWN,0.999996,35A_35C_42,6B
ERR884650#141,True,True,True,True,0.484,-7.095,UNKNOWN,1.0,15,4
ERR632873#16,True,False,False,False,0.999,-11.631,23F,0.010404,19B_19C,23F
ERR869949#26,True,False,False,False,0.999,-11.686,5,0.084002,35A_35C_42,5
SRR26749197#1,True,False,False,False,1.0,-13.846,3,0.0052,36,3
SRR26834262#6,True,False,False,False,0.999,-11.839,15A,0.00546,10,15A
ERR773975#2,True,False,False,False,0.998,-11.132,1,0.454579,6,1
ERR773830#23,True,False,False,False,1.0,-12.043,14,0.001914,Serogroup 33,14
ERR505750#2,True,True,False,True,0.996,-10.846,UNKNOWN,0.696849,35A_35C_42,19A
SRR26789820#31,True,True,False,True,0.991,-10.32,UNKNOWN,0.827303,20,21
SRR26883894#1,True,False,False,False,1.0,-13.431,8,0.001136,36,8
SRR26884652#22,True,False,False,False,1.0,-13.875,3,0.004701,36,3
ERR869996#18,True,False,False,False,0.999,-11.541,34,0.009386,6,34
ERR2090743#6,True,True,False,True,0.959,-9.308,UNKNOWN,0.912407,33G,14
ERR505884#50,True,True,False,True,0.998,-11.404,UNKNOWN,0.624767,35A_35C_42,7F
ERR13374792#21,True,False,False,False,0.998,-11.07,10A,0.116404,33G,10A
ERR730739#1,True,False,False,False,0.884,-9.149,19F,0.119176,Serogroup 33,19F
ERR1788047#1,True,True,False,True,0.961,-10.734,UNKNOWN,0.994144,11,12F
ERR326580#41,True,True,False,True,0.991,-9.554,UNKNOWN,0.601106,6,14
ERR3899339#3,True,False,False,False,0.999,-11.29,23F,0.010781,19B_19C,23F
ERR1106626#24,True,True,True,True,0.761,-6.904,UNKNOWN,0.998215,20,6A
SRR26789988#8,True,False,False,False,0.999,-12.253,12F,0.132868,20,12F
ERR326565#37,True,False,False,False,0.999,-10.991,14,0.032284,45,14
SRR26750033#1,True,False,False,False,0.999,-11.189,19F,0.008085,36,19F
ERR326462#123,True,True,False,True,0.943,-8.758,UNKNOWN,0.993033,6,19A
ERR1788100#5,True,False,False,False,0.999,-11.167,7F,0.064351,35A_35C_42,7F
ERR1066105#1,True,False,False,False,0.999,-11.81,15A,0.007852,10,15A
ERR2667168#22,True,False,False,False,0.994,-10.803,38,0.339341,6,38
ERR3669278#3,True,False,False,False,1.0,-13.875,3,0.004701,36,3
SRR26818131#19,True,False,False,False,0.999,-11.525,19A,0.007046,33C,19A
SRR26594691#5,True,False,False,False,1.0,-13.875,3,0.004701,36,3
ERR913248#8,True,True,False,True,0.991,-9.646,UNKNOWN,0.861979,45,14
SRR26750133#10,True,False,False,False,0.998,-11.269,7F,0.457414,35A_35C_42,7F
ERR980076#1,True,True,False,True,0.738,-8.808,UNKNOWN,0.615959,36,15B
SRR26789285#2,True,False,False,False,1.0,-13.121,8,0.001159,36,8
ERR2681251#12,True,False,False,False,0.934,-9.595,6B,0.127777,45,6B
SRR26714750#1,True,False,False,False,0.999,-11.833,15A,0.005433,10,15A
SRR26879783#24,True,False,False,False,0.999,-11.564,10A,0.060704,35A_35C_42,10A
ERR2667182#12,True,False,False,False,0.634,-9.262,20B,0.332988,Serogroup 33,20B
SRR26879961#1,True,False,False,False,1.0,-13.102,8,0.003566,3,8
ERR3270836#1,True,True,False,True,0.911,-10.232,UNKNOWN,0.678829,35A_35C_42,35B
SRR26877815#12,True,False,False,False,0.999,-12.085,12F,0.096155,6,12F
ERR13365427#8,True,False,False,False,0.999,-12.264,17F,0.030597,20,17F
SRR26714202#20,True,True,True,True,0.573,-7.673,UNKNOWN,0.999842,36,19F
ERR2681087#2,True,False,False,False,0.999,-11.431,23F,0.009027,19B_19C,23F
ERR870326#6,True,True,False,True,0.988,-9.758,UNKNOWN,0.97746,6,1
ERR3217384#6,True,False,False,False,0.999,-11.467,16F,0.04114,35A_35C_42,16F
ERR884302#11,True,False,False,False,0.999,-11.748,14,0.005166,35A_35C_42,14
SRR26594179#1,True,False,False,False,1.0,-11.795,19A,0.002887,33C,19A
ERR2090920#3,True,False,False,False,0.999,-11.404,23F,0.009188,19B_19C,23F
ERR1202197#2,True,True,True,True,0.666,-6.885,UNKNOWN,0.9992,45,6A
ERR13365689#2,True,True,False,True,0.998,-11.17,UNKNOWN,0.623487,35A_35C_42,7F
ERR3227735#2,True,False,False,False,0.99,-10.766,11A,0.127346,12_44_46,11A
ERR2667505#10,True,False,False,False,0.999,-11.436,23F,0.008781,19B_19C,23F
SRR26879625#6,True,False,False,False,1.0,-13.875,3,0.004701,36,3
SRR26878455#2,True,False,False,False,1.0,-13.052,8,0.0015,36,8
SRR26673395#25,True,True,False,True,0.933,-9.329,UNKNOWN,0.999968,33G,46
ERR774022#5,True,False,False,False,1.0,-13.129,1,0.001459,6,1
ERR1333971#23,True,True,True,True,0.626,-7.938,UNKNOWN,0.964161,45,23F
SRR26594427#23,True,False,False,False,0.999,-11.513,10A,0.083215,35A_35C_42,10A
SRR26879791#4,True,False,False,False,1.0,-12.338,22F,0.001845,35A_35C_42,22F
SRR26833574#1,True,False,False,False,0.999,-12.085,12F,0.096155,6,12F
ERR516628#1,True,False,False,False,1.0,-12.575,1,0.007906,6,1
ERR774143#26,True,False,False,False,0.997,-10.677,9V,0.034,20,9V
ERR1106782#2,True,False,False,False,0.996,-10.83,19A,0.066048,6,19A
ERR1288922#1,True,True,False,True,0.994,-10.767,UNKNOWN,0.899079,6,7C
ERR505469#46,True,False,False,False,0.95,-8.972,19F,0.435162,36,19F
SRR26797863#2,True,False,False,False,1.0,-12.46,22F,0.001321,35A_35C_42,22F
SRR26594294#55,True,False,False,False,0.995,-10.132,19F,0.17132,12_44_46,19F
ERR908874#29,True,True,False,True,0.961,-9.47,UNKNOWN,0.585112,45,6B
ERR1453391#9,True,False,False,False,0.934,-9.787,6B,0.085225,45,6B
ERR876646#12,True,False,False,False,1.0,-12.194,14,0.000464,Serogroup 33,14
SRR26672946#7,True,False,False,False,1.0,-12.46,22F,0.001321,35A_35C_42,22F
SRR26789463#2,True,False,False,False,0.998,-11.961,7C,0.36955,45,7C
ERR1065729#12,True,False,False,False,0.998,-10.748,23F,0.246752,19B_19C,23F
SRR26673574#12,True,False,False,False,0.999,-12.158,9N,0.01413,20,9N
ERR1065771#1,True,False,False,False,0.999,-11.198,23A,0.027739,3,23A
ERR714285#1,True,False,False,False,0.999,-11.914,23F,0.005899,19B_19C,23F
SRR26673740#18,True,True,False,True,0.916,-9.765,UNKNOWN,0.706743,18,20B
ERR980247#13,True,True,True,True,0.808,-7.133,UNKNOWN,1.0,33A_33F_37,4
ERR1066206#1,True,False,False,False,1.0,-12.137,16F,0.001581,39,16F
SRR26749819#15,True,False,False,False,1.0,-12.297,17F,0.024914,20,17F
SRR26878399#1,True,False,False,False,1.0,-13.123,8,0.00125,36,8
ERR2089555#1,True,False,False,False,0.999,-11.863,15A,0.005094,10,15A
ERR505931#22,True,False,False,False,0.999,-12.065,5,0.028369,35A_35C_42,5
ERR980201#2,True,False,False,False,0.981,-9.075,6B,0.077266,45,6B
SRR26930967#36,True,True,True,True,0.585,-7.812,UNKNOWN,0.999593,36,19F
ERR326463#126,True,True,False,True,0.84,-8.467,UNKNOWN,0.991268,20,9V
SRR26879549#2,True,False,False,False,0.996,-11.758,24F,0.125357,35A_35C_42,24F
SRR26673402#1,True,False,False,False,0.999,-11.535,12F,0.032567,6,12F
ERR884340#54,True,True,False,True,0.898,-9.079,UNKNOWN,0.998882,20,7F
ERR1191869#15,True,False,False,False,1.0,-12.214,14,0.000438,Serogroup 33,14
ERR2091172#19,True,False,False,False,1.0,-11.781,19A,0.00283,33C,19A
SRR26910322#35,True,False,False,False,1.0,-13.121,8,0.001159,36,8
SRR26884297#4,True,False,False,False,1.0,-13.24,8,0.002793,36,8
SRR26884102#10,True,False,False,False,0.999,-11.304,16F,0.113895,35A_35C_42,16F
ERR1453376#1,True,False,False,False,0.999,-11.2,21,0.01233,45,21
ERR774373#1,True,False,False,False,1.0,-12.504,1,0.007645,6,1
ERR8481670#14,True,True,False,True,0.993,-9.635,UNKNOWN,0.569492,36,23F
ERR425501#13,True,True,False,True,0.962,-9.471,UNKNOWN,0.706219,45,6B
ERR1065993#4,True,False,False,False,0.999,-11.79,15A,0.010032,10,15A
ERR3669363#16,True,False,False,False,0.999,-11.375,16F,0.020234,35A_35C_42,16F
SRR26714718#1,True,True,False,True,0.831,-9.504,UNKNOWN,0.615241,12_44_46,11A
SRR26594812#1,True,False,False,False,1.0,-13.102,8,0.003566,3,8
SRR26673185#1,True,False,False,False,1.0,-13.425,8,0.00115,36,8
SRR26911090#2,True,False,False,False,1.0,-13.007,8,0.001797,36,8
ERR505585#3,True,True,True,True,0.86,-7.992,UNKNOWN,0.999997,45,7C
ERR326697#7,True,False,False,False,0.998,-11.412,22F,0.321487,35A_35C_42,22F
ERR13374783#7,True,True,False,True,0.775,-8.604,UNKNOWN,0.447543,18,20A
SRR26879631#1,True,False,False,False,0.999,-11.291,19F,0.000961,12_44_46,19F
ERR750763#1,True,False,False,False,1.0,-13.875,3,0.004701,36,3
ERR1065160#1,True,True,False,True,0.921,-9.232,UNKNOWN,0.519513,Serogroup 33,19F
ERR596406#5,True,False,False,False,0.999,-12.116,33F,0.101291,20,33F
ERR316835#6,True,True,False,True,0.839,-8.317,UNKNOWN,0.998364,36,4
SRR26797985#6,True,False,False,False,1.0,-13.231,8,0.002781,36,8
SRR26879960#5,True,False,False,False,1.0,-13.223,8,0.00279,36,8
SRR26878336#3,True,False,False,False,0.999,-11.727,23B,0.006016,6,23B
ERR909127#4,True,False,False,False,0.998,-10.429,19F,0.075237,Serogroup 33,19F
SRR26878392#2,True,True,False,True,0.831,-9.504,UNKNOWN,0.61141,12_44_46,11A
ERR2680897#3,True,False,False,False,0.576,-9.168,15B,0.004035,29,15B
ERR13365722#2,True,True,False,True,0.911,-10.23,UNKNOWN,0.677022,35A_35C_42,35B
SRR26749525#7,True,False,False,False,1.0,-13.223,8,0.00279,36,8
ERR1191958#1,True,False,False,False,0.996,-10.643,15A,0.464143,10,15A
SRR26818216#1,True,False,False,False,1.0,-13.102,8,0.003566,3,8
ERR3217621#6,True,True,False,True,0.989,-9.958,UNKNOWN,1.0,36,3
SRR26834065#8,True,False,False,False,0.999,-11.622,12F,0.159704,20,12F
SRR26879575#1,True,False,False,False,1.0,-13.123,8,0.00125,36,8
SRR26930707#1,True,False,False,False,0.96,-10.025,6C,0.40046,6,6C
ERR2091036#23,True,False,False,False,0.998,-11.073,5,0.069323,35A_35C_42,5
ERR730621#34,True,True,False,True,0.98,-8.849,UNKNOWN,0.94142,Serogroup 33,19A
SRR26714685#2,True,False,False,False,1.0,-13.875,3,0.004701,36,3
ERR1066030#18,True,False,False,False,0.999,-11.4,19F,0.001824,12_44_46,19F
SRR26789668#4,True,False,False,False,0.999,-12.28,9N,0.029829,18,9N
ERR1540697#4,True,False,False,False,0.998,-10.811,16F,0.100225,39,16F
SRR26594751#4,True,False,False,False,1.0,-12.334,22F,0.001892,35A_35C_42,22F
SRR26789615#4,True,False,False,False,0.993,-9.872,14,0.246827,33G,14
ERR2090302#11,True,True,False,True,0.753,-8.828,UNKNOWN,0.516343,36,15B
ERR3655283#1,True,False,False,False,0.981,-9.108,6B,0.077834,45,6B
ERR1453787#12,True,True,True,True,0.876,-7.573,UNKNOWN,0.999998,35A_35C_42,9L
ERR1214698#2,True,True,False,True,0.997,-10.817,UNKNOWN,0.541026,25A_25F_38,7C
ERR876713#26,True,False,False,False,1.0,-12.067,14,0.001295,33G,14
ERR1453816#12,True,True,False,True,0.92,-10.128,UNKNOWN,0.921312,20,12F
SRR26880253#3,True,False,False,False,1.0,-11.986,10A,0.003392,35A_35C_42,10A
ERR2667271#20,True,False,False,False,0.999,-11.614,5,0.118604,35A_35C_42,5
SRR26594427#1,True,False,False,False,1.0,-11.986,10A,0.003392,35A_35C_42,10A
SRR26789800#1,True,True,False,True,0.911,-10.23,UNKNOWN,0.695667,35A_35C_42,35B
ERR433833#23,True,True,True,True,0.88,-7.934,UNKNOWN,0.999999,35A_35C_42,9L
SRR26930241#2,True,False,False,False,1.0,-13.007,8,0.001797,36,8
SRR26833609#4,True,False,False,False,1.0,-13.236,8,0.002783,36,8
SRR26749575#30,True,True,False,True,0.85,-8.322,UNKNOWN,0.999998,36,37
ERR1214656#9,True,False,False,False,1.0,-12.196,14,0.001219,33G,14
ERR913281#1,True,False,False,False,1.0,-11.77,19A,0.003296,33C,19A
ERR1066165#2,True,False,False,False,1.0,-12.234,22F,0.00333,33A_33F_37,22F
ERR13364417#1,True,False,False,False,0.999,-11.305,19F,0.002857,12_44_46,19F
SRR26789526#1,True,False,False,False,0.943,-9.28,6A,0.060198,36,6A
SRR26749726#1,True,False,False,False,0.922,-9.724,20B,0.215504,18,20B
SRR26878474#1,True,False,False,False,1.0,-13.102,8,0.003566,3,8
ERR742408#3,True,False,False,False,0.896,-10.191,38,0.030169,3,38
ERR2667642#21,True,False,False,False,0.999,-11.615,5,0.138448,35A_35C_42,5
SRR26910515#4,True,False,False,False,0.999,-11.564,10A,0.060704,35A_35C_42,10A
ERR3899306#10,True,False,False,False,0.999,-11.017,14,0.058535,27,14
ERR1106681#2,True,False,False,False,0.999,-11.295,1,0.119526,10,1
SRR26833994#3,True,False,False,False,0.999,-12.158,9N,0.01413,20,9N
SRR26879537#4,True,False,False,False,1.0,-12.339,22F,0.001813,35A_35C_42,22F
ERR505758#1,True,False,False,False,0.999,-11.574,16F,0.017726,35A_35C_42,16F
ERR730931#21,True,False,False,False,0.999,-11.923,14,0.005847,Serogroup 33,14
ERR900718#1,True,False,False,False,0.999,-11.415,23F,0.016944,19B_19C,23F
ERR7568057#5,True,True,False,True,0.964,-9.505,UNKNOWN,0.806002,45,6B
SRR26833954#6,True,False,False,False,1.0,-12.899,8,0.007445,3,8
SRR26714093#8,True,False,False,False,1.0,-13.223,8,0.00279,36,8
ERR913194#5,True,False,False,False,0.999,-11.257,15A,0.064695,35A_35C_42,15A
ERR2090683#2,True,False,False,False,0.999,-12.081,12F,0.091546,6,12F
ERR570412#24,True,False,False,False,0.999,-11.942,14,0.005641,Serogroup 33,14
ERR742773#3,True,False,False,False,0.999,-11.782,5,0.086042,35A_35C_42,5
ERR884586#20,True,True,False,True,0.917,-9.002,UNKNOWN,0.833189,45,6B
SRR26818620#5,True,False,False,False,0.999,-12.03,22F,0.003825,33A_33F_37,22F
SRR26930345#3,True,False,False,False,1.0,-12.337,22F,0.001808,35A_35C_42,22F
SRR26797505#3,True,True,True,True,0.528,-6.977,UNKNOWN,1.0,45,16F
SRR26797761#9,True,False,False,False,0.999,-12.321,12F,0.067768,33G,12F
SRR26910840#1,True,False,False,False,1.0,-12.316,22F,0.001543,35A_35C_42,22F
ERR742405#1,True,True,False,True,0.981,-10.425,UNKNOWN,0.853774,18,35B
SRR26931192#18,True,False,False,False,1.0,-13.875,3,0.004701,36,3
ERR884372#25,True,False,False,False,0.999,-11.109,14,0.100399,15,14
ERR925096#26,True,True,False,True,0.903,-8.615,UNKNOWN,0.977289,20,9V
ERR884402#4,True,True,True,True,0.72,-8.127,UNKNOWN,0.999172,36,15B
SRR26797123#1,True,True,False,True,0.96,-8.588,UNKNOWN,0.978777,10,15A
ERR869830#1,True,False,False,False,0.999,-11.803,13,0.006143,20,13
SRR26789670#1,True,False,False,False,0.999,-12.041,12F,0.082214,11,12F
SRR26789990#2,True,False,False,False,1.0,-12.46,22F,0.001321,35A_35C_42,22F
ERR505937#3,True,False,False,False,1.0,-12.043,14,0.001914,Serogroup 33,14
SRR26880327#2,True,False,False,False,1.0,-13.846,3,0.0052,36,3
SRR26910806#4,True,False,False,False,1.0,-12.342,22F,0.001744,35A_35C_42,22F
ERR742504#5,True,False,False,False,0.999,-11.427,19A,0.04732,35A_35C_42,19A
ERR3655125#2,False,True,True,True,0.766,-6.906,UNKNOWN,1.0,36,14
ERR2681095#1,True,True,False,True,0.972,-9.969,UNKNOWN,0.809647,6,6C
ERR505917#5,True,False,False,False,0.998,-11.098,6C,0.372863,6,6C
ERR600375#12,True,False,False,False,1.0,-12.224,14,0.000415,Serogroup 33,14
SRR26797594#9,True,False,False,False,0.999,-12.321,12F,0.067768,33G,12F
SRR26749686#2,True,False,False,False,1.0,-13.116,8,0.001332,36,8
ERR3796139#7,True,False,False,False,0.999,-11.798,14,0.010203,3,14
ERR1066331#20,True,False,False,False,0.997,-10.952,21,0.309078,20,21
SRR26833595#5,True,False,False,False,1.0,-13.875,3,0.004701,36,3
ERR505999#1,True,False,False,False,0.999,-12.136,33F,0.056935,20,33F
SRR26673527#7,True,False,False,False,1.0,-13.223,8,0.00279,36,8
ERR1756441#2,True,False,False,False,0.999,-11.597,1,0.164376,6,1
ERR2681094#24,True,True,True,True,0.795,-7.413,UNKNOWN,1.0,36,35F
ERR1202341#1,True,False,False,False,0.999,-11.33,1,0.117762,6,1
SRR26797611#4,True,True,False,True,0.992,-9.762,UNKNOWN,0.619725,35A_35C_42,16F
ERR774355#5,True,False,False,False,0.918,-10.225,38,0.038425,3,38
SRR26931023#1,True,False,False,False,1.0,-13.007,8,0.001797,36,8
SRR26750023#78,True,True,False,True,0.708,-8.382,UNKNOWN,0.998388,33G,9N
ERR13374900#4,True,False,False,False,0.999,-12.036,9N,0.105136,18,9N
ERR2681211#1,True,False,False,False,0.999,-11.461,19F,0.000544,12_44_46,19F
ERR870132#35,True,False,False,False,0.999,-11.574,1,0.130265,6,1
SRR26594899#2,True,False,False,False,1.0,-13.116,8,0.001332,36,8
SRR26789999#2,True,False,False,False,1.0,-12.46,22F,0.001321,35A_35C_42,22F
ERR13364615#51,True,True,True,True,0.906,-7.261,UNKNOWN,0.977703,20,6A
ERR3303459#7,True,False,False,False,1.0,-12.871,1,0.00379,6,1
ERR1658131#1,True,True,False,True,0.955,-8.845,UNKNOWN,0.999877,3,7B
SRR26673287#2,True,False,False,False,1.0,-13.123,8,0.00125,36,8
SRR26797905#2,True,True,True,True,0.539,-7.647,UNKNOWN,0.999371,15,8
ERR1788311#1,True,True,False,True,0.978,-9.357,UNKNOWN,0.803423,12_44_46,19F
SRR26714780#4,True,False,False,False,0.999,-11.724,23B,0.006062,6,23B
SRR26931634#5,True,False,False,False,1.0,-13.425,8,0.00115,36,8
ERR1453658#28,True,False,False,False,0.925,-9.564,6B,0.126365,45,6B
ERR1202385#11,True,True,False,True,0.925,-10.568,UNKNOWN,0.690718,33G,12F
ERR3270707#8,True,False,False,False,0.998,-11.042,10A,0.079801,33G,10A
ERR876443#1,True,False,False,False,1.0,-12.201,14,0.000474,Serogroup 33,14
ERR646559#19,True,True,False,True,0.995,-10.067,UNKNOWN,0.640746,36,4
ERR316635#6,True,False,False,False,0.97,-9.478,6A,0.017447,45,6A
SRR26880015#11,True,False,False,False,0.999,-11.553,12F,0.2089,20,12F
ERR909113#21,True,False,False,False,1.0,-12.038,14,0.002068,Serogroup 33,14
ERR352004#4,True,False,False,False,0.999,-12.101,5,0.036197,35A_35C_42,5
SRR26883781#25,True,False,False,False,0.999,-12.301,9N,0.036625,18,9N
ERR876636#9,True,False,False,False,1.0,-11.809,14,0.003665,36,14
ERR1422653#3,True,False,False,False,1.0,-13.846,3,0.0052,36,3
SRR26749789#1,True,False,False,False,1.0,-13.875,3,0.004701,36,3
ERR1106633#5,True,False,False,False,1.0,-12.899,1,0.004146,6,1
SRR26817748#9,True,False,False,False,0.999,-11.622,12F,0.159704,20,12F
SRR26789309#23,True,True,False,True,0.818,-8.311,UNKNOWN,0.996706,20,9V
SRR26818625#2,True,False,False,False,0.999,-11.148,15A,0.045771,10,15A
ERR632980#2,True,True,True,True,0.613,-7.301,UNKNOWN,0.99964,36,19A
SRR26673015#5,True,False,False,False,1.0,-13.241,8,0.002839,36,8
ERR925289#1,True,False,False,False,1.0,-12.137,16F,0.001581,39,16F
ERR1214538#7,True,False,False,False,1.0,-13.875,3,0.004701,36,3
ERR773859#7,True,False,False,False,0.969,-9.533,6A,0.01017,45,6A
SRR26594597#54,True,True,False,True,0.99,-9.913,UNKNOWN,0.933621,36,19A
ERR3796760#4,True,False,False,False,0.996,-11.707,24F,0.178674,35A_35C_42,24F
ERR714475#1,True,False,False,False,1.0,-12.418,1,0.014958,6,1
ERR433725#23,True,True,True,True,0.891,-7.666,UNKNOWN,0.99884,35A_35C_42,19A
SRR26931515#14,True,False,False,False,0.999,-12.136,33F,0.056935,20,33F
ERR2853630#4,True,False,False,False,1.0,-11.828,19A,0.002413,33C,19A
SRR26714678#52,True,False,False,False,0.999,-11.016,23B,0.069766,6,23B
SRR26834126#1,True,False,False,False,0.999,-11.664,23B,0.012062,7B_7C_40,23B
SRR26930389#1,True,False,False,False,0.999,-11.664,23B,0.012062,7B_7C_40,23B
SRR26749510#7,True,True,False,True,0.984,-10.056,UNKNOWN,0.93447,20,20B
ERR646600#21,True,False,False,False,1.0,-11.843,14,0.004753,33G,14
SRR26930685#21,True,True,False,True,0.993,-10.714,UNKNOWN,0.588663,6,6C
ERR13365638#11,True,False,False,False,0.998,-10.712,14,0.067005,15,14
ERR714456#2,True,False,False,False,1.0,-12.234,22F,0.00333,33A_33F_37,22F
ERR1192082#25,True,True,False,True,0.809,-8.232,UNKNOWN,1.0,36,37
ERR2090229#6,True,True,False,True,0.725,-8.16,UNKNOWN,0.999999,3,7B
ERR2667709#2,True,False,False,False,1.0,-12.961,1,0.00374,6,1
ERR1202554#21,True,False,False,False,0.999,-11.871,5,0.030923,35A_35C_42,5
ERR577962#2,True,False,False,False,0.956,-10.491,18C,0.035017,Serogroup 33,18C
ERR845760#1,True,False,False,False,0.973,-9.496,6A,0.015298,45,6A
ERR13364558#7,True,False,False,False,1.0,-12.189,14,0.000518,Serogroup 33,14
SRR26818500#13,True,False,False,False,1.0,-13.123,8,0.00125,36,8
ERR3227774#3,True,False,False,False,1.0,-12.194,14,0.000399,Serogroup 33,14
ERR1066176#13,True,True,True,True,0.465,-6.689,UNKNOWN,1.0,15,14
ERR2090044#6,True,False,False,False,0.513,-8.851,15B,0.174952,3,15C
ERR1540714#5,True,False,False,False,1.0,-11.79,19A,0.001734,33C,19A
ERR2853525#1,True,False,False,False,0.999,-11.41,19A,0.015675,33C,19A
SRR26910496#8,True,False,False,False,1.0,-13.223,8,0.00279,36,8
SRR26817946#1,True,False,False,False,0.999,-12.047,12F,0.120785,6,12F
ERR730633#2,True,False,False,False,0.998,-11.195,1,0.428957,6,1
ERR1202629#4,True,False,False,False,0.968,-10.517,38,0.304354,6,38
ERR925032#2,True,False,False,False,0.998,-10.429,19F,0.075237,Serogroup 33,19F
SRR26714674#5,True,False,False,False,1.0,-13.984,3,0.004317,36,3
ERR774298#1,True,False,False,False,1.0,-12.137,16F,0.001581,39,16F
ERR13364493#2,True,False,False,False,1.0,-11.983,10A,0.003887,35A_35C_42,10A
ERR2090372#2,True,True,False,True,0.96,-9.474,UNKNOWN,0.985966,20,28A
ERR884643#36,True,True,False,True,0.993,-10.01,UNKNOWN,0.813328,6,34
ERR2680925#5,True,False,False,False,0.997,-10.726,23A,0.371581,20,23A
ERR774505#3,True,True,False,True,0.97,-9.762,UNKNOWN,0.831973,12_44_46,35B
SRR26594423#3,True,False,False,False,0.998,-11.253,33F,0.28891,20,33F
ERR13366090#3,True,False,False,False,1.0,-12.274,22F,0.005633,35A_35C_42,22F
ERR13374958#20,True,False,False,False,0.875,-9.312,20A,0.445862,35A_35C_42,20A
ERR13365713#6,True,True,False,True,0.997,-10.983,UNKNOWN,0.644254,3,8
ERR3303323#1,True,True,False,True,0.998,-11.194,UNKNOWN,0.953656,35A_35C_42,39
SRR26818706#2,True,False,False,False,0.999,-11.207,23A,0.025729,3,23A
ERR568751#4,True,False,False,False,0.999,-11.672,23B,0.011474,7B_7C_40,23B
ERR2089426#1,True,False,False,False,1.0,-13.196,8,0.001642,36,8
ERR460209#11,True,True,False,True,0.84,-8.467,UNKNOWN,0.991268,20,9V
ERR1106770#16,True,True,True,True,0.41,-6.631,UNKNOWN,1.0,29,15C
SRR26672995#1,True,False,False,False,1.0,-13.121,8,0.001159,36,8
ERR774288#2,True,False,False,False,1.0,-12.907,1,0.000875,6,1
ERR751133#5,True,True,False,True,0.958,-9.857,UNKNOWN,0.691684,45,6B
SRR26790031#5,True,False,False,False,1.0,-13.24,8,0.002857,36,8
ERR2090679#3,True,False,False,False,0.999,-12.201,12F,0.257331,20,12F
SRR26880317#1,True,False,False,False,0.999,-11.745,15A,0.011728,10,15A
ERR1788042#3,True,False,False,False,0.999,-12.046,12F,0.077248,11,12F
SRR26594924#28,True,False,False,False,0.999,-11.564,10A,0.060704,35A_35C_42,10A
SRR26878601#1,True,False,False,False,0.999,-12.047,12F,0.120785,6,12F
SRR26818350#1,True,False,False,False,0.999,-12.276,31,0.044326,33A_33F_37,31
SRR26878405#2,True,False,False,False,0.718,-9.27,20B,0.285525,18,20B
ERR1540740#41,True,False,False,False,0.996,-10.1,19F,0.157869,12_44_46,19F
SRR26930183#1,True,False,False,False,0.999,-12.101,12F,0.066398,11,12F
ERR2853500#16,True,False,False,False,1.0,-11.772,19A,0.002305,33C,19A
ERR600434#10,True,True,False,True,0.964,-9.505,UNKNOWN,0.806002,45,6B
ERR2089688#7,True,False,False,False,1.0,-12.887,1,0.003764,6,1
ERR2668102#2,True,False,False,False,0.999,-11.337,19A,0.018923,33C,19A
ERR742671#5,True,True,False,True,0.994,-10.155,UNKNOWN,0.888037,35A_35C_42,5
ERR506038#49,True,True,True,True,0.712,-7.189,UNKNOWN,1.0,20,17F
SRR26931898#1,True,False,False,False,1.0,-13.102,8,0.003566,3,8
SRR26673685#10,True,False,False,False,0.999,-11.553,12F,0.2089,20,12F
ERR425488#1,True,True,False,True,0.831,-9.504,UNKNOWN,0.615241,12_44_46,11A
SRR26749593#26,True,False,False,False,0.998,-11.012,10A,0.247467,35A_35C_42,10A
SRR26910325#6,True,False,False,False,0.999,-12.36,8,0.072627,36,8
SRR26749185#4,True,False,False,False,0.844,-9.884,38,0.178929,6,38
ERR742795#25,True,True,False,True,0.938,-9.037,UNKNOWN,0.976709,36,4
SRR26750081#2,True,False,False,False,1.0,-13.116,8,0.001332,36,8
ERR8481859#1,True,False,False,False,0.988,-10.774,11A,0.400475,12_44_46,11A
ERR1540779#8,True,False,False,False,0.995,-10.701,19A,0.086712,6,19A
SRR26884566#2,True,False,False,False,1.0,-13.846,3,0.0052,36,3
ERR3270710#2,True,True,False,True,0.97,-10.039,UNKNOWN,0.60944,45,6B
SRR26714517#3,True,False,False,False,1.0,-13.846,3,0.0052,36,3
ERR13364969#5,True,False,False,False,0.988,-9.83,7F,0.289239,35A_35C_42,7F
SRR26797668#1,True,False,False,False,0.999,-12.158,9N,0.01413,20,9N
ERR1214583#2,True,False,False,False,0.999,-11.406,19F,0.001134,12_44_46,19F
ERR1453528#5,True,False,False,False,0.934,-9.595,6B,0.128223,45,6B
ERR997528#23,True,False,False,False,0.998,-11.105,4,0.266749,36,4
ERR2089728#1,True,False,False,False,0.953,-9.881,6B,0.217888,45,6B
ERR925054#26,True,True,False,True,0.979,-9.273,UNKNOWN,0.965115,20,9V
ERR862492#1,True,True,False,True,0.921,-9.219,UNKNOWN,0.549871,Serogroup 33,19F
ERR13365273#10,True,False,False,False,1.0,-13.846,3,0.0052,36,3
ERR742389#6,True,False,False,False,1.0,-11.944,19A,0.001239,36,19A
ERR925153#18,True,False,False,False,0.999,-11.511,34,0.009975,6,34
ERR662386#26,True,False,False,False,0.998,-11.959,12F,0.226825,11,12F
ERR1192090#9,True,True,False,True,0.988,-9.557,UNKNOWN,0.916275,20,21
ERR1788222#2,True,True,False,True,0.826,-9.48,UNKNOWN,0.620323,12_44_46,11A
SRR26833914#14,True,False,False,False,1.0,-13.123,8,0.00125,36,8
SRR26790126#7,True,True,False,True,0.991,-10.32,UNKNOWN,0.827303,20,21
SRR26911059#33,True,True,True,True,0.853,-8.005,UNKNOWN,0.997676,19B_19C,23F
ERR774105#18,True,True,False,True,0.976,-10.13,UNKNOWN,0.625149,45,6B
ERR1422588#2,False,True,True,True,0.779,-6.62,UNKNOWN,0.999992,20,19F
ERR331110#25,True,True,False,True,0.992,-9.699,UNKNOWN,0.744951,36,6B
ERR586345#1,True,False,False,False,0.763,-9.053,15B,0.033912,29,15B
ERR13365464#1,True,False,False,False,1.0,-12.924,8,0.007125,36,8
ERR13364538#13,True,False,False,False,0.998,-11.236,7F,0.238393,20,7F
ERR4289116#23,True,False,False,False,0.906,-8.759,25F,0.264648,33A_33F_37,25F
ERR1453587#2,True,False,False,False,1.0,-13.875,3,0.004701,36,3
ERR600423#2,True,True,False,True,0.964,-9.504,UNKNOWN,0.804499,45,6B
ERR884366#7,True,True,False,True,0.956,-10.571,UNKNOWN,0.99394,11,12F
ERR774564#5,True,False,False,False,0.999,-11.318,15A,0.037145,10,15A
ERR2089373#4,True,True,False,True,0.957,-10.674,UNKNOWN,0.994084,11,12F
ERR925065#4,True,False,False,False,0.996,-10.603,9V,0.037883,20,9V
ERR742714#3,True,True,False,True,0.973,-8.664,UNKNOWN,0.94515,20,9V
ERR2089929#1,True,False,False,False,0.999,-11.923,13,0.002581,20,13
ERR501511#14,True,False,False,False,0.999,-12.069,12F,0.069202,11,12F
SRR26714308#18,True,False,False,False,0.999,-11.524,19A,0.007471,33C,19A
SRR26880092#7,True,False,False,False,0.999,-12.253,12F,0.132868,20,12F
ERR2090725#1,True,False,False,False,0.999,-11.84,15A,0.005836,10,15A
ERR742824#25,True,True,False,True,0.994,-10.155,UNKNOWN,0.888037,35A_35C_42,5
ERR1065400#1,True,False,False,False,1.0,-12.136,16F,0.001584,39,16F
ERR3899314#1,True,False,False,False,1.0,-11.776,19A,0.0031,33C,19A
SRR26789518#2,True,False,False,False,0.879,-10.141,38,0.018871,3,38
ERR2681275#3,True,True,True,True,0.819,-7.719,UNKNOWN,0.99971,10,6C
ERR633110#32,True,True,False,True,0.961,-9.47,UNKNOWN,0.585112,45,6B
ERR1422621#5,True,True,True,True,0.654,-7.071,UNKNOWN,0.99716,36,6A
ERR1065115#1,True,False,False,False,0.999,-11.462,19F,0.000543,12_44_46,19F
ERR730825#11,True,True,True,True,0.56,-7.676,UNKNOWN,0.999944,45,19F
ERR586402#21,True,True,False,True,0.928,-10.4,UNKNOWN,0.673907,18,35B
ERR1065118#23,True,True,False,True,0.899,-8.389,UNKNOWN,0.999097,39,13
SRR26715015#2,True,False,False,False,1.0,-13.007,8,0.001797,36,8
ERR8481708#1,True,False,False,False,1.0,-13.406,8,0.00111,36,8
SRR26715037#1,True,False,False,False,1.0,-13.846,3,0.0052,36,3
ERR1422640#11,True,False,False,False,0.934,-9.598,6B,0.131947,45,6B
ERR870103#16,True,True,False,True,0.994,-10.402,UNKNOWN,0.820053,6,19B
ERR742778#53,True,True,False,True,0.98,-9.788,UNKNOWN,0.758196,36,4
ERR600585#26,True,False,False,False,0.828,-9.738,6B,0.006147,45,6B
ERR13365686#5,True,False,False,False,0.501,-8.819,15B,0.438617,3,15B
SRR26673535#25,True,True,False,True,0.953,-10.735,UNKNOWN,0.815088,33G,12F
ERR913219#1,True,False,False,False,0.999,-11.393,23B,0.034579,7B_7C_40,23B
SRR26931914#10,True,False,False,False,0.998,-12.09,12F,0.267415,11,12F
ERR979912#11,True,True,False,True,0.975,-9.062,UNKNOWN,0.982499,35A_35C_42,5
SRR26931315#2,True,True,False,True,0.932,-8.867,UNKNOWN,0.998048,12_44_46,11A
ERR997577#1,True,False,False,False,0.999,-11.394,23B,0.034626,7B_7C_40,23B
SRR26833658#8,True,True,False,True,0.874,-8.625,UNKNOWN,0.997889,20,11A
ERR505587#12,True,True,False,True,0.944,-8.51,UNKNOWN,0.998315,45,19F
ERR909093#15,True,False,False,False,0.999,-11.516,23F,0.016735,19B_19C,23F
SRR26797463#14,True,False,False,False,0.999,-12.085,12F,0.096155,6,12F
ERR876471#26,True,False,False,False,0.999,-11.109,14,0.100399,15,14
SRR26930261#21,True,False,False,False,0.999,-11.564,10A,0.060704,35A_35C_42,10A
SRR26789442#1,True,False,False,False,1.0,-11.986,10A,0.003392,35A_35C_42,10A
ERR1066164#3,True,True,False,True,0.981,-10.075,UNKNOWN,0.792452,45,35B
ERR13365009#37,True,False,False,False,0.997,-10.777,9V,0.019355,20,9V
ERR1065629#1,True,False,False,False,0.999,-11.597,1,0.164376,6,1
SRR26749239#10,True,False,False,False,0.999,-12.321,12F,0.067768,33G,12F
ERR730375#1,True,False,False,False,0.999,-11.429,9V,0.001906,20,9V
ERR13364628#4,True,False,False,False,0.997,-10.635,9V,0.018158,20,9V
ERR774354#28,True,False,False,False,0.997,-10.041,19F,0.112546,36,19F
ERR425421#11,True,False,False,False,1.0,-12.211,14,0.000526,Serogroup 33,14
SRR26749468#1,True,False,False,False,0.999,-12.098,12F,0.064028,11,12F
SRR26749502#8,True,False,False,False,0.998,-11.262,22F,0.255465,35A_35C_42,22F
SRR26930278#13,True,False,False,False,1.0,-13.116,8,0.001332,36,8
ERR2089792#10,True,True,False,True,0.597,-9.041,UNKNOWN,0.994099,33G,12F
ERR884636#100,True,True,False,True,0.986,-9.578,UNKNOWN,0.945064,45,6B
ERR900658#1,True,False,False,False,0.993,-10.194,19F,0.307411,12_44_46,19F
ERR730638#11,True,False,False,False,0.993,-9.463,6A,0.408922,3,6A
ERR600516#1,True,False,False,False,0.583,-9.119,15C,0.003723,29,15C
SRR26673277#2,True,False,False,False,1.0,-13.052,8,0.0015,36,8
SRR26931827#2,True,False,False,False,0.999,-12.041,12F,0.082214,11,12F
SRR26714351#30,True,False,False,False,0.999,-11.553,12F,0.2089,20,12F
ERR2667612#12,True,False,False,False,1.0,-12.233,14,0.000429,Serogroup 33,14
ERR2853577#12,True,False,False,False,1.0,-11.795,19A,0.002887,33C,19A
ERR730744#12,True,False,False,False,0.996,-10.591,23F,0.357258,19B_19C,23F
ERR1202399#8,True,True,False,True,0.667,-9.087,UNKNOWN,0.999937,11,46
SRR26884332#22,True,False,False,False,0.999,-11.064,15A,0.035131,10,15A
ERR870002#6,True,False,False,False,0.766,-9.444,20A,0.357283,18,20A
ERR908880#21,True,True,False,True,0.975,-9.585,UNKNOWN,0.834073,6,38
SRR26880436#6,True,False,False,False,0.999,-12.294,9N,0.029434,18,9N
ERR13374659#2,True,False,False,False,1.0,-12.405,17F,0.035267,20,17F
ERR13364372#13,True,False,False,False,1.0,-12.199,14,0.000457,Serogroup 33,14
ERR326416#28,True,False,False,False,0.69,-8.475,6B,0.415203,45,6B
ERR13365602#11,True,False,False,False,0.934,-9.599,6B,0.136193,45,6B
ERR13365911#2,True,False,False,False,1.0,-13.875,3,0.004701,36,3
SRR26910304#2,True,False,False,False,1.0,-13.308,8,0.001405,36,8
ERR13366083#1,True,False,False,False,1.0,-13.425,8,0.00115,36,8
ERR774538#1,True,False,False,False,0.998,-11.948,35A,0.204446,36,35A
ERR750841#13,True,True,False,True,0.997,-11.442,UNKNOWN,0.877691,35A_35C_42,10F
SRR26714838#5,True,False,False,False,1.0,-13.875,3,0.004701,36,3
SRR26884171#7,True,False,False,False,1.0,-13.24,8,0.002857,36,8
ERR13374644#8,True,True,False,True,0.97,-8.965,UNKNOWN,0.988746,33A_33F_37,31
ERR3796781#4,True,False,False,False,0.993,-11.262,24F,0.306366,35A_35C_42,24F
SRR26818513#4,True,False,False,False,1.0,-12.967,8,0.008398,36,8
ERR505747#20,True,True,False,True,0.962,-8.992,UNKNOWN,0.982016,6,19A
ERR13397667#1,True,False,False,False,0.999,-11.472,19F,0.00055,12_44_46,19F
SRR26931446#7,True,False,False,False,0.999,-12.321,12F,0.067768,33G,12F
SRR26834057#1,True,False,False,False,1.0,-13.846,3,0.0052,36,3
SRR26910895#1,True,False,False,False,1.0,-13.846,3,0.0052,36,3
ERR774572#36,True,False,False,False,1.0,-12.968,1,0.002478,6,1
SRR26714240#5,True,False,False,False,0.999,-11.207,23A,0.025728,3,23A
ERR774082#6,True,True,True,True,0.346,-6.916,UNKNOWN,0.999999,36,18C
ERR2089870#4,True,False,False,False,1.0,-12.167,14,0.002305,15,14
ERR2667491#1,True,False,False,False,0.984,-10.286,6A,0.000992,45,6A
SRR26880028#5,True,False,False,False,1.0,-13.24,8,0.002857,36,8
ERR2667308#10,True,True,False,True,0.788,-8.603,UNKNOWN,0.996059,Serogroup 33,14
ERR505688#9,True,True,False,True,0.979,-8.638,UNKNOWN,0.752549,36,19A
SRR26594659#1,True,False,False,False,1.0,-12.133,19A,0.000325,33C,19A
ERR742575#4,True,True,False,True,0.985,-10.089,UNKNOWN,0.758686,12_44_46,11A
ERR2090650#1,True,False,False,False,0.988,-10.229,19A,0.12782,15,19A
ERR13365089#18,True,False,False,False,1.0,-12.21,14,0.000478,Serogroup 33,14
ERR884561#3,True,True,True,True,0.777,-7.624,UNKNOWN,0.97566,35A_35C_42,18C
SRR26749421#20,True,False,False,False,0.999,-11.676,15A,0.004464,10,15A
SRR26673600#1,True,False,False,False,0.999,-11.432,12F,0.03906,6,12F
SRR26833805#2,True,False,False,False,1.0,-13.007,8,0.001797,36,8
ERR870145#1,True,False,False,False,0.953,-10.249,18C,0.123905,Serogroup 33,18C
ERR2680980#1,True,False,False,False,0.983,-9.708,19F,0.497392,12_44_46,19F
ERR600179#12,True,False,False,False,0.998,-11.959,12F,0.22678,11,12F
ERR505675#1,True,False,False,False,0.933,-9.589,6B,0.119809,45,6B
ERR2089759#1,True,False,False,False,0.934,-9.597,6B,0.131356,45,6B
ERR13364837#4,True,False,False,False,0.999,-11.956,22F,0.005169,33A_33F_37,22F
ERR774308#5,True,True,False,True,0.811,-9.468,UNKNOWN,0.968108,18,20A
SRR26931298#1,True,True,False,True,0.838,-9.537,UNKNOWN,0.615041,12_44_46,11A
ERR2089018#9,True,True,False,True,0.925,-10.568,UNKNOWN,0.690718,33G,12F
SRR26818632#1,True,False,False,False,0.999,-11.436,9V,0.001889,20,9V
SRR26910404#2,True,False,False,False,0.999,-11.844,15A,0.00491,10,15A
ERR1191901#13,True,False,False,False,0.96,-9.985,6B,0.030449,45,6B
SRR26594553#22,True,False,False,False,1.0,-13.875,3,0.004701,36,3
ERR13366240#12,True,False,False,False,1.0,-12.209,14,0.000418,Serogroup 33,14
SRR26879479#33,True,True,False,True,0.962,-8.769,UNKNOWN,0.98803,7B_7C_40,23A
ERR433539#4,True,True,False,True,0.995,-10.584,UNKNOWN,0.813886,36,4
ERR909115#2,True,False,False,False,0.993,-10.194,19F,0.307411,12_44_46,19F
ERR979935#1,True,True,True,True,0.779,-7.767,UNKNOWN,1.0,20,33B
ERR1214467#1,True,False,False,False,0.878,-9.789,6A,0.003999,36,6A
ERR908874#16,True,True,False,True,0.976,-10.133,UNKNOWN,0.621134,45,6B
ERR2089036#4,True,False,False,False,0.998,-10.811,16F,0.100225,39,16F
ERR730929#1,True,False,False,False,0.992,-10.061,6A,0.13329,45,6A
ERR13364844#2,True,False,False,False,1.0,-12.173,14,0.000454,Serogroup 33,14
SRR26797659#2,True,False,False,False,1.0,-13.121,8,0.001159,36,8
ERR1192157#20,True,True,False,True,0.92,-10.132,UNKNOWN,0.933815,35A_35C_42,35B
SRR26714186#1,True,False,False,False,1.0,-13.068,8,0.004181,3,8
ERR2090349#8,True,False,False,False,0.999,-12.279,31,0.069806,33A_33F_37,31
SRR26879509#2,True,False,False,False,1.0,-13.052,8,0.0015,36,8
SRR26910334#6,True,False,False,False,0.999,-11.965,22F,0.011531,35A_35C_42,22F
ERR1658157#2,True,True,False,True,0.911,-10.23,UNKNOWN,0.689313,35A_35C_42,35B
ERR909037#2,True,True,False,True,0.932,-9.067,UNKNOWN,0.989244,Serogroup 33,20A
ERR13364422#1,True,True,True,True,0.741,-8.148,UNKNOWN,0.995503,36,4
SRR26673654#3,True,False,False,False,1.0,-13.121,8,0.001159,36,8
ERR980238#1,True,False,False,False,0.999,-11.293,19F,0.002933,12_44_46,19F
ERR633099#4,True,False,False,False,0.968,-9.476,6A,0.013917,45,6A
ERR662416#82,True,False,False,False,1.0,-13.846,3,0.0052,36,3
ERR1453644#5,True,False,False,False,0.991,-10.564,15A,0.420052,35A_35C_42,15A
ERR1288862#2,True,False,False,False,0.934,-9.597,6B,0.13147,45,6B
SRR26931404#1,True,False,False,False,0.999,-11.493,7C,0.389198,45,7C
SRR26714922#1,True,False,False,False,0.999,-11.541,12F,0.032021,6,12F
SRR26749903#2,True,False,False,False,1.0,-12.46,22F,0.001321,35A_35C_42,22F
SRR26880125#2,True,False,False,False,0.999,-12.136,33F,0.056935,20,33F
SRR26594791#9,True,True,False,True,0.945,-8.559,UNKNOWN,0.991969,45,21
ERR7567770#4,True,False,False,False,0.712,-9.243,15B,0.009255,3,15B
ERR730332#2,True,False,False,False,0.999,-11.444,9V,0.001745,20,9V
SRR26790001#12,True,False,False,False,1.0,-13.116,8,0.001332,36,8
SRR26931516#1,True,False,False,False,0.999,-12.158,9N,0.01413,20,9N
ERR984249#1,True,True,False,True,0.986,-9.895,UNKNOWN,1.0,35A_35C_42,48
ERR433508#63,True,False,False,False,0.999,-11.304,16F,0.113895,35A_35C_42,16F
ERR714493#6,True,False,False,False,0.961,-9.837,6A,0.001797,20,6A
SRR26931104#6,True,False,False,False,1.0,-13.238,8,0.002875,36,8
ERR13374797#29,True,False,False,False,1.0,-12.381,22F,0.002978,35A_35C_42,22F
ERR2089456#17,True,False,False,False,1.0,-12.233,14,0.000429,Serogroup 33,14
SRR26818275#2,True,False,False,False,1.0,-13.846,3,0.0052,36,3
ERR751050#1,True,False,False,False,1.0,-12.181,14,0.000413,Serogroup 33,14
SRR26930565#23,True,False,False,False,0.998,-11.244,15A,0.09165,10,15A
ERR1453397#1,True,False,False,False,0.999,-11.319,19F,0.002638,12_44_46,19F
SRR26931863#34,True,True,True,True,0.447,-6.578,UNKNOWN,0.999996,20,6A
ERR2818754#6,True,False,False,False,0.96,-9.33,19A,0.296283,20,19A
ERR2089858#1,True,False,False,False,0.998,-11.07,5,0.119065,35A_35C_42,5
ERR2089265#1,True,True,False,True,0.701,-8.754,UNKNOWN,0.996851,18,20A
SRR26930521#10,True,False,False,False,0.999,-12.321,12F,0.067768,33G,12F
SRR26910795#2,True,False,False,False,1.0,-13.015,8,0.001885,36,8
ERR13364436#1,True,False,False,False,1.0,-13.052,8,0.0015,36,8
ERR13365268#1,True,False,False,False,1.0,-12.073,19A,0.000464,33C,19A
ERR570419#1,True,False,False,False,1.0,-12.397,1,0.017037,6,1
ERR9796509#1,True,False,False,False,1.0,-11.751,19A,0.001928,33C,19A
SRR26750146#18,True,False,False,False,0.998,-11.056,15A,0.165338,35A_35C_42,15A
SRR26910574#2,True,True,True,True,0.467,-8.017,UNKNOWN,0.999914,3,23A
SRR26930911#32,True,True,False,True,0.876,-8.453,UNKNOWN,0.999996,45,20B
ERR3303206#5,True,False,False,False,0.998,-11.042,10A,0.079801,33G,10A
ERR1288924#25,True,False,False,False,1.0,-12.888,1,0.003869,6,1
ERR742378#22,True,False,False,False,1.0,-12.834,1,0.006698,6,1
ERR2089059#6,True,False,False,False,0.999,-11.29,19F,0.001062,12_44_46,19F
SRR26749323#1,True,False,False,False,1.0,-12.613,35F,0.011958,20,35F
ERR13364776#25,True,True,True,True,0.776,-7.95,UNKNOWN,0.999813,20,9V
ERR326730#1,True,False,False,False,0.999,-11.336,23F,0.008414,19B_19C,23F
ERR3669332#3,True,False,False,False,0.998,-10.744,16F,0.263751,39,16F
SRR26930351#3,True,False,False,False,0.999,-12.027,22F,0.003531,33A_33F_37,22F
ERR505483#3,True,True,True,True,0.598,-7.197,UNKNOWN,0.988296,36,6A
ERR774335#1,True,False,False,False,0.993,-10.194,19F,0.307411,12_44_46,19F
SRR26749297#84,True,True,True,True,0.796,-7.637,UNKNOWN,0.999996,20,18C
ERR730915#4,True,False,False,False,0.969,-9.475,6A,0.015273,45,6A
ERR913249#1,True,False,False,False,1.0,-12.463,1,0.013503,6,1
ERR600609#10,True,False,False,False,1.0,-11.801,14,0.003775,36,14
ERR8481785#6,True,False,False,False,0.999,-11.414,19F,0.001609,12_44_46,19F
ERR326772#73,True,True,False,True,0.994,-10.521,UNKNOWN,0.885858,11,1
ERR870248#4,True,False,False,False,1.0,-12.276,17F,0.02144,20,17F
SRR26594442#2,True,False,False,False,0.997,-11.674,24F,0.128987,35A_35C_42,24F
SRR26673701#12,True,False,False,False,1.0,-13.846,3,0.0052,36,3
ERR2091041#18,True,False,False,False,1.0,-11.765,14,0.001293,Serogroup 33,14
ERR909038#1,True,True,False,True,0.964,-9.068,UNKNOWN,0.990903,19B_19C,34
SRR26789784#50,True,True,False,True,0.989,-9.502,UNKNOWN,0.801172,6,6C
ERR730646#79,True,True,False,True,0.971,-9.073,UNKNOWN,0.992475,35A_35C_42,5
ERR632885#2,True,False,False,False,0.998,-11.132,1,0.454579,6,1
ERR1065623#3,True,True,False,True,0.987,-10.245,UNKNOWN,0.829791,6,28F
SRR26750048#1,True,False,False,False,1.0,-13.105,8,0.003534,3,8
SRR26883923#23,True,True,True,True,0.32,-6.174,UNKNOWN,1.0,35A_35C_42,16F
ERR2090014#18,True,False,False,False,0.995,-11.059,38,0.212743,18,38
ERR956282#1,True,False,False,False,0.95,-8.972,19F,0.435162,36,19F
SRR26930490#3,True,False,False,False,0.999,-12.101,12F,0.066398,11,12F
ERR1214444#3,True,False,False,False,1.0,-12.337,22F,0.001811,35A_35C_42,22F
SRR26714982#3,True,True,False,True,0.439,-8.202,UNKNOWN,0.47396,33G,11E
ERR984258#9,True,False,False,False,0.934,-9.598,6B,0.132761,45,6B
ERR774074#2,True,False,False,False,1.0,-12.234,22F,0.00333,33A_33F_37,22F
ERR980288#22,True,True,True,True,0.346,-6.916,UNKNOWN,0.999999,36,18C
SRR26877982#1,True,False,False,False,0.999,-11.676,23B,0.011864,7B_7C_40,23B
SRR26879723#8,True,False,False,False,0.999,-12.3,12F,0.112789,20,12F
SRR26834258#2,True,False,False,False,1.0,-13.116,8,0.001332,36,8
ERR870183#3,True,False,False,False,0.994,-10.108,6A,0.084132,45,6A
ERR862311#1,True,True,False,True,0.982,-9.159,UNKNOWN,0.959962,36,23F
ERR876726#19,True,False,False,False,1.0,-12.214,14,0.000438,Serogroup 33,14
SRR26797057#4,True,True,False,True,0.998,-11.218,UNKNOWN,0.992101,36,3
SRR26930560#9,True,False,False,False,1.0,-12.983,8,0.007826,36,8
ERR326499#16,True,False,False,False,0.998,-10.804,14,0.071729,35A_35C_42,14
ERR862525#16,True,True,True,True,0.171,-5.838,UNKNOWN,0.999999,20,23F
ERR13374660#1,True,False,False,False,0.999,-11.855,15A,0.005242,10,15A
ERR1756479#23,True,False,False,False,1.0,-12.91,1,0.003359,6,1
ERR876626#5,True,False,False,False,0.999,-11.688,4,0.017351,36,4
SRR26884313#2,True,False,False,False,1.0,-13.096,8,0.00159,36,8
SRR26931597#2,True,False,False,False,0.999,-11.207,23A,0.025728,3,23A
ERR913137#10,True,False,False,False,0.999,-11.852,13,0.009701,20,13
SRR26749925#22,True,True,False,True,0.99,-10.051,UNKNOWN,0.777495,20,23B
ERR662441#12,True,False,False,False,0.998,-11.269,7F,0.457414,35A_35C_42,7F
SRR26880149#13,True,True,False,True,0.996,-10.72,UNKNOWN,0.697497,45,7C
SRR26833699#5,True,True,True,True,0.454,-6.821,UNKNOWN,1.0,6,24A
ERR2853503#4,True,False,False,False,1.0,-12.073,19A,0.000464,33C,19A
SRR26818033#10,True,False,False,False,0.999,-12.321,12F,0.067768,33G,12F
SRR26797991#8,True,False,False,False,1.0,-13.223,8,0.00279,36,8
ERR742769#1,True,True,False,True,0.87,-9.235,UNKNOWN,0.998869,20,7C
SRR26749332#26,True,False,False,False,0.999,-11.564,10A,0.060704,35A_35C_42,10A
ERR331133#35,True,False,False,False,0.635,-9.126,6A,0.017071,45,6A
ERR884573#19,True,True,False,True,0.99,-9.49,UNKNOWN,0.564651,Serogroup 33,14
SRR26672763#2,True,False,False,False,1.0,-12.46,22F,0.001321,35A_35C_42,22F
SRR26789480#1,True,False,False,False,0.999,-11.667,23B,0.010957,7B_7C_40,23B
ERR1788269#6,True,False,False,False,0.999,-11.712,15A,0.003699,10,15A
SRR26931615#7,True,False,False,False,1.0,-13.231,8,0.002759,36,8
SRR26883841#7,True,False,False,False,0.999,-12.176,3,0.132834,11,3
ERR449247#4,True,False,False,False,0.5,-9.61,6A,0.003914,45,6A
SRR26672894#13,True,False,False,False,0.998,-11.153,35F,0.427898,20,35F
ERR13364645#7,True,True,False,True,0.985,-10.064,UNKNOWN,0.767022,33G,14
ERR742695#7,True,True,False,True,0.955,-10.56,UNKNOWN,0.993962,11,12F
ERR1453831#2,True,False,False,False,0.999,-11.29,19F,0.001062,12_44_46,19F
ERR913101#16,True,False,False,False,0.999,-11.549,23F,0.027725,19B_19C,23F
ERR13365998#16,True,False,False,False,0.999,-11.161,7F,0.064452,35A_35C_42,7F
ERR13364534#4,True,False,False,False,1.0,-12.212,14,0.000536,Serogroup 33,14
SRR26931073#24,True,False,False,False,0.852,-9.915,38,0.250881,6,38
ERR13365617#7,True,False,False,False,0.96,-9.905,6B,0.375353,45,6B
ERR505923#15,True,False,False,False,0.999,-11.69,23F,0.015931,19B_19C,23F
ERR2091134#15,True,False,False,False,0.998,-10.879,31,0.251808,33A_33F_37,31
ERR2667559#6,True,False,False,False,1.0,-12.774,1,0.004993,6,1
SRR26594624#2,True,False,False,False,1.0,-13.846,3,0.0052,36,3
ERR876654#27,True,True,False,True,0.99,-9.455,UNKNOWN,0.85516,36,6B
ERR730630#35,True,False,False,False,0.998,-10.429,19F,0.075237,Serogroup 33,19F
SRR26749503#2,True,False,False,False,0.997,-10.787,22F,0.264325,35A_35C_42,22F
ERR600107#1,True,False,False,False,0.998,-11.224,23A,0.024973,3,23A
SRR26797683#2,True,False,False,False,1.0,-12.46,22F,0.001321,35A_35C_42,22F
SRR26749713#1,True,True,False,True,0.994,-9.869,UNKNOWN,0.556726,45,23B
SRR26789645#4,True,False,False,False,1.0,-13.225,8,0.002792,36,8
SRR26910609#1,True,False,False,False,0.999,-11.508,7C,0.124812,6,7C
SRR26931091#1,True,False,False,False,0.999,-11.493,7C,0.389198,45,7C
ERR869934#15,True,False,False,False,0.955,-9.907,18C,0.045575,36,18C
ERR2091180#14,True,True,False,True,0.961,-8.95,UNKNOWN,0.999683,33G,10B
SRR26595063#22,True,False,False,False,0.999,-11.282,19A,0.02881,33C,19A
ERR8481817#1,True,False,False,False,0.999,-12.267,31,0.042261,33A_33F_37,31
ERR1214691#2,True,False,False,False,0.999,-11.359,23F,0.008674,19B_19C,23F
ERR730240#11,True,True,False,True,0.989,-9.427,UNKNOWN,0.553378,10D,19A
ERR979986#20,True,True,False,True,0.985,-9.629,UNKNOWN,0.951537,25A_25F_38,35B
SRR26931033#4,True,False,False,False,0.999,-11.597,16F,0.002869,35A_35C_42,16F
ERR13374689#5,True,True,False,True,0.991,-9.679,UNKNOWN,0.723573,20,9N
ERR1422523#4,True,True,False,True,0.964,-9.918,UNKNOWN,0.999994,36,35A
ERR774195#1,True,False,False,False,1.0,-11.795,19A,0.002887,33C,19A
ERR1540780#8,True,False,False,False,0.995,-10.701,19A,0.086712,6,19A
SRR26818284#12,True,False,False,False,0.999,-11.509,31,0.0923,7B_7C_40,31
ERR316574#22,True,False,False,False,0.999,-11.706,5,0.047561,35A_35C_42,5
SRR26714258#5,True,False,False,False,0.999,-12.28,9N,0.029829,18,9N
SRR26594267#13,True,False,False,False,1.0,-13.123,8,0.00125,36,8
SRR26818522#16,True,False,False,False,0.998,-11.262,22F,0.255465,35A_35C_42,22F
SRR26714099#79,True,False,False,False,0.999,-11.622,12F,0.159704,20,12F
ERR633089#7,True,False,False,False,0.997,-10.88,13,0.345397,Serogroup 33,13
ERR1214575#7,True,True,False,True,0.962,-8.333,UNKNOWN,0.944361,12_44_46,19F
ERR13365298#3,True,True,False,True,0.99,-9.513,UNKNOWN,0.883512,6,34
SRR26818565#2,True,False,False,False,1.0,-12.46,22F,0.001321,35A_35C_42,22F
ERR2089775#5,True,True,False,True,0.959,-9.848,UNKNOWN,0.698384,45,6B
ERR568684#6,True,True,False,True,0.86,-8.922,UNKNOWN,0.997747,10,15A
SRR26930352#1,True,False,False,False,1.0,-13.409,8,0.001183,36,8
ERR884475#9,True,False,False,False,0.999,-11.967,22F,0.007087,35A_35C_42,22F
ERR908952#10,True,False,False,False,1.0,-12.235,14,0.000407,Serogroup 33,14
ERR2090468#1,True,False,False,False,0.988,-10.229,19A,0.12782,15,19A
ERR751038#1,True,False,False,False,0.991,-10.208,7F,0.287702,35A_35C_42,7F
ERR2089234#18,True,False,False,False,0.998,-11.303,31,0.229987,7B_7C_40,31
SRR26877789#16,True,False,False,False,1.0,-12.467,17F,0.014733,20,17F
SRR26931202#10,True,False,False,False,0.999,-12.321,12F,0.067768,33G,12F
SRR26910312#1,True,False,False,False,0.587,-9.117,15C,0.00358,29,15C
SRR26594172#14,True,False,False,False,1.0,-12.312,17F,0.024221,20,17F
ERR1066349#8,True,False,False,False,0.999,-11.793,16F,0.009927,35A_35C_42,16F
ERR1453441#2,True,False,False,False,0.999,-11.33,1,0.117762,6,1
SRR26931431#4,True,False,False,False,0.999,-12.073,33F,0.05014,20,33F
SRR26595035#3,True,False,False,False,0.999,-11.834,15A,0.005512,10,15A
SRR26818580#1,True,False,False,False,0.999,-11.718,19A,0.005623,33C,19A
ERR1065963#13,True,True,False,True,0.964,-9.504,UNKNOWN,0.804499,45,6B
SRR26878169#8,True,False,False,False,0.999,-11.81,8,0.086274,36,8
ERR3796710#2,True,False,False,False,0.996,-11.71,24F,0.177462,35A_35C_42,24F
SRR26714908#6,True,False,False,False,1.0,-13.223,8,0.00279,36,8
SRR26749734#3,True,False,False,False,1.0,-12.338,22F,0.001834,35A_35C_42,22F
SRR26833925#2,True,False,False,False,1.0,-13.165,8,0.00272,3,8
ERR2090356#2,True,False,False,False,0.999,-11.451,19F,0.00057,12_44_46,19F
SRR26594861#4,True,False,False,False,0.998,-11.427,16F,0.041769,35A_35C_42,16F
SRR26878499#11,True,False,False,False,1.0,-13.116,8,0.001332,36,8
ERR505893#1,True,False,False,False,0.959,-10.439,18C,0.007311,36,18C
SRR26878695#1,True,False,False,False,1.0,-12.608,35F,0.012119,20,35F
SRR26880393#14,True,False,False,False,0.998,-11.287,22F,0.284724,35A_35C_42,22F
SRR26834006#7,True,False,False,False,1.0,-13.846,3,0.0052,36,3
SRR26910821#3,True,False,False,False,1.0,-13.015,8,0.001885,36,8
ERR600424#2,True,True,True,True,0.388,-6.698,UNKNOWN,1.0,11,21
ERR730434#1,True,True,False,True,0.971,-9.461,UNKNOWN,0.767075,20,14
SRR26818415#27,True,False,False,False,0.999,-12.321,12F,0.067768,33G,12F
SRR26880437#1,True,False,False,False,1.0,-13.102,8,0.003566,3,8
SRR26834271#1,True,True,False,True,0.916,-9.765,UNKNOWN,0.706743,18,20B
ERR9990854#19,True,True,False,True,0.994,-10.257,UNKNOWN,0.610012,39,16F
SRR26750058#2,True,False,False,False,1.0,-13.116,8,0.001332,36,8
SRR26715028#2,True,False,False,False,1.0,-13.116,8,0.001332,36,8
ERR5104409#6,True,False,False,False,0.998,-11.216,4,0.104941,36,4
SRR26931758#1,True,False,False,False,0.999,-12.158,9N,0.01413,20,9N
SRR26879469#6,True,True,False,True,0.997,-10.801,UNKNOWN,0.504952,6,7C
SRR26749850#1,True,False,False,False,1.0,-13.846,3,0.0052,36,3
ERR13365697#3,True,True,False,True,0.992,-10.832,UNKNOWN,0.925456,20,17F
SRR26594466#20,True,False,False,False,0.999,-12.178,33F,0.025689,20,33F
ERR505999#17,True,False,False,False,0.999,-12.116,33F,0.101291,20,33F
ERR774227#21,True,False,False,False,1.0,-12.07,14,0.001569,Serogroup 33,14
SRR26877782#1,True,False,False,False,0.999,-12.121,9N,0.018534,20,9N
ERR1288863#3,True,False,False,False,1.0,-12.13,16F,0.001622,39,16F
ERR2853687#1,True,False,False,False,1.0,-11.751,19A,0.001928,33C,19A
SRR26930596#3,True,False,False,False,0.999,-12.301,9N,0.036625,18,9N
SRR26910890#1,True,False,False,False,0.999,-12.064,12F,0.110359,6,12F
SRR26930293#1,True,False,False,False,0.999,-12.276,31,0.044326,33A_33F_37,31
SRR26879620#7,True,False,False,False,1.0,-13.223,8,0.00279,36,8
ERR876722#8,True,False,False,False,1.0,-12.205,14,0.000476,Serogroup 33,14
SRR26931502#4,True,False,False,False,1.0,-13.237,8,0.002845,36,8
ERR1065841#1,True,False,False,False,1.0,-11.795,19A,0.002887,33C,19A
SRR26910481#1,True,True,False,True,0.988,-10.209,UNKNOWN,0.97893,35A_35C_42,22F
ERR869932#28,True,False,False,False,0.993,-10.194,19F,0.307411,12_44_46,19F
ERR1066050#5,True,True,False,True,0.972,-8.89,UNKNOWN,0.980644,36,14
ERR3795762#2,True,False,False,False,1.0,-11.81,14,0.003765,Serogroup 33,14
ERR600184#36,True,False,False,False,1.0,-12.405,22F,0.001427,35A_35C_42,22F
SRR26789921#11,True,False,False,False,0.998,-11.891,33F,0.163877,20,33F
SRR26930346#1,True,False,False,False,0.999,-11.72,23B,0.006282,6,23B
ERR774200#2,True,False,False,False,0.999,-11.207,23A,0.025728,3,23A
ERR701817#18,True,True,False,True,0.96,-9.471,UNKNOWN,0.569305,45,6B
ERR1106699#5,True,False,False,False,1.0,-12.899,1,0.004146,6,1
ERR862400#19,True,False,False,False,0.998,-10.986,16F,0.401403,45,16F
ERR646580#23,True,False,False,False,0.999,-11.923,14,0.005847,Serogroup 33,14
ERR600256#50,True,False,False,False,0.996,-10.06,19F,0.326918,36,19F
ERR13364395#6,True,True,False,True,0.961,-9.361,UNKNOWN,0.949128,20,35B
ERR908900#1,True,False,False,False,0.583,-9.119,15C,0.003723,29,15C
ERR870146#1,True,False,False,False,0.999,-11.396,23B,0.034677,7B_7C_40,23B
SRR26749807#1,True,False,False,False,0.999,-11.493,7C,0.389198,45,7C
SRR26910947#4,True,False,False,False,1.0,-13.116,8,0.001332,36,8
SRR26930258#4,True,False,False,False,1.0,-13.237,8,0.002845,36,8
SRR26910431#2,True,False,False,False,0.999,-12.15,9N,0.017037,20,9N
SRR26789359#2,True,False,False,False,0.999,-11.996,22F,0.015114,35A_35C_42,22F
ERR7567866#11,True,True,True,True,0.825,-7.655,UNKNOWN,0.999992,20,33D
ERR714675#26,True,True,False,True,0.91,-8.797,UNKNOWN,0.997647,20,9V
SRR26930479#8,True,False,False,False,0.998,-11.405,22F,0.22532,35A_35C_42,22F
ERR908972#2,True,True,False,True,0.964,-9.505,UNKNOWN,0.806002,45,6B
ERR774275#2,True,False,False,False,1.0,-11.81,14,0.003765,Serogroup 33,14
ERR5104419#1,True,False,False,False,0.999,-11.616,4,0.141828,3,4
ERR8481812#4,True,False,False,False,0.996,-10.419,17F,0.410268,20,17F
SRR26834482#3,True,False,False,False,0.998,-11.133,9N,0.123142,20,9N
SRR26931723#1,True,True,False,True,0.962,-8.652,UNKNOWN,0.995034,18,9N
ERR433854#27,True,False,False,False,0.999,-11.302,13,0.096841,20,13
SRR26714882#4,True,False,False,False,0.892,-9.671,20B,0.189008,18,20B
ERR449143#24,True,False,False,False,0.996,-10.625,7F,0.079549,35A_35C_42,7F
ERR2090677#18,True,False,False,False,0.999,-11.107,10A,0.053577,33G,10A
SRR26797789#1,True,False,False,False,1.0,-13.846,3,0.0052,36,3
SRR26797349#3,True,False,False,False,0.998,-10.675,19A,0.106615,35A_35C_42,19A
ERR586335#1,True,False,False,False,0.98,-9.386,19F,0.089345,12_44_46,19F
ERR3899282#11,True,True,True,True,0.365,-6.13,UNKNOWN,1.0,36,33F
SRR26910593#27,True,False,False,False,0.998,-11.012,10A,0.247467,35A_35C_42,10A
SRR26594508#1,True,False,False,False,0.999,-11.723,15A,0.01373,10,15A
ERR862514#21,True,True,False,True,0.996,-11.01,UNKNOWN,0.917237,33G,10B
ERR908898#6,True,False,False,False,0.739,-9.179,15B,0.010578,36,15B
ERR13365136#2,True,False,False,False,0.997,-10.708,23A,0.334608,20,23A
ERR2091021#1,True,False,False,False,0.999,-11.844,10A,0.006111,35A_35C_42,10A
ERR742342#40,True,True,False,True,0.985,-9.84,UNKNOWN,0.87911,35A_35C_42,14
ERR1756433#1,True,False,False,False,0.999,-11.462,19F,0.000543,12_44_46,19F
ERR845786#1,True,True,False,True,0.997,-11.408,UNKNOWN,0.998733,18,2
ERR433511#10,True,False,False,False,0.998,-11.959,12F,0.22678,11,12F
ERR13366180#12,True,False,False,False,1.0,-12.199,14,0.000457,Serogroup 33,14
SRR26930802#17,True,False,False,False,1.0,-12.023,19A,0.000524,33C,19A
SRR26879603#2,True,False,False,False,0.999,-11.751,10A,0.006815,35A_35C_42,10A
ERR2680640#1,True,False,False,False,0.963,-9.978,6B,0.364381,45,6B
ERR730904#2,True,False,False,False,0.969,-9.469,6A,0.014957,45,6A
SRR26817970#23,True,False,False,False,0.999,-11.513,10A,0.083215,35A_35C_42,10A
SRR26910783#2,True,False,False,False,0.999,-12.295,33F,0.033488,20,33F
ERR2667718#9,True,False,False,False,0.997,-10.792,9V,0.012259,20,9V
SRR26878646#2,True,True,False,True,0.987,-10.69,UNKNOWN,0.9079,11,12F
ERR326553#127,True,True,True,True,0.816,-7.283,UNKNOWN,1.0,36,35F
SRR26750016#9,True,True,False,True,0.976,-9.434,UNKNOWN,0.999813,35A_35C_42,24A
ERR2667529#6,True,False,False,False,1.0,-12.28,14,0.001045,15,14
ERR908980#4,True,False,False,False,0.999,-10.905,19F,0.001056,12_44_46,19F
ERR501605#1,True,False,False,False,0.999,-11.192,19F,0.001165,12_44_46,19F
ERR2089756#14,True,False,False,False,0.999,-12.174,33F,0.02627,20,33F
ERR13364590#2,True,False,False,False,0.999,-11.277,19F,0.001125,12_44_46,19F
NONCBL#ERR1066118#1,False,True,True,True,0.242,-5.079,UNKNOWN,0.999918,20,19A
NONCBL#ERR2667375#2,False,True,True,True,0.115,-4.808,UNKNOWN,0.998686,20,25F
NONCBL#SRR26931304#1,False,True,True,True,0.173,-4.864,UNKNOWN,0.999172,20,12F
NONCBL#SRR26930720#1,False,True,True,True,0.504,-5.509,UNKNOWN,0.999976,20,12F
NONCBL#SRR26749564#15,False,True,True,True,0.26,-5.193,UNKNOWN,0.999942,20,19A
NONCBL#SRR26673062#1,False,True,True,True,0.517,-5.561,UNKNOWN,0.999926,20,12F
NONCBL#ERR1453423#1,False,True,True,True,0.706,-6.248,UNKNOWN,0.999994,20,12F
NONCBL#SRR26930180#1,False,True,True,True,0.226,-5.146,UNKNOWN,0.999932,20,10A
NONCBL#ERR7567939#1,False,True,True,True,0.368,-5.126,UNKNOWN,0.999841,20,19A
NONCBL#ERR2089219#18,False,True,True,True,0.286,-4.922,UNKNOWN,0.999234,20,19A
NONCBL#ERR506057#1,False,True,True,True,0.117,-4.99,UNKNOWN,0.999499,20,25F
NONCBL#ERR774240#1,False,True,True,True,0.274,-5.035,UNKNOWN,0.999737,20,19A
NONCBL#ERR433548#20,False,True,True,True,0.183,-5.022,UNKNOWN,0.999755,20,12F
NONCBL#ERR1422581#9,False,True,True,True,0.293,-5.075,UNKNOWN,0.999695,20,19A
NONCBL#ERR876452#40,False,True,True,True,0.109,-5.013,UNKNOWN,0.999543,20,25F
NONCBL#SRR26910260#4,False,True,True,True,0.12,-4.902,UNKNOWN,0.999659,20,23B
NONCBL#ERR2681085#1,False,True,True,True,0.198,-4.928,UNKNOWN,0.999714,20,19A
NONCBL#SRR26884483#2,False,True,True,True,0.117,-4.904,UNKNOWN,0.999279,20,12F
NONCBL#ERR2089893#2,False,True,True,True,0.342,-4.984,UNKNOWN,0.998983,20,19A
NONCBL#SRR26884031#2,False,True,True,True,0.089,-4.853,UNKNOWN,0.998106,20,25F
NONCBL#ERR338177#10,False,True,True,True,0.152,-4.979,UNKNOWN,0.999599,20,19A
NONCBL#SRR26594636#7,False,True,True,True,0.118,-5.143,UNKNOWN,0.999879,20,48
NONCBL#SRR26884704#11,False,True,True,True,0.158,-4.893,UNKNOWN,0.999389,20,12F
NONCBL#ERR13365523#6,False,True,True,True,0.057,-5.037,UNKNOWN,0.99638,20,19B
NONCBL#SRR26878130#5,False,True,True,True,0.286,-5.537,UNKNOWN,0.99997,20,25F
NONCBL#ERR2681264#12,False,True,True,True,0.118,-4.805,UNKNOWN,0.998572,20,6B
NONCBL#ERR1422501#18,False,True,True,True,0.249,-5.452,UNKNOWN,0.999997,35A_35C_42,6B
NONCBL#SRR26797098#2,False,True,True,True,0.237,-4.939,UNKNOWN,0.999446,20,12F
NONCBL#ERR316698#4,False,True,True,True,0.101,-5.044,UNKNOWN,0.999577,20,9V
NONCBL#ERR1192080#12,False,True,True,True,0.289,-4.989,UNKNOWN,0.999651,20,6A
NONCBL#ERR2090506#1,False,True,True,True,0.356,-5.633,UNKNOWN,0.999993,20,12F
NONCBL#SRR26673400#1,False,True,True,True,0.165,-5.019,UNKNOWN,0.999893,20,12F
NONCBL#ERR750802#45,False,True,True,True,0.12,-5.026,UNKNOWN,0.999674,20,25F
NONCBL#ERR2853523#1,False,True,True,True,0.334,-5.189,UNKNOWN,0.999878,20,19A
NONCBL#SRR26910758#16,False,True,True,True,0.196,-4.983,UNKNOWN,0.998957,20,12F
NONCBL#ERR13365250#26,False,True,True,True,0.317,-5.018,UNKNOWN,0.999718,20,6A
NONCBL#ERR13365953#2,False,True,True,True,0.239,-4.956,UNKNOWN,0.999457,20,19A
NONCBL#SRR26877909#1,False,True,True,True,0.197,-5.015,UNKNOWN,0.999806,20,10A
NONCBL#SRR26594413#9,False,True,True,True,0.145,-4.956,UNKNOWN,0.99967,20,19A
NONCBL#SRR26714421#25,False,True,True,True,0.188,-5.275,UNKNOWN,0.999989,35A_35C_42,12F
NONCBL#ERR326752#1,False,True,True,True,0.275,-5.134,UNKNOWN,0.999796,20,8
NONCBL#ERR997599#4,False,True,True,True,0.111,-4.862,UNKNOWN,0.999261,20,6B
NONCBL#SRR26879447#1,False,True,True,True,0.562,-5.482,UNKNOWN,0.999895,20,19A
NONCBL#SRR26911025#7,False,True,True,True,0.242,-4.969,UNKNOWN,0.99936,20,12F
NONCBL#ERR433754#2,False,True,True,True,0.104,-4.839,UNKNOWN,0.99895,20,25F
NONCBL#SRR26594896#3,False,True,True,True,0.141,-4.845,UNKNOWN,0.999018,20,19A
NONCBL#ERR1202373#8,False,True,True,True,0.159,-4.892,UNKNOWN,0.999352,35A_35C_42,10A
NONCBL#SRR26673255#4,False,True,True,True,0.124,-5.059,UNKNOWN,0.999912,35A_35C_42,6B
NONCBL#ERR1202608#9,False,True,True,True,0.354,-5.36,UNKNOWN,0.999963,20,19A
NONCBL#ERR1430842#6,False,True,True,True,0.126,-5.122,UNKNOWN,0.999808,20,12F
NONCBL#SRR26594486#1,False,True,True,True,0.24,-5.007,UNKNOWN,0.999836,20,19A
NONCBL#SRR26884054#29,False,True,True,True,0.268,-4.965,UNKNOWN,0.999286,20,19A
NONCBL#ERR774284#1,False,True,True,True,0.076,-4.799,UNKNOWN,0.998342,20,14
NONCBL#SRR26878531#1,False,True,True,True,0.136,-4.901,UNKNOWN,0.999441,20,12F
NONCBL#ERR773995#1,False,True,True,True,0.115,-5.036,UNKNOWN,0.999634,20,25F
NONCBL#ERR2667803#2,False,True,True,True,0.15,-4.923,UNKNOWN,0.999485,35A_35C_42,6B
NONCBL#ERR3164371#14,False,True,True,True,0.331,-5.124,UNKNOWN,0.999644,20,19A
NONCBL#ERR1788486#5,False,True,True,True,0.112,-5.016,UNKNOWN,0.999548,20,25F
NONCBL#ERR340878#51,False,True,True,True,0.178,-4.854,UNKNOWN,0.997737,20,25F
NONCBL#ERR311093#3,False,True,True,True,0.151,-5.119,UNKNOWN,0.999837,20,23B
NONCBL#ERR1202456#5,False,True,True,True,0.103,-5.115,UNKNOWN,0.999853,20,25F
NONCBL#ERR1453778#1,False,True,True,True,0.104,-4.895,UNKNOWN,0.998509,20,8
NONCBL#SRR26884694#13,False,True,True,True,0.193,-4.942,UNKNOWN,0.998577,20,12F
NONCBL#ERR3899248#18,False,True,True,True,0.175,-4.935,UNKNOWN,0.999767,20,12F
NONCBL#ERR3270729#1,False,True,True,True,0.188,-4.865,UNKNOWN,0.999321,20,12F
NONCBL#SRR26910489#10,False,True,True,True,0.3,-5.113,UNKNOWN,0.999867,20,19A
NONCBL#ERR1288985#1,False,True,True,True,0.095,-4.888,UNKNOWN,0.999552,20,12F
NONCBL#ERR3796623#4,False,True,True,True,0.402,-5.268,UNKNOWN,0.999854,35A_35C_42,10A
NONCBL#ERR13374943#1,False,True,True,True,0.146,-5.018,UNKNOWN,0.999641,20,12F
NONCBL#ERR7567856#3,False,True,True,True,0.188,-5.102,UNKNOWN,0.9999,20,19A
NONCBL#SRR26817784#9,False,True,True,True,0.103,-4.884,UNKNOWN,0.999297,20,25F
NONCBL#ERR13365415#2,False,True,True,True,0.241,-5.201,UNKNOWN,0.999934,20,12F
NONCBL#ERR1065313#7,False,True,True,True,0.107,-5.01,UNKNOWN,0.999605,20,9L
NONCBL#ERR3655122#7,False,True,True,True,0.345,-5.356,UNKNOWN,0.999957,20,19A
NONCBL#ERR1106684#5,False,True,True,True,0.186,-4.929,UNKNOWN,0.999575,35A_35C_42,6B
NONCBL#SRR26930324#7,False,True,True,True,0.169,-4.95,UNKNOWN,0.999709,20,10A
NONCBL#SRR26673328#2,False,True,True,True,0.161,-4.933,UNKNOWN,0.999818,20,12F
NONCBL#ERR326775#2,False,True,True,True,0.142,-5.352,UNKNOWN,0.999969,20,12F
NONCBL#SRR26749549#1,False,True,True,True,0.344,-5.546,UNKNOWN,0.999973,20,12F
NONCBL#ERR956303#21,False,True,True,True,0.21,-5.291,UNKNOWN,0.999979,20,12F
NONCBL#SRR26818673#11,False,True,True,True,0.286,-5.081,UNKNOWN,0.999727,20,19A
NONCBL#ERR1065978#23,False,True,True,True,0.153,-5.011,UNKNOWN,0.999775,20,6B
NONCBL#SRR26910432#3,False,True,True,True,0.335,-5.135,UNKNOWN,0.999903,20,19A
NONCBL#ERR2681340#1,False,True,True,True,0.345,-5.114,UNKNOWN,0.999592,20,19A
NONCBL#ERR3796139#7,False,True,True,True,0.335,-5.288,UNKNOWN,0.999941,20,19A
NONCBL#ERR2091283#1,False,True,True,True,0.598,-5.595,UNKNOWN,0.99992,20,12F
NONCBL#SRR26884101#1,False,True,True,True,0.188,-4.829,UNKNOWN,0.999492,20,12F
NONCBL#ERR1540702#1,False,True,True,True,0.144,-4.857,UNKNOWN,0.999355,20,12F
NONCBL#SRR26884703#27,False,True,True,True,0.338,-5.05,UNKNOWN,0.999768,20,6A
NONCBL#ERR3655326#3,False,True,True,True,0.119,-4.827,UNKNOWN,0.998008,20,25F
NONCBL#ERR505979#1,False,True,True,True,0.111,-4.951,UNKNOWN,0.999319,20,10A
NONCBL#ERR2091214#3,False,True,True,True,0.209,-5.295,UNKNOWN,0.999968,20,19A
NONCBL#SRR26877861#3,False,True,True,True,0.122,-4.807,UNKNOWN,0.998203,20,12F
NONCBL#SRR26884048#1,False,True,True,True,0.147,-4.912,UNKNOWN,0.999651,35A_35C_42,6B
NONCBL#ERR774546#5,False,True,True,True,0.193,-4.843,UNKNOWN,0.999456,20,12F
NONCBL#ERR730173#3,False,True,True,True,0.122,-4.943,UNKNOWN,0.999504,20,25F
NONCBL#ERR900717#4,False,True,True,True,0.188,-5.102,UNKNOWN,0.9999,20,19A
NONCBL#ERR490759#11,False,True,True,True,0.162,-4.907,UNKNOWN,0.999351,35A_35C_42,12F
NONCBL#SRR26880166#13,False,True,True,True,0.117,-4.86,UNKNOWN,0.999467,20,6B
NONCBL#ERR1788128#1,False,True,True,True,0.276,-5.073,UNKNOWN,0.999722,20,19A
NONCBL#ERR884675#1,False,True,True,True,0.13,-5.162,UNKNOWN,0.999923,20,9L
NONCBL#ERR632923#13,False,True,True,True,0.381,-5.294,UNKNOWN,0.999968,20,14
NONCBL#ERR774557#1,False,True,True,True,0.642,-6.13,UNKNOWN,0.999994,20,12F
NONCBL#ERR913185#2,False,True,True,True,0.097,-4.925,UNKNOWN,0.999527,20,12F
NONCBL#SRR26749326#32,False,True,True,True,0.335,-5.485,UNKNOWN,0.999986,20,12F
NONCBL#SRR26749994#1,False,True,True,True,0.283,-5.039,UNKNOWN,0.99965,20,19A
NONCBL#SRR26834432#7,False,True,True,True,0.237,-4.985,UNKNOWN,0.99932,20,19A
NONCBL#ERR730724#3,False,True,True,True,0.088,-4.775,UNKNOWN,0.998511,20,12F
NONCBL#ERR774131#2,False,True,True,True,0.519,-5.716,UNKNOWN,0.999983,20,12F
NONCBL#ERR1106636#1,False,True,True,True,0.08,-4.759,UNKNOWN,0.998062,20,25F
NONCBL#ERR742593#3,False,True,True,True,0.259,-5.197,UNKNOWN,0.99995,20,12F
NONCBL#ERR1202359#26,False,True,True,True,0.137,-4.924,UNKNOWN,0.999414,35A_35C_42,25F
NONCBL#SRR26931591#2,False,True,True,True,0.392,-5.179,UNKNOWN,0.999754,20,12F
NONCBL#ERR2667920#1,False,True,True,True,0.264,-5.152,UNKNOWN,0.999897,20,19A
NONCBL#SRR26879998#3,False,True,True,True,0.427,-5.457,UNKNOWN,0.99998,20,12F
NONCBL#SRR26789250#13,False,True,True,True,0.142,-4.809,UNKNOWN,0.998517,20,12F
NONCBL#ERR568504#1,False,True,True,True,0.307,-5.165,UNKNOWN,0.99977,20,12F
NONCBL#ERR2090229#26,False,True,True,True,0.141,-4.818,UNKNOWN,0.999528,20,12F
NONCBL#SRR26749841#7,False,True,True,True,0.325,-4.966,UNKNOWN,0.999094,20,19A
NONCBL#ERR1422524#12,False,True,True,True,0.364,-5.044,UNKNOWN,0.999478,20,19A
NONCBL#SRR26789952#3,False,True,True,True,0.215,-5.294,UNKNOWN,0.999989,20,12F
NONCBL#ERR1214703#1,False,True,True,True,0.387,-5.78,UNKNOWN,0.999993,20,7F
NONCBL#SRR26818583#2,False,True,True,True,0.14,-4.873,UNKNOWN,0.99917,20,12F
NONCBL#ERR2089347#1,False,True,True,True,0.339,-4.983,UNKNOWN,0.999293,20,19A
NONCBL#ERR876702#1,False,True,True,True,0.409,-5.303,UNKNOWN,0.999949,20,12F
NONCBL#ERR2681090#25,False,True,True,True,0.231,-5.235,UNKNOWN,0.99996,20,19A
NONCBL#ERR316595#1,False,True,True,True,0.416,-5.25,UNKNOWN,0.999917,20,12F
NONCBL#ERR2089589#1,False,True,True,True,0.292,-5.131,UNKNOWN,0.999782,20,19A
NONCBL#ERR600398#2,False,True,True,True,0.122,-4.946,UNKNOWN,0.999616,20,4
NONCBL#ERR714610#4,False,True,True,True,0.127,-4.763,UNKNOWN,0.996279,20,12F
NONCBL#SRR26595123#6,False,True,True,True,0.086,-4.808,UNKNOWN,0.998787,20,6B
NONCBL#ERR2667614#7,False,True,True,True,0.273,-5.174,UNKNOWN,0.999912,20,19A
NONCBL#ERR3303424#4,False,True,True,True,0.209,-4.819,UNKNOWN,0.999129,20,12F
NONCBL#ERR1066148#3,False,True,True,True,0.457,-5.268,UNKNOWN,0.999923,20,6A
NONCBL#SRR26911121#1,False,True,True,True,0.851,-6.576,UNKNOWN,0.999971,20,9V
NONCBL#SRR26749888#1,False,True,True,True,0.135,-5.074,UNKNOWN,0.999652,20,25F
NONCBL#ERR862361#14,False,True,True,True,0.262,-5.254,UNKNOWN,0.999978,35A_35C_42,12F
NONCBL#ERR2681399#7,False,True,True,True,0.286,-5.153,UNKNOWN,0.999914,20,19A
NONCBL#ERR884454#1,False,True,True,True,0.291,-5.182,UNKNOWN,0.999926,20,19A
NONCBL#ERR3796861#3,False,True,True,True,0.246,-5.263,UNKNOWN,0.999874,20,12F
NONCBL#ERR1065461#2,False,True,True,True,0.221,-5.28,UNKNOWN,0.999876,20,15B
NONCBL#ERR714574#28,False,True,True,True,0.185,-4.945,UNKNOWN,0.999484,20,12F
NONCBL#ERR1066067#1,False,True,True,True,0.454,-5.27,UNKNOWN,0.999736,20,19A
NONCBL#ERR956285#1,False,True,True,True,0.332,-5.312,UNKNOWN,0.999959,20,19A
NONCBL#SRR26880384#15,False,True,True,True,0.187,-4.948,UNKNOWN,0.999365,20,12F
NONCBL#ERR9796447#1,False,True,True,True,0.736,-6.178,UNKNOWN,0.999986,35A_35C_42,12F
NONCBL#ERR714621#1,False,True,True,True,0.307,-5.162,UNKNOWN,0.99976,20,12F
NONCBL#ERR751005#8,False,True,True,True,0.243,-4.879,UNKNOWN,0.999508,20,12F
NONCBL#SRR26673636#7,False,True,True,True,0.276,-5.021,UNKNOWN,0.999541,20,19A
NONCBL#ERR2089190#9,False,True,True,True,0.136,-4.939,UNKNOWN,0.999158,35A_35C_42,6B
NONCBL#SRR26910718#1,False,True,True,True,0.102,-4.801,UNKNOWN,0.997847,20,25F
NONCBL#ERR750762#2,False,True,True,True,0.221,-5.159,UNKNOWN,0.999806,20,8
NONCBL#ERR1192094#70,False,True,True,True,0.084,-4.993,UNKNOWN,0.999531,36,10A
NONCBL#ERR774201#2,False,True,True,True,0.11,-5.006,UNKNOWN,0.999363,20,21
NONCBL#ERR2612108#12,False,True,True,True,0.131,-4.824,UNKNOWN,0.999543,20,6A
NONCBL#ERR646611#13,False,True,True,True,0.154,-4.914,UNKNOWN,0.999566,35A_35C_42,10A
NONCBL#ERR869817#4,False,True,True,True,0.107,-4.852,UNKNOWN,0.998543,20,6B
NONCBL#ERR773959#25,False,True,True,True,0.188,-4.87,UNKNOWN,0.999574,20,12F
NONCBL#ERR925036#44,False,True,True,True,0.131,-5.066,UNKNOWN,0.999624,20,25F
NONCBL#ERR3270771#17,False,True,True,True,0.107,-4.881,UNKNOWN,0.999537,20,10A
NONCBL#SRR26884741#4,False,True,True,True,0.285,-5.152,UNKNOWN,0.999907,20,19A
NONCBL#SRR26789880#1,False,True,True,True,0.174,-4.93,UNKNOWN,0.999738,20,9N
NONCBL#SRR26594173#2,False,True,True,True,0.19,-4.87,UNKNOWN,0.999407,20,12F
NONCBL#ERR2089688#1,False,True,True,True,0.081,-4.99,UNKNOWN,0.999258,20,25F
NONCBL#ERR2090055#16,False,True,True,True,0.28,-5.085,UNKNOWN,0.999655,20,18F
NONCBL#ERR773916#5,False,True,True,True,0.171,-4.967,UNKNOWN,0.999875,20,6A
NONCBL#ERR13365633#2,False,True,True,True,0.235,-4.986,UNKNOWN,0.999612,35A_35C_42,10A
NONCBL#ERR714539#6,False,True,True,True,0.137,-4.924,UNKNOWN,0.999414,35A_35C_42,25F
NONCBL#SRR26880149#13,False,True,True,True,0.306,-5.026,UNKNOWN,0.999613,20,19A
NONCBL#ERR3332083#1,False,True,True,True,0.226,-4.909,UNKNOWN,0.999561,20,12F
NONCBL#SRR26931488#1,False,True,True,True,0.265,-5.036,UNKNOWN,0.999642,20,19A
NONCBL#ERR2091044#3,False,True,True,True,0.103,-5.073,UNKNOWN,0.99964,20,10A
NONCBL#SRR26714487#6,False,True,True,True,0.204,-5.125,UNKNOWN,0.999913,35A_35C_42,15A
NONCBL#ERR862542#7,False,True,True,True,0.11,-4.781,UNKNOWN,0.996482,20,12F
NONCBL#ERR913216#1,False,True,True,True,0.348,-5.589,UNKNOWN,0.999996,20,23B
NONCBL#ERR3795535#1,False,True,True,True,0.132,-5.186,UNKNOWN,0.999884,35A_35C_42,25F
NONCBL#ERR2680953#2,False,True,True,True,0.31,-5.628,UNKNOWN,0.999996,20,8
NONCBL#ERR774109#12,False,True,True,True,0.327,-5.302,UNKNOWN,0.999964,20,18F
NONCBL#ERR1065535#1,False,True,True,True,0.202,-4.849,UNKNOWN,0.999305,20,19A
NONCBL#ERR2091061#1,False,True,True,True,0.45,-5.343,UNKNOWN,0.999937,20,12F
NONCBL#SRR26879730#3,False,True,True,True,0.236,-4.986,UNKNOWN,0.999423,20,19A
NONCBL#ERR925177#27,False,True,True,True,0.278,-5.169,UNKNOWN,0.999894,20,19A
NONCBL#ERR750887#1,False,True,True,True,0.439,-5.489,UNKNOWN,0.999899,20,12F
NONCBL#ERR3332067#3,False,True,True,True,0.579,-5.603,UNKNOWN,0.999938,20,19A
NONCBL#ERR876759#8,False,True,True,True,0.148,-4.938,UNKNOWN,0.999388,35A_35C_42,19A
NONCBL#ERR2089489#1,False,True,True,True,0.361,-5.292,UNKNOWN,0.999949,20,12F
NONCBL#SRR26930171#2,False,True,True,True,0.436,-5.261,UNKNOWN,0.999918,20,19A
NONCBL#SRR26884711#23,False,True,True,True,0.197,-4.866,UNKNOWN,0.999488,20,12F
NONCBL#ERR2668025#2,False,True,True,True,0.365,-5.154,UNKNOWN,0.999893,20,19A
NONCBL#ERR862298#5,False,True,True,True,0.327,-5.005,UNKNOWN,0.999511,20,19A
NONCBL#SRR26797360#16,False,True,True,True,0.197,-5.021,UNKNOWN,0.999672,20,12F
NONCBL#ERR577960#5,False,True,True,True,0.36,-5.367,UNKNOWN,0.999964,20,19A
NONCBL#ERR5336820#28,False,True,True,True,0.321,-5.241,UNKNOWN,0.999936,20,19A
NONCBL#ERR316835#6,False,True,True,True,0.613,-5.832,UNKNOWN,0.999967,20,12F
NONCBL#ERR909015#3,False,True,True,True,0.455,-5.45,UNKNOWN,0.99994,20,12F
NONCBL#ERR1106739#1,False,True,True,True,0.457,-5.326,UNKNOWN,0.999894,20,19A
NONCBL#ERR2667772#3,False,True,True,True,0.191,-4.922,UNKNOWN,0.999525,35A_35C_42,10A
NONCBL#SRR26797525#3,False,True,True,True,0.144,-4.868,UNKNOWN,0.998845,20,6B
NONCBL#ERR2681132#7,False,True,True,True,0.097,-5.117,UNKNOWN,0.999755,20,25F
NONCBL#ERR909069#17,False,True,True,True,0.221,-4.854,UNKNOWN,0.999263,20,12F
NONCBL#ERR600401#20,False,True,True,True,0.144,-5.12,UNKNOWN,0.999863,20,19A
NONCBL#ERR2091202#2,False,True,True,True,0.269,-5.214,UNKNOWN,0.999936,20,19A
NONCBL#SRR26880340#2,False,True,True,True,0.122,-4.807,UNKNOWN,0.998203,20,12F
NONCBL#ERR1788220#9,False,True,True,True,0.124,-4.979,UNKNOWN,0.99975,20,25F
NONCBL#ERR13364616#5,False,True,True,True,0.236,-5.446,UNKNOWN,0.999987,20,48
NONCBL#SRR26879577#3,False,True,True,True,0.16,-4.886,UNKNOWN,0.99921,20,12F
NONCBL#SRR26673048#1,False,True,True,True,0.402,-5.767,UNKNOWN,0.999959,20,31
NONCBL#SRR26749519#8,False,True,True,True,0.095,-4.903,UNKNOWN,0.999092,20,9L
NONCBL#ERR433636#1,False,True,True,True,0.172,-4.968,UNKNOWN,0.999803,20,12F
NONCBL#SRR26714417#8,False,True,True,True,0.126,-4.868,UNKNOWN,0.999164,20,25F
NONCBL#SRR26790057#17,False,True,True,True,0.293,-5.107,UNKNOWN,0.999866,20,19A
NONCBL#ERR2090469#9,False,True,True,True,0.201,-4.909,UNKNOWN,0.999495,20,12F
NONCBL#ERR774584#21,False,True,True,True,0.207,-5.095,UNKNOWN,0.999879,20,12F
NONCBL#ERR1065203#2,False,True,True,True,0.405,-5.279,UNKNOWN,0.999898,20,12F
NONCBL#SRR26673569#12,False,True,True,True,0.083,-4.856,UNKNOWN,0.998877,20,23F
NONCBL#ERR1430951#1,False,True,True,True,0.209,-4.899,UNKNOWN,0.999504,20,12F
NONCBL#SRR26930907#5,False,True,True,True,0.324,-5.128,UNKNOWN,0.999796,20,19A
NONCBL#SRR26673003#3,False,True,True,True,0.082,-4.934,UNKNOWN,0.998752,20,25F
NONCBL#ERR3899332#1,False,True,True,True,0.182,-5.548,UNKNOWN,0.999893,20,11B
NONCBL#ERR600527#1,False,True,True,True,0.336,-5.275,UNKNOWN,0.999973,20,12F
NONCBL#ERR730365#2,False,True,True,True,0.291,-5.639,UNKNOWN,0.999992,20,12F
NONCBL#ERR3795957#7,False,True,True,True,0.252,-4.918,UNKNOWN,0.999637,20,12F
NONCBL#SRR26818341#2,False,True,True,True,0.166,-5.072,UNKNOWN,0.999903,20,6B
NONCBL#ERR505966#21,False,True,True,True,0.295,-5.27,UNKNOWN,0.999953,20,12F
NONCBL#SRR26714515#1,False,True,True,True,0.264,-4.908,UNKNOWN,0.999402,20,19A
NONCBL#SRR26797761#9,False,True,True,True,0.086,-4.804,UNKNOWN,0.998785,20,12F
NONCBL#ERR1288913#1,False,True,True,True,0.096,-4.783,UNKNOWN,0.998159,20,10A
NONCBL#SRR26789216#1,False,True,True,True,0.264,-5.096,UNKNOWN,0.999906,20,12F
NONCBL#SRR26749259#1,False,True,True,True,0.248,-5.179,UNKNOWN,0.999917,20,12F
NONCBL#ERR730883#8,False,True,True,True,0.161,-5.071,UNKNOWN,0.999849,20,19A
NONCBL#ERR433943#1,False,True,True,True,0.178,-4.854,UNKNOWN,0.997737,20,25F
NONCBL#ERR568624#2,False,True,True,True,0.397,-5.103,UNKNOWN,0.999823,20,12F
NONCBL#ERR2681077#4,False,True,True,True,0.189,-5.122,UNKNOWN,0.999932,20,8
NONCBL#SRR26797628#2,False,True,True,True,0.197,-4.866,UNKNOWN,0.999488,20,12F
NONCBL#SRR26878329#5,False,True,True,True,0.304,-5.118,UNKNOWN,0.999896,20,19A
NONCBL#ERR14654013#1,False,True,True,True,0.161,-4.982,UNKNOWN,0.999709,20,12F
NONCBL#SRR26595141#2,False,True,True,True,0.349,-4.996,UNKNOWN,0.999267,20,19A
NONCBL#ERR7567802#1,False,True,True,True,0.172,-5.051,UNKNOWN,0.999858,20,12F
NONCBL#ERR714706#2,False,True,True,True,0.222,-5.107,UNKNOWN,0.999732,20,19A
NONCBL#SRR26884373#5,False,True,True,True,0.128,-4.865,UNKNOWN,0.998999,20,12F
NONCBL#ERR751065#19,False,True,True,True,0.148,-5.055,UNKNOWN,0.999906,20,12F
NONCBL#ERR13366005#19,False,True,True,True,0.234,-4.989,UNKNOWN,0.999595,20,10A
NONCBL#SRR26817854#1,False,True,True,True,0.122,-4.807,UNKNOWN,0.998203,20,12F
NONCBL#SRR26673711#36,False,True,True,True,0.522,-5.566,UNKNOWN,0.999955,20,12F
NONCBL#SRR26673336#8,False,True,True,True,0.234,-4.989,UNKNOWN,0.999491,20,19A
NONCBL#ERR1788252#1,False,True,True,True,0.355,-5.051,UNKNOWN,0.999528,20,19A
NONCBL#ERR925175#1,False,True,True,True,0.526,-5.62,UNKNOWN,0.999921,20,12F
NONCBL#ERR3795961#6,False,True,True,True,0.14,-4.95,UNKNOWN,0.999788,20,12F
NONCBL#SRR26797610#5,False,True,True,True,0.152,-4.932,UNKNOWN,0.999151,20,25F
NONCBL#SRR26673728#1,False,True,True,True,0.408,-5.512,UNKNOWN,0.999973,20,12F
NONCBL#ERR433854#12,False,True,True,True,0.321,-5.183,UNKNOWN,0.999855,20,19A
NONCBL#ERR774480#13,False,True,True,True,0.147,-5.313,UNKNOWN,0.999994,35A_35C_42,12F
NONCBL#ERR1202120#2,False,True,True,True,0.234,-5.048,UNKNOWN,0.999882,20,12F
NONCBL#SRR26883851#3,False,True,True,True,0.62,-5.824,UNKNOWN,0.999988,35A_35C_42,12F
NONCBL#SRR26834013#15,False,True,True,True,0.189,-4.99,UNKNOWN,0.999567,20,19A
NONCBL#ERR8481899#1,False,True,True,True,0.183,-5.027,UNKNOWN,0.999885,20,10A
NONCBL#ERR433997#2,False,True,True,True,0.104,-5.031,UNKNOWN,0.999732,20,6B
NONCBL#ERR909034#9,False,True,True,True,0.168,-5.271,UNKNOWN,0.999968,20,8
NONCBL#ERR1540828#2,False,True,True,True,0.385,-5.595,UNKNOWN,0.999988,20,6B
NONCBL#SRR26594857#7,False,True,True,True,0.15,-5.158,UNKNOWN,0.999935,35A_35C_42,4
NONCBL#SRR26877756#5,False,True,True,True,0.139,-4.983,UNKNOWN,0.999836,20,6B
NONCBL#SRR26797379#2,False,True,True,True,0.321,-5.12,UNKNOWN,0.99984,20,19A
NONCBL#ERR742572#1,False,True,True,True,0.094,-4.818,UNKNOWN,0.998737,20,25F
NONCBL#ERR2089967#24,False,True,True,True,0.326,-5.232,UNKNOWN,0.999936,20,19A
NONCBL#SRR26930994#1,False,True,True,True,0.437,-5.262,UNKNOWN,0.999786,20,19A
NONCBL#SRR26834102#23,False,True,True,True,0.294,-5.006,UNKNOWN,0.999419,20,19A
NONCBL#SRR26673197#4,False,True,True,True,0.152,-4.98,UNKNOWN,0.999404,20,12F
NONCBL#ERR3796752#3,False,True,True,True,0.225,-4.877,UNKNOWN,0.999651,20,12F
NONCBL#ERR2853586#1,False,True,True,True,0.261,-5.304,UNKNOWN,0.999975,20,25F
NONCBL#SRR26797735#1,False,True,True,True,0.366,-5.052,UNKNOWN,0.999405,20,19A
NONCBL#ERR1288855#9,False,True,True,True,0.418,-5.34,UNKNOWN,0.999807,20,12F
NONCBL#ERR425367#2,False,True,True,True,0.254,-5.482,UNKNOWN,0.999995,20,12F
NONCBL#SRR26910772#21,False,True,True,True,0.319,-4.94,UNKNOWN,0.999235,20,19A
NONCBL#ERR2090832#23,False,True,True,True,0.1,-4.792,UNKNOWN,0.999159,20,6B
NONCBL#ERR1594520#7,False,True,True,True,0.908,-7.364,UNKNOWN,0.999899,35A_35C_42,22F
NONCBL#SRR26910717#3,False,True,True,True,0.385,-5.663,UNKNOWN,0.999996,20,12F
NONCBL#SRR26749991#1,False,True,True,True,0.097,-4.918,UNKNOWN,0.999327,20,12F
NONCBL#ERR870069#21,False,True,True,True,0.233,-4.935,UNKNOWN,0.999088,20,12F
NONCBL#ERR773983#18,False,True,True,True,0.11,-4.81,UNKNOWN,0.99893,20,6B
NONCBL#ERR751080#24,False,True,True,True,0.347,-5.02,UNKNOWN,0.999365,20,19A
NONCBL#ERR1453427#7,False,True,True,True,0.209,-5.154,UNKNOWN,0.999972,35A_35C_42,12F
NONCBL#ERR925104#9,False,True,True,True,0.275,-5.108,UNKNOWN,0.999889,20,19A
NONCBL#SRR26789495#28,False,True,True,True,0.268,-5.061,UNKNOWN,0.999753,20,19A
NONCBL#ERR13374722#7,False,True,True,True,0.202,-5.314,UNKNOWN,0.999914,20,12F
NONCBL#ERR4289084#1,False,True,True,True,0.346,-5.425,UNKNOWN,0.99999,20,12F
NONCBL#ERR352029#40,False,True,True,True,0.103,-5.115,UNKNOWN,0.999853,20,25F
NONCBL#ERR876735#27,False,True,True,True,0.331,-5.151,UNKNOWN,0.999815,20,19A
NONCBL#ERR845777#6,False,True,True,True,0.171,-5.105,UNKNOWN,0.999957,20,6B
NONCBL#ERR3796794#2,False,True,True,True,0.307,-5.508,UNKNOWN,0.999975,20,12F
NONCBL#ERR4501409#2,False,True,True,True,0.308,-5.36,UNKNOWN,0.999964,20,19A
NONCBL#SRR26817778#4,False,True,True,True,0.088,-4.957,UNKNOWN,0.997708,20,25F
NONCBL#ERR997569#1,False,True,True,True,0.152,-4.931,UNKNOWN,0.999585,20,12F
NONCBL#SRR26817803#5,False,True,True,True,0.169,-5.016,UNKNOWN,0.9998,20,12F
NONCBL#ERR501532#3,False,True,True,True,0.116,-4.937,UNKNOWN,0.999543,20,12F
NONCBL#ERR908958#1,False,True,True,True,0.101,-4.844,UNKNOWN,0.999371,20,25F
NONCBL#ERR1422551#1,False,True,True,True,0.178,-5.064,UNKNOWN,0.999833,20,25F
NONCBL#SRR26714714#13,False,True,True,True,0.195,-5.02,UNKNOWN,0.999615,20,19A
NONCBL#SRR26673240#30,False,True,True,True,0.373,-5.068,UNKNOWN,0.999566,20,19A
NONCBL#SRR26715049#3,False,True,True,True,0.322,-5.014,UNKNOWN,0.999805,20,12F
NONCBL#SRR26817961#25,False,True,True,True,0.139,-4.784,UNKNOWN,0.998745,20,12F
NONCBL#SRR26714450#1,False,True,True,True,0.17,-4.86,UNKNOWN,0.999297,20,12F
NONCBL#SRR26789755#13,False,True,True,True,0.208,-5.072,UNKNOWN,0.999725,20,18F
NONCBL#SRR26884603#3,False,True,True,True,0.455,-5.391,UNKNOWN,0.999967,20,19A
NONCBL#ERR730833#11,False,True,True,True,0.14,-4.987,UNKNOWN,0.999722,20,14
NONCBL#ERR742677#21,False,True,True,True,0.165,-5.129,UNKNOWN,0.999935,20,9N
NONCBL#ERR876448#2,False,True,True,True,0.235,-5.842,UNKNOWN,0.999998,35A_35C_42,37
NONCBL#ERR845767#1,False,True,True,True,0.143,-5.279,UNKNOWN,0.999893,20,4
NONCBL#ERR3796937#3,False,True,True,True,0.21,-4.954,UNKNOWN,0.999582,35A_35C_42,10A
NONCBL#ERR2089466#1,False,True,True,True,0.389,-5.191,UNKNOWN,0.999794,20,12F
NONCBL#SRR26931674#1,False,True,True,True,0.193,-4.923,UNKNOWN,0.999475,20,12F
NONCBL#ERR13365780#1,False,True,True,True,0.143,-4.943,UNKNOWN,0.999706,20,12F
NONCBL#ERR505645#9,False,True,True,True,0.361,-5.049,UNKNOWN,0.999479,20,19A
NONCBL#ERR773877#25,False,True,True,True,0.159,-5.028,UNKNOWN,0.999937,20,12F
NONCBL#SRR26749623#1,False,True,True,True,0.44,-5.297,UNKNOWN,0.999941,20,19A
NONCBL#ERR774070#13,False,True,True,True,0.286,-5.264,UNKNOWN,0.999952,20,19A
NONCBL#SRR26797417#1,False,True,True,True,0.331,-5.125,UNKNOWN,0.999886,20,19A
NONCBL#ERR13366145#12,False,True,True,True,0.099,-5.161,UNKNOWN,0.999674,20,48
NONCBL#ERR1065578#6,False,True,True,True,0.164,-4.865,UNKNOWN,0.999173,36,6B
NONCBL#ERR2668132#1,False,True,True,True,0.469,-5.425,UNKNOWN,0.999949,20,12F
NONCBL#ERR2091196#1,False,True,True,True,0.283,-5.228,UNKNOWN,0.999942,20,19A
NONCBL#ERR13366136#1,False,True,True,True,0.137,-5.022,UNKNOWN,0.999791,20,48
NONCBL#SRR26834215#22,False,True,True,True,0.443,-5.428,UNKNOWN,0.999958,20,12F
NONCBL#SRR26878746#14,False,True,True,True,0.133,-4.841,UNKNOWN,0.999207,20,12F
NONCBL#ERR2090870#5,False,True,True,True,0.411,-5.512,UNKNOWN,0.999986,20,12F
NONCBL#ERR2089512#1,False,True,True,True,0.368,-5.081,UNKNOWN,0.999553,20,19A
NONCBL#ERR2090627#3,False,True,True,True,0.366,-5.042,UNKNOWN,0.999348,20,19A
NONCBL#ERR2089866#7,False,True,True,True,0.283,-5.191,UNKNOWN,0.999928,20,19A
NONCBL#ERR600418#16,False,True,True,True,0.104,-4.915,UNKNOWN,0.998032,20,25F
NONCBL#ERR870183#23,False,True,True,True,0.349,-5.11,UNKNOWN,0.999535,20,19A
NONCBL#ERR730895#16,False,True,True,True,0.318,-5.235,UNKNOWN,0.999934,20,19A
NONCBL#ERR586359#1,False,True,True,True,0.175,-5.103,UNKNOWN,0.999776,20,12F
NONCBL#SRR26910514#2,False,True,True,True,0.116,-5.137,UNKNOWN,0.99987,20,25F
NONCBL#ERR997577#1,False,True,True,True,0.214,-5.054,UNKNOWN,0.999864,20,12F
NONCBL#ERR7568062#4,False,True,True,True,0.478,-5.286,UNKNOWN,0.999801,35A_35C_42,10A
NONCBL#ERR13364779#6,False,True,True,True,0.333,-5.319,UNKNOWN,0.999957,20,19A
NONCBL#ERR909030#19,False,True,True,True,0.219,-5.176,UNKNOWN,0.999929,20,19A
NONCBL#SRR26931096#2,False,True,True,True,0.128,-5.012,UNKNOWN,0.999706,20,19A
NONCBL#ERR2091128#5,False,True,True,True,0.337,-5.21,UNKNOWN,0.999894,20,19A
NONCBL#ERR1066351#6,False,True,True,True,0.29,-5.178,UNKNOWN,0.999915,20,19A
NONCBL#SRR26884236#1,False,True,True,True,0.143,-5.063,UNKNOWN,0.999889,20,4
NONCBL#ERR13366153#11,False,True,True,True,0.147,-4.927,UNKNOWN,0.99947,35A_35C_42,19A
NONCBL#SRR26790158#15,False,True,True,True,0.277,-4.958,UNKNOWN,0.999236,20,19A
NONCBL#ERR2090225#1,False,True,True,True,0.252,-4.935,UNKNOWN,0.999591,20,6A
NONCBL#ERR4289048#2,False,True,True,True,0.263,-5.147,UNKNOWN,0.999956,20,19A
NONCBL#SRR26714782#9,False,True,True,True,0.22,-4.972,UNKNOWN,0.999264,20,12F
NONCBL#SRR26878671#6,False,True,True,True,0.31,-5.188,UNKNOWN,0.999875,20,19A
NONCBL#SRR26818153#8,False,True,True,True,0.276,-5.061,UNKNOWN,0.999515,20,19A
NONCBL#SRR26834176#29,False,True,True,True,0.118,-4.898,UNKNOWN,0.998517,20,25F
NONCBL#ERR2090677#18,False,True,True,True,0.337,-5.084,UNKNOWN,0.999644,20,19A
NONCBL#SRR26714672#33,False,True,True,True,0.117,-5.113,UNKNOWN,0.999638,20,25F
NONCBL#ERR714372#4,False,True,True,True,0.407,-6.347,UNKNOWN,1.0,35A_35C_42,46
NONCBL#ERR1756407#1,False,True,True,True,0.5,-5.335,UNKNOWN,0.999823,20,19A
NONCBL#SRR26910367#1,False,True,True,True,0.444,-5.497,UNKNOWN,0.999988,20,12F
NONCBL#ERR750828#7,False,True,True,True,0.119,-4.797,UNKNOWN,0.99766,20,12F
NONCBL#SRR26818529#5,False,True,True,True,0.518,-6.749,UNKNOWN,0.999998,20,11A
NONCBL#SRR26877831#1,False,True,True,True,0.158,-4.938,UNKNOWN,0.999199,20,12F
NONCBL#ERR1202121#7,False,True,True,True,0.418,-5.109,UNKNOWN,0.999382,20,19A
NONCBL#ERR331163#14,False,True,True,True,0.332,-5.008,UNKNOWN,0.999444,20,19A
NONCBL#SRR26714397#1,False,True,True,True,0.351,-5.222,UNKNOWN,0.999823,20,19A
NONCBL#SRR26931130#4,False,True,True,True,0.152,-5.124,UNKNOWN,0.99941,20,18C
NONCBL#SRR26749419#3,False,True,True,True,0.124,-5.003,UNKNOWN,0.999841,20,10A
NONCBL#ERR909008#3,False,True,True,True,0.222,-5.267,UNKNOWN,0.999975,20,19A
NONCBL#ERR1430911#35,False,True,True,True,0.129,-4.916,UNKNOWN,0.99942,35A_35C_42,6B
NONCBL#ERR774041#2,False,True,True,True,0.251,-5.136,UNKNOWN,0.999919,20,19A
NONCBL#ERR2089500#5,False,True,True,True,0.243,-4.916,UNKNOWN,0.999765,20,12F
NONCBL#ERR1453696#1,False,True,True,True,0.314,-5.641,UNKNOWN,0.999993,20,12F
NONCBL#ERR433504#51,False,True,True,True,0.227,-4.927,UNKNOWN,0.999426,35A_35C_42,6B
NONCBL#SRR26818651#7,False,True,True,True,0.312,-5.038,UNKNOWN,0.999425,20,12F
NONCBL#ERR2612124#25,False,True,True,True,0.17,-5.374,UNKNOWN,0.999981,20,12F
NONCBL#ERR774359#2,False,True,True,True,0.126,-4.945,UNKNOWN,0.999725,20,10A
NONCBL#ERR2667796#21,False,True,True,True,0.171,-5.139,UNKNOWN,0.999973,20,12F
NONCBL#ERR1788376#6,False,True,True,True,0.323,-4.984,UNKNOWN,0.99917,20,19A
NONCBL#SRR26834394#2,False,True,True,True,0.682,-5.905,UNKNOWN,0.99997,20,8
NONCBL#ERR1453435#4,False,True,True,True,0.141,-4.818,UNKNOWN,0.999271,20,12F
NONCBL#ERR2667712#25,False,True,True,True,0.184,-4.861,UNKNOWN,0.998627,20,25F
NONCBL#ERR862384#14,False,True,True,True,0.125,-5.171,UNKNOWN,0.999896,20,21
NONCBL#ERR3669283#2,False,True,True,True,0.189,-5.169,UNKNOWN,0.999955,20,6A
NONCBL#ERR925129#8,False,True,True,True,0.145,-4.935,UNKNOWN,0.999529,20,25F
NONCBL#ERR3270764#1,False,True,True,True,0.294,-5.029,UNKNOWN,0.999851,35A_35C_42,15A
NONCBL#SRR26817751#4,False,True,True,True,0.288,-4.954,UNKNOWN,0.999577,20,19A
NONCBL#ERR14654000#5,False,True,True,True,0.159,-4.867,UNKNOWN,0.998911,20,6B
NONCBL#SRR26789648#20,False,True,True,True,0.183,-5.165,UNKNOWN,0.999974,35A_35C_42,6B
NONCBL#ERR1756404#8,False,True,True,True,0.268,-5.231,UNKNOWN,0.999945,20,19A
NONCBL#SRR26834106#2,False,True,True,True,0.503,-5.464,UNKNOWN,0.999944,20,12F
NONCBL#SRR26714234#9,False,True,True,True,0.094,-4.822,UNKNOWN,0.998921,20,25F
NONCBL#SRR26797118#6,False,True,True,True,0.149,-4.874,UNKNOWN,0.99931,20,12F
NONCBL#ERR1422601#1,False,True,True,True,0.109,-4.809,UNKNOWN,0.998762,20,6B
NONCBL#SRR26673716#1,False,True,True,True,0.455,-5.401,UNKNOWN,0.99996,20,19A
NONCBL#ERR1756390#17,False,True,True,True,0.31,-4.965,UNKNOWN,0.999375,20,19A
NONCBL#SRR26931404#1,False,True,True,True,0.4,-5.592,UNKNOWN,0.999986,20,12F
NONCBL#ERR568469#10,False,True,True,True,0.567,-5.452,UNKNOWN,0.999765,20,12F
NONCBL#SRR26594564#8,False,True,True,True,0.277,-5.052,UNKNOWN,0.999585,20,19A
NONCBL#SRR26930533#11,False,True,True,True,0.137,-5.054,UNKNOWN,0.99977,20,6B
NONCBL#ERR13364389#11,False,True,True,True,0.084,-4.763,UNKNOWN,0.997955,20,25F
NONCBL#ERR326418#40,False,True,True,True,0.309,-4.973,UNKNOWN,0.999371,20,19A
NONCBL#ERR3303213#1,False,True,True,True,0.346,-5.264,UNKNOWN,0.999943,20,19A
NONCBL#ERR2680848#1,False,True,True,True,0.259,-5.077,UNKNOWN,0.999759,20,19A
NONCBL#SRR26834319#13,False,True,True,True,0.235,-4.983,UNKNOWN,0.998994,20,12F
NONCBL#ERR730754#9,False,True,True,True,0.246,-4.909,UNKNOWN,0.999624,20,12F
NONCBL#ERR909003#7,False,True,True,True,0.136,-4.867,UNKNOWN,0.999603,20,6B
NONCBL#SRR26818103#1,False,True,True,True,0.278,-5.096,UNKNOWN,0.999621,20,19A
NONCBL#SRR26884426#2,False,True,True,True,0.101,-4.907,UNKNOWN,0.999492,20,10A
NONCBL#ERR2681119#19,False,True,True,True,0.171,-4.949,UNKNOWN,0.999482,20,10A
NONCBL#ERR7567934#6,False,True,True,True,0.243,-5.079,UNKNOWN,0.99982,20,19A
NONCBL#SRR26833774#2,False,True,True,True,0.436,-5.459,UNKNOWN,0.99992,20,8
NONCBL#ERR449166#1,False,True,True,True,0.092,-4.748,UNKNOWN,0.998125,20,6B
NONCBL#SRR26672955#23,False,True,True,True,0.197,-4.804,UNKNOWN,0.999102,20,12F
NONCBL#SRR26818012#1,False,True,True,True,0.178,-5.178,UNKNOWN,0.999704,20,18C
NONCBL#SRR26714499#21,False,True,True,True,0.374,-5.071,UNKNOWN,0.999469,20,19A
NONCBL#ERR1214383#4,False,True,True,True,0.19,-5.153,UNKNOWN,0.999925,20,9N
NONCBL#ERR730314#31,False,True,True,True,0.202,-5.507,UNKNOWN,0.999997,35A_35C_42,6B
NONCBL#SRR26931569#1,False,True,True,True,0.225,-5.192,UNKNOWN,0.999839,20,8
NONCBL#ERR7568093#6,False,True,True,True,0.291,-5.095,UNKNOWN,0.999876,20,10A
NONCBL#SRR26789915#2,False,True,True,True,0.132,-4.954,UNKNOWN,0.999554,20,10A
NONCBL#ERR13365864#2,False,True,True,True,0.338,-5.242,UNKNOWN,0.999912,20,12F
NONCBL#SRR26714845#2,False,True,True,True,0.231,-5.167,UNKNOWN,0.999943,20,10A
NONCBL#SRR26594274#1,False,True,True,True,0.221,-4.959,UNKNOWN,0.999691,20,12F
NONCBL#SRR26594754#1,False,True,True,True,0.371,-5.051,UNKNOWN,0.999359,20,19A
NONCBL#SRR26797129#2,False,True,True,True,0.301,-5.048,UNKNOWN,0.999555,20,19A
NONCBL#ERR1430909#5,False,True,True,True,0.332,-5.287,UNKNOWN,0.999933,20,12F
NONCBL#ERR13365793#1,False,True,True,True,0.482,-5.495,UNKNOWN,0.999978,20,12F
NONCBL#SRR26714370#3,False,True,True,True,0.315,-5.12,UNKNOWN,0.999773,20,19A
NONCBL#ERR1788387#1,False,True,True,True,0.098,-4.795,UNKNOWN,0.997524,20,25F
NONCBL#ERR2089695#2,False,True,True,True,0.366,-5.042,UNKNOWN,0.999348,20,19A
NONCBL#SRR26594650#8,False,True,True,True,0.381,-5.068,UNKNOWN,0.999475,20,19A
NONCBL#SRR26880069#1,False,True,True,True,0.468,-5.807,UNKNOWN,0.999994,20,12F
NONCBL#ERR1192072#18,False,True,True,True,0.2,-5.311,UNKNOWN,0.999993,35A_35C_42,6B
NONCBL#ERR3899491#2,False,True,True,True,0.12,-5.208,UNKNOWN,0.999951,20,6B
NONCBL#ERR884406#1,False,True,True,True,0.291,-5.524,UNKNOWN,0.999997,20,6B
NONCBL#ERR730769#23,False,True,True,True,0.341,-5.134,UNKNOWN,0.999715,20,19A
NONCBL#ERR1065449#1,False,True,True,True,0.135,-5.074,UNKNOWN,0.999652,20,25F
NONCBL#SRR26877922#2,False,True,True,True,0.219,-4.925,UNKNOWN,0.999549,20,12F
NONCBL#SRR26879746#7,False,True,True,True,0.131,-4.829,UNKNOWN,0.998962,20,12F
NONCBL#SRR26930626#4,False,True,True,True,0.451,-5.411,UNKNOWN,0.999879,20,12F
NONCBL#SRR26910683#1,False,True,True,True,0.64,-5.84,UNKNOWN,0.999986,20,19A
NONCBL#ERR2212909#1,False,True,True,True,0.355,-5.323,UNKNOWN,0.999951,20,19A
NONCBL#ERR5336809#36,False,True,True,True,0.382,-5.276,UNKNOWN,0.999939,20,6B
NONCBL#SRR26834413#3,False,True,True,True,0.114,-4.841,UNKNOWN,0.999243,20,6A
NONCBL#ERR5262742#4,False,True,True,True,0.321,-5.241,UNKNOWN,0.999936,20,19A
NONCBL#SRR26910850#1,False,True,True,True,0.261,-4.915,UNKNOWN,0.999394,20,19A
NONCBL#ERR433606#7,False,True,True,True,0.133,-5.093,UNKNOWN,0.999621,35A_35C_42,25F
NONCBL#SRR26789293#5,False,True,True,True,0.169,-5.125,UNKNOWN,0.999955,20,6A
NONCBL#ERR632997#18,False,True,True,True,0.109,-5.05,UNKNOWN,0.999816,20,19B
NONCBL#ERR1065319#4,False,True,True,True,0.086,-4.746,UNKNOWN,0.998288,20,6B
NONCBL#ERR2090398#4,False,True,True,True,0.099,-5.013,UNKNOWN,0.999692,20,19A
NONCBL#ERR870153#6,False,True,True,True,0.304,-4.933,UNKNOWN,0.99937,20,19A
NONCBL#ERR331397#17,False,True,True,True,0.155,-4.973,UNKNOWN,0.99991,20,12F
NONCBL#ERR701789#1,False,True,True,True,0.326,-5.284,UNKNOWN,0.999878,20,12F
NONCBL#SRR26910517#1,False,True,True,True,0.264,-5.202,UNKNOWN,0.999966,20,6B
NONCBL#SRR26749858#10,False,True,True,True,0.302,-4.982,UNKNOWN,0.999461,20,19A
NONCBL#SRR26833558#20,False,True,True,True,0.306,-5.06,UNKNOWN,0.999575,20,19A
NONCBL#ERR730428#4,False,True,True,True,0.123,-4.804,UNKNOWN,0.998419,20,12F
NONCBL#SRR26673720#1,False,True,True,True,0.089,-4.732,UNKNOWN,0.997774,20,6B
NONCBL#ERR714103#3,False,True,True,True,0.166,-4.809,UNKNOWN,0.999294,20,12F
NONCBL#ERR2681134#5,False,True,True,True,0.177,-4.853,UNKNOWN,0.999449,20,12F
NONCBL#ERR13365740#28,False,True,True,True,0.348,-5.002,UNKNOWN,0.999287,20,19A
NONCBL#SRR26789591#5,False,True,True,True,0.272,-5.042,UNKNOWN,0.999492,20,19A
NONCBL#SRR26931848#10,False,True,True,True,0.264,-5.061,UNKNOWN,0.999757,20,19A
NONCBL#ERR1658071#1,False,True,True,True,0.139,-4.912,UNKNOWN,0.999654,20,9N
NONCBL#ERR1192166#16,False,True,True,True,0.228,-5.085,UNKNOWN,0.999838,20,19A
NONCBL#ERR1066088#6,False,True,True,True,0.323,-5.153,UNKNOWN,0.999875,20,12F
NONCBL#ERR862490#1,False,True,True,True,0.143,-5.24,UNKNOWN,0.999974,20,12F
NONCBL#ERR13374850#5,False,True,True,True,0.118,-4.969,UNKNOWN,0.999597,20,23F
NONCBL#ERR316582#23,False,True,True,True,0.265,-5.091,UNKNOWN,0.999949,20,6B
NONCBL#ERR600502#1,False,True,True,True,0.272,-4.908,UNKNOWN,0.999272,35A_35C_42,6B
NONCBL#SRR26673664#12,False,True,True,True,0.427,-5.475,UNKNOWN,0.999979,20,12F
NONCBL#ERR869998#2,False,True,True,True,0.225,-5.186,UNKNOWN,0.999947,20,6B
NONCBL#ERR876696#2,False,True,True,True,0.298,-5.067,UNKNOWN,0.999689,20,19A
NONCBL#ERR433976#2,False,True,True,True,0.188,-4.84,UNKNOWN,0.999108,20,12F
NONCBL#ERR14654056#1,False,True,True,True,0.368,-5.232,UNKNOWN,0.999917,20,19A
NONCBL#ERR2089719#3,False,True,True,True,0.078,-4.893,UNKNOWN,0.999314,20,33F
NONCBL#ERR925170#3,False,True,True,True,0.135,-5.14,UNKNOWN,0.999871,20,21
NONCBL#ERR1658078#40,False,True,True,True,0.188,-5.165,UNKNOWN,0.999876,20,14
NONCBL#ERR4501458#1,False,True,True,True,0.144,-4.808,UNKNOWN,0.999143,20,12F
NONCBL#ERR980259#18,False,True,True,True,0.288,-5.136,UNKNOWN,0.999884,20,19A
NONCBL#ERR568641#3,False,True,True,True,0.183,-4.986,UNKNOWN,0.99977,20,12F
NONCBL#ERR3796746#3,False,True,True,True,0.342,-5.403,UNKNOWN,0.999968,20,19A
NONCBL#ERR701814#17,False,True,True,True,0.323,-5.161,UNKNOWN,0.999853,20,19A
NONCBL#SRR26884125#1,False,True,True,True,0.093,-4.883,UNKNOWN,0.999258,20,33F
NONCBL#SRR26749575#30,False,True,True,True,0.169,-5.428,UNKNOWN,0.999997,35A_35C_42,12F
NONCBL#SRR26797282#19,False,True,True,True,0.1,-5.119,UNKNOWN,0.9998,20,25F
NONCBL#ERR2667176#2,False,True,True,True,0.14,-4.968,UNKNOWN,0.999817,20,12F
NONCBL#SRR26714231#3,False,True,True,True,0.221,-5.281,UNKNOWN,0.99997,20,4
NONCBL#SRR26797036#6,False,True,True,True,0.135,-5.079,UNKNOWN,0.999615,20,25F
NONCBL#SRR26673566#2,False,True,True,True,0.447,-5.579,UNKNOWN,0.999946,35A_35C_42,19A
NONCBL#ERR13365180#1,False,True,True,True,0.375,-5.039,UNKNOWN,0.99941,20,19A
NONCBL#ERR2853462#1,False,True,True,True,0.315,-5.119,UNKNOWN,0.999773,20,19A
NONCBL#ERR633010#1,False,True,True,True,0.165,-5.019,UNKNOWN,0.999893,20,12F
NONCBL#SRR26797025#3,False,True,True,True,0.319,-5.156,UNKNOWN,0.999878,20,19A
NONCBL#SRR26910501#9,False,True,True,True,0.353,-5.317,UNKNOWN,0.999972,20,15B
NONCBL#SRR26879657#7,False,True,True,True,0.084,-4.867,UNKNOWN,0.999456,20,25F
NONCBL#ERR1756458#5,False,True,True,True,0.286,-5.0,UNKNOWN,0.999498,20,19A
NONCBL#SRR26910689#1,False,True,True,True,0.375,-5.152,UNKNOWN,0.999705,35A_35C_42,10A
NONCBL#ERR2667500#2,False,True,True,True,0.1,-5.043,UNKNOWN,0.999531,20,25F
NONCBL#ERR438950#1,False,True,True,True,0.162,-5.199,UNKNOWN,0.999959,20,21
NONCBL#SRR26749986#5,False,True,True,True,0.105,-4.991,UNKNOWN,0.999378,20,25F
NONCBL#ERR730561#17,False,True,True,True,0.085,-4.76,UNKNOWN,0.99788,20,6B
NONCBL#ERR13397673#4,False,True,True,True,0.128,-4.92,UNKNOWN,0.99962,20,10A
NONCBL#ERR7567947#1,False,True,True,True,0.822,-6.864,UNKNOWN,0.999998,20,12F
NONCBL#ERR3796804#3,False,True,True,True,0.14,-4.882,UNKNOWN,0.999496,20,12F
NONCBL#ERR1453284#15,False,True,True,True,0.673,-6.03,UNKNOWN,0.999981,20,22F
NONCBL#ERR730878#3,False,True,True,True,0.155,-4.936,UNKNOWN,0.999798,20,19A
NONCBL#SRR26714661#1,False,True,True,True,0.108,-4.983,UNKNOWN,0.999753,20,10A
NONCBL#SRR26931792#30,False,True,True,True,0.125,-4.829,UNKNOWN,0.998491,20,12F
NONCBL#ERR9796529#3,False,True,True,True,0.134,-5.128,UNKNOWN,0.999887,20,9L
NONCBL#ERR1192073#8,False,True,True,True,0.332,-4.999,UNKNOWN,0.999305,20,19A
NONCBL#SRR26673160#16,False,True,True,True,0.094,-4.904,UNKNOWN,0.999467,20,9L
NONCBL#ERR870107#3,False,True,True,True,0.12,-4.972,UNKNOWN,0.999359,20,6B
NONCBL#ERR2681102#1,False,True,True,True,0.397,-5.092,UNKNOWN,0.999374,20,19A
NONCBL#ERR2667148#2,False,True,True,True,0.147,-4.997,UNKNOWN,0.999765,20,12F
NONCBL#ERR730648#4,False,True,True,True,0.465,-5.193,UNKNOWN,0.999452,20,19A
NONCBL#ERR570422#2,False,True,True,True,0.382,-5.106,UNKNOWN,0.999653,20,23B
NONCBL#ERR774532#3,False,True,True,True,0.176,-5.296,UNKNOWN,0.999972,20,12F
NONCBL#ERR730501#3,False,True,True,True,0.149,-4.809,UNKNOWN,0.999352,20,12F
NONCBL#ERR2089721#1,False,True,True,True,0.39,-5.302,UNKNOWN,0.999913,20,19A
NONCBL#ERR1066195#9,False,True,True,True,0.117,-4.881,UNKNOWN,0.999279,20,25F
NONCBL#ERR13364387#8,False,True,True,True,0.281,-5.083,UNKNOWN,0.999725,20,19A
NONCBL#ERR876757#51,False,True,True,True,0.178,-4.854,UNKNOWN,0.997737,20,25F
NONCBL#SRR26797181#1,False,True,True,True,0.117,-5.087,UNKNOWN,0.999869,20,19A
NONCBL#SRR26879674#4,False,True,True,True,0.272,-5.042,UNKNOWN,0.999492,20,19A
NONCBL#SRR26910470#1,False,True,True,True,0.128,-5.347,UNKNOWN,0.999951,20,11A
NONCBL#ERR600322#2,False,True,True,True,0.417,-5.558,UNKNOWN,0.999975,20,12F
NONCBL#ERR773970#5,False,True,True,True,0.21,-4.909,UNKNOWN,0.999635,20,12F
NONCBL#ERR1540756#5,False,True,True,True,0.088,-4.774,UNKNOWN,0.998094,20,25F
NONCBL#SRR26797432#19,False,True,True,True,0.203,-4.904,UNKNOWN,0.999388,20,10A
NONCBL#SRR26910820#1,False,True,True,True,0.437,-5.262,UNKNOWN,0.999786,20,19A
NONCBL#SRR26818524#1,False,True,True,True,0.453,-5.602,UNKNOWN,0.999983,20,12F
NONCBL#ERR1065754#4,False,True,True,True,0.111,-4.82,UNKNOWN,0.99921,20,19A
NONCBL#ERR913296#20,False,True,True,True,0.21,-5.245,UNKNOWN,0.99996,20,19A
NONCBL#SRR26930537#4,False,True,True,True,0.111,-4.978,UNKNOWN,0.999163,20,25F
NONCBL#ERR2091071#1,False,True,True,True,0.094,-5.065,UNKNOWN,0.99975,20,10A
NONCBL#ERR13364960#3,False,True,True,True,0.124,-5.194,UNKNOWN,0.999914,20,19A
NONCBL#ERR870308#4,False,True,True,True,0.411,-5.14,UNKNOWN,0.999538,20,19A
NONCBL#SRR26878114#7,False,True,True,True,0.385,-5.068,UNKNOWN,0.999633,20,19A
NONCBL#ERR311066#3,False,True,True,True,0.175,-5.362,UNKNOWN,0.999958,18,20A
NONCBL#SRR26789648#5,False,True,True,True,0.23,-4.893,UNKNOWN,0.999687,20,12F
NONCBL#ERR1202606#18,False,True,True,True,0.473,-5.272,UNKNOWN,0.999787,20,10A
NONCBL#SRR26789840#3,False,True,True,True,0.495,-5.613,UNKNOWN,0.999936,20,31
NONCBL#ERR331130#9,False,True,True,True,0.31,-5.088,UNKNOWN,0.999713,20,19A
NONCBL#SRR26789274#16,False,True,True,True,0.195,-4.968,UNKNOWN,0.999454,20,12F
NONCBL#ERR3669302#7,False,True,True,True,0.09,-4.845,UNKNOWN,0.998029,20,6B
NONCBL#SRR26884316#16,False,True,True,True,0.318,-5.015,UNKNOWN,0.999452,20,19A
NONCBL#ERR2853492#1,False,True,True,True,0.235,-5.645,UNKNOWN,0.999997,20,12F
NONCBL#ERR2090337#2,False,True,True,True,0.222,-4.931,UNKNOWN,0.99946,20,6A
NONCBL#ERR1065274#3,False,True,True,True,0.092,-4.773,UNKNOWN,0.994812,20,19A
NONCBL#ERR1202562#27,False,True,True,True,0.137,-4.924,UNKNOWN,0.999414,35A_35C_42,25F
NONCBL#ERR13365471#1,False,True,True,True,0.299,-4.929,UNKNOWN,0.999054,20,19A
NONCBL#SRR26879703#1,False,True,True,True,0.371,-5.051,UNKNOWN,0.999359,20,19A
NONCBL#SRR26834181#8,False,True,True,True,0.178,-4.88,UNKNOWN,0.999495,20,12F
NONCBL#ERR600225#5,False,True,True,True,0.231,-5.268,UNKNOWN,0.999931,35A_35C_42,10F
NONCBL#ERR869925#4,False,True,True,True,0.167,-5.186,UNKNOWN,0.999922,20,48
NONCBL#ERR1788227#26,False,True,True,True,0.095,-5.011,UNKNOWN,0.999496,20,21
NONCBL#SRR26930906#1,False,True,True,True,0.097,-4.99,UNKNOWN,0.99956,20,33F
NONCBL#SRR26879579#13,False,True,True,True,0.276,-5.108,UNKNOWN,0.999835,20,12F
NONCBL#ERR997673#1,False,True,True,True,0.529,-5.4,UNKNOWN,0.999935,20,19A
NONCBL#SRR26883818#2,False,True,True,True,0.189,-5.383,UNKNOWN,0.99998,20,25F
NONCBL#SRR26594220#7,False,True,True,True,0.237,-4.985,UNKNOWN,0.99932,20,19A
NONCBL#ERR1288822#3,False,True,True,True,0.322,-5.298,UNKNOWN,0.999955,20,12F
NONCBL#ERR2089166#3,False,True,True,True,0.19,-5.153,UNKNOWN,0.999925,20,9N
NONCBL#ERR600116#27,False,True,True,True,0.075,-4.76,UNKNOWN,0.997996,20,25F
NONCBL#ERR2089937#9,False,True,True,True,0.222,-5.241,UNKNOWN,0.999911,20,9V
NONCBL#SRR26834237#2,False,True,True,True,0.099,-4.891,UNKNOWN,0.999067,20,25F
NONCBL#SRR26930339#3,False,True,True,True,0.207,-5.005,UNKNOWN,0.99897,20,12F
NONCBL#ERR1453301#5,False,True,True,True,0.148,-4.866,UNKNOWN,0.999484,20,12F
NONCBL#ERR925155#4,False,True,True,True,0.36,-5.115,UNKNOWN,0.999664,20,19A
NONCBL#SRR26884012#1,False,True,True,True,0.15,-4.983,UNKNOWN,0.999715,20,25F
NONCBL#ERR3831151#2,False,True,True,True,0.181,-4.953,UNKNOWN,0.999193,20,8
NONCBL#ERR714623#1,False,True,True,True,0.127,-4.921,UNKNOWN,0.998314,20,25F
NONCBL#ERR2090937#1,False,True,True,True,0.192,-5.361,UNKNOWN,0.999993,20,12F
NONCBL#SRR26750048#1,False,True,True,True,0.234,-4.99,UNKNOWN,0.999498,20,19A
NONCBL#SRR26833677#1,False,True,True,True,0.43,-5.243,UNKNOWN,0.999734,20,12F
NONCBL#ERR774199#1,False,True,True,True,0.079,-4.94,UNKNOWN,0.99839,20,25F
NONCBL#ERR2612058#3,False,True,True,True,0.148,-4.754,UNKNOWN,0.998367,20,12F
NONCBL#SRR26878237#4,False,True,True,True,0.109,-4.999,UNKNOWN,0.999432,20,21
NONCBL#ERR980079#1,False,True,True,True,0.354,-5.229,UNKNOWN,0.999821,20,19A
NONCBL#ERR742394#2,False,True,True,True,0.31,-4.952,UNKNOWN,0.999346,20,19A
NONCBL#SRR26749766#12,False,True,True,True,0.146,-5.018,UNKNOWN,0.999784,20,12F
NONCBL#ERR338168#50,False,True,True,True,0.178,-4.854,UNKNOWN,0.997737,20,25F
NONCBL#ERR2091137#3,False,True,True,True,0.078,-4.954,UNKNOWN,0.999596,20,33D
NONCBL#SRR26673080#24,False,True,True,True,0.24,-5.011,UNKNOWN,0.999609,20,19A
NONCBL#SRR26714997#7,False,True,True,True,0.236,-4.986,UNKNOWN,0.999423,20,19A
NONCBL#ERR3831125#3,False,True,True,True,0.459,-6.732,UNKNOWN,1.0,20,12F
NONCBL#SRR26789851#12,False,True,True,True,0.179,-4.956,UNKNOWN,0.999539,20,12F
NONCBL#SRR26880440#9,False,True,True,True,0.306,-5.026,UNKNOWN,0.999613,20,19A
NONCBL#SRR26594368#1,False,True,True,True,0.246,-5.085,UNKNOWN,0.999914,20,12F
NONCBL#SRR26931498#1,False,True,True,True,0.228,-5.078,UNKNOWN,0.99993,20,12F
NONCBL#ERR586352#23,False,True,True,True,0.253,-5.064,UNKNOWN,0.99974,35A_35C_42,10A
NONCBL#ERR2090348#1,False,True,True,True,0.177,-4.977,UNKNOWN,0.999632,20,12F
NONCBL#ERR1453737#1,False,True,True,True,0.165,-5.222,UNKNOWN,0.999915,20,12F
NONCBL#ERR2091227#26,False,True,True,True,0.285,-5.258,UNKNOWN,0.999969,35A_35C_42,12F
NONCBL#ERR600480#1,False,True,True,True,0.29,-5.107,UNKNOWN,0.999811,20,19A
NONCBL#ERR2667747#11,False,True,True,True,0.35,-5.015,UNKNOWN,0.999232,20,19A
NONCBL#SRR26789248#1,False,True,True,True,0.248,-5.142,UNKNOWN,0.999956,20,19A
NONCBL#ERR632885#5,False,True,True,True,0.278,-5.277,UNKNOWN,0.999959,20,19A
NONCBL#SRR26931098#3,False,True,True,True,0.299,-5.557,UNKNOWN,0.999972,20,38
NONCBL#ERR884338#13,False,True,True,True,0.178,-4.88,UNKNOWN,0.999495,20,12F
NONCBL#ERR884420#1,False,True,True,True,0.34,-5.511,UNKNOWN,0.999994,20,12F
NONCBL#ERR1106812#4,False,True,True,True,0.272,-4.995,UNKNOWN,0.999224,20,19A
NONCBL#SRR26789519#24,False,True,True,True,0.124,-5.059,UNKNOWN,0.99977,20,6B
NONCBL#ERR1214399#5,False,True,True,True,0.395,-5.222,UNKNOWN,0.99977,20,19A
NONCBL#ERR742805#24,False,True,True,True,0.286,-5.224,UNKNOWN,0.999969,35A_35C_42,12F
NONCBL#SRR26749227#25,False,True,True,True,0.178,-4.854,UNKNOWN,0.997737,20,25F
NONCBL#ERR13364890#1,False,True,True,True,0.1,-4.885,UNKNOWN,0.999376,20,25F
NONCBL#SRR26930479#2,False,True,True,True,0.086,-4.8,UNKNOWN,0.998348,20,25F
NONCBL#ERR750877#8,False,True,True,True,0.478,-5.267,UNKNOWN,0.999737,20,12F
NONCBL#ERR1065698#1,False,True,True,True,0.37,-5.246,UNKNOWN,0.999899,20,19A
NONCBL#SRR26878078#4,False,True,True,True,0.107,-4.922,UNKNOWN,0.999403,20,19A
NONCBL#ERR3899318#9,False,True,True,True,0.14,-5.013,UNKNOWN,0.999892,20,12F
NONCBL#ERR2667405#2,False,True,True,True,0.188,-5.07,UNKNOWN,0.999891,20,6B
NONCBL#SRR26910603#3,False,True,True,True,0.257,-5.009,UNKNOWN,0.999541,20,19A
NONCBL#ERR570403#2,False,True,True,True,0.272,-5.405,UNKNOWN,0.999982,20,9V
NONCBL#ERR2089606#2,False,True,True,True,0.505,-5.487,UNKNOWN,0.999956,20,12F
NONCBL#ERR9796455#14,False,True,True,True,0.13,-5.017,UNKNOWN,0.999634,20,20A
NONCBL#ERR862489#23,False,True,True,True,0.21,-5.053,UNKNOWN,0.999945,20,6B
NONCBL#ERR7567860#6,False,True,True,True,0.303,-5.305,UNKNOWN,0.999968,20,19A
NONCBL#ERR909309#8,False,True,True,True,0.134,-4.851,UNKNOWN,0.999322,20,12F
NONCBL#ERR2090765#9,False,True,True,True,0.207,-5.057,UNKNOWN,0.999887,20,19A
NONCBL#ERR2681210#18,False,True,True,True,0.335,-5.017,UNKNOWN,0.999456,20,19A
NONCBL#ERR908946#4,False,True,True,True,0.131,-4.829,UNKNOWN,0.998962,20,12F
NONCBL#SRR26884113#2,False,True,True,True,0.118,-4.792,UNKNOWN,0.998686,20,19A
NONCBL#ERR2667135#3,False,True,True,True,0.163,-5.237,UNKNOWN,0.999828,20,18C
NONCBL#ERR600268#4,False,True,True,True,0.354,-5.046,UNKNOWN,0.999376,20,19A
NONCBL#ERR742812#31,False,True,True,True,0.247,-5.221,UNKNOWN,0.999979,35A_35C_42,12F
NONCBL#SRR26879916#35,False,True,True,True,0.117,-5.113,UNKNOWN,0.999638,20,25F
NONCBL#SRR26673387#8,False,True,True,True,0.163,-5.015,UNKNOWN,0.999561,20,6B
NONCBL#SRR26877785#2,False,True,True,True,0.086,-4.8,UNKNOWN,0.998348,20,25F
NONCBL#SRR26797349#3,False,True,True,True,0.144,-4.743,UNKNOWN,0.996851,20,25F
NONCBL#ERR3796901#2,False,True,True,True,0.1,-4.956,UNKNOWN,0.999612,20,12F
NONCBL#ERR1422614#2,False,True,True,True,0.139,-4.854,UNKNOWN,0.999186,20,19A
NONCBL#SRR26818324#19,False,True,True,True,0.315,-5.12,UNKNOWN,0.999773,20,19A
NONCBL#SRR26884438#7,False,True,True,True,0.112,-4.921,UNKNOWN,0.999042,20,25F
NONCBL#ERR600440#57,False,True,True,True,0.174,-4.886,UNKNOWN,0.998007,20,25F
NONCBL#ERR774077#4,False,True,True,True,0.248,-5.011,UNKNOWN,0.999639,20,19A
NONCBL#SRR26672754#4,False,True,True,True,0.115,-4.766,UNKNOWN,0.998819,20,12F
NONCBL#SRR26797996#4,False,True,True,True,0.32,-4.984,UNKNOWN,0.999372,20,19A
NONCBL#SRR26818477#3,False,True,True,True,0.228,-4.991,UNKNOWN,0.999429,20,19A
NONCBL#ERR3796918#16,False,True,True,True,0.238,-5.03,UNKNOWN,0.999621,20,19A
NONCBL#ERR730570#5,False,True,True,True,0.107,-4.754,UNKNOWN,0.997891,20,25F
NONCBL#SRR26818635#1,False,True,True,True,0.32,-5.125,UNKNOWN,0.999774,20,19A
NONCBL#ERR13365018#11,False,True,True,True,0.192,-4.962,UNKNOWN,0.999519,35A_35C_42,10A
NONCBL#SRR26797754#2,False,True,True,True,0.634,-6.042,UNKNOWN,0.999995,20,12F
NONCBL#SRR26594445#9,False,True,True,True,0.286,-5.056,UNKNOWN,0.999589,20,19A
NONCBL#ERR2090246#1,False,True,True,True,0.578,-5.931,UNKNOWN,0.999989,20,6B
NONCBL#ERR1638466#3,False,True,True,True,0.161,-5.28,UNKNOWN,0.999963,20,12F
NONCBL#SRR26910950#1,False,True,True,True,0.234,-4.989,UNKNOWN,0.999491,20,19A
NONCBL#ERR1214565#2,False,True,True,True,0.141,-4.956,UNKNOWN,0.999526,20,9V
NONCBL#ERR13365820#11,False,True,True,True,0.124,-4.902,UNKNOWN,0.999395,20,19A
NONCBL#ERR2680728#1,False,True,True,True,0.103,-4.857,UNKNOWN,0.998181,36,6B
NONCBL#SRR26749173#26,False,True,True,True,0.178,-4.854,UNKNOWN,0.997737,20,25F
NONCBL#ERR13374734#4,False,True,True,True,0.249,-5.011,UNKNOWN,0.999635,20,19A
NONCBL#ERR774330#27,False,True,True,True,0.326,-4.989,UNKNOWN,0.99936,20,19A
NONCBL#SRR26880260#5,False,True,True,True,0.237,-4.985,UNKNOWN,0.99932,20,19A
NONCBL#SRR26931490#1,False,True,True,True,0.298,-5.138,UNKNOWN,0.999857,20,19A
NONCBL#SRR26749759#2,False,True,True,True,0.086,-4.862,UNKNOWN,0.99876,20,23F
NONCBL#SRR26879442#18,False,True,True,True,0.26,-5.193,UNKNOWN,0.999942,20,19A
NONCBL#ERR14653936#3,False,True,True,True,0.214,-5.066,UNKNOWN,0.999789,20,12F
NONCBL#SRR26879783#4,False,True,True,True,0.124,-5.477,UNKNOWN,0.999982,20,19A
NONCBL#SRR26931734#5,False,True,True,True,0.36,-5.265,UNKNOWN,0.999943,20,12F
NONCBL#ERR2089070#13,False,True,True,True,0.18,-4.777,UNKNOWN,0.998891,20,12F
NONCBL#ERR2090244#3,False,True,True,True,0.122,-4.901,UNKNOWN,0.998969,20,25F
NONCBL#ERR730530#1,False,True,True,True,0.111,-4.974,UNKNOWN,0.999467,20,25F
NONCBL#ERR13364684#11,False,True,True,True,0.171,-4.852,UNKNOWN,0.999137,35A_35C_42,6B
NONCBL#ERR2090656#17,False,True,True,True,0.301,-5.048,UNKNOWN,0.999555,20,19A
NONCBL#ERR600594#5,False,True,True,True,0.279,-5.275,UNKNOWN,0.999958,20,19A
NONCBL#ERR1202366#3,False,True,True,True,0.353,-5.07,UNKNOWN,0.999451,20,19A
NONCBL#SRR26883980#1,False,True,True,True,0.09,-5.055,UNKNOWN,0.999776,20,9N
NONCBL#SRR26879446#1,False,True,True,True,0.179,-4.935,UNKNOWN,0.999761,20,12F
NONCBL#ERR2680762#23,False,True,True,True,0.119,-4.793,UNKNOWN,0.999069,20,6B
NONCBL#ERR1788175#1,False,True,True,True,0.285,-5.622,UNKNOWN,0.999993,20,25F
NONCBL#ERR506008#12,False,True,True,True,0.24,-5.023,UNKNOWN,0.999772,20,19A
NONCBL#ERR1065387#1,False,True,True,True,0.194,-4.877,UNKNOWN,0.999045,20,6B
NONCBL#ERR316711#3,False,True,True,True,0.331,-5.249,UNKNOWN,0.999929,20,19A
NONCBL#SRR26879762#8,False,True,True,True,0.249,-5.009,UNKNOWN,0.999632,20,19A
NONCBL#ERR2667625#14,False,True,True,True,0.257,-5.24,UNKNOWN,0.999984,20,19A
NONCBL#ERR433603#54,False,True,True,True,0.178,-4.854,UNKNOWN,0.997737,20,25F
NONCBL#ERR505689#32,False,True,True,True,0.386,-5.054,UNKNOWN,0.999434,20,19A
NONCBL#SRR26797746#2,False,True,True,True,0.308,-4.968,UNKNOWN,0.999261,20,19A
NONCBL#SRR26910728#12,False,True,True,True,0.365,-4.985,UNKNOWN,0.99923,20,19A
NONCBL#ERR773900#20,False,True,True,True,0.316,-5.153,UNKNOWN,0.999755,20,19A
NONCBL#SRR26931748#14,False,True,True,True,0.422,-5.355,UNKNOWN,0.999909,20,19A
NONCBL#ERR1191824#1,False,True,True,True,0.188,-5.258,UNKNOWN,0.999967,20,12F
NONCBL#ERR730448#5,False,True,True,True,0.109,-4.866,UNKNOWN,0.999155,20,25F
NONCBL#ERR9990856#2,False,True,True,True,0.105,-4.818,UNKNOWN,0.998929,20,12F
NONCBL#ERR1422387#5,False,True,True,True,0.113,-4.774,UNKNOWN,0.998912,20,12F
NONCBL#ERR1192027#4,False,True,True,True,0.311,-5.475,UNKNOWN,0.999995,35A_35C_42,16F
NONCBL#ERR2090709#1,False,True,True,True,0.269,-5.214,UNKNOWN,0.999936,20,19A
NONCBL#ERR3227724#1,False,True,True,True,0.241,-4.956,UNKNOWN,0.999752,20,6B
NONCBL#ERR505943#31,False,True,True,True,0.269,-5.237,UNKNOWN,0.999916,20,12F
NONCBL#ERR1065336#2,False,True,True,True,0.154,-5.266,UNKNOWN,0.999972,20,12F
NONCBL#ERR13366108#8,False,True,True,True,0.159,-4.87,UNKNOWN,0.998659,35A_35C_42,12F
NONCBL#SRR26879569#1,False,True,True,True,0.371,-5.276,UNKNOWN,0.999891,20,19A
NONCBL#ERR997474#1,False,True,True,True,0.346,-5.552,UNKNOWN,0.999981,18,4
NONCBL#SRR26818496#1,False,True,True,True,0.225,-5.129,UNKNOWN,0.999833,20,8
NONCBL#SRR26673463#1,False,True,True,True,0.085,-4.962,UNKNOWN,0.999582,20,18C
NONCBL#SRR26880239#13,False,True,True,True,0.207,-5.197,UNKNOWN,0.999979,35A_35C_42,12F
NONCBL#SRR26930830#7,False,True,True,True,0.239,-4.988,UNKNOWN,0.999348,20,19A
NONCBL#SRR26714863#1,False,True,True,True,0.11,-4.982,UNKNOWN,0.999787,20,6B
NONCBL#SRR26930371#2,False,True,True,True,0.222,-4.93,UNKNOWN,0.999687,20,6B
NONCBL#SRR26883756#3,False,True,True,True,0.324,-5.24,UNKNOWN,0.999927,20,19A
NONCBL#ERR909201#1,False,True,True,True,0.169,-5.077,UNKNOWN,0.999934,20,34
NONCBL#SRR26833698#7,False,True,True,True,0.249,-5.011,UNKNOWN,0.999635,20,19A
NONCBL#SRR26594487#1,False,True,True,True,0.29,-5.099,UNKNOWN,0.9998,20,19A
NONCBL#ERR2090613#27,False,True,True,True,0.287,-5.238,UNKNOWN,0.999974,35A_35C_42,12F
NONCBL#ERR2668036#9,False,True,True,True,0.384,-5.061,UNKNOWN,0.999582,35A_35C_42,6B
NONCBL#ERR1106727#5,False,True,True,True,0.302,-5.294,UNKNOWN,0.999959,20,19A
NONCBL#ERR884540#6,False,True,True,True,0.412,-5.112,UNKNOWN,0.999415,20,19A
NONCBL#ERR570444#1,False,True,True,True,0.276,-5.198,UNKNOWN,0.999864,20,12F
NONCBL#ERR433947#27,False,True,True,True,0.194,-4.908,UNKNOWN,0.999421,35A_35C_42,6B
NONCBL#ERR13397682#2,False,True,True,True,0.163,-5.097,UNKNOWN,0.999822,20,9V
NONCBL#ERR13374931#1,False,True,True,True,0.165,-5.019,UNKNOWN,0.999893,20,12F
NONCBL#ERR505502#8,False,True,True,True,0.205,-5.18,UNKNOWN,0.999925,20,19B
NONCBL#ERR980097#1,False,True,True,True,0.094,-4.774,UNKNOWN,0.998013,20,6B
NONCBL#SRR26673051#2,False,True,True,True,0.095,-4.782,UNKNOWN,0.998571,20,12F
NONCBL#SRR26673507#18,False,True,True,True,0.527,-5.668,UNKNOWN,0.999988,36,15B
NONCBL#SRR26594234#17,False,True,True,True,0.125,-4.825,UNKNOWN,0.999037,20,12F
NONCBL#SRR26818106#5,False,True,True,True,0.167,-4.91,UNKNOWN,0.999438,20,12F
NONCBL#ERR1540743#1,False,True,True,True,0.581,-5.751,UNKNOWN,0.999981,20,12F
NONCBL#ERR433800#3,False,True,True,True,0.242,-5.091,UNKNOWN,0.999874,20,12F
NONCBL#ERR1453336#2,False,True,True,True,0.378,-5.554,UNKNOWN,0.999995,20,15B
NONCBL#ERR425375#1,False,True,True,True,0.193,-5.15,UNKNOWN,0.999882,20,12F
NONCBL#SRR26673110#15,False,True,True,True,0.152,-4.916,UNKNOWN,0.999189,20,12F
NONCBL#ERR2681083#1,False,True,True,True,0.173,-5.089,UNKNOWN,0.999926,20,19A
NONCBL#ERR913488#1,False,True,True,True,0.631,-5.832,UNKNOWN,0.999955,20,9V
NONCBL#SRR26797656#7,False,True,True,True,0.171,-4.901,UNKNOWN,0.999408,20,12F
NONCBL#ERR490788#1,False,True,True,True,0.127,-4.837,UNKNOWN,0.999721,20,12F
NONCBL#ERR1214650#27,False,True,True,True,0.162,-5.407,UNKNOWN,0.999985,20,12F
NONCBL#ERR600352#1,False,True,True,True,0.243,-4.972,UNKNOWN,0.999272,20,19A
NONCBL#ERR714343#22,False,True,True,True,0.35,-5.015,UNKNOWN,0.999232,20,19A
NONCBL#SRR26834062#6,False,True,True,True,0.249,-5.011,UNKNOWN,0.999635,20,19A
NONCBL#SRR26930845#1,False,True,True,True,0.163,-4.883,UNKNOWN,0.999452,20,19A
NONCBL#SRR26911033#1,False,True,True,True,0.115,-5.036,UNKNOWN,0.999634,20,25F
NONCBL#SRR26789505#2,False,True,True,True,0.249,-5.08,UNKNOWN,0.999849,20,19A
NONCBL#ERR13365430#1,False,True,True,True,0.134,-4.845,UNKNOWN,0.999226,20,12F
NONCBL#SRR26880361#22,False,True,True,True,0.133,-5.082,UNKNOWN,0.999817,20,8
NONCBL#ERR2853626#2,False,True,True,True,0.18,-4.884,UNKNOWN,0.999611,20,9V
NONCBL#SRR26749620#1,False,True,True,True,0.276,-5.244,UNKNOWN,0.999971,20,12F
NONCBL#ERR1214694#2,False,True,True,True,0.348,-5.327,UNKNOWN,0.999958,20,19A
NONCBL#ERR1453471#7,False,True,True,True,0.139,-4.923,UNKNOWN,0.999682,20,10A
NONCBL#SRR26789985#1,False,True,True,True,0.104,-5.184,UNKNOWN,0.999904,20,12F
NONCBL#ERR2680843#1,False,True,True,True,0.489,-5.572,UNKNOWN,0.999978,20,12F
NONCBL#SRR26789554#3,False,True,True,True,0.135,-4.871,UNKNOWN,0.999058,20,12F
NONCBL#ERR662419#4,False,True,True,True,0.263,-4.91,UNKNOWN,0.999124,35A_35C_42,6B
NONCBL#ERR730470#12,False,True,True,True,0.125,-4.856,UNKNOWN,0.999287,20,6A
NONCBL#ERR913059#17,False,True,True,True,0.267,-5.077,UNKNOWN,0.99983,20,19A
NONCBL#ERR1288929#2,False,True,True,True,0.481,-5.433,UNKNOWN,0.999958,20,8
NONCBL#ERR980349#23,False,True,True,True,0.302,-5.194,UNKNOWN,0.999901,20,19A
NONCBL#SRR26790062#2,False,True,True,True,0.148,-4.915,UNKNOWN,0.99953,20,12F
NONCBL#ERR13365395#3,False,True,True,True,0.132,-4.803,UNKNOWN,0.998267,20,25F
NONCBL#ERR1453740#7,False,True,True,True,0.24,-5.235,UNKNOWN,0.999956,20,19A
NONCBL#ERR1422553#25,False,True,True,True,0.256,-5.062,UNKNOWN,0.999755,20,19A
NONCBL#ERR2853675#1,False,True,True,True,0.1,-4.825,UNKNOWN,0.999359,20,16F
NONCBL#ERR1191962#15,False,True,True,True,0.117,-4.883,UNKNOWN,0.998775,20,6B
NONCBL#ERR13364560#1,False,True,True,True,0.085,-4.788,UNKNOWN,0.99837,20,12F
NONCBL#SRR26594366#9,False,True,True,True,0.237,-4.985,UNKNOWN,0.99932,20,19A
NONCBL#SRR26877927#2,False,True,True,True,0.166,-4.95,UNKNOWN,0.999474,20,12F
NONCBL#ERR13365801#2,False,True,True,True,0.179,-5.013,UNKNOWN,0.999561,20,19A
NONCBL#SRR26880123#8,False,True,True,True,0.237,-4.986,UNKNOWN,0.999431,20,19A
NONCBL#SRR26878052#5,False,True,True,True,0.234,-4.989,UNKNOWN,0.999491,20,19A
NONCBL#SRR26594360#13,False,True,True,True,0.252,-5.128,UNKNOWN,0.999769,20,18F
NONCBL#ERR1658158#24,False,True,True,True,0.227,-4.939,UNKNOWN,0.999224,20,12F
NONCBL#SRR26673591#1,False,True,True,True,0.09,-4.994,UNKNOWN,0.999521,20,25F
NONCBL#ERR774686#1,False,True,True,True,0.098,-4.972,UNKNOWN,0.999618,20,10A
NONCBL#SRR26879570#4,False,True,True,True,0.234,-4.989,UNKNOWN,0.999491,20,19A
NONCBL#ERR2681160#1,False,True,True,True,0.109,-4.762,UNKNOWN,0.997477,20,12F
NONCBL#ERR13365270#8,False,True,True,True,0.101,-4.971,UNKNOWN,0.999479,20,25F
NONCBL#SRR26930699#16,False,True,True,True,0.145,-4.791,UNKNOWN,0.99899,20,12F
NONCBL#SRR26910726#6,False,True,True,True,0.37,-5.053,UNKNOWN,0.999366,20,19A
NONCBL#SRR26931713#2,False,True,True,True,0.638,-5.883,UNKNOWN,0.99999,20,12F
NONCBL#ERR3899265#7,False,True,True,True,0.245,-5.081,UNKNOWN,0.999825,20,19A
NONCBL#ERR997486#2,False,True,True,True,0.679,-6.373,UNKNOWN,0.999998,20,15A
NONCBL#ERR2667723#1,False,True,True,True,0.195,-4.976,UNKNOWN,0.999394,20,12F
NONCBL#ERR913410#11,False,True,True,True,0.326,-5.202,UNKNOWN,0.999893,20,19A
NONCBL#ERR3270775#25,False,True,True,True,0.424,-5.099,UNKNOWN,0.999347,20,19A
NONCBL#ERR1453830#13,False,True,True,True,0.228,-5.097,UNKNOWN,0.999929,20,12F
NONCBL#ERR1202548#31,False,True,True,True,0.137,-4.924,UNKNOWN,0.999414,35A_35C_42,25F
NONCBL#ERR1422586#17,False,True,True,True,0.264,-4.918,UNKNOWN,0.999157,20,19A
NONCBL#SRR26818174#2,False,True,True,True,0.124,-4.998,UNKNOWN,0.999798,20,10A
NONCBL#SRR26930415#2,False,True,True,True,0.324,-5.032,UNKNOWN,0.9998,20,19A
NONCBL#ERR2089468#2,False,True,True,True,0.25,-5.106,UNKNOWN,0.999787,20,14
NONCBL#ERR862448#11,False,True,True,True,0.188,-4.98,UNKNOWN,0.999546,20,12F
NONCBL#ERR774215#1,False,True,True,True,0.497,-5.574,UNKNOWN,0.999977,20,12F
NONCBL#SRR26714269#6,False,True,True,True,0.249,-5.011,UNKNOWN,0.999635,20,19A
NONCBL#ERR2667211#2,False,True,True,True,0.284,-5.086,UNKNOWN,0.999648,20,19A
NONCBL#SRR26673679#8,False,True,True,True,0.456,-5.25,UNKNOWN,0.999615,20,12F
NONCBL#SRR26797279#5,False,True,True,True,0.272,-5.042,UNKNOWN,0.999492,20,19A
NONCBL#ERR2680937#5,False,True,True,True,0.435,-5.177,UNKNOWN,0.999585,20,19A
NONCBL#SRR26594629#1,False,True,True,True,0.33,-5.022,UNKNOWN,0.999421,20,19A
NONCBL#SRR26910951#3,False,True,True,True,0.165,-5.418,UNKNOWN,0.999971,20,25F
NONCBL#SRR26931293#4,False,True,True,True,0.285,-4.986,UNKNOWN,0.999451,20,19A
NONCBL#SRR26714920#29,False,True,True,True,0.103,-4.857,UNKNOWN,0.999163,20,25F
NONCBL#ERR3303428#2,False,True,True,True,0.347,-5.006,UNKNOWN,0.999314,20,19A
NONCBL#SRR26910942#6,False,True,True,True,0.154,-4.796,UNKNOWN,0.998709,20,12F
NONCBL#SRR26930494#14,False,True,True,True,0.18,-4.886,UNKNOWN,0.99942,20,10A
NONCBL#ERR845746#2,False,True,True,True,0.29,-5.164,UNKNOWN,0.999905,20,19A
NONCBL#SRR26931357#3,False,True,True,True,0.104,-4.908,UNKNOWN,0.998937,20,25F
NONCBL#ERR862381#1,False,True,True,True,0.159,-4.92,UNKNOWN,0.999128,20,12F
NONCBL#ERR980091#1,False,True,True,True,0.134,-4.917,UNKNOWN,0.999608,20,10A
NONCBL#SRR26818241#1,False,True,True,True,0.556,-5.702,UNKNOWN,0.999989,20,12F
NONCBL#ERR2680639#25,False,True,True,True,0.168,-5.154,UNKNOWN,0.999882,20,48
NONCBL#ERR13374866#1,False,True,True,True,0.447,-5.512,UNKNOWN,0.999964,20,4
NONCBL#ERR3899488#1,False,True,True,True,0.402,-5.232,UNKNOWN,0.999801,20,19A
NONCBL#ERR913090#1,False,True,True,True,0.176,-4.931,UNKNOWN,0.999534,20,9N
NONCBL#ERR2090867#32,False,True,True,True,0.551,-5.709,UNKNOWN,0.999992,20,12F
NONCBL#ERR13364716#51,False,True,True,True,0.184,-4.861,UNKNOWN,0.998627,20,25F
NONCBL#ERR1288869#2,False,True,True,True,0.273,-5.237,UNKNOWN,0.999961,20,12F
NONCBL#SRR26797511#6,False,True,True,True,0.364,-5.157,UNKNOWN,0.999835,20,19A
NONCBL#SRR26714779#6,False,True,True,True,0.231,-4.978,UNKNOWN,0.999301,20,19A
NONCBL#ERR2091074#1,False,True,True,True,0.096,-4.74,UNKNOWN,0.998266,20,6B
NONCBL#ERR10419698#3,False,True,True,True,0.288,-5.102,UNKNOWN,0.999739,20,19A
NONCBL#SRR26714820#28,False,True,True,True,0.407,-5.44,UNKNOWN,0.999969,20,12F
NONCBL#ERR730142#5,False,True,True,True,0.285,-5.168,UNKNOWN,0.999919,20,19A
NONCBL#SRR26880276#5,False,True,True,True,0.234,-4.989,UNKNOWN,0.999491,20,19A
NONCBL#ERR714628#4,False,True,True,True,0.221,-5.35,UNKNOWN,0.999977,20,19A
NONCBL#SRR26818299#1,False,True,True,True,0.402,-5.329,UNKNOWN,0.999926,20,12F
NONCBL#ERR505507#13,False,True,True,True,0.121,-4.857,UNKNOWN,0.999549,20,19A
NONCBL#SRR26883981#7,False,True,True,True,0.269,-5.068,UNKNOWN,0.999883,20,19A
NONCBL#ERR2667138#1,False,True,True,True,0.434,-5.831,UNKNOWN,0.999995,20,8
NONCBL#ERR319355#18,False,True,True,True,0.192,-5.246,UNKNOWN,0.999981,35A_35C_42,12F
NONCBL#ERR1658208#2,False,True,True,True,0.13,-5.122,UNKNOWN,0.999837,20,12F
NONCBL#ERR3303434#2,False,True,True,True,0.169,-4.97,UNKNOWN,0.99972,20,10A
NONCBL#ERR742470#11,False,True,True,True,0.355,-5.169,UNKNOWN,0.999882,20,19A
NONCBL#SRR26911192#7,False,True,True,True,0.138,-4.895,UNKNOWN,0.999165,20,12F
NONCBL#ERR600360#1,False,True,True,True,0.329,-5.519,UNKNOWN,0.999987,35A_35C_42,12F
NONCBL#ERR2681214#11,False,True,True,True,0.168,-4.915,UNKNOWN,0.999644,20,6A
NONCBL#ERR646549#1,False,True,True,True,0.115,-5.036,UNKNOWN,0.999634,20,25F
NONCBL#ERR1191936#10,False,True,True,True,0.231,-5.207,UNKNOWN,0.999884,20,19A
NONCBL#SRR26930967#36,False,True,True,True,0.364,-5.093,UNKNOWN,0.99964,20,19A
NONCBL#ERR730352#10,False,True,True,True,0.227,-5.135,UNKNOWN,0.999935,20,19A
NONCBL#ERR2667558#15,False,True,True,True,0.199,-4.812,UNKNOWN,0.999274,20,12F
NONCBL#ERR3831122#2,False,True,True,True,0.794,-6.286,UNKNOWN,0.999992,20,9V
NONCBL#ERR925049#27,False,True,True,True,0.193,-5.277,UNKNOWN,0.999987,35A_35C_42,12F
NONCBL#ERR13366073#1,False,True,True,True,0.236,-5.014,UNKNOWN,0.999491,20,19A
NONCBL#ERR2667273#3,False,True,True,True,0.265,-5.148,UNKNOWN,0.999909,20,19A
NONCBL#ERR352002#29,False,True,True,True,0.234,-4.968,UNKNOWN,0.99979,20,12F
NONCBL#ERR730847#2,False,True,True,True,0.376,-5.84,UNKNOWN,0.999997,20,12F
NONCBL#ERR8481545#1,False,True,True,True,0.372,-5.175,UNKNOWN,0.999848,20,12F
NONCBL#ERR730901#7,False,True,True,True,0.139,-5.079,UNKNOWN,0.999907,20,10A
NONCBL#ERR2089195#2,False,True,True,True,0.07,-4.951,UNKNOWN,0.997115,20,12F
NONCBL#ERR13365811#1,False,True,True,True,0.591,-5.757,UNKNOWN,0.999987,20,12F
NONCBL#ERR8481705#3,False,True,True,True,0.46,-5.295,UNKNOWN,0.999805,20,9N
NONCBL#ERR2089711#3,False,True,True,True,0.11,-4.767,UNKNOWN,0.998065,20,25F
NONCBL#SRR26749790#16,False,True,True,True,0.354,-5.26,UNKNOWN,0.999913,20,19A
NONCBL#SRR26797887#31,False,True,True,True,0.123,-5.127,UNKNOWN,0.999664,20,25F
NONCBL#ERR632957#1,False,True,True,True,0.127,-4.822,UNKNOWN,0.998572,20,25F
NONCBL#ERR449162#21,False,True,True,True,0.185,-5.201,UNKNOWN,0.999981,20,12F
NONCBL#ERR750818#31,False,True,True,True,0.424,-5.099,UNKNOWN,0.999347,20,19A
NONCBL#ERR1658139#8,False,True,True,True,0.087,-4.934,UNKNOWN,0.999097,20,10A
NONCBL#ERR730835#2,False,True,True,True,0.427,-5.904,UNKNOWN,0.999996,20,15B
NONCBL#SRR26672992#1,False,True,True,True,0.359,-5.576,UNKNOWN,0.999941,20,19A
NONCBL#ERR2667711#3,False,True,True,True,0.181,-4.901,UNKNOWN,0.999645,20,12F
NONCBL#ERR2853461#2,False,True,True,True,0.318,-5.146,UNKNOWN,0.999698,20,12F
NONCBL#ERR13366004#2,False,True,True,True,0.108,-5.063,UNKNOWN,0.999671,20,25F
NONCBL#ERR13374627#1,False,True,True,True,0.154,-4.849,UNKNOWN,0.998186,20,25F
NONCBL#SRR26880065#18,False,True,True,True,0.139,-5.308,UNKNOWN,0.999965,20,19A
NONCBL#ERR742468#18,False,True,True,True,0.471,-5.489,UNKNOWN,0.999976,20,15B
NONCBL#ERR3192445#3,False,True,True,True,0.22,-4.889,UNKNOWN,0.99954,20,12F
NONCBL#SRR26930425#1,False,True,True,True,0.162,-4.935,UNKNOWN,0.999662,20,12F
NONCBL#ERR730610#1,False,True,True,True,0.079,-4.884,UNKNOWN,0.997015,20,8
NONCBL#SRR26797921#1,False,True,True,True,0.103,-4.97,UNKNOWN,0.99954,20,12F
NONCBL#ERR980002#2,False,True,True,True,0.294,-5.356,UNKNOWN,0.999972,20,6B
NONCBL#ERR425509#2,False,True,True,True,0.319,-5.048,UNKNOWN,0.999487,20,12F
NONCBL#ERR2089874#27,False,True,True,True,0.287,-5.238,UNKNOWN,0.999974,35A_35C_42,12F
NONCBL#ERR2091021#19,False,True,True,True,0.292,-5.039,UNKNOWN,0.999618,20,19A
NONCBL#SRR26797263#4,False,True,True,True,0.237,-4.985,UNKNOWN,0.99932,20,19A
NONCBL#ERR1540784#16,False,True,True,True,0.17,-5.089,UNKNOWN,0.999957,20,6B
NONCBL#SRR26910598#6,False,True,True,True,0.105,-4.982,UNKNOWN,0.999773,20,10A
NONCBL#ERR1214698#8,False,True,True,True,0.338,-5.01,UNKNOWN,0.999423,20,19A
NONCBL#ERR876538#32,False,True,True,True,0.218,-5.033,UNKNOWN,0.999159,20,25F
NONCBL#SRR26797572#10,False,True,True,True,0.161,-4.943,UNKNOWN,0.999675,20,10A
NONCBL#ERR2089528#1,False,True,True,True,0.23,-5.05,UNKNOWN,0.999808,20,6B
NONCBL#ERR9796482#1,False,True,True,True,0.113,-4.869,UNKNOWN,0.999602,20,19A
NONCBL#ERR980012#1,False,True,True,True,0.198,-4.965,UNKNOWN,0.999764,20,12F
NONCBL#ERR505761#1,False,True,True,True,0.335,-5.505,UNKNOWN,0.999979,20,12F
NONCBL#ERR730188#3,False,True,True,True,0.329,-5.381,UNKNOWN,0.999989,35A_35C_42,12F
NONCBL#ERR2091265#3,False,True,True,True,0.28,-4.931,UNKNOWN,0.999424,35A_35C_42,6B
NONCBL#SRR26817805#9,False,True,True,True,0.161,-4.974,UNKNOWN,0.999657,20,12F
NONCBL#ERR908975#1,False,True,True,True,0.16,-5.003,UNKNOWN,0.999546,20,25F
NONCBL#SRR26789411#7,False,True,True,True,0.3,-5.107,UNKNOWN,0.999789,20,19A
NONCBL#SRR26910525#19,False,True,True,True,0.179,-4.873,UNKNOWN,0.999615,20,12F
NONCBL#ERR505593#17,False,True,True,True,0.207,-5.114,UNKNOWN,0.999927,20,8
NONCBL#SRR26750098#4,False,True,True,True,0.215,-4.993,UNKNOWN,0.999842,20,6B
NONCBL#ERR570449#25,False,True,True,True,0.258,-5.023,UNKNOWN,0.999906,20,10A
NONCBL#ERR730392#1,False,True,True,True,0.42,-5.256,UNKNOWN,0.999931,20,19A
NONCBL#SRR26789610#14,False,True,True,True,0.108,-4.835,UNKNOWN,0.997625,20,25F
NONCBL#ERR750899#1,False,True,True,True,0.133,-4.969,UNKNOWN,0.999488,20,12F
NONCBL#ERR600375#12,False,True,True,True,0.152,-4.981,UNKNOWN,0.999621,20,19A
NONCBL#SRR26911042#2,False,True,True,True,0.247,-4.894,UNKNOWN,0.999253,35A_35C_42,6B
NONCBL#ERR1202568#17,False,True,True,True,0.308,-5.313,UNKNOWN,0.999988,35A_35C_42,6B
NONCBL#SRR26834146#12,False,True,True,True,0.33,-5.449,UNKNOWN,0.999995,35A_35C_42,6B
NONCBL#ERR2090622#24,False,True,True,True,0.311,-5.265,UNKNOWN,0.999975,35A_35C_42,12F
NONCBL#ERR505614#8,False,True,True,True,0.32,-5.263,UNKNOWN,0.999936,20,19A
NONCBL#ERR2853674#1,False,True,True,True,0.158,-4.988,UNKNOWN,0.999773,20,25F
NONCBL#SRR26878137#1,False,True,True,True,0.115,-5.036,UNKNOWN,0.999634,20,25F
NONCBL#ERR2680991#25,False,True,True,True,0.187,-4.955,UNKNOWN,0.999669,35A_35C_42,6B
NONCBL#SRR26931741#24,False,True,True,True,0.139,-4.811,UNKNOWN,0.998789,20,12F
NONCBL#ERR2680682#1,False,True,True,True,0.109,-4.893,UNKNOWN,0.998294,20,25F
NONCBL#ERR319385#6,False,True,True,True,0.332,-5.008,UNKNOWN,0.999444,20,19A
NONCBL#ERR2090122#4,False,True,True,True,0.289,-5.434,UNKNOWN,0.999958,20,38
NONCBL#ERR505753#1,False,True,True,True,0.224,-5.061,UNKNOWN,0.999904,20,6B
NONCBL#ERR1065653#1,False,True,True,True,0.173,-4.886,UNKNOWN,0.999605,20,19A
NONCBL#ERR316611#2,False,True,True,True,0.364,-5.243,UNKNOWN,0.999893,20,9V
NONCBL#ERR505520#1,False,True,True,True,0.134,-4.859,UNKNOWN,0.999473,20,6A
NONCBL#SRR26750080#5,False,True,True,True,0.149,-4.862,UNKNOWN,0.9986,20,6B
NONCBL#ERR1202260#1,False,True,True,True,0.337,-5.332,UNKNOWN,0.99996,20,19A
NONCBL#ERR13366213#12,False,True,True,True,0.198,-4.968,UNKNOWN,0.99955,35A_35C_42,10A
NONCBL#ERR1202454#1,False,True,True,True,0.127,-4.908,UNKNOWN,0.999568,20,12F
NONCBL#ERR1214618#1,False,True,True,True,0.363,-5.488,UNKNOWN,0.999969,20,9V
NONCBL#ERR13374759#1,False,True,True,True,0.25,-5.028,UNKNOWN,0.999531,20,19A
NONCBL#ERR714300#1,False,True,True,True,0.396,-5.319,UNKNOWN,0.99993,20,12F
NONCBL#SRR26880244#2,False,True,True,True,0.442,-5.389,UNKNOWN,0.99996,20,19A
NONCBL#ERR570402#1,False,True,True,True,0.153,-5.182,UNKNOWN,0.999904,20,9L
NONCBL#SRR26884190#24,False,True,True,True,0.277,-5.052,UNKNOWN,0.999585,20,19A
NONCBL#ERR505705#1,False,True,True,True,0.161,-4.845,UNKNOWN,0.999227,20,12F
NONCBL#ERR7567955#2,False,True,True,True,0.11,-4.755,UNKNOWN,0.999043,20,12F
NONCBL#ERR2089818#5,False,True,True,True,0.257,-4.94,UNKNOWN,0.999242,20,19A
NONCBL#SRR26595070#1,False,True,True,True,0.112,-4.811,UNKNOWN,0.998008,20,25F
NONCBL#ERR997477#11,False,True,True,True,0.543,-5.564,UNKNOWN,0.999939,20,12F
NONCBL#ERR751051#2,False,True,True,True,0.109,-5.006,UNKNOWN,0.9998,20,6B
NONCBL#SRR26714294#4,False,True,True,True,0.157,-4.826,UNKNOWN,0.997153,20,25F
NONCBL#SRR26883872#2,False,True,True,True,0.761,-6.481,UNKNOWN,0.999995,20,12F
NONCBL#SRR26910554#1,False,True,True,True,0.26,-5.09,UNKNOWN,0.999854,20,19A
NONCBL#ERR1066202#2,False,True,True,True,0.29,-5.185,UNKNOWN,0.999941,20,9V
NONCBL#ERR13366081#6,False,True,True,True,0.238,-4.985,UNKNOWN,0.999329,20,19A
NONCBL#SRR26797266#9,False,True,True,True,0.175,-5.0,UNKNOWN,0.999393,20,19A
NONCBL#SRR26673588#6,False,True,True,True,0.406,-5.126,UNKNOWN,0.999538,20,19A
NONCBL#ERR1065358#2,False,True,True,True,0.168,-4.869,UNKNOWN,0.999337,20,12F
NONCBL#ERR2667758#2,False,True,True,True,0.248,-5.198,UNKNOWN,0.999874,20,31
NONCBL#ERR884680#1,False,True,True,True,0.161,-5.075,UNKNOWN,0.999919,20,6B
NONCBL#SRR26797147#4,False,True,True,True,0.265,-5.036,UNKNOWN,0.999642,20,19A
NONCBL#ERR876602#7,False,True,True,True,0.334,-5.248,UNKNOWN,0.999933,20,19A
NONCBL#ERR1066124#1,False,True,True,True,0.095,-4.907,UNKNOWN,0.999561,20,19A
NONCBL#SRR26818138#5,False,True,True,True,0.133,-4.925,UNKNOWN,0.999489,20,12F
NONCBL#ERR997559#3,False,True,True,True,0.163,-4.956,UNKNOWN,0.999494,20,19A
NONCBL#ERR2089114#4,False,True,True,True,0.205,-5.131,UNKNOWN,0.999958,20,12F
NONCBL#ERR633087#28,False,True,True,True,0.269,-5.237,UNKNOWN,0.999916,20,12F
NONCBL#ERR730537#14,False,True,True,True,0.399,-5.136,UNKNOWN,0.999607,20,19A
NONCBL#ERR570396#1,False,True,True,True,0.122,-5.076,UNKNOWN,0.999499,20,10B
NONCBL#SRR26910863#7,False,True,True,True,0.186,-5.428,UNKNOWN,0.999984,20,21
NONCBL#SRR26930584#21,False,True,True,True,0.315,-5.12,UNKNOWN,0.999773,20,19A
NONCBL#ERR13366198#7,False,True,True,True,0.264,-5.014,UNKNOWN,0.999533,20,19A
NONCBL#ERR2090208#1,False,True,True,True,0.118,-4.848,UNKNOWN,0.999206,20,12F
NONCBL#ERR331421#54,False,True,True,True,0.178,-4.854,UNKNOWN,0.997737,20,25F
NONCBL#SRR26797103#1,False,True,True,True,0.108,-4.895,UNKNOWN,0.999451,20,10A
NONCBL#ERR913281#1,False,True,True,True,0.236,-4.974,UNKNOWN,0.999378,20,19A
NONCBL#ERR13364769#11,False,True,True,True,0.141,-4.865,UNKNOWN,0.999293,20,12F
NONCBL#SRR26818693#3,False,True,True,True,0.198,-5.402,UNKNOWN,0.999959,20,25F
NONCBL#ERR3899481#3,False,True,True,True,0.377,-5.382,UNKNOWN,0.99995,20,12F
NONCBL#ERR2089829#1,False,True,True,True,0.311,-5.048,UNKNOWN,0.999476,20,19A
NONCBL#ERR568442#1,False,True,True,True,0.445,-5.346,UNKNOWN,0.999962,20,19A
NONCBL#SRR26797244#6,False,True,True,True,0.819,-6.567,UNKNOWN,0.999983,20,9V
NONCBL#ERR908864#17,False,True,True,True,0.098,-4.916,UNKNOWN,0.999326,20,48
NONCBL#SRR26833740#1,False,True,True,True,0.24,-5.04,UNKNOWN,0.999721,20,9V
NONCBL#ERR742745#3,False,True,True,True,0.36,-5.253,UNKNOWN,0.999954,20,19A
NONCBL#ERR1788078#24,False,True,True,True,0.3,-5.128,UNKNOWN,0.999833,20,19A
NONCBL#SRR26879584#7,False,True,True,True,0.128,-5.219,UNKNOWN,0.999794,20,7C
NONCBL#ERR10419722#5,False,True,True,True,0.249,-4.927,UNKNOWN,0.999509,20,6A
NONCBL#SRR26931033#4,False,True,True,True,0.274,-5.195,UNKNOWN,0.999903,20,19A
NONCBL#ERR13365361#2,False,True,True,True,0.079,-4.794,UNKNOWN,0.998834,20,6B
NONCBL#ERR2681074#8,False,True,True,True,0.368,-5.07,UNKNOWN,0.99947,20,19A
NONCBL#ERR913290#2,False,True,True,True,0.464,-5.726,UNKNOWN,0.999991,20,9V
NONCBL#ERR751067#23,False,True,True,True,0.237,-5.107,UNKNOWN,0.999745,20,19A
NONCBL#SRR26789413#2,False,True,True,True,0.421,-5.312,UNKNOWN,0.999915,20,12F
NONCBL#SRR26789983#2,False,True,True,True,0.452,-5.48,UNKNOWN,0.999971,20,12F
NONCBL#ERR3899406#20,False,True,True,True,0.294,-5.187,UNKNOWN,0.999958,35A_35C_42,12F
NONCBL#SRR26910283#6,False,True,True,True,0.167,-4.91,UNKNOWN,0.999438,20,12F
NONCBL#SRR26817839#16,False,True,True,True,0.118,-4.887,UNKNOWN,0.998943,20,19A
NONCBL#SRR26879555#1,False,True,True,True,0.112,-5.083,UNKNOWN,0.999716,20,25F
NONCBL#ERR3164467#19,False,True,True,True,0.171,-5.216,UNKNOWN,0.999979,20,6A
NONCBL#ERR2681115#10,False,True,True,True,0.338,-5.117,UNKNOWN,0.999739,20,19A
NONCBL#ERR913210#1,False,True,True,True,0.281,-5.181,UNKNOWN,0.999929,20,19A
NONCBL#ERR568770#1,False,True,True,True,0.128,-5.232,UNKNOWN,0.999922,20,9L
NONCBL#ERR1788222#2,False,True,True,True,0.236,-5.148,UNKNOWN,0.999931,20,19A
NONCBL#ERR714625#5,False,True,True,True,0.183,-4.927,UNKNOWN,0.999585,35A_35C_42,6B
NONCBL#SRR26594864#2,False,True,True,True,0.196,-4.859,UNKNOWN,0.999209,20,12F
NONCBL#ERR1192157#22,False,True,True,True,0.166,-5.331,UNKNOWN,0.99999,35A_35C_42,16F
NONCBL#ERR1453802#5,False,True,True,True,0.128,-5.144,UNKNOWN,0.999739,20,25F
NONCBL#ERR2089224#6,False,True,True,True,0.364,-5.01,UNKNOWN,0.999356,20,19A
NONCBL#ERR13364862#2,False,True,True,True,0.429,-5.259,UNKNOWN,0.999932,20,19A
NONCBL#ERR714388#24,False,True,True,True,0.296,-5.854,UNKNOWN,0.999999,20,22F
NONCBL#SRR26749331#2,False,True,True,True,0.079,-4.816,UNKNOWN,0.998353,20,10A
NONCBL#SRR26834038#7,False,True,True,True,0.165,-4.927,UNKNOWN,0.999656,20,12F
NONCBL#ERR2667625#6,False,True,True,True,0.184,-5.046,UNKNOWN,0.999806,20,12F
NONCBL#SRR26877876#1,False,True,True,True,0.156,-5.032,UNKNOWN,0.999769,20,25F
NONCBL#SRR26884348#8,False,True,True,True,0.854,-6.933,UNKNOWN,0.999996,20,12F
NONCBL#SRR26749357#14,False,True,True,True,0.19,-4.953,UNKNOWN,0.999475,20,19A
NONCBL#ERR505492#7,False,True,True,True,0.255,-4.983,UNKNOWN,0.999321,20,12F
NONCBL#ERR4289045#6,False,True,True,True,0.141,-4.865,UNKNOWN,0.999293,20,12F
NONCBL#ERR1453651#9,False,True,True,True,0.099,-4.848,UNKNOWN,0.999234,20,6B
NONCBL#ERR1202135#14,False,True,True,True,0.303,-5.143,UNKNOWN,0.999855,20,19A
NONCBL#SRR26797396#4,False,True,True,True,0.088,-4.957,UNKNOWN,0.997708,20,25F
NONCBL#SRR26790043#3,False,True,True,True,0.324,-5.017,UNKNOWN,0.999768,20,12F
NONCBL#SRR26878263#7,False,True,True,True,0.119,-5.093,UNKNOWN,0.999935,35A_35C_42,6B
NONCBL#ERR1202447#1,False,True,True,True,0.472,-5.665,UNKNOWN,0.999982,20,12F
NONCBL#ERR714407#1,False,True,True,True,0.382,-5.323,UNKNOWN,0.999872,20,12F
NONCBL#ERR1214546#12,False,True,True,True,0.155,-4.983,UNKNOWN,0.999612,20,19A
NONCBL#ERR600281#2,False,True,True,True,0.295,-5.116,UNKNOWN,0.999899,20,12F
NONCBL#SRR26673198#12,False,True,True,True,0.205,-5.211,UNKNOWN,0.999982,35A_35C_42,12F
NONCBL#ERR632898#5,False,True,True,True,0.261,-4.916,UNKNOWN,0.9996,20,12F
NONCBL#ERR1422446#1,False,True,True,True,0.318,-4.949,UNKNOWN,0.998782,20,19A
NONCBL#ERR633100#1,False,True,True,True,0.382,-5.25,UNKNOWN,0.999877,20,19A
NONCBL#ERR1453757#13,False,True,True,True,0.188,-4.942,UNKNOWN,0.999692,20,12F
NONCBL#ERR13365052#11,False,True,True,True,0.27,-5.068,UNKNOWN,0.999847,20,12F
NONCBL#ERR505993#3,False,True,True,True,0.104,-5.042,UNKNOWN,0.999531,36,10A
NONCBL#SRR26910890#1,False,True,True,True,0.248,-5.179,UNKNOWN,0.999917,20,12F
NONCBL#ERR2090805#2,False,True,True,True,0.16,-4.972,UNKNOWN,0.999555,36,6B
NONCBL#SRR26714423#12,False,True,True,True,0.115,-4.881,UNKNOWN,0.998835,20,19A
NONCBL#SRR26930370#5,False,True,True,True,0.266,-5.035,UNKNOWN,0.99964,20,19A
NONCBL#ERR1065691#10,False,True,True,True,0.139,-4.957,UNKNOWN,0.999827,20,12F
NONCBL#SRR26817746#8,False,True,True,True,0.164,-4.85,UNKNOWN,0.999351,20,12F
NONCBL#ERR505467#1,False,True,True,True,0.117,-5.049,UNKNOWN,0.999087,20,18C
NONCBL#SRR26834168#1,False,True,False,True,0.993,-10.209,UNKNOWN,0.831089,18,8
NONCBL#ERR316928#5,False,True,True,True,0.216,-5.026,UNKNOWN,0.999886,20,12F
NONCBL#ERR1430810#1,False,True,True,True,0.188,-4.933,UNKNOWN,0.999311,20,19A
NONCBL#ERR2090975#18,False,True,True,True,0.212,-4.956,UNKNOWN,0.998598,20,25F
NONCBL#SRR26673432#7,False,True,True,True,0.169,-4.774,UNKNOWN,0.999002,20,12F
NONCBL#ERR1453666#4,False,True,True,True,0.314,-5.115,UNKNOWN,0.999811,20,19A
NONCBL#SRR26594532#1,False,True,True,True,0.129,-4.889,UNKNOWN,0.999388,35A_35C_42,25F
NONCBL#SRR26749845#2,False,True,True,True,0.288,-4.976,UNKNOWN,0.999259,20,19A
NONCBL#ERR2680977#1,False,True,True,True,0.276,-5.438,UNKNOWN,0.999976,20,12F
NONCBL#SRR26878557#2,False,True,True,True,0.769,-6.508,UNKNOWN,0.999995,20,12F
NONCBL#SRR26817823#5,False,True,True,True,0.102,-5.041,UNKNOWN,0.999694,20,25F
NONCBL#SRR26931743#2,False,True,True,True,0.105,-4.965,UNKNOWN,0.999641,20,37
NONCBL#ERR774315#35,False,True,True,True,0.137,-4.924,UNKNOWN,0.999414,35A_35C_42,25F
NONCBL#ERR742537#32,False,True,True,True,0.171,-4.948,UNKNOWN,0.999591,20,25F
NONCBL#ERR1422544#6,False,True,True,True,0.189,-5.122,UNKNOWN,0.999932,20,8
NONCBL#SRR26789381#1,False,True,True,True,0.101,-5.022,UNKNOWN,0.99951,20,33F
NONCBL#SRR26880337#17,False,True,True,True,0.826,-6.832,UNKNOWN,0.999985,35A_35C_42,15A
NONCBL#SRR26834213#32,False,True,True,True,0.306,-4.953,UNKNOWN,0.999253,20,19A
NONCBL#ERR1430927#12,False,True,True,True,0.572,-5.619,UNKNOWN,0.999945,20,12F
NONCBL#ERR1658184#8,False,True,True,True,0.264,-5.245,UNKNOWN,0.99996,20,19A
NONCBL#ERR1540736#1,False,True,True,True,0.268,-5.176,UNKNOWN,0.999833,20,12F
NONCBL#SRR26879635#14,False,True,True,True,0.165,-4.888,UNKNOWN,0.998825,20,19A
NONCBL#ERR14653922#19,False,True,True,True,0.175,-4.951,UNKNOWN,0.999583,35A_35C_42,10A
NONCBL#SRR26883826#4,False,True,True,True,0.227,-4.991,UNKNOWN,0.999529,20,19A
NONCBL#SRR26834047#2,False,True,True,True,0.337,-5.165,UNKNOWN,0.999834,20,12F
NONCBL#ERR646614#5,False,True,True,True,0.1,-5.064,UNKNOWN,0.999757,20,48
NONCBL#SRR26931230#1,False,True,True,True,0.275,-4.946,UNKNOWN,0.999652,20,19A
NONCBL#ERR433873#6,False,True,True,True,0.315,-5.283,UNKNOWN,0.999973,35A_35C_42,14
NONCBL#ERR925165#17,False,True,True,True,0.106,-4.981,UNKNOWN,0.999555,20,12F
NONCBL#SRR26818086#3,False,True,True,True,0.18,-5.462,UNKNOWN,0.999953,20,11B
NONCBL#ERR1065979#1,False,True,True,True,0.124,-4.92,UNKNOWN,0.999646,20,25F
NONCBL#SRR26910294#1,False,True,True,True,0.227,-4.977,UNKNOWN,0.999636,20,19A
NONCBL#SRR26789340#3,False,True,True,True,0.146,-5.201,UNKNOWN,0.999937,20,4
NONCBL#ERR13365250#8,False,True,True,True,0.685,-5.897,UNKNOWN,0.999951,20,9V
NONCBL#ERR2681223#2,False,True,True,True,0.119,-5.095,UNKNOWN,0.999715,20,10F
NONCBL#SRR26833857#1,False,True,True,True,0.115,-5.036,UNKNOWN,0.999634,20,25F
NONCBL#ERR3303207#2,False,True,True,True,0.155,-4.779,UNKNOWN,0.999254,20,12F
NONCBL#ERR714153#2,False,True,True,True,0.411,-5.432,UNKNOWN,0.999919,20,12F
NONCBL#SRR26834158#5,False,True,True,True,0.136,-5.159,UNKNOWN,0.99982,20,25F
NONCBL#ERR979958#1,False,True,True,True,0.159,-4.952,UNKNOWN,0.999402,20,25F
NONCBL#ERR980264#22,False,True,True,True,0.284,-5.163,UNKNOWN,0.999932,20,15B
NONCBL#ERR501475#11,False,True,True,True,0.159,-5.083,UNKNOWN,0.999928,20,12F
NONCBL#ERR13365877#17,False,True,True,True,0.196,-5.165,UNKNOWN,0.99992,20,19A
NONCBL#ERR884471#19,False,True,True,True,0.309,-5.465,UNKNOWN,0.999996,35A_35C_42,6B
NONCBL#SRR26931346#1,False,True,True,True,0.338,-5.658,UNKNOWN,0.999982,20,12F
NONCBL#ERR433641#2,False,True,True,True,0.079,-4.753,UNKNOWN,0.997919,20,6B
NONCBL#ERR1430808#7,False,True,True,True,0.23,-4.923,UNKNOWN,0.999345,20,19A
NONCBL#SRR26880307#1,False,True,True,True,0.235,-5.389,UNKNOWN,0.999981,20,19A
NONCBL#ERR862512#4,False,True,True,True,0.112,-4.8,UNKNOWN,0.998189,20,12F
NONCBL#ERR714404#6,False,True,True,True,0.212,-4.943,UNKNOWN,0.999179,35A_35C_42,10A
NONCBL#SRR26789879#5,False,True,True,True,0.345,-5.023,UNKNOWN,0.999411,20,19A
NONCBL#ERR3899387#2,False,True,True,True,0.12,-4.795,UNKNOWN,0.998516,20,12F
NONCBL#SRR26817908#6,False,True,True,True,0.096,-4.86,UNKNOWN,0.998989,20,25F
NONCBL#ERR750945#12,False,True,True,True,0.175,-4.929,UNKNOWN,0.999625,35A_35C_42,10A
NONCBL#SRR26714182#8,False,True,True,True,0.102,-4.937,UNKNOWN,0.99843,20,25F
NONCBL#ERR1214558#2,False,True,True,True,0.175,-5.037,UNKNOWN,0.999642,20,12F
NONCBL#SRR26789888#1,False,True,True,True,0.198,-5.069,UNKNOWN,0.999904,20,19A
NONCBL#SRR26877817#2,False,True,True,True,0.296,-4.934,UNKNOWN,0.999283,20,19A
NONCBL#ERR3796755#3,False,True,True,True,0.342,-5.137,UNKNOWN,0.99981,35A_35C_42,10A
NONCBL#ERR2089380#2,False,True,True,True,0.345,-5.349,UNKNOWN,0.99996,20,19A
NONCBL#ERR433555#19,False,True,True,True,0.176,-5.011,UNKNOWN,0.999588,35A_35C_42,19A
NONCBL#SRR26930449#8,False,True,True,True,0.165,-5.019,UNKNOWN,0.999893,20,12F
NONCBL#SRR26910542#1,False,True,True,True,0.456,-5.526,UNKNOWN,0.999939,20,8
NONCBL#ERR1191841#4,False,True,True,True,0.169,-4.871,UNKNOWN,0.998325,20,25F
NONCBL#SRR26714278#23,False,True,True,True,0.262,-5.036,UNKNOWN,0.999647,20,19A
NONCBL#SRR26931301#15,False,True,True,True,0.118,-4.887,UNKNOWN,0.998943,20,19A
NONCBL#SRR26884109#7,False,True,True,True,0.249,-5.011,UNKNOWN,0.999635,20,19A
NONCBL#ERR980355#7,False,True,True,True,0.755,-6.242,UNKNOWN,0.999979,20,12F
NONCBL#ERR909104#2,False,True,True,True,0.241,-4.972,UNKNOWN,0.999713,20,12F
NONCBL#SRR26818309#1,False,True,True,True,0.131,-5.074,UNKNOWN,0.999871,20,6B
NONCBL#ERR13365626#7,False,True,True,True,0.159,-5.147,UNKNOWN,0.999607,20,18C
NONCBL#ERR13364589#8,False,True,True,True,0.163,-4.813,UNKNOWN,0.999201,20,12F
NONCBL#SRR26910346#16,False,True,True,True,0.33,-5.117,UNKNOWN,0.999719,20,19A
NONCBL#SRR26714133#7,False,True,True,True,0.388,-5.155,UNKNOWN,0.999655,20,12F
NONCBL#SRR26833892#1,False,True,True,True,0.433,-5.262,UNKNOWN,0.999791,20,12F
NONCBL#SRR26834485#3,False,True,True,True,0.354,-5.266,UNKNOWN,0.999927,20,12F
NONCBL#SRR26749203#1,False,True,True,True,0.08,-4.853,UNKNOWN,0.998829,20,23F
NONCBL#SRR26877951#2,False,True,True,True,0.627,-5.904,UNKNOWN,0.999991,20,12F
NONCBL#SRR26797787#4,False,True,True,True,0.156,-4.877,UNKNOWN,0.99966,20,12F
NONCBL#SRR26878074#3,False,True,True,True,0.149,-5.029,UNKNOWN,0.999898,20,10A
NONCBL#SRR26930818#28,False,True,True,True,0.414,-5.134,UNKNOWN,0.999513,20,19A
NONCBL#ERR13366017#2,False,True,True,True,0.089,-4.814,UNKNOWN,0.997993,20,25F
NONCBL#ERR1065694#2,False,True,True,True,0.096,-4.766,UNKNOWN,0.998419,20,12F
NONCBL#ERR3796889#2,False,True,True,True,0.485,-5.731,UNKNOWN,0.999992,20,14
NONCBL#SRR26790006#11,False,True,True,True,0.314,-4.958,UNKNOWN,0.99924,20,19A
NONCBL#ERR2089810#28,False,True,True,True,0.222,-4.921,UNKNOWN,0.999687,20,6B
NONCBL#ERR2681206#1,False,True,True,True,0.113,-4.918,UNKNOWN,0.999682,20,6B
NONCBL#SRR26878290#14,False,True,True,True,0.19,-5.191,UNKNOWN,0.999979,35A_35C_42,12F
NONCBL#ERR2612038#24,False,True,True,True,0.236,-5.087,UNKNOWN,0.999954,20,12F
NONCBL#ERR997589#1,False,True,True,True,0.467,-5.499,UNKNOWN,0.99997,20,12F
NONCBL#SRR26673608#1,False,True,True,True,0.236,-4.966,UNKNOWN,0.999378,20,19A
NONCBL#ERR331151#38,False,True,True,True,0.309,-4.973,UNKNOWN,0.999371,20,19A
NONCBL#ERR1453461#32,False,True,True,True,0.402,-5.451,UNKNOWN,0.999987,20,12F
NONCBL#ERR845751#8,False,True,True,True,0.168,-4.903,UNKNOWN,0.999429,35A_35C_42,10A
NONCBL#SRR26911175#12,False,True,True,True,0.387,-5.277,UNKNOWN,0.999915,20,19A
NONCBL#ERR13374960#12,False,True,True,True,0.175,-5.212,UNKNOWN,0.999977,36,14
NONCBL#ERR2853598#2,False,True,True,True,0.315,-5.12,UNKNOWN,0.999773,20,19A
NONCBL#ERR3227809#25,False,True,True,True,0.318,-5.238,UNKNOWN,0.999979,20,12F
NONCBL#ERR568737#6,False,True,True,True,0.29,-5.122,UNKNOWN,0.999843,20,19A
NONCBL#ERR340824#1,False,True,True,True,0.313,-4.981,UNKNOWN,0.999295,20,19A
NONCBL#ERR3270712#1,False,True,True,True,0.161,-4.993,UNKNOWN,0.999558,20,25F
NONCBL#ERR1453714#33,False,True,True,True,0.65,-5.976,UNKNOWN,0.999982,20,12F
NONCBL#SRR26879470#29,False,True,True,True,0.262,-5.046,UNKNOWN,0.999679,20,19A
NONCBL#ERR925078#18,False,True,True,True,0.136,-4.958,UNKNOWN,0.999578,36,6B
NONCBL#ERR913075#1,False,True,True,True,0.416,-5.369,UNKNOWN,0.999909,20,12F
NONCBL#ERR730306#1,False,True,True,True,0.365,-5.323,UNKNOWN,0.999969,20,12F
NONCBL#ERR7567823#1,False,True,True,True,0.39,-5.07,UNKNOWN,0.999425,20,19A
NONCBL#ERR751096#1,False,True,True,True,0.121,-4.921,UNKNOWN,0.999201,20,25F
NONCBL#ERR900738#43,False,True,True,True,0.131,-5.066,UNKNOWN,0.999624,20,25F
NONCBL#SRR26797987#1,False,True,True,True,0.166,-5.014,UNKNOWN,0.999816,20,19A
NONCBL#SRR26749225#3,False,True,True,True,0.233,-4.989,UNKNOWN,0.999648,35A_35C_42,12F
NONCBL#ERR2091092#1,False,True,True,True,0.146,-4.836,UNKNOWN,0.999009,20,6A
NONCBL#ERR742347#15,False,True,True,True,0.137,-4.903,UNKNOWN,0.999594,20,14
NONCBL#SRR26714880#30,False,True,True,True,0.088,-4.823,UNKNOWN,0.998997,20,25F
NONCBL#ERR1065135#1,False,True,True,True,0.212,-5.063,UNKNOWN,0.99988,20,6A
NONCBL#SRR26931286#2,False,True,True,True,0.423,-5.651,UNKNOWN,0.999986,20,12F
NONCBL#ERR876684#1,False,True,True,True,0.104,-4.765,UNKNOWN,0.998353,20,12F
NONCBL#SRR26750076#10,False,True,True,True,0.277,-5.052,UNKNOWN,0.999585,20,19A
NONCBL#ERR2668111#4,False,True,True,True,0.173,-5.013,UNKNOWN,0.999736,20,12F
NONCBL#ERR1288988#1,False,True,True,True,0.137,-4.924,UNKNOWN,0.999414,35A_35C_42,25F
NONCBL#ERR997483#25,False,True,True,True,0.185,-5.074,UNKNOWN,0.99993,20,12F
NONCBL#SRR26714695#1,False,True,True,True,0.16,-4.896,UNKNOWN,0.999419,20,12F
NONCBL#SRR26877832#5,False,True,True,True,0.206,-5.034,UNKNOWN,0.999743,20,19A
NONCBL#ERR3899215#8,False,True,True,True,0.37,-5.201,UNKNOWN,0.999792,20,19A
NONCBL#ERR773841#3,False,True,True,True,0.207,-5.023,UNKNOWN,0.99947,20,19A
NONCBL#SRR26931146#11,False,True,True,True,0.327,-4.953,UNKNOWN,0.999287,20,19A
NONCBL#ERR997612#16,False,True,True,True,0.099,-5.02,UNKNOWN,0.999691,36,10A
NONCBL#ERR908864#13,False,True,True,True,0.205,-4.944,UNKNOWN,0.999609,35A_35C_42,10A
NONCBL#SRR26749280#22,False,True,True,True,0.384,-5.101,UNKNOWN,0.999519,20,19A
NONCBL#SRR26797857#2,False,True,True,True,0.417,-5.341,UNKNOWN,0.999924,20,12F
NONCBL#ERR2090073#5,False,True,True,True,0.317,-5.449,UNKNOWN,0.999991,20,12F
NONCBL#ERR773866#14,False,True,True,True,0.164,-4.949,UNKNOWN,0.999717,20,10A
NONCBL#ERR997665#21,False,True,True,True,0.446,-5.709,UNKNOWN,0.999994,35A_35C_42,19B
NONCBL#ERR1540795#17,False,True,True,True,0.314,-4.96,UNKNOWN,0.999194,20,19A
NONCBL#ERR884516#2,False,True,True,True,0.163,-4.769,UNKNOWN,0.9989,20,12F
NONCBL#ERR1430877#1,False,True,True,True,0.18,-4.901,UNKNOWN,0.999602,20,12F
NONCBL#SRR26672777#3,False,True,True,True,0.303,-4.984,UNKNOWN,0.999231,20,19A
NONCBL#ERR730894#2,False,True,True,True,0.131,-4.79,UNKNOWN,0.998939,20,12F
NONCBL#SRR26931632#1,False,True,True,True,0.203,-5.137,UNKNOWN,0.99993,20,19A
NONCBL#ERR884546#1,False,True,True,True,0.161,-5.075,UNKNOWN,0.999919,20,6B
NONCBL#ERR3332155#1,False,True,True,True,0.336,-5.309,UNKNOWN,0.999954,20,19A
NONCBL#SRR26931578#23,False,True,True,True,0.371,-5.051,UNKNOWN,0.999359,20,19A
NONCBL#SRR26880424#5,False,True,True,True,0.156,-4.877,UNKNOWN,0.99966,20,12F
NONCBL#ERR925272#1,False,True,True,True,0.239,-4.993,UNKNOWN,0.999513,20,19A
NONCBL#SRR26834102#2,False,True,True,True,0.116,-4.92,UNKNOWN,0.999582,20,10A
NONCBL#SRR26797950#14,False,True,True,True,0.211,-4.984,UNKNOWN,0.999569,20,19A
NONCBL#ERR13365939#4,False,True,True,True,0.238,-5.234,UNKNOWN,0.999957,20,19A
NONCBL#ERR1594532#21,False,True,True,True,0.197,-5.295,UNKNOWN,0.999991,35A_35C_42,12F
NONCBL#SRR26749654#13,False,True,True,True,0.208,-5.011,UNKNOWN,0.999013,20,12F
NONCBL#ERR586372#21,False,True,True,True,0.564,-6.158,UNKNOWN,0.999999,36,8
NONCBL#SRR26884666#2,False,True,True,True,0.265,-5.036,UNKNOWN,0.999642,20,19A
NONCBL#ERR913207#1,False,True,True,True,0.18,-5.228,UNKNOWN,0.99994,20,19A
NONCBL#ERR2680950#11,False,True,True,True,0.291,-5.04,UNKNOWN,0.999761,20,19A
NONCBL#ERR984246#15,False,True,True,True,0.252,-5.177,UNKNOWN,0.999928,20,19A
NONCBL#ERR2681087#2,False,True,True,True,0.096,-4.791,UNKNOWN,0.998833,20,6B
NONCBL#ERR736906#1,False,True,True,True,0.132,-5.016,UNKNOWN,0.999671,20,14
NONCBL#ERR714422#3,False,True,True,True,0.29,-5.117,UNKNOWN,0.999855,20,19A
NONCBL#ERR13365004#9,False,True,True,True,0.112,-5.016,UNKNOWN,0.999548,20,25F
NONCBL#SRR26884061#20,False,True,True,True,0.201,-4.885,UNKNOWN,0.998926,20,10A
NONCBL#ERR925351#2,False,True,True,True,0.345,-5.557,UNKNOWN,0.999989,20,12F
NONCBL#ERR1065435#35,False,True,True,True,0.096,-5.039,UNKNOWN,0.999568,20,25F
NONCBL#ERR505504#54,False,True,True,True,0.169,-4.961,UNKNOWN,0.999626,20,25F
NONCBL#ERR774096#1,False,True,True,True,0.095,-4.8,UNKNOWN,0.998672,20,6B
NONCBL#ERR1453432#4,False,True,True,True,0.352,-5.193,UNKNOWN,0.999869,20,19A
NONCBL#ERR742367#24,False,True,True,True,0.182,-4.98,UNKNOWN,0.999752,20,12F
NONCBL#ERR1799730#4,False,True,True,True,0.309,-5.112,UNKNOWN,0.999679,20,19A
NONCBL#ERR730239#4,False,True,True,True,0.131,-4.831,UNKNOWN,0.999201,20,6A
NONCBL#SRR26673656#1,False,True,True,True,0.516,-5.491,UNKNOWN,0.999925,20,12F
NONCBL#SRR26834469#2,False,True,True,True,0.338,-4.983,UNKNOWN,0.999223,20,19A
NONCBL#SRR26880179#4,False,True,True,True,0.149,-4.912,UNKNOWN,0.99959,20,25F
NONCBL#SRR26749836#5,False,True,True,True,0.391,-5.363,UNKNOWN,0.999964,20,19A
NONCBL#SRR26714771#5,False,True,True,True,0.154,-4.907,UNKNOWN,0.99941,20,12F
NONCBL#ERR1788435#24,False,True,True,True,0.403,-5.297,UNKNOWN,0.999924,20,12F
NONCBL#SRR26930804#21,False,True,True,True,0.231,-5.228,UNKNOWN,0.999956,20,19A
NONCBL#ERR1066191#4,False,True,True,True,0.195,-4.855,UNKNOWN,0.999605,20,12F
NONCBL#ERR3796714#3,False,True,True,True,0.154,-4.767,UNKNOWN,0.998651,20,12F
NONCBL#ERR730793#4,False,True,True,True,0.16,-4.961,UNKNOWN,0.999734,20,10A
NONCBL#ERR1066056#1,False,True,True,True,0.168,-4.992,UNKNOWN,0.999683,20,12F
NONCBL#SRR26878529#5,False,True,True,True,0.319,-5.642,UNKNOWN,0.999976,20,38
NONCBL#SRR26878321#6,False,True,True,True,0.162,-4.935,UNKNOWN,0.999662,20,12F
NONCBL#ERR433803#1,False,True,True,True,0.409,-5.139,UNKNOWN,0.99954,20,19A
NONCBL#ERR736922#13,False,True,True,True,0.207,-5.169,UNKNOWN,0.999929,20,19B
NONCBL#SRR26749513#2,False,True,True,True,0.173,-4.952,UNKNOWN,0.99932,20,19A
NONCBL#ERR570426#5,False,True,True,True,0.185,-4.925,UNKNOWN,0.99958,35A_35C_42,6B
NONCBL#SRR26818080#13,False,True,True,True,0.213,-4.989,UNKNOWN,0.998876,20,12F
NONCBL#SRR26714494#1,False,True,True,True,0.109,-5.053,UNKNOWN,0.999521,20,10A
NONCBL#ERR2090107#1,False,True,True,True,0.515,-5.329,UNKNOWN,0.999848,20,19A
NONCBL#ERR505910#25,False,True,True,True,0.094,-4.829,UNKNOWN,0.998562,20,9N
NONCBL#ERR1422569#4,False,True,True,True,0.146,-4.939,UNKNOWN,0.99964,35A_35C_42,6B
NONCBL#ERR913312#1,False,True,True,True,0.14,-5.036,UNKNOWN,0.999673,20,25F
NONCBL#SRR26818466#2,False,True,True,True,0.356,-5.62,UNKNOWN,0.999937,20,8
NONCBL#ERR774709#10,False,True,True,True,0.073,-4.781,UNKNOWN,0.99453,20,9V
NONCBL#ERR980194#18,False,True,True,True,0.218,-4.925,UNKNOWN,0.999442,20,12F
NONCBL#SRR26931037#1,False,True,True,True,0.428,-5.349,UNKNOWN,0.999959,20,12F
NONCBL#ERR1788382#7,False,True,True,True,0.086,-5.005,UNKNOWN,0.999503,20,6B
NONCBL#ERR2612090#24,False,True,True,True,0.193,-5.135,UNKNOWN,0.999963,20,6B
NONCBL#ERR600600#8,False,True,True,True,0.195,-5.188,UNKNOWN,0.999946,20,19A
NONCBL#ERR13364495#27,False,True,True,True,0.313,-5.113,UNKNOWN,0.999765,20,19A
NONCBL#ERR1065967#3,False,True,True,True,0.388,-5.381,UNKNOWN,0.999949,20,15B
NONCBL#ERR2089412#14,False,True,True,True,0.277,-5.264,UNKNOWN,0.999985,20,19A
NONCBL#ERR1065777#3,False,True,True,True,0.526,-5.594,UNKNOWN,0.999977,20,12F
NONCBL#ERR845764#22,False,True,True,True,0.239,-4.892,UNKNOWN,0.999563,20,12F
NONCBL#ERR997578#8,False,True,True,True,0.207,-5.316,UNKNOWN,0.999991,35A_35C_42,12F
NONCBL#ERR13366212#11,False,True,True,True,0.088,-4.763,UNKNOWN,0.997617,20,25F
NONCBL#ERR316919#17,False,True,True,True,0.145,-4.8,UNKNOWN,0.998032,20,12F
NONCBL#SRR26878611#7,False,True,True,True,0.135,-5.074,UNKNOWN,0.999652,20,25F
NONCBL#SRR26817811#24,False,True,True,True,0.094,-5.065,UNKNOWN,0.999578,20,25F
NONCBL#ERR750856#53,False,True,True,True,0.174,-4.886,UNKNOWN,0.998007,20,25F
NONCBL#ERR13366107#7,False,True,True,True,0.221,-4.854,UNKNOWN,0.999263,20,12F
NONCBL#ERR3796782#4,False,True,True,True,0.128,-5.062,UNKNOWN,0.999654,20,25F
NONCBL#SRR26750126#5,False,True,True,True,0.283,-5.136,UNKNOWN,0.999951,20,12F
NONCBL#ERR884616#27,False,True,True,True,0.306,-4.956,UNKNOWN,0.999507,20,19A
NONCBL#ERR586423#23,False,True,True,True,0.206,-5.26,UNKNOWN,0.999987,20,6B
NONCBL#ERR1066009#12,False,True,True,True,0.355,-5.077,UNKNOWN,0.999517,20,19A
NONCBL#ERR2089845#1,False,True,True,True,0.214,-4.949,UNKNOWN,0.999791,20,12F
NONCBL#ERR9796538#11,False,True,True,True,0.217,-4.968,UNKNOWN,0.999761,20,14
NONCBL#ERR568693#2,False,True,True,True,0.385,-5.274,UNKNOWN,0.999919,20,12F
NONCBL#ERR2667631#12,False,True,True,True,0.112,-4.843,UNKNOWN,0.999436,20,10A
NONCBL#ERR13364381#5,False,True,True,True,0.135,-4.806,UNKNOWN,0.99933,20,6A
NONCBL#ERR997475#6,False,True,True,True,0.169,-4.985,UNKNOWN,0.99962,20,6B
NONCBL#SRR26878217#25,False,True,True,True,0.472,-5.285,UNKNOWN,0.999847,20,10A
NONCBL#SRR26714914#2,False,True,True,True,0.367,-5.661,UNKNOWN,0.999941,20,8
NONCBL#ERR2090957#1,False,True,True,True,0.221,-5.036,UNKNOWN,0.999809,20,19A
NONCBL#ERR2089212#1,False,True,True,True,0.19,-5.024,UNKNOWN,0.999884,20,15B
NONCBL#SRR26884245#1,False,True,True,True,0.447,-5.478,UNKNOWN,0.999925,20,8
NONCBL#ERR730216#7,False,True,True,True,0.762,-6.421,UNKNOWN,0.999993,20,12F
NONCBL#ERR1202394#5,False,True,True,True,0.133,-4.972,UNKNOWN,0.999664,20,14
NONCBL#ERR3270730#13,False,True,True,True,0.12,-4.971,UNKNOWN,0.999509,20,25F
NONCBL#ERR742758#25,False,True,True,True,0.256,-5.255,UNKNOWN,0.999975,35A_35C_42,12F
NONCBL#ERR925102#22,False,True,True,True,0.129,-4.917,UNKNOWN,0.99943,20,25F
NONCBL#SRR26817879#13,False,True,True,True,0.208,-4.976,UNKNOWN,0.99873,20,12F
NONCBL#ERR8481902#1,False,True,True,True,0.267,-5.834,UNKNOWN,0.999999,20,12F
NONCBL#ERR1065728#1,False,True,True,True,0.111,-4.766,UNKNOWN,0.998377,20,12F
NONCBL#ERR774600#1,False,True,True,True,0.226,-5.263,UNKNOWN,0.999961,20,19A
NONCBL#ERR908998#10,False,True,True,True,0.196,-5.132,UNKNOWN,0.999872,20,14
NONCBL#ERR2089684#1,False,True,True,True,0.734,-6.72,UNKNOWN,0.999999,20,12F
NONCBL#SRR26879629#4,False,True,True,True,0.337,-5.146,UNKNOWN,0.999782,20,19A
NONCBL#ERR3796885#3,False,True,True,True,0.284,-5.086,UNKNOWN,0.999648,20,19A
NONCBL#ERR1065944#4,False,True,True,True,0.226,-4.991,UNKNOWN,0.999567,20,12F
NONCBL#ERR750974#1,False,True,True,True,0.177,-4.902,UNKNOWN,0.999819,20,12F
NONCBL#ERR331424#1,False,True,True,True,0.177,-4.954,UNKNOWN,0.999761,20,12F
NONCBL#ERR505748#1,False,True,True,True,0.206,-4.914,UNKNOWN,0.999667,35A_35C_42,6B
NONCBL#ERR884496#7,False,True,True,True,0.199,-5.135,UNKNOWN,0.99996,35A_35C_42,12F
NONCBL#SRR26714857#2,False,True,True,True,0.435,-5.448,UNKNOWN,0.99996,20,12F
NONCBL#SRR26789831#37,False,True,True,True,0.137,-4.924,UNKNOWN,0.999414,35A_35C_42,25F
NONCBL#ERR3899254#2,False,True,True,True,0.15,-5.053,UNKNOWN,0.999901,35A_35C_42,6B
NONCBL#ERR2681405#2,False,True,True,True,0.285,-5.546,UNKNOWN,0.999976,20,25F
NONCBL#ERR326484#31,False,True,True,True,0.313,-5.11,UNKNOWN,0.999747,20,19A
NONCBL#SRR26797544#2,False,True,True,True,0.316,-5.121,UNKNOWN,0.999905,20,19A
NONCBL#SRR26910791#5,False,True,True,True,0.14,-4.932,UNKNOWN,0.9997,20,6B
NONCBL#ERR13364793#18,False,True,True,True,0.169,-5.052,UNKNOWN,0.999901,20,19A
NONCBL#SRR26789845#20,False,True,True,True,0.258,-5.047,UNKNOWN,0.999576,20,19A
NONCBL#ERR956309#1,False,True,True,True,0.194,-5.367,UNKNOWN,0.999989,20,7F
NONCBL#ERR2089809#2,False,True,True,True,0.508,-5.396,UNKNOWN,0.999893,20,19A
NONCBL#SRR26797381#43,False,True,True,True,0.434,-5.475,UNKNOWN,0.999991,20,12F
NONCBL#ERR714713#1,False,True,True,True,0.449,-5.349,UNKNOWN,0.999958,20,19A
NONCBL#ERR570381#18,False,True,True,True,0.323,-5.161,UNKNOWN,0.999853,20,19A
NONCBL#ERR2089609#1,False,True,True,True,0.135,-4.891,UNKNOWN,0.999631,20,21
NONCBL#ERR568578#1,False,True,True,True,0.204,-4.873,UNKNOWN,0.999375,35A_35C_42,6B
NONCBL#ERR13374614#6,False,True,True,True,0.161,-5.238,UNKNOWN,0.999826,20,18C
NONCBL#ERR714195#4,False,True,True,True,0.338,-5.107,UNKNOWN,0.99959,20,19A
NONCBL#ERR1288855#10,False,True,True,True,0.103,-5.115,UNKNOWN,0.999853,20,25F
NONCBL#SRR26673354#1,False,True,True,True,0.383,-5.281,UNKNOWN,0.999898,20,38
NONCBL#ERR3796677#4,False,True,True,True,0.236,-4.966,UNKNOWN,0.999378,20,19A
NONCBL#ERR750977#1,False,True,True,True,0.143,-4.933,UNKNOWN,0.999509,20,12F
NONCBL#SRR26931504#6,False,True,True,True,0.177,-4.874,UNKNOWN,0.999305,20,12F
NONCBL#SRR26911125#2,False,True,True,True,0.32,-5.251,UNKNOWN,0.999973,20,9V
NONCBL#ERR913420#21,False,True,True,True,0.31,-5.283,UNKNOWN,0.999977,35A_35C_42,12F
NONCBL#ERR980279#17,False,True,True,True,0.201,-5.023,UNKNOWN,0.999751,20,12F
NONCBL#ERR1065730#3,False,True,True,True,0.29,-5.152,UNKNOWN,0.9999,20,19A
NONCBL#SRR26833915#6,False,True,True,True,0.148,-4.829,UNKNOWN,0.999352,20,12F
NONCBL#ERR730664#15,False,True,True,True,0.29,-4.945,UNKNOWN,0.999288,20,19A
NONCBL#SRR26789750#11,False,True,True,True,0.148,-5.078,UNKNOWN,0.999918,20,12F
NONCBL#SRR26673413#8,False,True,True,True,0.249,-5.011,UNKNOWN,0.999635,20,19A
NONCBL#ERR1191914#1,False,True,True,True,0.24,-4.929,UNKNOWN,0.999598,20,12F
NONCBL#SRR26910909#4,False,True,True,True,0.284,-4.945,UNKNOWN,0.999368,20,19A
NONCBL#ERR925340#3,False,True,True,True,0.195,-5.167,UNKNOWN,0.999959,20,12F
NONCBL#ERR742832#1,False,True,True,True,0.177,-4.858,UNKNOWN,0.999061,20,19A
NONCBL#ERR4289046#2,False,True,True,True,0.321,-5.132,UNKNOWN,0.999918,20,19A
NONCBL#SRR26931010#1,False,True,True,True,0.32,-5.128,UNKNOWN,0.999812,20,12F
NONCBL#SRR26790156#18,False,True,True,True,0.18,-5.204,UNKNOWN,0.999972,20,15B
NONCBL#ERR501611#16,False,True,True,True,0.121,-5.107,UNKNOWN,0.999937,36,14
NONCBL#ERR1788096#18,False,True,True,True,0.349,-5.316,UNKNOWN,0.999953,20,15B
NONCBL#SRR26930668#1,False,True,True,True,0.307,-5.026,UNKNOWN,0.999587,20,19A
NONCBL#SRR26911155#2,False,True,True,True,0.131,-5.032,UNKNOWN,0.99986,20,10A
NONCBL#SRR26834260#2,False,True,True,True,0.213,-5.184,UNKNOWN,0.999941,20,15B
NONCBL#ERR3270803#21,False,True,True,True,0.246,-5.229,UNKNOWN,0.999958,20,6B
NONCBL#ERR326438#30,False,True,True,True,0.286,-4.984,UNKNOWN,0.999635,20,19A
NONCBL#ERR2089768#1,False,True,True,True,0.095,-4.837,UNKNOWN,0.998811,20,25F
NONCBL#ERR13364778#3,False,True,True,True,0.488,-5.294,UNKNOWN,0.999762,20,12F
NONCBL#ERR2090772#1,False,True,True,True,0.117,-5.133,UNKNOWN,0.999877,20,25F
NONCBL#SRR26673263#3,False,True,True,True,0.452,-5.672,UNKNOWN,0.999994,20,12F
NONCBL#ERR730889#14,False,True,True,True,0.322,-5.186,UNKNOWN,0.999896,20,19A
NONCBL#SRR26594393#16,False,True,True,True,0.135,-4.851,UNKNOWN,0.999309,20,6A
NONCBL#ERR2090639#26,False,True,True,True,0.296,-5.22,UNKNOWN,0.999946,35A_35C_42,12F
NONCBL#ERR439001#1,False,True,True,True,0.106,-5.052,UNKNOWN,0.99959,20,25F
NONCBL#ERR516656#9,False,True,True,True,0.173,-4.932,UNKNOWN,0.999434,20,12F
NONCBL#ERR2667348#1,False,True,True,True,0.128,-5.178,UNKNOWN,0.999922,20,9L
NONCBL#ERR2089197#2,False,True,True,True,0.143,-4.832,UNKNOWN,0.999416,20,12F
NONCBL#SRR26884567#3,False,True,True,True,0.288,-4.976,UNKNOWN,0.999259,20,19A
NONCBL#SRR26818387#6,False,True,True,True,0.263,-5.065,UNKNOWN,0.99989,20,19A
NONCBL#SRR26931359#10,False,True,True,True,0.093,-4.908,UNKNOWN,0.998922,20,25F
NONCBL#SRR26879919#24,False,True,True,True,0.284,-4.929,UNKNOWN,0.999442,20,19A
NONCBL#ERR568685#5,False,True,True,True,0.105,-4.809,UNKNOWN,0.998636,20,6B
NONCBL#ERR2091026#26,False,True,True,True,0.311,-5.265,UNKNOWN,0.999975,35A_35C_42,12F
NONCBL#ERR751042#4,False,True,True,True,0.374,-5.15,UNKNOWN,0.999882,20,6B
NONCBL#ERR13365069#31,False,True,True,True,0.296,-5.125,UNKNOWN,0.999833,20,19A
NONCBL#SRR26878443#1,False,True,True,True,0.406,-5.126,UNKNOWN,0.999538,20,19A
NONCBL#ERR1191976#2,False,True,True,True,0.173,-5.172,UNKNOWN,0.999961,20,9V
NONCBL#ERR2853672#2,False,True,True,True,0.244,-5.187,UNKNOWN,0.999805,20,38
NONCBL#SRR26880305#15,False,True,True,True,0.207,-4.977,UNKNOWN,0.999561,20,19A
NONCBL#ERR742587#6,False,True,True,True,0.285,-5.135,UNKNOWN,0.999869,20,19A
NONCBL#ERR1799728#21,False,True,True,True,0.309,-4.983,UNKNOWN,0.999354,20,19A
NONCBL#ERR1756460#3,False,True,True,True,0.409,-5.139,UNKNOWN,0.999561,20,19A
NONCBL#SRR26880073#5,False,True,True,True,0.344,-5.32,UNKNOWN,0.999969,20,12F
NONCBL#ERR869903#36,False,True,True,True,0.137,-4.924,UNKNOWN,0.999414,35A_35C_42,25F
NONCBL#ERR2667739#1,False,True,True,True,0.173,-4.916,UNKNOWN,0.999739,20,12F
NONCBL#ERR8481660#2,False,True,True,True,0.358,-5.216,UNKNOWN,0.999891,20,19A
NONCBL#ERR1788206#1,False,True,True,True,0.325,-5.264,UNKNOWN,0.999934,20,19A
NONCBL#SRR26931683#2,False,True,True,True,0.291,-5.003,UNKNOWN,0.99925,20,19A
NONCBL#ERR1788528#3,False,True,True,True,0.296,-5.12,UNKNOWN,0.999829,20,19A
NONCBL#ERR869981#1,False,True,True,True,0.088,-5.024,UNKNOWN,0.999858,20,12F
NONCBL#ERR13366128#1,False,True,True,True,0.217,-5.47,UNKNOWN,0.999997,35A_35C_42,12F
NONCBL#SRR26931435#15,False,True,True,True,0.118,-4.887,UNKNOWN,0.998943,20,19A
NONCBL#ERR1422378#4,False,True,True,True,0.403,-5.101,UNKNOWN,0.999458,20,19A
NONCBL#ERR1202307#1,False,True,True,True,0.233,-5.093,UNKNOWN,0.99979,20,14
NONCBL#ERR862523#4,False,True,True,True,0.274,-5.149,UNKNOWN,0.999884,20,19A
NONCBL#ERR596388#3,False,True,True,True,0.391,-5.234,UNKNOWN,0.999919,20,12F
NONCBL#ERR2089932#1,False,True,True,True,0.213,-4.819,UNKNOWN,0.999067,20,19A
NONCBL#SRR26594974#1,False,True,True,True,0.094,-5.096,UNKNOWN,0.999828,20,25F
NONCBL#ERR2089589#9,False,True,True,True,0.286,-5.144,UNKNOWN,0.999914,20,19A
NONCBL#ERR2667229#2,False,True,True,True,0.167,-4.923,UNKNOWN,0.999625,20,12F
NONCBL#SRR26834416#1,False,True,True,True,0.115,-5.036,UNKNOWN,0.999634,20,25F
NONCBL#SRR26789634#9,False,True,True,True,0.178,-4.88,UNKNOWN,0.999495,20,12F
NONCBL#SRR26931463#4,False,True,True,True,0.265,-5.036,UNKNOWN,0.999642,20,19A
NONCBL#SRR26910260#46,False,True,True,True,0.117,-5.113,UNKNOWN,0.999638,20,25F
NONCBL#ERR2090414#22,False,True,True,True,0.133,-4.971,UNKNOWN,0.999903,20,12F
NONCBL#ERR600175#1,False,True,True,True,0.547,-6.071,UNKNOWN,0.999974,20,31
NONCBL#ERR980262#21,False,True,True,True,0.171,-4.964,UNKNOWN,0.999167,20,19A
NONCBL#ERR326593#85,False,True,True,True,0.196,-4.984,UNKNOWN,0.999429,20,25F
NONCBL#ERR13375112#2,False,True,True,True,0.138,-4.869,UNKNOWN,0.999377,20,19A
NONCBL#SRR26833869#1,False,True,True,True,0.453,-5.488,UNKNOWN,0.999986,20,12F
NONCBL#ERR340847#55,False,True,True,True,0.178,-4.854,UNKNOWN,0.997737,20,25F
NONCBL#SRR26714709#8,False,True,True,True,0.073,-4.828,UNKNOWN,0.9989,20,12F
NONCBL#ERR1430860#3,False,True,True,True,0.196,-5.073,UNKNOWN,0.999839,20,12F
NONCBL#ERR600116#7,False,True,True,True,0.156,-5.038,UNKNOWN,0.999663,20,9V
NONCBL#ERR646542#25,False,True,True,True,0.08,-4.845,UNKNOWN,0.998217,20,23F
NONCBL#SRR26883780#1,False,True,True,True,0.13,-5.171,UNKNOWN,0.999861,20,48
NONCBL#ERR774352#1,False,True,True,True,0.895,-7.395,UNKNOWN,0.999998,20,12F
NONCBL#ERR505766#1,False,True,True,True,0.206,-4.914,UNKNOWN,0.999667,35A_35C_42,6B
NONCBL#ERR1202172#2,False,True,True,True,0.359,-5.053,UNKNOWN,0.99946,20,19A
NONCBL#SRR26910232#4,False,True,True,True,0.265,-5.036,UNKNOWN,0.999642,20,19A
NONCBL#SRR26930519#1,False,True,True,True,0.818,-6.521,UNKNOWN,0.999986,20,9V
NONCBL#ERR730143#2,False,True,True,True,0.276,-5.272,UNKNOWN,0.99996,20,19A
NONCBL#ERR1066261#1,False,True,True,True,0.207,-4.994,UNKNOWN,0.999847,20,12F
NONCBL#ERR568712#1,False,True,True,True,0.225,-5.001,UNKNOWN,0.999082,20,19A
NONCBL#SRR26817983#1,False,True,True,True,0.193,-5.042,UNKNOWN,0.999886,36,6B
NONCBL#ERR742699#22,False,True,True,True,0.25,-5.038,UNKNOWN,0.999571,20,19A
NONCBL#ERR568624#13,False,True,True,True,0.179,-4.889,UNKNOWN,0.999371,20,12F
NONCBL#SRR26931663#16,False,True,True,True,0.215,-5.11,UNKNOWN,0.999937,20,12F
NONCBL#SRR26911094#6,False,True,True,True,0.465,-5.479,UNKNOWN,0.999966,20,9N
NONCBL#ERR3796648#10,False,True,True,True,0.15,-4.871,UNKNOWN,0.999479,20,12F
NONCBL#SRR26910706#1,False,True,True,True,0.143,-4.902,UNKNOWN,0.999256,20,12F
NONCBL#SRR26833683#1,False,True,True,True,0.097,-5.04,UNKNOWN,0.999735,20,25F
NONCBL#ERR909148#5,False,True,True,True,0.162,-4.799,UNKNOWN,0.99871,20,12F
NONCBL#SRR26672879#1,False,True,True,True,0.173,-4.957,UNKNOWN,0.999409,20,19A
NONCBL#ERR730606#1,False,True,True,True,0.075,-4.768,UNKNOWN,0.997632,20,19A
NONCBL#ERR2667361#1,False,True,True,True,0.351,-5.042,UNKNOWN,0.99951,20,19A
NONCBL#ERR505797#44,False,True,True,True,0.123,-5.127,UNKNOWN,0.999664,20,25F
NONCBL#ERR13366069#2,False,True,True,True,0.522,-5.73,UNKNOWN,0.999994,35A_35C_42,12F
NONCBL#ERR913467#21,False,True,True,True,0.288,-5.193,UNKNOWN,0.999907,20,19A
NONCBL#ERR13366122#8,False,True,True,True,0.284,-5.041,UNKNOWN,0.999696,20,12F
NONCBL#ERR2667180#24,False,True,True,True,0.123,-5.127,UNKNOWN,0.999664,20,25F
NONCBL#ERR5262751#2,False,True,True,True,0.13,-4.903,UNKNOWN,0.999221,20,12F
NONCBL#ERR13365695#2,False,True,True,True,0.138,-5.346,UNKNOWN,0.999973,20,21
NONCBL#SRR26714505#1,False,True,True,True,0.207,-4.989,UNKNOWN,0.999721,20,12F
NONCBL#ERR1214438#22,False,True,True,True,0.32,-4.996,UNKNOWN,0.999373,20,19A
NONCBL#ERR2090062#1,False,True,True,True,0.234,-5.015,UNKNOWN,0.99973,20,19A
NONCBL#ERR570472#21,False,True,True,True,0.088,-4.845,UNKNOWN,0.999219,20,12F
NONCBL#SRR26594580#11,False,True,True,True,0.136,-5.083,UNKNOWN,0.999898,20,19A
NONCBL#ERR13365789#2,False,True,True,True,0.121,-5.09,UNKNOWN,0.999934,35A_35C_42,6B
NONCBL#ERR2681279#1,False,True,True,True,0.183,-4.972,UNKNOWN,0.999016,20,25F
NONCBL#SRR26797922#5,False,True,True,True,0.082,-4.863,UNKNOWN,0.998311,20,25F
NONCBL#ERR1430945#5,False,True,True,True,0.189,-5.009,UNKNOWN,0.999545,20,25F
NONCBL#ERR338200#1,False,True,True,True,0.16,-4.849,UNKNOWN,0.999435,20,6A
NONCBL#SRR26834403#1,False,True,True,True,0.612,-5.88,UNKNOWN,0.999987,20,12F
NONCBL#ERR8481646#1,False,True,True,True,0.106,-4.918,UNKNOWN,0.999406,35A_35C_42,23B
NONCBL#ERR742680#10,False,True,True,True,0.264,-4.964,UNKNOWN,0.999557,20,6A
NONCBL#ERR505866#2,False,True,True,True,0.299,-5.202,UNKNOWN,0.999894,20,12F
NONCBL#ERR925208#16,False,True,True,True,0.457,-5.798,UNKNOWN,0.999991,20,12F
NONCBL#SRR26931405#4,False,True,True,True,0.215,-5.175,UNKNOWN,0.99996,20,19A
NONCBL#SRR26931210#2,False,True,True,True,0.122,-4.851,UNKNOWN,0.998881,20,12F
NONCBL#ERR980153#1,False,True,True,True,0.162,-4.899,UNKNOWN,0.999733,20,10A
NONCBL#ERR900652#23,False,True,True,True,0.304,-4.954,UNKNOWN,0.999549,20,19A
NONCBL#ERR714307#21,False,True,True,True,0.247,-5.263,UNKNOWN,0.999967,20,12F
NONCBL#ERR736913#18,False,True,True,True,0.297,-5.292,UNKNOWN,0.999971,20,12F
NONCBL#SRR26930458#5,False,True,True,True,0.167,-4.916,UNKNOWN,0.99895,20,12F
NONCBL#ERR3796670#9,False,True,True,True,0.206,-5.159,UNKNOWN,0.99996,20,6B
NONCBL#ERR862304#1,False,True,True,True,0.185,-4.872,UNKNOWN,0.999501,20,6A
NONCBL#ERR1540805#17,False,True,True,True,0.183,-5.344,UNKNOWN,0.999977,20,9V
NONCBL#ERR13374801#5,False,True,True,True,0.311,-4.972,UNKNOWN,0.999263,20,19A
NONCBL#ERR662427#9,False,True,True,True,0.228,-4.986,UNKNOWN,0.99949,20,19A
NONCBL#ERR2853604#3,False,True,True,True,0.144,-5.135,UNKNOWN,0.999948,20,6A
NONCBL#ERR3669286#2,False,True,True,True,0.253,-5.324,UNKNOWN,0.999957,20,12F
NONCBL#ERR13364378#2,False,True,True,True,0.128,-4.829,UNKNOWN,0.999238,20,25F
NONCBL#ERR13365897#2,False,True,True,True,0.17,-5.014,UNKNOWN,0.999558,20,19A
NONCBL#SRR26879663#20,False,True,True,True,0.536,-5.517,UNKNOWN,0.999944,20,12F
NONCBL#ERR14653974#3,False,True,True,True,0.107,-4.862,UNKNOWN,0.997053,20,25F
NONCBL#ERR3655235#10,False,True,True,True,0.38,-5.082,UNKNOWN,0.999485,20,19A
NONCBL#SRR26910546#3,False,True,True,True,0.156,-4.877,UNKNOWN,0.99966,20,12F
NONCBL#ERR7567916#1,False,True,True,True,0.251,-5.014,UNKNOWN,0.999642,20,19A
NONCBL#ERR925213#4,False,True,True,True,0.123,-5.007,UNKNOWN,0.999594,20,10F
NONCBL#SRR26714737#5,False,True,True,True,0.249,-5.011,UNKNOWN,0.999635,20,19A
NONCBL#ERR1106807#1,False,True,True,True,0.505,-5.415,UNKNOWN,0.999925,20,12F
NONCBL#ERR730613#1,False,True,True,True,0.138,-5.092,UNKNOWN,0.999828,20,37
NONCBL#SRR26594364#11,False,True,True,True,0.162,-4.815,UNKNOWN,0.999261,20,12F
NONCBL#SRR26930733#4,False,True,True,True,0.165,-5.019,UNKNOWN,0.999893,20,12F
NONCBL#ERR2667602#1,False,True,True,True,0.26,-5.252,UNKNOWN,0.999958,20,19A
NONCBL#SRR26878653#12,False,True,True,True,0.089,-4.914,UNKNOWN,0.999353,20,19A
NONCBL#ERR1422606#11,False,True,True,True,0.159,-4.916,UNKNOWN,0.999581,35A_35C_42,6B
NONCBL#ERR4289151#5,False,True,True,True,0.106,-5.034,UNKNOWN,0.999821,20,6B
NONCBL#SRR26594692#30,False,True,True,True,0.127,-4.933,UNKNOWN,0.99974,20,12F
NONCBL#SRR26797402#11,False,True,True,True,0.173,-5.17,UNKNOWN,0.999978,35A_35C_42,12F
NONCBL#SRR26818182#7,False,True,True,True,0.21,-5.461,UNKNOWN,0.999997,35A_35C_42,16F
NONCBL#ERR2853623#1,False,True,True,True,0.17,-5.084,UNKNOWN,0.999924,20,19A
NONCBL#SRR26818255#15,False,True,True,True,0.237,-4.984,UNKNOWN,0.998969,20,12F
NONCBL#ERR13365818#3,False,True,True,True,0.285,-5.135,UNKNOWN,0.999869,20,19A
NONCBL#SRR26714139#8,False,True,True,True,0.249,-5.011,UNKNOWN,0.999635,20,19A
NONCBL#ERR632974#1,False,True,True,True,0.097,-4.945,UNKNOWN,0.999719,20,12F
NONCBL#ERR909284#1,False,True,True,True,0.153,-4.983,UNKNOWN,0.999664,35A_35C_42,25F
NONCBL#ERR1065243#2,False,True,True,True,0.535,-5.397,UNKNOWN,0.999877,20,9N
NONCBL#ERR862281#28,False,True,True,True,0.225,-4.906,UNKNOWN,0.999501,20,6A
NONCBL#ERR8481894#6,False,True,True,True,0.113,-4.999,UNKNOWN,0.999756,20,10A
NONCBL#SRR26910600#29,False,True,True,True,0.111,-5.081,UNKNOWN,0.9997,20,10A
NONCBL#ERR2091179#3,False,True,True,True,0.095,-4.979,UNKNOWN,0.999368,20,10A
NONCBL#ERR869885#22,False,True,True,True,0.2,-5.233,UNKNOWN,0.999989,35A_35C_42,6B
NONCBL#ERR997525#7,False,True,True,True,0.301,-5.013,UNKNOWN,0.999687,35A_35C_42,6B
NONCBL#ERR13375126#6,False,True,True,True,0.341,-5.169,UNKNOWN,0.999877,20,19A
NONCBL#ERR730577#1,False,True,True,True,0.901,-7.404,UNKNOWN,0.999999,20,12F
NONCBL#ERR980286#16,False,True,True,True,0.135,-4.992,UNKNOWN,0.999777,20,12F
NONCBL#ERR600599#1,False,True,True,True,0.578,-5.687,UNKNOWN,0.999985,20,12F
NONCBL#ERR870106#6,False,True,True,True,0.143,-4.893,UNKNOWN,0.999449,20,12F
NONCBL#ERR2090350#2,False,True,True,True,0.335,-5.159,UNKNOWN,0.999863,20,19A
NONCBL#ERR913507#1,False,True,True,True,0.355,-5.238,UNKNOWN,0.999952,20,12F
NONCBL#ERR490706#5,False,True,True,True,0.145,-4.891,UNKNOWN,0.999634,20,9V
NONCBL#SRR26595002#19,False,True,True,True,0.321,-4.958,UNKNOWN,0.999368,20,19A
NONCBL#ERR331478#22,False,True,True,True,0.173,-5.194,UNKNOWN,0.999898,35A_35C_42,19A
NONCBL#SRR26931396#1,False,True,True,True,0.177,-4.989,UNKNOWN,0.999217,20,12F
NONCBL#SRR26789864#2,False,True,True,True,0.1,-4.891,UNKNOWN,0.998029,20,25F
NONCBL#ERR2667751#22,False,True,True,True,0.261,-5.15,UNKNOWN,0.999952,35A_35C_42,12F
NONCBL#ERR3303251#1,False,True,True,True,0.312,-4.984,UNKNOWN,0.999434,20,19A
NONCBL#ERR2680564#1,False,True,True,True,0.395,-5.377,UNKNOWN,0.999972,20,12F
NONCBL#ERR773977#1,False,True,True,True,0.115,-5.036,UNKNOWN,0.999634,20,25F
NONCBL#SRR26817749#1,False,True,True,True,0.114,-4.783,UNKNOWN,0.998578,20,19A
NONCBL#SRR26673147#17,False,True,True,True,0.098,-4.843,UNKNOWN,0.998754,20,12F
NONCBL#SRR26714847#5,False,True,True,True,0.114,-4.801,UNKNOWN,0.997956,20,12F
NONCBL#ERR751171#28,False,True,True,True,0.17,-5.374,UNKNOWN,0.999981,20,12F
NONCBL#SRR26931217#4,False,True,True,True,0.24,-4.987,UNKNOWN,0.999326,20,19A
NONCBL#ERR1065917#11,False,True,True,True,0.117,-4.932,UNKNOWN,0.999663,35A_35C_42,25F
NONCBL#ERR751010#1,False,True,True,True,0.322,-5.31,UNKNOWN,0.999956,20,19A
NONCBL#SRR26714587#7,False,True,True,True,0.177,-4.914,UNKNOWN,0.999501,35A_35C_42,10A
NONCBL#ERR750868#1,False,True,True,True,0.121,-4.858,UNKNOWN,0.997208,20,25F
NONCBL#ERR13374639#2,False,True,True,True,0.095,-4.943,UNKNOWN,0.998095,20,25F
NONCBL#ERR633050#5,False,True,True,True,0.082,-4.973,UNKNOWN,0.999432,20,25F
NONCBL#SRR26594795#1,False,True,True,True,0.437,-5.262,UNKNOWN,0.999786,20,19A
NONCBL#SRR26910769#9,False,True,True,True,0.088,-4.814,UNKNOWN,0.998874,20,6B
NONCBL#ERR774044#1,False,True,True,True,0.115,-5.036,UNKNOWN,0.999634,20,25F
NONCBL#ERR13365233#4,False,True,True,True,0.162,-4.83,UNKNOWN,0.998202,36,6B
NONCBL#SRR26884338#1,False,True,True,True,0.272,-5.042,UNKNOWN,0.999492,20,19A
NONCBL#ERR870020#1,False,True,True,True,0.545,-5.737,UNKNOWN,0.999987,20,12F
NONCBL#ERR742507#3,False,True,True,True,0.186,-5.056,UNKNOWN,0.9998,35A_35C_42,12F
NONCBL#SRR26878056#2,False,True,True,True,0.135,-5.074,UNKNOWN,0.999652,20,25F
NONCBL#SRR26931103#1,False,True,True,True,0.117,-5.054,UNKNOWN,0.999694,20,25F
NONCBL#SRR26594779#15,False,True,True,True,0.317,-4.952,UNKNOWN,0.99938,20,19A
NONCBL#ERR750993#2,False,True,True,True,0.192,-5.092,UNKNOWN,0.999856,20,37
NONCBL#SRR26714551#5,False,True,True,True,0.151,-4.901,UNKNOWN,0.999398,20,12F
NONCBL#ERR1192181#2,False,True,True,True,0.224,-5.536,UNKNOWN,0.999988,18,4
NONCBL#SRR26789395#15,False,True,True,True,0.308,-5.222,UNKNOWN,0.999933,20,19A
NONCBL#SRR26883853#14,False,True,True,True,0.188,-4.986,UNKNOWN,0.999555,20,19A
NONCBL#SRR26714609#1,False,True,True,True,0.534,-5.599,UNKNOWN,0.999976,20,12F
NONCBL#ERR13366058#2,False,True,True,True,0.44,-5.169,UNKNOWN,0.999552,20,19A
NONCBL#ERR13364452#1,False,True,True,True,0.514,-5.614,UNKNOWN,0.999987,20,12F
NONCBL#ERR730496#1,False,True,True,True,0.283,-5.132,UNKNOWN,0.999904,20,19A
NONCBL#ERR2090898#3,False,True,True,True,0.241,-5.198,UNKNOWN,0.999932,20,19A
NONCBL#ERR2089908#2,False,True,True,True,0.208,-4.813,UNKNOWN,0.999185,20,12F
NONCBL#ERR869947#4,False,True,True,True,0.29,-5.178,UNKNOWN,0.999915,20,19A
NONCBL#ERR326759#8,False,True,True,True,0.359,-5.023,UNKNOWN,0.99935,20,19A
NONCBL#ERR1756399#1,False,True,True,True,0.132,-4.996,UNKNOWN,0.999852,20,10A
NONCBL#SRR26714068#4,False,True,True,True,0.299,-4.929,UNKNOWN,0.999054,20,19A
NONCBL#ERR14654045#20,False,True,True,True,0.182,-5.323,UNKNOWN,0.999994,20,6B
NONCBL#ERR2853696#8,False,True,True,True,0.074,-4.795,UNKNOWN,0.998243,20,19A
NONCBL#ERR13365305#11,False,True,True,True,0.239,-5.015,UNKNOWN,0.999899,20,12F
NONCBL#ERR2090252#2,False,True,True,True,0.362,-5.276,UNKNOWN,0.999956,20,12F
NONCBL#ERR2090195#1,False,True,True,True,0.096,-4.822,UNKNOWN,0.999285,20,9V
NONCBL#ERR979956#2,False,True,True,True,0.377,-5.25,UNKNOWN,0.99996,35A_35C_42,15A
NONCBL#ERR730731#1,False,True,True,True,0.428,-5.506,UNKNOWN,0.999956,20,12F
NONCBL#ERR870202#1,False,True,True,True,0.393,-5.07,UNKNOWN,0.999328,20,19A
NONCBL#ERR2667365#6,False,True,True,True,0.173,-4.849,UNKNOWN,0.999462,20,12F
NONCBL#ERR1422361#5,False,True,True,True,0.453,-5.26,UNKNOWN,0.999847,20,12F
NONCBL#ERR730231#1,False,True,True,True,0.145,-4.843,UNKNOWN,0.999322,20,6A
NONCBL#ERR925046#1,False,True,True,True,0.277,-5.197,UNKNOWN,0.999784,20,8
NONCBL#ERR3270777#2,False,True,True,True,0.105,-4.842,UNKNOWN,0.996511,20,19A
NONCBL#ERR2090994#4,False,True,True,True,0.159,-5.021,UNKNOWN,0.999877,36,6B
NONCBL#SRR26930798#7,False,True,True,True,0.154,-4.879,UNKNOWN,0.999356,20,12F
NONCBL#SRR26797091#9,False,True,True,True,0.54,-5.717,UNKNOWN,0.999989,20,12F
NONCBL#SRR26930419#1,False,True,True,True,0.267,-5.178,UNKNOWN,0.999913,20,19A
NONCBL#SRR26818259#1,False,True,True,True,0.451,-5.489,UNKNOWN,0.999987,20,12F
NONCBL#ERR2091221#1,False,True,True,True,0.327,-5.005,UNKNOWN,0.999511,20,19A
NONCBL#ERR730458#9,False,True,True,True,0.14,-5.237,UNKNOWN,0.999935,20,25F
NONCBL#SRR26818545#1,False,True,True,True,0.861,-6.697,UNKNOWN,0.999986,20,9V
NONCBL#SRR26879485#1,False,True,True,True,0.125,-4.878,UNKNOWN,0.999235,20,12F
NONCBL#ERR449119#73,False,True,True,True,0.194,-4.908,UNKNOWN,0.999421,35A_35C_42,6B
NONCBL#SRR26910302#5,False,True,True,True,0.124,-4.79,UNKNOWN,0.99769,20,12F
NONCBL#ERR13366146#22,False,True,True,True,0.143,-5.34,UNKNOWN,0.999995,20,6A
NONCBL#ERR2680959#25,False,True,True,True,0.232,-5.251,UNKNOWN,0.999961,20,19A
NONCBL#SRR26789927#3,False,True,True,True,0.346,-5.174,UNKNOWN,0.999864,20,19A
NONCBL#ERR997586#1,False,True,True,True,0.212,-5.053,UNKNOWN,0.999866,20,12F
NONCBL#ERR751142#15,False,True,True,True,0.191,-4.96,UNKNOWN,0.999737,35A_35C_42,10A
NONCBL#ERR884547#1,False,True,True,True,0.309,-5.025,UNKNOWN,0.999681,20,12F
NONCBL#SRR26931316#21,False,True,True,True,0.201,-5.054,UNKNOWN,0.999824,20,10A
NONCBL#ERR8481905#2,False,True,True,True,0.317,-5.379,UNKNOWN,0.999968,20,19A
NONCBL#SRR26884643#16,False,True,True,True,0.136,-4.834,UNKNOWN,0.999292,20,12F
NONCBL#ERR1788320#18,False,True,True,True,0.388,-5.383,UNKNOWN,0.999988,35A_35C_42,6B
NONCBL#ERR516664#38,False,True,True,True,0.247,-4.875,UNKNOWN,0.999289,20,19A
NONCBL#ERR925180#1,False,True,True,True,0.618,-6.003,UNKNOWN,0.999992,20,12F
NONCBL#SRR26594178#6,False,True,True,True,0.286,-5.056,UNKNOWN,0.999589,20,19A
NONCBL#ERR1066184#1,False,True,True,True,0.175,-5.268,UNKNOWN,0.999915,20,25F
NONCBL#ERR3795463#5,False,True,True,True,0.329,-5.266,UNKNOWN,0.999924,20,19A
NONCBL#ERR1065400#1,False,True,True,True,0.241,-4.992,UNKNOWN,0.999742,20,19A
NONCBL#ERR730662#1,False,True,True,True,0.257,-5.14,UNKNOWN,0.999947,35A_35C_42,12F
NONCBL#ERR2667580#18,False,True,True,True,0.271,-5.216,UNKNOWN,0.999936,20,19A
NONCBL#ERR505974#5,False,True,True,True,0.305,-5.087,UNKNOWN,0.999737,20,19A
NONCBL#SRR26884290#1,False,True,True,True,0.299,-5.644,UNKNOWN,0.999998,20,19A
NONCBL#ERR2090649#1,False,True,True,True,0.136,-4.916,UNKNOWN,0.999767,35A_35C_42,6B
NONCBL#ERR909067#10,False,True,True,True,0.338,-5.01,UNKNOWN,0.999423,20,19A
NONCBL#SRR26789530#5,False,True,True,True,0.172,-4.968,UNKNOWN,0.99974,20,12F
NONCBL#ERR2681274#1,False,True,True,True,0.215,-5.096,UNKNOWN,0.999852,20,12F
NONCBL#SRR26930651#1,False,True,True,True,0.272,-5.042,UNKNOWN,0.999492,20,19A
NONCBL#ERR1202503#2,False,True,True,True,0.586,-5.672,UNKNOWN,0.999977,20,8
NONCBL#SRR26818551#1,False,True,True,True,0.115,-4.943,UNKNOWN,0.999572,20,37
NONCBL#ERR730285#7,False,True,True,True,0.186,-4.95,UNKNOWN,0.999792,35A_35C_42,6B
NONCBL#ERR568660#6,False,True,True,True,0.146,-5.0,UNKNOWN,0.999667,20,12F
NONCBL#ERR2853452#2,False,True,True,True,0.432,-5.423,UNKNOWN,0.99996,20,14
NONCBL#SRR26818274#2,False,True,True,True,0.09,-4.879,UNKNOWN,0.998932,20,12F
NONCBL#ERR1788412#1,False,True,True,True,0.119,-4.827,UNKNOWN,0.999174,20,6A
NONCBL#ERR1214387#4,False,True,True,True,0.309,-5.032,UNKNOWN,0.999525,20,19A
NONCBL#ERR13365649#10,False,True,True,True,0.219,-5.345,UNKNOWN,0.999977,20,19A
NONCBL#SRR26797419#6,False,True,True,True,0.293,-4.996,UNKNOWN,0.999741,20,12F
NONCBL#SRR26714484#2,False,True,True,True,0.336,-5.278,UNKNOWN,0.999938,20,12F
NONCBL#ERR425412#11,False,True,True,True,0.471,-5.616,UNKNOWN,0.999995,20,6B
NONCBL#ERR1202296#17,False,True,True,True,0.16,-5.178,UNKNOWN,0.999967,20,12F
NONCBL#ERR1202288#3,False,True,True,True,0.119,-4.873,UNKNOWN,0.999311,20,12F
NONCBL#ERR3899493#2,False,True,True,True,0.11,-4.924,UNKNOWN,0.998788,20,25F
NONCBL#ERR14653945#1,False,True,True,True,0.575,-5.514,UNKNOWN,0.999972,20,14
NONCBL#ERR1202237#10,False,True,True,True,0.119,-5.101,UNKNOWN,0.999909,20,19A
NONCBL#SRR26594617#15,False,True,True,True,0.086,-4.928,UNKNOWN,0.999354,20,19A
NONCBL#SRR26797057#4,False,True,True,True,0.113,-5.088,UNKNOWN,0.99982,20,25F
NONCBL#ERR2089542#1,False,True,True,True,0.135,-5.163,UNKNOWN,0.999867,20,25F
NONCBL#ERR8481713#2,False,True,True,True,0.525,-5.467,UNKNOWN,0.999887,20,12F
NONCBL#SRR26749741#3,False,True,True,True,0.344,-5.272,UNKNOWN,0.999933,20,19A
NONCBL#ERR742822#1,False,True,True,True,0.151,-4.882,UNKNOWN,0.999597,20,12F
NONCBL#ERR568768#1,False,True,True,True,0.092,-4.772,UNKNOWN,0.99809,20,6B
NONCBL#ERR13364986#10,False,True,True,True,0.21,-4.907,UNKNOWN,0.999237,20,19A
NONCBL#SRR26818372#21,False,True,True,True,0.301,-5.048,UNKNOWN,0.999555,20,19A
NONCBL#SRR26884724#5,False,True,True,True,0.265,-5.036,UNKNOWN,0.999642,20,19A
NONCBL#SRR26884093#21,False,True,True,True,0.245,-5.23,UNKNOWN,0.999954,20,19A
NONCBL#ERR1453754#1,False,True,True,True,0.188,-4.975,UNKNOWN,0.999344,20,12F
NONCBL#ERR750975#2,False,True,True,True,0.21,-5.003,UNKNOWN,0.999595,20,19A
NONCBL#SRR26749438#2,False,True,True,True,0.677,-6.086,UNKNOWN,0.999974,20,12F
NONCBL#ERR1453484#9,False,True,True,True,0.091,-4.872,UNKNOWN,0.998943,20,9N
NONCBL#ERR884302#20,False,True,True,True,0.136,-4.836,UNKNOWN,0.998323,20,9N
NONCBL#ERR1422622#1,False,True,True,True,0.189,-5.122,UNKNOWN,0.999932,20,8
NONCBL#ERR1106751#7,False,True,True,True,0.61,-5.644,UNKNOWN,0.999943,35A_35C_42,12F
NONCBL#ERR505679#46,False,True,True,True,0.351,-5.302,UNKNOWN,0.999969,20,12F
NONCBL#ERR980213#20,False,True,True,True,0.135,-4.945,UNKNOWN,0.999788,20,12F
NONCBL#SRR26833875#1,False,True,True,True,0.15,-5.047,UNKNOWN,0.999912,20,12F
NONCBL#SRR26714928#1,False,True,True,True,0.862,-6.843,UNKNOWN,0.999921,35A_35C_42,15A
NONCBL#ERR438987#4,False,True,True,True,0.273,-5.282,UNKNOWN,0.999961,20,19A
NONCBL#SRR26878301#2,False,True,True,True,0.261,-5.011,UNKNOWN,0.999536,20,19A
NONCBL#SRR26818462#3,False,True,True,True,0.335,-5.078,UNKNOWN,0.999689,20,12F
NONCBL#ERR714463#3,False,True,True,True,0.131,-4.871,UNKNOWN,0.999525,20,6A
NONCBL#ERR730391#2,False,True,True,True,0.26,-5.14,UNKNOWN,0.999871,20,12F
NONCBL#ERR997573#1,False,True,True,True,0.111,-5.191,UNKNOWN,0.999884,20,21
NONCBL#ERR980013#1,False,True,True,True,0.29,-5.269,UNKNOWN,0.999951,20,19A
NONCBL#ERR3796807#1,False,True,True,True,0.16,-5.047,UNKNOWN,0.999728,20,10A
NONCBL#ERR730147#1,False,True,True,True,0.268,-5.089,UNKNOWN,0.999934,20,12F
NONCBL#ERR1214624#5,False,True,True,True,0.219,-5.375,UNKNOWN,0.999973,20,9V
NONCBL#ERR2667156#7,False,True,True,True,0.307,-5.078,UNKNOWN,0.9997,20,19A
NONCBL#SRR26673284#2,False,True,True,True,0.183,-5.013,UNKNOWN,0.999564,20,19A
NONCBL#ERR13365093#11,False,True,True,True,0.219,-4.991,UNKNOWN,0.999454,35A_35C_42,10A
NONCBL#SRR26714408#4,False,True,True,True,0.308,-4.949,UNKNOWN,0.999343,20,19A
NONCBL#ERR13365208#10,False,True,True,True,0.085,-4.81,UNKNOWN,0.998248,20,12F
NONCBL#ERR490724#7,False,True,True,True,0.178,-4.916,UNKNOWN,0.999515,35A_35C_42,10A
NONCBL#SRR26789867#1,False,True,True,True,0.4,-5.304,UNKNOWN,0.999947,20,12F
NONCBL#ERR750892#3,False,True,True,True,0.384,-5.311,UNKNOWN,0.999926,20,19A
NONCBL#ERR13365888#15,False,True,True,True,0.443,-5.156,UNKNOWN,0.999474,20,19A
NONCBL#ERR862538#10,False,True,True,True,0.326,-5.018,UNKNOWN,0.999444,20,19A
NONCBL#ERR1192132#10,False,True,True,True,0.218,-5.454,UNKNOWN,0.999997,35A_35C_42,16F
NONCBL#SRR26749983#3,False,True,True,True,0.154,-4.796,UNKNOWN,0.998709,20,12F
NONCBL#ERR319330#26,False,True,True,True,0.174,-5.217,UNKNOWN,0.999982,35A_35C_42,12F
NONCBL#SRR26818582#18,False,True,True,True,0.518,-5.449,UNKNOWN,0.999964,20,6B
NONCBL#ERR1106650#5,False,True,True,True,0.413,-5.147,UNKNOWN,0.999569,20,19A
NONCBL#ERR1202302#5,False,True,True,True,0.191,-5.161,UNKNOWN,0.999947,20,6A
NONCBL#SRR26595044#1,False,True,True,True,0.299,-5.005,UNKNOWN,0.999475,20,19A
NONCBL#ERR2090804#2,False,True,True,True,0.177,-4.988,UNKNOWN,0.999757,20,9N
NONCBL#SRR26834148#1,False,True,True,True,0.245,-5.255,UNKNOWN,0.999939,20,19A
NONCBL#SRR26594715#2,False,True,True,True,0.764,-6.32,UNKNOWN,0.999988,20,12F
NONCBL#ERR13366012#21,False,True,True,True,0.275,-5.036,UNKNOWN,0.999665,20,19A
NONCBL#SRR26749212#1,False,True,True,True,0.109,-5.141,UNKNOWN,0.999899,20,38
NONCBL#SRR26911194#1,False,True,True,True,0.251,-5.118,UNKNOWN,0.999858,20,6B
NONCBL#ERR2089058#8,False,True,True,True,0.097,-4.862,UNKNOWN,0.999194,20,12F
NONCBL#ERR876695#1,False,True,True,True,0.326,-5.204,UNKNOWN,0.999918,20,19A
NONCBL#SRR26910368#1,False,True,True,True,0.129,-4.996,UNKNOWN,0.999516,20,25F
NONCBL#SRR26749468#2,False,True,True,True,0.278,-5.001,UNKNOWN,0.999287,20,19A
NONCBL#ERR2090456#23,False,True,True,True,0.112,-4.862,UNKNOWN,0.999334,20,6A
NONCBL#ERR869930#2,False,True,True,True,0.372,-5.047,UNKNOWN,0.999412,20,19A
NONCBL#ERR2090301#12,False,True,True,True,0.354,-5.125,UNKNOWN,0.999802,20,19A
NONCBL#SRR26818520#2,False,True,True,True,0.577,-5.758,UNKNOWN,0.999986,20,12F
NONCBL#ERR736903#4,False,True,True,True,0.332,-5.059,UNKNOWN,0.999558,20,19A
NONCBL#ERR501596#4,False,True,True,True,0.164,-4.895,UNKNOWN,0.999579,20,12F
NONCBL#SRR26910532#3,False,True,True,True,0.449,-5.651,UNKNOWN,0.999992,18,12F
NONCBL#ERR1214610#1,False,True,True,True,0.257,-5.096,UNKNOWN,0.999844,20,19A
NONCBL#ERR3796488#5,False,True,True,True,0.376,-5.309,UNKNOWN,0.999917,20,19A
NONCBL#ERR3303369#13,False,True,True,True,0.134,-4.88,UNKNOWN,0.999414,20,12F
NONCBL#SRR26878441#3,False,True,True,True,0.249,-5.011,UNKNOWN,0.999635,20,19A
NONCBL#SRR26931458#3,False,True,True,True,0.298,-5.033,UNKNOWN,0.999732,20,12F
NONCBL#ERR714435#1,False,True,True,True,0.091,-4.867,UNKNOWN,0.998077,20,25F
NONCBL#ERR913561#1,False,True,True,True,0.138,-4.875,UNKNOWN,0.997986,36,6B
NONCBL#SRR26880174#5,False,True,True,True,0.13,-5.13,UNKNOWN,0.999911,20,14
NONCBL#SRR26883820#2,False,True,True,True,0.237,-4.985,UNKNOWN,0.99932,20,19A
NONCBL#SRR26714655#5,False,True,True,True,0.312,-5.193,UNKNOWN,0.999877,20,19A
NONCBL#ERR1422645#1,False,True,True,True,0.246,-4.961,UNKNOWN,0.999343,20,19A
NONCBL#ERR869917#22,False,True,True,True,0.328,-5.359,UNKNOWN,0.999965,20,19A
NONCBL#SRR26750083#1,False,True,True,True,0.218,-4.986,UNKNOWN,0.999709,20,12F
NONCBL#SRR26910242#5,False,True,True,True,0.299,-5.562,UNKNOWN,0.999975,20,38
NONCBL#ERR13374877#21,False,True,True,True,0.308,-5.294,UNKNOWN,0.999952,20,15B
NONCBL#SRR26714434#14,False,True,True,True,0.15,-4.915,UNKNOWN,0.999193,20,12F
NONCBL#ERR714600#10,False,True,True,True,0.125,-4.909,UNKNOWN,0.999622,35A_35C_42,10A
NONCBL#SRR26880285#2,False,True,True,True,0.577,-5.689,UNKNOWN,0.999972,20,12F
NONCBL#ERR13365884#1,False,True,True,True,0.846,-7.308,UNKNOWN,1.0,20,12F
NONCBL#ERR1540801#8,False,True,True,True,0.314,-4.978,UNKNOWN,0.999357,20,19A
NONCBL#ERR1065970#1,False,True,True,True,0.276,-5.221,UNKNOWN,0.999933,20,19A
NONCBL#ERR352042#35,False,True,True,True,0.25,-4.874,UNKNOWN,0.999264,20,19A
NONCBL#SRR26673422#2,False,True,True,True,0.08,-4.748,UNKNOWN,0.997704,20,6B
NONCBL#SRR26910652#5,False,True,True,True,0.183,-4.878,UNKNOWN,0.999125,20,12F
NONCBL#ERR2089037#1,False,True,True,True,0.447,-5.316,UNKNOWN,0.999916,20,19A
NONCBL#SRR26834282#31,False,True,True,True,0.292,-5.077,UNKNOWN,0.999724,20,19A
NONCBL#ERR1065470#16,False,True,True,True,0.222,-5.176,UNKNOWN,0.999896,20,15B
NONCBL#ERR586335#3,False,True,True,True,0.178,-4.849,UNKNOWN,0.999216,20,12F
NONCBL#ERR433708#1,False,True,True,True,0.304,-4.941,UNKNOWN,0.999338,20,19A
NONCBL#ERR1756415#3,False,True,True,True,0.084,-4.792,UNKNOWN,0.997961,20,25F
NONCBL#SRR26878379#5,False,True,True,True,0.248,-5.009,UNKNOWN,0.999631,20,19A
NONCBL#SRR26931784#26,False,True,True,True,0.116,-4.93,UNKNOWN,0.999641,35A_35C_42,25F
NONCBL#ERR869920#17,False,True,True,True,0.2,-4.911,UNKNOWN,0.99951,35A_35C_42,6B
NONCBL#SRR26877981#2,False,True,True,True,0.297,-4.935,UNKNOWN,0.999294,20,19A
NONCBL#SRR26931237#1,False,True,True,True,0.272,-5.042,UNKNOWN,0.999492,20,19A
NONCBL#SRR26818217#14,False,True,True,True,0.238,-4.984,UNKNOWN,0.998971,20,12F
NONCBL#SRR26833826#11,False,True,True,True,0.354,-5.105,UNKNOWN,0.99963,20,12F
NONCBL#SRR26749246#2,False,True,True,True,0.079,-4.75,UNKNOWN,0.997593,20,6B
NONCBL#ERR730271#1,False,True,True,True,0.701,-6.143,UNKNOWN,0.999991,35A_35C_42,22F
NONCBL#ERR311122#9,False,True,True,True,0.769,-6.086,UNKNOWN,0.999876,20,12F
NONCBL#SRR26797933#3,False,True,True,True,0.411,-5.187,UNKNOWN,0.999845,20,19A
NONCBL#ERR2667349#22,False,True,True,True,0.303,-5.091,UNKNOWN,0.999665,20,19A
NONCBL#SRR26594592#2,False,True,True,True,0.173,-4.952,UNKNOWN,0.99932,20,19A
NONCBL#SRR26818109#4,False,True,True,True,0.201,-4.978,UNKNOWN,0.999732,20,12F
NONCBL#ERR600271#17,False,True,True,True,0.188,-5.143,UNKNOWN,0.999876,20,19A
NONCBL#SRR26789729#2,False,True,True,True,0.138,-5.047,UNKNOWN,0.999903,20,37
NONCBL#ERR1214346#1,False,True,True,True,0.434,-5.375,UNKNOWN,0.999966,20,12F
NONCBL#SRR26790141#4,False,True,True,True,0.191,-4.977,UNKNOWN,0.999772,20,19A
NONCBL#ERR7567995#8,False,True,True,True,0.097,-4.829,UNKNOWN,0.998928,20,12F
NONCBL#SRR26797510#2,False,True,True,True,0.127,-5.07,UNKNOWN,0.999566,20,25F
NONCBL#ERR869996#18,False,True,True,True,0.227,-4.964,UNKNOWN,0.999226,20,19A
NONCBL#ERR7568004#2,False,True,True,True,0.327,-5.656,UNKNOWN,0.999995,20,12F
NONCBL#ERR2681208#1,False,True,True,True,0.601,-5.859,UNKNOWN,0.999995,20,12F
NONCBL#SRR26818599#3,False,True,True,True,0.356,-5.62,UNKNOWN,0.999937,20,8
NONCBL#ERR338218#11,False,True,True,True,0.244,-5.058,UNKNOWN,0.999829,20,19A
NONCBL#ERR568736#31,False,True,True,True,0.179,-4.855,UNKNOWN,0.997664,20,25F
NONCBL#ERR1214575#7,False,True,False,True,0.983,-8.927,UNKNOWN,0.498829,20,12F
NONCBL#ERR632982#1,False,True,True,True,0.421,-6.001,UNKNOWN,0.999999,20,6B
NONCBL#ERR570420#1,False,True,True,True,0.125,-4.98,UNKNOWN,0.999147,20,23B
NONCBL#ERR1288885#16,False,True,True,True,0.262,-5.203,UNKNOWN,0.999948,20,19A
NONCBL#SRR26594242#3,False,True,True,True,0.239,-4.965,UNKNOWN,0.999357,20,19A
NONCBL#ERR490791#3,False,True,True,True,0.225,-5.016,UNKNOWN,0.999843,20,12F
NONCBL#ERR870013#6,False,True,True,True,0.293,-5.129,UNKNOWN,0.999953,20,12F
NONCBL#ERR909072#3,False,True,True,True,0.115,-5.036,UNKNOWN,0.999634,20,25F
NONCBL#ERR984267#23,False,True,True,True,0.243,-5.258,UNKNOWN,0.999964,20,19A
NONCBL#SRR26834313#2,False,True,True,True,0.394,-5.373,UNKNOWN,0.999965,20,12F
NONCBL#SRR26749988#18,False,True,True,True,0.157,-5.178,UNKNOWN,0.999938,20,14
NONCBL#ERR1192026#6,False,True,True,True,0.112,-5.1,UNKNOWN,0.999796,20,25F
NONCBL#ERR7567842#18,False,True,True,True,0.169,-4.765,UNKNOWN,0.998663,20,12F
NONCBL#SRR26930681#1,False,True,True,True,0.346,-5.03,UNKNOWN,0.999302,20,19A
NONCBL#ERR1788043#17,False,True,True,True,0.306,-5.155,UNKNOWN,0.99971,20,18F
NONCBL#ERR13374796#21,False,True,True,True,0.292,-4.962,UNKNOWN,0.999697,20,12F
NONCBL#ERR1065587#2,False,True,True,True,0.695,-6.174,UNKNOWN,0.999994,20,12F
NONCBL#ERR774313#8,False,True,True,True,0.225,-5.279,UNKNOWN,0.999985,35A_35C_42,6B
NONCBL#SRR26817907#2,False,True,True,True,0.129,-4.878,UNKNOWN,0.998463,20,25F
NONCBL#SRR26789449#4,False,True,True,True,0.159,-4.891,UNKNOWN,0.99962,20,12F
NONCBL#ERR750804#2,False,True,True,True,0.211,-5.279,UNKNOWN,0.999971,20,10A
NONCBL#ERR751073#25,False,True,True,True,0.36,-5.088,UNKNOWN,0.999881,20,6B
NONCBL#ERR2089235#4,False,True,True,True,0.44,-5.332,UNKNOWN,0.999914,20,12F
NONCBL#ERR714327#11,False,True,True,True,0.17,-4.949,UNKNOWN,0.99948,20,19A
NONCBL#ERR13365963#4,False,True,True,True,0.16,-4.972,UNKNOWN,0.999555,36,6B
NONCBL#ERR869894#22,False,True,True,True,0.219,-5.544,UNKNOWN,0.999993,20,10F
NONCBL#ERR730849#17,False,True,True,True,0.188,-4.898,UNKNOWN,0.999367,36,6B
NONCBL#SRR26878233#1,False,True,True,True,0.149,-4.81,UNKNOWN,0.997714,20,25F
NONCBL#ERR633096#5,False,True,True,True,0.166,-5.074,UNKNOWN,0.999838,20,12F
NONCBL#ERR730884#4,False,True,True,True,0.129,-4.873,UNKNOWN,0.999362,20,12F
NONCBL#SRR26749520#3,False,True,True,True,0.184,-5.074,UNKNOWN,0.999848,20,19A
NONCBL#ERR869966#10,False,True,True,True,0.343,-5.199,UNKNOWN,0.999868,20,19A
NONCBL#ERR2089906#2,False,True,True,True,0.245,-5.54,UNKNOWN,0.999989,20,9V
NONCBL#ERR2667719#3,False,True,True,True,0.599,-5.734,UNKNOWN,0.999982,20,12F
NONCBL#SRR26749685#9,False,True,True,True,0.124,-5.005,UNKNOWN,0.99929,20,25F
NONCBL#SRR26879839#1,False,True,True,True,0.194,-4.966,UNKNOWN,0.999837,20,12F
NONCBL#ERR925337#1,False,True,True,True,0.18,-4.98,UNKNOWN,0.99954,20,19A
NONCBL#SRR26789356#15,False,True,True,True,0.159,-4.91,UNKNOWN,0.998887,20,12F
NONCBL#ERR662294#30,False,True,True,True,0.479,-5.521,UNKNOWN,0.999971,20,12F
NONCBL#SRR26714477#15,False,True,True,True,0.17,-5.374,UNKNOWN,0.999981,20,12F
NONCBL#ERR4289134#3,False,True,True,True,0.28,-5.712,UNKNOWN,0.999996,20,25F
NONCBL#ERR2089343#9,False,True,True,True,0.104,-4.826,UNKNOWN,0.998904,20,6B
NONCBL#ERR13366010#10,False,True,True,True,0.524,-5.37,UNKNOWN,0.999827,20,12F
NONCBL#ERR632996#25,False,True,True,True,0.071,-4.84,UNKNOWN,0.998013,20,23F
NONCBL#ERR3303220#1,False,True,True,True,0.15,-4.866,UNKNOWN,0.999058,20,25F
NONCBL#ERR2667263#2,False,True,True,True,0.287,-5.234,UNKNOWN,0.999943,20,19A
NONCBL#ERR925387#1,False,True,True,True,0.346,-5.358,UNKNOWN,0.999951,20,12F
NONCBL#ERR13364410#10,False,True,True,True,0.099,-4.814,UNKNOWN,0.99848,20,12F
NONCBL#ERR2090538#2,False,True,True,True,0.35,-5.015,UNKNOWN,0.999232,20,19A
NONCBL#SRR26930185#1,False,True,True,True,0.25,-5.15,UNKNOWN,0.999882,20,31
NONCBL#ERR2089582#3,False,True,True,True,0.133,-4.777,UNKNOWN,0.998259,20,19A
NONCBL#ERR438980#2,False,True,True,True,0.181,-5.038,UNKNOWN,0.999037,20,12F
NONCBL#ERR774729#1,False,True,True,True,0.135,-4.853,UNKNOWN,0.999147,20,12F
NONCBL#SRR26789814#5,False,True,True,True,0.234,-4.989,UNKNOWN,0.999491,20,19A
NONCBL#ERR742698#2,False,True,True,True,0.283,-4.987,UNKNOWN,0.998987,20,12F
NONCBL#ERR3796688#1,False,True,True,True,0.172,-5.077,UNKNOWN,0.999912,20,12F
NONCBL#SRR26594781#28,False,True,True,True,0.372,-5.05,UNKNOWN,0.999432,20,19A
NONCBL#ERR1453538#1,False,True,True,True,0.307,-4.954,UNKNOWN,0.999022,20,19A
NONCBL#SRR26818702#1,False,True,True,True,0.459,-5.484,UNKNOWN,0.999972,20,12F
NONCBL#ERR774597#4,False,True,True,True,0.188,-4.86,UNKNOWN,0.999479,20,12F
NONCBL#ERR870200#14,False,True,True,True,0.221,-5.182,UNKNOWN,0.999942,20,15B
NONCBL#ERR1065940#1,False,True,True,True,0.097,-4.773,UNKNOWN,0.998426,20,25F
NONCBL#ERR516667#1,False,True,True,True,0.329,-5.232,UNKNOWN,0.999928,20,19A
NONCBL#ERR909074#1,False,True,True,True,0.263,-5.304,UNKNOWN,0.999967,20,19A
NONCBL#SRR26789656#6,False,True,True,True,0.112,-5.135,UNKNOWN,0.99977,20,25F
NONCBL#SRR26931442#2,False,True,True,True,0.137,-4.901,UNKNOWN,0.999329,20,12F
NONCBL#ERR997551#5,False,True,True,True,0.328,-4.977,UNKNOWN,0.999444,20,19A
NONCBL#SRR26594345#2,False,True,True,True,0.24,-5.029,UNKNOWN,0.999615,20,19A
NONCBL#SRR26834464#4,False,True,True,True,0.236,-4.986,UNKNOWN,0.999423,20,19A
NONCBL#ERR490732#22,False,True,True,True,0.199,-4.812,UNKNOWN,0.999274,20,12F
NONCBL#ERR1065262#2,False,True,True,True,0.422,-5.391,UNKNOWN,0.999948,20,12F
NONCBL#ERR326733#2,False,True,True,True,0.202,-5.501,UNKNOWN,0.999969,35A_35C_42,4
NONCBL#ERR2680711#11,False,True,True,True,0.288,-5.031,UNKNOWN,0.999574,20,19A
NONCBL#ERR1453452#39,False,True,True,True,0.162,-5.239,UNKNOWN,0.999929,20,25F
NONCBL#ERR2090171#11,False,True,True,True,0.123,-4.842,UNKNOWN,0.999079,20,12F
NONCBL#ERR3270827#2,False,True,True,True,0.137,-4.857,UNKNOWN,0.999273,20,25F
NONCBL#ERR1065729#12,False,True,True,True,0.145,-5.071,UNKNOWN,0.999831,20,19A
NONCBL#ERR750884#6,False,True,True,True,0.392,-5.223,UNKNOWN,0.999871,20,19A
NONCBL#ERR352037#4,False,True,True,True,0.08,-4.841,UNKNOWN,0.99855,20,25F
NONCBL#ERR980143#3,False,True,True,True,0.257,-5.095,UNKNOWN,0.999798,20,19A
NONCBL#ERR1422659#9,False,True,True,True,0.329,-5.069,UNKNOWN,0.999564,20,19A
NONCBL#ERR13365562#1,False,True,True,True,0.283,-5.358,UNKNOWN,0.999975,20,19A
NONCBL#ERR2090678#2,False,True,True,True,0.512,-6.2,UNKNOWN,0.99998,20,38
NONCBL#SRR26797382#11,False,True,True,True,0.144,-4.945,UNKNOWN,0.99969,20,12F
NONCBL#SRR26879530#2,False,True,True,True,0.556,-5.622,UNKNOWN,0.999966,20,12F
NONCBL#ERR3899231#1,False,True,True,True,0.545,-5.578,UNKNOWN,0.999944,20,12F
NONCBL#SRR26672995#1,False,True,True,True,0.359,-5.579,UNKNOWN,0.999941,20,19A
NONCBL#ERR13364813#8,False,True,True,True,0.126,-5.309,UNKNOWN,0.999971,20,12F
NONCBL#SRR26749299#18,False,True,True,True,0.182,-5.232,UNKNOWN,0.999975,20,12F
NONCBL#ERR319312#17,False,True,True,True,0.375,-5.015,UNKNOWN,0.999159,20,19A
NONCBL#SRR26818332#4,False,True,True,True,0.573,-5.675,UNKNOWN,0.999968,20,9N
NONCBL#ERR1066090#23,False,True,True,True,0.273,-5.238,UNKNOWN,0.99994,20,19A
NONCBL#ERR2681126#3,False,True,True,True,0.104,-4.856,UNKNOWN,0.999025,20,25F
NONCBL#ERR876742#9,False,True,True,True,0.481,-5.517,UNKNOWN,0.999933,20,12F
NONCBL#ERR9990851#1,False,True,True,True,0.534,-5.901,UNKNOWN,0.999996,35A_35C_42,12F
NONCBL#SRR26594456#28,False,True,True,True,0.081,-4.754,UNKNOWN,0.99799,20,6B
NONCBL#ERR913536#1,False,True,True,True,0.143,-4.943,UNKNOWN,0.999026,20,8
NONCBL#ERR1799721#4,False,True,True,True,0.117,-4.806,UNKNOWN,0.998888,20,6B
NONCBL#SRR26714356#2,False,True,True,True,0.303,-4.996,UNKNOWN,0.999454,20,19A
NONCBL#SRR26834069#3,False,True,True,True,0.289,-4.961,UNKNOWN,0.999599,20,19A
NONCBL#ERR338178#28,False,True,True,True,0.239,-4.957,UNKNOWN,0.999432,20,19A
NONCBL#ERR869972#1,False,True,True,True,0.121,-4.801,UNKNOWN,0.998905,20,6B
NONCBL#ERR7568057#17,False,True,True,True,0.107,-4.754,UNKNOWN,0.997891,20,25F
NONCBL#ERR1066240#17,False,True,True,True,0.188,-5.104,UNKNOWN,0.999861,20,19A
NONCBL#ERR1192103#1,False,True,True,True,0.302,-5.118,UNKNOWN,0.999913,35A_35C_42,6B
NONCBL#SRR26879964#1,False,True,True,True,0.436,-5.386,UNKNOWN,0.99997,20,12F
NONCBL#ERR633031#1,False,True,True,True,0.09,-4.887,UNKNOWN,0.998446,20,10A
NONCBL#ERR13365457#4,False,True,True,True,0.124,-4.954,UNKNOWN,0.999381,20,6B
NONCBL#ERR2089054#1,False,True,True,True,0.22,-4.903,UNKNOWN,0.999476,20,6A
NONCBL#ERR2090061#6,False,True,True,True,0.261,-4.918,UNKNOWN,0.999117,20,19A
NONCBL#ERR1422649#17,False,True,True,True,0.334,-5.149,UNKNOWN,0.999692,20,19A
NONCBL#SRR26673205#2,False,True,True,True,0.147,-4.912,UNKNOWN,0.999651,35A_35C_42,6B
NONCBL#SRR26910499#11,False,True,True,True,0.185,-4.949,UNKNOWN,0.999381,20,12F
NONCBL#ERR2090102#4,False,True,True,True,0.364,-5.046,UNKNOWN,0.999516,20,19A
NONCBL#SRR26910237#1,False,True,True,True,0.462,-5.398,UNKNOWN,0.999967,20,19A
NONCBL#SRR26714935#2,False,True,True,True,0.289,-4.928,UNKNOWN,0.999292,20,19A
NONCBL#ERR13364518#16,False,True,True,True,0.201,-4.909,UNKNOWN,0.999092,20,10A
NONCBL#ERR1214422#4,False,True,True,True,0.398,-5.221,UNKNOWN,0.999763,20,19A
NONCBL#SRR26833585#1,False,True,True,True,0.098,-4.87,UNKNOWN,0.998629,20,25F
NONCBL#ERR730824#1,False,True,True,True,0.482,-5.888,UNKNOWN,0.999997,20,7C
NONCBL#ERR1788133#4,False,True,True,True,0.288,-5.131,UNKNOWN,0.999866,20,19A
NONCBL#ERR714559#4,False,True,True,True,0.204,-5.019,UNKNOWN,0.99979,20,19A
NONCBL#SRR26789269#1,False,True,True,True,0.288,-5.641,UNKNOWN,0.999995,20,12F
NONCBL#ERR3796666#1,False,True,True,True,0.395,-5.318,UNKNOWN,0.99994,20,19A
NONCBL#ERR1192146#18,False,True,True,True,0.249,-5.455,UNKNOWN,0.999997,35A_35C_42,6B
NONCBL#ERR774027#1,False,True,True,True,0.348,-5.252,UNKNOWN,0.999947,20,12F
NONCBL#ERR1422357#1,False,True,True,True,0.14,-5.007,UNKNOWN,0.999824,20,14
NONCBL#ERR909026#11,False,True,True,True,0.268,-5.355,UNKNOWN,0.999982,20,19A
NONCBL#SRR26672860#1,False,True,True,True,0.206,-4.919,UNKNOWN,0.999609,20,19A
NONCBL#ERR1430881#2,False,True,True,True,0.134,-4.924,UNKNOWN,0.999705,20,12F
NONCBL#ERR13375002#1,False,True,True,True,0.236,-5.181,UNKNOWN,0.999359,20,9V
NONCBL#ERR316622#1,False,True,True,True,0.08,-4.753,UNKNOWN,0.998206,20,6B
NONCBL#ERR13364785#15,False,True,True,True,0.211,-5.127,UNKNOWN,0.999889,20,9V
NONCBL#SRR26818143#23,False,True,True,True,0.105,-4.828,UNKNOWN,0.997287,20,23F
NONCBL#ERR2680876#13,False,True,True,True,0.106,-4.852,UNKNOWN,0.999384,20,6B
NONCBL#ERR13366032#6,False,True,True,True,0.1,-5.085,UNKNOWN,0.999862,20,48
NONCBL#ERR876777#18,False,True,True,True,0.17,-5.374,UNKNOWN,0.999981,20,12F
NONCBL#ERR773881#2,False,True,True,True,0.536,-5.752,UNKNOWN,0.999992,20,12F
NONCBL#SRR26884554#2,False,True,True,True,0.182,-5.062,UNKNOWN,0.999832,20,25F
NONCBL#ERR1422571#12,False,True,True,True,0.154,-5.005,UNKNOWN,0.999826,20,12F
NONCBL#ERR884518#1,False,True,True,True,0.104,-5.042,UNKNOWN,0.999531,36,10A
NONCBL#SRR26878281#1,False,True,True,True,0.088,-4.784,UNKNOWN,0.998335,20,12F
NONCBL#ERR997561#2,False,True,True,True,0.174,-4.888,UNKNOWN,0.999578,20,12F
NONCBL#ERR997522#1,False,True,True,True,0.126,-4.963,UNKNOWN,0.999695,35A_35C_42,25F
NONCBL#ERR1430982#14,False,True,True,True,0.345,-5.228,UNKNOWN,0.999653,20,10A
NONCBL#SRR26833986#25,False,True,True,True,0.118,-5.096,UNKNOWN,0.999876,20,48
NONCBL#ERR714188#28,False,True,True,True,0.111,-4.993,UNKNOWN,0.999456,20,10A
NONCBL#ERR730272#3,False,True,True,True,0.407,-5.314,UNKNOWN,0.999972,20,12F
NONCBL#ERR9796535#7,False,True,True,True,0.224,-5.04,UNKNOWN,0.999758,20,19A
NONCBL#SRR26749678#2,False,True,True,True,0.313,-4.974,UNKNOWN,0.999421,20,19A
NONCBL#SRR26931472#2,False,True,True,True,0.27,-5.068,UNKNOWN,0.999847,20,12F
NONCBL#SRR26714493#8,False,True,True,True,0.297,-5.452,UNKNOWN,0.99999,20,9V
NONCBL#ERR505921#10,False,True,True,True,0.197,-4.954,UNKNOWN,0.999672,35A_35C_42,10A
NONCBL#ERR2680794#1,False,True,True,True,0.119,-4.815,UNKNOWN,0.998746,20,6B
NONCBL#ERR773937#1,False,True,True,True,0.353,-5.557,UNKNOWN,0.99998,20,12F
NONCBL#ERR1799724#2,False,True,True,True,0.453,-5.309,UNKNOWN,0.999958,20,6B
NONCBL#SRR26910332#7,False,True,True,True,0.244,-5.015,UNKNOWN,0.998963,20,12F
NONCBL#ERR326372#32,False,True,True,True,0.326,-5.009,UNKNOWN,0.999265,20,19A
NONCBL#ERR13366037#27,False,True,True,True,0.267,-4.967,UNKNOWN,0.999261,20,19A
NONCBL#ERR1202248#2,False,True,True,True,0.189,-5.021,UNKNOWN,0.999906,20,12F
NONCBL#ERR2853668#2,False,True,True,True,0.396,-5.291,UNKNOWN,0.99992,20,19A
NONCBL#ERR2090263#24,False,True,True,True,0.307,-5.09,UNKNOWN,0.999681,20,10A
NONCBL#SRR26673264#4,False,True,True,True,0.249,-5.011,UNKNOWN,0.999635,20,19A
NONCBL#SRR26749376#2,False,True,True,True,0.572,-5.699,UNKNOWN,0.999986,20,12F
NONCBL#ERR433883#2,False,True,True,True,0.273,-4.954,UNKNOWN,0.999807,20,12F
NONCBL#ERR870278#2,False,True,True,True,0.278,-5.168,UNKNOWN,0.999912,20,19A
NONCBL#SRR26910977#5,False,True,True,True,0.272,-5.042,UNKNOWN,0.999492,20,19A
NONCBL#ERR900682#4,False,True,True,True,0.17,-4.926,UNKNOWN,0.999617,35A_35C_42,10A
NONCBL#ERR1065667#2,False,True,True,True,0.115,-5.036,UNKNOWN,0.999634,20,25F
NONCBL#ERR316744#1,False,True,True,True,0.414,-5.351,UNKNOWN,0.999965,20,12F
NONCBL#ERR13365444#34,False,True,True,True,0.117,-5.113,UNKNOWN,0.999638,20,25F
NONCBL#ERR505472#3,False,True,True,True,0.104,-5.041,UNKNOWN,0.999532,36,10A
NONCBL#ERR1202268#2,False,True,True,True,0.427,-6.644,UNKNOWN,1.0,20,15A
NONCBL#SRR26931327#19,False,True,True,True,0.103,-5.051,UNKNOWN,0.999685,20,21
NONCBL#SRR26714126#5,False,True,True,True,0.259,-4.994,UNKNOWN,0.9997,20,12F
NONCBL#ERR908908#1,False,True,True,True,0.328,-5.152,UNKNOWN,0.999913,20,9N
NONCBL#ERR1202522#3,False,True,True,True,0.652,-5.756,UNKNOWN,0.999941,20,12F
NONCBL#ERR3303260#1,False,True,True,True,0.26,-5.318,UNKNOWN,0.999936,20,9V
NONCBL#ERR1799712#3,False,True,True,True,0.282,-5.162,UNKNOWN,0.999898,20,19A
NONCBL#SRR26834240#26,False,True,True,True,0.143,-4.842,UNKNOWN,0.998832,20,12F
NONCBL#ERR1202542#8,False,True,True,True,0.15,-4.874,UNKNOWN,0.999417,20,12F
NONCBL#ERR1065669#8,False,True,True,True,0.131,-4.939,UNKNOWN,0.999797,20,12F
NONCBL#ERR1202517#2,False,True,True,True,0.436,-5.695,UNKNOWN,0.99999,20,15B
NONCBL#SRR26797788#7,False,True,True,True,0.12,-4.869,UNKNOWN,0.999559,20,10A
NONCBL#SRR26673493#24,False,True,True,True,0.308,-5.009,UNKNOWN,0.999377,20,19A
NONCBL#ERR1202510#7,False,True,True,True,0.351,-5.032,UNKNOWN,0.999388,20,19A
NONCBL#SRR26880247#28,False,True,True,True,0.347,-5.024,UNKNOWN,0.999394,20,19A
NONCBL#SRR26714983#2,False,True,True,True,0.659,-6.008,UNKNOWN,0.999989,20,12F
NONCBL#ERR13365610#1,False,True,True,True,0.142,-4.991,UNKNOWN,0.999827,35A_35C_42,6B
NONCBL#SRR26797719#2,False,True,True,True,0.38,-5.72,UNKNOWN,0.999982,20,38
NONCBL#ERR570431#8,False,True,True,True,0.181,-5.2,UNKNOWN,0.999955,35A_35C_42,4
NONCBL#SRR26834350#1,False,True,True,True,0.157,-4.806,UNKNOWN,0.998208,20,12F
NONCBL#ERR3227726#2,False,True,True,True,0.106,-4.777,UNKNOWN,0.9966,20,25F
NONCBL#ERR1065677#2,False,True,True,True,0.335,-5.299,UNKNOWN,0.999938,35A_35C_42,4
NONCBL#ERR730805#6,False,True,True,True,0.126,-4.886,UNKNOWN,0.999039,20,25F
NONCBL#SRR26884283#7,False,True,True,True,0.286,-5.056,UNKNOWN,0.999589,20,19A
NONCBL#SRR26673302#4,False,True,True,True,0.162,-4.891,UNKNOWN,0.999339,20,12F
NONCBL#ERR2680900#2,False,True,True,True,0.472,-5.874,UNKNOWN,0.999998,20,8
NONCBL#ERR326574#12,False,True,True,True,0.277,-4.931,UNKNOWN,0.999237,20,19A
NONCBL#ERR979973#2,False,True,True,True,0.11,-4.844,UNKNOWN,0.99922,20,12F
NONCBL#ERR2089249#13,False,True,True,True,0.226,-5.014,UNKNOWN,0.999688,20,19A
NONCBL#ERR1106793#3,False,True,True,True,0.145,-4.831,UNKNOWN,0.999407,20,12F
NONCBL#SRR26714632#6,False,True,True,True,0.277,-5.07,UNKNOWN,0.999884,20,19A
NONCBL#ERR2089932#10,False,True,True,True,0.311,-4.959,UNKNOWN,0.999098,20,19A
NONCBL#SRR26789610#5,False,True,True,True,0.091,-4.956,UNKNOWN,0.999319,20,25F
NONCBL#SRR26910637#30,False,True,True,True,0.51,-5.503,UNKNOWN,0.999949,20,12F
NONCBL#ERR319395#13,False,True,True,True,0.178,-5.021,UNKNOWN,0.999683,20,19A
NONCBL#ERR1658092#2,False,True,True,True,0.147,-4.931,UNKNOWN,0.999696,20,10A
NONCBL#ERR326396#28,False,True,True,True,0.33,-5.024,UNKNOWN,0.999285,20,19A
NONCBL#SRR26910409#3,False,True,True,True,0.133,-4.899,UNKNOWN,0.999438,20,12F
NONCBL#SRR26749443#21,False,True,True,True,0.289,-5.468,UNKNOWN,0.999991,20,12F
NONCBL#ERR14654014#1,False,True,True,True,0.161,-4.768,UNKNOWN,0.998542,20,12F
NONCBL#ERR3655279#3,False,True,True,True,0.418,-5.197,UNKNOWN,0.999801,20,10A
NONCBL#ERR1788264#1,False,True,True,True,0.142,-4.79,UNKNOWN,0.999079,20,12F
NONCBL#ERR984266#2,False,True,True,True,0.217,-5.134,UNKNOWN,0.999959,20,12F
NONCBL#ERR1202552#11,False,True,True,True,0.242,-5.077,UNKNOWN,0.999818,20,19A
NONCBL#ERR1422648#1,False,True,True,True,0.083,-4.802,UNKNOWN,0.997281,20,12F
NONCBL#SRR26931126#6,False,True,True,True,0.192,-5.294,UNKNOWN,0.999965,20,21
NONCBL#ERR908915#1,False,True,True,True,0.136,-5.022,UNKNOWN,0.998998,20,12F
NONCBL#ERR1065766#2,False,True,True,True,0.366,-5.186,UNKNOWN,0.999877,20,12F
NONCBL#ERR316735#4,False,True,True,True,0.307,-5.01,UNKNOWN,0.999474,20,19A
NONCBL#ERR1066029#22,False,True,True,True,0.231,-4.914,UNKNOWN,0.99967,20,6A
NONCBL#SRR26789859#5,False,True,True,True,0.304,-5.139,UNKNOWN,0.999876,20,19A
NONCBL#ERR7568070#1,False,True,True,True,0.354,-5.076,UNKNOWN,0.999514,20,19A
NONCBL#ERR1202228#1,False,True,True,True,0.129,-4.867,UNKNOWN,0.999469,20,12F
NONCBL#SRR26910607#2,False,True,True,True,0.331,-5.543,UNKNOWN,0.999931,20,8
NONCBL#SRR26673417#1,False,True,True,True,0.133,-5.119,UNKNOWN,0.999897,20,10A
NONCBL#ERR1192022#2,False,True,True,True,0.098,-5.337,UNKNOWN,0.999918,20,11E
NONCBL#SRR26930163#3,False,True,True,True,0.104,-5.031,UNKNOWN,0.999732,20,6B
NONCBL#SRR26834065#1,False,True,True,True,0.378,-5.664,UNKNOWN,0.99999,20,38
NONCBL#ERR1788395#19,False,True,True,True,0.306,-5.386,UNKNOWN,0.999993,35A_35C_42,6B
NONCBL#ERR1799711#3,False,True,True,True,0.194,-5.25,UNKNOWN,0.999974,20,15B
NONCBL#ERR13365701#1,False,True,True,True,0.288,-5.03,UNKNOWN,0.999796,20,19A
NONCBL#ERR9796501#1,False,True,True,True,0.189,-4.892,UNKNOWN,0.999575,20,12F
NONCBL#ERR730591#2,False,True,True,True,0.411,-5.308,UNKNOWN,0.99996,20,19A
NONCBL#ERR2089354#2,False,True,True,True,0.466,-5.494,UNKNOWN,0.999966,20,12F
NONCBL#ERR774498#2,False,True,True,True,0.134,-4.859,UNKNOWN,0.999547,20,10F
NONCBL#ERR774227#21,False,True,True,True,0.237,-5.107,UNKNOWN,0.999745,20,19A
NONCBL#ERR1422687#3,False,True,True,True,0.325,-5.229,UNKNOWN,0.999935,20,19A
NONCBL#ERR909041#7,False,True,True,True,0.359,-5.062,UNKNOWN,0.999531,20,19A
NONCBL#SRR26880410#2,False,True,True,True,0.113,-4.885,UNKNOWN,0.999236,20,6B
NONCBL#SRR26818221#15,False,True,True,True,0.177,-4.977,UNKNOWN,0.999673,20,19A
NONCBL#ERR449257#24,False,True,True,True,0.294,-5.154,UNKNOWN,0.999899,20,19A
NONCBL#ERR2091187#3,False,True,True,True,0.199,-5.409,UNKNOWN,0.999979,20,8
NONCBL#ERR714591#1,False,True,True,True,0.129,-4.949,UNKNOWN,0.999658,20,21
NONCBL#SRR26879585#1,False,True,True,True,0.147,-4.907,UNKNOWN,0.999662,20,10A
NONCBL#SRR26749372#1,False,True,True,True,0.338,-5.132,UNKNOWN,0.999899,20,6B
NONCBL#ERR433598#17,False,True,True,True,0.514,-5.54,UNKNOWN,0.999942,20,15B
NONCBL#SRR26834496#11,False,True,True,True,0.092,-4.765,UNKNOWN,0.998636,20,12F
NONCBL#ERR862399#22,False,True,True,True,0.309,-5.113,UNKNOWN,0.99972,20,19A
NONCBL#ERR596394#1,False,True,True,True,0.351,-5.213,UNKNOWN,0.999632,20,14
NONCBL#SRR26817957#4,False,True,True,True,0.109,-4.954,UNKNOWN,0.998732,20,25F
NONCBL#ERR2089053#14,False,True,True,True,0.294,-5.054,UNKNOWN,0.999679,20,19A
NONCBL#SRR26789423#2,False,True,True,True,0.076,-4.773,UNKNOWN,0.998185,20,19A
NONCBL#ERR1788172#4,False,True,True,True,0.372,-5.066,UNKNOWN,0.999565,20,19A
NONCBL#ERR1658211#7,False,True,True,True,0.186,-4.883,UNKNOWN,0.999527,20,12F
NONCBL#SRR26749450#7,False,True,True,True,0.272,-5.042,UNKNOWN,0.999492,20,19A
NONCBL#ERR1658096#25,False,True,True,True,0.302,-5.058,UNKNOWN,0.999865,20,12F
NONCBL#ERR1788044#5,False,True,True,True,0.263,-5.062,UNKNOWN,0.999729,20,19A
NONCBL#ERR13365885#5,False,True,True,True,0.19,-5.297,UNKNOWN,0.999974,20,19A
NONCBL#SRR26749936#1,False,True,True,True,0.233,-4.884,UNKNOWN,0.999601,20,12F
NONCBL#ERR1453519#12,False,True,True,True,0.11,-4.982,UNKNOWN,0.999386,35A_35C_42,12F
NONCBL#SRR26673451#3,False,True,True,True,0.428,-5.331,UNKNOWN,0.999868,20,6B
NONCBL#ERR13365715#6,False,True,True,True,0.123,-4.982,UNKNOWN,0.999219,20,25F
NONCBL#SRR26797683#15,False,True,True,True,0.198,-4.972,UNKNOWN,0.999485,20,12F
NONCBL#SRR26594843#7,False,True,True,True,0.219,-4.973,UNKNOWN,0.999716,20,12F
NONCBL#ERR1430950#1,False,True,True,True,0.31,-5.495,UNKNOWN,0.999988,20,11A
NONCBL#ERR925393#10,False,True,True,True,0.371,-5.185,UNKNOWN,0.999852,20,19A
NONCBL#ERR2090722#5,False,True,True,True,0.192,-4.921,UNKNOWN,0.999614,20,12F
NONCBL#ERR568741#18,False,True,True,True,0.219,-5.194,UNKNOWN,0.999937,20,19A
NONCBL#ERR1065986#19,False,True,True,True,0.198,-5.221,UNKNOWN,0.99995,20,12F
NONCBL#ERR979876#26,False,True,True,True,0.318,-5.234,UNKNOWN,0.999926,20,19A
NONCBL#ERR2090307#1,False,True,True,True,0.13,-5.075,UNKNOWN,0.99982,20,12F
NONCBL#ERR1453712#3,False,True,True,True,0.142,-4.953,UNKNOWN,0.999825,20,12F
NONCBL#SRR26595119#1,False,True,True,True,0.272,-5.042,UNKNOWN,0.999492,20,19A
NONCBL#ERR13364431#2,False,True,True,True,0.299,-5.049,UNKNOWN,0.999898,20,6B
NONCBL#ERR3899475#11,False,True,True,True,0.194,-4.962,UNKNOWN,0.999717,35A_35C_42,10A
NONCBL#ERR13374724#11,False,True,True,True,0.282,-5.057,UNKNOWN,0.999755,20,19A
NONCBL#ERR884430#1,False,True,True,True,0.232,-5.747,UNKNOWN,0.99998,20,11B
NONCBL#SRR26749569#17,False,True,True,True,0.378,-5.351,UNKNOWN,0.999964,20,12F
NONCBL#ERR3303396#14,False,True,True,True,0.303,-4.937,UNKNOWN,0.999422,20,19A
NONCBL#ERR13365710#23,False,True,True,True,0.159,-5.151,UNKNOWN,0.999754,20,25F
NONCBL#ERR862429#27,False,True,True,True,0.617,-5.743,UNKNOWN,0.999992,35A_35C_42,6B
NONCBL#ERR1065391#13,False,True,True,True,0.224,-5.291,UNKNOWN,0.99999,35A_35C_42,12F
NONCBL#ERR1836939#5,False,True,True,True,0.158,-4.791,UNKNOWN,0.999212,20,12F
NONCBL#ERR662380#1,False,True,True,True,0.448,-5.529,UNKNOWN,0.999985,20,12F
NONCBL#SRR26673661#11,False,True,True,True,0.305,-5.024,UNKNOWN,0.999616,20,19A
NONCBL#ERR3796187#5,False,True,True,True,0.17,-5.108,UNKNOWN,0.999811,20,25F
NONCBL#ERR862483#36,False,True,True,True,0.35,-5.117,UNKNOWN,0.999711,20,19A
NONCBL#ERR870013#11,False,True,True,True,0.409,-5.478,UNKNOWN,0.999961,20,8
NONCBL#ERR568555#22,False,True,True,True,0.316,-5.153,UNKNOWN,0.999755,20,19A
NONCBL#ERR7567800#5,False,True,True,True,0.178,-4.975,UNKNOWN,0.999467,20,6B
NONCBL#ERR1540804#1,False,True,True,True,0.114,-5.111,UNKNOWN,0.99981,20,25F
NONCBL#SRR26594387#2,False,True,True,True,0.286,-4.946,UNKNOWN,0.999366,20,19A
NONCBL#ERR1065723#2,False,True,True,True,0.173,-4.923,UNKNOWN,0.999655,20,12F
NONCBL#SRR26883876#11,False,True,True,True,0.184,-4.948,UNKNOWN,0.999385,20,12F
NONCBL#ERR646547#1,False,True,True,True,0.153,-5.174,UNKNOWN,0.999907,20,4
NONCBL#ERR2667759#2,False,True,True,True,0.166,-5.155,UNKNOWN,0.999947,20,6A
NONCBL#SRR26878025#2,False,True,True,True,0.372,-5.127,UNKNOWN,0.999762,20,12F
NONCBL#ERR876456#1,False,True,True,True,0.28,-4.921,UNKNOWN,0.999253,20,19A
NONCBL#ERR1065976#25,False,True,True,True,0.358,-4.984,UNKNOWN,0.999218,20,19A
NONCBL#ERR13364658#1,False,True,True,True,0.108,-4.862,UNKNOWN,0.999564,20,19A
NONCBL#ERR505592#20,False,True,True,True,0.099,-4.828,UNKNOWN,0.999361,20,16F
NONCBL#SRR26818043#2,False,True,True,True,0.596,-6.068,UNKNOWN,0.999987,20,31
NONCBL#ERR913161#26,False,True,True,True,0.089,-4.841,UNKNOWN,0.999176,20,12F
NONCBL#SRR26910741#36,False,True,True,True,0.652,-5.966,UNKNOWN,0.999986,20,12F
NONCBL#ERR506025#2,False,True,True,True,0.24,-4.958,UNKNOWN,0.999455,20,19A
NONCBL#ERR1422498#27,False,True,True,True,0.386,-5.055,UNKNOWN,0.999442,20,19A
NONCBL#SRR26879604#1,False,True,True,True,0.359,-5.16,UNKNOWN,0.999902,35A_35C_42,6B
NONCBL#SRR26714463#1,False,True,True,True,0.3,-5.138,UNKNOWN,0.999858,20,19A
NONCBL#ERR1065559#14,False,True,True,True,0.182,-5.109,UNKNOWN,0.999874,20,14
NONCBL#ERR997524#5,False,True,True,True,0.128,-4.802,UNKNOWN,0.998421,20,25F
NONCBL#ERR433707#1,False,True,True,True,0.11,-4.868,UNKNOWN,0.999593,20,19A
NONCBL#ERR913512#1,False,True,True,True,0.5,-5.324,UNKNOWN,0.999865,20,19A
NONCBL#SRR26749818#1,False,True,True,True,0.402,-5.413,UNKNOWN,0.999984,20,12F
NONCBL#ERR2091139#8,False,True,True,True,0.167,-5.054,UNKNOWN,0.999885,20,12F
NONCBL#ERR869850#2,False,True,True,True,0.371,-5.31,UNKNOWN,0.999932,20,12F
NONCBL#SRR26877825#1,False,True,True,True,0.129,-4.996,UNKNOWN,0.999516,20,25F
NONCBL#ERR1106774#8,False,True,True,True,0.099,-4.782,UNKNOWN,0.998988,20,6B
NONCBL#ERR742625#1,False,True,True,True,0.141,-4.926,UNKNOWN,0.999755,20,12F
NONCBL#ERR774712#1,False,True,True,True,0.43,-6.491,UNKNOWN,0.999999,20,48
NONCBL#ERR1658080#2,False,True,True,True,0.127,-4.828,UNKNOWN,0.998834,20,12F
NONCBL#ERR13364592#11,False,True,True,True,0.359,-5.023,UNKNOWN,0.99935,20,19A
NONCBL#ERR662437#64,False,True,True,True,0.178,-4.854,UNKNOWN,0.997737,20,25F
NONCBL#ERR2090958#26,False,True,True,True,0.286,-5.26,UNKNOWN,0.99997,35A_35C_42,12F
NONCBL#ERR909025#25,False,True,True,True,0.256,-4.925,UNKNOWN,0.999609,20,6A
NONCBL#ERR2612039#5,False,True,True,True,0.149,-4.909,UNKNOWN,0.999612,20,6A
NONCBL#ERR862404#7,False,True,True,True,0.425,-5.474,UNKNOWN,0.999989,35A_35C_42,12F
NONCBL#SRR26594294#16,False,True,True,True,0.281,-4.92,UNKNOWN,0.9996,20,12F
NONCBL#ERR2667720#26,False,True,True,True,0.351,-5.049,UNKNOWN,0.999536,20,19A
NONCBL#ERR774104#1,False,True,True,True,0.239,-4.985,UNKNOWN,0.999326,20,19A
NONCBL#ERR632993#7,False,True,True,True,0.247,-4.975,UNKNOWN,0.999598,20,19A
NONCBL#SRR26673043#26,False,True,True,True,0.269,-5.049,UNKNOWN,0.999568,20,19A
NONCBL#SRR26594392#16,False,True,True,True,0.211,-4.938,UNKNOWN,0.998851,20,12F
NONCBL#SRR26930590#3,False,True,True,True,0.272,-5.042,UNKNOWN,0.999492,20,19A
NONCBL#ERR13374816#8,False,True,True,True,0.137,-5.007,UNKNOWN,0.999915,20,6B
NONCBL#ERR433879#24,False,True,True,True,0.15,-4.936,UNKNOWN,0.99947,35A_35C_42,25F
NONCBL#ERR1756412#1,False,True,True,True,0.215,-5.081,UNKNOWN,0.999854,20,10A
NONCBL#SRR26834356#1,False,True,True,True,0.184,-4.863,UNKNOWN,0.998699,20,19A
NONCBL#SRR26930307#3,False,True,True,True,0.256,-5.186,UNKNOWN,0.999941,20,19A
NONCBL#ERR13365739#5,False,True,True,True,0.37,-5.054,UNKNOWN,0.999361,20,19A
NONCBL#ERR997531#5,False,True,True,True,0.155,-4.861,UNKNOWN,0.999144,36,6B
NONCBL#ERR2681003#9,False,True,True,True,0.471,-5.252,UNKNOWN,0.999726,20,12F
NONCBL#ERR774615#10,False,True,True,True,0.323,-5.185,UNKNOWN,0.999888,20,12F
NONCBL#SRR26883788#5,False,True,True,True,0.334,-5.323,UNKNOWN,0.999958,20,19A
NONCBL#ERR2681353#1,False,True,True,True,0.234,-5.066,UNKNOWN,0.999907,20,6B
NONCBL#ERR774623#8,False,True,True,True,0.284,-5.158,UNKNOWN,0.999921,20,19A
NONCBL#ERR1066313#6,False,True,True,True,0.339,-5.32,UNKNOWN,0.999957,20,19A
NONCBL#SRR26878046#14,False,True,True,True,0.303,-5.001,UNKNOWN,0.999515,20,19A
NONCBL#ERR909148#20,False,True,True,True,0.363,-5.314,UNKNOWN,0.999883,20,19A
NONCBL#ERR1756473#2,False,True,True,True,0.076,-4.806,UNKNOWN,0.99378,20,25F
NONCBL#SRR26673032#5,False,True,True,True,0.177,-5.084,UNKNOWN,0.999783,20,25F
NONCBL#SRR26749346#4,False,True,True,True,0.156,-4.877,UNKNOWN,0.99966,20,12F
NONCBL#SRR26883761#1,False,True,True,True,0.134,-4.813,UNKNOWN,0.998325,20,25F
NONCBL#ERR730517#1,False,True,True,True,0.264,-4.897,UNKNOWN,0.998968,20,19A
NONCBL#ERR340823#28,False,True,True,True,0.17,-5.374,UNKNOWN,0.999981,20,12F
NONCBL#ERR2090418#4,False,True,True,True,0.409,-5.507,UNKNOWN,0.999986,20,12F
NONCBL#ERR2089716#1,False,True,True,True,0.479,-5.528,UNKNOWN,0.999964,20,12F
NONCBL#SRR26797559#2,False,True,True,True,0.172,-5.105,UNKNOWN,0.999943,20,10A
NONCBL#ERR925359#1,False,True,True,True,0.672,-6.008,UNKNOWN,0.999969,20,9V
NONCBL#ERR2681030#7,False,True,True,True,0.095,-4.819,UNKNOWN,0.999187,20,6B
NONCBL#ERR3796678#9,False,True,True,True,0.119,-4.924,UNKNOWN,0.999562,20,12F
NONCBL#ERR1422451#5,False,True,True,True,0.08,-4.793,UNKNOWN,0.998086,20,25F
NONCBL#ERR925287#1,False,True,True,True,0.111,-4.966,UNKNOWN,0.999499,20,25F
NONCBL#SRR26883960#2,False,True,True,True,0.281,-4.945,UNKNOWN,0.999499,20,19A
NONCBL#ERR925372#1,False,True,True,True,0.125,-4.802,UNKNOWN,0.997469,20,25F
NONCBL#SRR26930942#1,False,True,True,True,0.206,-5.428,UNKNOWN,0.999989,20,14
NONCBL#ERR13364893#5,False,True,True,True,0.12,-4.887,UNKNOWN,0.998239,20,25F
NONCBL#SRR26749971#1,False,True,True,True,0.109,-4.927,UNKNOWN,0.999564,20,6B
NONCBL#SRR26911012#5,False,True,True,True,0.299,-5.562,UNKNOWN,0.999975,20,38
NONCBL#SRR26877915#14,False,True,True,True,0.126,-4.929,UNKNOWN,0.999528,20,19A
NONCBL#ERR979983#24,False,True,True,True,0.241,-5.2,UNKNOWN,0.999966,20,12F
NONCBL#ERR1106662#1,False,True,True,True,0.346,-5.007,UNKNOWN,0.999265,20,19A
NONCBL#SRR26673024#5,False,True,True,True,0.15,-4.893,UNKNOWN,0.999221,20,12F
NONCBL#ERR3796839#6,False,True,True,True,0.235,-5.085,UNKNOWN,0.999928,20,12F
NONCBL#SRR26749428#4,False,True,True,True,0.378,-5.059,UNKNOWN,0.999452,20,19A
NONCBL#SRR26880145#1,False,True,True,True,0.3,-5.142,UNKNOWN,0.999858,20,19A
NONCBL#SRR26594443#15,False,True,True,True,0.134,-4.921,UNKNOWN,0.999396,20,19A
NONCBL#SRR26884531#1,False,True,True,True,0.2,-4.992,UNKNOWN,0.999738,20,9N
NONCBL#ERR2089944#4,False,True,True,True,0.108,-4.825,UNKNOWN,0.999033,20,6B
NONCBL#ERR1065898#6,False,True,True,True,0.2,-4.981,UNKNOWN,0.99978,20,10A
NONCBL#ERR730280#1,False,True,True,True,0.299,-5.217,UNKNOWN,0.999954,20,12F
NONCBL#SRR26789568#1,False,True,True,True,0.222,-5.124,UNKNOWN,0.99992,20,10A
NONCBL#ERR742562#2,False,True,True,True,0.35,-5.164,UNKNOWN,0.999761,20,19A
NONCBL#ERR1288932#23,False,True,True,True,0.269,-5.194,UNKNOWN,0.999965,35A_35C_42,12F
NONCBL#ERR3227786#1,False,True,True,True,0.477,-5.346,UNKNOWN,0.99992,20,12F
NONCBL#ERR467045#2,False,True,True,True,0.107,-4.976,UNKNOWN,0.999718,20,9V
NONCBL#ERR2681067#5,False,True,True,True,0.109,-5.027,UNKNOWN,0.999765,20,6B
NONCBL#ERR750929#11,False,True,True,True,0.196,-4.984,UNKNOWN,0.999758,36,10A
NONCBL#ERR516655#1,False,True,True,True,0.386,-5.395,UNKNOWN,0.999915,20,12F
NONCBL#SRR26884481#8,False,True,True,True,0.202,-4.852,UNKNOWN,0.999423,20,12F
NONCBL#ERR2090316#1,False,True,True,True,0.21,-5.057,UNKNOWN,0.999793,20,12F
NONCBL#ERR925342#12,False,True,True,True,0.128,-4.943,UNKNOWN,0.9995,20,12F
NONCBL#ERR870129#5,False,True,True,True,0.188,-4.86,UNKNOWN,0.999479,20,12F
NONCBL#SRR26883992#11,False,True,True,True,0.108,-4.917,UNKNOWN,0.998714,20,12F
NONCBL#SRR26797537#4,False,True,True,True,0.157,-4.904,UNKNOWN,0.999414,20,12F
NONCBL#ERR2091193#4,False,True,True,True,0.149,-4.862,UNKNOWN,0.9986,20,6B
NONCBL#ERR13365082#1,False,True,True,True,0.3,-5.14,UNKNOWN,0.999858,20,19A
NONCBL#SRR26883798#1,False,True,True,True,0.134,-4.923,UNKNOWN,0.998517,20,25F
NONCBL#ERR331395#1,False,True,True,True,0.084,-4.798,UNKNOWN,0.994228,20,12F
NONCBL#SRR26910541#4,False,True,True,True,0.258,-5.06,UNKNOWN,0.999718,20,19A
NONCBL#ERR311079#22,False,True,True,True,0.328,-5.359,UNKNOWN,0.999965,20,19A
NONCBL#SRR26833817#26,False,True,True,True,0.214,-5.303,UNKNOWN,0.999991,35A_35C_42,6B
NONCBL#ERR980183#1,False,True,True,True,0.084,-4.875,UNKNOWN,0.998829,20,23B
NONCBL#ERR13364943#2,False,True,True,True,0.14,-4.911,UNKNOWN,0.997975,20,25F
NONCBL#SRR26673488#12,False,True,True,True,0.232,-5.055,UNKNOWN,0.999718,20,12F
NONCBL#ERR13364983#1,False,True,True,True,0.206,-5.356,UNKNOWN,0.999961,20,7F
NONCBL#ERR1788036#7,False,True,True,True,0.236,-5.101,UNKNOWN,0.999699,20,18F
NONCBL#SRR26594256#1,False,True,True,True,0.117,-4.963,UNKNOWN,0.999742,20,10A
NONCBL#ERR1422484#18,False,True,True,True,0.249,-5.448,UNKNOWN,0.999997,35A_35C_42,6B
NONCBL#SRR26714495#22,False,True,True,True,0.643,-6.088,UNKNOWN,0.999996,36,8
NONCBL#ERR501595#36,False,True,True,True,0.137,-4.924,UNKNOWN,0.999414,35A_35C_42,25F
NONCBL#SRR26930314#17,False,True,True,True,0.17,-5.374,UNKNOWN,0.999981,20,12F
NONCBL#ERR13365510#1,False,True,True,True,0.319,-5.207,UNKNOWN,0.999884,20,19A
NONCBL#ERR730675#1,False,True,True,True,0.123,-4.983,UNKNOWN,0.9997,20,9N
NONCBL#ERR1453686#1,False,True,True,True,0.262,-5.005,UNKNOWN,0.999506,20,19A
NONCBL#SRR26750146#18,False,True,True,True,0.266,-5.232,UNKNOWN,0.999952,20,19A
NONCBL#ERR742829#1,False,True,True,True,0.114,-4.865,UNKNOWN,0.99906,20,25F
NONCBL#ERR1106675#5,False,True,True,True,0.168,-4.843,UNKNOWN,0.999521,20,12F
NONCBL#SRR26878387#28,False,True,True,True,0.27,-5.047,UNKNOWN,0.999558,20,19A
NONCBL#SRR26931790#9,False,True,True,True,0.163,-4.919,UNKNOWN,0.999494,20,12F
NONCBL#ERR570445#1,False,True,True,True,0.575,-5.653,UNKNOWN,0.99994,20,12F
NONCBL#ERR13365642#27,False,True,True,True,0.33,-5.149,UNKNOWN,0.999813,20,19A
NONCBL#ERR1430860#6,False,True,True,True,0.183,-4.927,UNKNOWN,0.999585,35A_35C_42,6B
NONCBL#SRR26797816#1,False,True,True,True,0.217,-4.962,UNKNOWN,0.999804,20,12F
NONCBL#ERR750905#10,False,True,True,True,0.212,-4.921,UNKNOWN,0.999531,35A_35C_42,6B
NONCBL#ERR600426#4,False,True,True,True,0.428,-5.165,UNKNOWN,0.999572,20,19A
NONCBL#SRR26931195#20,False,True,True,True,0.301,-5.048,UNKNOWN,0.999555,20,19A
NONCBL#ERR1065842#19,False,True,True,True,0.411,-5.155,UNKNOWN,0.999646,20,19A
NONCBL#ERR773944#14,False,True,True,True,0.758,-6.318,UNKNOWN,0.999992,20,14
NONCBL#ERR1065858#8,False,True,True,True,0.308,-5.294,UNKNOWN,0.999958,20,19A
NONCBL#ERR13375096#2,False,True,True,True,0.128,-4.88,UNKNOWN,0.999499,20,12F
NONCBL#ERR1214464#1,False,True,True,True,0.372,-5.201,UNKNOWN,0.999927,20,19A
NONCBL#ERR714549#1,False,True,True,True,0.615,-5.79,UNKNOWN,0.999987,20,12F
NONCBL#SRR26714452#19,False,True,True,True,0.335,-5.022,UNKNOWN,0.999536,20,19A
NONCBL#ERR14653920#1,False,True,True,True,0.187,-5.138,UNKNOWN,0.999919,20,19A
NONCBL#SRR26749760#35,False,True,True,True,0.254,-4.917,UNKNOWN,0.999308,20,19A
NONCBL#SRR26797153#4,False,True,True,True,0.293,-5.065,UNKNOWN,0.99987,20,19A
NONCBL#ERR1106755#4,False,True,True,True,0.216,-4.977,UNKNOWN,0.999676,20,10A
NONCBL#SRR26797814#1,False,True,True,True,0.315,-5.12,UNKNOWN,0.999773,20,19A
NONCBL#ERR870137#4,False,True,True,True,0.426,-5.162,UNKNOWN,0.999566,20,19A
NONCBL#SRR26884396#1,False,True,True,True,0.489,-5.533,UNKNOWN,0.999978,20,12F
NONCBL#SRR26818569#1,False,True,True,True,0.512,-5.668,UNKNOWN,0.999993,20,12F
NONCBL#SRR26879743#32,False,True,True,True,0.117,-5.113,UNKNOWN,0.999638,20,25F
NONCBL#ERR2090325#1,False,True,True,True,0.151,-4.931,UNKNOWN,0.99975,20,6B
NONCBL#ERR352025#28,False,True,True,True,0.142,-5.153,UNKNOWN,0.999953,20,22F
NONCBL#ERR714623#2,False,True,True,True,0.323,-5.161,UNKNOWN,0.999853,20,19A
NONCBL#ERR8481750#2,False,True,True,True,0.199,-5.111,UNKNOWN,0.999951,20,9V
NONCBL#ERR7568094#5,False,True,True,True,0.462,-5.269,UNKNOWN,0.99982,20,10A
NONCBL#ERR730761#1,False,True,True,True,0.248,-4.927,UNKNOWN,0.99973,20,12F
NONCBL#ERR730943#15,False,True,True,True,0.305,-4.971,UNKNOWN,0.999457,20,19A
NONCBL#SRR26880360#3,False,True,True,True,0.221,-5.108,UNKNOWN,0.99986,20,12F
NONCBL#ERR870016#2,False,True,True,True,0.214,-5.072,UNKNOWN,0.999855,20,12F
NONCBL#ERR600504#2,False,True,True,True,0.305,-5.224,UNKNOWN,0.999917,20,12F
NONCBL#SRR26818073#2,False,True,True,True,0.132,-5.064,UNKNOWN,0.999859,20,10A
NONCBL#ERR862502#16,False,True,True,True,0.243,-5.168,UNKNOWN,0.999941,20,19A
NONCBL#ERR568681#9,False,True,True,True,0.239,-4.985,UNKNOWN,0.999326,20,19A
NONCBL#ERR909078#1,False,True,True,True,0.225,-4.956,UNKNOWN,0.999787,20,12F
NONCBL#ERR13374906#1,False,True,True,True,0.243,-5.044,UNKNOWN,0.999828,20,12F
NONCBL#SRR26594777#7,False,True,True,True,0.144,-4.916,UNKNOWN,0.999262,20,12F
NONCBL#ERR2090475#11,False,True,True,True,0.262,-5.081,UNKNOWN,0.999747,20,12F
NONCBL#SRR26789841#28,False,True,True,True,0.286,-5.092,UNKNOWN,0.999675,20,19A
NONCBL#ERR1788571#4,False,True,True,True,0.2,-4.931,UNKNOWN,0.999512,35A_35C_42,10A
NONCBL#SRR26817864#15,False,True,True,True,0.215,-4.988,UNKNOWN,0.998791,20,12F
NONCBL#ERR2667482#1,False,True,True,True,0.469,-5.35,UNKNOWN,0.999947,20,19A
NONCBL#ERR506046#54,False,True,True,True,0.178,-4.854,UNKNOWN,0.997737,20,25F
NONCBL#SRR26884234#1,False,True,True,True,0.372,-5.335,UNKNOWN,0.999931,20,12F
NONCBL#SRR26673193#7,False,True,True,True,0.119,-5.093,UNKNOWN,0.999935,35A_35C_42,6B
NONCBL#ERR980270#7,False,True,True,True,0.139,-4.797,UNKNOWN,0.999478,20,19A
NONCBL#ERR730240#18,False,True,True,True,0.259,-5.426,UNKNOWN,0.999995,35A_35C_42,12F
NONCBL#SRR26817804#9,False,True,True,True,0.215,-5.0,UNKNOWN,0.999582,20,12F
NONCBL#ERR742346#13,False,True,True,True,0.221,-4.986,UNKNOWN,0.999099,20,12F
NONCBL#ERR979942#1,False,True,True,True,0.321,-5.311,UNKNOWN,0.99996,20,19A
NONCBL#ERR742621#1,False,True,True,True,0.321,-4.973,UNKNOWN,0.999585,20,19A
NONCBL#ERR2090569#2,False,True,True,True,0.36,-5.295,UNKNOWN,0.999936,20,19A
NONCBL#ERR1214639#9,False,True,True,True,0.353,-5.37,UNKNOWN,0.999977,20,12F
NONCBL#SRR26673019#1,False,True,True,True,0.249,-5.035,UNKNOWN,0.999548,35A_35C_42,10A
NONCBL#ERR13364654#10,False,True,True,True,0.384,-5.053,UNKNOWN,0.999353,20,19A
NONCBL#ERR3899340#1,False,True,True,True,0.389,-5.198,UNKNOWN,0.999793,20,12F
NONCBL#SRR26797780#1,False,True,True,True,0.547,-5.615,UNKNOWN,0.999984,20,12F
NONCBL#ERR13375009#1,False,True,True,True,0.834,-6.741,UNKNOWN,0.999993,20,12F
NONCBL#ERR9796442#10,False,True,True,True,0.195,-4.946,UNKNOWN,0.999454,35A_35C_42,10A
NONCBL#SRR26833579#2,False,True,True,True,0.146,-5.123,UNKNOWN,0.999839,20,4
NONCBL#SRR26878655#3,False,True,True,True,0.27,-5.186,UNKNOWN,0.999934,20,19A
NONCBL#ERR997545#1,False,True,True,True,0.197,-4.9,UNKNOWN,0.999727,20,19A
NONCBL#SRR26673306#6,False,True,True,True,0.122,-4.807,UNKNOWN,0.998203,20,12F
NONCBL#ERR3899439#8,False,True,True,True,0.311,-5.059,UNKNOWN,0.999605,20,19A
NONCBL#ERR876524#15,False,True,True,True,0.233,-5.114,UNKNOWN,0.999873,20,14
NONCBL#ERR774260#2,False,True,True,True,0.123,-4.855,UNKNOWN,0.999543,20,19A
NONCBL#SRR26931721#1,False,True,True,True,0.331,-5.119,UNKNOWN,0.999722,20,19A
NONCBL#SRR26673442#1,False,True,True,True,0.367,-5.661,UNKNOWN,0.999941,20,8
NONCBL#ERR714337#9,False,True,True,True,0.323,-4.986,UNKNOWN,0.999359,20,19A
NONCBL#ERR13364418#20,False,True,True,True,0.373,-5.398,UNKNOWN,0.999982,20,12F
NONCBL#ERR13364645#7,False,True,True,True,0.274,-5.051,UNKNOWN,0.999728,20,19A
NONCBL#SRR26818223#4,False,True,True,True,0.182,-5.119,UNKNOWN,0.999946,35A_35C_42,12F
NONCBL#ERR1658086#6,False,True,True,True,0.165,-5.287,UNKNOWN,0.999933,20,48
NONCBL#ERR751014#5,False,True,True,True,0.21,-5.145,UNKNOWN,0.999947,20,19A
NONCBL#SRR26878477#4,False,True,True,True,0.176,-4.94,UNKNOWN,0.999771,20,12F
NONCBL#ERR730763#7,False,True,True,True,0.17,-5.032,UNKNOWN,0.999863,20,6B
NONCBL#ERR1202178#2,False,True,True,True,0.224,-5.084,UNKNOWN,0.999863,20,21
NONCBL#SRR26910384#2,False,True,True,True,0.221,-4.944,UNKNOWN,0.999707,20,9V
NONCBL#SRR26834294#2,False,True,True,True,0.402,-5.329,UNKNOWN,0.999926,20,12F
NONCBL#SRR26749571#5,False,True,True,True,0.157,-5.096,UNKNOWN,0.999774,20,25F
NONCBL#SRR26931300#3,False,True,True,True,0.227,-4.942,UNKNOWN,0.99923,20,12F
NONCBL#ERR3303341#1,False,True,True,True,0.117,-5.095,UNKNOWN,0.99978,20,10A
NONCBL#SRR26930159#4,False,True,True,True,0.272,-5.042,UNKNOWN,0.999492,20,19A
NONCBL#ERR1788270#2,False,True,True,True,0.352,-5.004,UNKNOWN,0.999303,20,19A
NONCBL#SRR26817945#1,False,True,True,True,0.252,-5.061,UNKNOWN,0.999892,20,12F
NONCBL#SRR26910371#1,False,True,True,True,0.134,-4.894,UNKNOWN,0.999555,20,12F
NONCBL#ERR1065695#1,False,True,True,True,0.297,-5.286,UNKNOWN,0.99998,20,12F
NONCBL#ERR326446#36,False,True,True,True,0.261,-4.997,UNKNOWN,0.999437,20,19A
NONCBL#SRR26930767#4,False,True,True,True,0.154,-4.907,UNKNOWN,0.99941,20,12F
NONCBL#ERR2089365#1,False,True,True,True,0.236,-4.997,UNKNOWN,0.999852,20,12F
NONCBL#ERR913544#46,False,True,True,True,0.132,-4.826,UNKNOWN,0.998317,20,25F
NONCBL#ERR4501357#1,False,True,True,True,0.192,-4.947,UNKNOWN,0.999777,20,19A
NONCBL#ERR13365299#10,False,True,True,True,0.188,-5.006,UNKNOWN,0.999509,20,19A
NONCBL#ERR774089#1,False,True,True,True,0.342,-5.172,UNKNOWN,0.999929,20,19A
NONCBL#ERR326378#14,False,True,True,True,0.164,-5.192,UNKNOWN,0.99996,35A_35C_42,12F
NONCBL#SRR26880126#8,False,True,True,True,0.171,-4.942,UNKNOWN,0.999811,20,12F
NONCBL#ERR596379#14,False,True,True,True,0.217,-4.974,UNKNOWN,0.999095,20,12F
NONCBL#ERR2090111#2,False,True,True,True,0.67,-6.097,UNKNOWN,0.999998,20,12F
NONCBL#SRR26789261#2,False,True,True,True,0.143,-4.95,UNKNOWN,0.999267,36,6B
NONCBL#ERR13365006#1,False,True,True,True,0.313,-5.254,UNKNOWN,0.999981,20,9V
NONCBL#ERR2667867#15,False,True,True,True,0.21,-4.954,UNKNOWN,0.999582,35A_35C_42,10A
NONCBL#ERR1422372#1,False,True,True,True,0.085,-4.823,UNKNOWN,0.997435,20,25F
NONCBL#ERR1788490#2,False,True,True,True,0.1,-4.881,UNKNOWN,0.999152,20,12F
NONCBL#ERR8481605#1,False,True,True,True,0.24,-5.311,UNKNOWN,0.999986,35A_35C_42,12F
NONCBL#ERR13365700#3,False,True,True,True,0.154,-4.996,UNKNOWN,0.999769,36,4
NONCBL#ERR13365579#2,False,True,True,True,0.191,-4.954,UNKNOWN,0.999821,20,6B
NONCBL#ERR908851#18,False,True,True,True,0.2,-5.09,UNKNOWN,0.999908,20,12F
NONCBL#ERR13364674#10,False,True,True,True,0.24,-5.01,UNKNOWN,0.999714,36,10A
NONCBL#SRR26797035#29,False,True,True,True,0.102,-4.789,UNKNOWN,0.999047,20,12F
NONCBL#ERR845741#4,False,True,True,True,0.276,-5.141,UNKNOWN,0.999863,20,19A
NONCBL#ERR870303#11,False,True,True,True,0.365,-5.227,UNKNOWN,0.999908,20,19A
NONCBL#ERR913193#5,False,True,True,True,0.285,-5.168,UNKNOWN,0.999919,20,19A
NONCBL#ERR1453623#9,False,True,True,True,0.327,-5.106,UNKNOWN,0.999728,20,19A
NONCBL#ERR633032#1,False,True,True,True,0.414,-5.563,UNKNOWN,0.99998,20,12F
NONCBL#SRR26797107#16,False,True,True,True,0.373,-5.367,UNKNOWN,0.999965,20,12F
NONCBL#ERR1658093#13,False,True,True,True,0.21,-5.048,UNKNOWN,0.999826,20,10A
NONCBL#ERR742415#20,False,True,True,True,0.299,-5.545,UNKNOWN,0.999996,6,19B
NONCBL#ERR925043#1,False,True,True,True,0.287,-5.065,UNKNOWN,0.999773,20,12F
NONCBL#ERR1202215#1,False,True,True,True,0.147,-4.986,UNKNOWN,0.999816,35A_35C_42,6B
NONCBL#ERR730445#2,False,True,True,True,0.157,-5.124,UNKNOWN,0.999875,20,37
NONCBL#SRR26833664#6,False,True,True,True,0.351,-5.315,UNKNOWN,0.999973,35A_35C_42,12F
NONCBL#SRR26672906#27,False,True,True,True,0.108,-4.884,UNKNOWN,0.999528,20,12F
NONCBL#ERR774185#1,False,True,True,True,0.192,-4.937,UNKNOWN,0.999579,20,6B
NONCBL#ERR596406#5,False,True,True,True,0.341,-5.169,UNKNOWN,0.999877,20,19A
NONCBL#SRR26749967#3,False,True,True,True,0.261,-5.087,UNKNOWN,0.99985,20,19A
NONCBL#ERR13364647#13,False,True,True,True,0.147,-4.927,UNKNOWN,0.99947,35A_35C_42,19A
NONCBL#ERR505904#1,False,True,True,True,0.118,-4.993,UNKNOWN,0.99942,36,10A
NONCBL#ERR13397676#1,False,True,True,True,0.323,-5.417,UNKNOWN,0.999925,20,9V
NONCBL#ERR751050#10,False,True,True,True,0.218,-5.217,UNKNOWN,0.999954,20,19A
NONCBL#ERR1192028#1,False,True,True,True,0.519,-5.617,UNKNOWN,0.999988,20,12F
NONCBL#ERR319340#18,False,True,True,True,0.376,-5.017,UNKNOWN,0.999162,20,19A
NONCBL#ERR1288870#1,False,True,True,True,0.189,-4.965,UNKNOWN,0.999544,20,19A
NONCBL#ERR751167#1,False,True,True,True,0.206,-5.345,UNKNOWN,0.999993,20,6B
NONCBL#SRR26833619#13,False,True,True,True,0.119,-4.982,UNKNOWN,0.999612,36,10A
NONCBL#SRR26931313#10,False,True,True,True,0.15,-4.972,UNKNOWN,0.999762,20,14
NONCBL#SRR26797493#1,False,True,True,True,0.255,-5.089,UNKNOWN,0.999802,20,19A
NONCBL#ERR568521#7,False,True,True,True,0.349,-5.013,UNKNOWN,0.999291,20,19A
NONCBL#SRR26594702#6,False,True,True,True,0.37,-5.173,UNKNOWN,0.999932,20,9V
NONCBL#ERR742790#1,False,True,True,True,0.522,-5.278,UNKNOWN,0.999817,20,19A
NONCBL#ERR1065217#1,False,True,True,True,0.388,-5.204,UNKNOWN,0.999918,20,19A
NONCBL#SRR26797764#1,False,True,True,True,0.09,-4.937,UNKNOWN,0.999445,20,6B
NONCBL#ERR13365381#23,False,True,True,True,0.246,-5.447,UNKNOWN,0.999996,35A_35C_42,12F
NONCBL#ERR8481722#1,False,True,True,True,0.102,-4.924,UNKNOWN,0.999459,20,25F
NONCBL#SRR26931600#14,False,True,True,True,0.221,-5.168,UNKNOWN,0.99992,20,19A
NONCBL#SRR26910399#1,False,True,True,True,0.471,-5.491,UNKNOWN,0.99997,20,12F
NONCBL#SRR26672958#7,False,True,True,True,0.452,-5.457,UNKNOWN,0.999954,20,12F
NONCBL#ERR577863#2,False,True,True,True,0.126,-4.974,UNKNOWN,0.999622,20,25F
NONCBL#ERR1191828#1,False,True,True,True,0.317,-5.655,UNKNOWN,0.999989,20,15B
NONCBL#ERR1594519#5,False,True,True,True,0.263,-5.062,UNKNOWN,0.999729,20,19A
NONCBL#ERR2089186#9,False,True,True,True,0.218,-5.454,UNKNOWN,0.999997,35A_35C_42,16F
NONCBL#SRR26911008#1,False,True,True,True,0.113,-5.036,UNKNOWN,0.999817,20,37
NONCBL#ERR2667167#1,False,True,True,True,0.404,-5.426,UNKNOWN,0.999966,20,12F
NONCBL#SRR26883924#14,False,True,True,True,0.198,-5.007,UNKNOWN,0.999625,20,12F
NONCBL#SRR26930182#1,False,True,True,True,0.307,-5.15,UNKNOWN,0.999879,20,19A
NONCBL#SRR26818478#1,False,True,True,True,0.145,-4.905,UNKNOWN,0.999643,20,12F
NONCBL#SRR26878503#2,False,True,True,True,0.088,-4.957,UNKNOWN,0.997708,20,25F
NONCBL#SRR26931014#2,False,True,True,True,0.356,-5.62,UNKNOWN,0.999937,20,8
NONCBL#ERR714222#2,False,True,True,True,0.126,-5.122,UNKNOWN,0.999808,20,12F
NONCBL#ERR3796602#2,False,True,True,True,0.139,-4.818,UNKNOWN,0.999322,20,12F
NONCBL#ERR2090658#1,False,True,True,True,0.114,-4.782,UNKNOWN,0.998102,20,6A
NONCBL#ERR646546#28,False,True,True,True,0.317,-5.02,UNKNOWN,0.999638,20,19A
NONCBL#SRR26878204#16,False,True,True,True,0.177,-4.977,UNKNOWN,0.999673,20,19A
NONCBL#ERR13374790#2,False,True,True,True,0.341,-5.192,UNKNOWN,0.99987,20,12F
NONCBL#ERR3303281#2,False,True,True,True,0.3,-5.086,UNKNOWN,0.999787,20,12F
NONCBL#ERR742624#4,False,True,True,True,0.14,-4.798,UNKNOWN,0.998185,20,12F
NONCBL#ERR876770#1,False,True,True,True,0.325,-5.908,UNKNOWN,0.999998,20,48
NONCBL#ERR925241#6,False,True,True,True,0.23,-4.867,UNKNOWN,0.999371,20,19A
NONCBL#ERR2212977#8,False,True,True,True,0.276,-5.24,UNKNOWN,0.999978,35A_35C_42,12F
NONCBL#ERR340846#1,False,True,True,True,0.353,-5.534,UNKNOWN,0.999986,35A_35C_42,15A
NONCBL#ERR2681384#1,False,True,True,True,0.173,-5.089,UNKNOWN,0.999926,20,19A
NONCBL#ERR13364741#1,False,True,True,True,0.111,-4.865,UNKNOWN,0.999586,20,19A
NONCBL#SRR26910300#1,False,True,True,True,0.173,-4.892,UNKNOWN,0.999729,20,12F
NONCBL#SRR26930407#5,False,True,True,True,0.952,-8.023,UNKNOWN,0.964069,25A_25F_38,22F
NONCBL#SRR26790160#1,False,True,True,True,0.304,-5.139,UNKNOWN,0.999876,20,19A
NONCBL#ERR862429#1,False,True,True,True,0.324,-5.0,UNKNOWN,0.999352,20,19A
NONCBL#ERR9796470#1,False,True,True,True,0.279,-5.048,UNKNOWN,0.999621,20,19A
NONCBL#ERR2090690#2,False,True,True,True,0.162,-4.849,UNKNOWN,0.998941,36,6B
NONCBL#SRR26930429#2,False,True,True,True,0.449,-5.387,UNKNOWN,0.999937,20,12F
NONCBL#SRR26789678#2,False,True,True,True,0.078,-4.758,UNKNOWN,0.997873,20,6B
NONCBL#ERR662434#7,False,True,True,True,0.145,-5.136,UNKNOWN,0.99988,20,48
NONCBL#SRR26879641#15,False,True,True,True,0.366,-5.282,UNKNOWN,0.99992,20,19A
NONCBL#SRR26880389#1,False,True,True,True,0.132,-4.923,UNKNOWN,0.999657,35A_35C_42,25F
NONCBL#SRR26878127#2,False,True,True,True,0.238,-5.166,UNKNOWN,0.999836,20,12F
NONCBL#ERR774580#22,False,True,True,True,0.366,-5.042,UNKNOWN,0.999348,20,19A
NONCBL#SRR26931733#2,False,True,True,True,0.091,-4.794,UNKNOWN,0.996655,20,25F
NONCBL#ERR2090906#2,False,True,True,True,0.142,-4.956,UNKNOWN,0.999574,36,6B
NONCBL#ERR8481647#1,False,True,True,True,0.822,-6.865,UNKNOWN,0.999998,20,12F
NONCBL#ERR773841#24,False,True,True,True,0.293,-5.589,UNKNOWN,0.999993,36,8
NONCBL#SRR26797927#21,False,True,True,True,0.215,-4.823,UNKNOWN,0.999302,20,12F
NONCBL#ERR326713#18,False,True,True,True,0.17,-5.374,UNKNOWN,0.999981,20,12F
NONCBL#ERR449115#33,False,True,True,True,0.3,-4.97,UNKNOWN,0.999343,20,19A
NONCBL#ERR13365174#1,False,True,True,True,0.323,-5.162,UNKNOWN,0.999854,20,19A
NONCBL#SRR26910837#1,False,True,True,True,0.123,-4.935,UNKNOWN,0.999358,36,6B
NONCBL#ERR662388#10,False,True,True,True,0.139,-5.055,UNKNOWN,0.999777,20,48
NONCBL#SRR26750077#2,False,True,True,True,0.312,-5.181,UNKNOWN,0.999911,20,12F
NONCBL#ERR2090319#2,False,True,True,True,0.111,-5.006,UNKNOWN,0.999512,20,10A
NONCBL#ERR714580#1,False,True,True,True,0.092,-5.013,UNKNOWN,0.999441,20,21
NONCBL#ERR714534#1,False,True,True,True,0.284,-5.836,UNKNOWN,0.999996,20,9V
NONCBL#ERR2090623#21,False,True,True,True,0.244,-5.214,UNKNOWN,0.999936,20,19A
NONCBL#SRR26749700#2,False,True,True,True,0.102,-4.986,UNKNOWN,0.999529,20,21
NONCBL#ERR1192034#6,False,True,True,True,0.091,-4.847,UNKNOWN,0.99926,20,6B
NONCBL#SRR26749709#11,False,True,True,True,0.327,-5.193,UNKNOWN,0.999891,20,19A
NONCBL#ERR13364450#1,False,True,True,True,0.323,-5.173,UNKNOWN,0.999909,20,12F
NONCBL#SRR26818132#1,False,True,True,True,0.442,-5.389,UNKNOWN,0.99996,20,19A
NONCBL#SRR26930913#1,False,True,True,True,0.545,-5.677,UNKNOWN,0.999985,20,19A
NONCBL#SRR26714553#2,False,True,True,True,0.182,-5.049,UNKNOWN,0.999852,36,14
NONCBL#ERR338192#1,False,True,True,True,0.157,-4.921,UNKNOWN,0.999383,20,12F
NONCBL#ERR1540755#3,False,True,True,True,0.169,-5.012,UNKNOWN,0.999709,20,12F
NONCBL#SRR26750081#2,False,True,True,True,0.363,-5.202,UNKNOWN,0.99983,20,19A
NONCBL#ERR876435#28,False,True,True,True,0.31,-5.166,UNKNOWN,0.999874,20,19A
NONCBL#ERR2225365#7,False,True,True,True,0.115,-5.133,UNKNOWN,0.999869,20,21
NONCBL#SRR26931193#29,False,True,True,True,0.154,-4.866,UNKNOWN,0.999553,20,12F
NONCBL#SRR26789318#1,False,True,True,True,0.508,-5.544,UNKNOWN,0.999975,20,12F
NONCBL#ERR2090889#3,False,True,True,True,0.153,-5.049,UNKNOWN,0.999903,20,10A
NONCBL#ERR956279#2,False,True,True,True,0.116,-5.224,UNKNOWN,0.999944,20,19A
NONCBL#SRR26672976#11,False,True,True,True,0.185,-4.965,UNKNOWN,0.999225,20,12F
NONCBL#SRR26789743#2,False,True,True,True,0.428,-5.269,UNKNOWN,0.999937,20,19A
NONCBL#SRR26818270#1,False,True,True,True,0.436,-5.386,UNKNOWN,0.99997,20,12F
NONCBL#ERR1202539#29,False,True,True,True,0.137,-4.924,UNKNOWN,0.999414,35A_35C_42,25F
NONCBL#ERR425373#29,False,True,True,True,0.129,-4.856,UNKNOWN,0.999486,20,12F
NONCBL#SRR26818405#1,False,True,True,True,0.22,-5.054,UNKNOWN,0.999705,20,12F
NONCBL#ERR774311#15,False,True,True,True,0.357,-5.186,UNKNOWN,0.999737,20,19A
NONCBL#ERR774627#27,False,True,True,True,0.23,-5.522,UNKNOWN,0.999998,35A_35C_42,16F
NONCBL#ERR2667398#2,False,True,True,True,0.449,-5.606,UNKNOWN,0.999992,20,12F
NONCBL#ERR1658165#7,False,True,True,True,0.15,-4.931,UNKNOWN,0.99965,20,12F
NONCBL#ERR1066066#5,False,True,True,True,0.092,-4.947,UNKNOWN,0.999141,36,25F
NONCBL#ERR742430#34,False,True,True,True,0.204,-4.947,UNKNOWN,0.999517,20,19A
NONCBL#SRR26789565#16,False,True,True,True,0.196,-4.967,UNKNOWN,0.999445,20,12F
NONCBL#ERR433824#2,False,True,True,True,0.326,-5.202,UNKNOWN,0.999901,20,12F
NONCBL#ERR2091076#1,False,True,True,True,0.208,-4.856,UNKNOWN,0.99958,20,12F
NONCBL#ERR3796552#3,False,True,True,True,0.423,-5.478,UNKNOWN,0.999963,20,8
NONCBL#ERR1422428#1,False,True,True,True,0.114,-5.192,UNKNOWN,0.999891,20,21
NONCBL#ERR352010#7,False,True,True,True,0.308,-5.052,UNKNOWN,0.999511,20,19A
NONCBL#SRR26911045#1,False,True,True,True,0.224,-5.083,UNKNOWN,0.999826,20,9N
NONCBL#SRR26880086#1,False,True,True,True,0.303,-5.043,UNKNOWN,0.999344,20,10A
NONCBL#ERR13375141#1,False,True,True,True,0.151,-5.131,UNKNOWN,0.999758,20,12F
NONCBL#SRR26879936#4,False,True,True,True,0.234,-4.879,UNKNOWN,0.999328,20,19A
NONCBL#ERR13365988#2,False,True,True,True,0.442,-5.314,UNKNOWN,0.999952,20,19A
NONCBL#SRR26714114#6,False,True,True,True,0.234,-4.989,UNKNOWN,0.999491,20,19A
NONCBL#ERR909247#1,False,True,True,True,0.126,-4.938,UNKNOWN,0.998745,35A_35C_42,25F
NONCBL#SRR26594186#2,False,True,True,True,0.334,-5.13,UNKNOWN,0.999783,20,12F
NONCBL#ERR913286#1,False,True,True,True,0.251,-5.031,UNKNOWN,0.999439,20,19A
NONCBL#ERR14653963#15,False,True,True,True,0.081,-4.867,UNKNOWN,0.99909,20,12F
NONCBL#ERR2853638#2,False,True,True,True,0.115,-5.036,UNKNOWN,0.999634,20,25F
NONCBL#ERR13366172#1,False,True,True,True,0.675,-6.725,UNKNOWN,0.999998,20,12F
NONCBL#ERR1065568#3,False,True,True,True,0.22,-5.189,UNKNOWN,0.999971,20,12F
NONCBL#ERR862350#26,False,True,True,True,0.29,-5.513,UNKNOWN,0.999998,35A_35C_42,6B
NONCBL#SRR26877749#20,False,True,True,True,0.315,-5.12,UNKNOWN,0.999773,20,19A
NONCBL#ERR751089#24,False,True,True,True,0.309,-5.28,UNKNOWN,0.999976,35A_35C_42,12F
NONCBL#ERR1288829#2,False,True,True,True,0.149,-4.845,UNKNOWN,0.999363,20,12F
NONCBL#SRR26789631#1,False,True,True,True,0.257,-5.04,UNKNOWN,0.999801,20,12F
NONCBL#ERR870189#10,False,True,True,True,0.208,-4.931,UNKNOWN,0.999434,20,12F
NONCBL#ERR1065642#2,False,True,True,True,0.205,-5.313,UNKNOWN,0.999983,20,15B
NONCBL#SRR26879537#4,False,True,True,True,0.092,-4.924,UNKNOWN,0.998794,20,25F
NONCBL#ERR662428#4,False,True,True,True,0.281,-5.212,UNKNOWN,0.999934,20,19A
NONCBL#ERR3270778#2,False,True,True,True,0.218,-5.025,UNKNOWN,0.999818,20,12F
NONCBL#SRR26930385#1,False,True,True,True,0.309,-5.114,UNKNOWN,0.999786,20,12F
NONCBL#SRR26879909#15,False,True,True,True,0.349,-5.25,UNKNOWN,0.999911,20,19A
NONCBL#ERR750943#1,False,True,True,True,0.563,-5.797,UNKNOWN,0.999989,20,12F
NONCBL#ERR586454#2,False,True,True,True,0.178,-4.917,UNKNOWN,0.999648,20,12F
NONCBL#SRR26789464#10,False,True,True,True,0.175,-4.912,UNKNOWN,0.99949,35A_35C_42,10A
NONCBL#ERR1192037#8,False,True,True,True,0.332,-5.07,UNKNOWN,0.999586,20,12F
NONCBL#ERR8481565#8,False,True,True,True,0.187,-5.24,UNKNOWN,0.999888,20,12F
NONCBL#ERR2089466#9,False,True,True,True,0.138,-4.823,UNKNOWN,0.998573,20,12F
NONCBL#ERR876492#6,False,True,True,True,0.168,-4.993,UNKNOWN,0.999701,20,6B
NONCBL#ERR2089936#1,False,True,True,True,0.276,-5.075,UNKNOWN,0.999732,20,19A
NONCBL#SRR26910469#1,False,True,True,True,0.317,-5.018,UNKNOWN,0.999508,20,19A
NONCBL#ERR8481876#1,False,True,True,True,0.367,-5.215,UNKNOWN,0.999882,20,12F
NONCBL#ERR714403#1,False,True,True,True,0.118,-5.195,UNKNOWN,0.999928,20,9L
NONCBL#ERR2089933#1,False,True,True,True,0.22,-4.983,UNKNOWN,0.999821,20,12F
NONCBL#ERR1065661#1,False,True,True,True,0.333,-5.439,UNKNOWN,0.999983,20,9V
NONCBL#SRR26877976#9,False,True,True,True,0.178,-4.988,UNKNOWN,0.999751,20,19A
NONCBL#ERR2667130#2,False,True,True,True,0.109,-5.018,UNKNOWN,0.999475,20,25F
NONCBL#ERR632951#3,False,True,True,True,0.17,-4.905,UNKNOWN,0.999416,35A_35C_42,6B
NONCBL#SRR26878437#34,False,True,True,True,0.395,-5.102,UNKNOWN,0.999412,20,19A
NONCBL#ERR2667421#2,False,True,True,True,0.47,-5.817,UNKNOWN,0.999997,20,8
NONCBL#SRR26749770#1,False,True,True,True,0.126,-4.841,UNKNOWN,0.999184,20,19A
NONCBL#SRR26879668#17,False,True,True,True,0.106,-4.886,UNKNOWN,0.998913,20,19A
NONCBL#ERR434000#9,False,True,True,True,0.323,-5.011,UNKNOWN,0.999633,20,19A
NONCBL#ERR913461#6,False,True,True,True,0.397,-5.078,UNKNOWN,0.999278,20,19A
NONCBL#ERR1214681#9,False,True,True,True,0.102,-4.888,UNKNOWN,0.99931,20,12F
NONCBL#ERR1453404#14,False,True,True,True,0.18,-4.777,UNKNOWN,0.998891,20,12F
NONCBL#ERR2090610#4,False,True,True,True,0.27,-5.047,UNKNOWN,0.999558,20,19A
NONCBL#ERR13365139#4,False,True,True,True,0.141,-5.122,UNKNOWN,0.999749,20,48
NONCBL#ERR3270705#1,False,True,True,True,0.135,-4.853,UNKNOWN,0.999147,20,12F
NONCBL#ERR997617#1,False,True,True,True,0.286,-4.922,UNKNOWN,0.999234,20,19A
NONCBL#ERR5104411#1,False,True,True,True,0.114,-5.042,UNKNOWN,0.999784,20,25F
NONCBL#ERR2089978#2,False,True,True,True,0.291,-5.124,UNKNOWN,0.999511,20,19A
NONCBL#ERR774520#6,False,True,True,True,0.316,-5.489,UNKNOWN,0.99999,20,14
NONCBL#SRR26834500#27,False,True,True,True,0.303,-4.946,UNKNOWN,0.999217,20,19A
NONCBL#ERR2680817#18,False,True,True,True,0.242,-5.175,UNKNOWN,0.999966,20,12F
NONCBL#ERR1788535#10,False,True,True,True,0.2,-5.045,UNKNOWN,0.999719,20,19A
NONCBL#SRR26931306#1,False,True,True,True,0.14,-5.151,UNKNOWN,0.999867,20,48
NONCBL#ERR3796738#1,False,True,True,True,0.13,-4.845,UNKNOWN,0.999335,20,6B
NONCBL#SRR26818005#11,False,True,True,True,0.101,-4.864,UNKNOWN,0.999269,20,25F
NONCBL#ERR8481906#2,False,True,True,True,0.461,-5.428,UNKNOWN,0.99997,20,8
NONCBL#ERR1288978#1,False,True,True,True,0.158,-5.081,UNKNOWN,0.999655,20,12F
NONCBL#ERR3270789#2,False,True,True,True,0.358,-5.018,UNKNOWN,0.999133,20,19A
NONCBL#ERR505473#9,False,True,True,True,0.118,-4.856,UNKNOWN,0.999556,20,12F
NONCBL#SRR26797601#6,False,True,True,True,0.374,-5.036,UNKNOWN,0.999512,20,19A
NONCBL#SRR26672946#3,False,True,True,True,0.164,-5.119,UNKNOWN,0.999811,20,9V
NONCBL#ERR876768#6,False,True,True,True,0.587,-5.963,UNKNOWN,0.999975,20,12F
NONCBL#SRR26880172#1,False,True,True,True,0.084,-4.962,UNKNOWN,0.999674,20,10A
NONCBL#ERR714540#16,False,True,True,True,0.151,-5.306,UNKNOWN,0.999968,20,12F
NONCBL#ERR505896#23,False,True,True,True,0.244,-5.264,UNKNOWN,0.999929,20,19A
NONCBL#ERR1799760#8,False,True,True,True,0.198,-5.304,UNKNOWN,0.999992,35A_35C_42,6B
NONCBL#SRR26878657#2,False,True,True,True,0.403,-5.377,UNKNOWN,0.999937,20,12F
NONCBL#ERR845779#26,False,True,True,True,0.146,-4.885,UNKNOWN,0.999455,20,12F
NONCBL#SRR26911184#1,False,True,True,True,0.279,-5.025,UNKNOWN,0.999536,20,19A
NONCBL#SRR26878553#13,False,True,True,True,0.168,-4.94,UNKNOWN,0.999448,20,19A
NONCBL#ERR1106707#5,False,True,True,True,0.145,-4.894,UNKNOWN,0.999441,20,12F
NONCBL#ERR3899518#24,False,True,True,True,0.312,-5.064,UNKNOWN,0.999624,20,19A
NONCBL#ERR2090883#1,False,True,True,True,0.112,-5.029,UNKNOWN,0.999623,20,10A
NONCBL#ERR2667440#1,False,True,True,True,0.09,-4.806,UNKNOWN,0.998451,20,12F
NONCBL#ERR913373#1,False,True,True,True,0.362,-5.263,UNKNOWN,0.99991,20,12F
NONCBL#ERR884604#21,False,True,True,True,0.335,-5.095,UNKNOWN,0.999604,20,19A
NONCBL#ERR2680906#1,False,True,True,True,0.093,-4.777,UNKNOWN,0.998616,20,12F
NONCBL#ERR1214344#2,False,True,True,True,0.31,-4.987,UNKNOWN,0.999426,20,19A
NONCBL#ERR2667854#3,False,True,True,True,0.574,-5.482,UNKNOWN,0.999883,20,19A
NONCBL#ERR979923#21,False,True,True,True,0.156,-4.907,UNKNOWN,0.999509,20,12F
NONCBL#ERR980020#16,False,True,True,True,0.713,-6.249,UNKNOWN,0.999992,20,12F
NONCBL#ERR490745#28,False,True,True,True,0.237,-5.255,UNKNOWN,0.999982,35A_35C_42,6B
NONCBL#ERR3723784#3,False,True,True,True,0.324,-5.201,UNKNOWN,0.999933,20,12F
NONCBL#SRR26930320#6,False,True,True,True,0.165,-5.019,UNKNOWN,0.999893,20,12F
NONCBL#SRR26594875#11,False,True,True,True,0.197,-4.944,UNKNOWN,0.998597,20,12F
NONCBL#ERR331431#25,False,True,True,True,0.314,-5.283,UNKNOWN,0.999973,35A_35C_42,12F
NONCBL#SRR26883975#7,False,True,True,True,0.263,-5.036,UNKNOWN,0.999645,20,19A
NONCBL#ERR600600#2,False,True,True,True,0.437,-5.336,UNKNOWN,0.999946,20,12F
NONCBL#ERR7567923#1,False,True,True,True,0.344,-5.104,UNKNOWN,0.999554,20,19A
NONCBL#ERR1788297#1,False,True,True,True,0.268,-5.004,UNKNOWN,0.999705,20,19A
NONCBL#ERR7568084#2,False,True,True,True,0.275,-5.044,UNKNOWN,0.999501,20,19A
NONCBL#ERR1202425#2,False,True,True,True,0.221,-4.953,UNKNOWN,0.999124,20,12F
NONCBL#SRR26673559#1,False,True,True,True,0.199,-5.049,UNKNOWN,0.999727,20,12F
NONCBL#ERR980048#1,False,True,True,True,0.335,-5.171,UNKNOWN,0.999826,20,12F
NONCBL#SRR26594760#1,False,True,True,True,0.193,-4.931,UNKNOWN,0.999679,20,12F
NONCBL#SRR26797214#3,False,True,True,True,0.234,-4.989,UNKNOWN,0.999491,20,19A
NONCBL#SRR26930777#1,False,True,True,True,0.317,-5.373,UNKNOWN,0.999928,20,12F
NONCBL#ERR331438#7,False,True,True,True,0.436,-5.483,UNKNOWN,0.999954,20,12F
NONCBL#ERR7567743#16,False,True,True,True,0.345,-5.313,UNKNOWN,0.999949,20,12F
NONCBL#ERR913075#4,False,True,True,True,0.356,-5.054,UNKNOWN,0.999475,20,19A
NONCBL#ERR1202333#29,False,True,True,True,0.137,-4.924,UNKNOWN,0.999414,35A_35C_42,25F
NONCBL#ERR2667371#4,False,True,True,True,0.149,-5.428,UNKNOWN,0.999994,20,33F
NONCBL#ERR2681307#1,False,True,True,True,0.104,-5.041,UNKNOWN,0.999532,36,10A
NONCBL#ERR1288881#15,False,True,True,True,0.135,-5.034,UNKNOWN,0.999768,20,6A
NONCBL#ERR1065503#2,False,True,True,True,0.281,-5.043,UNKNOWN,0.999743,20,19A
NONCBL#ERR845789#1,False,True,True,True,0.304,-4.961,UNKNOWN,0.999439,20,19A
NONCBL#SRR26714267#24,False,True,True,True,0.358,-4.984,UNKNOWN,0.999218,20,19A
NONCBL#SRR26673028#1,False,True,True,True,0.721,-6.396,UNKNOWN,0.999995,20,12F
NONCBL#ERR311092#1,False,True,True,True,0.106,-5.083,UNKNOWN,0.999826,20,21
NONCBL#ERR742586#28,False,True,True,True,0.253,-5.183,UNKNOWN,0.999929,20,19A
NONCBL#ERR1788283#3,False,True,True,True,0.212,-4.901,UNKNOWN,0.999613,20,12F
NONCBL#SRR26834070#1,False,True,True,True,0.145,-5.176,UNKNOWN,0.999846,20,38
NONCBL#ERR2680628#4,False,True,True,True,0.179,-4.932,UNKNOWN,0.999489,20,12F
NONCBL#ERR845784#1,False,True,True,True,0.142,-4.864,UNKNOWN,0.99939,20,12F
NONCBL#SRR26910549#1,False,True,True,True,0.173,-4.873,UNKNOWN,0.999388,20,12F
NONCBL#ERR13365087#4,False,True,True,True,0.239,-4.965,UNKNOWN,0.999357,20,19A
NONCBL#ERR568568#4,False,True,True,True,0.332,-5.059,UNKNOWN,0.999558,20,19A
NONCBL#SRR26750060#3,False,True,True,True,0.157,-5.022,UNKNOWN,0.99965,20,25F
NONCBL#ERR730333#11,False,True,True,True,0.31,-4.979,UNKNOWN,0.99937,20,19A
NONCBL#ERR13365466#21,False,True,True,True,0.295,-4.983,UNKNOWN,0.99923,20,19A
NONCBL#ERR2089295#3,False,True,True,True,0.145,-4.791,UNKNOWN,0.99899,20,12F
NONCBL#ERR2667732#2,False,True,True,True,0.078,-4.845,UNKNOWN,0.998927,20,19A
NONCBL#ERR13374985#1,False,True,True,True,0.27,-4.899,UNKNOWN,0.999585,20,12F
NONCBL#SRR26834447#1,False,True,True,True,0.126,-4.986,UNKNOWN,0.999853,20,10A
NONCBL#SRR26789567#2,False,True,True,True,0.085,-4.761,UNKNOWN,0.997902,20,6B
NONCBL#ERR501631#1,False,True,True,True,0.247,-5.308,UNKNOWN,0.999968,20,19A
NONCBL#ERR1658243#22,False,True,True,True,0.149,-5.263,UNKNOWN,0.999978,20,15B
NONCBL#ERR1202317#7,False,True,True,True,0.153,-4.859,UNKNOWN,0.999641,20,12F
NONCBL#ERR2680614#4,False,True,True,True,0.109,-4.867,UNKNOWN,0.999587,20,19A
NONCBL#ERR1106763#19,False,True,True,True,0.369,-5.271,UNKNOWN,0.999901,20,19A
NONCBL#ERR326712#10,False,True,True,True,0.302,-5.079,UNKNOWN,0.999733,20,19A
NONCBL#ERR1453568#1,False,True,True,True,0.188,-5.1,UNKNOWN,0.999861,20,12F
NONCBL#ERR997563#6,False,True,True,True,0.247,-5.284,UNKNOWN,0.999986,35A_35C_42,12F
NONCBL#ERR490781#7,False,True,True,True,0.161,-4.92,UNKNOWN,0.99959,35A_35C_42,10A
NONCBL#ERR714324#6,False,True,True,True,0.314,-4.978,UNKNOWN,0.999357,20,19A
NONCBL#ERR2089867#28,False,True,True,True,0.18,-5.095,UNKNOWN,0.99991,35A_35C_42,12F
NONCBL#ERR13365188#2,False,True,True,True,0.614,-6.123,UNKNOWN,0.999988,20,31
NONCBL#ERR3270730#2,False,True,True,True,0.195,-5.2,UNKNOWN,0.999962,20,19A
NONCBL#SRR26818422#30,False,True,True,True,0.31,-4.952,UNKNOWN,0.999346,20,19A
NONCBL#SRR26878516#9,False,True,True,True,0.236,-4.986,UNKNOWN,0.999423,20,19A
NONCBL#SRR26818532#4,False,True,True,True,0.169,-4.965,UNKNOWN,0.999822,20,10A
NONCBL#ERR1202219#25,False,True,True,True,0.225,-5.231,UNKNOWN,0.999958,20,19A
NONCBL#ERR14654043#25,False,True,True,True,0.185,-5.39,UNKNOWN,0.999981,20,12F
NONCBL#ERR352024#1,False,True,True,True,0.257,-4.958,UNKNOWN,0.999635,20,12F
NONCBL#SRR26790170#2,False,True,True,True,0.091,-4.858,UNKNOWN,0.999365,20,25F
NONCBL#ERR773927#1,False,True,True,True,0.09,-5.035,UNKNOWN,0.999746,20,12F
NONCBL#ERR909190#1,False,True,True,True,0.153,-4.954,UNKNOWN,0.99962,20,19A
NONCBL#ERR730785#4,False,True,True,True,0.302,-5.082,UNKNOWN,0.999767,20,19A
NONCBL#ERR1453787#22,False,True,True,True,0.188,-5.209,UNKNOWN,0.999986,35A_35C_42,6B
NONCBL#ERR730217#26,False,True,True,True,0.285,-5.185,UNKNOWN,0.999945,20,19A
NONCBL#SRR26834078#1,False,True,True,True,0.127,-5.086,UNKNOWN,0.999829,20,12F
NONCBL#SRR26790096#2,False,True,True,True,0.315,-5.12,UNKNOWN,0.999773,20,19A
NONCBL#SRR26595124#10,False,True,True,True,0.14,-4.987,UNKNOWN,0.999593,20,25F
NONCBL#SRR26817942#3,False,True,True,True,0.428,-5.517,UNKNOWN,0.999948,20,8
NONCBL#SRR26884561#4,False,True,True,True,0.236,-4.986,UNKNOWN,0.999423,20,19A
NONCBL#SRR26930759#5,False,True,True,True,0.263,-5.065,UNKNOWN,0.99989,20,19A
NONCBL#SRR26878154#17,False,True,True,True,0.301,-5.048,UNKNOWN,0.999555,20,19A
NONCBL#SRR26714376#1,False,True,True,True,0.268,-4.966,UNKNOWN,0.999742,20,19A
NONCBL#ERR909128#3,False,True,True,True,0.157,-4.837,UNKNOWN,0.999424,20,12F
NONCBL#ERR3303371#1,False,True,True,True,0.153,-4.902,UNKNOWN,0.999567,20,12F
NONCBL#ERR2089817#4,False,True,True,True,0.42,-5.158,UNKNOWN,0.999566,20,19A
NONCBL#ERR1065643#3,False,True,True,True,0.232,-5.364,UNKNOWN,0.999984,20,12F
NONCBL#ERR9796477#1,False,True,True,True,0.364,-5.167,UNKNOWN,0.999888,20,19A
NONCBL#ERR1065218#4,False,True,True,True,0.324,-5.248,UNKNOWN,0.999911,20,19A
NONCBL#ERR568764#1,False,True,True,True,0.137,-4.874,UNKNOWN,0.9986,20,9V
NONCBL#SRR26818639#1,False,True,True,True,0.317,-5.017,UNKNOWN,0.999503,20,19A
NONCBL#SRR26789954#1,False,True,True,True,0.218,-4.971,UNKNOWN,0.999523,20,6B
NONCBL#ERR633069#2,False,True,True,True,0.174,-5.001,UNKNOWN,0.999802,20,12F
NONCBL#ERR13366123#2,False,True,True,True,0.369,-5.07,UNKNOWN,0.999702,20,19A
NONCBL#SRR26930823#2,False,True,True,True,0.8,-6.524,UNKNOWN,0.999993,20,12F
NONCBL#ERR714487#16,False,True,True,True,0.177,-5.081,UNKNOWN,0.999909,20,12F
NONCBL#ERR913114#17,False,True,True,True,0.366,-5.281,UNKNOWN,0.999921,20,19A
NONCBL#SRR26878571#2,False,True,True,True,0.234,-4.989,UNKNOWN,0.999491,20,19A
NONCBL#SRR26714328#8,False,True,True,True,0.34,-5.001,UNKNOWN,0.999355,20,19A
NONCBL#SRR26884658#1,False,True,True,True,0.261,-5.107,UNKNOWN,0.999891,20,12F
NONCBL#SRR26594490#1,False,True,True,True,0.449,-5.593,UNKNOWN,0.999992,20,12F
NONCBL#SRR26594205#1,False,True,True,True,0.278,-5.036,UNKNOWN,0.999719,20,19A
NONCBL#ERR433724#1,False,True,True,True,0.233,-5.761,UNKNOWN,0.999998,20,14
NONCBL#ERR774251#5,False,True,True,True,0.132,-4.769,UNKNOWN,0.99788,20,12F
NONCBL#SRR26749914#15,False,True,True,True,0.226,-5.471,UNKNOWN,0.999996,35A_35C_42,6B
NONCBL#ERR742692#1,False,True,True,True,0.097,-4.957,UNKNOWN,0.999466,20,25F
NONCBL#ERR3899314#1,False,True,True,True,0.147,-4.883,UNKNOWN,0.999383,20,12F
NONCBL#SRR26594948#1,False,True,True,True,0.115,-5.036,UNKNOWN,0.999634,20,25F
NONCBL#SRR26931482#24,False,True,True,True,0.326,-5.475,UNKNOWN,0.999995,35A_35C_42,12F
NONCBL#SRR26883969#8,False,True,True,True,0.114,-5.011,UNKNOWN,0.999377,20,25F
NONCBL#ERR774069#15,False,True,True,True,0.251,-5.031,UNKNOWN,0.999746,20,19A
NONCBL#ERR913201#2,False,True,True,True,0.333,-5.251,UNKNOWN,0.999937,20,4
NONCBL#SRR26884552#1,False,True,True,True,0.12,-4.774,UNKNOWN,0.997725,20,25F
NONCBL#ERR2091017#1,False,True,True,True,0.227,-5.279,UNKNOWN,0.999972,20,25F
NONCBL#ERR600285#14,False,True,True,True,0.629,-5.81,UNKNOWN,0.999974,20,12F
NONCBL#ERR3303202#1,False,True,True,True,0.185,-5.21,UNKNOWN,0.999894,20,12F
NONCBL#ERR331430#30,False,True,True,True,0.254,-5.021,UNKNOWN,0.99956,20,19A
NONCBL#SRR26797528#2,False,True,True,True,0.261,-5.046,UNKNOWN,0.999868,20,19A
NONCBL#SRR26931675#2,False,True,True,True,0.272,-5.251,UNKNOWN,0.999978,20,12F
NONCBL#ERR2680616#1,False,True,True,True,0.264,-5.137,UNKNOWN,0.999816,20,19A
NONCBL#SRR26714467#1,False,True,True,True,0.149,-4.935,UNKNOWN,0.99971,20,6B
NONCBL#SRR26594411#4,False,True,True,True,0.249,-5.084,UNKNOWN,0.999778,20,19A
NONCBL#SRR26714503#2,False,True,True,True,0.137,-4.881,UNKNOWN,0.999144,20,12F
NONCBL#SRR26931226#2,False,True,True,True,0.223,-4.976,UNKNOWN,0.999363,35A_35C_42,10A
NONCBL#ERR1202406#29,False,True,True,True,0.137,-4.924,UNKNOWN,0.999414,35A_35C_42,25F
NONCBL#SRR26910363#1,False,True,True,True,0.546,-5.673,UNKNOWN,0.999986,20,12F
NONCBL#SRR26879784#4,False,True,True,True,0.234,-4.989,UNKNOWN,0.999491,20,19A
NONCBL#SRR26749722#1,False,True,True,True,0.235,-4.897,UNKNOWN,0.9996,20,6A
NONCBL#ERR600447#3,False,True,True,True,0.102,-5.006,UNKNOWN,0.999506,20,25F
NONCBL#SRR26749477#19,False,True,True,True,0.197,-4.923,UNKNOWN,0.999477,35A_35C_42,6B
NONCBL#SRR26879686#1,False,True,True,True,0.175,-4.879,UNKNOWN,0.99935,20,12F
NONCBL#ERR730209#26,False,True,True,True,0.144,-5.071,UNKNOWN,0.999617,20,25F
NONCBL#ERR13364961#11,False,True,True,True,0.312,-5.062,UNKNOWN,0.999539,20,19A
NONCBL#SRR26833689#1,False,True,True,True,0.249,-5.011,UNKNOWN,0.999635,20,19A
NONCBL#ERR1065708#4,False,True,True,True,0.331,-5.018,UNKNOWN,0.999573,20,19A
NONCBL#ERR1106733#1,False,True,True,True,0.124,-4.894,UNKNOWN,0.999354,35A_35C_42,6B
NONCBL#ERR2090176#2,False,True,True,True,0.322,-5.032,UNKNOWN,0.999418,20,19A
NONCBL#ERR13365857#1,False,True,True,True,0.3,-5.14,UNKNOWN,0.999858,20,19A
NONCBL#SRR26750063#1,False,True,True,True,0.158,-4.8,UNKNOWN,0.998859,20,12F
NONCBL#SRR26931843#2,False,True,True,True,0.115,-5.332,UNKNOWN,0.999953,20,9L
NONCBL#ERR568537#1,False,True,True,True,0.359,-5.229,UNKNOWN,0.999902,20,19A
NONCBL#SRR26879501#11,False,True,True,True,0.763,-6.353,UNKNOWN,0.999985,20,14
NONCBL#ERR2667623#4,False,True,True,True,0.12,-4.867,UNKNOWN,0.999531,20,6B
NONCBL#SRR26930166#16,False,True,True,True,0.16,-5.14,UNKNOWN,0.999916,35A_35C_42,19A
NONCBL#SRR26749961#22,False,True,True,True,0.337,-4.973,UNKNOWN,0.999387,20,19A
NONCBL#SRR26714665#4,False,True,True,True,0.116,-4.805,UNKNOWN,0.997829,20,25F
NONCBL#ERR876514#1,False,True,True,True,0.226,-5.5,UNKNOWN,0.99997,20,11B
NONCBL#ERR434022#39,False,True,True,True,0.351,-5.302,UNKNOWN,0.999969,20,12F
NONCBL#SRR26883815#2,False,True,True,True,0.215,-4.91,UNKNOWN,0.999575,20,12F
NONCBL#SRR26930283#1,False,True,True,True,0.497,-5.431,UNKNOWN,0.99997,20,19A
NONCBL#ERR8481741#13,False,True,True,True,0.171,-5.218,UNKNOWN,0.999954,20,19A
NONCBL#ERR2089405#2,False,True,True,True,0.15,-4.996,UNKNOWN,0.99976,20,12F
NONCBL#ERR10419724#19,False,True,True,True,0.17,-5.53,UNKNOWN,0.999998,35A_35C_42,16F
NONCBL#ERR1214538#7,False,True,True,True,0.247,-4.96,UNKNOWN,0.999679,20,12F
NONCBL#ERR1202620#2,False,True,True,True,0.152,-4.803,UNKNOWN,0.998645,20,12F
NONCBL#ERR13365207#2,False,True,True,True,0.097,-5.049,UNKNOWN,0.999684,20,21
NONCBL#ERR13366121#6,False,True,True,True,0.282,-5.169,UNKNOWN,0.999898,20,19A
NONCBL#ERR742338#5,False,True,True,True,0.289,-5.257,UNKNOWN,0.999975,35A_35C_42,12F
NONCBL#ERR2089160#25,False,True,True,True,0.172,-4.973,UNKNOWN,0.999909,20,12F
NONCBL#ERR1453669#1,False,True,True,True,0.319,-4.969,UNKNOWN,0.99943,35A_35C_42,6B
NONCBL#ERR1453654#4,False,True,True,True,0.235,-5.149,UNKNOWN,0.999931,20,19A
NONCBL#ERR1422403#3,False,True,True,True,0.684,-6.346,UNKNOWN,0.999997,20,12F
NONCBL#SRR26797347#28,False,True,True,True,0.341,-5.379,UNKNOWN,0.999986,20,12F
NONCBL#SRR26910880#7,False,True,True,True,0.354,-5.075,UNKNOWN,0.999605,20,19A
NONCBL#ERR1788106#2,False,True,True,True,0.344,-5.204,UNKNOWN,0.999889,20,8
NONCBL#SRR26884253#7,False,True,True,True,0.403,-5.17,UNKNOWN,0.999852,20,12F
NONCBL#ERR13365269#1,False,True,True,True,0.21,-5.051,UNKNOWN,0.9996,20,12F
NONCBL#ERR730142#1,False,True,True,True,0.564,-5.541,UNKNOWN,0.99988,20,12F
NONCBL#SRR26931917#1,False,True,True,True,0.339,-5.557,UNKNOWN,0.999931,20,19A
NONCBL#ERR1065337#2,False,True,True,True,0.288,-5.252,UNKNOWN,0.999947,20,19A
NONCBL#ERR736915#36,False,True,True,True,0.488,-5.473,UNKNOWN,0.999975,20,12F
NONCBL#ERR3899521#26,False,True,True,True,0.314,-5.064,UNKNOWN,0.999619,20,19A
NONCBL#ERR742679#1,False,True,True,True,0.13,-4.961,UNKNOWN,0.999705,20,10A
NONCBL#ERR2667513#2,False,True,True,True,0.158,-4.875,UNKNOWN,0.999541,20,19A
NONCBL#ERR633028#9,False,True,True,True,0.176,-4.941,UNKNOWN,0.999571,35A_35C_42,19A
NONCBL#ERR2225290#1,False,True,True,True,0.193,-5.001,UNKNOWN,0.999857,20,12F
NONCBL#ERR742344#4,False,True,True,True,0.274,-5.236,UNKNOWN,0.999945,20,19A
NONCBL#ERR2089660#1,False,True,True,True,0.454,-5.27,UNKNOWN,0.999736,20,19A
NONCBL#ERR449125#2,False,True,True,True,0.313,-5.205,UNKNOWN,0.99991,20,19A
NONCBL#ERR884527#11,False,True,True,True,0.125,-4.835,UNKNOWN,0.999071,20,6B
NONCBL#ERR1795484#1,False,True,True,True,0.305,-5.361,UNKNOWN,0.999968,20,12F
NONCBL#ERR980054#34,False,True,True,True,0.426,-5.103,UNKNOWN,0.999353,20,19A
NONCBL#ERR997526#23,False,True,True,True,0.193,-4.956,UNKNOWN,0.999561,20,12F
NONCBL#ERR13374670#3,False,True,True,True,0.176,-4.852,UNKNOWN,0.999429,20,19A
NONCBL#ERR3655270#3,False,True,True,True,0.082,-4.786,UNKNOWN,0.998964,20,6B
NONCBL#ERR319331#31,False,True,True,True,0.333,-5.03,UNKNOWN,0.999306,20,19A
NONCBL#ERR2089708#17,False,True,True,True,0.192,-5.198,UNKNOWN,0.999981,20,12F
NONCBL#ERR3796921#2,False,True,True,True,0.235,-5.206,UNKNOWN,0.999858,20,12F
NONCBL#ERR505576#1,False,True,True,True,0.239,-5.151,UNKNOWN,0.999928,20,12F
NONCBL#SRR26879547#1,False,True,True,True,0.146,-5.126,UNKNOWN,0.999842,20,4
NONCBL#ERR2668115#1,False,True,True,True,0.18,-4.943,UNKNOWN,0.999784,20,9V
NONCBL#ERR2667698#1,False,True,True,True,0.173,-5.201,UNKNOWN,0.999913,20,19A
NONCBL#ERR3303229#24,False,True,True,True,0.316,-5.285,UNKNOWN,0.99998,20,12F
NONCBL#ERR570404#1,False,True,True,True,0.142,-5.06,UNKNOWN,0.99987,20,12F
NONCBL#SRR26930402#1,False,True,True,True,0.777,-6.762,UNKNOWN,0.999999,20,8
NONCBL#SRR26878577#5,False,True,True,True,0.284,-4.985,UNKNOWN,0.999459,20,19A
NONCBL#ERR773858#1,False,True,True,True,0.205,-5.275,UNKNOWN,0.999838,20,12F
NONCBL#ERR586462#11,False,True,True,True,0.167,-4.918,UNKNOWN,0.999596,35A_35C_42,10A
NONCBL#SRR26833829#12,False,True,True,True,0.33,-5.449,UNKNOWN,0.999995,35A_35C_42,6B
NONCBL#SRR26930211#1,False,True,True,True,0.143,-5.072,UNKNOWN,0.999821,20,33F
NONCBL#SRR26877964#1,False,True,True,True,0.442,-5.389,UNKNOWN,0.99996,20,19A
NONCBL#ERR2818758#2,False,True,True,True,0.317,-5.122,UNKNOWN,0.999775,20,19A
NONCBL#ERR1065741#5,False,True,True,True,0.337,-5.21,UNKNOWN,0.999894,20,19A
NONCBL#ERR2667996#3,False,True,True,True,0.604,-6.423,UNKNOWN,0.999999,20,12F
NONCBL#SRR26797476#1,False,True,True,True,0.41,-5.413,UNKNOWN,0.999982,20,12F
NONCBL#ERR2667538#2,False,True,True,True,0.259,-4.919,UNKNOWN,0.999429,20,19A
NONCBL#ERR3192256#1,False,True,True,True,0.185,-4.988,UNKNOWN,0.999766,20,12F
NONCBL#SRR26931054#5,False,True,True,True,0.257,-4.963,UNKNOWN,0.999451,20,19A
NONCBL#ERR662349#66,False,True,True,True,0.247,-4.922,UNKNOWN,0.999483,20,6B
NONCBL#ERR449149#10,False,True,True,True,0.113,-4.813,UNKNOWN,0.998524,20,6B
NONCBL#SRR26931493#2,False,True,True,True,0.234,-4.989,UNKNOWN,0.999491,20,19A
NONCBL#ERR2089569#6,False,True,True,True,0.169,-4.969,UNKNOWN,0.999585,20,12F
NONCBL#SRR26817984#2,False,True,True,True,0.237,-5.236,UNKNOWN,0.999981,20,12F
NONCBL#SRR26833581#1,False,True,True,True,0.136,-5.103,UNKNOWN,0.999836,20,6B
NONCBL#ERR600533#6,False,True,True,True,0.091,-4.749,UNKNOWN,0.998112,20,6B
NONCBL#SRR26714086#21,False,True,True,True,0.301,-5.048,UNKNOWN,0.999555,20,19A
NONCBL#SRR26594670#1,False,True,True,True,0.179,-4.996,UNKNOWN,0.999397,20,19A
NONCBL#ERR730500#4,False,True,True,True,0.411,-5.14,UNKNOWN,0.999538,20,19A
NONCBL#ERR2089607#1,False,True,True,True,0.321,-5.181,UNKNOWN,0.999784,20,12F
NONCBL#ERR2091217#1,False,True,True,True,0.188,-4.9,UNKNOWN,0.999505,20,19A
NONCBL#SRR26930230#1,False,True,True,True,0.271,-5.116,UNKNOWN,0.999917,20,19A
NONCBL#SRR26910663#1,False,True,True,True,0.436,-5.386,UNKNOWN,0.99997,20,12F
NONCBL#SRR26594895#7,False,True,True,True,0.323,-5.126,UNKNOWN,0.999792,20,19A
NONCBL#ERR2612105#3,False,True,True,True,0.24,-5.198,UNKNOWN,0.999932,20,19A
NONCBL#SRR26594686#3,False,True,True,True,0.317,-4.952,UNKNOWN,0.99938,20,19A
NONCBL#SRR26714685#2,False,True,True,True,0.188,-4.869,UNKNOWN,0.999002,35A_35C_42,10A
NONCBL#SRR26749409#3,False,True,True,True,0.209,-5.046,UNKNOWN,0.9996,20,19A
NONCBL#SRR26880364#18,False,True,True,True,0.301,-5.048,UNKNOWN,0.999555,20,19A
NONCBL#ERR319363#29,False,True,True,True,0.333,-5.03,UNKNOWN,0.999306,20,19A
NONCBL#SRR26833652#19,False,True,True,True,0.105,-4.993,UNKNOWN,0.999736,20,10A
NONCBL#SRR26673054#2,False,True,True,True,0.509,-5.564,UNKNOWN,0.999983,20,12F
NONCBL#ERR3303386#8,False,True,True,True,0.197,-5.034,UNKNOWN,0.999807,20,19A
NONCBL#SRR26714738#28,False,True,True,True,0.309,-4.985,UNKNOWN,0.999297,20,19A
NONCBL#SRR26818094#6,False,True,True,True,0.174,-4.937,UNKNOWN,0.999672,20,12F
NONCBL#ERR742365#5,False,True,True,True,0.334,-5.338,UNKNOWN,0.999962,20,19A
NONCBL#ERR2089470#5,False,True,True,True,0.337,-5.164,UNKNOWN,0.999796,20,19A
NONCBL#SRR26910219#10,False,True,True,True,0.311,-4.977,UNKNOWN,0.999334,20,19A
NONCBL#SRR26834161#11,False,True,True,True,0.091,-4.905,UNKNOWN,0.998907,20,25F
NONCBL#SRR26818073#6,False,True,True,True,0.249,-5.011,UNKNOWN,0.999635,20,19A
NONCBL#ERR13375143#21,False,True,True,True,0.417,-5.331,UNKNOWN,0.999836,20,15B
NONCBL#SRR26910875#4,False,True,True,True,0.106,-4.999,UNKNOWN,0.999472,20,25F
NONCBL#ERR1788438#16,False,True,True,True,0.13,-4.866,UNKNOWN,0.999064,20,14
NONCBL#ERR3303243#2,False,True,True,True,0.559,-5.643,UNKNOWN,0.999973,20,12F
NONCBL#SRR26789351#4,False,True,True,True,0.143,-5.23,UNKNOWN,0.999927,20,48
NONCBL#ERR316649#3,False,True,True,True,0.302,-5.636,UNKNOWN,0.999991,20,7F
NONCBL#ERR600593#4,False,True,True,True,0.332,-5.059,UNKNOWN,0.999558,20,19A
NONCBL#ERR505730#1,False,True,True,True,0.084,-4.81,UNKNOWN,0.998213,20,25F
NONCBL#ERR3899398#19,False,True,True,True,0.221,-5.238,UNKNOWN,0.999957,20,19A
NONCBL#ERR449102#1,False,True,True,True,0.236,-5.164,UNKNOWN,0.999935,20,19A
NONCBL#SRR26749629#21,False,True,True,True,0.187,-5.085,UNKNOWN,0.999912,20,19A
NONCBL#SRR26884580#24,False,True,True,True,0.21,-4.999,UNKNOWN,0.999453,20,19A
NONCBL#SRR26594492#1,False,True,True,True,0.531,-5.503,UNKNOWN,0.999933,20,9V
NONCBL#ERR1191890#29,False,True,True,True,0.315,-5.262,UNKNOWN,0.999935,20,19A
NONCBL#ERR13374993#4,False,True,True,True,0.174,-5.221,UNKNOWN,0.999752,35A_35C_42,25F
NONCBL#ERR2089863#5,False,True,True,True,0.165,-4.955,UNKNOWN,0.999661,20,12F
NONCBL#SRR26797176#4,False,True,True,True,0.323,-4.982,UNKNOWN,0.999338,20,19A
NONCBL#ERR862485#5,False,True,True,True,0.275,-5.019,UNKNOWN,0.999535,20,19A
NONCBL#ERR2090894#23,False,True,True,True,0.324,-5.299,UNKNOWN,0.999974,35A_35C_42,12F
NONCBL#ERR13364462#25,False,True,True,True,0.152,-4.974,UNKNOWN,0.999724,20,12F
NONCBL#SRR26877818#2,False,True,True,True,0.275,-5.445,UNKNOWN,0.99996,35A_35C_42,19A
NONCBL#SRR26789879#1,False,True,True,True,0.519,-5.64,UNKNOWN,0.999991,20,12F
NONCBL#ERR869959#2,False,True,True,True,0.456,-5.436,UNKNOWN,0.999928,20,12F
NONCBL#SRR26878021#3,False,True,True,True,0.181,-4.975,UNKNOWN,0.999759,20,12F
NONCBL#ERR773831#8,False,True,True,True,0.267,-4.958,UNKNOWN,0.999744,20,12F
NONCBL#ERR730360#1,False,True,True,True,0.107,-5.005,UNKNOWN,0.999633,20,10F
NONCBL#ERR3227818#8,False,True,True,True,0.31,-4.987,UNKNOWN,0.999426,20,19A
NONCBL#SRR26878172#1,False,True,True,True,0.135,-4.796,UNKNOWN,0.997885,20,12F
NONCBL#ERR2667362#2,False,True,True,True,0.437,-5.399,UNKNOWN,0.999949,20,12F
NONCBL#ERR774683#38,False,True,True,True,0.137,-4.924,UNKNOWN,0.999414,35A_35C_42,25F
NONCBL#ERR13365106#2,False,True,True,True,0.174,-5.202,UNKNOWN,0.999984,35A_35C_42,6B
NONCBL#ERR600624#5,False,True,True,True,0.245,-4.995,UNKNOWN,0.999682,35A_35C_42,6B
NONCBL#ERR316657#1,False,True,True,True,0.146,-5.27,UNKNOWN,0.999949,20,9L
NONCBL#ERR13375044#9,False,True,True,True,0.232,-5.198,UNKNOWN,0.999896,20,19A
NONCBL#ERR338239#12,False,True,True,True,0.131,-4.953,UNKNOWN,0.999579,35A_35C_42,19A
NONCBL#SRR26930364#1,False,True,True,True,0.373,-5.285,UNKNOWN,0.999885,20,12F
NONCBL#SRR26884010#2,False,True,True,True,0.26,-5.09,UNKNOWN,0.999854,20,19A
NONCBL#ERR3899487#5,False,True,True,True,0.205,-5.231,UNKNOWN,0.999955,20,19A
NONCBL#SRR26883839#2,False,True,True,True,0.104,-4.783,UNKNOWN,0.998962,20,19A
NONCBL#SRR26749471#1,False,True,True,True,0.138,-4.913,UNKNOWN,0.998985,20,12F
NONCBL#ERR870268#7,False,True,True,True,0.119,-4.966,UNKNOWN,0.999669,35A_35C_42,12F
NONCBL#SRR26818199#2,False,True,True,True,0.247,-4.967,UNKNOWN,0.999741,20,12F
NONCBL#ERR909135#1,False,True,True,True,0.456,-5.441,UNKNOWN,0.999975,20,12F
NONCBL#ERR1214595#1,False,True,True,True,0.11,-4.79,UNKNOWN,0.997758,20,12F
NONCBL#SRR26878124#1,False,True,True,True,0.474,-5.587,UNKNOWN,0.999969,35A_35C_42,12F
NONCBL#ERR714660#2,False,True,True,True,0.136,-4.955,UNKNOWN,0.999659,20,21
NONCBL#SRR26910705#19,False,True,True,True,0.274,-5.527,UNKNOWN,0.999998,35A_35C_42,6B
NONCBL#ERR1065119#1,False,True,True,True,0.088,-4.911,UNKNOWN,0.999149,20,25F
NONCBL#ERR750754#1,False,True,True,True,0.116,-4.83,UNKNOWN,0.99952,20,25F
NONCBL#ERR1540821#12,False,True,True,True,0.12,-4.999,UNKNOWN,0.999618,20,6B
NONCBL#ERR4501467#2,False,True,True,True,0.13,-4.852,UNKNOWN,0.999166,20,12F
NONCBL#SRR26714436#2,False,True,True,True,0.273,-5.04,UNKNOWN,0.999481,20,19A
NONCBL#SRR26910353#11,False,True,True,True,0.125,-4.969,UNKNOWN,0.999625,36,10A
NONCBL#SRR26834275#3,False,True,True,True,0.191,-4.977,UNKNOWN,0.999772,20,19A
NONCBL#ERR1065900#9,False,True,True,True,0.285,-5.085,UNKNOWN,0.999746,20,19A
NONCBL#ERR714318#9,False,True,True,True,0.115,-4.992,UNKNOWN,0.999571,20,25F
NONCBL#ERR742797#6,False,True,True,True,0.098,-4.955,UNKNOWN,0.998871,20,6B
NONCBL#ERR1658085#6,False,True,True,True,0.348,-5.027,UNKNOWN,0.999515,20,19A
NONCBL#ERR7567735#1,False,True,True,True,0.141,-4.877,UNKNOWN,0.998651,20,25F
NONCBL#ERR2090813#4,False,True,True,True,0.09,-4.816,UNKNOWN,0.998958,20,6B
NONCBL#ERR980341#7,False,True,True,True,0.18,-5.141,UNKNOWN,0.999931,35A_35C_42,4
NONCBL#ERR316935#6,False,True,True,True,0.491,-5.541,UNKNOWN,0.999964,20,15B
NONCBL#ERR1788150#3,False,True,True,True,0.161,-5.075,UNKNOWN,0.99992,20,6B
NONCBL#SRR26834300#1,False,True,True,True,0.142,-5.608,UNKNOWN,0.999996,35A_35C_42,19B
NONCBL#ERR913204#3,False,True,True,True,0.124,-4.898,UNKNOWN,0.999253,20,25F
NONCBL#ERR3227759#2,False,True,True,True,0.521,-5.425,UNKNOWN,0.999939,20,10A
NONCBL#ERR925147#5,False,True,True,True,0.081,-4.765,UNKNOWN,0.998049,20,25F
NONCBL#ERR13364641#3,False,True,True,True,0.088,-4.822,UNKNOWN,0.998374,20,25F
NONCBL#SRR26817864#5,False,True,True,True,0.266,-5.035,UNKNOWN,0.99964,20,19A
NONCBL#ERR2089720#1,False,True,True,True,0.104,-4.914,UNKNOWN,0.998255,20,12F
NONCBL#ERR1202481#2,False,True,True,True,0.239,-5.148,UNKNOWN,0.999831,20,19A
NONCBL#ERR13365401#4,False,True,True,True,0.171,-5.123,UNKNOWN,0.999839,20,19A
NONCBL#ERR1065250#1,False,True,True,True,0.113,-4.792,UNKNOWN,0.997715,20,25F
NONCBL#ERR8481747#7,False,True,True,True,0.151,-4.898,UNKNOWN,0.999535,35A_35C_42,12F
NONCBL#SRR26797114#17,False,True,True,True,0.274,-5.18,UNKNOWN,0.999941,20,19A
NONCBL#ERR3303283#6,False,True,True,True,0.315,-5.178,UNKNOWN,0.999919,20,19A
NONCBL#ERR774114#27,False,True,True,True,0.243,-5.079,UNKNOWN,0.99982,20,19A
NONCBL#SRR26673273#35,False,True,True,True,0.277,-5.417,UNKNOWN,0.999982,20,12F
NONCBL#ERR1191916#2,False,True,True,True,0.267,-5.266,UNKNOWN,0.999981,20,19A
NONCBL#ERR714517#2,False,True,True,True,0.189,-4.985,UNKNOWN,0.999524,20,12F
NONCBL#ERR13364971#25,False,True,True,True,0.248,-5.581,UNKNOWN,0.999997,35A_35C_42,6B
NONCBL#ERR714171#14,False,True,True,True,0.183,-4.867,UNKNOWN,0.999456,20,6A
NONCBL#ERR3796922#9,False,True,True,True,0.324,-5.017,UNKNOWN,0.999768,20,12F
NONCBL#SRR26797489#2,False,True,True,True,0.206,-5.033,UNKNOWN,0.999738,20,19A
NONCBL#ERR774518#3,False,True,True,True,0.368,-5.049,UNKNOWN,0.999301,20,19A
NONCBL#ERR1756395#2,False,True,True,True,0.67,-6.097,UNKNOWN,0.999998,20,12F
NONCBL#SRR26931667#3,False,True,True,True,0.258,-5.354,UNKNOWN,0.999973,20,19A
NONCBL#ERR742761#1,False,True,True,True,0.311,-5.208,UNKNOWN,0.999915,20,12F
NONCBL#ERR980117#1,False,True,True,True,0.16,-4.945,UNKNOWN,0.999472,20,12F
NONCBL#SRR26818053#1,False,True,True,True,0.139,-5.137,UNKNOWN,0.999873,20,37
NONCBL#ERR13364882#4,False,True,True,True,0.179,-5.704,UNKNOWN,0.999995,35A_35C_42,25F
NONCBL#SRR26714322#1,False,True,True,True,0.149,-5.062,UNKNOWN,0.999909,20,38
NONCBL#SRR26910864#16,False,True,True,True,0.299,-5.17,UNKNOWN,0.999924,20,12F
NONCBL#SRR26833662#8,False,True,True,True,0.124,-4.824,UNKNOWN,0.999199,20,12F
NONCBL#SRR26930567#25,False,True,True,True,0.132,-4.84,UNKNOWN,0.998627,20,12F
NONCBL#ERR774355#5,False,True,True,True,0.178,-4.975,UNKNOWN,0.99987,20,6B
NONCBL#ERR13365071#1,False,True,True,True,0.167,-5.023,UNKNOWN,0.99966,20,8
NONCBL#ERR646598#2,False,True,True,True,0.129,-4.94,UNKNOWN,0.999625,20,21
NONCBL#ERR3796622#4,False,True,True,True,0.5,-5.468,UNKNOWN,0.999892,35A_35C_42,10A
NONCBL#SRR26789216#8,False,True,True,True,0.255,-4.901,UNKNOWN,0.999062,20,19A
NONCBL#ERR13364707#5,False,True,True,True,0.371,-5.168,UNKNOWN,0.99993,20,6B
NONCBL#ERR2681226#3,False,True,True,True,0.235,-4.871,UNKNOWN,0.999485,20,19A
NONCBL#SRR26878712#25,False,True,True,True,0.158,-4.803,UNKNOWN,0.998859,20,12F
NONCBL#SRR26797809#2,False,True,True,True,0.301,-5.188,UNKNOWN,0.999948,20,6A
NONCBL#ERR730321#1,False,True,True,True,0.191,-4.918,UNKNOWN,0.999614,20,12F
NONCBL#SRR26879736#25,False,True,True,True,0.178,-4.852,UNKNOWN,0.997729,20,25F
NONCBL#ERR4289122#6,False,True,True,True,0.344,-4.992,UNKNOWN,0.999329,20,19A
NONCBL#SRR26594373#18,False,True,True,True,0.245,-5.022,UNKNOWN,0.999752,20,12F
NONCBL#ERR1788331#11,False,True,True,True,0.36,-5.24,UNKNOWN,0.999909,20,15B
NONCBL#SRR26884059#4,False,True,True,True,0.14,-5.079,UNKNOWN,0.9996,20,25F
NONCBL#ERR2090946#22,False,True,True,True,0.151,-4.814,UNKNOWN,0.998267,20,12F
NONCBL#ERR3796860#2,False,True,True,True,0.336,-5.157,UNKNOWN,0.999927,20,19A
NONCBL#SRR26930404#2,False,True,True,True,0.356,-5.62,UNKNOWN,0.999937,20,8
NONCBL#ERR505586#2,False,True,True,True,0.156,-4.966,UNKNOWN,0.999659,20,19A
NONCBL#SRR26673275#13,False,True,True,True,0.108,-4.835,UNKNOWN,0.997625,20,25F
NONCBL#SRR26749641#7,False,True,True,True,0.249,-5.011,UNKNOWN,0.999635,20,19A
NONCBL#ERR2090513#42,False,True,True,True,0.125,-4.969,UNKNOWN,0.999625,36,10A
NONCBL#ERR750825#1,False,True,True,True,0.302,-5.242,UNKNOWN,0.999942,20,19A
NONCBL#ERR1191910#1,False,True,True,True,0.269,-5.151,UNKNOWN,0.999907,20,19A
NONCBL#ERR2091143#4,False,True,True,True,0.095,-4.789,UNKNOWN,0.999016,20,12F
NONCBL#ERR1066070#1,False,True,True,True,0.16,-5.146,UNKNOWN,0.999953,20,10A
NONCBL#ERR2681380#8,False,True,True,True,0.127,-5.147,UNKNOWN,0.99989,20,12F
NONCBL#ERR2090377#2,False,True,True,True,0.532,-5.523,UNKNOWN,0.999977,20,19A
NONCBL#ERR662369#15,False,True,True,True,0.083,-4.874,UNKNOWN,0.998652,20,25F
NONCBL#SRR26930259#1,False,True,True,True,0.142,-4.939,UNKNOWN,0.999791,35A_35C_42,6B
NONCBL#ERR2090523#9,False,True,True,True,0.169,-5.021,UNKNOWN,0.999867,20,12F
NONCBL#SRR26797597#3,False,True,True,True,0.327,-5.112,UNKNOWN,0.999877,20,19A
NONCBL#ERR2090315#1,False,True,True,True,0.428,-6.363,UNKNOWN,1.0,35A_35C_42,12F
NONCBL#ERR13365073#2,False,True,True,True,0.111,-4.95,UNKNOWN,0.999405,20,10A
NONCBL#SRR26673502#29,False,True,True,True,0.419,-5.531,UNKNOWN,0.999982,20,12F
NONCBL#ERR870119#26,False,True,True,True,0.234,-4.968,UNKNOWN,0.99979,20,12F
NONCBL#ERR870196#2,False,True,True,True,0.14,-5.129,UNKNOWN,0.999869,20,10A
NONCBL#ERR1202130#1,False,True,True,True,0.21,-4.941,UNKNOWN,0.999696,20,12F
NONCBL#SRR26749597#1,False,True,True,True,0.134,-4.876,UNKNOWN,0.99913,20,6B
NONCBL#SRR26930227#2,False,True,True,True,0.173,-4.972,UNKNOWN,0.999812,20,12F
NONCBL#ERR3899482#2,False,True,True,True,0.433,-5.388,UNKNOWN,0.999928,20,12F
NONCBL#ERR568726#1,False,True,True,True,0.073,-4.773,UNKNOWN,0.997842,20,19A
NONCBL#SRR26594570#2,False,True,True,True,0.281,-5.004,UNKNOWN,0.999439,20,10A
NONCBL#SRR26714957#2,False,True,True,True,0.459,-5.909,UNKNOWN,0.999993,20,6B
NONCBL#ERR505985#15,False,True,True,True,0.279,-4.916,UNKNOWN,0.99956,20,12F
NONCBL#ERR7568037#1,False,True,True,True,0.274,-4.933,UNKNOWN,0.999385,20,19A
NONCBL#ERR1788343#1,False,True,True,True,0.184,-4.979,UNKNOWN,0.999779,20,19A
NONCBL#ERR2090188#1,False,True,True,True,0.09,-4.796,UNKNOWN,0.998276,20,12F
NONCBL#SRR26673195#7,False,True,True,True,0.104,-4.852,UNKNOWN,0.999112,20,25F
NONCBL#SRR26883925#1,False,True,True,True,0.473,-5.407,UNKNOWN,0.999967,20,19A
NONCBL#SRR26883897#1,False,True,True,True,0.113,-4.806,UNKNOWN,0.99863,20,12F
NONCBL#ERR425423#8,False,True,True,True,0.172,-5.127,UNKNOWN,0.999928,35A_35C_42,19A
NONCBL#ERR2090991#5,False,True,True,True,0.111,-4.857,UNKNOWN,0.999364,20,6B
NONCBL#ERR2667955#1,False,True,True,True,0.202,-5.042,UNKNOWN,0.999684,20,19A
NONCBL#SRR26673389#17,False,True,True,True,0.303,-4.953,UNKNOWN,0.99937,20,19A
NONCBL#SRR26833567#3,False,True,True,True,0.216,-5.447,UNKNOWN,0.999998,35A_35C_42,6B
NONCBL#ERR2681227#1,False,True,True,True,0.11,-4.868,UNKNOWN,0.999593,20,19A
NONCBL#ERR13364878#6,False,True,True,True,0.251,-5.367,UNKNOWN,0.999975,20,19A
NONCBL#SRR26797401#1,False,True,True,True,0.443,-5.539,UNKNOWN,0.999932,20,38
NONCBL#SRR26930579#2,False,True,True,True,0.093,-5.037,UNKNOWN,0.999501,20,25F
NONCBL#ERR326462#26,False,True,True,True,0.35,-5.041,UNKNOWN,0.99936,20,19A
NONCBL#ERR750818#22,False,True,True,True,0.106,-4.91,UNKNOWN,0.99905,20,9N
NONCBL#SRR26818533#1,False,True,True,True,0.417,-5.659,UNKNOWN,0.999995,20,15A
NONCBL#ERR979951#1,False,True,True,True,0.133,-4.794,UNKNOWN,0.99874,20,12F
NONCBL#ERR884377#1,False,True,True,True,0.295,-5.814,UNKNOWN,0.999997,20,12F
NONCBL#ERR997565#17,False,True,True,True,0.139,-4.923,UNKNOWN,0.999372,20,6B
NONCBL#ERR909042#5,False,True,True,True,0.275,-5.271,UNKNOWN,0.999969,20,12F
NONCBL#ERR774512#2,False,True,True,True,0.443,-5.358,UNKNOWN,0.999961,20,19A
NONCBL#ERR730141#7,False,True,True,True,0.317,-5.21,UNKNOWN,0.999927,20,19A
NONCBL#SRR26789467#1,False,True,True,True,0.134,-5.004,UNKNOWN,0.999471,20,25F
NONCBL#SRR26714571#1,False,True,True,True,0.115,-4.965,UNKNOWN,0.999725,20,10A
NONCBL#SRR26818567#5,False,True,True,True,0.168,-5.373,UNKNOWN,0.999979,20,21
NONCBL#ERR311097#15,False,True,True,True,0.19,-5.262,UNKNOWN,0.999928,20,25F
NONCBL#SRR26931907#3,False,True,True,True,0.147,-4.912,UNKNOWN,0.999651,35A_35C_42,6B
NONCBL#SRR26878696#1,False,True,True,True,0.285,-4.98,UNKNOWN,0.999554,20,12F
NONCBL#SRR26789997#7,False,True,True,True,0.29,-5.009,UNKNOWN,0.999309,20,19A
NONCBL#SRR26673157#1,False,True,True,True,0.079,-4.963,UNKNOWN,0.999631,20,9N
NONCBL#ERR633008#2,False,True,True,True,0.365,-5.656,UNKNOWN,0.999989,36,4
NONCBL#SRR26878392#2,False,True,True,True,0.586,-5.842,UNKNOWN,0.99999,20,12F
NONCBL#ERR13364774#1,False,True,True,True,0.316,-5.094,UNKNOWN,0.999569,20,19A
NONCBL#SRR26714626#29,False,True,True,True,0.519,-5.527,UNKNOWN,0.999953,20,12F
NONCBL#SRR26789810#1,False,True,True,True,0.108,-5.063,UNKNOWN,0.999671,20,25F
NONCBL#SRR26879549#2,False,True,True,True,0.222,-4.94,UNKNOWN,0.999391,20,19A
NONCBL#SRR26797600#3,False,True,True,True,0.236,-4.986,UNKNOWN,0.999423,20,19A
NONCBL#ERR1799761#4,False,True,True,True,0.28,-5.19,UNKNOWN,0.999929,35A_35C_42,12F
NONCBL#ERR750954#15,False,True,True,True,0.183,-4.917,UNKNOWN,0.99949,35A_35C_42,10A
NONCBL#ERR774224#7,False,True,True,True,0.27,-5.148,UNKNOWN,0.999891,20,19A
NONCBL#ERR2091023#1,False,True,True,True,0.313,-5.006,UNKNOWN,0.999442,20,19A
NONCBL#ERR2667334#5,False,True,True,True,0.195,-4.805,UNKNOWN,0.999258,20,12F
NONCBL#ERR1788506#7,False,True,True,True,0.181,-4.854,UNKNOWN,0.997932,20,25F
NONCBL#ERR1756489#1,False,True,True,True,0.49,-5.488,UNKNOWN,0.999971,20,12F
NONCBL#ERR2090150#7,False,True,True,True,0.198,-4.895,UNKNOWN,0.999259,20,19A
NONCBL#ERR632935#27,False,True,True,True,0.143,-4.877,UNKNOWN,0.999609,20,12F
NONCBL#ERR3270813#1,False,True,True,True,0.43,-5.13,UNKNOWN,0.999396,20,19A
NONCBL#ERR2090789#23,False,True,True,True,0.15,-4.989,UNKNOWN,0.999913,20,12F
NONCBL#ERR2213029#16,False,True,True,True,0.245,-4.9,UNKNOWN,0.999581,20,12F
NONCBL#SRR26594310#6,False,True,True,True,0.316,-5.121,UNKNOWN,0.999775,20,19A
NONCBL#ERR501589#5,False,True,True,True,0.221,-5.177,UNKNOWN,0.999953,20,6B
NONCBL#ERR714142#1,False,True,True,True,0.305,-5.208,UNKNOWN,0.999905,20,19A
NONCBL#SRR26797951#2,False,True,True,True,0.384,-5.213,UNKNOWN,0.999838,20,12F
NONCBL#SRR26749453#1,False,True,True,True,0.446,-5.394,UNKNOWN,0.99994,20,12F
NONCBL#ERR7567930#2,False,True,True,True,0.321,-4.975,UNKNOWN,0.999408,20,19A
NONCBL#ERR3796949#5,False,True,True,True,0.172,-5.32,UNKNOWN,0.999994,20,19A
NONCBL#SRR26880242#2,False,True,True,True,0.469,-5.456,UNKNOWN,0.999981,35A_35C_42,12F
NONCBL#ERR2091188#24,False,True,True,True,0.317,-5.299,UNKNOWN,0.999978,35A_35C_42,12F
NONCBL#ERR742552#9,False,True,True,True,0.168,-5.158,UNKNOWN,0.999845,20,25F
NONCBL#ERR751019#1,False,True,True,True,0.337,-5.49,UNKNOWN,0.999984,20,12F
NONCBL#ERR5336805#3,False,True,True,True,0.13,-4.982,UNKNOWN,0.999081,35A_35C_42,25F
NONCBL#ERR2090694#2,False,True,True,True,0.337,-5.132,UNKNOWN,0.99974,20,19A
NONCBL#ERR714162#2,False,True,True,True,0.147,-5.29,UNKNOWN,0.999951,20,9L
NONCBL#ERR884662#3,False,True,True,True,0.162,-5.058,UNKNOWN,0.999686,35A_35C_42,19A
NONCBL#ERR2680979#10,False,True,True,True,0.098,-4.901,UNKNOWN,0.99935,20,25F
NONCBL#ERR1065832#1,False,True,True,True,0.275,-5.251,UNKNOWN,0.999979,20,12F
NONCBL#ERR2853587#1,False,True,True,True,0.17,-4.922,UNKNOWN,0.999645,20,12F
NONCBL#ERR3303394#6,False,True,True,True,0.234,-5.098,UNKNOWN,0.999897,20,19A
NONCBL#ERR1453485#2,False,True,True,True,0.289,-5.164,UNKNOWN,0.999904,20,19A
NONCBL#ERR596416#20,False,True,True,True,0.28,-4.928,UNKNOWN,0.999172,20,19A
NONCBL#SRR26910935#2,False,True,True,True,0.179,-4.938,UNKNOWN,0.999204,20,14
NONCBL#ERR984246#1,False,True,True,True,0.443,-5.338,UNKNOWN,0.999865,20,12F
NONCBL#ERR925168#24,False,True,True,True,0.156,-4.988,UNKNOWN,0.999676,20,6B
NONCBL#ERR870106#22,False,True,True,True,0.26,-5.336,UNKNOWN,0.999973,20,9N
NONCBL#ERR2090943#2,False,True,True,True,0.313,-5.015,UNKNOWN,0.999614,20,19A
NONCBL#SRR26749355#2,False,True,True,True,0.3,-5.14,UNKNOWN,0.999858,20,19A
NONCBL#ERR568583#5,False,True,True,True,0.188,-4.944,UNKNOWN,0.999599,20,12F
NONCBL#ERR909017#4,False,True,True,True,0.188,-5.074,UNKNOWN,0.999882,20,8
NONCBL#SRR26594470#1,False,True,True,True,0.223,-4.995,UNKNOWN,0.99973,20,12F
NONCBL#SRR26789508#2,False,True,True,True,0.181,-4.975,UNKNOWN,0.999759,20,12F
NONCBL#SRR26818364#3,False,True,True,True,0.132,-5.064,UNKNOWN,0.999859,20,10A
NONCBL#ERR13364493#15,False,True,True,True,0.155,-4.842,UNKNOWN,0.998915,20,12F
NONCBL#SRR26833534#2,False,True,True,True,0.092,-4.854,UNKNOWN,0.997926,20,23F
NONCBL#ERR2668116#5,False,True,True,True,0.309,-5.274,UNKNOWN,0.999947,20,19A
NONCBL#SRR26910690#6,False,True,True,True,0.281,-4.945,UNKNOWN,0.999499,20,19A
NONCBL#ERR1065679#4,False,True,True,True,0.315,-5.08,UNKNOWN,0.99974,20,19A
NONCBL#SRR26797054#1,False,True,True,True,0.118,-4.949,UNKNOWN,0.999753,20,8
NONCBL#ERR845780#1,False,True,True,True,0.274,-5.091,UNKNOWN,0.999875,20,19A
NONCBL#ERR876637#11,False,True,True,True,0.088,-4.798,UNKNOWN,0.998106,20,12F
NONCBL#ERR1066214#1,False,True,True,True,0.143,-4.881,UNKNOWN,0.999431,20,12F
NONCBL#ERR505577#16,False,True,True,True,0.082,-4.762,UNKNOWN,0.997792,20,6B
NONCBL#ERR742839#43,False,True,True,True,0.327,-5.005,UNKNOWN,0.999511,20,19A
NONCBL#ERR1788207#2,False,True,True,True,0.237,-5.166,UNKNOWN,0.999934,35A_35C_42,4
NONCBL#ERR2667184#7,False,True,True,True,0.184,-4.861,UNKNOWN,0.998627,20,25F
NONCBL#ERR870230#24,False,True,True,True,0.233,-5.208,UNKNOWN,0.999969,35A_35C_42,12F
NONCBL#ERR2667474#1,False,True,True,True,0.154,-5.198,UNKNOWN,0.999886,20,19A
NONCBL#ERR2667452#1,False,True,True,True,0.078,-4.908,UNKNOWN,0.998701,20,10A
NONCBL#ERR13374957#3,False,True,True,True,0.286,-5.512,UNKNOWN,0.999967,20,25F
NONCBL#ERR1106806#10,False,True,True,True,0.125,-4.96,UNKNOWN,0.999643,20,25F
NONCBL#SRR26931380#7,False,True,True,True,0.249,-5.011,UNKNOWN,0.999635,20,19A
NONCBL#ERR646606#1,False,True,True,True,0.168,-5.048,UNKNOWN,0.999863,20,10A
NONCBL#ERR1065760#1,False,True,True,True,0.311,-5.096,UNKNOWN,0.999844,20,12F
NONCBL#SRR26879741#20,False,True,True,True,0.269,-4.986,UNKNOWN,0.999593,20,19A
NONCBL#ERR1453427#11,False,True,True,True,0.14,-4.884,UNKNOWN,0.999405,20,6A
NONCBL#ERR2090770#4,False,True,True,True,0.104,-4.856,UNKNOWN,0.999131,20,25F
NONCBL#ERR774351#4,False,True,True,True,0.184,-5.087,UNKNOWN,0.999915,20,19A
NONCBL#ERR2089210#1,False,True,True,True,0.346,-5.104,UNKNOWN,0.999522,20,19A
NONCBL#ERR1214601#1,False,True,True,True,0.188,-5.1,UNKNOWN,0.999861,20,12F
NONCBL#SRR26673506#26,False,True,True,True,0.304,-4.961,UNKNOWN,0.999542,20,19A
NONCBL#ERR701857#1,False,True,True,True,0.315,-5.127,UNKNOWN,0.999799,20,12F
NONCBL#SRR26883958#3,False,True,True,True,0.187,-5.093,UNKNOWN,0.999866,20,25F
NONCBL#ERR326338#13,False,True,True,True,0.113,-4.932,UNKNOWN,0.999409,20,9L
NONCBL#ERR2681356#3,False,True,True,True,0.148,-4.967,UNKNOWN,0.998685,20,12F
NONCBL#ERR750796#17,False,True,True,True,0.128,-4.828,UNKNOWN,0.999414,20,12F
NONCBL#ERR2090951#18,False,True,True,True,0.205,-4.963,UNKNOWN,0.999505,35A_35C_42,10A
NONCBL#ERR8481613#2,False,True,True,True,0.123,-5.101,UNKNOWN,0.999912,20,12F
NONCBL#ERR1288983#30,False,True,True,True,0.137,-4.924,UNKNOWN,0.999414,35A_35C_42,25F
NONCBL#ERR2091024#3,False,True,True,True,0.186,-4.994,UNKNOWN,0.999848,20,10A
NONCBL#ERR980008#10,False,True,True,True,0.25,-4.889,UNKNOWN,0.999392,20,12F
NONCBL#SRR26833871#1,False,True,True,True,0.106,-4.973,UNKNOWN,0.999837,20,25F
NONCBL#ERR742491#1,False,True,True,True,0.124,-5.115,UNKNOWN,0.999761,20,12F
NONCBL#ERR1202562#1,False,True,True,True,0.68,-5.954,UNKNOWN,0.999987,20,8
NONCBL#ERR742654#10,False,True,True,True,0.526,-5.349,UNKNOWN,0.999655,20,12F
NONCBL#ERR600411#26,False,True,True,True,0.227,-5.209,UNKNOWN,0.99997,20,12F
NONCBL#ERR2853618#1,False,True,True,True,0.32,-5.474,UNKNOWN,0.99999,20,23B
NONCBL#ERR1788106#8,False,True,True,True,0.089,-4.779,UNKNOWN,0.997741,20,25F
NONCBL#SRR26790032#2,False,True,True,True,0.577,-5.865,UNKNOWN,0.999993,20,12F
NONCBL#ERR425393#25,False,True,True,True,0.181,-5.212,UNKNOWN,0.999983,35A_35C_42,6B
NONCBL#ERR2089940#14,False,True,True,True,0.173,-5.082,UNKNOWN,0.999878,20,19B
NONCBL#ERR3899524#4,False,True,True,True,0.198,-4.978,UNKNOWN,0.999768,20,12F
NONCBL#SRR26789379#2,False,True,True,True,0.15,-4.935,UNKNOWN,0.999524,20,25F
NONCBL#ERR913334#13,False,True,True,True,0.247,-5.193,UNKNOWN,0.999982,35A_35C_42,6B
NONCBL#ERR2090143#10,False,True,True,True,0.23,-5.113,UNKNOWN,0.999721,20,12F
NONCBL#SRR26818266#3,False,True,True,True,0.326,-5.085,UNKNOWN,0.999769,20,12F
NONCBL#SRR26714787#8,False,True,True,True,0.158,-5.07,UNKNOWN,0.999942,20,6A
NONCBL#ERR600608#1,False,True,True,True,0.303,-5.13,UNKNOWN,0.999772,20,9V
NONCBL#SRR26672999#2,False,True,True,True,0.259,-5.37,UNKNOWN,0.999969,20,19A
NONCBL#SRR26714960#7,False,True,True,True,0.227,-4.987,UNKNOWN,0.9995,20,19A
NONCBL#SRR26818493#7,False,True,True,True,0.319,-5.197,UNKNOWN,0.999914,20,19A
NONCBL#ERR1106790#3,False,True,True,True,0.213,-4.892,UNKNOWN,0.999113,35A_35C_42,6B
NONCBL#SRR26878063#19,False,True,True,True,0.315,-5.12,UNKNOWN,0.999773,20,19A
NONCBL#ERR869976#1,False,True,True,True,0.14,-4.897,UNKNOWN,0.997433,20,25F
NONCBL#SRR26878410#4,False,True,True,True,0.151,-4.901,UNKNOWN,0.999398,20,12F
NONCBL#ERR845795#3,False,True,True,True,0.281,-5.083,UNKNOWN,0.999725,20,19A
NONCBL#SRR26594616#1,False,True,True,True,0.234,-4.989,UNKNOWN,0.999491,20,19A
NONCBL#ERR13365252#17,False,True,True,True,0.167,-4.895,UNKNOWN,0.999338,35A_35C_42,6B
NONCBL#ERR913273#17,False,True,True,True,0.111,-4.896,UNKNOWN,0.999423,20,25F
NONCBL#ERR13365066#1,False,True,True,True,0.084,-4.8,UNKNOWN,0.998169,20,12F
NONCBL#ERR2612064#6,False,True,True,True,0.303,-5.295,UNKNOWN,0.999959,20,19A
NONCBL#SRR26884252#22,False,True,True,True,0.352,-5.004,UNKNOWN,0.999303,20,19A
NONCBL#ERR913302#4,False,True,True,True,0.259,-5.426,UNKNOWN,0.999995,35A_35C_42,12F
NONCBL#ERR13366238#7,False,True,True,True,0.326,-5.105,UNKNOWN,0.999723,20,19A
NONCBL#ERR13365113#9,False,True,True,True,0.326,-4.989,UNKNOWN,0.999342,20,19A
NONCBL#SRR26595135#1,False,True,True,True,0.076,-4.864,UNKNOWN,0.997778,20,25F
NONCBL#ERR1214382#1,False,True,True,True,0.134,-5.469,UNKNOWN,0.999983,20,9N
NONCBL#ERR2680980#15,False,True,True,True,0.077,-4.812,UNKNOWN,0.997886,20,10A
NONCBL#ERR750867#17,False,True,True,True,0.189,-4.988,UNKNOWN,0.999758,20,12F
NONCBL#SRR26878073#1,False,True,True,True,0.23,-5.092,UNKNOWN,0.999926,20,10A
NONCBL#ERR5104413#28,False,True,True,True,0.321,-5.241,UNKNOWN,0.999936,20,19A
NONCBL#SRR26931248#5,False,True,True,True,0.148,-5.026,UNKNOWN,0.999573,20,25F
NONCBL#ERR730644#32,False,True,True,True,0.399,-5.206,UNKNOWN,0.999758,20,19A
NONCBL#ERR1422592#1,False,True,True,True,0.293,-5.242,UNKNOWN,0.999873,20,12F
NONCBL#ERR316901#20,False,True,True,True,0.224,-5.189,UNKNOWN,0.999931,20,19A
NONCBL#ERR1065725#10,False,True,True,True,0.091,-4.764,UNKNOWN,0.99832,20,6B
NONCBL#SRR26714844#1,False,True,True,True,0.158,-4.91,UNKNOWN,0.999469,35A_35C_42,6B
NONCBL#ERR1214566#1,False,True,True,True,0.234,-4.944,UNKNOWN,0.999646,20,19A
NONCBL#ERR979978#1,False,True,True,True,0.383,-5.952,UNKNOWN,0.999998,20,12F
NONCBL#ERR750979#6,False,True,True,True,0.253,-4.881,UNKNOWN,0.999059,20,19A
NONCBL#ERR13365074#4,False,True,True,True,0.209,-4.915,UNKNOWN,0.999668,35A_35C_42,6B
NONCBL#ERR2681396#6,False,True,True,True,0.106,-4.876,UNKNOWN,0.999013,20,9N
NONCBL#SRR26818507#5,False,True,True,True,0.105,-5.09,UNKNOWN,0.999888,20,14
NONCBL#ERR1799737#7,False,True,True,True,0.356,-5.146,UNKNOWN,0.999688,20,19A
NONCBL#ERR1453387#1,False,True,True,True,0.283,-5.37,UNKNOWN,0.999972,20,9V
NONCBL#ERR730421#10,False,True,True,True,0.324,-4.999,UNKNOWN,0.999381,20,19A
NONCBL#ERR730696#4,False,True,True,True,0.339,-5.32,UNKNOWN,0.999957,20,19A
NONCBL#ERR773932#1,False,True,True,True,0.115,-5.036,UNKNOWN,0.999634,20,25F
NONCBL#ERR742697#21,False,True,True,True,0.809,-6.925,UNKNOWN,0.999975,20,8
NONCBL#SRR26797974#3,False,True,True,True,0.356,-5.62,UNKNOWN,0.999937,20,8
NONCBL#SRR26834454#1,False,True,True,True,0.217,-4.854,UNKNOWN,0.999435,20,19A
NONCBL#ERR13364856#1,False,True,True,True,0.393,-5.751,UNKNOWN,0.99994,20,9V
NONCBL#ERR662450#3,False,True,True,True,0.104,-5.031,UNKNOWN,0.999732,20,6B
NONCBL#SRR26797143#15,False,True,True,True,0.083,-4.83,UNKNOWN,0.998783,20,9N
NONCBL#ERR913126#1,False,True,True,True,0.116,-4.898,UNKNOWN,0.999499,20,12F
NONCBL#SRR26879604#17,False,True,True,True,0.202,-4.889,UNKNOWN,0.999583,20,6A
NONCBL#ERR750816#3,False,True,True,True,0.171,-5.041,UNKNOWN,0.999843,20,12F
NONCBL#SRR26930156#2,False,True,True,True,0.138,-4.753,UNKNOWN,0.998713,20,12F
NONCBL#ERR751069#16,False,True,True,True,0.143,-4.991,UNKNOWN,0.99973,20,14
NONCBL#SRR26817985#1,False,True,True,True,0.365,-5.031,UNKNOWN,0.99936,20,19A
NONCBL#SRR26878201#1,False,True,True,True,0.279,-5.153,UNKNOWN,0.999926,20,19A
NONCBL#ERR2680556#22,False,True,True,True,0.216,-4.936,UNKNOWN,0.999085,35A_35C_42,10A
NONCBL#SRR26789545#16,False,True,True,True,0.108,-4.835,UNKNOWN,0.997625,20,25F
NONCBL#SRR26594990#2,False,True,True,True,0.335,-5.048,UNKNOWN,0.99956,20,12F
NONCBL#SRR26749284#1,False,True,True,True,0.171,-5.015,UNKNOWN,0.999558,20,19A
NONCBL#ERR925242#7,False,True,True,True,0.145,-5.095,UNKNOWN,0.99991,20,4
NONCBL#ERR869910#5,False,True,True,True,0.25,-4.94,UNKNOWN,0.99897,35A_35C_42,10A
NONCBL#SRR26884217#4,False,True,True,True,0.131,-4.879,UNKNOWN,0.999025,20,12F
NONCBL#ERR774257#6,False,True,True,True,0.428,-5.165,UNKNOWN,0.999572,20,19A
NONCBL#ERR862413#2,False,True,True,True,0.11,-4.874,UNKNOWN,0.999384,20,25F
NONCBL#SRR26834022#1,False,True,True,True,0.132,-4.907,UNKNOWN,0.999622,20,12F
NONCBL#ERR925218#25,False,True,True,True,0.115,-5.067,UNKNOWN,0.999624,20,25F
NONCBL#SRR26834256#14,False,True,True,True,0.763,-6.353,UNKNOWN,0.999985,20,14
NONCBL#SRR26750073#9,False,True,True,True,0.314,-4.958,UNKNOWN,0.99924,20,19A
NONCBL#ERR1065282#7,False,True,True,True,0.187,-4.872,UNKNOWN,0.999342,20,6A
NONCBL#SRR26714512#1,False,True,True,True,0.367,-5.661,UNKNOWN,0.999941,20,8
NONCBL#SRR26749985#2,False,True,True,True,0.12,-5.144,UNKNOWN,0.999826,20,25F
NONCBL#SRR26790159#5,False,True,True,True,0.15,-4.927,UNKNOWN,0.99981,20,10A
NONCBL#SRR26910759#1,False,True,True,True,0.115,-5.036,UNKNOWN,0.999634,20,25F
NONCBL#ERR13365754#23,False,True,True,True,0.131,-5.058,UNKNOWN,0.999802,20,19A
NONCBL#ERR2681065#3,False,True,True,True,0.118,-4.852,UNKNOWN,0.999283,20,10A
NONCBL#SRR26834515#5,False,True,True,True,0.265,-5.036,UNKNOWN,0.999642,20,19A
NONCBL#ERR433727#1,False,True,True,True,0.308,-4.972,UNKNOWN,0.99943,20,19A
NONCBL#SRR26931423#1,False,True,True,True,0.253,-5.122,UNKNOWN,0.999862,20,6B
NONCBL#ERR1066020#20,False,True,True,True,0.334,-5.176,UNKNOWN,0.999833,20,6B
NONCBL#SRR26797015#4,False,True,True,True,0.223,-5.287,UNKNOWN,0.999989,35A_35C_42,6B
NONCBL#ERR600617#14,False,True,True,True,0.17,-5.374,UNKNOWN,0.999981,20,12F
NONCBL#ERR3669265#3,False,True,True,True,0.383,-5.515,UNKNOWN,0.999896,20,9V
NONCBL#SRR26884175#7,False,True,True,True,0.277,-5.07,UNKNOWN,0.999884,20,19A
NONCBL#ERR1065182#4,False,True,True,True,0.256,-5.159,UNKNOWN,0.99996,20,12F
NONCBL#ERR1788312#4,False,True,True,True,0.241,-4.937,UNKNOWN,0.999231,20,12F
NONCBL#ERR774632#5,False,True,True,True,0.399,-5.206,UNKNOWN,0.999758,20,19A
NONCBL#ERR1453354#2,False,True,True,True,0.338,-5.108,UNKNOWN,0.999585,20,19A
NONCBL#SRR26931264#7,False,True,True,True,0.16,-4.989,UNKNOWN,0.999772,20,12F
NONCBL#ERR979959#1,False,True,True,True,0.304,-5.107,UNKNOWN,0.999725,20,12F
NONCBL#SRR26818450#47,False,True,True,True,0.105,-5.032,UNKNOWN,0.999749,35A_35C_42,6B
NONCBL#SRR26884493#2,False,True,True,True,0.412,-5.188,UNKNOWN,0.999676,20,12F
NONCBL#ERR979935#4,False,True,True,True,0.273,-5.079,UNKNOWN,0.999792,20,19A
NONCBL#ERR2089928#4,False,True,True,True,0.232,-4.91,UNKNOWN,0.999563,20,19A
NONCBL#ERR1453789#33,False,True,True,True,0.183,-4.857,UNKNOWN,0.998008,20,25F
NONCBL#ERR2667330#1,False,True,True,True,0.262,-5.081,UNKNOWN,0.999809,20,19A
NONCBL#SRR26910413#28,False,True,True,True,0.112,-4.796,UNKNOWN,0.999076,20,12F
NONCBL#ERR884529#18,False,True,True,True,0.218,-4.95,UNKNOWN,0.999739,20,19A
NONCBL#SRR26833576#15,False,True,True,True,0.22,-5.029,UNKNOWN,0.999664,20,19A
NONCBL#SRR26878461#16,False,True,True,True,0.656,-5.985,UNKNOWN,0.999986,20,14
NONCBL#ERR2681202#7,False,True,True,True,0.089,-4.788,UNKNOWN,0.998377,20,12F
NONCBL#ERR326412#22,False,True,True,True,0.189,-5.241,UNKNOWN,0.99998,35A_35C_42,12F
NONCBL#SRR26673529#10,False,True,True,True,0.272,-5.042,UNKNOWN,0.999492,20,19A
NONCBL#SRR26714366#1,False,True,True,True,0.36,-5.586,UNKNOWN,0.999943,20,19A
NONCBL#ERR730541#2,False,True,True,True,0.144,-4.95,UNKNOWN,0.999495,35A_35C_42,12F
NONCBL#ERR2091069#11,False,True,True,True,0.29,-5.076,UNKNOWN,0.999783,20,19A
NONCBL#ERR730837#2,False,True,True,True,0.17,-4.905,UNKNOWN,0.999416,35A_35C_42,6B
NONCBL#SRR26714489#2,False,True,True,True,0.286,-5.509,UNKNOWN,0.999976,20,12F
NONCBL#ERR730677#1,False,True,True,True,0.232,-5.221,UNKNOWN,0.99992,20,35B
NONCBL#ERR505743#11,False,True,True,True,0.247,-5.061,UNKNOWN,0.999828,20,19A
NONCBL#ERR1191833#4,False,True,True,True,0.154,-4.952,UNKNOWN,0.99949,20,19A
NONCBL#SRR26790089#5,False,True,True,True,0.324,-5.128,UNKNOWN,0.999793,20,19A
NONCBL#ERR1658095#5,False,True,True,True,0.203,-5.116,UNKNOWN,0.999948,20,12F
NONCBL#SRR26797603#2,False,True,True,True,0.142,-4.822,UNKNOWN,0.999348,20,19A
NONCBL#ERR909022#17,False,True,True,True,0.257,-5.363,UNKNOWN,0.999994,35A_35C_42,6B
NONCBL#ERR570466#23,False,True,True,True,0.592,-5.748,UNKNOWN,0.999982,20,9N
NONCBL#ERR997469#1,False,True,True,True,0.333,-5.21,UNKNOWN,0.999885,20,19A
NONCBL#SRR26930306#11,False,True,True,True,0.205,-4.952,UNKNOWN,0.999354,20,12F
NONCBL#SRR26789722#1,False,True,True,True,0.252,-4.905,UNKNOWN,0.999435,20,19A
NONCBL#SRR26931422#20,False,True,True,True,0.14,-5.197,UNKNOWN,0.999927,20,8
NONCBL#ERR1066273#1,False,True,True,True,0.395,-5.597,UNKNOWN,0.999966,20,4
NONCBL#ERR3899258#1,False,True,True,True,0.134,-4.789,UNKNOWN,0.998935,20,12F
NONCBL#ERR14654028#13,False,True,True,True,0.11,-4.866,UNKNOWN,0.999097,20,25F
NONCBL#ERR1065989#1,False,True,True,True,0.66,-6.052,UNKNOWN,0.999993,20,12F
NONCBL#ERR774194#18,False,True,True,True,0.243,-5.227,UNKNOWN,0.999953,20,19A
NONCBL#ERR1756387#5,False,True,True,True,0.284,-4.938,UNKNOWN,0.999286,20,19A
NONCBL#ERR980101#18,False,True,True,True,0.273,-4.914,UNKNOWN,0.999423,20,19A
NONCBL#SRR26789546#1,False,True,True,True,0.489,-5.513,UNKNOWN,0.999977,20,12F
NONCBL#ERR876576#12,False,True,True,True,0.121,-4.928,UNKNOWN,0.999492,35A_35C_42,19A
NONCBL#SRR26714733#1,False,True,True,True,0.453,-5.488,UNKNOWN,0.999986,20,12F
NONCBL#ERR1106626#24,False,True,True,True,0.146,-4.825,UNKNOWN,0.999341,20,12F
NONCBL#ERR1192097#18,False,True,True,True,0.192,-4.894,UNKNOWN,0.998989,20,12F
NONCBL#ERR979927#4,False,True,True,True,0.31,-5.132,UNKNOWN,0.99981,20,19A
NONCBL#ERR13366191#12,False,True,True,True,0.206,-4.993,UNKNOWN,0.99976,36,10A
NONCBL#ERR501617#10,False,True,True,True,0.133,-5.066,UNKNOWN,0.999872,20,25F
NONCBL#ERR730676#6,False,True,True,True,0.235,-5.26,UNKNOWN,0.999964,20,19A
NONCBL#SRR26818024#4,False,True,True,True,0.153,-4.772,UNKNOWN,0.99922,20,12F
NONCBL#ERR1066204#5,False,True,True,True,0.169,-4.854,UNKNOWN,0.997509,20,25F
NONCBL#SRR26931556#4,False,True,True,True,0.173,-4.895,UNKNOWN,0.999609,20,12F
NONCBL#ERR13374998#4,False,True,True,True,0.234,-4.989,UNKNOWN,0.999497,20,19A
NONCBL#SRR26877784#6,False,True,True,True,0.106,-4.825,UNKNOWN,0.998817,20,6A
NONCBL#SRR26910899#13,False,True,True,True,0.118,-4.887,UNKNOWN,0.998943,20,19A
NONCBL#ERR884577#22,False,True,True,True,0.412,-5.112,UNKNOWN,0.999416,20,19A
NONCBL#ERR3303279#3,False,True,True,True,0.118,-4.878,UNKNOWN,0.999374,20,12F
NONCBL#ERR909168#20,False,True,True,True,0.268,-5.04,UNKNOWN,0.999299,20,23F
NONCBL#SRR26877776#1,False,True,True,True,0.439,-5.337,UNKNOWN,0.99991,20,12F
NONCBL#ERR662393#27,False,True,True,True,0.588,-7.181,UNKNOWN,1.0,33G,12F
NONCBL#ERR505797#1,False,True,True,True,0.114,-4.983,UNKNOWN,0.999563,20,9V
NONCBL#ERR2089656#2,False,True,True,True,0.272,-5.213,UNKNOWN,0.999931,20,8
NONCBL#ERR2089378#24,False,True,True,True,0.144,-4.978,UNKNOWN,0.999906,20,12F
NONCBL#SRR26672870#13,False,True,True,True,0.24,-5.085,UNKNOWN,0.999815,20,19A
NONCBL#ERR600179#12,False,True,True,True,0.146,-4.856,UNKNOWN,0.999345,20,9V
NONCBL#ERR742339#1,False,True,True,True,0.147,-4.988,UNKNOWN,0.999744,20,12F
NONCBL#ERR13365937#10,False,True,True,True,0.31,-5.375,UNKNOWN,0.999975,20,19A
NONCBL#ERR876552#6,False,True,True,True,0.235,-5.294,UNKNOWN,0.999897,20,25F
NONCBL#ERR316671#7,False,True,True,True,0.156,-4.919,UNKNOWN,0.999801,20,10A
NONCBL#ERR980319#1,False,True,True,True,0.181,-4.874,UNKNOWN,0.999591,20,12F
NONCBL#ERR3796769#4,False,True,True,True,0.238,-5.03,UNKNOWN,0.999621,20,19A
NONCBL#ERR730193#1,False,True,True,True,0.289,-5.041,UNKNOWN,0.999819,20,19A
NONCBL#SRR26884700#4,False,True,True,True,0.302,-5.086,UNKNOWN,0.99975,20,19A
NONCBL#SRR26833990#2,False,True,True,True,0.09,-4.841,UNKNOWN,0.998711,20,12F
NONCBL#ERR13364494#9,False,True,True,True,0.123,-4.871,UNKNOWN,0.999467,20,14
NONCBL#ERR600419#14,False,True,True,True,0.237,-5.107,UNKNOWN,0.999745,20,19A
NONCBL#ERR2089795#5,False,True,True,True,0.103,-5.073,UNKNOWN,0.99964,20,10A
NONCBL#SRR26930911#9,False,True,True,True,0.134,-4.815,UNKNOWN,0.999326,20,12F
NONCBL#ERR1288843#47,False,True,True,True,0.183,-4.91,UNKNOWN,0.998132,20,25F
NONCBL#ERR730690#2,False,True,True,True,0.141,-4.936,UNKNOWN,0.999559,20,19A
NONCBL#ERR3227824#15,False,True,True,True,0.105,-5.111,UNKNOWN,0.999833,20,25F
NONCBL#ERR2089864#11,False,True,True,True,0.388,-5.838,UNKNOWN,0.999999,20,14
NONCBL#SRR26672941#6,False,True,True,True,0.312,-4.953,UNKNOWN,0.999345,20,19A
NONCBL#SRR26878507#1,False,True,True,True,0.661,-5.987,UNKNOWN,0.999995,20,12F
NONCBL#SRR26714118#15,False,True,True,True,0.273,-5.149,UNKNOWN,0.999748,20,18F
NONCBL#ERR1453632#24,False,True,True,True,0.109,-4.88,UNKNOWN,0.999104,20,25F
NONCBL#ERR3899430#5,False,True,True,True,0.094,-4.738,UNKNOWN,0.998489,20,6B
NONCBL#ERR1788061#14,False,True,True,True,0.096,-4.842,UNKNOWN,0.998747,20,23B
NONCBL#ERR2612084#1,False,True,True,True,0.35,-5.011,UNKNOWN,0.999324,20,19A
NONCBL#SRR26884702#2,False,True,True,True,0.416,-6.211,UNKNOWN,0.999998,20,15B
NONCBL#ERR2090652#5,False,True,True,True,0.15,-4.85,UNKNOWN,0.999385,20,12F
NONCBL#ERR505919#2,False,True,True,True,0.456,-5.465,UNKNOWN,0.999911,20,12F
NONCBL#SRR26880264#1,False,True,True,True,0.362,-6.107,UNKNOWN,0.999996,20,15B
NONCBL#SRR26880292#6,False,True,True,True,0.342,-4.994,UNKNOWN,0.999307,20,19A
NONCBL#ERR1422641#1,False,True,True,True,0.189,-5.041,UNKNOWN,0.99962,20,19A
NONCBL#SRR26797905#2,False,True,True,True,0.37,-5.162,UNKNOWN,0.99988,20,19A
NONCBL#SRR26931636#1,False,True,True,True,0.213,-5.426,UNKNOWN,0.999983,20,19A
NONCBL#ERR2681401#20,False,True,True,True,0.13,-5.107,UNKNOWN,0.999946,20,6A
NONCBL#SRR26797371#21,False,True,True,True,0.158,-4.858,UNKNOWN,0.999143,20,12F
NONCBL#SRR26877798#3,False,True,True,True,0.446,-5.372,UNKNOWN,0.999965,20,19A
NONCBL#SRR26910943#14,False,True,True,True,0.185,-4.949,UNKNOWN,0.999381,20,12F
NONCBL#ERR2680974#8,False,True,True,True,0.345,-5.233,UNKNOWN,0.999902,20,19A
NONCBL#ERR8481723#1,False,True,True,True,0.443,-5.397,UNKNOWN,0.999956,20,12F
NONCBL#SRR26884328#6,False,True,True,True,0.236,-4.986,UNKNOWN,0.999423,20,19A
NONCBL#ERR632903#2,False,True,True,True,0.129,-4.949,UNKNOWN,0.999658,20,21
NONCBL#ERR7567855#2,False,True,True,True,0.214,-5.297,UNKNOWN,0.999974,20,9V
NONCBL#ERR13364692#11,False,True,True,True,0.122,-5.127,UNKNOWN,0.999889,20,25F
NONCBL#SRR26930860#12,False,True,True,True,0.178,-5.23,UNKNOWN,0.999962,20,48
NONCBL#ERR862306#8,False,True,True,True,0.263,-5.062,UNKNOWN,0.999729,20,19A
NONCBL#ERR570407#25,False,True,True,True,0.382,-5.467,UNKNOWN,0.999991,35A_35C_42,12F
NONCBL#ERR1214490#42,False,True,True,True,0.089,-4.966,UNKNOWN,0.999509,36,6B
NONCBL#ERR2089745#1,False,True,True,True,0.794,-6.582,UNKNOWN,0.999991,20,8
NONCBL#SRR26834324#2,False,True,True,True,0.236,-4.882,UNKNOWN,0.99964,20,12F
NONCBL#SRR26594295#14,False,True,True,True,0.301,-5.158,UNKNOWN,0.999689,20,19A
NONCBL#SRR26910863#14,False,True,True,True,0.198,-5.007,UNKNOWN,0.999625,20,12F
NONCBL#ERR505560#15,False,True,True,True,0.248,-5.196,UNKNOWN,0.999937,20,19A
NONCBL#ERR501568#24,False,True,True,True,0.124,-4.889,UNKNOWN,0.999256,20,12F
NONCBL#ERR750853#5,False,True,True,True,0.259,-5.229,UNKNOWN,0.999945,20,19A
NONCBL#SRR26714934#1,False,True,True,True,0.436,-5.386,UNKNOWN,0.99997,20,12F
NONCBL#SRR26818628#4,False,True,True,True,0.212,-4.983,UNKNOWN,0.999605,20,19A
NONCBL#ERR490776#20,False,True,True,True,0.109,-5.05,UNKNOWN,0.999816,20,19B
NONCBL#ERR3227790#1,False,True,True,True,0.309,-5.076,UNKNOWN,0.999874,20,19A
NONCBL#SRR26833738#7,False,True,True,True,0.103,-5.06,UNKNOWN,0.999853,20,6B
NONCBL#ERR3796625#1,False,True,True,True,0.155,-4.964,UNKNOWN,0.999622,20,12F
NONCBL#ERR1658116#13,False,True,True,True,0.197,-5.058,UNKNOWN,0.999692,20,12F
NONCBL#SRR26749223#2,False,True,True,True,0.232,-5.124,UNKNOWN,0.999877,20,6B
NONCBL#ERR13364841#1,False,True,True,True,0.198,-4.981,UNKNOWN,0.999495,20,12F
NONCBL#ERR742633#1,False,True,True,True,0.481,-5.76,UNKNOWN,0.999973,35A_35C_42,4
NONCBL#ERR714240#11,False,True,True,True,0.121,-4.867,UNKNOWN,0.999591,20,10A
NONCBL#ERR13374689#2,False,True,True,True,0.444,-5.611,UNKNOWN,0.999989,35A_35C_42,12F
NONCBL#ERR13366141#11,False,True,True,True,0.16,-4.976,UNKNOWN,0.999605,35A_35C_42,12F
NONCBL#ERR884476#1,False,True,True,True,0.28,-5.527,UNKNOWN,0.999969,20,25F
NONCBL#SRR26789643#1,False,True,True,True,0.376,-5.314,UNKNOWN,0.999957,20,12F
NONCBL#SRR26931708#1,False,True,True,True,0.249,-5.173,UNKNOWN,0.999914,20,12F
NONCBL#ERR870154#1,False,True,True,True,0.414,-5.278,UNKNOWN,0.999945,20,12F
NONCBL#ERR925237#1,False,True,True,True,0.328,-5.007,UNKNOWN,0.999377,20,19A
NONCBL#ERR742553#1,False,True,True,True,0.203,-4.987,UNKNOWN,0.99982,20,12F
NONCBL#ERR1065413#2,False,True,True,True,0.162,-4.763,UNKNOWN,0.998942,20,12F
NONCBL#ERR13364385#2,False,True,True,True,0.365,-5.154,UNKNOWN,0.999893,20,19A
NONCBL#ERR3270812#1,False,True,True,True,0.146,-4.845,UNKNOWN,0.999219,20,12F
NONCBL#ERR913443#12,False,True,True,True,0.145,-4.805,UNKNOWN,0.999429,20,12F
NONCBL#SRR26877980#1,False,True,True,True,0.547,-5.623,UNKNOWN,0.999978,20,12F
NONCBL#ERR8481711#2,False,True,True,True,0.167,-4.923,UNKNOWN,0.999625,20,12F
NONCBL#ERR980217#1,False,True,True,True,0.316,-5.276,UNKNOWN,0.999961,20,12F
NONCBL#ERR1065537#2,False,True,True,True,0.145,-4.91,UNKNOWN,0.999701,20,9V
NONCBL#ERR1065160#1,False,True,True,True,0.622,-5.945,UNKNOWN,0.999991,20,9V
NONCBL#SRR26834495#18,False,True,True,True,0.151,-5.044,UNKNOWN,0.999863,20,10A
NONCBL#SRR26910839#9,False,True,True,True,0.134,-4.815,UNKNOWN,0.999326,20,12F
NONCBL#ERR2681346#4,False,True,True,True,0.222,-5.277,UNKNOWN,0.999967,20,19A
NONCBL#ERR2667358#1,False,True,True,True,0.14,-4.896,UNKNOWN,0.999517,20,12F
NONCBL#SRR26877804#16,False,True,True,True,0.279,-5.126,UNKNOWN,0.999728,20,19A
NONCBL#SRR26673740#6,False,True,True,True,0.269,-5.22,UNKNOWN,0.999954,20,19A
NONCBL#SRR26910801#1,False,True,True,True,0.189,-5.155,UNKNOWN,0.999922,20,10A
NONCBL#ERR1453413#2,False,True,True,True,0.352,-5.44,UNKNOWN,0.999983,20,12F
NONCBL#ERR13365926#2,False,True,True,True,0.271,-5.408,UNKNOWN,0.999974,20,19A
NONCBL#ERR1106794#5,False,True,True,True,0.353,-5.307,UNKNOWN,0.999965,20,12F
NONCBL#ERR14653944#1,False,True,True,True,0.216,-4.9,UNKNOWN,0.998957,20,25F
NONCBL#ERR925213#1,False,True,True,True,0.298,-5.224,UNKNOWN,0.999928,20,19A
NONCBL#SRR26834467#4,False,True,True,True,0.158,-4.91,UNKNOWN,0.999469,35A_35C_42,6B
NONCBL#ERR646604#2,False,True,True,True,0.091,-4.828,UNKNOWN,0.999062,20,10A
NONCBL#ERR1065898#7,False,True,True,True,0.332,-5.059,UNKNOWN,0.999558,20,19A
NONCBL#SRR26797758#1,False,True,True,True,0.109,-4.918,UNKNOWN,0.999161,20,25F
NONCBL#ERR2667965#6,False,True,True,True,0.222,-5.009,UNKNOWN,0.999616,20,6B
NONCBL#ERR340873#12,False,True,True,True,0.114,-4.936,UNKNOWN,0.99932,20,25F
NONCBL#SRR26884016#5,False,True,True,True,0.236,-4.986,UNKNOWN,0.999423,20,19A
NONCBL#ERR2089062#1,False,True,True,True,0.163,-4.967,UNKNOWN,0.999765,20,6B
NONCBL#SRR26673578#6,False,True,True,True,0.304,-5.139,UNKNOWN,0.999876,20,19A
NONCBL#ERR1202211#3,False,True,True,True,0.276,-5.068,UNKNOWN,0.999767,35A_35C_42,10A
NONCBL#SRR26594952#7,False,True,True,True,0.452,-5.454,UNKNOWN,0.999964,20,9N
NONCBL#SRR26714304#15,False,True,True,True,0.171,-5.225,UNKNOWN,0.999988,35A_35C_42,6B
NONCBL#ERR13374983#7,False,True,True,True,0.267,-5.094,UNKNOWN,0.999821,20,19A
NONCBL#ERR2667539#5,False,True,True,True,0.201,-4.935,UNKNOWN,0.999363,20,12F
NONCBL#ERR4501450#3,False,True,True,True,0.124,-4.898,UNKNOWN,0.999459,20,12F
NONCBL#ERR13364753#21,False,True,True,True,0.374,-5.444,UNKNOWN,0.999979,20,12F
NONCBL#ERR884597#20,False,True,True,True,0.263,-5.32,UNKNOWN,0.999985,20,6B
NONCBL#SRR26797524#4,False,True,True,True,0.237,-4.985,UNKNOWN,0.99932,20,19A
NONCBL#ERR13364621#1,False,True,True,True,0.102,-4.957,UNKNOWN,0.999251,36,10A
NONCBL#ERR870258#1,False,True,True,True,0.111,-4.973,UNKNOWN,0.999443,20,25F
NONCBL#ERR1288885#6,False,True,True,True,0.293,-5.125,UNKNOWN,0.999825,20,19A
NONCBL#ERR750980#1,False,True,True,True,0.317,-5.243,UNKNOWN,0.999927,20,19A
NONCBL#ERR3303451#1,False,True,True,True,0.305,-5.286,UNKNOWN,0.999955,20,19A
NONCBL#SRR26817714#25,False,True,True,True,0.304,-5.142,UNKNOWN,0.99988,20,19A
NONCBL#ERR8481777#1,False,True,True,True,0.184,-4.994,UNKNOWN,0.999759,20,8
NONCBL#SRR26930159#5,False,True,True,True,0.185,-4.949,UNKNOWN,0.999381,20,12F
NONCBL#ERR1453331#1,False,True,True,True,0.296,-4.963,UNKNOWN,0.999213,20,19A
NONCBL#ERR1106772#2,False,True,True,True,0.128,-5.064,UNKNOWN,0.999758,20,25F
NONCBL#ERR2853516#6,False,True,True,True,0.083,-4.819,UNKNOWN,0.998353,20,10A
NONCBL#ERR869842#17,False,True,True,True,0.118,-5.156,UNKNOWN,0.999879,20,25F
NONCBL#SRR26818081#10,False,True,True,True,0.212,-4.981,UNKNOWN,0.998772,20,12F
NONCBL#ERR2090351#9,False,True,True,True,0.437,-5.159,UNKNOWN,0.999529,20,19A
NONCBL#ERR13374695#27,False,True,True,True,0.265,-5.016,UNKNOWN,0.999521,20,19A
NONCBL#SRR26931892#4,False,True,True,True,0.234,-4.99,UNKNOWN,0.999498,20,19A
NONCBL#ERR13365280#1,False,True,True,True,0.078,-4.758,UNKNOWN,0.997873,20,6B
NONCBL#SRR26930861#3,False,True,True,True,0.144,-5.044,UNKNOWN,0.999902,20,6A
NONCBL#ERR600451#24,False,True,True,True,0.316,-5.153,UNKNOWN,0.999755,20,19A
NONCBL#ERR876691#29,False,True,True,True,0.258,-4.896,UNKNOWN,0.999175,20,19A
NONCBL#SRR26884137#2,False,True,True,True,0.1,-4.812,UNKNOWN,0.995299,20,25F
NONCBL#ERR9796468#9,False,True,True,True,0.347,-5.028,UNKNOWN,0.999484,20,19A
NONCBL#ERR1540675#7,False,True,True,True,0.313,-4.969,UNKNOWN,0.999234,20,19A
NONCBL#SRR26910259#1,False,True,True,True,0.242,-5.477,UNKNOWN,0.999848,20,11A
NONCBL#SRR26834137#1,False,True,True,True,0.242,-5.6,UNKNOWN,0.999868,20,11E
NONCBL#SRR26884250#26,False,True,True,True,0.301,-4.98,UNKNOWN,0.999431,20,19A
NONCBL#ERR338167#4,False,True,True,True,0.113,-4.812,UNKNOWN,0.998538,20,12F
NONCBL#ERR13365439#1,False,True,True,True,0.11,-4.868,UNKNOWN,0.999055,20,25F
NONCBL#ERR862319#1,False,True,True,True,0.597,-5.824,UNKNOWN,0.999983,20,12F
NONCBL#ERR2090510#3,False,True,True,True,0.181,-5.06,UNKNOWN,0.999887,20,12F
NONCBL#ERR730204#13,False,True,True,True,0.308,-5.099,UNKNOWN,0.999626,20,18F
NONCBL#ERR331419#2,False,True,True,True,0.107,-4.742,UNKNOWN,0.998241,20,25F
NONCBL#ERR742490#20,False,True,True,True,0.301,-5.282,UNKNOWN,0.999959,20,12F
NONCBL#ERR925080#20,False,True,True,True,0.136,-4.958,UNKNOWN,0.999578,36,6B
NONCBL#ERR501523#8,False,True,True,True,0.139,-4.82,UNKNOWN,0.999075,20,12F
NONCBL#ERR568673#1,False,True,True,True,0.19,-5.498,UNKNOWN,0.999918,20,11B
NONCBL#ERR13364585#1,False,True,True,True,0.314,-5.196,UNKNOWN,0.999929,20,19A
NONCBL#ERR13374832#24,False,True,True,True,0.148,-4.803,UNKNOWN,0.998383,20,12F
NONCBL#ERR1430954#10,False,True,True,True,0.347,-5.482,UNKNOWN,0.999992,20,12F
NONCBL#ERR1202372#7,False,True,True,True,0.268,-5.122,UNKNOWN,0.999833,20,19A
NONCBL#ERR13366100#1,False,True,True,True,0.259,-5.553,UNKNOWN,0.999978,20,4
NONCBL#ERR2089543#1,False,True,True,True,0.349,-5.246,UNKNOWN,0.999906,20,19A
NONCBL#ERR751033#1,False,True,True,True,0.372,-5.155,UNKNOWN,0.999783,20,19A
NONCBL#ERR1788318#2,False,True,True,True,0.212,-5.287,UNKNOWN,0.999978,20,15B
NONCBL#ERR568595#27,False,True,True,True,0.364,-5.413,UNKNOWN,0.999987,20,12F
NONCBL#ERR1422453#1,False,True,True,True,0.293,-5.679,UNKNOWN,0.999997,20,10A
NONCBL#ERR2089698#5,False,True,True,True,0.125,-4.767,UNKNOWN,0.997569,20,12F
NONCBL#SRR26834149#5,False,True,True,True,0.11,-4.818,UNKNOWN,0.998676,20,12F
NONCBL#SRR26749712#15,False,True,True,True,0.187,-4.948,UNKNOWN,0.999365,20,12F
NONCBL#ERR2091086#16,False,True,True,True,0.177,-5.215,UNKNOWN,0.999985,20,12F
NONCBL#SRR26879938#1,False,True,True,True,0.313,-5.113,UNKNOWN,0.999898,20,19A
NONCBL#SRR26672771#2,False,True,True,True,0.564,-5.685,UNKNOWN,0.999951,20,12F
NONCBL#SRR26930422#1,False,True,True,True,0.631,-5.903,UNKNOWN,0.999992,20,12F
NONCBL#ERR908966#6,False,True,True,True,0.168,-4.94,UNKNOWN,0.999676,20,10A
NONCBL#ERR913406#3,False,True,True,True,0.329,-5.381,UNKNOWN,0.999989,35A_35C_42,12F
NONCBL#SRR26797070#1,False,True,True,True,0.077,-4.965,UNKNOWN,0.999632,20,9N
NONCBL#SRR26714969#2,False,True,True,True,0.126,-4.938,UNKNOWN,0.998745,35A_35C_42,25F
NONCBL#ERR13365309#23,False,True,True,True,0.264,-5.061,UNKNOWN,0.999757,20,19A
NONCBL#ERR774061#1,False,True,True,True,0.173,-5.621,UNKNOWN,0.999933,20,9V
NONCBL#SRR26884136#20,False,True,True,True,0.286,-5.315,UNKNOWN,0.999986,20,12F
NONCBL#ERR2680655#1,False,True,True,True,0.226,-5.063,UNKNOWN,0.999905,20,6B
NONCBL#SRR26673269#35,False,True,True,True,0.579,-5.67,UNKNOWN,0.999968,20,12F
NONCBL#SRR26834112#6,False,True,True,True,0.265,-5.036,UNKNOWN,0.999642,20,19A
NONCBL#ERR2091029#2,False,True,True,True,0.173,-5.021,UNKNOWN,0.999798,20,10A
NONCBL#SRR26879673#6,False,True,True,True,0.165,-4.927,UNKNOWN,0.999656,20,12F
NONCBL#ERR1066143#1,False,True,True,True,0.473,-5.675,UNKNOWN,0.999995,20,6A
NONCBL#ERR433730#13,False,True,True,True,0.215,-5.16,UNKNOWN,0.999917,20,14
NONCBL#ERR2680861#4,False,True,True,True,0.318,-5.1,UNKNOWN,0.999727,20,19A
NONCBL#ERR600511#1,False,True,True,True,0.16,-4.899,UNKNOWN,0.998952,35A_35C_42,10A
NONCBL#SRR26790061#6,False,True,True,True,0.267,-5.094,UNKNOWN,0.999821,20,19A
NONCBL#SRR26884379#1,False,True,True,True,0.099,-4.81,UNKNOWN,0.997639,20,25F
NONCBL#ERR1288901#2,False,True,True,True,0.24,-5.056,UNKNOWN,0.999803,20,19A
NONCBL#ERR742427#6,False,True,True,True,0.371,-5.046,UNKNOWN,0.99931,20,19A
NONCBL#ERR2090217#7,False,True,True,True,0.128,-5.084,UNKNOWN,0.999795,20,7F
NONCBL#ERR908875#1,False,True,True,True,0.122,-4.998,UNKNOWN,0.99975,20,10A
NONCBL#ERR1214476#1,False,True,True,True,0.346,-5.103,UNKNOWN,0.999497,20,19A
NONCBL#ERR774490#1,False,True,True,True,0.443,-5.455,UNKNOWN,0.999978,20,12F
NONCBL#SRR26797908#4,False,True,True,True,0.145,-4.912,UNKNOWN,0.999697,20,10A
NONCBL#ERR2680916#3,False,True,True,True,0.218,-5.187,UNKNOWN,0.999947,20,19A
NONCBL#ERR2091170#1,False,True,True,True,0.18,-5.187,UNKNOWN,0.999935,20,12F
NONCBL#SRR26878367#23,False,True,True,True,0.241,-4.938,UNKNOWN,0.998824,35A_35C_42,10A
NONCBL#SRR26878657#4,False,True,True,True,0.25,-5.012,UNKNOWN,0.999635,20,19A
NONCBL#ERR908996#1,False,True,True,True,0.085,-4.797,UNKNOWN,0.998342,20,14
NONCBL#ERR13364538#13,False,True,True,True,0.377,-5.07,UNKNOWN,0.999568,20,19A
NONCBL#ERR13374795#4,False,True,True,True,0.35,-5.248,UNKNOWN,0.999922,20,19A
NONCBL#SRR26834429#4,False,True,True,True,0.292,-5.082,UNKNOWN,0.999755,20,12F
NONCBL#SRR26878401#1,False,True,True,True,0.536,-6.038,UNKNOWN,0.999973,20,31
NONCBL#ERR2091051#24,False,True,True,True,0.302,-5.058,UNKNOWN,0.999865,20,12F
NONCBL#ERR774011#6,False,True,True,True,0.118,-4.794,UNKNOWN,0.998894,20,6B
NONCBL#ERR13364574#17,False,True,True,True,0.368,-5.331,UNKNOWN,0.999955,20,12F
NONCBL#SRR26672909#4,False,True,True,True,0.301,-5.12,UNKNOWN,0.999816,20,19A
NONCBL#ERR3899201#2,False,True,True,True,0.493,-5.473,UNKNOWN,0.999966,20,12F
NONCBL#SRR26714496#6,False,True,True,True,0.108,-4.921,UNKNOWN,0.999375,20,25F
NONCBL#SRR26594195#5,False,True,True,True,0.158,-4.886,UNKNOWN,0.999231,20,12F
NONCBL#ERR13365577#31,False,True,True,True,0.239,-4.957,UNKNOWN,0.999432,20,19A
NONCBL#ERR2853659#4,False,True,True,True,0.225,-5.033,UNKNOWN,0.99984,20,12F
NONCBL#SRR26797123#4,False,True,True,True,0.116,-4.884,UNKNOWN,0.999271,20,6B
NONCBL#SRR26797983#2,False,True,True,True,0.579,-5.608,UNKNOWN,0.999906,20,22F
NONCBL#ERR2090190#6,False,True,True,True,0.203,-4.967,UNKNOWN,0.999847,20,12F
NONCBL#ERR876447#8,False,True,True,True,0.173,-4.906,UNKNOWN,0.999431,35A_35C_42,10A
NONCBL#ERR2668143#1,False,True,True,True,0.151,-4.799,UNKNOWN,0.999115,20,12F
NONCBL#ERR505827#11,False,True,True,True,0.327,-5.261,UNKNOWN,0.999967,35A_35C_42,6B
NONCBL#ERR490766#2,False,True,True,True,0.437,-5.551,UNKNOWN,0.999964,20,12F
NONCBL#SRR26595064#1,False,True,True,True,0.322,-5.723,UNKNOWN,0.999964,20,31
NONCBL#ERR1065213#24,False,True,True,True,0.115,-5.036,UNKNOWN,0.999634,20,25F
NONCBL#SRR26833797#11,False,True,True,True,0.238,-5.083,UNKNOWN,0.999752,20,10A
NONCBL#SRR26833665#1,False,True,True,True,0.361,-5.256,UNKNOWN,0.999883,20,12F
NONCBL#ERR7567725#2,False,True,True,True,0.396,-5.083,UNKNOWN,0.999428,20,19A
NONCBL#ERR1202613#5,False,True,True,True,0.213,-4.84,UNKNOWN,0.999406,20,12F
NONCBL#ERR3303236#1,False,True,True,True,0.343,-5.171,UNKNOWN,0.999892,20,12F
NONCBL#ERR925052#41,False,True,True,True,0.115,-5.133,UNKNOWN,0.999869,20,21
NONCBL#ERR2090272#1,False,True,True,True,0.46,-5.409,UNKNOWN,0.999966,20,12F
NONCBL#SRR26879483#3,False,True,True,True,0.324,-5.128,UNKNOWN,0.999793,20,19A
NONCBL#ERR742478#26,False,True,True,True,0.143,-4.852,UNKNOWN,0.999395,20,12F
NONCBL#ERR7567940#8,False,True,True,True,0.406,-5.278,UNKNOWN,0.999913,20,19A
NONCBL#ERR925336#25,False,True,True,True,0.327,-5.235,UNKNOWN,0.999936,20,19A
NONCBL#ERR501595#1,False,True,True,True,0.174,-5.108,UNKNOWN,0.999909,20,12F
NONCBL#ERR750921#9,False,True,True,True,0.181,-4.947,UNKNOWN,0.999615,20,19A
NONCBL#SRR26884503#10,False,True,True,True,0.121,-4.79,UNKNOWN,0.998805,20,12F
NONCBL#ERR1202585#11,False,True,True,True,0.335,-5.681,UNKNOWN,0.999998,20,14
NONCBL#ERR730214#1,False,True,True,True,0.141,-4.854,UNKNOWN,0.99907,20,12F
NONCBL#SRR26714651#2,False,True,True,True,0.162,-5.014,UNKNOWN,0.999754,20,12F
NONCBL#ERR2089709#1,False,True,True,True,0.203,-5.101,UNKNOWN,0.999916,20,8
NONCBL#ERR3664416#20,False,True,True,True,0.123,-4.815,UNKNOWN,0.999477,20,19A
NONCBL#ERR449156#1,False,True,True,True,0.155,-4.849,UNKNOWN,0.999589,20,12F
NONCBL#ERR490705#32,False,True,True,True,0.348,-5.364,UNKNOWN,0.999971,20,12F
NONCBL#ERR730857#7,False,True,True,True,0.421,-5.316,UNKNOWN,0.9999,20,19A
NONCBL#SRR26818040#3,False,True,True,True,0.319,-5.013,UNKNOWN,0.999359,20,19A
NONCBL#SRR26884667#5,False,True,True,True,0.177,-5.248,UNKNOWN,0.99996,20,48
NONCBL#SRR26884409#2,False,True,True,True,0.312,-5.114,UNKNOWN,0.999772,20,19A
NONCBL#SRR26673564#1,False,True,True,True,0.132,-4.816,UNKNOWN,0.998556,20,25F
NONCBL#ERR13365464#1,False,True,True,True,0.53,-5.597,UNKNOWN,0.999952,20,8
NONCBL#SRR26749467#6,False,True,True,True,0.144,-5.06,UNKNOWN,0.999778,20,6B
NONCBL#ERR3796781#4,False,True,True,True,0.139,-5.077,UNKNOWN,0.999643,20,25F
NONCBL#SRR26833827#2,False,True,True,True,0.218,-4.987,UNKNOWN,0.999804,20,12F
NONCBL#ERR1192049#1,False,True,True,True,0.262,-5.21,UNKNOWN,0.999941,20,6B
NONCBL#SRR26714846#1,False,True,True,True,0.323,-5.326,UNKNOWN,0.999951,20,12F
NONCBL#ERR870051#1,False,True,True,True,0.243,-5.05,UNKNOWN,0.99992,20,6A
NONCBL#ERR13364636#10,False,True,True,True,0.19,-4.966,UNKNOWN,0.999813,20,12F
NONCBL#ERR2667820#1,False,True,True,True,0.193,-5.005,UNKNOWN,0.999647,20,12F
NONCBL#ERR570460#22,False,True,True,True,0.261,-4.916,UNKNOWN,0.9996,20,12F
NONCBL#SRR26930473#1,False,True,True,True,0.442,-5.389,UNKNOWN,0.99996,20,19A
NONCBL#SRR26749619#25,False,True,True,True,0.299,-5.115,UNKNOWN,0.999812,20,19A
NONCBL#SRR26789964#4,False,True,True,True,0.206,-5.033,UNKNOWN,0.999738,20,19A
NONCBL#ERR909161#3,False,True,True,True,0.178,-4.927,UNKNOWN,0.999635,20,12F
NONCBL#SRR26594593#26,False,True,True,True,0.178,-4.852,UNKNOWN,0.997729,20,25F
NONCBL#ERR2089593#1,False,True,True,True,0.098,-5.086,UNKNOWN,0.999779,20,25F
NONCBL#ERR1066286#15,False,True,True,True,0.21,-4.958,UNKNOWN,0.999614,20,12F
NONCBL#ERR1795492#9,False,True,True,True,0.301,-5.289,UNKNOWN,0.999958,20,19A
NONCBL#SRR26714263#1,False,True,True,True,0.303,-5.393,UNKNOWN,0.999977,20,6B
NONCBL#SRR26880355#23,False,True,True,True,0.258,-5.377,UNKNOWN,0.999995,35A_35C_42,6B
NONCBL#ERR1066052#13,False,True,True,True,0.774,-6.225,UNKNOWN,0.999945,20,12F
NONCBL#ERR1214480#20,False,True,True,True,0.233,-5.332,UNKNOWN,0.999964,20,19A
NONCBL#ERR980189#12,False,True,True,True,0.126,-4.911,UNKNOWN,0.999459,35A_35C_42,25F
NONCBL#SRR26884595#4,False,True,True,True,0.28,-5.524,UNKNOWN,0.999969,20,25F
NONCBL#ERR2090675#3,False,True,True,True,0.243,-4.962,UNKNOWN,0.999438,20,12F
NONCBL#SRR26818360#2,False,True,True,True,0.44,-5.537,UNKNOWN,0.999951,20,8
NONCBL#ERR925056#5,False,True,True,True,0.098,-4.842,UNKNOWN,0.99834,20,25F
NONCBL#SRR26594907#1,False,True,True,True,0.097,-4.881,UNKNOWN,0.998744,20,25F
NONCBL#ERR3227840#7,False,True,True,True,0.119,-4.997,UNKNOWN,0.999505,20,6B
NONCBL#ERR908853#19,False,True,True,True,0.119,-4.823,UNKNOWN,0.99896,20,6B
NONCBL#ERR1065665#4,False,True,True,True,0.762,-6.421,UNKNOWN,0.999993,20,12F
NONCBL#ERR2090482#10,False,True,True,True,0.176,-4.957,UNKNOWN,0.999673,20,10A
NONCBL#ERR742777#1,False,True,True,True,0.309,-5.283,UNKNOWN,0.999917,20,12F
NONCBL#ERR1202352#1,False,True,True,True,0.264,-5.017,UNKNOWN,0.999747,20,12F
NONCBL#ERR742435#6,False,True,True,True,0.431,-5.471,UNKNOWN,0.999953,20,12F
NONCBL#SRR26879984#2,False,True,True,True,0.416,-5.235,UNKNOWN,0.999773,20,12F
NONCBL#ERR2681064#21,False,True,True,True,0.132,-4.827,UNKNOWN,0.998009,20,12F
NONCBL#ERR14654006#2,False,True,True,True,0.195,-4.917,UNKNOWN,0.999233,20,12F
NONCBL#ERR568739#37,False,True,True,True,0.137,-4.924,UNKNOWN,0.999414,35A_35C_42,25F
NONCBL#ERR3796045#5,False,True,True,True,0.142,-4.953,UNKNOWN,0.999801,20,12F
NONCBL#ERR980347#1,False,True,True,True,0.411,-5.255,UNKNOWN,0.999909,20,12F
NONCBL#ERR913184#1,False,True,True,True,0.214,-5.003,UNKNOWN,0.999254,20,25F
NONCBL#ERR2090812#4,False,True,True,True,0.503,-5.617,UNKNOWN,0.999974,20,12F
NONCBL#ERR884539#10,False,True,True,True,0.114,-4.817,UNKNOWN,0.99866,20,6B
NONCBL#ERR1106627#24,False,True,True,True,0.309,-5.286,UNKNOWN,0.999977,35A_35C_42,12F
NONCBL#ERR1065521#6,False,True,True,True,0.24,-4.989,UNKNOWN,0.999833,20,6B
NONCBL#SRR26714662#8,False,True,True,True,0.263,-5.065,UNKNOWN,0.99989,20,19A
NONCBL#SRR26749955#1,False,True,True,True,0.123,-4.935,UNKNOWN,0.999358,36,6B
NONCBL#ERR13375111#1,False,True,True,True,0.328,-5.242,UNKNOWN,0.999874,20,12F
NONCBL#ERR3899243#6,False,True,True,True,0.146,-4.873,UNKNOWN,0.998944,20,23B
NONCBL#ERR730702#1,False,True,True,True,0.148,-5.175,UNKNOWN,0.999802,20,12F
NONCBL#ERR596401#1,False,True,True,True,0.181,-5.2,UNKNOWN,0.999942,20,12F
NONCBL#SRR26880026#4,False,True,True,True,0.763,-6.353,UNKNOWN,0.999985,20,14
NONCBL#ERR7567978#1,False,True,True,True,0.127,-4.937,UNKNOWN,0.999257,20,19A
NONCBL#ERR13375090#23,False,True,True,True,0.369,-5.051,UNKNOWN,0.999368,20,19A
NONCBL#ERR2089769#17,False,True,True,True,0.305,-5.323,UNKNOWN,0.999967,20,19A
NONCBL#ERR2853439#1,False,True,True,True,0.144,-5.003,UNKNOWN,0.999833,20,12F
NONCBL#ERR1422527#8,False,True,True,True,0.159,-5.02,UNKNOWN,0.999707,20,25F
NONCBL#ERR1066164#3,False,True,True,True,0.297,-5.199,UNKNOWN,0.999916,20,19A
NONCBL#SRR26595034#1,False,True,True,True,0.133,-5.151,UNKNOWN,0.99978,20,25F
NONCBL#ERR1430931#1,False,True,True,True,0.132,-4.849,UNKNOWN,0.999195,20,12F
NONCBL#ERR909134#2,False,True,True,True,0.264,-5.378,UNKNOWN,0.999957,20,25F
NONCBL#ERR7568079#9,False,True,True,True,0.262,-4.974,UNKNOWN,0.999027,35A_35C_42,10A
NONCBL#ERR884565#2,False,True,True,True,0.109,-4.867,UNKNOWN,0.999587,20,19A
NONCBL#SRR26595137#1,False,True,True,True,0.198,-5.428,UNKNOWN,0.999917,20,11B
NONCBL#ERR774476#1,False,True,True,True,0.131,-5.001,UNKNOWN,0.99946,20,12F
NONCBL#ERR505765#6,False,True,True,True,0.178,-4.854,UNKNOWN,0.997737,20,25F
NONCBL#SRR26789475#1,False,True,True,True,0.333,-5.758,UNKNOWN,0.999885,20,11E
NONCBL#ERR774296#1,False,True,True,True,0.241,-5.802,UNKNOWN,0.999999,20,9V
NONCBL#ERR2681260#1,False,True,True,True,0.088,-4.802,UNKNOWN,0.997641,20,12F
NONCBL#SRR26877851#7,False,True,True,True,0.234,-4.989,UNKNOWN,0.999491,20,19A
NONCBL#ERR3899380#2,False,True,True,True,0.313,-5.177,UNKNOWN,0.99985,20,19A
NONCBL#ERR13365527#10,False,True,True,True,0.192,-5.045,UNKNOWN,0.999674,20,9V
NONCBL#ERR13366054#3,False,True,True,True,0.235,-5.015,UNKNOWN,0.999495,20,19A
NONCBL#ERR425452#8,False,True,True,True,0.31,-5.213,UNKNOWN,0.999929,20,19A
NONCBL#ERR2667752#6,False,True,True,True,0.274,-5.051,UNKNOWN,0.999728,20,19A
NONCBL#ERR909184#9,False,True,True,True,0.169,-4.912,UNKNOWN,0.999708,20,12F
NONCBL#SRR26797064#2,False,True,True,True,0.685,-5.915,UNKNOWN,0.99997,20,8
NONCBL#ERR505855#12,False,True,True,True,0.399,-5.099,UNKNOWN,0.999474,20,19A
NONCBL#SRR26818642#4,False,True,True,True,0.112,-4.867,UNKNOWN,0.999172,20,25F
NONCBL#SRR26930337#2,False,True,True,True,0.342,-5.579,UNKNOWN,0.999936,20,8
NONCBL#ERR742644#11,False,True,True,True,0.132,-4.996,UNKNOWN,0.999422,20,12F
NONCBL#ERR730816#1,False,True,True,True,0.115,-5.036,UNKNOWN,0.999634,20,25F
NONCBL#ERR1453518#4,False,True,True,True,0.253,-4.881,UNKNOWN,0.999059,20,19A
NONCBL#SRR26749399#1,False,True,True,True,0.65,-5.875,UNKNOWN,0.999986,20,19A
NONCBL#ERR2089419#1,False,True,True,True,0.852,-7.496,UNKNOWN,1.0,20,12F
NONCBL#ERR870315#14,False,True,True,True,0.336,-5.168,UNKNOWN,0.999804,20,19A
NONCBL#SRR26797496#15,False,True,True,True,0.276,-5.117,UNKNOWN,0.999864,20,12F
NONCBL#SRR26833998#15,False,True,True,True,0.298,-5.17,UNKNOWN,0.999924,20,12F
NONCBL#ERR13366252#13,False,True,True,True,0.24,-5.023,UNKNOWN,0.999772,20,19A
NONCBL#ERR980332#1,False,True,True,True,0.3,-5.241,UNKNOWN,0.999925,20,12F
NONCBL#SRR26818084#4,False,True,True,True,0.265,-4.905,UNKNOWN,0.999034,20,19A
NONCBL#ERR884364#15,False,True,True,True,0.309,-5.464,UNKNOWN,0.999996,35A_35C_42,6B
NONCBL#ERR1065887#1,False,True,True,True,0.26,-5.255,UNKNOWN,0.999958,20,12F
NONCBL#SRR26714160#1,False,True,True,True,0.594,-5.777,UNKNOWN,0.999985,20,12F
NONCBL#ERR701833#6,False,True,True,True,0.188,-5.102,UNKNOWN,0.9999,20,19A
NONCBL#SRR26714587#5,False,True,True,True,0.116,-4.902,UNKNOWN,0.999514,20,12F
NONCBL#ERR600464#1,False,True,True,True,0.127,-4.945,UNKNOWN,0.999648,20,21
NONCBL#ERR730319#28,False,True,True,True,0.093,-4.832,UNKNOWN,0.998979,20,23F
NONCBL#ERR568465#22,False,True,True,True,0.329,-5.266,UNKNOWN,0.999924,20,19A
NONCBL#ERR2089796#18,False,True,True,True,0.278,-4.969,UNKNOWN,0.999637,20,19A
NONCBL#SRR26749354#15,False,True,True,True,0.127,-4.96,UNKNOWN,0.999575,20,6B
NONCBL#ERR2089786#5,False,True,True,True,0.216,-5.259,UNKNOWN,0.999967,20,19A
NONCBL#ERR13374719#3,False,True,True,True,0.156,-4.954,UNKNOWN,0.999347,20,25F
NONCBL#SRR26931860#2,False,True,True,True,0.282,-4.973,UNKNOWN,0.999254,20,19A
NONCBL#ERR908923#1,False,True,True,True,0.148,-4.756,UNKNOWN,0.997954,20,12F
NONCBL#ERR869857#8,False,True,True,True,0.246,-5.088,UNKNOWN,0.999877,20,19A
NONCBL#SRR26931107#2,False,True,True,True,0.099,-4.874,UNKNOWN,0.998629,20,25F
NONCBL#ERR4501425#1,False,True,True,True,0.163,-5.186,UNKNOWN,0.999923,20,12F
NONCBL#ERR13397680#8,False,True,True,True,0.133,-4.794,UNKNOWN,0.99874,20,12F
NONCBL#ERR2853473#1,False,True,True,True,0.105,-5.004,UNKNOWN,0.999223,20,10A
NONCBL#SRR26911041#1,False,True,True,True,0.31,-5.126,UNKNOWN,0.999845,20,19A
NONCBL#ERR1214376#3,False,True,True,True,0.385,-5.322,UNKNOWN,0.999968,20,12F
NONCBL#ERR2680911#1,False,True,True,True,0.111,-4.864,UNKNOWN,0.999087,20,25F
NONCBL#SRR26594338#3,False,True,True,True,0.157,-5.168,UNKNOWN,0.999852,20,25F
NONCBL#ERR1065880#1,False,True,True,True,0.124,-5.111,UNKNOWN,0.999727,20,12F
NONCBL#SRR26789622#2,False,True,True,True,0.318,-5.088,UNKNOWN,0.999864,20,19A
NONCBL#ERR751046#6,False,True,True,True,0.272,-5.048,UNKNOWN,0.999649,20,19A
NONCBL#ERR925148#12,False,True,True,True,0.405,-5.092,UNKNOWN,0.999367,20,19A
NONCBL#ERR316716#3,False,True,True,True,0.575,-5.688,UNKNOWN,0.999979,20,12F
NONCBL#SRR26880323#3,False,True,True,True,0.361,-5.04,UNKNOWN,0.999396,20,19A
NONCBL#ERR1065458#1,False,True,True,True,0.497,-5.794,UNKNOWN,0.999986,18,4
NONCBL#SRR26797886#1,False,True,True,True,0.144,-4.916,UNKNOWN,0.999262,20,12F
NONCBL#SRR26884063#2,False,True,True,True,0.164,-4.915,UNKNOWN,0.999436,20,12F
NONCBL#SRR26834292#1,False,True,True,True,0.152,-5.001,UNKNOWN,0.999768,20,12F
NONCBL#ERR13366249#7,False,True,True,True,0.183,-4.868,UNKNOWN,0.998989,20,15B
NONCBL#ERR13365613#9,False,True,True,True,0.194,-5.171,UNKNOWN,0.999878,20,19A
NONCBL#ERR742399#3,False,True,True,True,0.243,-5.026,UNKNOWN,0.999538,20,19A
NONCBL#ERR2225270#4,False,True,True,True,0.4,-6.25,UNKNOWN,1.0,20,48
NONCBL#SRR26931634#5,False,True,True,True,0.116,-4.873,UNKNOWN,0.999144,20,12F
NONCBL#SRR26749261#21,False,True,True,True,0.269,-5.269,UNKNOWN,0.999886,20,19A
NONCBL#ERR774131#3,False,True,True,True,0.17,-4.905,UNKNOWN,0.999416,35A_35C_42,6B
NONCBL#SRR26797156#4,False,True,True,True,0.17,-5.154,UNKNOWN,0.99966,20,7C
NONCBL#ERR600286#1,False,True,True,True,0.304,-5.1,UNKNOWN,0.999755,20,19A
NONCBL#ERR568676#2,False,True,True,True,0.181,-4.902,UNKNOWN,0.999553,20,12F
NONCBL#ERR714143#1,False,True,True,True,0.212,-4.986,UNKNOWN,0.999744,20,12F
NONCBL#SRR26673289#26,False,True,True,True,0.337,-5.025,UNKNOWN,0.999339,20,19A
NONCBL#ERR730349#20,False,True,True,True,0.176,-4.99,UNKNOWN,0.999773,20,6B
NONCBL#ERR1066081#3,False,True,True,True,0.142,-4.797,UNKNOWN,0.998974,20,6A
NONCBL#ERR13365617#7,False,True,True,True,0.095,-4.916,UNKNOWN,0.999324,20,25F
NONCBL#ERR909031#2,False,True,True,True,0.562,-5.835,UNKNOWN,0.999989,20,12F
NONCBL#SRR26834509#2,False,True,True,True,0.268,-4.965,UNKNOWN,0.999286,20,19A
NONCBL#ERR505577#1,False,True,True,True,0.146,-5.15,UNKNOWN,0.999824,20,4
NONCBL#ERR586363#1,False,True,True,True,0.299,-5.08,UNKNOWN,0.999784,20,19A
NONCBL#SRR26817863#2,False,True,True,True,0.515,-5.779,UNKNOWN,0.999995,20,9V
NONCBL#SRR26797192#3,False,True,True,True,0.122,-5.121,UNKNOWN,0.999804,20,25F
NONCBL#ERR1430981#3,False,True,True,True,0.19,-5.001,UNKNOWN,0.999871,20,12F
NONCBL#ERR1065618#2,False,True,True,True,0.726,-5.951,UNKNOWN,0.999905,20,12F
NONCBL#ERR425439#23,False,True,True,True,0.121,-4.891,UNKNOWN,0.999325,20,6B
NONCBL#ERR1106716#8,False,True,True,True,0.326,-4.989,UNKNOWN,0.99936,20,19A
NONCBL#ERR909002#8,False,True,True,True,0.313,-5.001,UNKNOWN,0.999403,20,19A
NONCBL#ERR1540803#1,False,True,True,True,0.141,-4.95,UNKNOWN,0.999649,20,12F
NONCBL#SRR26880400#5,False,True,True,True,0.239,-4.965,UNKNOWN,0.999357,20,19A
NONCBL#ERR730375#1,False,True,True,True,0.137,-4.794,UNKNOWN,0.999421,20,12F
NONCBL#ERR2089337#2,False,True,True,True,0.208,-4.813,UNKNOWN,0.999185,20,12F
NONCBL#ERR13364693#38,False,True,True,True,0.129,-4.967,UNKNOWN,0.999631,36,6B
NONCBL#ERR439003#23,False,True,True,True,0.103,-5.073,UNKNOWN,0.99964,20,10A
NONCBL#SRR26818439#3,False,True,True,True,0.42,-5.553,UNKNOWN,0.999993,20,12F
NONCBL#ERR730525#2,False,True,True,True,0.147,-5.073,UNKNOWN,0.999839,20,10A
NONCBL#SRR26880383#8,False,True,True,True,0.171,-4.771,UNKNOWN,0.999024,20,12F
NONCBL#ERR1106639#1,False,True,True,True,0.246,-5.242,UNKNOWN,0.999979,20,12F
NONCBL#ERR13365208#11,False,True,True,True,0.177,-5.057,UNKNOWN,0.999736,35A_35C_42,10A
NONCBL#SRR26880116#11,False,True,True,True,0.207,-4.955,UNKNOWN,0.998999,20,12F
NONCBL#ERR506027#1,False,True,True,True,0.158,-4.816,UNKNOWN,0.999519,20,12F
NONCBL#ERR876527#1,False,True,True,True,0.109,-5.053,UNKNOWN,0.999521,20,10A
NONCBL#ERR742824#25,False,True,True,True,0.153,-4.883,UNKNOWN,0.999414,20,12F
NONCBL#SRR26749486#11,False,True,True,True,0.319,-5.171,UNKNOWN,0.999884,20,19A
NONCBL#ERR2090037#4,False,True,True,True,0.095,-5.022,UNKNOWN,0.999498,20,48
NONCBL#ERR876438#6,False,True,True,True,0.178,-5.258,UNKNOWN,0.999964,20,48
NONCBL#ERR1453446#15,False,True,True,True,0.276,-5.078,UNKNOWN,0.999594,20,18F
NONCBL#ERR326448#27,False,True,True,True,0.371,-5.062,UNKNOWN,0.999287,20,19A
NONCBL#ERR1799763#17,False,True,True,True,0.312,-5.327,UNKNOWN,0.999986,20,12F
NONCBL#ERR316715#1,False,True,True,True,0.138,-4.867,UNKNOWN,0.999394,20,12F
NONCBL#SRR26790140#2,False,True,True,True,0.232,-5.683,UNKNOWN,0.999997,20,8
NONCBL#ERR3655161#2,False,True,True,True,0.458,-5.332,UNKNOWN,0.999953,20,19A
NONCBL#ERR884679#11,False,True,True,True,0.188,-5.231,UNKNOWN,0.999948,20,8
NONCBL#ERR449218#1,False,True,True,True,0.106,-4.833,UNKNOWN,0.999011,20,12F
NONCBL#ERR13365691#2,False,True,True,True,0.246,-5.777,UNKNOWN,0.999988,20,11B
NONCBL#SRR26884147#5,False,True,True,True,0.327,-4.953,UNKNOWN,0.999287,20,19A
NONCBL#ERR751174#20,False,True,True,True,0.222,-5.484,UNKNOWN,0.999996,35A_35C_42,16F
NONCBL#ERR714213#23,False,True,True,True,0.148,-4.996,UNKNOWN,0.999922,20,12F
NONCBL#ERR773917#14,False,True,True,True,0.363,-5.277,UNKNOWN,0.999918,20,19A
NONCBL#ERR862313#1,False,True,True,True,0.391,-5.265,UNKNOWN,0.999826,20,12F
NONCBL#SRR26883930#1,False,True,True,True,0.559,-5.655,UNKNOWN,0.999985,20,12F
NONCBL#SRR26818319#1,False,True,True,True,0.455,-5.595,UNKNOWN,0.999988,35A_35C_42,12F
NONCBL#ERR773812#14,False,True,True,True,0.358,-5.225,UNKNOWN,0.9999,20,19A
NONCBL#SRR26594291#5,False,True,True,True,0.177,-4.915,UNKNOWN,0.999629,20,12F
NONCBL#ERR774273#3,False,True,True,True,0.66,-5.98,UNKNOWN,0.99999,20,9V
NONCBL#ERR13365969#3,False,True,True,True,0.405,-5.357,UNKNOWN,0.999868,20,12F
NONCBL#ERR13364966#11,False,True,True,True,0.196,-5.048,UNKNOWN,0.999646,20,19A
NONCBL#SRR26797030#1,False,True,True,True,0.532,-5.599,UNKNOWN,0.999929,20,12F
NONCBL#ERR2091111#7,False,True,True,True,0.335,-5.069,UNKNOWN,0.999581,20,19A
NONCBL#SRR26594320#7,False,True,True,True,0.236,-4.986,UNKNOWN,0.999423,20,19A
NONCBL#SRR26797426#2,False,True,True,True,0.227,-4.977,UNKNOWN,0.999636,20,19A
NONCBL#ERR979897#1,False,True,True,True,0.502,-5.605,UNKNOWN,0.999974,20,12F
NONCBL#SRR26833539#2,False,True,True,True,0.247,-5.367,UNKNOWN,0.99997,20,25F
NONCBL#ERR742372#7,False,True,True,True,0.112,-4.796,UNKNOWN,0.999076,20,12F
NONCBL#ERR586347#10,False,True,True,True,0.249,-5.007,UNKNOWN,0.999671,36,10A
NONCBL#ERR2667983#2,False,True,True,True,0.293,-4.986,UNKNOWN,0.999632,20,19A
NONCBL#SRR26930618#2,False,True,True,True,0.448,-5.407,UNKNOWN,0.999957,20,12F
NONCBL#ERR1788513#21,False,True,True,True,0.365,-5.019,UNKNOWN,0.999203,20,19A
NONCBL#SRR26673632#8,False,True,True,True,0.091,-4.929,UNKNOWN,0.999549,20,25F
NONCBL#SRR26878366#9,False,True,True,True,0.149,-5.097,UNKNOWN,0.999892,20,4
NONCBL#SRR26878476#1,False,True,True,True,0.282,-4.944,UNKNOWN,0.999187,20,19A
NONCBL#ERR1658244#2,False,True,True,True,0.299,-5.206,UNKNOWN,0.999927,20,19A
NONCBL#ERR870104#5,False,True,True,True,0.247,-5.194,UNKNOWN,0.999982,35A_35C_42,6B
NONCBL#ERR2089486#1,False,True,True,True,0.165,-4.956,UNKNOWN,0.999817,20,6B
NONCBL#ERR1066292#24,False,True,True,True,0.236,-5.595,UNKNOWN,0.999987,20,19A
NONCBL#ERR913084#1,False,True,True,True,0.13,-5.056,UNKNOWN,0.999816,20,12F
NONCBL#SRR26714277#1,False,True,True,True,0.315,-5.12,UNKNOWN,0.999773,20,19A
NONCBL#ERR4501339#2,False,True,True,True,0.141,-4.969,UNKNOWN,0.999617,20,12F
NONCBL#ERR1065967#7,False,True,True,True,0.208,-4.841,UNKNOWN,0.999484,20,12F
NONCBL#SRR26930616#2,False,True,True,True,0.3,-5.151,UNKNOWN,0.999869,20,19A
NONCBL#ERR730792#10,False,True,True,True,0.169,-4.933,UNKNOWN,0.999398,20,12F
NONCBL#ERR2681313#3,False,True,True,True,0.133,-4.966,UNKNOWN,0.999607,36,6B
NONCBL#ERR3796908#2,False,True,True,True,0.308,-5.36,UNKNOWN,0.999964,20,19A
NONCBL#SRR26673576#36,False,True,True,True,0.37,-5.498,UNKNOWN,0.999986,20,12F
NONCBL#SRR26930874#5,False,True,True,True,0.192,-4.944,UNKNOWN,0.999347,20,12F
NONCBL#SRR26931745#1,False,True,True,True,0.407,-5.22,UNKNOWN,0.999754,20,12F
NONCBL#ERR774348#2,False,True,True,True,0.319,-5.044,UNKNOWN,0.999722,20,6A
NONCBL#SRR26930694#10,False,True,True,True,0.085,-4.8,UNKNOWN,0.998677,20,6B
NONCBL#ERR1788056#9,False,True,True,True,0.091,-4.812,UNKNOWN,0.998281,20,12F
NONCBL#ERR980134#24,False,True,True,True,0.267,-5.233,UNKNOWN,0.99997,35A_35C_42,12F
NONCBL#ERR2667095#6,False,True,True,True,0.272,-5.63,UNKNOWN,0.999994,20,25F
NONCBL#ERR331402#13,False,True,True,True,0.216,-4.957,UNKNOWN,0.999706,20,12F
NONCBL#SRR26594410#1,False,True,True,True,0.162,-5.193,UNKNOWN,0.999907,20,12F
NONCBL#SRR26714960#2,False,True,True,True,0.473,-5.412,UNKNOWN,0.999967,20,19A
NONCBL#ERR3796656#5,False,True,True,True,0.269,-4.917,UNKNOWN,0.999194,20,19A
NONCBL#ERR979885#1,False,True,True,True,0.102,-4.7,UNKNOWN,0.997921,20,25F
NONCBL#SRR26930184#7,False,True,True,True,0.145,-4.894,UNKNOWN,0.999342,20,12F
NONCBL#SRR26879558#1,False,True,True,True,0.414,-5.525,UNKNOWN,0.999973,20,12F
NONCBL#ERR3831148#2,False,True,True,True,0.379,-5.179,UNKNOWN,0.999737,20,19A
NONCBL#SRR26594535#14,False,True,True,True,0.185,-4.949,UNKNOWN,0.999381,20,12F
NONCBL#SRR26594706#1,False,True,True,True,0.465,-5.507,UNKNOWN,0.999977,20,12F
NONCBL#ERR913105#1,False,True,True,True,0.281,-5.043,UNKNOWN,0.999744,20,19A
NONCBL#ERR2853690#1,False,True,True,True,0.276,-5.073,UNKNOWN,0.999724,20,19A
NONCBL#ERR1066097#3,False,True,True,True,0.762,-6.421,UNKNOWN,0.999993,20,12F
NONCBL#ERR1453581#3,False,True,True,True,0.126,-4.807,UNKNOWN,0.999262,20,12F
NONCBL#SRR26884011#6,False,True,True,True,0.264,-5.036,UNKNOWN,0.999645,20,19A
NONCBL#ERR425419#19,False,True,True,True,0.234,-5.135,UNKNOWN,0.999787,20,19A
NONCBL#ERR862277#27,False,True,True,True,0.158,-5.192,UNKNOWN,0.999858,20,48
NONCBL#ERR633090#5,False,True,True,True,0.126,-5.122,UNKNOWN,0.999808,20,12F
NONCBL#SRR26750020#27,False,True,True,True,0.413,-5.489,UNKNOWN,0.999981,20,12F
NONCBL#ERR925395#16,False,True,True,True,0.29,-4.945,UNKNOWN,0.999288,20,19A
NONCBL#ERR2090052#1,False,True,True,True,0.107,-4.852,UNKNOWN,0.999046,20,19A
NONCBL#SRR26818147#1,False,True,True,True,0.237,-4.985,UNKNOWN,0.99932,20,19A
NONCBL#ERR319361#7,False,True,True,True,0.488,-5.267,UNKNOWN,0.999622,20,12F
NONCBL#SRR26714600#2,False,True,True,True,0.387,-5.687,UNKNOWN,0.999995,20,9V
NONCBL#SRR26878604#5,False,True,True,True,0.311,-5.01,UNKNOWN,0.999339,20,19A
NONCBL#SRR26594466#2,False,True,True,True,0.091,-4.805,UNKNOWN,0.995805,20,25F
NONCBL#ERR884643#36,False,True,True,True,0.478,-5.505,UNKNOWN,0.99996,20,12F
NONCBL#ERR600211#9,False,True,True,True,0.122,-4.789,UNKNOWN,0.997451,20,12F
NONCBL#SRR26797680#4,False,True,True,True,0.169,-5.125,UNKNOWN,0.999699,20,25F
NONCBL#ERR884314#4,False,True,True,True,0.274,-5.026,UNKNOWN,0.999661,20,19A
NONCBL#SRR26797581#1,False,True,True,True,0.08,-4.957,UNKNOWN,0.999611,20,10A
NONCBL#ERR1422429#3,False,True,True,True,0.153,-4.772,UNKNOWN,0.99922,20,12F
NONCBL#SRR26880419#17,False,True,True,True,0.301,-5.048,UNKNOWN,0.999555,20,19A
NONCBL#ERR3303439#1,False,True,True,True,0.146,-5.013,UNKNOWN,0.999735,20,12F
NONCBL#ERR8481595#9,False,True,True,True,0.151,-4.909,UNKNOWN,0.999664,20,12F
NONCBL#ERR913396#1,False,True,True,True,0.233,-5.213,UNKNOWN,0.999953,20,19A
NONCBL#ERR1202188#28,False,True,True,True,0.137,-4.924,UNKNOWN,0.999414,35A_35C_42,25F
NONCBL#ERR1192164#7,False,True,True,True,0.321,-5.001,UNKNOWN,0.99934,20,19A
NONCBL#SRR26834479#14,False,True,True,True,0.18,-4.92,UNKNOWN,0.999691,20,12F
NONCBL#ERR3303145#1,False,True,True,True,0.312,-5.203,UNKNOWN,0.999904,20,19A
NONCBL#SRR26714629#3,False,True,True,True,0.265,-5.036,UNKNOWN,0.999642,20,19A
NONCBL#ERR2853479#8,False,True,True,True,0.09,-4.799,UNKNOWN,0.99847,20,14
NONCBL#ERR2667802#19,False,True,True,True,0.193,-4.879,UNKNOWN,0.999518,20,12F
NONCBL#ERR1106712#2,False,True,True,True,0.583,-5.959,UNKNOWN,0.99999,20,7C
NONCBL#ERR714104#4,False,True,True,True,0.247,-5.367,UNKNOWN,0.999978,20,48
NONCBL#SRR26911021#1,False,True,True,True,0.347,-5.024,UNKNOWN,0.999394,20,19A
NONCBL#SRR26817914#5,False,True,True,True,0.272,-5.042,UNKNOWN,0.999492,20,19A
NONCBL#ERR13366250#1,False,True,True,True,0.27,-5.061,UNKNOWN,0.999795,20,12F
NONCBL#ERR2612075#7,False,True,True,True,0.127,-4.894,UNKNOWN,0.999324,35A_35C_42,25F
NONCBL#ERR2612101#8,False,True,True,True,0.108,-4.973,UNKNOWN,0.998484,20,25F
NONCBL#ERR633036#32,False,True,True,True,0.311,-5.071,UNKNOWN,0.99954,20,19A
NONCBL#ERR3655219#14,False,True,True,True,0.294,-5.004,UNKNOWN,0.999802,20,6B
NONCBL#SRR26930658#2,False,True,True,True,0.66,-5.648,UNKNOWN,0.999898,20,9V
NONCBL#SRR26879896#36,False,True,True,True,0.346,-5.427,UNKNOWN,0.99998,20,12F
NONCBL#ERR13365000#11,False,True,True,True,0.169,-4.857,UNKNOWN,0.99944,20,12F
NONCBL#SRR26884272#13,False,True,True,True,0.632,-5.947,UNKNOWN,0.999988,20,14
NONCBL#ERR632989#4,False,True,True,True,0.218,-4.946,UNKNOWN,0.999726,20,12F
NONCBL#SRR26878323#9,False,True,True,True,0.314,-4.958,UNKNOWN,0.99924,20,19A
NONCBL#ERR884531#5,False,True,True,True,0.181,-4.912,UNKNOWN,0.999411,36,6B
NONCBL#ERR2089248#2,False,True,True,True,0.111,-4.958,UNKNOWN,0.999134,20,25F
NONCBL#ERR980277#1,False,True,True,True,0.187,-5.107,UNKNOWN,0.999852,20,12F
NONCBL#SRR26878225#2,False,True,True,True,0.538,-5.655,UNKNOWN,0.999986,20,12F
NONCBL#ERR1214437#14,False,True,True,True,0.315,-5.317,UNKNOWN,0.999958,20,8
NONCBL#SRR26789599#4,False,True,True,True,0.106,-4.838,UNKNOWN,0.998744,20,6A
NONCBL#SRR26818346#4,False,True,True,True,0.168,-4.911,UNKNOWN,0.999414,20,12F
NONCBL#ERR1756431#1,False,True,True,True,0.087,-4.937,UNKNOWN,0.999279,20,25F
NONCBL#ERR13375099#23,False,True,True,True,0.29,-5.004,UNKNOWN,0.999421,20,19A
NONCBL#ERR600163#5,False,True,True,True,0.123,-5.154,UNKNOWN,0.999822,20,25F
NONCBL#SRR26910551#3,False,True,True,True,0.143,-4.984,UNKNOWN,0.999629,20,10A
NONCBL#SRR26930959#3,False,True,True,True,0.152,-5.059,UNKNOWN,0.999849,20,37
NONCBL#SRR26750112#10,False,True,True,True,0.267,-5.038,UNKNOWN,0.999483,20,19A
NONCBL#ERR1192025#2,False,True,True,True,0.135,-4.944,UNKNOWN,0.999797,20,10A
NONCBL#ERR869968#1,False,True,True,True,0.288,-4.951,UNKNOWN,0.999466,20,19A
NONCBL#ERR501561#20,False,True,True,True,0.413,-5.405,UNKNOWN,0.999956,20,12F
NONCBL#ERR13365150#14,False,True,True,True,0.167,-5.012,UNKNOWN,0.99989,20,19A
NONCBL#ERR714589#1,False,True,True,True,0.313,-5.091,UNKNOWN,0.999735,20,19A
NONCBL#SRR26749881#19,False,True,True,True,0.279,-5.412,UNKNOWN,0.999982,20,12F
NONCBL#ERR2853666#1,False,True,True,True,0.1,-4.827,UNKNOWN,0.999365,20,16F
NONCBL#ERR1453404#1,False,True,True,True,0.196,-5.068,UNKNOWN,0.999682,20,19A
NONCBL#SRR26931057#2,False,True,True,True,0.131,-4.952,UNKNOWN,0.999545,20,12F
NONCBL#ERR913516#1,False,True,True,True,0.146,-4.776,UNKNOWN,0.999184,20,12F
NONCBL#SRR26878004#18,False,True,True,True,0.671,-6.0,UNKNOWN,0.999985,20,14
NONCBL#SRR26833604#6,False,True,True,True,0.144,-4.927,UNKNOWN,0.999302,20,12F
NONCBL#SRR26884526#1,False,True,True,True,0.272,-5.107,UNKNOWN,0.999853,20,19A
NONCBL#ERR586461#1,False,True,True,True,0.245,-5.407,UNKNOWN,0.999982,20,8
NONCBL#ERR870048#26,False,True,True,True,0.309,-5.158,UNKNOWN,0.999963,20,6B
NONCBL#SRR26884150#5,False,True,True,True,0.14,-4.891,UNKNOWN,0.999155,20,12F
NONCBL#ERR2680561#1,False,True,True,True,0.107,-4.898,UNKNOWN,0.999657,20,12F
NONCBL#SRR26930435#2,False,True,True,True,0.115,-5.036,UNKNOWN,0.999634,20,25F
NONCBL#ERR13365798#8,False,True,True,True,0.123,-4.83,UNKNOWN,0.99952,20,25F
NONCBL#ERR2090149#2,False,True,True,True,0.106,-4.818,UNKNOWN,0.99557,20,25F
NONCBL#ERR449202#27,False,True,True,True,0.26,-5.035,UNKNOWN,0.999564,20,19A
NONCBL#ERR774181#14,False,True,True,True,0.223,-4.872,UNKNOWN,0.999512,20,12F
NONCBL#ERR13364427#11,False,True,True,True,0.112,-5.016,UNKNOWN,0.999548,20,25F
NONCBL#ERR1065263#4,False,True,True,True,0.289,-5.164,UNKNOWN,0.999925,20,19A
NONCBL#ERR3303345#2,False,True,True,True,0.272,-5.177,UNKNOWN,0.999901,20,19A
NONCBL#SRR26797326#2,False,True,True,True,0.488,-5.601,UNKNOWN,0.999992,20,12F
NONCBL#SRR26910507#6,False,True,True,True,0.134,-5.113,UNKNOWN,0.999941,20,5
NONCBL#ERR2667957#1,False,True,True,True,0.105,-4.854,UNKNOWN,0.997139,20,25F
NONCBL#ERR1453557#2,False,True,True,True,0.136,-4.833,UNKNOWN,0.999371,20,6A
NONCBL#ERR884426#1,False,True,True,True,0.389,-5.194,UNKNOWN,0.999918,20,19A
NONCBL#SRR26880374#5,False,True,True,True,0.237,-5.646,UNKNOWN,0.999992,20,37
NONCBL#ERR1191893#3,False,True,True,True,0.376,-5.309,UNKNOWN,0.999917,20,19A
NONCBL#ERR3303166#1,False,True,True,True,0.399,-5.132,UNKNOWN,0.999684,20,19A
NONCBL#SRR26818189#2,False,True,True,True,0.258,-5.036,UNKNOWN,0.99979,20,12F
NONCBL#ERR662359#6,False,True,True,True,0.137,-5.003,UNKNOWN,0.999649,20,25F
NONCBL#SRR26931022#1,False,True,True,True,0.112,-5.041,UNKNOWN,0.999687,20,25F
NONCBL#ERR750823#7,False,True,True,True,0.444,-5.354,UNKNOWN,0.999923,20,12F
NONCBL#SRR26818452#19,False,True,True,True,0.321,-5.149,UNKNOWN,0.99988,20,19A
NONCBL#ERR13365185#6,False,True,True,True,0.18,-5.059,UNKNOWN,0.999885,20,19A
NONCBL#ERR1430828#2,False,True,True,True,0.593,-5.675,UNKNOWN,0.999975,20,8
NONCBL#ERR1066014#3,False,True,True,True,0.28,-5.203,UNKNOWN,0.999928,20,19A
NONCBL#ERR2667417#4,False,True,True,True,0.115,-4.831,UNKNOWN,0.998287,20,14
NONCBL#SRR26884735#2,False,True,True,True,0.223,-4.995,UNKNOWN,0.999729,20,12F
NONCBL#ERR2090893#10,False,True,True,True,0.098,-4.835,UNKNOWN,0.998619,20,12F
NONCBL#SRR26790116#4,False,True,True,True,0.134,-5.025,UNKNOWN,0.99981,20,12F
NONCBL#ERR1422521#12,False,True,True,True,0.21,-5.0,UNKNOWN,0.999637,20,6B
NONCBL#ERR2089987#5,False,True,True,True,0.274,-5.274,UNKNOWN,0.999959,20,19A
NONCBL#ERR913188#2,False,True,True,True,0.314,-4.972,UNKNOWN,0.999381,20,19A
NONCBL#SRR26673342#1,False,True,True,True,0.217,-5.198,UNKNOWN,0.999886,20,25F
NONCBL#SRR26910451#2,False,True,True,True,0.088,-4.943,UNKNOWN,0.999653,20,10A
NONCBL#ERR1422579#1,False,True,True,True,0.27,-4.903,UNKNOWN,0.999428,20,19A
NONCBL#ERR1788444#16,False,True,True,True,0.161,-5.399,UNKNOWN,0.999996,35A_35C_42,16F
NONCBL#SRR26877889#18,False,True,True,True,0.288,-4.964,UNKNOWN,0.999235,35A_35C_42,10A
NONCBL#ERR1202143#1,False,True,True,True,0.482,-5.555,UNKNOWN,0.999975,20,15B
NONCBL#ERR13364880#35,False,True,True,True,0.109,-5.011,UNKNOWN,0.999651,20,25F
NONCBL#ERR2090577#30,False,True,True,True,0.273,-5.021,UNKNOWN,0.999807,35A_35C_42,6B
NONCBL#SRR26673401#7,False,True,True,True,0.382,-5.082,UNKNOWN,0.999445,20,19A
NONCBL#ERR774008#2,False,True,True,True,0.352,-5.562,UNKNOWN,0.999981,20,12F
NONCBL#SRR26883895#24,False,True,True,True,0.197,-4.92,UNKNOWN,0.999281,20,12F
NONCBL#ERR774617#27,False,True,True,True,0.319,-5.149,UNKNOWN,0.99987,20,19A
NONCBL#ERR909158#1,False,True,True,True,0.494,-5.46,UNKNOWN,0.999936,20,12F
NONCBL#ERR742370#1,False,True,True,True,0.179,-5.013,UNKNOWN,0.999561,20,19A
NONCBL#ERR730539#1,False,True,True,True,0.238,-5.395,UNKNOWN,0.999985,20,12F
NONCBL#ERR925355#4,False,True,True,True,0.129,-4.865,UNKNOWN,0.999456,20,6B
NONCBL#ERR13364710#20,False,True,True,True,0.231,-5.363,UNKNOWN,0.999991,35A_35C_42,16F
NONCBL#SRR26797019#2,False,True,True,True,0.514,-5.672,UNKNOWN,0.999987,20,14
NONCBL#ERR2089957#25,False,True,True,True,0.128,-5.233,UNKNOWN,0.999925,20,25F
NONCBL#ERR2853686#1,False,True,True,True,0.177,-4.993,UNKNOWN,0.999808,20,19A
NONCBL#ERR869960#12,False,True,True,True,0.175,-4.929,UNKNOWN,0.999563,35A_35C_42,10A
NONCBL#ERR1453533#10,False,True,True,True,0.223,-4.973,UNKNOWN,0.999538,35A_35C_42,10A
NONCBL#ERR701781#1,False,True,True,True,0.176,-5.356,UNKNOWN,0.999957,20,21
NONCBL#ERR1795474#3,False,True,True,True,0.13,-4.936,UNKNOWN,0.998823,35A_35C_42,25F
NONCBL#ERR730277#6,False,True,True,True,0.146,-4.886,UNKNOWN,0.999238,35A_35C_42,6B
NONCBL#ERR900647#4,False,True,True,True,0.112,-4.971,UNKNOWN,0.999788,20,9N
NONCBL#SRR26911142#9,False,True,True,True,0.274,-5.043,UNKNOWN,0.999503,20,19A
NONCBL#ERR1422661#17,False,True,True,True,0.247,-5.453,UNKNOWN,0.999997,35A_35C_42,6B
NONCBL#SRR26930244#1,False,True,True,True,0.239,-4.96,UNKNOWN,0.999451,20,12F
NONCBL#SRR26884157#4,False,True,True,True,0.234,-5.136,UNKNOWN,0.999801,20,12F
NONCBL#ERR568494#3,False,True,True,True,0.189,-4.972,UNKNOWN,0.999656,20,12F
NONCBL#ERR2089426#1,False,True,True,True,0.129,-4.996,UNKNOWN,0.999516,20,25F
NONCBL#ERR2680975#4,False,True,True,True,0.163,-4.769,UNKNOWN,0.9989,20,12F
NONCBL#ERR997583#8,False,True,True,True,0.142,-4.876,UNKNOWN,0.999506,20,12F
NONCBL#SRR26884587#6,False,True,True,True,0.293,-5.065,UNKNOWN,0.99987,20,19A
NONCBL#SRR26834217#8,False,True,True,True,0.108,-4.912,UNKNOWN,0.999322,20,25F
NONCBL#ERR876603#14,False,True,True,True,0.17,-5.374,UNKNOWN,0.999981,20,12F
NONCBL#ERR13366044#1,False,True,True,True,0.25,-5.023,UNKNOWN,0.999519,20,19A
NONCBL#ERR714470#3,False,True,True,True,0.356,-5.341,UNKNOWN,0.999961,20,19A
NONCBL#ERR3303381#19,False,True,True,True,0.194,-4.937,UNKNOWN,0.998378,20,25F
NONCBL#SRR26749436#3,False,True,True,True,0.371,-5.051,UNKNOWN,0.999359,20,19A
NONCBL#ERR9796502#2,False,True,True,True,0.151,-5.455,UNKNOWN,0.999988,20,25F
NONCBL#SRR26789351#3,False,True,True,True,0.575,-5.862,UNKNOWN,0.999992,20,12F
NONCBL#SRR26911107#1,False,True,True,True,0.443,-5.338,UNKNOWN,0.999907,20,12F
NONCBL#ERR2667284#4,False,True,True,True,0.156,-5.199,UNKNOWN,0.999767,20,9V
NONCBL#ERR900728#5,False,True,True,True,0.136,-5.119,UNKNOWN,0.999814,20,10A
NONCBL#SRR26878486#5,False,True,True,True,0.162,-5.214,UNKNOWN,0.999919,20,12F
NONCBL#ERR600430#1,False,True,True,True,0.612,-5.765,UNKNOWN,0.999936,20,12F
NONCBL#SRR26673296#21,False,True,True,True,0.335,-5.022,UNKNOWN,0.999536,20,19A
NONCBL#ERR913117#3,False,True,True,True,0.301,-5.097,UNKNOWN,0.999857,20,19A
NONCBL#ERR3796813#1,False,True,True,True,0.38,-5.18,UNKNOWN,0.999739,20,19A
NONCBL#ERR340879#1,False,True,True,True,0.757,-6.579,UNKNOWN,0.999998,20,8
NONCBL#SRR26594284#4,False,True,True,True,0.114,-4.942,UNKNOWN,0.998416,20,25F
NONCBL#ERR662318#5,False,True,True,True,0.178,-4.88,UNKNOWN,0.999495,20,12F
NONCBL#ERR2090454#5,False,True,True,True,0.131,-4.809,UNKNOWN,0.998505,20,12F
NONCBL#ERR2091205#1,False,True,True,True,0.199,-4.812,UNKNOWN,0.999274,20,12F
NONCBL#ERR862327#4,False,True,True,True,0.53,-5.742,UNKNOWN,0.999967,20,6B
NONCBL#SRR26878561#7,False,True,True,True,0.249,-5.011,UNKNOWN,0.999635,20,19A
NONCBL#ERR900659#1,False,True,True,True,0.541,-5.936,UNKNOWN,0.999998,20,8
NONCBL#SRR26672780#3,False,True,True,True,0.136,-5.042,UNKNOWN,0.999381,20,25F
NONCBL#ERR2090144#1,False,True,True,True,0.113,-4.809,UNKNOWN,0.998267,20,12F
NONCBL#ERR1065891#1,False,True,True,True,0.452,-5.628,UNKNOWN,0.999968,20,12F
NONCBL#ERR1066128#1,False,True,True,True,0.157,-5.19,UNKNOWN,0.999945,35A_35C_42,6B
NONCBL#ERR2089618#2,False,True,True,True,0.288,-4.987,UNKNOWN,0.999571,35A_35C_42,6B
NONCBL#ERR352118#20,False,True,True,True,0.169,-5.071,UNKNOWN,0.999845,20,8
NONCBL#SRR26910478#9,False,True,True,True,0.27,-5.067,UNKNOWN,0.999878,20,19A
NONCBL#SRR26797856#1,False,True,True,True,0.529,-5.589,UNKNOWN,0.999927,20,12F
NONCBL#ERR600485#5,False,True,True,True,0.242,-4.919,UNKNOWN,0.99969,20,12F
NONCBL#ERR14654036#22,False,True,True,True,0.223,-5.08,UNKNOWN,0.999913,20,12F
NONCBL#ERR1658148#3,False,True,True,True,0.154,-4.935,UNKNOWN,0.999659,20,10A
NONCBL#ERR2090450#1,False,True,True,True,0.201,-4.935,UNKNOWN,0.999363,20,12F
NONCBL#ERR600196#1,False,True,True,True,0.226,-5.063,UNKNOWN,0.999905,20,6B
NONCBL#ERR2667855#2,False,True,True,True,0.357,-5.237,UNKNOWN,0.999927,20,14
NONCBL#ERR774003#21,False,True,True,True,0.292,-5.535,UNKNOWN,0.999991,36,6B
NONCBL#SRR26884378#1,False,True,True,True,0.452,-5.394,UNKNOWN,0.999943,20,10A
NONCBL#ERR2090601#1,False,True,True,True,0.274,-4.955,UNKNOWN,0.999517,20,19A
NONCBL#SRR26833684#1,False,True,True,True,0.232,-4.955,UNKNOWN,0.999758,20,19A
NONCBL#SRR26797800#3,False,True,True,True,0.331,-4.996,UNKNOWN,0.999414,20,19A
NONCBL#ERR862400#19,False,True,True,True,0.305,-5.19,UNKNOWN,0.999898,20,12F
NONCBL#ERR1453552#16,False,True,True,True,0.129,-4.93,UNKNOWN,0.999265,35A_35C_42,10A
NONCBL#SRR26910945#25,False,True,True,True,0.303,-5.001,UNKNOWN,0.999515,20,19A
NONCBL#ERR1066024#10,False,True,True,True,0.163,-4.915,UNKNOWN,0.999387,35A_35C_42,10A
NONCBL#ERR714395#4,False,True,True,True,0.102,-4.962,UNKNOWN,0.999692,20,10A
NONCBL#ERR730434#25,False,True,True,True,0.284,-5.158,UNKNOWN,0.999921,20,19A
NONCBL#ERR311074#6,False,True,True,True,0.199,-4.812,UNKNOWN,0.999274,20,12F
NONCBL#SRR26833644#3,False,True,True,True,0.431,-5.471,UNKNOWN,0.999953,20,12F
NONCBL#ERR870092#8,False,True,True,True,0.204,-5.134,UNKNOWN,0.999969,20,12F
NONCBL#SRR26714580#10,False,True,True,True,0.146,-4.823,UNKNOWN,0.998958,20,12F
NONCBL#SRR26790093#14,False,True,True,True,0.107,-4.953,UNKNOWN,0.99961,20,12F
NONCBL#ERR774144#2,False,True,True,True,0.653,-5.869,UNKNOWN,0.999979,20,12F
NONCBL#ERR1422466#1,False,True,True,True,0.099,-4.935,UNKNOWN,0.999621,20,14
NONCBL#ERR3796803#5,False,True,True,True,0.232,-4.985,UNKNOWN,0.999591,20,19A
NONCBL#SRR26749647#23,False,True,True,True,0.536,-5.517,UNKNOWN,0.999944,20,12F
NONCBL#ERR2090706#5,False,True,True,True,0.145,-4.751,UNKNOWN,0.998702,20,12F
NONCBL#SRR26884621#37,False,True,True,True,0.15,-4.854,UNKNOWN,0.998205,20,25F
NONCBL#SRR26877836#11,False,True,True,True,0.109,-5.077,UNKNOWN,0.999706,20,25F
NONCBL#ERR2089898#3,False,True,True,True,0.13,-4.995,UNKNOWN,0.999693,20,12F
NONCBL#ERR1214477#2,False,True,True,True,0.091,-5.05,UNKNOWN,0.999623,20,25F
NONCBL#ERR600305#2,False,True,True,True,0.089,-4.94,UNKNOWN,0.999436,20,25F
NONCBL#ERR13365061#5,False,True,True,True,0.098,-4.953,UNKNOWN,0.999502,20,9V
NONCBL#SRR26673429#1,False,True,True,True,0.09,-4.994,UNKNOWN,0.999521,20,25F
NONCBL#ERR2680846#1,False,True,True,True,0.161,-5.075,UNKNOWN,0.999919,20,6B
NONCBL#ERR1788187#4,False,True,True,True,0.148,-4.914,UNKNOWN,0.999202,20,12F
NONCBL#SRR26673443#4,False,True,True,True,0.135,-5.074,UNKNOWN,0.999652,20,25F
NONCBL#SRR26879753#3,False,True,True,True,0.164,-5.029,UNKNOWN,0.999882,20,12F
NONCBL#ERR714283#9,False,True,True,True,0.31,-5.348,UNKNOWN,0.999943,20,6B
NONCBL#SRR26714177#3,False,True,True,True,0.161,-4.888,UNKNOWN,0.99964,20,12F
NONCBL#SRR26879744#29,False,True,True,True,0.15,-5.142,UNKNOWN,0.999868,20,19A
NONCBL#ERR774072#1,False,True,True,True,0.312,-5.354,UNKNOWN,0.999969,36,19A
NONCBL#ERR340835#12,False,True,True,True,0.265,-4.915,UNKNOWN,0.999427,20,19A
NONCBL#SRR26673331#14,False,True,True,True,0.314,-5.203,UNKNOWN,0.999927,20,12F
NONCBL#ERR13364681#11,False,True,True,True,0.193,-5.056,UNKNOWN,0.999757,20,12F
NONCBL#ERR730779#1,False,True,True,True,0.22,-5.266,UNKNOWN,0.999964,20,12F
NONCBL#ERR2667761#1,False,True,True,True,0.11,-4.868,UNKNOWN,0.999593,20,19A
NONCBL#ERR2089187#13,False,True,True,True,0.132,-5.235,UNKNOWN,0.999938,20,25F
NONCBL#ERR1214664#3,False,True,True,True,0.232,-4.933,UNKNOWN,0.999525,20,19A
NONCBL#SRR26715027#11,False,True,True,True,0.136,-4.855,UNKNOWN,0.999452,20,12F
NONCBL#ERR1788306#3,False,True,True,True,0.201,-4.935,UNKNOWN,0.999363,20,12F
NONCBL#ERR876710#20,False,True,True,True,0.291,-6.667,UNKNOWN,1.0,35A_35C_42,12F
NONCBL#ERR2089467#18,False,True,True,True,0.133,-5.172,UNKNOWN,0.999896,20,8
NONCBL#SRR26797773#3,False,True,True,True,0.145,-5.029,UNKNOWN,0.999891,20,6A
NONCBL#SRR26714503#1,False,True,True,True,0.189,-4.92,UNKNOWN,0.999244,20,10A
NONCBL#ERR1795515#13,False,True,True,True,0.247,-5.1,UNKNOWN,0.999715,20,19A
NONCBL#ERR1202225#5,False,True,True,True,0.139,-4.916,UNKNOWN,0.999331,20,10A
NONCBL#SRR26910623#24,False,True,True,True,0.406,-5.571,UNKNOWN,0.999975,20,12F
NONCBL#ERR2090887#3,False,True,True,True,0.188,-4.87,UNKNOWN,0.99891,20,12F
NONCBL#SRR26789600#2,False,True,True,True,0.329,-5.001,UNKNOWN,0.99944,20,19A
NONCBL#ERR742649#8,False,True,True,True,0.414,-5.342,UNKNOWN,0.999955,20,15B
NONCBL#ERR3303176#9,False,True,True,True,0.183,-4.871,UNKNOWN,0.999549,20,12F
NONCBL#SRR26883927#2,False,True,True,True,0.332,-5.164,UNKNOWN,0.999888,20,19A
NONCBL#ERR4501342#4,False,True,True,True,0.267,-5.446,UNKNOWN,0.999996,35A_35C_42,12F
NONCBL#ERR1756396#1,False,True,True,True,0.147,-4.957,UNKNOWN,0.999728,36,19A
NONCBL#ERR1658131#1,False,True,True,True,0.148,-4.824,UNKNOWN,0.999359,20,12F
NONCBL#ERR774034#9,False,True,True,True,0.272,-5.17,UNKNOWN,0.999911,20,19A
NONCBL#ERR730778#5,False,True,True,True,0.199,-4.942,UNKNOWN,0.999643,20,12F
NONCBL#SRR26884259#14,False,True,True,True,0.139,-5.188,UNKNOWN,0.999924,20,8
NONCBL#ERR2090896#1,False,True,True,True,0.422,-5.238,UNKNOWN,0.999889,20,19A
NONCBL#SRR26749996#4,False,True,True,True,0.567,-5.679,UNKNOWN,0.999979,20,9N
NONCBL#ERR742852#10,False,True,True,True,0.225,-4.97,UNKNOWN,0.999781,35A_35C_42,12F
NONCBL#ERR1540838#10,False,True,True,True,0.253,-4.909,UNKNOWN,0.999325,20,19A
NONCBL#ERR1214612#1,False,True,True,True,0.098,-5.099,UNKNOWN,0.999762,20,25F
NONCBL#ERR13364721#9,False,True,True,True,0.139,-4.861,UNKNOWN,0.999293,20,12F
NONCBL#ERR3796643#5,False,True,True,True,0.217,-5.002,UNKNOWN,0.999706,35A_35C_42,10A
NONCBL#SRR26931787#8,False,True,True,True,0.325,-4.966,UNKNOWN,0.999094,20,19A
NONCBL#ERR632900#1,False,True,True,True,0.268,-5.157,UNKNOWN,0.999894,20,19A
NONCBL#ERR3227811#3,False,True,True,True,0.255,-5.095,UNKNOWN,0.999845,20,19A
NONCBL#ERR646599#5,False,True,True,True,0.331,-5.054,UNKNOWN,0.999539,20,19A
NONCBL#ERR774262#3,False,True,True,True,0.323,-5.337,UNKNOWN,0.99995,20,12F
NONCBL#SRR26797395#18,False,True,True,True,0.256,-5.0,UNKNOWN,0.999579,20,10A
NONCBL#ERR997497#2,False,True,True,True,0.144,-5.137,UNKNOWN,0.999899,20,48
NONCBL#ERR884318#1,False,True,True,True,0.186,-5.086,UNKNOWN,0.99986,20,12F
NONCBL#SRR26797308#14,False,True,True,True,0.126,-4.881,UNKNOWN,0.999341,20,6B
NONCBL#ERR1540710#1,False,True,True,True,0.241,-5.569,UNKNOWN,0.999997,20,48
NONCBL#SRR26879567#1,False,True,True,True,0.438,-5.333,UNKNOWN,0.999908,20,12F
NONCBL#ERR7568000#5,False,True,True,True,0.464,-5.444,UNKNOWN,0.999942,20,12F
NONCBL#ERR3796629#9,False,True,True,True,0.309,-5.349,UNKNOWN,0.999991,35A_35C_42,6B
NONCBL#SRR26884046#22,False,True,True,True,0.301,-5.048,UNKNOWN,0.999555,20,19A
NONCBL#SRR26749374#2,False,True,True,True,0.13,-4.963,UNKNOWN,0.999331,36,6B
NONCBL#ERR2089271#1,False,True,True,True,0.142,-5.069,UNKNOWN,0.999929,20,15A
NONCBL#ERR884310#1,False,True,True,True,0.234,-4.907,UNKNOWN,0.999642,20,12F
NONCBL#ERR979979#3,False,True,True,True,0.235,-5.085,UNKNOWN,0.999907,20,9V
NONCBL#ERR2090739#1,False,True,True,True,0.119,-4.956,UNKNOWN,0.999581,20,25F
NONCBL#ERR2853457#1,False,True,True,True,0.305,-5.4,UNKNOWN,0.999985,20,6B
NONCBL#SRR26833947#1,False,True,True,True,0.515,-5.494,UNKNOWN,0.999947,20,12F
NONCBL#ERR979933#2,False,True,True,True,0.278,-5.143,UNKNOWN,0.999757,20,12F
NONCBL#SRR26884182#4,False,True,True,True,0.241,-5.001,UNKNOWN,0.999618,20,19A
NONCBL#ERR1202390#13,False,True,True,True,0.101,-4.905,UNKNOWN,0.999539,20,6B
NONCBL#ERR1430862#1,False,True,True,True,0.203,-4.894,UNKNOWN,0.99966,20,19A
NONCBL#SRR26834220#2,False,True,True,True,0.078,-4.758,UNKNOWN,0.997873,20,6B
NONCBL#ERR2680574#24,False,True,True,True,0.17,-4.844,UNKNOWN,0.999416,20,12F
NONCBL#ERR505938#3,False,True,True,True,0.127,-4.877,UNKNOWN,0.999416,20,6B
NONCBL#ERR1788021#22,False,True,True,True,0.288,-5.074,UNKNOWN,0.999532,20,18F
NONCBL#SRR26594775#2,False,True,True,True,0.263,-4.968,UNKNOWN,0.999752,20,19A
NONCBL#ERR2681037#3,False,True,True,True,0.1,-4.968,UNKNOWN,0.999229,20,25F
NONCBL#ERR1788342#3,False,True,True,True,0.11,-4.889,UNKNOWN,0.99921,20,25F
NONCBL#ERR1788151#1,False,True,True,True,0.151,-4.83,UNKNOWN,0.999379,20,6A
NONCBL#ERR2667573#14,False,True,True,True,0.404,-5.243,UNKNOWN,0.999842,35A_35C_42,10A
NONCBL#ERR2667587#2,False,True,True,True,0.216,-5.063,UNKNOWN,0.9997,20,12F
NONCBL#ERR600519#7,False,True,True,True,0.36,-5.236,UNKNOWN,0.999907,20,19A
NONCBL#ERR997553#1,False,True,True,True,0.332,-5.131,UNKNOWN,0.999849,20,19A
NONCBL#ERR750880#1,False,True,True,True,0.516,-5.623,UNKNOWN,0.999985,20,12F
NONCBL#ERR1288904#2,False,True,True,True,0.141,-4.819,UNKNOWN,0.999032,20,12F
NONCBL#ERR13374948#14,False,True,True,True,0.133,-5.155,UNKNOWN,0.999753,20,12F
NONCBL#ERR3796944#4,False,True,True,True,0.379,-5.105,UNKNOWN,0.999504,20,12F
NONCBL#SRR26594671#19,False,True,True,True,0.45,-5.437,UNKNOWN,0.999963,20,12F
NONCBL#ERR600515#10,False,True,True,True,0.106,-5.058,UNKNOWN,0.99982,20,25F
NONCBL#ERR773915#2,False,True,True,True,0.105,-4.958,UNKNOWN,0.999583,20,10A
NONCBL#ERR1788032#5,False,True,True,True,0.209,-4.957,UNKNOWN,0.999677,20,6B
NONCBL#ERR1453420#2,False,True,True,True,0.196,-4.899,UNKNOWN,0.999486,20,6A
NONCBL#ERR13364965#13,False,True,True,True,0.171,-4.949,UNKNOWN,0.99942,20,12F
NONCBL#ERR13364944#1,False,True,True,True,0.33,-5.18,UNKNOWN,0.999916,20,12F
NONCBL#SRR26884284#14,False,True,True,True,0.273,-5.154,UNKNOWN,0.999906,20,9V
NONCBL#SRR26884365#8,False,True,True,True,0.147,-4.913,UNKNOWN,0.99931,20,19A
NONCBL#ERR338216#22,False,True,True,True,0.186,-5.211,UNKNOWN,0.99997,20,12F
NONCBL#SRR26884611#1,False,True,True,True,0.204,-4.867,UNKNOWN,0.999362,20,19A
NONCBL#ERR909234#2,False,True,True,True,0.423,-5.378,UNKNOWN,0.999964,20,12F
NONCBL#ERR870211#8,False,True,True,True,0.253,-5.277,UNKNOWN,0.999964,20,19A
NONCBL#ERR1658075#3,False,True,True,True,0.195,-4.896,UNKNOWN,0.999463,20,12F
NONCBL#ERR925067#8,False,True,True,True,0.159,-4.934,UNKNOWN,0.999772,20,12F
NONCBL#SRR26931500#1,False,True,True,True,0.097,-5.007,UNKNOWN,0.999719,20,25F
NONCBL#ERR908888#3,False,True,True,True,0.246,-5.264,UNKNOWN,0.999962,20,19A
NONCBL#ERR1065173#5,False,True,True,True,0.123,-4.903,UNKNOWN,0.999393,20,12F
NONCBL#SRR26797431#2,False,True,True,True,0.246,-5.411,UNKNOWN,0.999945,20,25F
NONCBL#SRR26594208#2,False,True,True,True,0.08,-4.951,UNKNOWN,0.999603,20,10A
NONCBL#ERR1202553#4,False,True,True,True,0.329,-5.224,UNKNOWN,0.999856,20,18F
NONCBL#SRR26931384#1,False,True,True,True,0.213,-5.053,UNKNOWN,0.99948,20,12F
NONCBL#ERR13365898#6,False,True,True,True,0.22,-4.932,UNKNOWN,0.999133,35A_35C_42,10A
NONCBL#ERR980253#1,False,True,True,True,0.597,-6.231,UNKNOWN,0.999997,20,38
NONCBL#ERR701848#5,False,True,True,True,0.121,-4.911,UNKNOWN,0.9993,20,10A
NONCBL#ERR2667794#2,False,True,True,True,0.236,-5.342,UNKNOWN,0.999972,20,8
NONCBL#ERR884497#22,False,True,True,True,0.168,-4.881,UNKNOWN,0.999554,20,12F
NONCBL#ERR1192185#1,False,True,True,True,0.328,-5.193,UNKNOWN,0.999903,20,12F
NONCBL#ERR331452#52,False,True,True,True,0.125,-4.969,UNKNOWN,0.999625,36,10A
NONCBL#SRR26818141#10,False,True,True,True,0.103,-4.857,UNKNOWN,0.999163,20,25F
NONCBL#SRR26834039#7,False,True,True,True,0.135,-5.074,UNKNOWN,0.999652,20,25F
NONCBL#ERR3796953#2,False,True,True,True,0.257,-5.209,UNKNOWN,0.999752,20,19A
NONCBL#SRR26789485#1,False,True,True,True,0.159,-4.866,UNKNOWN,0.99939,20,12F
NONCBL#ERR2667283#1,False,True,True,True,0.146,-4.928,UNKNOWN,0.999724,20,19A
NONCBL#ERR742826#10,False,True,True,True,0.139,-4.934,UNKNOWN,0.999662,20,19A
NONCBL#ERR1422590#1,False,True,True,True,0.309,-4.973,UNKNOWN,0.999371,20,19A
NONCBL#ERR1202314#1,False,True,True,True,0.3,-5.421,UNKNOWN,0.999957,20,12F
NONCBL#ERR742675#32,False,True,True,True,0.179,-4.855,UNKNOWN,0.997664,20,25F
NONCBL#ERR876657#19,False,True,True,True,0.243,-5.227,UNKNOWN,0.999953,20,19A
NONCBL#SRR26673251#4,False,True,True,True,0.209,-5.078,UNKNOWN,0.999926,36,6B
NONCBL#SRR26884737#6,False,True,True,True,0.324,-5.128,UNKNOWN,0.999793,20,19A
NONCBL#ERR908867#1,False,True,True,True,0.329,-5.151,UNKNOWN,0.999902,20,12F
NONCBL#ERR1453392#2,False,True,True,True,0.206,-5.044,UNKNOWN,0.999859,20,21
NONCBL#SRR26797440#1,False,True,False,True,0.949,-8.165,UNKNOWN,0.98214,20,8
NONCBL#ERR13364646#1,False,True,True,True,0.508,-6.052,UNKNOWN,0.999999,20,8
NONCBL#SRR26749753#1,False,True,True,True,0.291,-5.09,UNKNOWN,0.999706,20,19A
NONCBL#ERR1422537#1,False,True,True,True,0.299,-5.113,UNKNOWN,0.999777,20,19A
NONCBL#ERR596386#1,False,True,True,True,0.124,-4.791,UNKNOWN,0.998797,20,12F
NONCBL#SRR26672858#3,False,True,True,True,0.206,-5.314,UNKNOWN,0.999993,35A_35C_42,6B
NONCBL#SRR26749383#6,False,True,True,True,0.304,-5.139,UNKNOWN,0.999876,20,19A
NONCBL#ERR730914#1,False,True,True,True,0.351,-5.431,UNKNOWN,0.999968,20,12F
NONCBL#SRR26911068#2,False,True,True,True,0.281,-5.005,UNKNOWN,0.999316,20,19A
NONCBL#SRR26714848#1,False,True,True,True,0.198,-4.94,UNKNOWN,0.999549,20,12F
NONCBL#SRR26910649#8,False,True,True,True,0.299,-4.929,UNKNOWN,0.999054,20,19A
NONCBL#SRR26714729#3,False,True,True,True,0.163,-4.769,UNKNOWN,0.9989,20,12F
NONCBL#ERR600516#1,False,True,True,True,0.618,-6.003,UNKNOWN,0.999992,20,12F
NONCBL#ERR2089797#1,False,True,True,True,0.448,-5.313,UNKNOWN,0.999838,20,12F
NONCBL#SRR26673427#24,False,True,True,True,0.358,-5.008,UNKNOWN,0.999292,20,19A
NONCBL#ERR870310#1,False,True,True,True,0.139,-5.112,UNKNOWN,0.999304,20,18C
NONCBL#SRR26833853#3,False,True,True,True,0.13,-4.759,UNKNOWN,0.998627,20,12F
NONCBL#ERR913347#1,False,True,True,True,0.236,-5.217,UNKNOWN,0.999954,20,19A
NONCBL#ERR1453288#20,False,True,True,True,0.279,-5.295,UNKNOWN,0.999967,20,19A
NONCBL#ERR505934#6,False,True,True,True,0.146,-5.175,UNKNOWN,0.999949,20,23B
NONCBL#ERR505928#1,False,True,True,True,0.157,-5.003,UNKNOWN,0.99972,20,19A
NONCBL#ERR730945#2,False,True,True,True,0.31,-5.218,UNKNOWN,0.999928,20,19A
NONCBL#SRR26878336#35,False,True,True,True,0.117,-5.113,UNKNOWN,0.999638,20,25F
NONCBL#ERR13374809#2,False,True,True,True,0.117,-4.949,UNKNOWN,0.999618,20,12F
NONCBL#ERR1422693#1,False,True,True,True,0.232,-5.046,UNKNOWN,0.9999,20,19A
NONCBL#ERR1202607#3,False,True,True,True,0.361,-5.038,UNKNOWN,0.999349,20,19A
NONCBL#SRR26834187#24,False,True,True,True,0.233,-5.188,UNKNOWN,0.999943,20,19A
NONCBL#ERR876471#26,False,True,True,True,0.384,-5.053,UNKNOWN,0.999353,20,19A
NONCBL#ERR600372#30,False,True,True,True,0.106,-5.058,UNKNOWN,0.99982,20,25F
NONCBL#ERR8481548#2,False,True,True,True,0.097,-4.892,UNKNOWN,0.999259,20,14
NONCBL#ERR1430943#1,False,True,True,True,0.266,-5.078,UNKNOWN,0.999762,20,8
NONCBL#ERR2090437#27,False,True,True,True,0.286,-5.26,UNKNOWN,0.99997,35A_35C_42,12F
NONCBL#SRR26797067#2,False,True,True,True,0.678,-5.915,UNKNOWN,0.999978,20,8
NONCBL#SRR26673665#10,False,True,True,True,0.225,-5.019,UNKNOWN,0.999703,20,12F
NONCBL#ERR505497#1,False,True,True,True,0.306,-5.186,UNKNOWN,0.999884,20,19A
NONCBL#ERR1066316#2,False,True,True,True,0.148,-4.909,UNKNOWN,0.999568,35A_35C_42,10A
NONCBL#SRR26884402#1,False,True,True,True,0.269,-5.068,UNKNOWN,0.999883,20,19A
NONCBL#SRR26715055#1,False,True,True,True,0.506,-5.508,UNKNOWN,0.99989,20,9V
NONCBL#ERR908940#5,False,True,True,True,0.15,-4.9,UNKNOWN,0.999474,20,12F
NONCBL#ERR3723780#5,False,True,True,True,0.141,-4.951,UNKNOWN,0.999797,20,12F
NONCBL#SRR26878149#2,False,True,True,True,0.439,-5.535,UNKNOWN,0.999951,20,8
NONCBL#ERR1065570#26,False,True,True,True,0.127,-4.894,UNKNOWN,0.999324,35A_35C_42,25F
NONCBL#SRR26594675#21,False,True,True,True,0.542,-5.522,UNKNOWN,0.999943,20,12F
NONCBL#ERR980161#1,False,True,True,True,0.213,-5.011,UNKNOWN,0.999722,20,9N
NONCBL#ERR2667143#3,False,True,True,True,0.521,-5.515,UNKNOWN,0.99987,20,19A
NONCBL#ERR2089983#6,False,True,True,True,0.324,-4.999,UNKNOWN,0.999381,20,19A
NONCBL#ERR730709#3,False,True,True,True,0.1,-5.024,UNKNOWN,0.999444,20,12F
NONCBL#ERR997520#1,False,True,True,True,0.092,-4.915,UNKNOWN,0.999585,20,21
NONCBL#SRR26884261#12,False,True,True,True,0.148,-4.912,UNKNOWN,0.999182,20,12F
NONCBL#ERR3303273#3,False,True,True,True,0.186,-4.95,UNKNOWN,0.999642,35A_35C_42,6B
NONCBL#ERR2667190#2,False,True,True,True,0.244,-5.213,UNKNOWN,0.999936,20,19A
NONCBL#ERR1065801#1,False,True,True,True,0.405,-5.279,UNKNOWN,0.999898,20,12F
NONCBL#SRR26749492#7,False,True,True,True,0.386,-5.083,UNKNOWN,0.999434,20,19A
NONCBL#ERR2089188#3,False,True,True,True,0.299,-5.563,UNKNOWN,0.999997,20,9V
NONCBL#ERR1453508#1,False,True,True,True,0.523,-5.58,UNKNOWN,0.999952,20,12F
NONCBL#ERR8481836#5,False,True,True,True,0.351,-5.018,UNKNOWN,0.999288,20,19A
NONCBL#ERR570463#5,False,True,True,True,0.323,-5.188,UNKNOWN,0.999896,20,19A
NONCBL#SRR26818625#15,False,True,True,True,0.201,-5.202,UNKNOWN,0.999981,35A_35C_42,12F
NONCBL#SRR26880267#5,False,True,True,True,0.221,-4.868,UNKNOWN,0.999563,20,12F
NONCBL#SRR26910861#1,False,True,True,True,0.364,-5.579,UNKNOWN,0.999941,20,19A
NONCBL#SRR26714880#1,False,True,True,True,0.214,-5.164,UNKNOWN,0.999949,20,10A
NONCBL#ERR3303462#1,False,True,True,True,0.539,-6.047,UNKNOWN,0.999975,20,31
NONCBL#SRR26818570#4,False,True,True,True,0.236,-4.986,UNKNOWN,0.999423,20,19A
NONCBL#SRR26884668#3,False,True,True,True,0.126,-4.804,UNKNOWN,0.99826,20,12F
NONCBL#ERR13365253#23,False,True,True,True,0.152,-4.789,UNKNOWN,0.998847,20,12F
NONCBL#SRR26789730#2,False,True,True,True,0.094,-4.954,UNKNOWN,0.999512,20,10A
NONCBL#ERR876530#19,False,True,True,True,0.127,-4.96,UNKNOWN,0.999575,20,6B
NONCBL#ERR13374642#11,False,True,True,True,0.118,-4.805,UNKNOWN,0.998572,20,6B
NONCBL#ERR862284#53,False,True,True,True,0.089,-4.926,UNKNOWN,0.999392,20,12F
NONCBL#SRR26878314#23,False,True,True,True,0.323,-4.982,UNKNOWN,0.999338,20,19A
NONCBL#SRR26714299#5,False,True,True,True,0.115,-5.0,UNKNOWN,0.999329,20,25F
NONCBL#SRR26834032#22,False,True,True,True,0.27,-5.218,UNKNOWN,0.99993,20,19A
NONCBL#ERR14653938#11,False,True,True,True,0.088,-4.94,UNKNOWN,0.999175,35A_35C_42,4
NONCBL#ERR600234#1,False,True,True,True,0.715,-6.261,UNKNOWN,0.999995,35A_35C_42,22F
NONCBL#ERR997671#3,False,True,True,True,0.137,-4.924,UNKNOWN,0.999414,35A_35C_42,25F
NONCBL#SRR26749363#16,False,True,True,True,0.197,-5.021,UNKNOWN,0.999673,20,12F
NONCBL#ERR600246#34,False,True,True,True,0.123,-5.127,UNKNOWN,0.999664,20,25F
NONCBL#ERR2090818#6,False,True,True,True,0.27,-5.047,UNKNOWN,0.999558,20,19A
NONCBL#SRR26931028#1,False,True,True,True,0.195,-5.135,UNKNOWN,0.999966,20,12F
NONCBL#ERR730197#1,False,True,True,True,0.195,-4.957,UNKNOWN,0.999258,20,25F
NONCBL#ERR570398#1,False,True,True,True,0.666,-6.043,UNKNOWN,0.999982,18,4
NONCBL#ERR13364706#20,False,True,True,True,0.407,-5.131,UNKNOWN,0.999648,20,19A
NONCBL#ERR2090381#2,False,True,True,True,0.557,-5.706,UNKNOWN,0.999981,20,12F
NONCBL#ERR13365414#3,False,True,True,True,0.136,-5.002,UNKNOWN,0.99979,35A_35C_42,12F
NONCBL#ERR433841#3,False,True,True,True,0.376,-5.358,UNKNOWN,0.999952,20,12F
NONCBL#ERR505818#1,False,True,True,True,0.175,-4.947,UNKNOWN,0.999571,20,9V
NONCBL#ERR862452#10,False,True,True,True,0.13,-5.023,UNKNOWN,0.999685,20,19A
NONCBL#ERR1202504#2,False,True,True,True,0.141,-4.785,UNKNOWN,0.999368,20,12F
NONCBL#SRR26833929#4,False,True,True,True,0.237,-4.985,UNKNOWN,0.99932,20,19A
NONCBL#ERR714256#6,False,True,True,True,0.428,-5.129,UNKNOWN,0.999444,20,19A
NONCBL#ERR8481878#4,False,True,True,True,0.161,-5.312,UNKNOWN,0.999984,20,23B
NONCBL#SRR26931003#6,False,True,True,True,0.325,-4.951,UNKNOWN,0.999382,20,19A
NONCBL#SRR26790139#2,False,True,True,True,0.356,-5.233,UNKNOWN,0.999955,20,19A
NONCBL#SRR26673114#3,False,True,True,True,0.151,-4.802,UNKNOWN,0.99828,20,12F
NONCBL#SRR26930901#15,False,True,True,True,0.108,-4.851,UNKNOWN,0.997861,20,25F
NONCBL#ERR751076#5,False,True,True,True,0.511,-5.488,UNKNOWN,0.999908,20,15B
NONCBL#SRR26673221#20,False,True,True,True,0.442,-5.633,UNKNOWN,0.999995,20,12F
NONCBL#ERR997504#6,False,True,True,True,0.098,-4.969,UNKNOWN,0.999437,20,10A
NONCBL#SRR26910265#1,False,True,True,True,0.53,-5.584,UNKNOWN,0.999991,20,9V
NONCBL#ERR1453631#32,False,True,True,True,0.65,-5.976,UNKNOWN,0.999982,20,12F
NONCBL#ERR2853554#1,False,True,True,True,0.091,-4.794,UNKNOWN,0.998199,20,12F
NONCBL#SRR26931290#21,False,True,True,True,0.294,-5.006,UNKNOWN,0.999419,20,19A
NONCBL#ERR2667351#1,False,True,True,True,0.334,-4.984,UNKNOWN,0.999447,20,19A
NONCBL#SRR26931234#1,False,True,True,True,0.115,-5.036,UNKNOWN,0.999634,20,25F
NONCBL#SRR26789984#1,False,True,True,True,0.147,-5.06,UNKNOWN,0.999911,20,38
NONCBL#SRR26714568#4,False,True,True,True,0.265,-5.036,UNKNOWN,0.999642,20,19A
NONCBL#ERR326595#97,False,True,True,True,0.17,-5.374,UNKNOWN,0.999981,20,12F
NONCBL#ERR2090797#2,False,True,True,True,0.449,-5.233,UNKNOWN,0.999895,20,6B
NONCBL#ERR1788211#2,False,True,True,True,0.279,-5.153,UNKNOWN,0.999926,20,19A
NONCBL#ERR1065174#1,False,True,True,True,0.133,-4.965,UNKNOWN,0.999672,36,19A
NONCBL#ERR2089048#1,False,True,True,True,0.195,-5.231,UNKNOWN,0.999919,33G,15A
NONCBL#ERR876628#11,False,True,True,True,0.382,-5.199,UNKNOWN,0.999814,20,19A
NONCBL#SRR26818514#18,False,True,True,True,0.343,-5.172,UNKNOWN,0.999877,20,19A
NONCBL#SRR26673133#3,False,True,True,True,0.271,-5.071,UNKNOWN,0.999565,20,19A
NONCBL#SRR26930748#10,False,True,True,True,0.194,-4.857,UNKNOWN,0.999592,20,12F
NONCBL#ERR730293#2,False,True,True,True,0.274,-5.153,UNKNOWN,0.999899,20,19A
NONCBL#SRR26818317#2,False,True,True,True,0.656,-5.907,UNKNOWN,0.99999,20,12F
NONCBL#SRR26910611#2,False,True,True,True,0.136,-4.936,UNKNOWN,0.999755,20,19A
NONCBL#ERR2225355#1,False,True,True,True,0.569,-5.565,UNKNOWN,0.999866,20,12F
NONCBL#SRR26931737#2,False,True,True,True,0.533,-5.646,UNKNOWN,0.999986,20,12F
NONCBL#ERR870146#1,False,True,True,True,0.187,-4.901,UNKNOWN,0.999592,20,12F
NONCBL#ERR1756470#1,False,True,True,True,0.367,-5.371,UNKNOWN,0.999928,20,12F
NONCBL#ERR600411#20,False,True,True,True,0.099,-4.83,UNKNOWN,0.998481,20,12F
NONCBL#ERR13365259#1,False,True,True,True,0.122,-5.16,UNKNOWN,0.999835,20,25F
NONCBL#ERR433706#1,False,True,True,True,0.226,-5.063,UNKNOWN,0.999905,20,6B
NONCBL#SRR26834423#1,False,True,True,True,0.39,-5.194,UNKNOWN,0.999767,20,19A
NONCBL#ERR774263#3,False,True,True,True,0.272,-5.698,UNKNOWN,0.999993,20,19A
NONCBL#ERR3795744#18,False,True,True,True,0.117,-5.032,UNKNOWN,0.999803,20,14
NONCBL#SRR26594821#1,False,True,True,True,0.295,-5.062,UNKNOWN,0.999639,20,19A
NONCBL#ERR869969#1,False,True,True,True,0.545,-5.737,UNKNOWN,0.999987,20,12F
NONCBL#ERR913086#19,False,True,True,True,0.219,-5.194,UNKNOWN,0.999937,20,19A
NONCBL#ERR908940#1,False,True,True,True,0.613,-6.108,UNKNOWN,0.999988,18,4
NONCBL#SRR26879587#2,False,True,True,True,0.29,-5.596,UNKNOWN,0.999992,20,25F
NONCBL#SRR26910385#1,False,True,True,True,0.669,-6.075,UNKNOWN,0.999993,20,12F
NONCBL#ERR2090588#1,False,True,True,True,0.112,-4.863,UNKNOWN,0.999122,20,25F
NONCBL#ERR1065857#2,False,True,True,True,0.191,-4.962,UNKNOWN,0.999898,20,12F
NONCBL#SRR26594976#2,False,True,True,True,0.226,-5.036,UNKNOWN,0.999811,20,12F
NONCBL#ERR1214589#1,False,True,True,True,0.336,-5.331,UNKNOWN,0.999957,20,15B
NONCBL#ERR2853503#4,False,True,True,True,0.315,-5.12,UNKNOWN,0.999773,20,19A
NONCBL#SRR26931401#1,False,True,True,True,0.202,-4.913,UNKNOWN,0.999593,35A_35C_42,6B
NONCBL#ERR1065168#12,False,True,True,True,0.183,-5.045,UNKNOWN,0.999796,20,14
NONCBL#ERR7568023#9,False,True,True,True,0.276,-5.207,UNKNOWN,0.999956,20,12F
NONCBL#ERR449196#1,False,True,True,True,0.24,-5.195,UNKNOWN,0.999946,20,19A
NONCBL#ERR1540742#1,False,True,True,True,0.17,-5.259,UNKNOWN,0.99989,20,25F
NONCBL#ERR13364751#2,False,True,True,True,0.265,-5.103,UNKNOWN,0.999908,20,12F
NONCBL#ERR714398#1,False,True,True,True,0.17,-4.846,UNKNOWN,0.999177,20,6A
NONCBL#SRR26931663#2,False,True,True,True,0.269,-4.914,UNKNOWN,0.999139,20,19A
NONCBL#ERR2853415#22,False,True,True,True,0.245,-4.941,UNKNOWN,0.999107,20,10A
NONCBL#ERR714700#38,False,True,True,True,0.106,-5.058,UNKNOWN,0.99982,20,25F
NONCBL#SRR26789559#7,False,True,True,True,0.079,-4.792,UNKNOWN,0.997967,20,25F
NONCBL#SRR26930569#2,False,True,True,True,0.257,-5.027,UNKNOWN,0.99947,20,12F
NONCBL#SRR26879705#5,False,True,True,True,0.234,-4.989,UNKNOWN,0.999491,20,19A
NONCBL#ERR1106808#5,False,True,True,True,0.109,-4.925,UNKNOWN,0.99939,20,25F
NONCBL#ERR1422345#1,False,True,True,True,0.123,-4.955,UNKNOWN,0.999555,20,12F
NONCBL#ERR2667484#25,False,True,True,True,0.176,-4.86,UNKNOWN,0.999514,20,12F
NONCBL#SRR26930282#1,False,True,True,True,0.249,-5.173,UNKNOWN,0.999914,20,12F
NONCBL#SRR26818435#2,False,True,True,True,0.47,-5.488,UNKNOWN,0.99997,20,12F
NONCBL#ERR316720#10,False,True,True,True,0.166,-4.82,UNKNOWN,0.998365,20,12F
NONCBL#SRR26833909#2,False,True,True,True,0.353,-5.192,UNKNOWN,0.999869,20,19A
NONCBL#ERR2681066#1,False,True,True,True,0.173,-5.089,UNKNOWN,0.999926,20,19A
NONCBL#ERR13366170#1,False,True,True,True,0.284,-4.927,UNKNOWN,0.999257,20,19A
NONCBL#ERR600268#15,False,True,True,True,0.293,-5.275,UNKNOWN,0.999984,35A_35C_42,6B
NONCBL#ERR884504#16,False,True,True,True,0.28,-5.254,UNKNOWN,0.999954,20,19A
NONCBL#ERR730468#1,False,True,True,True,0.447,-5.299,UNKNOWN,0.999822,20,12F
NONCBL#ERR1540747#1,False,True,True,True,0.226,-5.349,UNKNOWN,0.99999,20,6A
NONCBL#ERR586328#2,False,True,True,True,0.333,-5.03,UNKNOWN,0.999306,20,19A
NONCBL#SRR26877994#7,False,True,True,True,0.211,-4.976,UNKNOWN,0.999767,20,19A
NONCBL#ERR2680726#33,False,True,True,True,0.359,-5.163,UNKNOWN,0.999682,20,19A
NONCBL#ERR884637#19,False,True,True,True,0.422,-5.479,UNKNOWN,0.999962,20,12F
NONCBL#ERR425388#1,False,True,True,True,0.176,-4.819,UNKNOWN,0.999051,20,12F
NONCBL#ERR1430834#5,False,True,True,True,0.207,-4.967,UNKNOWN,0.999687,20,12F
NONCBL#SRR26930903#6,False,True,True,True,0.242,-5.002,UNKNOWN,0.999621,20,19A
NONCBL#ERR876784#2,False,True,True,True,0.14,-5.041,UNKNOWN,0.999607,20,8
NONCBL#ERR1202152#2,False,True,True,True,0.273,-5.161,UNKNOWN,0.999932,20,12F
NONCBL#ERR2681197#1,False,True,True,True,0.222,-5.03,UNKNOWN,0.99983,20,23B
NONCBL#ERR980276#4,False,True,True,True,0.349,-5.203,UNKNOWN,0.999845,20,19A
NONCBL#ERR13365685#5,False,True,True,True,0.215,-4.909,UNKNOWN,0.999624,20,12F
NONCBL#ERR730828#5,False,True,True,True,0.281,-5.279,UNKNOWN,0.999959,20,19A
NONCBL#SRR26594228#1,False,True,True,True,0.546,-5.673,UNKNOWN,0.999986,20,12F
NONCBL#ERR633016#1,False,True,True,True,0.109,-5.009,UNKNOWN,0.999419,20,25F
NONCBL#ERR13366247#10,False,True,True,True,0.106,-4.903,UNKNOWN,0.99939,20,12F
NONCBL#SRR26714122#1,False,True,True,True,0.168,-4.979,UNKNOWN,0.999331,20,25F
NONCBL#SRR26834314#1,False,True,True,True,0.388,-5.186,UNKNOWN,0.999798,20,12F
NONCBL#ERR2090723#4,False,True,True,True,0.079,-4.898,UNKNOWN,0.999248,20,12F
NONCBL#ERR3303230#11,False,True,True,True,0.511,-5.42,UNKNOWN,0.999824,20,12F
NONCBL#SRR26834253#4,False,True,True,True,0.484,-5.683,UNKNOWN,0.999991,20,12F
NONCBL#ERR433811#1,False,True,True,True,0.101,-5.106,UNKNOWN,0.999655,20,25F
NONCBL#ERR600259#3,False,True,True,True,0.11,-5.007,UNKNOWN,0.999757,20,9V
NONCBL#SRR26672947#23,False,True,True,True,0.598,-6.277,UNKNOWN,0.999998,36,8
NONCBL#SRR26834273#2,False,True,True,True,0.132,-5.064,UNKNOWN,0.999859,20,10A
NONCBL#ERR774014#8,False,True,True,True,0.454,-5.27,UNKNOWN,0.999736,20,19A
NONCBL#ERR1192140#1,False,True,True,True,0.235,-4.96,UNKNOWN,0.999654,20,12F
NONCBL#ERR13365490#11,False,True,True,True,0.174,-5.049,UNKNOWN,0.999756,20,6B
NONCBL#ERR730237#2,False,True,True,True,0.351,-5.263,UNKNOWN,0.999929,20,19A
NONCBL#ERR1422415#12,False,True,True,True,0.178,-4.938,UNKNOWN,0.999571,20,19A
NONCBL#ERR14654032#1,False,True,True,True,0.239,-5.411,UNKNOWN,0.99998,20,8
NONCBL#ERR1453787#12,False,True,True,True,0.225,-4.908,UNKNOWN,0.999471,20,6A
NONCBL#SRR26930293#1,False,True,True,True,0.127,-4.914,UNKNOWN,0.999154,20,25F
NONCBL#ERR2090702#1,False,True,True,True,0.281,-5.302,UNKNOWN,0.999963,36,19A
NONCBL#SRR26797838#7,False,True,True,True,0.265,-5.036,UNKNOWN,0.999642,20,19A
NONCBL#ERR750848#1,False,True,True,True,0.146,-5.044,UNKNOWN,0.999339,20,25F
NONCBL#ERR714456#2,False,True,True,True,0.322,-4.997,UNKNOWN,0.999357,20,19A
NONCBL#ERR730350#14,False,True,True,True,0.23,-4.944,UNKNOWN,0.999625,20,12F
NONCBL#ERR13366178#3,False,True,True,True,0.133,-4.876,UNKNOWN,0.999339,20,12F
NONCBL#ERR2680684#2,False,True,True,True,0.272,-5.257,UNKNOWN,0.999953,20,19A
NONCBL#SRR26595144#5,False,True,True,True,0.135,-4.796,UNKNOWN,0.997885,20,12F
NONCBL#SRR26877991#2,False,True,True,True,0.166,-4.86,UNKNOWN,0.999239,20,12F
NONCBL#ERR714608#10,False,True,True,True,0.887,-6.96,UNKNOWN,0.999985,20,12F
NONCBL#ERR2818763#1,False,True,True,True,0.315,-5.12,UNKNOWN,0.999773,20,19A
NONCBL#SRR26797421#12,False,True,True,True,0.15,-4.939,UNKNOWN,0.999431,20,19A
NONCBL#ERR2680932#1,False,True,True,True,0.123,-4.854,UNKNOWN,0.99954,20,19A
NONCBL#ERR2667852#10,False,True,True,True,0.274,-5.051,UNKNOWN,0.999728,20,19A
NONCBL#SRR26884041#2,False,True,True,True,0.294,-4.949,UNKNOWN,0.999399,20,19A
NONCBL#SRR26714374#13,False,True,True,True,0.176,-4.942,UNKNOWN,0.999435,20,19A
NONCBL#ERR730223#27,False,True,True,True,0.289,-5.09,UNKNOWN,0.999703,20,19A
NONCBL#ERR730164#1,False,True,True,True,0.19,-5.202,UNKNOWN,0.999957,20,12F
NONCBL#ERR1191883#1,False,True,True,True,0.142,-5.008,UNKNOWN,0.999794,20,12F
NONCBL#ERR774321#1,False,True,True,True,0.707,-6.343,UNKNOWN,0.999996,20,12F
NONCBL#SRR26911129#2,False,True,True,True,0.224,-5.128,UNKNOWN,0.999831,20,8
NONCBL#ERR1065229#1,False,True,True,True,0.104,-4.861,UNKNOWN,0.999273,20,12F
NONCBL#ERR316678#26,False,True,True,True,0.367,-5.156,UNKNOWN,0.999746,20,19A
NONCBL#ERR13365498#28,False,True,True,True,0.321,-5.241,UNKNOWN,0.999936,20,19A
NONCBL#ERR862325#7,False,True,True,True,0.121,-4.956,UNKNOWN,0.999626,20,12F
NONCBL#ERR870087#3,False,True,True,True,0.535,-6.211,UNKNOWN,0.999998,15,14
NONCBL#SRR26883861#3,False,True,True,True,0.249,-5.011,UNKNOWN,0.999635,20,19A
NONCBL#SRR26818337#27,False,True,True,True,0.286,-5.092,UNKNOWN,0.999675,20,19A
NONCBL#ERR13364834#6,False,True,True,True,0.353,-5.11,UNKNOWN,0.999861,20,12F
NONCBL#ERR1430835#5,False,True,True,True,0.219,-5.352,UNKNOWN,0.999978,20,19A
NONCBL#ERR433567#2,False,True,True,True,0.137,-5.063,UNKNOWN,0.999792,20,12F
NONCBL#ERR2667144#2,False,True,True,True,0.274,-5.475,UNKNOWN,0.999903,20,31
NONCBL#ERR1594522#5,False,True,True,True,0.326,-4.989,UNKNOWN,0.99936,20,19A
NONCBL#SRR26673183#1,False,True,True,True,0.336,-5.288,UNKNOWN,0.999926,20,12F
NONCBL#ERR13375053#2,False,True,True,True,0.257,-5.032,UNKNOWN,0.999706,20,19A
NONCBL#ERR997570#7,False,True,True,True,0.247,-5.284,UNKNOWN,0.999986,35A_35C_42,12F
NONCBL#ERR3796788#4,False,True,True,True,0.168,-4.889,UNKNOWN,0.999526,20,12F
NONCBL#ERR2089713#1,False,True,True,True,0.349,-5.626,UNKNOWN,0.999993,20,12F
NONCBL#ERR3270855#10,False,True,True,True,0.183,-5.143,UNKNOWN,0.999832,20,25F
NONCBL#ERR2090840#3,False,True,True,True,0.136,-5.024,UNKNOWN,0.999863,20,4
NONCBL#ERR316643#8,False,True,True,True,0.29,-5.341,UNKNOWN,0.999986,35A_35C_42,12F
NONCBL#SRR26797652#1,False,True,True,True,0.8,-6.524,UNKNOWN,0.999993,20,12F
NONCBL#ERR1106806#3,False,True,True,True,0.083,-4.931,UNKNOWN,0.99817,20,12F
NONCBL#ERR909055#1,False,True,True,True,0.517,-5.705,UNKNOWN,0.999986,20,12F
NONCBL#ERR13365078#3,False,True,True,True,0.289,-4.949,UNKNOWN,0.999365,20,19A
NONCBL#ERR2681185#7,False,True,True,True,0.387,-5.103,UNKNOWN,0.99953,20,19A
NONCBL#ERR1106687#1,False,True,True,True,0.229,-5.257,UNKNOWN,0.999964,20,19A
NONCBL#SRR26931489#1,False,True,True,True,0.167,-4.896,UNKNOWN,0.99954,20,19A
NONCBL#SRR26931301#7,False,True,True,True,0.255,-5.178,UNKNOWN,0.999937,20,19A
NONCBL#SRR26789617#2,False,True,True,True,0.254,-4.95,UNKNOWN,0.999698,20,19A
NONCBL#ERR600429#1,False,True,True,True,0.085,-4.965,UNKNOWN,0.999592,20,25F
NONCBL#SRR26594871#29,False,True,True,True,0.501,-5.486,UNKNOWN,0.999947,20,12F
NONCBL#ERR2089824#1,False,True,True,True,0.285,-5.102,UNKNOWN,0.999869,20,19A
NONCBL#SRR26883939#1,False,True,True,True,0.405,-5.228,UNKNOWN,0.999813,20,12F
NONCBL#ERR774048#6,False,True,True,True,0.122,-4.964,UNKNOWN,0.999665,20,12F
NONCBL#SRR26594163#17,False,True,True,True,0.273,-5.075,UNKNOWN,0.999767,20,19A
NONCBL#SRR26877911#12,False,True,True,True,0.344,-5.257,UNKNOWN,0.999915,20,19A
NONCBL#ERR1453308#1,False,True,True,True,0.406,-5.321,UNKNOWN,0.999902,20,8
NONCBL#ERR570410#2,False,True,True,True,0.104,-4.969,UNKNOWN,0.999712,20,9V
NONCBL#ERR876767#15,False,True,True,True,0.348,-5.404,UNKNOWN,0.999988,35A_35C_42,12F
NONCBL#SRR26714579#1,False,True,True,True,0.145,-4.905,UNKNOWN,0.999643,20,12F
NONCBL#ERR3796582#13,False,True,True,True,0.217,-5.318,UNKNOWN,0.999992,20,19A
NONCBL#ERR900697#6,False,True,True,True,0.114,-4.835,UNKNOWN,0.999353,20,12F
NONCBL#ERR730839#30,False,True,True,True,0.153,-5.168,UNKNOWN,0.999824,20,12F
NONCBL#SRR26834026#7,False,True,True,True,0.249,-5.011,UNKNOWN,0.999635,20,19A
NONCBL#ERR925234#1,False,True,True,True,0.238,-5.42,UNKNOWN,0.999981,20,9V
NONCBL#ERR2853528#1,False,True,True,True,0.274,-5.057,UNKNOWN,0.999524,20,12F
NONCBL#SRR26714230#2,False,True,True,True,0.249,-5.011,UNKNOWN,0.999635,20,19A
NONCBL#SRR26877918#7,False,True,True,True,0.165,-4.881,UNKNOWN,0.999443,20,12F
NONCBL#ERR1065359#11,False,True,True,True,0.557,-5.498,UNKNOWN,0.999772,20,12F
NONCBL#SRR26714874#25,False,True,True,True,0.352,-4.978,UNKNOWN,0.999204,20,19A
NONCBL#ERR2091261#8,False,True,True,True,0.128,-4.885,UNKNOWN,0.998978,35A_35C_42,25F
NONCBL#ERR2853468#1,False,True,True,True,0.616,-6.082,UNKNOWN,0.999995,20,8
NONCBL#ERR774356#16,False,True,True,True,0.221,-4.854,UNKNOWN,0.999263,20,12F
NONCBL#ERR2667991#13,False,True,True,True,0.204,-4.954,UNKNOWN,0.999522,35A_35C_42,10A
NONCBL#ERR1202624#1,False,True,True,True,0.228,-5.189,UNKNOWN,0.999955,20,10A
NONCBL#ERR2853601#1,False,True,True,True,0.099,-4.861,UNKNOWN,0.999018,20,25F
NONCBL#SRR26749727#1,False,True,True,True,0.327,-5.267,UNKNOWN,0.999941,20,19A
NONCBL#SRR26931038#1,False,True,True,True,0.466,-5.624,UNKNOWN,0.999964,20,12F
NONCBL#SRR26884625#1,False,True,True,True,0.083,-4.828,UNKNOWN,0.996817,20,6B
NONCBL#SRR26834275#13,False,True,True,True,0.155,-4.896,UNKNOWN,0.998903,20,19A
NONCBL#ERR1788225#3,False,True,True,True,0.15,-5.089,UNKNOWN,0.999782,20,9V
NONCBL#ERR633101#1,False,True,True,True,0.248,-5.011,UNKNOWN,0.999639,20,19A
NONCBL#ERR913366#7,False,True,True,True,0.243,-4.882,UNKNOWN,0.999334,20,19A
NONCBL#SRR26818243#2,False,True,True,True,0.232,-5.124,UNKNOWN,0.999877,20,6B
NONCBL#ERR862468#15,False,True,True,True,0.281,-5.147,UNKNOWN,0.999882,20,19A
NONCBL#SRR26930737#1,False,True,True,True,0.396,-5.232,UNKNOWN,0.999887,20,12F
NONCBL#SRR26594217#2,False,True,True,True,0.216,-4.96,UNKNOWN,0.999695,20,12F
NONCBL#ERR1066368#4,False,True,True,True,0.195,-5.319,UNKNOWN,0.999992,35A_35C_42,12F
NONCBL#ERR1788113#1,False,True,True,True,0.149,-5.171,UNKNOWN,0.999863,20,25F
NONCBL#SRR26789639#13,False,True,True,True,0.101,-4.822,UNKNOWN,0.999367,20,9V
NONCBL#ERR600300#12,False,True,True,True,0.372,-5.066,UNKNOWN,0.999565,20,19A
NONCBL#ERR2089624#1,False,True,True,True,0.325,-5.308,UNKNOWN,0.999948,20,12F
NONCBL#SRR26931836#5,False,True,True,True,0.245,-5.154,UNKNOWN,0.999862,20,12F
NONCBL#ERR980301#24,False,True,True,True,0.134,-4.934,UNKNOWN,0.99943,20,6B
NONCBL#SRR26930617#17,False,True,True,True,0.21,-4.936,UNKNOWN,0.998852,20,12F
NONCBL#SRR26749451#3,False,True,True,True,0.129,-4.834,UNKNOWN,0.999007,20,12F
NONCBL#SRR26749920#29,False,True,True,True,0.474,-5.55,UNKNOWN,0.999971,20,12F
NONCBL#ERR862406#3,False,True,True,True,0.396,-5.475,UNKNOWN,0.999991,35A_35C_42,12F
NONCBL#ERR1066044#30,False,True,True,True,0.403,-5.116,UNKNOWN,0.999512,20,19A
NONCBL#ERR14653953#5,False,True,True,True,0.323,-5.001,UNKNOWN,0.999543,20,19A
NONCBL#ERR2089377#1,False,True,True,True,0.142,-5.464,UNKNOWN,0.999984,20,18F
NONCBL#ERR742833#14,False,True,True,True,0.168,-4.97,UNKNOWN,0.999717,20,19A
NONCBL#SRR26797054#5,False,True,True,True,0.114,-4.791,UNKNOWN,0.997432,20,25F
NONCBL#SRR26818335#8,False,True,True,True,0.26,-4.997,UNKNOWN,0.999512,20,19A
NONCBL#ERR2667106#2,False,True,True,True,0.248,-5.038,UNKNOWN,0.99932,20,8
NONCBL#SRR26879839#21,False,True,True,True,0.293,-5.006,UNKNOWN,0.999407,20,19A
NONCBL#ERR3899379#2,False,True,True,True,0.091,-4.805,UNKNOWN,0.995477,20,19A
NONCBL#ERR646541#3,False,True,True,True,0.146,-4.964,UNKNOWN,0.999519,20,25F
NONCBL#SRR26673472#1,False,True,True,True,0.455,-5.391,UNKNOWN,0.999967,20,19A
NONCBL#ERR742438#1,False,True,True,True,0.224,-4.936,UNKNOWN,0.9994,20,10A
NONCBL#SRR26673190#1,False,True,True,True,0.324,-5.128,UNKNOWN,0.999796,20,19A
NONCBL#ERR2090222#1,False,True,True,True,0.193,-5.815,UNKNOWN,0.999991,18,11B
NONCBL#ERR2091014#2,False,True,True,True,0.289,-5.209,UNKNOWN,0.999934,20,19A
NONCBL#ERR13365920#1,False,True,True,True,0.455,-5.616,UNKNOWN,0.999988,35A_35C_42,12F
NONCBL#SRR26910475#6,False,True,True,True,0.378,-5.049,UNKNOWN,0.999441,20,19A
NONCBL#ERR1453771#1,False,True,True,True,0.155,-4.779,UNKNOWN,0.999252,20,12F
NONCBL#SRR26595133#2,False,True,True,True,0.248,-5.015,UNKNOWN,0.999443,35A_35C_42,10A
NONCBL#ERR13365830#1,False,True,True,True,0.27,-5.311,UNKNOWN,0.99985,20,11A
NONCBL#SRR26749863#6,False,True,True,True,0.265,-5.036,UNKNOWN,0.999642,20,19A
NONCBL#ERR1065359#2,False,True,True,True,0.314,-5.023,UNKNOWN,0.999546,20,19A
NONCBL#ERR13365417#4,False,True,True,True,0.297,-5.119,UNKNOWN,0.999849,20,19A
NONCBL#ERR7567879#1,False,True,True,True,0.329,-5.613,UNKNOWN,0.999992,20,12F
NONCBL#ERR909066#23,False,True,True,True,0.187,-5.015,UNKNOWN,0.999517,35A_35C_42,25F
NONCBL#ERR3270830#4,False,True,True,True,0.308,-5.068,UNKNOWN,0.99976,20,19A
NONCBL#SRR26931885#11,False,True,True,True,0.331,-5.12,UNKNOWN,0.999788,20,12F
NONCBL#SRR26797444#6,False,True,True,True,0.279,-5.003,UNKNOWN,0.999424,20,12F
NONCBL#SRR26789561#5,False,True,True,True,0.387,-5.421,UNKNOWN,0.999964,20,12F
NONCBL#ERR425414#1,False,True,True,True,0.185,-5.014,UNKNOWN,0.999809,20,9V
NONCBL#ERR316743#17,False,True,True,True,0.244,-4.908,UNKNOWN,0.999064,20,19A
NONCBL#SRR26930278#13,False,True,True,True,0.763,-6.353,UNKNOWN,0.999985,20,14
NONCBL#ERR2090460#25,False,True,True,True,0.21,-4.96,UNKNOWN,0.999859,20,12F
NONCBL#SRR26818516#2,False,True,True,True,0.085,-4.948,UNKNOWN,0.999412,20,25F
NONCBL#SRR26910747#2,False,True,True,True,0.199,-4.943,UNKNOWN,0.999744,20,12F
NONCBL#SRR26797300#1,False,True,True,True,0.198,-5.126,UNKNOWN,0.999927,20,10A
NONCBL#ERR433852#5,False,True,True,True,0.127,-4.894,UNKNOWN,0.999324,35A_35C_42,25F
NONCBL#ERR433912#26,False,True,True,True,0.264,-5.015,UNKNOWN,0.99952,20,19A
NONCBL#SRR26911059#33,False,True,True,True,0.319,-5.008,UNKNOWN,0.999503,20,19A
NONCBL#ERR1066255#4,False,True,True,True,0.253,-4.909,UNKNOWN,0.999325,20,19A
NONCBL#ERR2090210#3,False,True,True,True,0.124,-5.036,UNKNOWN,0.999636,20,25F
NONCBL#SRR26672904#1,False,True,True,True,0.101,-4.86,UNKNOWN,0.998804,20,25F
NONCBL#ERR505800#3,False,True,True,True,0.09,-4.787,UNKNOWN,0.998598,20,6B
NONCBL#ERR1658079#1,False,True,True,True,0.192,-5.143,UNKNOWN,0.999932,20,12F
NONCBL#ERR730545#1,False,True,True,True,0.486,-5.329,UNKNOWN,0.999917,20,19A
NONCBL#SRR26910817#2,False,True,True,True,0.217,-5.105,UNKNOWN,0.999879,20,6B
NONCBL#SRR26797102#1,False,True,True,True,0.584,-5.748,UNKNOWN,0.999991,20,12F
NONCBL#ERR2090097#2,False,True,True,True,0.257,-5.101,UNKNOWN,0.999885,20,12F
NONCBL#ERR862457#5,False,True,True,True,0.233,-4.957,UNKNOWN,0.999754,20,12F
NONCBL#ERR568552#6,False,True,True,True,0.228,-5.345,UNKNOWN,0.999977,20,19A
NONCBL#SRR26883952#4,False,True,True,True,0.288,-5.247,UNKNOWN,0.999945,20,19A
NONCBL#SRR26714874#3,False,True,True,True,0.192,-5.123,UNKNOWN,0.99986,20,25F
NONCBL#ERR2090128#2,False,True,True,True,0.109,-4.867,UNKNOWN,0.999587,20,19A
NONCBL#ERR1192126#1,False,True,True,True,0.352,-5.193,UNKNOWN,0.999869,20,19A
NONCBL#ERR742805#5,False,True,True,True,0.207,-5.023,UNKNOWN,0.99947,20,19A
NONCBL#SRR26878343#21,False,True,True,True,0.302,-5.28,UNKNOWN,0.99994,20,12F
NONCBL#ERR714693#4,False,True,True,True,0.103,-4.864,UNKNOWN,0.999213,20,12F
NONCBL#SRR26749761#5,False,True,True,True,0.088,-4.993,UNKNOWN,0.999745,20,9N
NONCBL#SRR26673311#6,False,True,True,True,0.218,-4.989,UNKNOWN,0.998942,20,12F
NONCBL#ERR925032#2,False,True,True,True,0.359,-5.053,UNKNOWN,0.99946,20,19A
NONCBL#ERR870176#2,False,True,True,True,0.348,-5.109,UNKNOWN,0.999446,20,19A
NONCBL#SRR26880093#8,False,True,True,True,0.286,-5.092,UNKNOWN,0.999675,20,19A
NONCBL#SRR26750022#1,False,True,True,True,0.244,-4.954,UNKNOWN,0.999595,20,19A
NONCBL#ERR869943#2,False,True,True,True,0.31,-5.519,UNKNOWN,0.999984,20,12F
NONCBL#SRR26930751#13,False,True,True,True,0.125,-4.96,UNKNOWN,0.999542,20,19A
NONCBL#ERR2091114#16,False,True,True,True,0.272,-5.036,UNKNOWN,0.999896,20,10A
NONCBL#ERR2680724#3,False,True,True,True,0.224,-5.07,UNKNOWN,0.999865,20,12F
NONCBL#SRR26879673#24,False,True,True,True,0.401,-5.429,UNKNOWN,0.999975,20,12F
NONCBL#ERR2090923#3,False,True,True,True,0.243,-5.004,UNKNOWN,0.9996,20,19A
NONCBL#ERR884387#5,False,True,True,True,0.181,-5.049,UNKNOWN,0.999808,20,12F
NONCBL#ERR876727#1,False,True,True,True,0.399,-5.195,UNKNOWN,0.99977,20,12F
NONCBL#SRR26930665#1,False,True,True,True,0.325,-5.382,UNKNOWN,0.999973,20,12F
NONCBL#SRR26880022#5,False,True,True,True,0.157,-4.996,UNKNOWN,0.999767,20,9N
NONCBL#SRR26833846#1,False,True,True,True,0.643,-5.882,UNKNOWN,0.999988,20,19A
NONCBL#ERR4501343#2,False,True,True,True,0.239,-5.415,UNKNOWN,0.99998,20,19A
NONCBL#ERR1106795#3,False,True,True,True,0.114,-4.812,UNKNOWN,0.999358,20,6B
NONCBL#SRR26818180#5,False,True,True,True,0.109,-5.063,UNKNOWN,0.999607,20,25F
NONCBL#SRR26910752#22,False,True,True,True,0.141,-4.851,UNKNOWN,0.998933,20,12F
NONCBL#ERR2667381#1,False,True,True,True,0.211,-5.084,UNKNOWN,0.99971,20,12F
NONCBL#SRR26878560#9,False,True,True,True,0.353,-5.117,UNKNOWN,0.999793,20,12F
NONCBL#ERR1453763#6,False,True,True,True,0.178,-4.787,UNKNOWN,0.999211,20,12F
NONCBL#SRR26818401#6,False,True,True,True,0.23,-5.146,UNKNOWN,0.999931,20,19A
NONCBL#ERR7567748#1,False,True,True,True,0.276,-5.049,UNKNOWN,0.999845,20,19A
NONCBL#SRR26930803#12,False,True,True,True,0.242,-4.92,UNKNOWN,0.999699,20,12F
NONCBL#ERR3303335#1,False,True,True,True,0.421,-5.188,UNKNOWN,0.999802,20,19A
NONCBL#ERR3303221#2,False,True,True,True,0.207,-4.947,UNKNOWN,0.999578,20,12F
NONCBL#ERR2089674#2,False,True,True,True,0.295,-4.927,UNKNOWN,0.999172,20,19A
NONCBL#ERR1202372#17,False,True,True,True,0.201,-5.21,UNKNOWN,0.999969,20,6B
NONCBL#ERR13374893#3,False,True,True,True,0.263,-5.035,UNKNOWN,0.999646,20,19A
NONCBL#ERR13364905#4,False,True,True,True,0.134,-4.992,UNKNOWN,0.999767,35A_35C_42,12F
NONCBL#ERR773996#2,False,True,True,True,0.412,-5.465,UNKNOWN,0.999942,20,12F
NONCBL#SRR26594816#1,False,True,True,True,0.387,-5.361,UNKNOWN,0.999978,20,12F
NONCBL#SRR26878582#27,False,True,True,True,0.325,-5.244,UNKNOWN,0.999931,20,12F
NONCBL#ERR1453407#14,False,True,True,True,0.125,-4.81,UNKNOWN,0.999212,20,12F
NONCBL#ERR2091260#2,False,True,True,True,0.371,-5.206,UNKNOWN,0.999888,20,19A
NONCBL#SRR26833552#9,False,True,True,True,0.14,-5.044,UNKNOWN,0.999854,20,14
NONCBL#SRR26789603#1,False,True,True,True,0.121,-4.931,UNKNOWN,0.999646,35A_35C_42,25F
NONCBL#SRR26834242#1,False,True,True,True,0.14,-4.798,UNKNOWN,0.998185,20,12F
NONCBL#ERR909235#1,False,True,True,True,0.18,-5.531,UNKNOWN,0.999996,20,25F
NONCBL#SRR26797542#18,False,True,True,True,0.301,-5.048,UNKNOWN,0.999555,20,19A
NONCBL#ERR2667227#2,False,True,True,True,0.299,-5.179,UNKNOWN,0.999911,20,19A
NONCBL#ERR506022#67,False,True,True,True,0.273,-5.161,UNKNOWN,0.999936,20,14
NONCBL#ERR3796708#2,False,True,True,True,0.302,-5.178,UNKNOWN,0.999857,20,19A
NONCBL#ERR2667388#1,False,True,True,True,0.248,-4.989,UNKNOWN,0.999444,20,19A
NONCBL#ERR1065138#1,False,True,True,True,0.109,-4.967,UNKNOWN,0.999366,36,10A
NONCBL#ERR1066336#3,False,True,True,True,0.185,-4.898,UNKNOWN,0.998671,36,6B
NONCBL#ERR2090689#1,False,True,True,True,0.127,-4.923,UNKNOWN,0.998126,20,12F
NONCBL#SRR26673614#4,False,True,True,True,0.163,-4.769,UNKNOWN,0.9989,20,12F
NONCBL#SRR26880138#1,False,True,True,True,0.437,-5.262,UNKNOWN,0.999786,20,19A
NONCBL#ERR568540#2,False,True,True,True,0.475,-5.474,UNKNOWN,0.999926,20,12F
NONCBL#ERR433696#2,False,True,True,True,0.205,-5.144,UNKNOWN,0.999929,20,12F
NONCBL#ERR774610#2,False,True,True,True,0.088,-4.901,UNKNOWN,0.998357,20,18F
NONCBL#ERR714711#6,False,True,True,True,0.116,-4.79,UNKNOWN,0.99673,20,25F
NONCBL#ERR714557#14,False,True,True,True,0.314,-5.215,UNKNOWN,0.999937,20,19A
NONCBL#ERR13365095#28,False,True,True,True,0.085,-4.761,UNKNOWN,0.997902,20,6B
NONCBL#SRR26910642#26,False,True,True,True,0.141,-4.843,UNKNOWN,0.998867,20,12F
NONCBL#ERR913211#3,False,True,True,True,0.193,-4.949,UNKNOWN,0.999664,20,12F
NONCBL#ERR997474#30,False,True,True,True,0.14,-4.935,UNKNOWN,0.999443,35A_35C_42,25F
NONCBL#SRR26910489#45,False,True,True,True,0.114,-5.098,UNKNOWN,0.999608,20,25F
NONCBL#ERR751109#5,False,True,True,True,0.207,-5.351,UNKNOWN,0.999987,20,12F
NONCBL#ERR2089804#6,False,True,True,True,0.131,-4.809,UNKNOWN,0.998505,20,12F
NONCBL#ERR2089071#2,False,True,True,True,0.199,-4.949,UNKNOWN,0.999732,20,6B
NONCBL#SRR26910325#3,True,True,True,True,0.293,-5.786,UNKNOWN,0.999996,20,23B
NONCBL#ERR2667556#14,False,True,True,True,0.203,-5.123,UNKNOWN,0.999661,20,7C
NONCBL#ERR501598#6,False,True,True,True,0.327,-4.986,UNKNOWN,0.999373,20,19A
NONCBL#ERR568592#19,False,True,True,True,0.376,-5.309,UNKNOWN,0.999917,20,19A
NONCBL#ERR13364908#3,False,True,True,True,0.236,-5.006,UNKNOWN,0.999774,20,12F
NONCBL#SRR26749525#7,False,True,True,True,0.264,-5.036,UNKNOWN,0.999645,20,19A
NONCBL#ERR1422510#21,False,True,True,True,0.094,-4.772,UNKNOWN,0.998241,20,6B
NONCBL#ERR13365609#2,False,True,True,True,0.335,-5.206,UNKNOWN,0.999956,20,19A
NONCBL#SRR26797719#24,False,True,True,True,0.323,-4.982,UNKNOWN,0.999338,20,19A
NONCBL#ERR1192134#7,False,True,True,True,0.065,-4.935,UNKNOWN,0.998858,20,10A
NONCBL#SRR26910490#1,False,True,True,True,0.259,-5.144,UNKNOWN,0.999891,20,6B
NONCBL#SRR26910604#12,False,True,True,True,0.142,-5.004,UNKNOWN,0.9998,20,14
NONCBL#ERR1065543#11,False,True,True,True,0.238,-5.616,UNKNOWN,0.999995,20,25F
NONCBL#ERR730456#1,False,True,True,True,0.484,-5.394,UNKNOWN,0.999965,20,19A
NONCBL#SRR26879858#18,False,True,True,True,0.673,-5.995,UNKNOWN,0.999985,20,14
NONCBL#ERR449129#33,False,True,True,True,0.209,-4.948,UNKNOWN,0.999489,20,19A
NONCBL#ERR449262#28,False,True,True,True,0.229,-5.409,UNKNOWN,0.999996,35A_35C_42,6B
NONCBL#ERR596424#17,False,True,True,True,0.303,-5.553,UNKNOWN,0.999996,6,19B
NONCBL#SRR26818214#8,False,True,True,True,0.26,-4.997,UNKNOWN,0.999512,20,19A
NONCBL#ERR505907#43,False,True,True,True,0.164,-4.88,UNKNOWN,0.998422,20,25F
NONCBL#ERR870180#3,False,True,True,True,0.282,-5.1,UNKNOWN,0.999866,20,19A
NONCBL#SRR26879945#2,False,True,True,True,0.143,-4.852,UNKNOWN,0.999521,20,6A
NONCBL#SRR26818247#2,False,True,True,True,0.286,-5.219,UNKNOWN,0.999888,20,8
NONCBL#SRR26910946#8,False,True,True,True,0.26,-4.997,UNKNOWN,0.999512,20,19A
NONCBL#SRR26879527#37,False,True,True,True,0.334,-5.382,UNKNOWN,0.999984,20,12F
NONCBL#SRR26879833#6,False,True,True,True,0.234,-4.989,UNKNOWN,0.999491,20,19A
NONCBL#ERR340825#28,False,True,True,True,0.369,-5.088,UNKNOWN,0.999528,20,19A
NONCBL#SRR26834184#2,False,True,True,True,0.262,-5.037,UNKNOWN,0.99976,20,12F
NONCBL#ERR774594#1,False,True,True,True,0.119,-4.899,UNKNOWN,0.99951,20,12F
NONCBL#ERR925236#15,False,True,True,True,0.163,-4.913,UNKNOWN,0.999418,20,12F
NONCBL#ERR600397#5,False,True,True,True,0.425,-5.157,UNKNOWN,0.999565,20,19A
NONCBL#SRR26594707#2,False,True,True,True,0.115,-4.855,UNKNOWN,0.99812,20,25F
NONCBL#SRR26878545#14,False,True,True,True,0.097,-4.924,UNKNOWN,0.999229,20,9L
NONCBL#ERR2667279#5,False,True,True,True,0.142,-4.914,UNKNOWN,0.999619,20,12F
NONCBL#ERR13364587#4,False,True,True,True,0.212,-5.131,UNKNOWN,0.999923,20,12F
NONCBL#ERR884344#1,False,True,True,True,0.413,-5.256,UNKNOWN,0.999937,20,19A
NONCBL#ERR3303391#1,False,True,True,True,0.334,-5.02,UNKNOWN,0.999439,20,19A
NONCBL#ERR1066232#2,False,True,True,True,0.308,-5.04,UNKNOWN,0.999683,20,19A
NONCBL#ERR774129#6,False,True,True,True,0.089,-4.905,UNKNOWN,0.999141,20,21
NONCBL#ERR2681296#1,False,True,True,True,0.131,-5.046,UNKNOWN,0.999797,20,33F
NONCBL#ERR1658229#6,False,True,True,True,0.12,-4.851,UNKNOWN,0.999349,20,12F
NONCBL#ERR13365802#1,False,True,True,True,0.233,-5.989,UNKNOWN,0.999997,20,11E
NONCBL#ERR13374930#6,False,True,True,True,0.188,-5.034,UNKNOWN,0.999648,20,9V
NONCBL#SRR26714128#4,False,True,True,True,0.658,-5.912,UNKNOWN,0.999957,20,12F
NONCBL#ERR5104420#1,False,True,True,True,0.383,-5.475,UNKNOWN,0.999976,20,9V
NONCBL#ERR4289101#1,False,True,True,True,0.199,-4.91,UNKNOWN,0.999761,20,19A
NONCBL#SRR26594605#4,False,True,True,True,0.154,-4.902,UNKNOWN,0.99942,20,12F
NONCBL#ERR600369#23,False,True,True,True,0.112,-5.187,UNKNOWN,0.99993,20,7F
NONCBL#ERR3796783#1,False,True,True,True,0.105,-4.836,UNKNOWN,0.996971,20,25F
NONCBL#ERR2090815#15,False,True,True,True,0.169,-4.89,UNKNOWN,0.999301,35A_35C_42,10A
NONCBL#ERR13374933#1,False,True,True,True,0.454,-5.463,UNKNOWN,0.999953,20,12F
NONCBL#SRR26594713#5,False,True,True,True,0.349,-5.21,UNKNOWN,0.999868,20,19A
NONCBL#ERR1065328#1,False,True,True,True,0.311,-5.134,UNKNOWN,0.99986,20,12F
NONCBL#ERR884376#1,False,True,True,True,0.256,-5.029,UNKNOWN,0.9995,20,19A
NONCBL#ERR505676#1,False,True,True,True,0.088,-4.789,UNKNOWN,0.998146,20,12F
NONCBL#SRR26877992#4,False,True,True,True,0.169,-4.893,UNKNOWN,0.999422,20,12F
NONCBL#SRR26714483#1,False,True,True,True,0.318,-5.015,UNKNOWN,0.999452,20,19A
NONCBL#SRR26818481#1,False,True,True,True,0.111,-4.995,UNKNOWN,0.999739,20,19A
NONCBL#ERR13366024#7,False,True,True,True,0.231,-4.983,UNKNOWN,0.99978,20,6B
NONCBL#SRR26797693#10,False,True,True,True,0.416,-5.37,UNKNOWN,0.999947,20,19A
NONCBL#ERR1453708#6,False,True,True,True,0.193,-5.292,UNKNOWN,0.999973,20,19A
NONCBL#ERR13365917#1,False,True,True,True,0.221,-5.285,UNKNOWN,0.999968,20,19A
NONCBL#ERR1214596#1,False,True,True,True,0.361,-5.242,UNKNOWN,0.999926,20,14
NONCBL#ERR870220#13,False,True,True,True,0.349,-5.227,UNKNOWN,0.999916,20,19A
NONCBL#SRR26594841#1,False,True,True,True,0.094,-4.814,UNKNOWN,0.998231,20,25F
NONCBL#SRR26797843#1,False,True,True,True,0.119,-4.881,UNKNOWN,0.999157,20,12F
NONCBL#ERR596379#29,False,True,True,True,0.239,-4.957,UNKNOWN,0.999432,20,19A
NONCBL#ERR750789#19,False,True,True,True,0.203,-5.222,UNKNOWN,0.999981,35A_35C_42,6B
NONCBL#SRR26910886#15,False,True,True,True,0.112,-4.961,UNKNOWN,0.999455,20,25F
NONCBL#SRR26910297#3,False,True,True,True,0.158,-5.703,UNKNOWN,0.999996,35A_35C_42,7F
NONCBL#ERR505526#6,False,True,True,True,0.288,-5.031,UNKNOWN,0.999574,20,19A
NONCBL#ERR1202240#4,False,True,True,True,0.231,-5.259,UNKNOWN,0.999952,20,9V
NONCBL#SRR26834331#1,False,True,True,True,0.327,-4.953,UNKNOWN,0.999287,20,19A
NONCBL#ERR568481#4,False,True,True,True,0.209,-4.952,UNKNOWN,0.999822,20,6B
NONCBL#ERR13364994#1,False,True,True,True,0.142,-4.991,UNKNOWN,0.999827,35A_35C_42,6B
NONCBL#ERR501574#4,False,True,True,True,0.183,-4.978,UNKNOWN,0.999659,36,6B
NONCBL#SRR26817958#3,False,True,True,True,0.102,-4.988,UNKNOWN,0.999495,20,25F
NONCBL#SRR26884296#6,False,True,True,True,0.202,-4.941,UNKNOWN,0.999554,35A_35C_42,10A
NONCBL#SRR26789750#22,False,True,True,True,0.315,-5.12,UNKNOWN,0.999773,20,19A
NONCBL#ERR1430824#7,False,True,True,True,0.188,-4.944,UNKNOWN,0.999599,20,12F
NONCBL#ERR1430956#1,False,True,True,True,0.363,-5.389,UNKNOWN,0.99997,36,4
NONCBL#ERR13364817#2,False,True,True,True,0.193,-5.305,UNKNOWN,0.999954,20,19A
NONCBL#SRR26879468#1,False,True,True,True,0.265,-5.036,UNKNOWN,0.999642,20,19A
NONCBL#SRR26749422#2,False,True,True,True,0.434,-5.527,UNKNOWN,0.999949,20,8
NONCBL#ERR913087#1,False,True,True,True,0.442,-5.266,UNKNOWN,0.999878,20,9N
NONCBL#ERR1788142#5,False,True,True,True,0.103,-4.789,UNKNOWN,0.999151,20,19A
NONCBL#SRR26931334#12,False,True,True,True,0.604,-5.634,UNKNOWN,0.999932,20,12F
NONCBL#ERR568649#2,False,True,True,True,0.203,-4.935,UNKNOWN,0.999589,20,12F
NONCBL#SRR26931695#4,False,True,True,True,0.11,-4.956,UNKNOWN,0.998728,20,25F
NONCBL#ERR2667123#1,False,True,True,True,0.314,-5.405,UNKNOWN,0.999982,20,12F
NONCBL#ERR1202392#13,False,True,True,True,0.226,-4.904,UNKNOWN,0.999674,20,6A
NONCBL#ERR2681282#2,False,True,True,True,0.124,-4.866,UNKNOWN,0.999347,20,12F
NONCBL#ERR434004#56,False,True,True,True,0.178,-4.854,UNKNOWN,0.997737,20,25F
NONCBL#SRR26910723#13,False,True,True,True,0.108,-4.821,UNKNOWN,0.997882,20,25F
NONCBL#ERR2090128#1,False,True,True,True,0.142,-4.883,UNKNOWN,0.999596,20,12F
NONCBL#ERR714552#3,False,True,True,True,0.339,-5.32,UNKNOWN,0.999957,20,19A
NONCBL#ERR1066238#14,False,True,True,True,0.15,-5.055,UNKNOWN,0.9998,35A_35C_42,14
NONCBL#ERR13365181#1,False,True,True,True,0.389,-5.28,UNKNOWN,0.999915,20,19A
NONCBL#SRR26673461#3,False,True,True,True,0.257,-5.067,UNKNOWN,0.999784,20,19A
NONCBL#ERR1106799#1,False,True,True,True,0.393,-5.598,UNKNOWN,0.999981,20,12F
NONCBL#ERR2090711#21,False,True,True,True,0.237,-5.317,UNKNOWN,0.999969,20,8
NONCBL#SRR26673293#5,False,True,True,True,0.153,-4.999,UNKNOWN,0.999765,20,12F
NONCBL#ERR2090926#3,False,True,True,True,0.313,-5.015,UNKNOWN,0.999614,20,19A
NONCBL#SRR26714799#32,False,True,True,True,0.313,-5.113,UNKNOWN,0.999765,20,19A
NONCBL#ERR774689#28,False,True,True,True,0.313,-5.277,UNKNOWN,0.999972,35A_35C_42,12F
NONCBL#SRR26797362#8,False,True,True,True,0.094,-4.79,UNKNOWN,0.999085,20,12F
NONCBL#ERR730443#11,False,True,True,True,0.318,-5.083,UNKNOWN,0.999769,20,19A
NONCBL#ERR714598#22,False,True,True,True,0.211,-4.937,UNKNOWN,0.99979,20,6B
NONCBL#ERR870239#38,False,True,True,True,0.259,-4.907,UNKNOWN,0.999307,20,19A
NONCBL#ERR505673#1,False,True,True,True,0.139,-4.83,UNKNOWN,0.999262,20,6A
NONCBL#ERR1430864#3,False,True,True,True,0.374,-5.285,UNKNOWN,0.999957,20,12F
NONCBL#SRR26749391#11,False,True,True,True,0.141,-4.936,UNKNOWN,0.998944,20,25F
NONCBL#ERR505905#1,False,True,True,True,0.115,-5.036,UNKNOWN,0.999634,20,25F
NONCBL#ERR1066256#17,False,True,True,True,0.242,-5.195,UNKNOWN,0.999982,35A_35C_42,6B
NONCBL#ERR5104407#1,False,True,True,True,0.141,-5.076,UNKNOWN,0.999923,35A_35C_42,6B
NONCBL#SRR26673189#31,False,True,True,True,0.127,-4.933,UNKNOWN,0.99974,20,12F
NONCBL#SRR26594534#2,False,True,True,True,0.149,-5.046,UNKNOWN,0.999822,35A_35C_42,20B
NONCBL#SRR26797898#2,False,True,True,True,0.222,-4.992,UNKNOWN,0.99972,20,19A
NONCBL#ERR2680997#28,False,True,True,True,0.124,-4.926,UNKNOWN,0.999343,20,19A
NONCBL#ERR505922#1,False,True,True,True,0.112,-4.938,UNKNOWN,0.998125,20,25F
NONCBL#ERR1453783#2,False,True,True,True,0.187,-4.931,UNKNOWN,0.999866,20,14
NONCBL#SRR26790053#4,False,True,True,True,0.29,-5.152,UNKNOWN,0.9999,20,19A
NONCBL#SRR26594580#41,False,True,True,True,0.262,-4.948,UNKNOWN,0.99927,20,19A
NONCBL#ERR742739#10,False,True,True,True,0.326,-5.116,UNKNOWN,0.999792,20,19A
NONCBL#ERR774724#2,False,True,True,True,0.145,-5.01,UNKNOWN,0.999867,20,37
NONCBL#SRR26833535#5,False,True,True,True,0.298,-5.089,UNKNOWN,0.999711,20,19A
NONCBL#ERR570434#8,False,True,True,True,0.112,-5.016,UNKNOWN,0.999548,20,25F
NONCBL#ERR438962#22,False,True,True,True,0.193,-5.234,UNKNOWN,0.999983,20,19A
NONCBL#ERR1192089#6,False,True,True,True,0.348,-5.047,UNKNOWN,0.999446,20,19A
NONCBL#ERR2091285#1,False,True,True,True,0.137,-5.004,UNKNOWN,0.999796,20,10A
NONCBL#ERR1065335#3,False,True,True,True,0.157,-4.942,UNKNOWN,0.999686,20,10A
NONCBL#ERR3796863#9,False,True,True,True,0.151,-4.905,UNKNOWN,0.999512,35A_35C_42,6B
NONCBL#ERR13375062#1,False,True,True,True,0.177,-5.068,UNKNOWN,0.999915,20,25F
NONCBL#SRR26833545#5,False,True,True,True,0.19,-4.953,UNKNOWN,0.999475,20,19A
NONCBL#ERR2090296#2,False,True,True,True,0.564,-5.755,UNKNOWN,0.999983,20,12F
NONCBL#SRR26749666#6,False,True,True,True,0.096,-4.821,UNKNOWN,0.999015,20,25F
NONCBL#ERR8481857#2,False,True,True,True,0.648,-5.804,UNKNOWN,0.999916,20,12F
NONCBL#ERR13366203#8,False,True,True,True,0.161,-4.861,UNKNOWN,0.999424,20,12F
NONCBL#ERR326728#1,False,True,True,True,0.402,-5.211,UNKNOWN,0.999742,20,12F
NONCBL#SRR26818482#2,False,True,True,True,0.321,-5.369,UNKNOWN,0.999966,20,12F
NONCBL#SRR26817977#14,False,True,True,True,0.097,-4.883,UNKNOWN,0.999159,20,9L
NONCBL#SRR26673486#2,False,True,True,True,0.315,-5.12,UNKNOWN,0.999773,20,19A
NONCBL#ERR1453368#2,False,True,True,True,0.317,-5.614,UNKNOWN,0.999995,20,12F
NONCBL#ERR714609#1,False,True,True,True,0.541,-5.662,UNKNOWN,0.999987,20,12F
NONCBL#ERR3796574#2,False,True,True,True,0.166,-5.183,UNKNOWN,0.999899,20,12F
NONCBL#SRR26879670#1,False,True,True,True,0.163,-4.902,UNKNOWN,0.999619,20,12F
NONCBL#ERR1422620#2,False,True,True,True,0.119,-4.996,UNKNOWN,0.999473,20,12F
NONCBL#ERR913476#12,False,True,True,True,0.099,-4.923,UNKNOWN,0.999318,20,9L
NONCBL#SRR26879914#12,False,True,True,True,0.08,-4.908,UNKNOWN,0.999025,20,12F
NONCBL#ERR14653946#2,False,True,True,True,0.112,-4.955,UNKNOWN,0.999658,20,37
NONCBL#ERR13364685#16,False,True,True,True,0.207,-4.936,UNKNOWN,0.999365,35A_35C_42,10A
NONCBL#SRR26930457#4,False,True,True,True,0.088,-4.933,UNKNOWN,0.99888,20,25F
NONCBL#ERR2681194#1,False,True,True,True,0.189,-4.976,UNKNOWN,0.99971,20,12F
NONCBL#SRR26910429#1,False,True,True,True,0.599,-5.691,UNKNOWN,0.999974,20,19A
NONCBL#SRR26797544#7,False,True,True,True,0.249,-5.011,UNKNOWN,0.999635,20,19A
NONCBL#ERR2089585#2,False,True,True,True,0.355,-5.258,UNKNOWN,0.999956,20,12F
NONCBL#SRR26797163#1,False,True,True,True,0.076,-4.758,UNKNOWN,0.997608,20,19A
NONCBL#SRR26930262#5,False,True,True,True,0.143,-4.987,UNKNOWN,0.999867,20,12F
NONCBL#SRR26833645#5,False,True,True,True,0.136,-4.817,UNKNOWN,0.998503,20,12F
NONCBL#SRR26930838#11,False,True,True,True,0.275,-5.117,UNKNOWN,0.999838,20,12F
NONCBL#ERR3303348#2,False,True,True,True,0.119,-5.104,UNKNOWN,0.999833,20,12F
NONCBL#SRR26910534#1,False,True,True,True,0.237,-5.018,UNKNOWN,0.99975,20,10A
NONCBL#ERR2089536#3,False,True,True,True,0.16,-4.897,UNKNOWN,0.999836,20,6B
NONCBL#ERR1066218#1,False,True,True,True,0.121,-5.09,UNKNOWN,0.999934,35A_35C_42,6B
NONCBL#SRR26750074#16,False,True,True,True,0.105,-4.831,UNKNOWN,0.99898,20,12F
NONCBL#ERR1214397#1,False,True,True,True,0.164,-5.394,UNKNOWN,0.999845,20,9V
NONCBL#ERR730812#2,False,True,True,True,0.322,-4.997,UNKNOWN,0.999357,20,19A
NONCBL#ERR8481614#1,False,True,True,True,0.327,-5.536,UNKNOWN,0.999977,20,19A
NONCBL#ERR2090817#3,False,True,True,True,0.233,-5.233,UNKNOWN,0.999966,20,19B
NONCBL#ERR7567843#7,False,True,True,True,0.331,-5.118,UNKNOWN,0.999717,20,19A
NONCBL#ERR925386#3,False,True,True,True,0.158,-4.791,UNKNOWN,0.998848,20,12F
NONCBL#SRR26930317#9,False,True,True,True,0.276,-5.073,UNKNOWN,0.999722,20,19A
NONCBL#SRR26797653#1,False,True,True,True,0.349,-5.206,UNKNOWN,0.999884,20,19A
NONCBL#ERR13364462#1,False,True,True,True,0.137,-5.372,UNKNOWN,0.999939,20,11B
NONCBL#ERR1214435#18,False,True,True,True,0.378,-5.313,UNKNOWN,0.999935,20,19A
NONCBL#ERR2090615#14,False,True,True,True,0.311,-5.363,UNKNOWN,0.999989,35A_35C_42,12F
NONCBL#ERR568664#2,False,True,True,True,0.101,-4.958,UNKNOWN,0.999683,20,10A
NONCBL#ERR2089736#33,False,True,True,True,0.095,-4.979,UNKNOWN,0.999368,20,10A
NONCBL#ERR14654057#3,False,True,True,True,0.3,-4.975,UNKNOWN,0.999533,20,19A
NONCBL#ERR2681016#2,False,True,True,True,0.311,-5.065,UNKNOWN,0.999766,20,12F
NONCBL#ERR1453770#9,False,True,True,True,0.257,-4.943,UNKNOWN,0.999484,20,19A
NONCBL#SRR26880323#17,False,True,True,True,0.169,-5.189,UNKNOWN,0.999887,20,25F
NONCBL#ERR316781#1,False,True,True,True,0.19,-5.061,UNKNOWN,0.999863,20,12F
NONCBL#ERR1066125#117,False,True,True,True,0.183,-4.857,UNKNOWN,0.998008,20,25F
NONCBL#SRR26910514#7,False,True,True,True,0.14,-4.891,UNKNOWN,0.999155,20,12F
NONCBL#SRR26818150#1,False,True,True,True,0.202,-5.146,UNKNOWN,0.999938,20,10A
NONCBL#ERR633017#4,False,True,True,True,0.176,-5.231,UNKNOWN,0.999963,20,10A
NONCBL#ERR2090067#2,False,True,True,True,0.417,-5.375,UNKNOWN,0.999947,20,12F
NONCBL#ERR2681268#1,False,True,True,True,0.156,-4.766,UNKNOWN,0.998697,20,12F
NONCBL#ERR774511#5,False,True,True,True,0.241,-5.04,UNKNOWN,0.999853,20,10A
NONCBL#ERR1288815#4,False,True,True,True,0.212,-4.88,UNKNOWN,0.999639,20,12F
NONCBL#ERR774209#18,False,True,True,True,0.37,-5.094,UNKNOWN,0.999548,20,19A
NONCBL#ERR2090870#20,False,True,True,True,0.167,-4.846,UNKNOWN,0.999312,20,6A
NONCBL#ERR1202102#23,False,True,True,True,0.248,-5.137,UNKNOWN,0.999961,20,12F
NONCBL#SRR26878222#1,False,True,True,True,0.382,-5.207,UNKNOWN,0.999723,20,12F
NONCBL#ERR2090049#1,False,True,True,True,0.357,-5.132,UNKNOWN,0.999883,20,19A
NONCBL#SRR26594822#15,False,True,True,True,0.084,-4.827,UNKNOWN,0.998845,20,9N
NONCBL#SRR26750137#1,False,True,True,True,0.156,-4.895,UNKNOWN,0.999434,35A_35C_42,6B
NONCBL#SRR26673318#7,False,True,True,True,0.233,-5.229,UNKNOWN,0.999955,20,19A
NONCBL#SRR26930805#1,False,True,True,True,0.175,-4.956,UNKNOWN,0.999823,35A_35C_42,12F
NONCBL#ERR646570#2,False,True,True,True,0.353,-5.557,UNKNOWN,0.99998,20,12F
NONCBL#ERR1065305#1,False,True,True,True,0.125,-4.839,UNKNOWN,0.999152,20,12F
NONCBL#SRR26884693#7,False,True,True,True,0.099,-4.784,UNKNOWN,0.998682,20,12F
NONCBL#ERR980049#3,False,True,True,True,0.291,-5.254,UNKNOWN,0.999951,20,19A
NONCBL#ERR13374928#1,False,True,True,True,0.199,-5.04,UNKNOWN,0.999629,20,19A
NONCBL#ERR870177#2,False,True,True,True,0.124,-5.085,UNKNOWN,0.999896,20,14
NONCBL#ERR774487#2,False,True,True,True,0.304,-4.988,UNKNOWN,0.999448,20,19A
NONCBL#ERR2090540#23,False,True,True,True,0.157,-5.224,UNKNOWN,0.999965,20,15B
NONCBL#ERR730178#1,False,True,True,True,0.494,-5.938,UNKNOWN,0.999989,20,12F
NONCBL#ERR1065163#11,False,True,True,True,0.155,-4.934,UNKNOWN,0.999395,35A_35C_42,12F
NONCBL#ERR1764050#1,False,True,True,True,0.27,-4.983,UNKNOWN,0.999523,20,10A
NONCBL#ERR1214486#8,False,True,True,True,0.306,-5.207,UNKNOWN,0.999911,20,19A
NONCBL#ERR13365698#1,False,True,True,True,0.156,-4.897,UNKNOWN,0.9994,20,12F
NONCBL#ERR13375065#39,False,True,True,True,0.603,-5.815,UNKNOWN,0.999973,20,12F
NONCBL#ERR714611#6,False,True,True,True,0.169,-5.031,UNKNOWN,0.999681,20,12F
NONCBL#SRR26930394#5,False,True,True,True,0.166,-4.914,UNKNOWN,0.999732,20,12F
NONCBL#SRR26790027#1,False,True,True,True,0.125,-4.925,UNKNOWN,0.999766,20,6B
NONCBL#SRR26879953#2,False,True,True,True,0.285,-5.26,UNKNOWN,0.999939,20,12F
NONCBL#ERR751007#1,False,True,True,True,0.62,-6.022,UNKNOWN,0.999989,20,14
NONCBL#ERR600565#1,False,True,True,True,0.184,-4.84,UNKNOWN,0.99875,20,12F
NONCBL#ERR742539#27,False,True,True,True,0.321,-5.169,UNKNOWN,0.999873,20,19A
NONCBL#ERR2089397#28,False,True,True,True,0.129,-4.889,UNKNOWN,0.999394,20,12F
NONCBL#SRR26714641#16,False,True,True,True,0.19,-5.237,UNKNOWN,0.999955,20,19A
NONCBL#ERR1202175#1,False,True,True,True,0.223,-5.088,UNKNOWN,0.99976,20,33F
NONCBL#SRR26817843#2,False,True,True,True,0.247,-4.894,UNKNOWN,0.999253,35A_35C_42,6B
NONCBL#ERR331462#37,False,True,True,True,0.125,-4.969,UNKNOWN,0.999625,36,10A
NONCBL#ERR2090515#5,False,True,True,True,0.199,-4.812,UNKNOWN,0.999274,20,12F
NONCBL#ERR884601#39,False,True,True,True,0.245,-5.363,UNKNOWN,0.99999,20,6B
NONCBL#SRR26879517#2,False,True,True,True,0.322,-5.723,UNKNOWN,0.999964,20,31
NONCBL#SRR26818631#3,False,True,True,True,0.342,-4.994,UNKNOWN,0.999307,20,19A
NONCBL#ERR7567869#10,False,True,True,True,0.357,-5.264,UNKNOWN,0.999907,20,12F
NONCBL#SRR26673631#13,False,True,True,True,0.083,-4.861,UNKNOWN,0.99867,20,23F
NONCBL#ERR2089658#23,False,True,True,True,0.282,-5.289,UNKNOWN,0.999973,20,6B
NONCBL#SRR26790038#1,False,True,True,True,0.223,-4.995,UNKNOWN,0.99973,20,12F
NONCBL#SRR26714425#1,False,True,True,True,0.402,-5.243,UNKNOWN,0.999897,20,12F
NONCBL#ERR862440#5,False,True,True,True,0.281,-5.042,UNKNOWN,0.999742,20,19A
NONCBL#ERR1065399#14,False,True,True,True,0.173,-4.932,UNKNOWN,0.999649,35A_35C_42,10A
NONCBL#ERR2680697#2,False,True,True,True,0.171,-5.323,UNKNOWN,0.99998,20,48
NONCBL#ERR730344#1,False,True,True,True,0.378,-5.157,UNKNOWN,0.999686,20,19A
NONCBL#ERR750921#24,False,True,True,True,0.106,-4.823,UNKNOWN,0.998608,20,12F
NONCBL#ERR600316#2,False,True,True,True,0.263,-5.003,UNKNOWN,0.9995,20,19A
NONCBL#SRR26594920#2,False,True,True,True,0.312,-5.101,UNKNOWN,0.999879,20,19A
NONCBL#ERR2853677#10,False,True,True,True,0.258,-4.96,UNKNOWN,0.998938,20,10A
NONCBL#ERR1214581#1,False,True,True,True,0.242,-5.685,UNKNOWN,0.999997,20,48
NONCBL#SRR26930251#8,False,True,True,True,0.089,-4.732,UNKNOWN,0.997774,20,6B
NONCBL#SRR26910640#7,False,True,True,True,0.157,-4.921,UNKNOWN,0.999383,20,12F
NONCBL#ERR13365863#3,False,True,True,True,0.198,-4.946,UNKNOWN,0.999735,20,12F
NONCBL#ERR900653#17,False,True,True,True,0.219,-5.193,UNKNOWN,0.999937,20,19A
NONCBL#ERR2089242#4,False,True,True,True,0.429,-5.138,UNKNOWN,0.999456,20,19A
NONCBL#ERR331423#9,False,True,True,True,0.274,-5.051,UNKNOWN,0.999728,20,19A
NONCBL#ERR13365887#1,False,True,True,True,0.262,-5.05,UNKNOWN,0.999786,20,12F
NONCBL#ERR13364437#6,False,True,True,True,0.107,-4.822,UNKNOWN,0.999416,20,6B
NONCBL#ERR884559#4,False,True,True,True,0.189,-5.122,UNKNOWN,0.999932,20,8
NONCBL#ERR925101#5,False,True,True,True,0.14,-4.916,UNKNOWN,0.999459,35A_35C_42,25F
NONCBL#SRR26931782#5,False,True,True,True,0.33,-5.117,UNKNOWN,0.999719,20,19A
NONCBL#ERR2681215#19,False,True,True,True,0.205,-5.128,UNKNOWN,0.999855,20,19A
NONCBL#ERR3796604#1,False,True,True,True,0.175,-5.119,UNKNOWN,0.999902,20,25F
NONCBL#SRR26714140#1,False,True,True,True,0.231,-5.279,UNKNOWN,0.999987,20,23B
NONCBL#ERR2091135#5,False,True,True,True,0.309,-5.085,UNKNOWN,0.999781,20,19A
NONCBL#SRR26878335#1,False,True,True,True,0.112,-4.784,UNKNOWN,0.998616,20,19A
NONCBL#SRR26930467#6,False,True,True,True,0.321,-4.958,UNKNOWN,0.999368,20,19A
NONCBL#SRR26789736#14,False,True,True,True,0.165,-5.11,UNKNOWN,0.999888,20,8
NONCBL#ERR3669275#2,False,True,True,True,0.261,-5.011,UNKNOWN,0.999536,20,19A
NONCBL#SRR26878354#3,False,True,True,True,0.076,-4.758,UNKNOWN,0.997608,20,19A
NONCBL#ERR997637#14,False,True,True,True,0.215,-5.044,UNKNOWN,0.999799,20,18F
NONCBL#ERR2667907#22,False,True,True,True,0.232,-5.734,UNKNOWN,0.999998,20,22F
NONCBL#SRR26673745#5,False,True,True,True,0.246,-5.007,UNKNOWN,0.999622,20,19A
NONCBL#ERR662412#14,False,True,True,True,0.402,-5.304,UNKNOWN,0.99989,20,14
NONCBL#ERR3831135#5,False,True,True,True,0.289,-4.949,UNKNOWN,0.999365,20,19A
NONCBL#ERR1430922#1,False,True,True,True,0.506,-5.869,UNKNOWN,0.999995,20,12F
NONCBL#ERR13364644#5,False,True,True,True,0.354,-5.35,UNKNOWN,0.99996,20,19A
NONCBL#ERR1795482#7,False,True,True,True,0.294,-5.46,UNKNOWN,0.999973,20,19A
NONCBL#SRR26714608#19,False,True,True,True,0.316,-5.06,UNKNOWN,0.999724,20,19A
NONCBL#ERR884479#3,False,True,True,True,0.173,-5.014,UNKNOWN,0.999799,20,12F
NONCBL#SRR26931774#4,False,True,True,True,0.757,-6.021,UNKNOWN,0.999857,20,12F
NONCBL#SRR26714678#52,False,True,True,True,0.123,-5.127,UNKNOWN,0.999664,20,25F
NONCBL#SRR26789553#14,False,True,True,True,0.103,-4.906,UNKNOWN,0.998963,20,25F
NONCBL#SRR26884161#1,False,True,True,True,0.617,-5.88,UNKNOWN,0.999989,20,12F
NONCBL#ERR913262#4,False,True,True,True,0.1,-5.083,UNKNOWN,0.999765,20,25F
NONCBL#SRR26789818#6,False,True,True,True,0.246,-5.018,UNKNOWN,0.999489,20,12F
NONCBL#ERR7567888#1,False,True,True,True,0.231,-5.285,UNKNOWN,0.999984,35A_35C_42,12F
NONCBL#ERR909028#1,False,True,True,True,0.224,-5.094,UNKNOWN,0.999909,20,6A
NONCBL#ERR516636#1,False,True,True,True,0.354,-5.298,UNKNOWN,0.999914,20,19A
NONCBL#SRR26878637#17,False,True,True,True,0.208,-5.007,UNKNOWN,0.99898,20,12F
NONCBL#ERR1065973#2,False,True,True,True,0.207,-4.955,UNKNOWN,0.999804,20,12F
NONCBL#ERR7567953#7,False,True,True,True,0.184,-5.087,UNKNOWN,0.999915,20,19A
NONCBL#SRR26878157#2,False,True,True,True,0.122,-4.74,UNKNOWN,0.999157,20,12F
NONCBL#SRR26833827#7,False,True,True,True,0.272,-5.042,UNKNOWN,0.999492,20,19A
NONCBL#ERR2089558#2,False,True,True,True,0.308,-4.967,UNKNOWN,0.999451,20,19A
NONCBL#ERR13365389#7,False,True,True,True,0.187,-4.955,UNKNOWN,0.999787,20,12F
NONCBL#ERR1066185#1,False,True,True,True,0.195,-5.145,UNKNOWN,0.999816,20,12F
NONCBL#ERR1540834#2,False,True,True,True,0.281,-5.157,UNKNOWN,0.9999,20,19A
NONCBL#ERR3899431#7,False,True,True,True,0.216,-4.962,UNKNOWN,0.9995,20,19A
NONCBL#SRR26878126#1,False,True,True,True,0.228,-5.092,UNKNOWN,0.999905,20,19A
NONCBL#ERR1288831#2,False,True,True,True,0.197,-4.979,UNKNOWN,0.999728,20,6A
NONCBL#SRR26878681#14,False,True,True,True,0.142,-5.041,UNKNOWN,0.99978,20,19A
NONCBL#ERR13366075#3,False,True,True,True,0.392,-5.062,UNKNOWN,0.999473,20,19A
NONCBL#ERR730850#8,False,True,True,True,0.232,-5.198,UNKNOWN,0.999973,20,6A
NONCBL#ERR1430979#11,False,True,True,True,0.369,-5.248,UNKNOWN,0.999899,20,19A
NONCBL#ERR2090019#1,False,True,True,True,0.183,-4.911,UNKNOWN,0.999576,20,19A
NONCBL#ERR13365713#6,True,True,True,True,0.723,-7.165,UNKNOWN,1.0,20,12F
NONCBL#ERR774085#4,False,True,True,True,0.278,-5.277,UNKNOWN,0.999959,20,19A
NONCBL#ERR13364372#6,False,True,True,True,0.299,-5.111,UNKNOWN,0.999822,20,19A
NONCBL#ERR2089395#8,False,True,True,True,0.201,-4.856,UNKNOWN,0.999119,20,12F
NONCBL#SRR26880160#13,False,True,True,True,0.124,-5.164,UNKNOWN,0.999923,20,25F
NONCBL#ERR900721#8,False,True,True,True,0.089,-4.849,UNKNOWN,0.99844,20,10A
NONCBL#ERR925040#5,False,True,True,True,0.127,-4.763,UNKNOWN,0.996279,20,12F
NONCBL#SRR26714201#1,False,True,True,True,0.253,-5.122,UNKNOWN,0.999862,20,6B
NONCBL#SRR26910558#2,False,True,True,True,0.148,-5.008,UNKNOWN,0.999871,20,6A
NONCBL#SRR26883923#23,False,True,True,True,0.175,-4.816,UNKNOWN,0.999099,20,12F
NONCBL#ERR9796500#1,False,True,True,True,0.148,-4.817,UNKNOWN,0.999008,20,12F
NONCBL#ERR2089194#18,False,True,True,True,0.299,-5.071,UNKNOWN,0.99965,20,19A
NONCBL#SRR26931657#1,False,True,True,True,0.359,-5.339,UNKNOWN,0.999905,20,38
NONCBL#ERR2089816#2,False,True,True,True,0.416,-5.454,UNKNOWN,0.999952,20,8
NONCBL#ERR909020#4,False,True,True,True,0.359,-5.053,UNKNOWN,0.99946,20,19A
NONCBL#ERR773860#14,False,True,True,True,0.381,-5.063,UNKNOWN,0.999512,35A_35C_42,6B
NONCBL#ERR1202151#3,False,True,True,True,0.737,-6.437,UNKNOWN,0.999995,20,12F
NONCBL#SRR26797251#2,False,True,True,True,0.141,-4.8,UNKNOWN,0.998872,20,19A
NONCBL#ERR714112#4,False,True,True,True,0.274,-5.272,UNKNOWN,0.999958,20,19A
NONCBL#SRR26789284#2,False,True,True,True,0.327,-5.038,UNKNOWN,0.999429,20,19A
NONCBL#SRR26817952#10,False,True,True,True,0.339,-5.199,UNKNOWN,0.999773,20,10A
NONCBL#SRR26749997#44,False,True,True,True,0.34,-5.001,UNKNOWN,0.999355,20,19A
NONCBL#SRR26594787#1,False,True,True,True,0.41,-5.541,UNKNOWN,0.999988,20,12F
NONCBL#ERR505615#18,False,True,True,True,0.093,-4.774,UNKNOWN,0.998272,20,6B
NONCBL#ERR3303430#1,False,True,True,True,0.467,-5.29,UNKNOWN,0.999749,20,19A
NONCBL#ERR13365996#1,False,True,True,True,0.494,-5.488,UNKNOWN,0.999964,20,12F
NONCBL#ERR331414#8,False,True,True,True,0.301,-5.11,UNKNOWN,0.999817,20,19A
NONCBL#ERR2853613#2,False,True,True,True,0.167,-5.054,UNKNOWN,0.999639,20,38
NONCBL#SRR26673334#4,False,True,True,True,0.133,-4.987,UNKNOWN,0.999568,20,10F
NONCBL#ERR1065146#1,False,True,True,True,0.082,-4.752,UNKNOWN,0.997922,20,6B
NONCBL#ERR1065607#6,False,True,True,True,0.292,-5.212,UNKNOWN,0.99992,20,19A
NONCBL#SRR26833865#3,False,True,True,True,0.181,-5.16,UNKNOWN,0.999973,35A_35C_42,12F
NONCBL#ERR2667878#7,False,True,True,True,0.137,-4.863,UNKNOWN,0.999274,20,6A
NONCBL#SRR26931739#1,False,True,True,True,0.398,-5.207,UNKNOWN,0.999772,20,19A
NONCBL#ERR750909#6,False,True,True,True,0.153,-5.063,UNKNOWN,0.999803,20,12F
NONCBL#SRR26789745#30,False,True,True,True,0.121,-4.875,UNKNOWN,0.999076,20,12F
NONCBL#ERR2090191#4,False,True,True,True,0.377,-5.555,UNKNOWN,0.999997,35A_35C_42,12F
NONCBL#ERR13365446#2,False,True,True,True,0.286,-4.946,UNKNOWN,0.999366,20,19A
NONCBL#SRR26880311#2,False,True,True,True,0.161,-5.018,UNKNOWN,0.999893,20,19A
NONCBL#ERR3796747#4,False,True,True,True,0.248,-5.428,UNKNOWN,0.999981,20,19A
NONCBL#ERR13375091#2,False,True,True,True,0.145,-5.019,UNKNOWN,0.999896,20,12F
NONCBL#SRR26931358#14,False,True,True,True,0.212,-4.981,UNKNOWN,0.998761,20,12F
NONCBL#SRR26818129#1,False,True,True,True,0.165,-4.917,UNKNOWN,0.999424,20,12F
NONCBL#SRR26878368#10,False,True,True,True,0.205,-4.869,UNKNOWN,0.999232,35A_35C_42,6B
NONCBL#ERR632999#6,False,True,True,True,0.141,-5.269,UNKNOWN,0.999973,20,12F
NONCBL#ERR913061#2,False,True,True,True,0.185,-5.239,UNKNOWN,0.999938,20,12F
NONCBL#ERR1788380#1,False,True,True,True,0.255,-5.107,UNKNOWN,0.999815,20,12F
NONCBL#SRR26834459#2,False,True,True,True,0.121,-4.96,UNKNOWN,0.999804,35A_35C_42,6B
NONCBL#ERR13397669#9,False,True,True,True,0.185,-5.273,UNKNOWN,0.999987,20,12F
NONCBL#SRR26880253#3,False,True,True,True,0.108,-4.878,UNKNOWN,0.998632,20,25F
NONCBL#SRR26880375#16,False,True,True,True,0.144,-4.867,UNKNOWN,0.998603,20,25F
NONCBL#SRR26817837#4,False,True,True,True,0.236,-4.986,UNKNOWN,0.999423,20,19A
NONCBL#SRR26931893#29,False,True,True,True,0.162,-4.92,UNKNOWN,0.999272,20,12F
NONCBL#ERR1106689#6,False,True,True,True,0.37,-5.051,UNKNOWN,0.999381,20,19A
NONCBL#ERR13366165#4,False,True,True,True,0.115,-4.799,UNKNOWN,0.999363,20,9V
NONCBL#ERR2681254#1,False,True,True,True,0.358,-5.152,UNKNOWN,0.999756,20,19A
NONCBL#ERR449128#11,False,True,True,True,0.307,-5.318,UNKNOWN,0.999962,20,15B
NONCBL#ERR1065894#1,False,True,True,True,0.467,-5.373,UNKNOWN,0.999891,20,12F
NONCBL#ERR316612#27,False,True,True,True,0.204,-5.313,UNKNOWN,0.999973,20,8
NONCBL#SRR26750087#15,False,True,True,True,0.34,-5.352,UNKNOWN,0.999962,20,15B
NONCBL#ERR773856#5,False,True,True,True,0.276,-5.269,UNKNOWN,0.999957,20,19A
NONCBL#ERR2667331#7,False,True,True,True,0.11,-4.888,UNKNOWN,0.999371,20,6A
NONCBL#ERR862301#29,False,True,True,True,0.319,-4.979,UNKNOWN,0.999662,20,19A
NONCBL#ERR326493#29,False,True,True,True,0.356,-5.035,UNKNOWN,0.999453,20,19A
NONCBL#ERR1422624#6,False,True,True,True,0.084,-4.792,UNKNOWN,0.997389,20,12F
NONCBL#ERR870145#1,False,True,True,True,0.171,-5.057,UNKNOWN,0.999874,20,12F
NONCBL#ERR742444#3,False,True,True,True,0.263,-4.905,UNKNOWN,0.999486,20,19A
NONCBL#ERR1065333#7,False,True,True,True,0.895,-7.071,UNKNOWN,0.999994,35A_35C_42,22F
NONCBL#ERR1202318#6,False,True,True,True,0.252,-4.94,UNKNOWN,0.999689,20,12F
NONCBL#ERR1192111#8,False,True,True,True,0.232,-5.02,UNKNOWN,0.999725,20,19A
NONCBL#ERR13364699#21,False,True,True,True,0.316,-4.955,UNKNOWN,0.999319,20,19A
NONCBL#ERR13374826#30,False,True,True,True,0.085,-4.772,UNKNOWN,0.998057,20,25F
NONCBL#ERR997618#2,False,True,True,True,0.149,-4.907,UNKNOWN,0.99953,35A_35C_42,10A
NONCBL#ERR8481867#8,False,True,True,True,0.574,-5.504,UNKNOWN,0.999866,20,12F
NONCBL#ERR316609#4,False,True,True,True,0.413,-5.141,UNKNOWN,0.999527,20,19A
NONCBL#ERR1066227#4,False,True,True,True,0.181,-4.899,UNKNOWN,0.999021,35A_35C_42,10A
NONCBL#SRR26749266#2,False,True,True,True,0.26,-5.09,UNKNOWN,0.999854,20,19A
NONCBL#ERR750798#1,False,True,True,True,0.186,-4.949,UNKNOWN,0.999694,20,12F
NONCBL#SRR26797223#1,False,True,True,True,0.437,-5.423,UNKNOWN,0.999982,20,12F
NONCBL#ERR2667496#25,False,True,True,True,0.187,-4.955,UNKNOWN,0.999669,35A_35C_42,6B
NONCBL#SRR26714239#1,False,True,True,True,0.103,-4.846,UNKNOWN,0.998995,20,12F
NONCBL#ERR8481812#9,False,True,True,True,0.262,-4.949,UNKNOWN,0.999355,20,19A
NONCBL#ERR2668000#2,False,True,True,True,0.134,-4.858,UNKNOWN,0.999209,20,12F
NONCBL#SRR26930235#2,False,True,True,True,0.447,-5.284,UNKNOWN,0.999827,20,19A
NONCBL#ERR1192119#2,False,True,True,True,0.501,-5.945,UNKNOWN,0.999989,20,12F
NONCBL#ERR13365496#18,False,True,True,True,0.321,-5.241,UNKNOWN,0.999936,20,19A
NONCBL#ERR2680661#1,False,True,True,True,0.24,-5.22,UNKNOWN,0.999952,20,12F
NONCBL#ERR13365017#6,False,True,True,True,0.21,-5.056,UNKNOWN,0.999691,20,12F
NONCBL#ERR714269#1,False,True,True,True,0.32,-5.498,UNKNOWN,0.999973,20,12F
NONCBL#SRR26878214#11,False,True,True,True,0.208,-4.93,UNKNOWN,0.999389,20,12F
NONCBL#SRR26910270#1,False,True,True,True,0.346,-5.244,UNKNOWN,0.999923,20,19A
NONCBL#ERR568567#1,False,True,True,True,0.187,-5.01,UNKNOWN,0.999902,20,12F
NONCBL#ERR2090133#4,False,True,True,True,0.274,-5.246,UNKNOWN,0.999739,20,25F
NONCBL#ERR2667929#27,False,True,True,True,0.184,-4.861,UNKNOWN,0.998627,20,25F
NONCBL#ERR1192074#2,False,True,True,True,0.846,-7.103,UNKNOWN,0.999999,20,12F
NONCBL#ERR1191834#12,False,True,True,True,0.392,-5.064,UNKNOWN,0.99934,20,19A
NONCBL#SRR26931407#9,False,True,True,True,0.104,-4.856,UNKNOWN,0.999131,20,25F
NONCBL#SRR26930800#2,False,True,True,True,0.078,-4.794,UNKNOWN,0.997993,20,25F
NONCBL#ERR870073#2,False,True,True,True,0.259,-4.945,UNKNOWN,0.999644,20,12F
NONCBL#ERR774278#4,False,True,True,True,0.203,-4.952,UNKNOWN,0.9986,20,12F
NONCBL#SRR26931515#14,False,True,True,True,0.117,-4.887,UNKNOWN,0.998938,20,19A
NONCBL#ERR714216#1,False,True,True,True,0.439,-5.325,UNKNOWN,0.999925,20,12F
NONCBL#ERR1430901#19,False,True,True,True,0.232,-4.917,UNKNOWN,0.999125,20,12F
NONCBL#SRR26594460#3,False,True,True,True,0.235,-5.149,UNKNOWN,0.999931,20,19A
NONCBL#ERR13366246#2,False,True,True,True,0.095,-4.984,UNKNOWN,0.999445,20,25F
NONCBL#ERR506021#6,False,True,True,True,0.087,-4.804,UNKNOWN,0.997935,20,25F
NONCBL#ERR2667390#13,False,True,True,True,0.124,-5.078,UNKNOWN,0.999801,20,6B
NONCBL#ERR3899286#7,False,True,True,True,0.253,-5.276,UNKNOWN,0.999965,20,19A
NONCBL#ERR2090090#17,False,True,True,True,0.184,-4.928,UNKNOWN,0.999632,20,12F
NONCBL#ERR876502#9,False,True,True,True,0.195,-5.0,UNKNOWN,0.999704,20,12F
NONCBL#ERR913122#9,False,True,True,True,0.15,-5.008,UNKNOWN,0.999727,20,14
NONCBL#ERR1065814#2,False,True,True,True,0.167,-4.805,UNKNOWN,0.999447,20,12F
NONCBL#ERR632937#9,False,True,True,True,0.276,-5.361,UNKNOWN,0.999976,20,19A
NONCBL#ERR870206#11,False,True,True,True,0.236,-4.983,UNKNOWN,0.999567,35A_35C_42,10A
NONCBL#SRR26797709#2,False,True,True,True,0.331,-5.133,UNKNOWN,0.999779,20,12F
NONCBL#SRR26931032#20,False,True,True,True,0.3,-5.048,UNKNOWN,0.99955,20,19A
NONCBL#ERR774029#3,False,True,True,True,0.404,-5.195,UNKNOWN,0.999927,20,9V
NONCBL#SRR26878434#1,False,True,True,True,0.147,-4.971,UNKNOWN,0.999848,35A_35C_42,6B
NONCBL#ERR3831146#4,False,True,True,True,0.238,-5.03,UNKNOWN,0.999621,20,19A
NONCBL#ERR714361#6,False,True,True,True,0.249,-5.29,UNKNOWN,0.999964,20,19A
NONCBL#ERR3669260#19,False,True,True,True,0.261,-5.264,UNKNOWN,0.999985,35A_35C_42,6B
NONCBL#SRR26931729#16,False,True,True,True,0.332,-5.027,UNKNOWN,0.999355,20,19A
NONCBL#SRR26749777#2,False,True,True,True,0.253,-5.221,UNKNOWN,0.999939,20,10A
NONCBL#ERR714683#4,False,True,True,True,0.295,-5.302,UNKNOWN,0.999967,20,19A
NONCBL#SRR26673551#1,False,True,True,True,0.278,-5.208,UNKNOWN,0.999931,20,19A
NONCBL#SRR26884222#13,False,True,True,True,0.202,-5.194,UNKNOWN,0.999979,35A_35C_42,12F
NONCBL#SRR26673166#1,False,True,True,True,0.433,-5.358,UNKNOWN,0.999961,20,12F
NONCBL#ERR742835#4,False,True,True,True,0.113,-4.991,UNKNOWN,0.999777,20,10A
NONCBL#ERR908954#7,False,True,True,True,0.242,-4.868,UNKNOWN,0.999193,20,19A
NONCBL#SRR26931676#1,False,True,True,True,0.208,-4.996,UNKNOWN,0.999627,20,19A
NONCBL#SRR26930696#2,False,True,True,True,0.085,-4.792,UNKNOWN,0.998453,20,25F
NONCBL#SRR26714621#5,False,True,True,True,0.109,-4.798,UNKNOWN,0.997878,20,12F
NONCBL#ERR2089395#14,False,True,True,True,0.318,-5.174,UNKNOWN,0.999764,20,10A
NONCBL#SRR26595084#6,False,True,True,True,0.389,-5.388,UNKNOWN,0.99996,20,15B
NONCBL#SRR26930409#2,False,True,True,True,0.406,-5.126,UNKNOWN,0.999538,20,19A
NONCBL#SRR26673179#18,False,True,True,True,0.115,-4.938,UNKNOWN,0.999408,20,25F
NONCBL#SRR26790207#4,False,True,True,True,0.249,-5.011,UNKNOWN,0.999635,20,19A
NONCBL#ERR1288986#25,False,True,True,True,0.137,-4.924,UNKNOWN,0.999414,35A_35C_42,25F
NONCBL#ERR3796931#6,False,True,True,True,0.178,-5.207,UNKNOWN,0.999932,20,48
NONCBL#ERR1065504#18,False,True,True,True,0.33,-5.2,UNKNOWN,0.999885,20,19A
NONCBL#ERR2680855#1,False,True,True,True,0.224,-5.277,UNKNOWN,0.999979,20,19A
NONCBL#ERR913386#33,False,True,True,True,0.253,-4.909,UNKNOWN,0.999325,20,19A
NONCBL#ERR2090407#23,False,True,True,True,0.148,-4.85,UNKNOWN,0.999344,20,6A
NONCBL#ERR900685#10,False,True,True,True,0.251,-4.946,UNKNOWN,0.999412,35A_35C_42,6B
NONCBL#ERR2681013#5,False,True,True,True,0.173,-4.896,UNKNOWN,0.99966,20,12F
NONCBL#ERR3796795#4,False,True,True,True,0.101,-4.816,UNKNOWN,0.995414,20,25F
NONCBL#ERR2091279#1,False,True,True,True,0.27,-5.186,UNKNOWN,0.999934,20,19A
NONCBL#ERR600526#5,False,True,True,True,0.278,-5.279,UNKNOWN,0.999959,20,19A
NONCBL#SRR26673014#37,False,True,True,True,0.301,-5.404,UNKNOWN,0.999986,20,12F
NONCBL#ERR1453506#7,False,True,True,True,0.11,-4.982,UNKNOWN,0.999386,35A_35C_42,12F
NONCBL#ERR1658069#4,False,True,True,True,0.426,-5.162,UNKNOWN,0.999566,20,19A
NONCBL#ERR662352#8,False,True,True,True,0.104,-5.027,UNKNOWN,0.999777,20,22F
NONCBL#ERR8481686#2,False,True,True,True,0.266,-5.237,UNKNOWN,0.999954,20,19A
NONCBL#ERR751194#26,False,True,True,True,0.311,-4.962,UNKNOWN,0.999359,20,19A
NONCBL#ERR884418#2,False,True,True,True,0.336,-5.223,UNKNOWN,0.999911,20,19A
NONCBL#ERR1788511#3,False,True,True,True,0.269,-5.379,UNKNOWN,0.999976,20,19A
NONCBL#SRR26789806#23,False,True,True,True,0.115,-5.036,UNKNOWN,0.999634,20,25F
NONCBL#ERR742801#15,False,True,True,True,0.196,-4.957,UNKNOWN,0.999697,35A_35C_42,10A
NONCBL#SRR26930810#4,False,True,True,True,0.447,-5.682,UNKNOWN,0.999996,20,19A
NONCBL#SRR26910851#1,False,True,True,True,0.101,-4.833,UNKNOWN,0.998396,20,25F
NONCBL#ERR2680617#1,False,True,True,True,0.16,-5.241,UNKNOWN,0.999981,20,6B
NONCBL#ERR13365844#13,False,True,True,True,0.411,-5.125,UNKNOWN,0.999507,20,19A
NONCBL#ERR730409#3,False,True,True,True,0.218,-5.349,UNKNOWN,0.999977,20,19A
NONCBL#SRR26884198#1,False,True,True,True,0.371,-5.051,UNKNOWN,0.999359,20,19A
NONCBL#ERR568594#3,False,True,True,True,0.119,-4.976,UNKNOWN,0.999706,20,10F
NONCBL#SRR26910879#1,False,True,True,True,0.444,-5.196,UNKNOWN,0.999889,20,6B
NONCBL#ERR13365435#1,False,True,True,True,0.202,-5.082,UNKNOWN,0.999801,20,19A
NONCBL#ERR13366113#27,False,True,True,True,0.117,-5.113,UNKNOWN,0.999638,20,25F
NONCBL#ERR13374956#2,False,True,True,True,0.293,-5.167,UNKNOWN,0.999961,20,6A
NONCBL#ERR2089951#2,False,True,True,True,0.561,-5.677,UNKNOWN,0.999989,20,12F
NONCBL#SRR26910638#1,False,True,True,True,0.402,-5.211,UNKNOWN,0.999742,20,12F
NONCBL#SRR26817978#1,False,True,True,True,0.532,-5.666,UNKNOWN,0.999992,20,12F
NONCBL#ERR2089113#13,False,True,True,True,0.282,-5.156,UNKNOWN,0.999889,20,19A
NONCBL#ERR2667210#4,False,True,True,True,0.36,-4.986,UNKNOWN,0.999215,20,19A
NONCBL#ERR1788157#24,False,True,True,True,0.404,-5.078,UNKNOWN,0.999426,20,19A
NONCBL#ERR774043#2,False,True,True,True,0.214,-5.318,UNKNOWN,0.999933,20,19A
NONCBL#ERR750835#1,False,True,True,True,0.109,-4.938,UNKNOWN,0.99974,20,37
NONCBL#SRR26594756#1,False,True,True,True,0.181,-5.462,UNKNOWN,0.999998,35A_35C_42,12F
NONCBL#ERR870290#1,False,True,True,True,0.194,-5.01,UNKNOWN,0.999795,20,10A
NONCBL#ERR1065489#2,False,True,True,True,0.318,-5.005,UNKNOWN,0.999402,20,19A
NONCBL#ERR3796778#9,False,True,True,True,0.282,-5.281,UNKNOWN,0.999986,35A_35C_42,6B
NONCBL#ERR730574#1,False,True,True,True,0.18,-5.134,UNKNOWN,0.999909,20,4
NONCBL#ERR1764052#6,False,True,True,True,0.224,-5.346,UNKNOWN,0.999977,20,19A
NONCBL#SRR26790164#2,False,True,True,True,0.466,-5.54,UNKNOWN,0.999974,20,12F
NONCBL#ERR925266#2,False,True,True,True,0.172,-4.906,UNKNOWN,0.999691,20,6A
NONCBL#ERR662373#22,False,True,True,True,0.42,-5.124,UNKNOWN,0.99944,20,19A
NONCBL#ERR505675#1,False,True,True,True,0.403,-5.22,UNKNOWN,0.999919,20,19A
NONCBL#ERR13366201#12,False,True,True,True,0.333,-5.225,UNKNOWN,0.99991,20,19A
NONCBL#ERR1540734#11,False,True,True,True,0.358,-5.154,UNKNOWN,0.999793,35A_35C_42,10A
NONCBL#SRR26910634#24,False,True,True,True,0.439,-5.437,UNKNOWN,0.999957,20,12F
NONCBL#ERR2090657#3,False,True,True,True,0.634,-5.926,UNKNOWN,0.99999,20,12F
NONCBL#SRR26749276#6,False,True,True,True,0.162,-4.891,UNKNOWN,0.999339,20,12F
NONCBL#SRR26594636#2,False,True,True,True,0.362,-5.598,UNKNOWN,0.999944,20,19A
NONCBL#ERR2667435#1,False,True,True,True,0.409,-5.205,UNKNOWN,0.999913,20,19A
NONCBL#SRR26930633#2,False,True,True,True,0.261,-5.046,UNKNOWN,0.999868,20,19A
NONCBL#SRR26833794#4,False,True,True,True,0.298,-5.138,UNKNOWN,0.999857,20,19A
NONCBL#SRR26878395#2,False,True,True,True,0.266,-5.216,UNKNOWN,0.999932,20,12F
NONCBL#ERR2680652#2,False,True,True,True,0.166,-4.879,UNKNOWN,0.99933,35A_35C_42,6B
NONCBL#ERR662339#31,False,True,True,True,0.318,-5.32,UNKNOWN,0.999974,35A_35C_42,12F
NONCBL#ERR3796662#1,False,True,True,True,0.123,-4.952,UNKNOWN,0.999653,20,12F
NONCBL#ERR1192056#1,False,True,True,True,0.366,-5.324,UNKNOWN,0.999925,20,12F
NONCBL#ERR13366011#22,False,True,True,True,0.378,-5.059,UNKNOWN,0.999452,20,19A
NONCBL#ERR13365873#9,False,True,True,True,0.161,-5.008,UNKNOWN,0.999727,20,6B
NONCBL#ERR884668#1,False,True,True,True,0.25,-5.712,UNKNOWN,0.999997,20,48
NONCBL#ERR1422672#4,False,True,True,True,0.283,-5.109,UNKNOWN,0.999897,20,14
NONCBL#ERR600154#20,False,True,True,True,0.254,-5.247,UNKNOWN,0.999932,20,19A
NONCBL#SRR26673419#1,False,True,True,True,0.325,-5.266,UNKNOWN,0.999942,20,19A
NONCBL#SRR26818495#2,False,True,True,True,0.084,-4.792,UNKNOWN,0.998477,20,14
NONCBL#ERR1066029#8,False,True,True,True,0.204,-5.109,UNKNOWN,0.999965,20,6B
NONCBL#ERR2090467#14,False,True,True,True,0.152,-5.088,UNKNOWN,0.999897,20,19B
NONCBL#SRR26714225#12,False,True,True,True,0.104,-5.184,UNKNOWN,0.999904,20,12F
NONCBL#SRR26594991#7,False,True,True,True,0.173,-4.918,UNKNOWN,0.999639,20,10A
NONCBL#ERR2090379#6,False,True,True,True,0.109,-4.978,UNKNOWN,0.999461,20,10A
NONCBL#ERR908937#13,False,True,True,True,0.096,-4.837,UNKNOWN,0.998974,20,12F
NONCBL#SRR26880396#1,False,True,True,True,0.231,-5.122,UNKNOWN,0.999873,20,6B
NONCBL#SRR26790159#4,False,True,True,True,0.299,-5.115,UNKNOWN,0.999812,20,19A
NONCBL#SRR26879617#1,False,True,True,True,0.11,-4.759,UNKNOWN,0.998215,20,19A
NONCBL#SRR26749880#7,False,True,True,True,0.165,-4.927,UNKNOWN,0.999656,20,12F
NONCBL#ERR730885#2,False,True,True,True,0.122,-4.9,UNKNOWN,0.999481,35A_35C_42,6B
NONCBL#SRR26789583#5,False,True,True,True,0.165,-4.917,UNKNOWN,0.999424,20,12F
NONCBL#ERR505746#3,False,True,True,True,0.175,-4.849,UNKNOWN,0.997712,20,25F
NONCBL#ERR2667426#1,False,True,True,True,0.294,-5.344,UNKNOWN,0.99997,20,8
NONCBL#ERR646580#1,False,True,True,True,0.617,-5.943,UNKNOWN,0.999986,20,12F
NONCBL#ERR884482#18,False,True,True,True,0.144,-4.759,UNKNOWN,0.998921,20,12F
NONCBL#ERR505957#23,False,True,True,True,0.285,-5.457,UNKNOWN,0.999988,20,6B
NONCBL#ERR979989#2,False,True,True,True,0.096,-5.086,UNKNOWN,0.999783,20,6B
NONCBL#SRR26930922#1,False,True,True,True,0.236,-5.014,UNKNOWN,0.999491,20,19A
NONCBL#ERR1594530#7,False,True,True,True,0.432,-5.41,UNKNOWN,0.999971,20,12F
NONCBL#SRR26911019#1,False,True,True,True,0.167,-4.908,UNKNOWN,0.999648,20,12F
NONCBL#SRR26833704#1,False,True,True,True,0.776,-6.692,UNKNOWN,0.999999,35A_35C_42,4
NONCBL#ERR5336814#10,False,True,True,True,0.285,-5.072,UNKNOWN,0.999661,20,19A
NONCBL#SRR26818365#1,False,True,True,True,0.416,-5.259,UNKNOWN,0.999833,20,12F
NONCBL#ERR3796711#4,False,True,True,True,0.128,-5.062,UNKNOWN,0.999654,20,25F
NONCBL#ERR14653982#2,False,True,True,True,0.238,-5.008,UNKNOWN,0.999814,20,19A
NONCBL#ERR997489#1,False,True,True,True,0.508,-5.782,UNKNOWN,0.999996,20,12F
NONCBL#SRR26749679#2,False,True,True,True,0.172,-4.957,UNKNOWN,0.999713,20,12F
NONCBL#ERR3796603#2,False,True,True,True,0.38,-5.18,UNKNOWN,0.999739,20,19A
NONCBL#ERR633014#11,False,True,True,True,0.179,-4.92,UNKNOWN,0.999541,35A_35C_42,10A
NONCBL#ERR1453493#2,False,True,True,True,0.417,-5.295,UNKNOWN,0.999883,20,12F
NONCBL#ERR433941#5,False,True,True,True,0.196,-4.882,UNKNOWN,0.999158,35A_35C_42,6B
NONCBL#SRR26884423#2,False,True,True,True,0.318,-5.176,UNKNOWN,0.999886,20,19A
NONCBL#ERR1658097#4,False,True,True,True,0.23,-4.979,UNKNOWN,0.999632,20,19A
NONCBL#SRR26714368#3,False,True,True,True,0.313,-5.117,UNKNOWN,0.999639,20,12F
NONCBL#ERR3669299#23,False,True,True,True,0.286,-5.092,UNKNOWN,0.999675,20,19A
NONCBL#ERR742793#17,False,True,True,True,0.3,-5.069,UNKNOWN,0.999678,20,19A
NONCBL#ERR1788140#7,False,True,True,True,0.3,-4.914,UNKNOWN,0.999093,20,19A
NONCBL#ERR501616#7,False,True,True,True,0.392,-5.089,UNKNOWN,0.999474,20,19A
NONCBL#SRR26931738#28,False,True,True,True,0.316,-4.977,UNKNOWN,0.999326,20,19A
NONCBL#SRR26911053#1,False,True,True,True,0.412,-5.26,UNKNOWN,0.999869,20,12F
NONCBL#ERR750778#19,False,True,True,True,0.222,-5.239,UNKNOWN,0.999978,35A_35C_42,12F
NONCBL#SRR26833547#4,False,True,True,True,0.154,-5.117,UNKNOWN,0.99994,20,12F
NONCBL#ERR2853695#1,False,True,True,True,0.31,-4.97,UNKNOWN,0.999365,20,19A
NONCBL#ERR2853650#1,False,True,True,True,0.235,-5.645,UNKNOWN,0.999997,20,12F
NONCBL#ERR1788317#17,False,True,True,True,0.207,-4.97,UNKNOWN,0.999509,35A_35C_42,10A
NONCBL#ERR714183#2,False,True,True,True,0.129,-4.949,UNKNOWN,0.999658,20,21
NONCBL#ERR14654011#11,False,True,True,True,0.126,-4.828,UNKNOWN,0.998705,20,12F
NONCBL#ERR2089842#15,False,True,True,True,0.259,-5.04,UNKNOWN,0.999648,35A_35C_42,10A
NONCBL#ERR434033#3,False,True,True,True,0.106,-4.823,UNKNOWN,0.998608,20,12F
NONCBL#ERR1430936#12,False,True,True,True,0.166,-4.871,UNKNOWN,0.999434,20,12F
NONCBL#ERR633049#14,False,True,True,True,0.27,-5.248,UNKNOWN,0.999965,20,19A
NONCBL#ERR13365142#11,False,True,True,True,0.125,-5.017,UNKNOWN,0.999722,20,19A
NONCBL#ERR1453602#1,False,True,True,True,0.113,-4.864,UNKNOWN,0.999409,20,12F
NONCBL#ERR1795470#2,False,True,True,True,0.283,-5.512,UNKNOWN,0.999984,20,12F
NONCBL#ERR1065323#13,False,True,True,True,0.374,-5.057,UNKNOWN,0.999369,20,19A
NONCBL#ERR8481706#1,False,True,True,True,0.291,-5.19,UNKNOWN,0.999913,20,19A
NONCBL#SRR26790178#4,False,True,True,True,0.104,-4.942,UNKNOWN,0.998932,20,25F
NONCBL#ERR2853591#1,False,True,True,True,0.226,-5.063,UNKNOWN,0.999905,20,6B
NONCBL#SRR26879615#4,False,True,True,True,0.087,-4.896,UNKNOWN,0.998618,20,10A
NONCBL#SRR26594244#2,False,True,True,True,0.251,-5.08,UNKNOWN,0.999826,20,19A
NONCBL#SRR26833811#2,False,True,True,True,0.224,-5.119,UNKNOWN,0.999954,20,6A
NONCBL#ERR1795468#15,False,True,True,True,0.221,-5.419,UNKNOWN,0.999997,35A_35C_42,6B
NONCBL#ERR13364396#6,False,True,True,True,0.108,-4.794,UNKNOWN,0.999041,20,12F
NONCBL#SRR26673435#12,False,True,True,True,0.118,-4.86,UNKNOWN,0.999502,20,9V
NONCBL#ERR633021#1,False,True,True,True,0.171,-4.912,UNKNOWN,0.998567,20,12F
NONCBL#SRR26884637#1,False,True,True,True,0.656,-5.907,UNKNOWN,0.99999,20,12F
NONCBL#ERR751104#23,False,True,True,True,0.253,-5.116,UNKNOWN,0.999962,20,6B
NONCBL#ERR13374683#1,False,True,True,True,0.126,-4.852,UNKNOWN,0.997037,20,25F
NONCBL#ERR2091164#25,False,True,True,True,0.302,-5.058,UNKNOWN,0.999865,20,12F
NONCBL#ERR774274#1,False,True,True,True,0.145,-4.802,UNKNOWN,0.998107,20,12F
NONCBL#SRR26789386#9,False,True,True,True,0.153,-4.896,UNKNOWN,0.999368,20,19A
NONCBL#ERR646578#1,False,True,True,True,0.111,-5.052,UNKNOWN,0.999762,20,37
NONCBL#ERR1065687#1,False,True,True,True,0.335,-5.315,UNKNOWN,0.999951,20,19A
NONCBL#ERR2089168#1,False,True,True,True,0.141,-4.859,UNKNOWN,0.999398,20,12F
NONCBL#SRR26594352#4,False,True,True,True,0.16,-4.889,UNKNOWN,0.999627,20,12F
NONCBL#SRR26714218#8,False,True,True,True,0.077,-4.794,UNKNOWN,0.998492,20,6B
NONCBL#ERR490721#11,False,True,True,True,0.132,-5.002,UNKNOWN,0.999692,20,14
NONCBL#SRR26594592#23,False,True,True,True,0.412,-5.648,UNKNOWN,0.999998,35A_35C_42,6B
NONCBL#ERR773973#1,False,True,True,True,0.242,-5.014,UNKNOWN,0.999853,20,12F
NONCBL#SRR26797513#7,False,True,True,True,0.141,-5.155,UNKNOWN,0.999879,20,10A
NONCBL#SRR26797476#20,False,True,True,True,0.246,-5.152,UNKNOWN,0.999904,20,19A
NONCBL#SRR26714964#1,False,True,True,True,0.283,-5.358,UNKNOWN,0.999975,20,19A
NONCBL#SRR26749516#3,False,True,True,True,0.18,-4.931,UNKNOWN,0.999798,20,6B
NONCBL#ERR505485#6,False,True,True,True,0.326,-5.34,UNKNOWN,0.999961,20,19A
NONCBL#ERR862403#9,False,True,True,True,0.156,-5.012,UNKNOWN,0.999715,20,12F
NONCBL#ERR2090047#2,False,True,True,True,0.214,-5.162,UNKNOWN,0.999946,20,6B
NONCBL#SRR26817827#3,False,True,True,True,0.14,-5.079,UNKNOWN,0.9996,20,25F
NONCBL#ERR2090331#3,False,True,True,True,0.275,-5.079,UNKNOWN,0.999729,20,19A
NONCBL#ERR1214354#8,False,True,True,True,0.125,-4.835,UNKNOWN,0.999071,20,6B
NONCBL#ERR2681354#33,False,True,True,True,0.359,-5.163,UNKNOWN,0.999682,20,19A
NONCBL#SRR26594944#2,False,True,True,True,0.137,-4.899,UNKNOWN,0.999426,20,12F
NONCBL#ERR1453679#1,False,True,True,True,0.114,-4.841,UNKNOWN,0.999243,20,6A
NONCBL#ERR774290#5,False,True,True,True,0.226,-4.878,UNKNOWN,0.99948,20,19A
NONCBL#ERR2090524#5,False,True,True,True,0.244,-4.891,UNKNOWN,0.99954,20,12F
NONCBL#ERR13366190#15,False,True,True,True,0.327,-5.156,UNKNOWN,0.999893,20,19A
NONCBL#ERR13365800#9,False,True,True,True,0.136,-4.828,UNKNOWN,0.999458,20,12F
NONCBL#SRR26880113#18,False,True,True,True,0.331,-5.012,UNKNOWN,0.999508,20,19A
NONCBL#ERR1788542#5,False,True,True,True,0.156,-4.855,UNKNOWN,0.999315,20,12F
NONCBL#SRR26880306#1,False,True,True,True,0.36,-5.586,UNKNOWN,0.999943,20,19A
NONCBL#ERR1658188#11,False,True,True,True,0.156,-5.059,UNKNOWN,0.999894,20,12F
NONCBL#SRR26818137#22,False,True,True,True,0.3,-5.087,UNKNOWN,0.999688,20,19A
NONCBL#ERR331136#23,False,True,True,True,0.326,-5.009,UNKNOWN,0.999265,20,19A
NONCBL#SRR26834268#1,False,True,True,True,0.331,-5.543,UNKNOWN,0.999931,20,8
NONCBL#ERR2090869#1,False,True,True,True,0.093,-4.862,UNKNOWN,0.99962,20,19A
NONCBL#ERR1795503#2,False,True,True,True,0.251,-5.226,UNKNOWN,0.999939,20,19A
NONCBL#SRR26878731#11,False,True,True,True,0.117,-4.862,UNKNOWN,0.999472,20,6B
NONCBL#ERR633055#13,False,True,True,True,0.205,-5.165,UNKNOWN,0.999976,35A_35C_42,12F
NONCBL#ERR9796469#2,False,True,True,True,0.237,-5.031,UNKNOWN,0.999863,20,19A
NONCBL#ERR338238#3,False,True,True,True,0.165,-4.927,UNKNOWN,0.999656,20,12F
NONCBL#SRR26930475#22,False,True,True,True,0.331,-5.012,UNKNOWN,0.999508,20,19A
NONCBL#ERR730145#13,False,True,True,True,0.272,-5.08,UNKNOWN,0.999799,20,19A
NONCBL#SRR26790208#30,False,True,True,True,0.104,-5.031,UNKNOWN,0.999732,20,6B
NONCBL#ERR1422363#1,False,True,True,True,0.207,-4.958,UNKNOWN,0.999808,20,12F
NONCBL#SRR26818126#17,False,True,True,True,0.099,-5.009,UNKNOWN,0.999617,20,25F
NONCBL#SRR26749542#1,False,True,True,True,0.707,-6.632,UNKNOWN,0.999999,35A_35C_42,19B
NONCBL#ERR751185#2,False,True,True,True,0.54,-5.624,UNKNOWN,0.999964,20,12F
NONCBL#SRR26884300#27,False,True,True,True,0.262,-5.268,UNKNOWN,0.999957,20,19A
NONCBL#ERR1202338#7,False,True,True,True,0.127,-5.009,UNKNOWN,0.999756,20,12F
NONCBL#SRR26789596#1,False,True,True,True,0.121,-5.071,UNKNOWN,0.99985,20,19A
NONCBL#ERR1430925#1,False,True,True,True,0.869,-6.716,UNKNOWN,0.999982,20,9V
NONCBL#ERR501593#2,False,True,True,True,0.104,-5.04,UNKNOWN,0.999666,20,25F
NONCBL#ERR980228#1,False,True,True,True,0.165,-5.251,UNKNOWN,0.999894,20,25F
NONCBL#ERR13366042#2,False,True,True,True,0.135,-5.074,UNKNOWN,0.999652,20,25F
NONCBL#SRR26931609#1,False,True,True,True,0.097,-4.825,UNKNOWN,0.996574,20,25F
NONCBL#SRR26910903#3,False,True,True,True,0.116,-4.944,UNKNOWN,0.998415,20,25F
NONCBL#SRR26673096#15,False,True,True,True,0.172,-5.22,UNKNOWN,0.999972,20,12F
NONCBL#ERR2667170#18,False,True,True,True,0.175,-5.039,UNKNOWN,0.999941,20,12F
NONCBL#ERR730822#12,False,True,True,True,0.195,-5.079,UNKNOWN,0.99978,20,12F
NONCBL#SRR26789318#5,False,True,True,True,0.299,-4.993,UNKNOWN,0.999455,20,19A
NONCBL#SRR26878162#1,False,True,True,True,0.176,-5.061,UNKNOWN,0.999663,20,25F
NONCBL#ERR2090514#2,False,True,True,True,0.115,-4.976,UNKNOWN,0.999073,20,12F
NONCBL#ERR2089357#2,False,True,True,True,0.17,-4.892,UNKNOWN,0.999094,20,12F
NONCBL#ERR1799739#1,False,True,True,True,0.336,-5.462,UNKNOWN,0.999975,20,21
NONCBL#ERR5262751#4,False,True,True,True,0.137,-4.824,UNKNOWN,0.999209,20,12F
NONCBL#ERR2089385#2,False,True,True,True,0.167,-4.914,UNKNOWN,0.998749,20,25F
NONCBL#ERR586415#19,False,True,True,True,0.247,-4.922,UNKNOWN,0.999483,20,6B
NONCBL#SRR26673644#1,False,True,True,True,0.234,-4.99,UNKNOWN,0.999498,20,19A
NONCBL#SRR26594231#1,False,True,True,True,0.137,-4.881,UNKNOWN,0.999144,20,12F
NONCBL#SRR26833958#1,False,True,True,True,0.27,-5.068,UNKNOWN,0.999847,20,12F
NONCBL#ERR1202452#1,False,True,True,True,0.396,-5.09,UNKNOWN,0.99944,20,19A
NONCBL#SRR26878612#24,False,True,True,True,0.2,-5.041,UNKNOWN,0.999858,20,6B
NONCBL#ERR1288917#1,False,True,True,True,0.309,-5.37,UNKNOWN,0.99993,20,12F
NONCBL#ERR13366188#6,False,True,True,True,0.327,-5.196,UNKNOWN,0.999619,20,10A
NONCBL#ERR1202316#17,False,True,True,True,0.253,-5.515,UNKNOWN,0.999959,39,25F
NONCBL#ERR13365333#2,False,True,True,True,0.385,-5.134,UNKNOWN,0.999427,20,12F
NONCBL#ERR979930#3,False,True,True,True,0.649,-6.13,UNKNOWN,0.999996,20,12F
NONCBL#SRR26884422#6,False,True,True,True,0.164,-4.915,UNKNOWN,0.999436,20,12F
NONCBL#ERR3899530#6,False,True,True,True,0.275,-4.973,UNKNOWN,0.999209,36,6B
NONCBL#ERR884468#1,False,True,True,True,0.156,-4.766,UNKNOWN,0.998697,20,12F
NONCBL#ERR2225294#6,False,True,True,True,0.154,-4.923,UNKNOWN,0.999745,20,12F
NONCBL#ERR326755#1,False,True,True,True,0.32,-4.953,UNKNOWN,0.999612,20,12F
NONCBL#ERR13364897#26,False,True,True,True,0.16,-4.806,UNKNOWN,0.99918,20,12F
NONCBL#ERR2090180#1,False,True,True,True,0.841,-7.079,UNKNOWN,0.999999,20,12F
NONCBL#ERR1066013#1,False,True,True,True,0.436,-5.695,UNKNOWN,0.99999,20,15B
NONCBL#ERR742760#5,False,True,True,True,0.188,-4.86,UNKNOWN,0.999479,20,12F
NONCBL#ERR600546#2,False,True,True,True,0.153,-4.837,UNKNOWN,0.999031,20,12F
NONCBL#SRR26884270#6,False,True,True,True,0.32,-5.634,UNKNOWN,0.999975,20,38
NONCBL#ERR8481826#2,False,True,True,True,0.222,-5.192,UNKNOWN,0.999936,20,19A
NONCBL#ERR1066111#1,False,True,True,True,0.234,-4.99,UNKNOWN,0.999498,20,19A
NONCBL#ERR3899294#1,False,True,True,True,0.303,-5.183,UNKNOWN,0.99991,20,19A
NONCBL#ERR980075#1,False,True,True,True,0.559,-5.429,UNKNOWN,0.999746,20,12F
NONCBL#SRR26833659#1,False,True,True,True,0.323,-5.135,UNKNOWN,0.999727,35A_35C_42,10A
NONCBL#ERR2089707#1,False,True,True,True,0.255,-5.424,UNKNOWN,0.999979,20,12F
NONCBL#ERR14654048#1,False,True,True,True,0.2,-4.954,UNKNOWN,0.999777,20,12F
NONCBL#SRR26818432#1,False,True,True,True,0.393,-5.1,UNKNOWN,0.999494,20,19A
NONCBL#ERR13365861#1,False,True,True,True,0.329,-5.259,UNKNOWN,0.99991,20,19A
NONCBL#ERR925182#15,False,True,True,True,0.14,-4.965,UNKNOWN,0.999764,20,12F
NONCBL#SRR26879522#25,False,True,True,True,0.132,-4.874,UNKNOWN,0.999549,20,12F
NONCBL#ERR1540815#1,False,True,True,True,0.229,-4.853,UNKNOWN,0.999396,20,12F
NONCBL#ERR884326#16,False,True,True,True,0.241,-5.491,UNKNOWN,0.999998,35A_35C_42,6B
NONCBL#ERR1202574#8,False,True,True,True,0.177,-4.892,UNKNOWN,0.999587,20,12F
NONCBL#ERR1202576#2,False,True,True,True,0.297,-5.604,UNKNOWN,0.999995,20,12F
NONCBL#ERR876750#16,False,True,True,True,0.17,-5.374,UNKNOWN,0.999981,20,12F
NONCBL#SRR26789767#10,False,True,True,True,0.196,-4.925,UNKNOWN,0.998981,20,12F
NONCBL#ERR13364487#1,False,True,True,True,0.291,-5.09,UNKNOWN,0.999702,20,19A
NONCBL#SRR26750069#3,False,True,True,True,0.22,-5.0,UNKNOWN,0.999768,20,9N
NONCBL#ERR925086#2,False,True,True,True,0.204,-5.306,UNKNOWN,0.999974,20,25F
NONCBL#ERR3303446#1,False,True,True,True,0.2,-5.201,UNKNOWN,0.999941,20,10A
NONCBL#SRR26878550#2,False,True,True,True,0.457,-5.516,UNKNOWN,0.999988,20,12F
NONCBL#SRR26594459#1,False,True,True,True,0.375,-5.306,UNKNOWN,0.999926,20,12F
NONCBL#ERR2681155#8,False,True,True,True,0.334,-5.109,UNKNOWN,0.999673,20,19A
NONCBL#ERR505729#14,False,True,True,True,0.252,-5.057,UNKNOWN,0.999744,20,19A
NONCBL#ERR7567937#16,False,True,True,True,0.238,-4.97,UNKNOWN,0.999556,20,19A
NONCBL#SRR26797568#7,False,True,True,True,0.231,-4.989,UNKNOWN,0.999506,20,19A
NONCBL#ERR2090463#21,False,True,True,True,0.12,-5.024,UNKNOWN,0.999765,20,6B
NONCBL#SRR26879623#1,False,True,True,True,0.272,-5.042,UNKNOWN,0.999492,20,19A
NONCBL#ERR3303327#21,False,True,True,True,0.122,-4.914,UNKNOWN,0.999171,20,6B
NONCBL#SRR26930982#2,False,True,True,True,0.332,-5.151,UNKNOWN,0.999836,20,12F
NONCBL#SRR26749341#3,False,True,True,True,0.315,-5.12,UNKNOWN,0.999773,20,19A
NONCBL#ERR774163#3,False,True,True,True,0.153,-4.927,UNKNOWN,0.999769,20,14
NONCBL#SRR26911092#3,False,True,True,True,0.231,-5.268,UNKNOWN,0.999931,35A_35C_42,10F
NONCBL#ERR632952#1,False,True,True,True,0.173,-4.959,UNKNOWN,0.99983,35A_35C_42,12F
NONCBL#SRR26818420#3,False,True,True,True,0.44,-5.288,UNKNOWN,0.999939,20,19A
NONCBL#ERR1453501#15,False,True,True,True,0.281,-5.16,UNKNOWN,0.999764,20,18F
NONCBL#SRR26594702#4,False,True,True,True,0.371,-5.051,UNKNOWN,0.999359,20,19A
NONCBL#ERR3669264#4,False,True,True,True,0.119,-5.178,UNKNOWN,0.999923,20,22F
NONCBL#ERR845790#5,False,True,True,True,0.225,-4.872,UNKNOWN,0.999529,20,12F
NONCBL#SRR26789828#18,False,True,True,True,0.301,-5.046,UNKNOWN,0.999539,20,19A
NONCBL#ERR3217707#4,False,True,True,True,0.146,-4.853,UNKNOWN,0.999302,20,12F
NONCBL#ERR505747#8,False,True,True,True,0.14,-4.798,UNKNOWN,0.998185,20,12F
NONCBL#ERR13364454#3,False,True,True,True,0.135,-5.074,UNKNOWN,0.999652,20,25F
NONCBL#ERR2090971#1,False,True,True,True,0.257,-4.935,UNKNOWN,0.999356,20,19A
NONCBL#ERR2091050#18,False,True,True,True,0.148,-4.85,UNKNOWN,0.999344,20,6A
NONCBL#ERR2681351#1,False,True,True,True,0.137,-5.279,UNKNOWN,0.999897,20,4
NONCBL#SRR26789429#14,False,True,True,True,0.192,-5.233,UNKNOWN,0.999962,20,12F
NONCBL#ERR714691#16,False,True,True,True,0.214,-5.302,UNKNOWN,0.999991,35A_35C_42,6B
NONCBL#SRR26834289#1,False,True,True,True,0.467,-5.581,UNKNOWN,0.999992,20,12F
NONCBL#SRR26911129#5,False,True,True,True,0.272,-5.042,UNKNOWN,0.999492,20,19A
NONCBL#SRR26910581#1,False,True,True,True,0.129,-5.096,UNKNOWN,0.999857,20,12F
NONCBL#ERR2089447#17,False,True,True,True,0.236,-5.195,UNKNOWN,0.999887,20,7C
NONCBL#SRR26930707#1,False,True,True,True,0.301,-4.96,UNKNOWN,0.999335,20,19A
NONCBL#ERR869820#6,False,True,True,True,0.106,-5.052,UNKNOWN,0.99959,20,25F
NONCBL#ERR2090488#3,False,True,True,True,0.45,-5.264,UNKNOWN,0.999753,20,19A
NONCBL#ERR742658#3,False,True,True,True,0.244,-4.875,UNKNOWN,0.999477,20,12F
NONCBL#ERR338212#1,False,True,True,True,0.167,-5.318,UNKNOWN,0.999881,20,11B
NONCBL#SRR26818193#5,False,True,True,True,0.265,-5.036,UNKNOWN,0.999642,20,19A
NONCBL#ERR2090512#1,False,True,True,True,0.213,-5.196,UNKNOWN,0.999923,20,19A
NONCBL#ERR646587#1,False,True,True,True,0.347,-5.237,UNKNOWN,0.999946,20,15B
NONCBL#SRR26879661#23,False,True,True,True,0.531,-5.515,UNKNOWN,0.999947,20,12F
NONCBL#ERR516623#5,False,True,True,True,0.124,-4.942,UNKNOWN,0.999716,20,21
NONCBL#ERR774256#2,False,True,True,True,0.156,-5.047,UNKNOWN,0.999867,20,6A
NONCBL#ERR2681047#22,False,True,True,True,0.284,-5.179,UNKNOWN,0.999869,20,19A
NONCBL#ERR2853449#1,False,True,True,True,0.406,-5.126,UNKNOWN,0.999538,20,19A
NONCBL#ERR876668#15,False,True,True,True,0.17,-5.374,UNKNOWN,0.999981,20,12F
NONCBL#ERR2089036#4,False,True,True,True,0.194,-4.927,UNKNOWN,0.999589,35A_35C_42,6B
NONCBL#ERR570423#1,False,True,True,True,0.24,-4.971,UNKNOWN,0.99971,20,12F
NONCBL#SRR26930499#7,False,True,True,True,0.077,-4.861,UNKNOWN,0.999231,20,48
NONCBL#ERR8481741#22,False,True,True,True,0.169,-4.985,UNKNOWN,0.999678,20,25F
NONCBL#SRR26880226#5,False,True,True,True,0.147,-5.192,UNKNOWN,0.999906,20,12F
NONCBL#SRR26714624#2,False,True,True,True,0.138,-5.024,UNKNOWN,0.999816,20,8
NONCBL#SRR26714610#28,False,True,True,True,0.469,-5.558,UNKNOWN,0.999973,20,12F
NONCBL#ERR2089020#3,False,True,True,True,0.173,-5.166,UNKNOWN,0.999754,20,7C
NONCBL#SRR26594798#9,False,True,True,True,0.124,-5.164,UNKNOWN,0.999923,20,25F
NONCBL#ERR1202397#1,False,True,True,True,0.572,-5.644,UNKNOWN,0.999973,20,8
NONCBL#ERR900673#3,False,True,True,True,0.494,-5.749,UNKNOWN,0.999996,20,12F
NONCBL#SRR26833911#26,False,True,True,True,0.201,-4.912,UNKNOWN,0.999024,35A_35C_42,10A
NONCBL#SRR26714609#24,False,True,True,True,0.322,-5.126,UNKNOWN,0.999797,20,19A
NONCBL#SRR26833610#1,False,True,True,True,0.383,-5.281,UNKNOWN,0.999898,20,38
NONCBL#SRR26930611#6,False,True,True,True,0.32,-5.634,UNKNOWN,0.999975,20,38
NONCBL#ERR600252#2,False,True,True,True,0.255,-5.096,UNKNOWN,0.999518,20,19A
NONCBL#ERR2090724#1,False,True,True,True,0.122,-4.788,UNKNOWN,0.998696,20,12F
NONCBL#SRR26594833#2,False,True,True,True,0.083,-4.959,UNKNOWN,0.999647,20,10A
NONCBL#ERR1788035#6,False,True,True,True,0.201,-5.311,UNKNOWN,0.999993,35A_35C_42,6B
NONCBL#ERR1214488#2,False,True,True,True,0.091,-4.804,UNKNOWN,0.997342,20,25F
NONCBL#ERR13366141#9,False,True,True,True,0.082,-4.776,UNKNOWN,0.998268,20,12F
NONCBL#ERR884665#9,False,True,True,True,0.338,-5.093,UNKNOWN,0.999633,20,19A
NONCBL#ERR1288989#26,False,True,True,True,0.137,-4.924,UNKNOWN,0.999414,35A_35C_42,25F
NONCBL#SRR26715027#4,False,True,True,True,0.416,-5.735,UNKNOWN,0.999993,20,12F
NONCBL#SRR26910994#3,False,True,True,True,0.142,-5.375,UNKNOWN,0.999987,20,19A
NONCBL#ERR925288#1,False,True,True,True,0.135,-4.849,UNKNOWN,0.999168,20,12F
NONCBL#ERR4289072#5,False,True,True,True,0.218,-4.996,UNKNOWN,0.999809,20,10A
NONCBL#ERR326482#90,False,True,True,True,0.125,-4.969,UNKNOWN,0.999625,36,10A
NONCBL#SRR26878410#2,False,True,True,True,0.36,-5.586,UNKNOWN,0.999943,20,19A
NONCBL#ERR1214395#27,False,True,True,True,0.177,-4.826,UNKNOWN,0.999259,20,12F
NONCBL#ERR1422594#17,False,True,True,True,0.106,-5.0,UNKNOWN,0.999708,36,6B
NONCBL#ERR730862#1,False,True,True,True,0.399,-5.677,UNKNOWN,0.999973,20,4
NONCBL#ERR1106688#25,False,True,True,True,0.26,-5.56,UNKNOWN,0.999998,35A_35C_42,12F
NONCBL#ERR1202282#6,False,True,True,True,0.116,-5.05,UNKNOWN,0.999753,20,48
NONCBL#SRR26789829#2,False,True,True,True,0.14,-5.045,UNKNOWN,0.999846,20,6B
NONCBL#SRR26884397#16,False,True,True,True,0.079,-4.868,UNKNOWN,0.99903,20,12F
NONCBL#ERR7567982#2,False,True,True,True,0.322,-4.997,UNKNOWN,0.999357,20,19A
NONCBL#SRR26673178#13,False,True,True,True,0.315,-5.12,UNKNOWN,0.999773,20,19A
NONCBL#ERR352041#1,False,True,True,True,0.476,-5.4,UNKNOWN,0.999963,20,19A
NONCBL#ERR3303412#16,False,True,True,True,0.277,-4.933,UNKNOWN,0.99945,20,19A
NONCBL#ERR730706#21,False,True,True,True,0.237,-5.107,UNKNOWN,0.999745,20,19A
NONCBL#ERR600514#7,False,True,True,True,0.19,-4.921,UNKNOWN,0.999677,20,12F
NONCBL#ERR1422534#1,False,True,True,True,0.173,-4.931,UNKNOWN,0.999423,20,6A
NONCBL#ERR505523#1,False,True,True,True,0.36,-5.041,UNKNOWN,0.99939,20,19A
NONCBL#ERR1788059#32,False,True,True,True,0.165,-4.811,UNKNOWN,0.999276,20,12F
NONCBL#SRR26750088#4,False,True,True,True,0.139,-4.962,UNKNOWN,0.99949,20,12F
NONCBL#ERR2681272#1,False,True,True,True,0.089,-4.783,UNKNOWN,0.998289,20,12F
NONCBL#SRR26790168#27,False,True,True,True,0.166,-4.859,UNKNOWN,0.997379,20,25F
NONCBL#ERR1202556#13,False,True,True,True,0.263,-5.067,UNKNOWN,0.999758,20,19A
NONCBL#ERR1788243#6,False,True,True,True,0.355,-5.213,UNKNOWN,0.999866,20,19A
NONCBL#ERR714512#6,False,True,True,True,0.346,-5.311,UNKNOWN,0.99995,20,19A
NONCBL#SRR26833975#26,False,True,True,True,0.331,-5.118,UNKNOWN,0.999717,20,19A
NONCBL#ERR4289107#2,False,True,True,True,0.336,-5.185,UNKNOWN,0.999888,20,19A
NONCBL#ERR13364895#3,False,True,True,True,0.126,-4.858,UNKNOWN,0.996406,20,25F
NONCBL#ERR2853566#1,False,True,True,True,0.417,-5.635,UNKNOWN,0.999994,20,12F
NONCBL#SRR26930976#13,False,True,True,True,0.158,-4.942,UNKNOWN,0.999414,20,12F
NONCBL#ERR3899528#3,False,True,True,True,0.365,-5.154,UNKNOWN,0.999893,20,19A
NONCBL#ERR5262740#23,False,True,True,True,0.21,-4.955,UNKNOWN,0.999178,20,19A
NONCBL#ERR913300#23,False,True,True,True,0.246,-5.181,UNKNOWN,0.999946,20,12F
NONCBL#ERR2090919#18,False,True,True,True,0.164,-5.274,UNKNOWN,0.999976,20,15B
NONCBL#SRR26834273#4,False,True,True,True,0.239,-4.988,UNKNOWN,0.999348,20,19A
NONCBL#ERR2090596#1,False,True,True,True,0.639,-5.99,UNKNOWN,0.999996,20,12F
NONCBL#ERR13365001#12,False,True,True,True,0.299,-5.111,UNKNOWN,0.999822,20,19A
NONCBL#ERR13364573#12,False,True,True,True,0.123,-4.925,UNKNOWN,0.999566,35A_35C_42,19A
NONCBL#SRR26672874#1,False,True,True,True,0.285,-5.158,UNKNOWN,0.999876,20,14
NONCBL#SRR26833802#5,False,True,True,True,0.186,-4.947,UNKNOWN,0.99976,20,6B
NONCBL#ERR2667775#1,False,True,True,True,0.569,-5.617,UNKNOWN,0.999965,20,12F
NONCBL#ERR7567796#2,False,True,True,True,0.169,-4.891,UNKNOWN,0.99939,20,12F
NONCBL#ERR632988#16,False,True,True,True,0.172,-4.915,UNKNOWN,0.999316,35A_35C_42,12F
NONCBL#ERR3303245#1,False,True,True,True,0.132,-5.117,UNKNOWN,0.999844,20,48
NONCBL#ERR909127#1,False,True,True,True,0.335,-5.686,UNKNOWN,0.999989,20,23B
NONCBL#ERR913088#2,False,True,True,True,0.184,-5.047,UNKNOWN,0.999721,20,12F
NONCBL#ERR2681144#3,False,True,True,True,0.276,-5.219,UNKNOWN,0.999939,20,19A
NONCBL#SRR26798005#2,False,True,True,True,0.144,-4.883,UNKNOWN,0.998804,20,10A
NONCBL#SRR26878316#28,False,True,True,True,0.264,-5.061,UNKNOWN,0.999757,20,19A
NONCBL#ERR3796843#1,False,True,True,True,0.374,-5.712,UNKNOWN,0.999996,20,8
NONCBL#SRR26930886#15,False,True,True,True,0.273,-5.117,UNKNOWN,0.999867,20,12F
NONCBL#ERR2853614#2,False,True,True,True,0.344,-5.68,UNKNOWN,0.999996,20,12F
NONCBL#ERR646566#2,False,True,True,True,0.115,-5.052,UNKNOWN,0.99977,20,25F
NONCBL#SRR26789874#2,False,True,True,True,0.397,-5.695,UNKNOWN,0.999996,20,12F
NONCBL#ERR600523#29,False,True,True,True,0.308,-5.397,UNKNOWN,0.999981,35A_35C_42,12F
NONCBL#SRR26789354#5,False,True,True,True,0.16,-4.896,UNKNOWN,0.999419,20,12F
NONCBL#ERR633035#1,False,True,True,True,0.227,-4.98,UNKNOWN,0.999778,20,9N
NONCBL#SRR26714212#11,False,True,True,True,0.104,-4.809,UNKNOWN,0.998068,20,9N
NONCBL#SRR26878230#20,False,True,True,True,0.197,-4.804,UNKNOWN,0.999102,20,12F
NONCBL#SRR26884654#15,False,True,True,True,0.358,-5.184,UNKNOWN,0.999891,20,19A
NONCBL#ERR13364675#5,False,True,True,True,0.297,-5.259,UNKNOWN,0.999923,20,12F
NONCBL#ERR433909#25,False,True,True,True,0.129,-4.912,UNKNOWN,0.999279,20,6A
NONCBL#ERR1202546#3,False,True,True,True,0.227,-5.124,UNKNOWN,0.999893,20,12F
NONCBL#ERR2681385#1,False,True,True,True,0.083,-4.838,UNKNOWN,0.999069,20,10A
NONCBL#ERR433644#68,False,True,True,True,0.194,-4.908,UNKNOWN,0.999421,35A_35C_42,6B
NONCBL#ERR13365709#3,False,True,True,True,0.348,-4.992,UNKNOWN,0.999257,20,19A
NONCBL#ERR2667141#7,False,True,True,True,0.211,-4.926,UNKNOWN,0.999638,20,19A
NONCBL#ERR3796756#4,False,True,True,True,0.126,-5.061,UNKNOWN,0.999765,20,6B
NONCBL#ERR340889#11,False,True,True,True,0.282,-5.057,UNKNOWN,0.999755,20,19A
NONCBL#ERR600448#15,False,True,True,True,0.164,-5.046,UNKNOWN,0.999841,20,15B
NONCBL#ERR646572#10,False,True,True,True,0.449,-5.268,UNKNOWN,0.999755,20,19A
NONCBL#SRR26833589#2,False,True,True,True,0.459,-5.578,UNKNOWN,0.999978,20,12F
NONCBL#ERR600557#4,False,True,True,True,0.182,-4.945,UNKNOWN,0.99948,20,12F
NONCBL#SRR26789875#4,False,True,True,True,0.336,-5.121,UNKNOWN,0.999705,20,19A
NONCBL#ERR13364661#2,False,True,True,True,0.1,-4.798,UNKNOWN,0.998074,20,12F
NONCBL#SRR26910483#1,False,True,True,True,0.364,-5.187,UNKNOWN,0.999912,20,19A
NONCBL#ERR3723355#7,False,True,True,True,0.178,-5.101,UNKNOWN,0.999895,20,12F
NONCBL#ERR505686#21,False,True,True,True,0.202,-5.0,UNKNOWN,0.999874,20,6B
NONCBL#ERR433514#26,False,True,True,True,0.253,-4.996,UNKNOWN,0.999828,20,12F
NONCBL#ERR3303355#2,False,True,True,True,0.303,-4.997,UNKNOWN,0.999426,20,19A
NONCBL#SRR26818000#4,False,True,True,True,0.165,-5.019,UNKNOWN,0.999893,20,12F
NONCBL#SRR26714481#1,False,True,True,True,0.281,-4.945,UNKNOWN,0.999499,20,19A
NONCBL#SRR26931298#1,False,True,True,True,0.158,-4.91,UNKNOWN,0.999469,35A_35C_42,6B
NONCBL#SRR26877829#2,False,True,True,True,0.203,-4.893,UNKNOWN,0.999506,20,19A
NONCBL#ERR433841#7,False,True,True,True,0.307,-5.294,UNKNOWN,0.999959,20,19A
NONCBL#ERR979886#19,False,True,True,True,0.254,-4.926,UNKNOWN,0.999804,20,6B
NONCBL#ERR913360#1,False,True,True,True,0.112,-5.071,UNKNOWN,0.99944,20,10A
NONCBL#ERR13365711#1,False,True,True,True,0.372,-5.124,UNKNOWN,0.999905,20,6B
NONCBL#ERR505585#3,False,True,True,True,0.259,-5.127,UNKNOWN,0.999747,20,12F
NONCBL#ERR338169#11,False,True,True,True,0.274,-5.051,UNKNOWN,0.999728,20,19A
NONCBL#SRR26672949#2,False,True,True,True,0.379,-5.556,UNKNOWN,0.999966,20,12F
NONCBL#SRR26878207#3,False,True,True,True,0.116,-4.923,UNKNOWN,0.99958,20,12F
NONCBL#ERR2090460#1,False,True,True,True,0.35,-5.015,UNKNOWN,0.999232,20,19A
NONCBL#ERR1422504#1,False,True,True,True,0.093,-4.915,UNKNOWN,0.999312,20,14
NONCBL#ERR13365281#7,False,True,True,True,0.192,-5.045,UNKNOWN,0.999674,20,9V
NONCBL#ERR1422574#18,False,True,True,True,0.227,-5.032,UNKNOWN,0.999493,20,14
NONCBL#SRR26833748#2,False,True,True,True,0.147,-4.778,UNKNOWN,0.998546,20,19A
NONCBL#SRR26714244#8,False,True,True,True,0.281,-5.005,UNKNOWN,0.999316,20,19A
NONCBL#ERR1453517#10,False,True,True,True,0.112,-5.066,UNKNOWN,0.999772,20,25F
NONCBL#ERR13365555#1,False,True,True,True,0.4,-5.218,UNKNOWN,0.999829,20,19A
NONCBL#ERR2089396#5,False,True,True,True,0.11,-4.818,UNKNOWN,0.998676,20,12F
NONCBL#ERR13365051#2,False,True,True,True,0.194,-5.292,UNKNOWN,0.999974,20,12F
NONCBL#SRR26879624#3,False,True,True,True,0.234,-4.989,UNKNOWN,0.999491,20,19A
NONCBL#ERR2681261#26,False,True,True,True,0.187,-4.955,UNKNOWN,0.999669,35A_35C_42,6B
NONCBL#ERR1191906#18,False,True,True,True,0.137,-5.004,UNKNOWN,0.99949,20,25F
NONCBL#SRR26931844#1,False,True,True,True,0.205,-4.972,UNKNOWN,0.999813,20,12F
NONCBL#ERR1422563#2,False,True,True,True,0.101,-4.876,UNKNOWN,0.999139,20,12F
NONCBL#ERR742751#3,False,True,True,True,0.156,-4.901,UNKNOWN,0.999773,20,6B
NONCBL#ERR13366016#29,False,True,True,True,0.123,-5.127,UNKNOWN,0.999664,20,25F
NONCBL#SRR26880218#37,False,True,True,True,0.117,-5.113,UNKNOWN,0.999638,20,25F
NONCBL#ERR1066270#18,False,True,True,True,0.293,-5.163,UNKNOWN,0.999949,20,6B
NONCBL#SRR26673626#19,False,True,True,True,0.24,-5.281,UNKNOWN,0.999981,35A_35C_42,12F
NONCBL#ERR3899310#9,False,True,True,True,0.284,-4.922,UNKNOWN,0.999566,20,12F
NONCBL#SRR26797875#4,False,True,True,True,0.105,-4.845,UNKNOWN,0.999231,20,6B
NONCBL#ERR13364614#9,False,True,True,True,0.262,-5.238,UNKNOWN,0.999953,20,19A
NONCBL#ERR1066317#8,False,True,True,True,0.121,-4.964,UNKNOWN,0.999577,20,6B
NONCBL#ERR862405#38,False,True,True,True,0.275,-4.916,UNKNOWN,0.999209,20,19A
NONCBL#ERR13365433#2,False,True,True,True,0.295,-5.133,UNKNOWN,0.999914,20,12F
NONCBL#SRR26884346#20,False,True,True,True,0.312,-5.118,UNKNOWN,0.999773,20,19A
NONCBL#ERR730394#22,False,True,True,True,0.173,-4.866,UNKNOWN,0.999501,20,12F
NONCBL#SRR26930858#6,False,True,True,True,0.145,-4.953,UNKNOWN,0.999706,20,19A
NONCBL#ERR870226#3,False,True,True,True,0.198,-4.945,UNKNOWN,0.999654,20,12F
NONCBL#ERR1065841#1,False,True,True,True,0.63,-6.113,UNKNOWN,0.999996,20,12F
NONCBL#SRR26878588#4,False,True,True,True,0.234,-4.989,UNKNOWN,0.999491,20,19A
NONCBL#ERR1214381#16,False,True,True,True,0.303,-5.189,UNKNOWN,0.999915,20,19A
NONCBL#SRR26884451#6,False,True,True,True,0.165,-4.927,UNKNOWN,0.999656,20,12F
NONCBL#ERR1066332#4,False,True,True,True,0.143,-5.01,UNKNOWN,0.999712,20,19A
NONCBL#SRR26884605#4,False,True,True,True,0.266,-4.918,UNKNOWN,0.999188,20,19A
NONCBL#ERR2667380#5,False,True,True,True,0.276,-5.24,UNKNOWN,0.99994,20,19A
NONCBL#ERR869840#1,False,True,True,True,0.291,-5.087,UNKNOWN,0.9996,20,19A
NONCBL#SRR26714716#1,False,True,True,True,0.122,-5.023,UNKNOWN,0.999468,20,33F
NONCBL#ERR2090536#29,False,True,True,True,0.123,-5.127,UNKNOWN,0.999664,20,25F
NONCBL#ERR1065902#6,False,True,True,True,0.339,-5.32,UNKNOWN,0.999957,20,19A
NONCBL#ERR3796828#2,False,True,True,True,0.109,-4.97,UNKNOWN,0.999456,20,6B
NONCBL#SRR26818671#5,False,True,True,True,0.194,-4.864,UNKNOWN,0.999174,20,12F
NONCBL#ERR13366124#24,False,True,True,True,0.184,-4.861,UNKNOWN,0.998627,20,25F
NONCBL#ERR2667541#8,False,True,True,True,0.241,-5.374,UNKNOWN,0.999974,20,19A
NONCBL#ERR4501325#2,False,True,True,True,0.266,-4.954,UNKNOWN,0.999402,35A_35C_42,6B
NONCBL#SRR26594750#1,False,True,True,True,0.419,-5.944,UNKNOWN,0.999998,20,12F
NONCBL#ERR1788189#16,False,True,True,True,0.429,-6.461,UNKNOWN,1.0,20,19B
NONCBL#ERR1214665#25,False,True,True,True,0.323,-5.0,UNKNOWN,0.999545,20,19A
NONCBL#ERR13366148#28,False,True,True,True,0.105,-4.974,UNKNOWN,0.999809,20,48
NONCBL#ERR2853425#4,False,True,True,True,0.193,-4.912,UNKNOWN,0.999119,35A_35C_42,10A
NONCBL#ERR1788362#10,False,True,True,True,0.352,-5.049,UNKNOWN,0.99948,20,19A
NONCBL#ERR438981#6,False,True,True,True,0.103,-5.073,UNKNOWN,0.99964,20,10A
NONCBL#SRR26790207#2,False,True,True,True,0.327,-5.112,UNKNOWN,0.999877,20,19A
NONCBL#ERR2089509#3,False,True,True,True,0.106,-4.929,UNKNOWN,0.999557,20,25F
NONCBL#ERR2090041#9,False,True,True,True,0.364,-5.047,UNKNOWN,0.999457,20,19A
NONCBL#ERR13374831#21,False,True,True,True,0.135,-5.088,UNKNOWN,0.999864,20,6B
NONCBL#ERR1065510#1,False,True,True,True,0.537,-6.216,UNKNOWN,0.999993,20,12F
NONCBL#ERR1066278#2,False,True,True,True,0.231,-4.902,UNKNOWN,0.999247,35A_35C_42,6B
NONCBL#ERR2090534#2,False,True,True,True,0.517,-5.772,UNKNOWN,0.999995,20,12F
NONCBL#ERR13374689#5,False,True,True,True,0.347,-5.027,UNKNOWN,0.999398,20,19A
NONCBL#SRR26879518#1,False,True,True,True,0.225,-4.929,UNKNOWN,0.999623,20,12F
NONCBL#ERR2667444#2,False,True,True,True,0.266,-4.954,UNKNOWN,0.999402,35A_35C_42,6B
NONCBL#ERR730256#4,False,True,True,True,0.329,-5.381,UNKNOWN,0.999989,35A_35C_42,12F
NONCBL#ERR876496#6,False,True,False,True,0.982,-8.938,UNKNOWN,0.674982,20,12F
NONCBL#SRR26594429#3,False,True,True,True,0.183,-4.962,UNKNOWN,0.999845,20,12F
NONCBL#ERR2853488#1,False,True,True,True,0.145,-5.085,UNKNOWN,0.999851,20,19A
NONCBL#ERR433792#1,False,True,True,True,0.195,-4.945,UNKNOWN,0.999611,20,19A
NONCBL#ERR13365741#5,False,True,True,True,0.309,-4.95,UNKNOWN,0.999215,20,19A
NONCBL#ERR568693#5,False,True,True,True,0.105,-4.856,UNKNOWN,0.999148,20,12F
NONCBL#SRR26931747#1,False,True,True,True,0.196,-5.13,UNKNOWN,0.99993,20,10A
NONCBL#ERR3270734#3,False,True,True,True,0.31,-4.973,UNKNOWN,0.999445,20,19A
NONCBL#ERR751124#3,False,True,True,True,0.377,-5.085,UNKNOWN,0.999672,20,12F
NONCBL#ERR1430874#5,False,True,True,True,0.416,-5.152,UNKNOWN,0.99957,20,19A
NONCBL#SRR26714097#8,False,True,True,True,0.325,-4.966,UNKNOWN,0.999094,20,19A
NONCBL#ERR662441#12,False,True,True,True,0.343,-5.054,UNKNOWN,0.999582,20,19A
NONCBL#ERR1214677#7,False,True,True,True,0.353,-5.37,UNKNOWN,0.999977,20,12F
NONCBL#ERR774120#11,False,True,True,True,0.336,-4.995,UNKNOWN,0.999296,20,19A
NONCBL#ERR331434#1,False,True,True,True,0.244,-4.935,UNKNOWN,0.99961,20,19A
NONCBL#SRR26594998#1,False,True,True,True,0.171,-4.824,UNKNOWN,0.998947,20,12F
NONCBL#ERR433688#30,False,True,True,True,0.13,-4.848,UNKNOWN,0.999431,20,6B
NONCBL#SRR26790067#1,False,True,True,True,0.116,-5.066,UNKNOWN,0.999678,20,25F
NONCBL#SRR26714169#17,False,True,True,True,0.237,-4.985,UNKNOWN,0.99932,20,19A
NONCBL#ERR2090170#1,False,True,True,True,0.285,-5.354,UNKNOWN,0.999975,20,19A
NONCBL#ERR862282#13,False,True,True,True,0.179,-5.204,UNKNOWN,0.999959,20,8
NONCBL#ERR505862#12,False,True,True,True,0.239,-5.095,UNKNOWN,0.999787,20,10A
NONCBL#SRR26673143#8,False,True,True,True,0.124,-5.01,UNKNOWN,0.999697,20,19A
NONCBL#ERR774122#3,False,True,True,True,0.147,-4.83,UNKNOWN,0.99878,20,12F
NONCBL#ERR925277#4,False,True,True,True,0.155,-4.87,UNKNOWN,0.999412,20,12F
NONCBL#ERR730802#1,False,True,True,True,0.385,-5.749,UNKNOWN,0.999991,20,19A
NONCBL#SRR26714419#24,False,True,True,True,0.184,-4.873,UNKNOWN,0.999246,20,12F
NONCBL#SRR26880373#9,False,True,True,True,0.198,-4.932,UNKNOWN,0.999714,20,12F
NONCBL#ERR13364520#19,False,True,True,True,0.346,-5.027,UNKNOWN,0.99938,20,19A
NONCBL#ERR1065828#16,False,True,True,True,0.345,-5.301,UNKNOWN,0.999945,20,15B
NONCBL#ERR1202586#1,False,True,True,True,0.252,-5.315,UNKNOWN,0.999987,35A_35C_42,12F
NONCBL#ERR13364637#21,False,True,True,True,0.179,-5.123,UNKNOWN,0.999938,20,15B
NONCBL#ERR2667883#9,False,True,True,True,0.118,-4.838,UNKNOWN,0.998974,20,6A
NONCBL#ERR331413#8,False,True,True,True,0.189,-5.016,UNKNOWN,0.999708,20,12F
NONCBL#ERR742486#2,False,True,True,True,0.152,-4.845,UNKNOWN,0.999433,20,12F
NONCBL#SRR26931313#4,False,True,True,True,0.161,-5.203,UNKNOWN,0.999909,20,25F
NONCBL#SRR26931639#1,False,True,True,True,0.316,-5.12,UNKNOWN,0.99977,20,19A
NONCBL#ERR600249#35,False,True,True,True,0.123,-5.127,UNKNOWN,0.999664,20,25F
NONCBL#ERR913337#1,False,True,True,True,0.236,-5.217,UNKNOWN,0.999954,20,19A
NONCBL#SRR26673260#4,False,True,True,True,0.108,-4.851,UNKNOWN,0.997861,20,25F
NONCBL#SRR26879883#16,False,True,True,True,0.154,-5.062,UNKNOWN,0.999797,20,8
NONCBL#ERR586460#7,False,True,True,True,0.17,-5.448,UNKNOWN,0.999992,20,23B
NONCBL#ERR1066089#2,False,True,True,True,0.073,-4.97,UNKNOWN,0.999004,20,12F
NONCBL#SRR26879544#7,False,True,True,True,0.127,-4.933,UNKNOWN,0.99974,20,12F
NONCBL#ERR2680598#1,False,True,True,True,0.11,-4.868,UNKNOWN,0.999593,20,19A
NONCBL#ERR2853684#2,False,True,True,True,0.231,-4.968,UNKNOWN,0.999646,20,12F
NONCBL#SRR26797215#1,False,True,True,True,0.367,-5.41,UNKNOWN,0.999972,20,12F
NONCBL#SRR26834468#2,False,True,True,True,0.135,-5.066,UNKNOWN,0.99987,35A_35C_42,10A
NONCBL#SRR26910411#1,False,True,True,True,0.112,-4.907,UNKNOWN,0.997916,20,25F
NONCBL#SRR26673607#20,False,True,True,True,0.323,-4.982,UNKNOWN,0.999338,20,19A
NONCBL#SRR26714103#1,False,True,True,True,0.153,-4.957,UNKNOWN,0.999808,20,6B
NONCBL#ERR774379#1,False,True,True,True,0.207,-5.284,UNKNOWN,0.999979,20,12F
NONCBL#SRR26883830#6,False,True,True,True,0.327,-4.974,UNKNOWN,0.999385,20,19A
NONCBL#ERR13365782#13,False,True,True,True,0.093,-4.916,UNKNOWN,0.999314,35A_35C_42,12F
NONCBL#SRR26910355#4,False,True,True,True,0.154,-4.907,UNKNOWN,0.99941,20,12F
NONCBL#SRR26910380#14,False,True,True,True,0.195,-5.263,UNKNOWN,0.999986,35A_35C_42,12F
NONCBL#SRR26877912#5,False,True,True,True,0.129,-4.889,UNKNOWN,0.999388,35A_35C_42,25F
NONCBL#ERR1065715#14,False,True,True,True,0.351,-5.211,UNKNOWN,0.999785,20,10A
NONCBL#ERR1430962#2,False,True,True,True,0.206,-5.238,UNKNOWN,0.999973,20,6B
NONCBL#ERR997674#1,False,True,True,True,0.114,-5.184,UNKNOWN,0.999913,20,9L
NONCBL#ERR2090159#1,False,True,True,True,0.322,-5.137,UNKNOWN,0.999919,20,19A
NONCBL#ERR13366120#3,False,True,True,True,0.131,-4.993,UNKNOWN,0.999232,20,25F
NONCBL#ERR600078#19,False,True,True,True,0.228,-5.302,UNKNOWN,0.999985,20,16F
NONCBL#ERR1788423#16,False,True,True,True,0.134,-4.796,UNKNOWN,0.998315,20,12F
NONCBL#SRR26930679#5,False,True,True,True,0.122,-4.807,UNKNOWN,0.998203,20,12F
NONCBL#ERR909239#1,False,True,True,True,0.107,-4.956,UNKNOWN,0.999679,20,37
NONCBL#SRR26834325#10,False,True,True,True,0.169,-4.774,UNKNOWN,0.999002,20,12F
NONCBL#ERR505951#2,False,True,True,True,0.109,-4.867,UNKNOWN,0.999587,20,19A
NONCBL#SRR26749767#17,False,True,True,True,0.494,-5.457,UNKNOWN,0.999937,20,12F
NONCBL#SRR26879579#8,False,True,True,True,0.152,-4.888,UNKNOWN,0.999177,20,12F
NONCBL#ERR2667374#5,False,True,True,True,0.196,-4.894,UNKNOWN,0.999593,20,12F
NONCBL#ERR714140#13,False,True,True,True,0.326,-5.109,UNKNOWN,0.999588,20,18F
NONCBL#SRR26673044#1,False,True,True,True,0.25,-4.932,UNKNOWN,0.999691,20,19A
NONCBL#SRR26749378#2,False,True,True,True,0.255,-4.962,UNKNOWN,0.999459,20,19A
NONCBL#ERR586394#31,False,True,True,True,0.256,-5.459,UNKNOWN,0.999997,35A_35C_42,12F
NONCBL#SRR26673099#10,False,True,True,True,0.171,-4.989,UNKNOWN,0.999737,20,19A
NONCBL#ERR742800#3,False,True,True,True,0.188,-5.102,UNKNOWN,0.9999,20,19A
NONCBL#ERR913525#17,False,True,True,True,0.262,-4.975,UNKNOWN,0.999543,20,10A
NONCBL#ERR516666#20,False,True,True,True,0.126,-4.857,UNKNOWN,0.999129,35A_35C_42,25F
NONCBL#ERR600622#5,False,True,True,True,0.173,-4.933,UNKNOWN,0.99974,20,12F
NONCBL#SRR26930551#1,False,True,True,True,0.091,-4.956,UNKNOWN,0.999319,20,25F
NONCBL#SRR26880256#20,False,True,True,True,0.342,-5.262,UNKNOWN,0.999964,20,12F
NONCBL#ERR869878#23,False,True,True,True,0.104,-5.013,UNKNOWN,0.999813,20,7C
NONCBL#ERR9796517#9,False,True,True,True,0.281,-5.06,UNKNOWN,0.999646,20,19A
NONCBL#ERR730887#1,False,True,True,True,0.121,-5.021,UNKNOWN,0.999618,20,10F
NONCBL#SRR26884405#3,False,True,True,True,0.474,-5.521,UNKNOWN,0.999977,20,12F
NONCBL#SRR26878059#2,False,True,True,True,0.128,-4.838,UNKNOWN,0.999471,20,12F
NONCBL#ERR900716#20,False,True,True,True,0.136,-4.953,UNKNOWN,0.999546,36,6B
NONCBL#SRR26883982#2,False,True,True,True,0.389,-5.187,UNKNOWN,0.999793,20,12F
NONCBL#ERR862522#12,False,True,True,True,0.439,-5.611,UNKNOWN,0.999985,20,12F
NONCBL#SRR26797832#1,False,True,True,True,0.231,-4.991,UNKNOWN,0.998722,20,25F
NONCBL#ERR8481829#2,False,True,True,True,0.778,-6.808,UNKNOWN,1.0,20,12F
NONCBL#ERR505774#1,False,True,True,True,0.235,-5.15,UNKNOWN,0.999899,20,10A
NONCBL#ERR1202345#2,False,True,True,True,0.182,-4.868,UNKNOWN,0.99961,20,19A
NONCBL#ERR577986#39,False,True,True,True,0.157,-5.254,UNKNOWN,0.99998,20,12F
NONCBL#SRR26880114#1,False,True,True,True,0.115,-5.036,UNKNOWN,0.999634,20,25F
NONCBL#ERR908953#28,False,True,True,True,0.163,-5.294,UNKNOWN,0.999945,20,21
NONCBL#SRR26877871#1,False,True,True,True,0.122,-5.158,UNKNOWN,0.999831,20,38
NONCBL#SRR26714285#4,False,True,True,True,0.141,-5.044,UNKNOWN,0.999903,20,6A
NONCBL#SRR26797200#7,False,True,True,True,0.298,-5.161,UNKNOWN,0.99986,20,19A
NONCBL#ERR730215#16,False,True,True,True,0.148,-4.915,UNKNOWN,0.999556,35A_35C_42,6B
NONCBL#ERR925071#19,False,True,True,True,0.087,-4.97,UNKNOWN,0.999273,20,21
NONCBL#ERR1106643#20,False,True,True,True,0.299,-5.071,UNKNOWN,0.999779,20,19A
NONCBL#ERR750902#2,False,True,True,True,0.347,-5.016,UNKNOWN,0.999498,20,19A
NONCBL#SRR26930262#1,False,True,True,True,0.179,-4.966,UNKNOWN,0.999683,20,8
NONCBL#ERR331453#19,False,True,True,True,0.118,-5.009,UNKNOWN,0.999597,20,12F
NONCBL#ERR3164413#8,False,True,True,True,0.298,-5.107,UNKNOWN,0.999707,20,19A
NONCBL#SRR26930931#5,False,True,True,True,0.327,-5.561,UNKNOWN,0.999997,20,9V
NONCBL#SRR26789740#1,False,True,True,True,0.148,-5.06,UNKNOWN,0.999909,20,38
NONCBL#SRR26878598#21,False,True,True,True,0.152,-5.152,UNKNOWN,0.999933,20,21
NONCBL#SRR26931908#22,False,True,True,True,0.315,-5.12,UNKNOWN,0.999773,20,19A
NONCBL#ERR1453721#3,False,True,True,True,0.288,-4.99,UNKNOWN,0.999789,20,19A
NONCBL#ERR3899318#4,False,True,True,True,0.335,-5.661,UNKNOWN,0.999995,20,12F
NONCBL#ERR862516#24,False,True,True,True,0.285,-5.08,UNKNOWN,0.99969,20,19A
NONCBL#ERR742621#9,False,True,True,True,0.159,-5.217,UNKNOWN,0.999917,20,12F
NONCBL#ERR490752#18,False,True,True,True,0.434,-5.288,UNKNOWN,0.999712,20,12F
NONCBL#ERR913429#2,False,True,True,True,0.16,-4.95,UNKNOWN,0.999721,20,10A
NONCBL#ERR884534#16,False,True,True,True,0.26,-5.249,UNKNOWN,0.99998,35A_35C_42,12F
NONCBL#ERR13365745#9,False,True,True,True,0.166,-5.262,UNKNOWN,0.999801,20,18C
NONCBL#ERR13365096#2,False,True,True,True,0.341,-5.169,UNKNOWN,0.999877,20,19A
NONCBL#SRR26818697#1,False,True,True,True,0.1,-5.053,UNKNOWN,0.999824,20,12F
NONCBL#ERR662404#6,False,True,True,True,0.27,-5.186,UNKNOWN,0.999934,20,19A
NONCBL#ERR2091180#14,False,True,True,True,0.248,-5.09,UNKNOWN,0.999837,20,12F
NONCBL#SRR26672982#1,False,True,True,True,0.14,-4.9,UNKNOWN,0.999507,20,19A
NONCBL#SRR26878568#5,False,True,True,True,0.272,-5.042,UNKNOWN,0.999492,20,19A
NONCBL#SRR26833904#1,False,True,True,True,0.617,-5.873,UNKNOWN,0.999988,20,12F
NONCBL#ERR742864#1,False,True,True,True,0.209,-5.404,UNKNOWN,0.999983,20,8
NONCBL#SRR26930795#6,False,True,True,True,0.387,-5.098,UNKNOWN,0.999468,20,19A
NONCBL#ERR1192167#3,False,True,True,True,0.379,-5.179,UNKNOWN,0.99974,20,19A
NONCBL#ERR2667511#19,False,True,True,True,0.194,-5.18,UNKNOWN,0.999979,20,12F
NONCBL#ERR2681162#2,False,True,True,True,0.151,-5.033,UNKNOWN,0.999813,20,6B
NONCBL#ERR925323#1,False,True,True,True,0.339,-5.129,UNKNOWN,0.999678,20,12F
NONCBL#ERR326445#40,False,True,True,True,0.268,-5.112,UNKNOWN,0.999912,20,12F
NONCBL#SRR26789798#5,False,True,True,True,0.165,-5.019,UNKNOWN,0.999893,20,12F
NONCBL#SRR26880188#17,False,True,True,True,0.192,-5.135,UNKNOWN,0.999957,35A_35C_42,12F
NONCBL#ERR326491#8,False,True,True,True,0.29,-5.055,UNKNOWN,0.99966,20,19A
NONCBL#ERR13364811#2,False,True,True,True,0.095,-4.958,UNKNOWN,0.99939,20,25F
NONCBL#SRR26714511#8,False,True,True,True,0.101,-4.865,UNKNOWN,0.999245,20,25F
NONCBL#SRR26789482#1,False,True,True,True,0.437,-5.262,UNKNOWN,0.999786,20,19A
NONCBL#SRR26834452#1,False,True,True,True,0.501,-5.572,UNKNOWN,0.999982,20,12F
NONCBL#ERR862279#1,False,True,True,True,0.168,-4.924,UNKNOWN,0.999556,20,12F
NONCBL#ERR1202222#45,False,True,True,True,0.183,-4.91,UNKNOWN,0.998132,20,25F
NONCBL#ERR13365729#2,False,True,True,True,0.15,-4.801,UNKNOWN,0.998611,20,12F
NONCBL#ERR2090490#5,False,True,True,True,0.18,-5.342,UNKNOWN,0.999978,20,8
NONCBL#SRR26749216#2,False,True,True,True,0.181,-4.831,UNKNOWN,0.999141,20,12F
NONCBL#SRR26930150#1,False,True,True,True,0.165,-5.019,UNKNOWN,0.999893,20,12F
NONCBL#ERR3270706#5,False,True,True,True,0.436,-5.738,UNKNOWN,0.999995,20,19B
NONCBL#ERR1764041#4,False,True,True,True,0.193,-5.123,UNKNOWN,0.999855,20,12F
NONCBL#SRR26910338#25,False,True,True,True,0.287,-5.164,UNKNOWN,0.999929,20,12F
NONCBL#ERR2667309#5,False,True,True,True,0.135,-5.284,UNKNOWN,0.999951,20,25F
NONCBL#ERR2090226#16,False,True,True,True,0.226,-5.272,UNKNOWN,0.999966,20,14
NONCBL#ERR13374820#16,False,True,True,True,0.222,-5.197,UNKNOWN,0.999951,20,19A
NONCBL#SRR26884088#5,False,True,True,True,0.125,-5.056,UNKNOWN,0.999873,20,6B
NONCBL#ERR3192339#10,False,True,True,True,0.2,-4.941,UNKNOWN,0.999751,20,12F
NONCBL#ERR1191878#4,False,True,True,True,0.354,-5.053,UNKNOWN,0.999577,20,19A
NONCBL#ERR2089147#2,False,True,True,True,0.105,-5.23,UNKNOWN,0.999832,20,7C
NONCBL#ERR3270853#2,False,True,True,True,0.328,-5.219,UNKNOWN,0.99987,20,8
NONCBL#ERR774304#17,False,True,True,True,0.099,-4.82,UNKNOWN,0.998769,20,6B
NONCBL#ERR3796372#4,False,True,True,True,0.144,-5.043,UNKNOWN,0.999852,20,10F
NONCBL#ERR714631#28,False,True,True,True,0.204,-5.389,UNKNOWN,0.999995,35A_35C_42,12F
NONCBL#ERR913099#5,False,True,True,True,0.106,-4.792,UNKNOWN,0.997243,20,25F
NONCBL#ERR1764038#27,False,True,True,True,0.212,-5.261,UNKNOWN,0.999984,20,12F
NONCBL#ERR1422408#8,False,True,True,True,0.298,-5.093,UNKNOWN,0.999775,20,19A
NONCBL#ERR909165#14,False,True,True,True,0.163,-4.947,UNKNOWN,0.999716,20,10A
NONCBL#ERR505946#50,False,True,True,True,0.543,-5.636,UNKNOWN,0.999939,20,12F
NONCBL#SRR26594651#1,False,True,True,True,0.191,-5.126,UNKNOWN,0.999923,20,12F
NONCBL#ERR1788192#1,False,True,True,True,0.144,-4.995,UNKNOWN,0.999758,20,12F
NONCBL#ERR2667395#2,False,True,True,True,0.107,-4.784,UNKNOWN,0.998319,20,12F
NONCBL#ERR425439#40,False,True,True,True,0.125,-4.969,UNKNOWN,0.999625,36,10A
NONCBL#ERR13364881#7,False,True,True,True,0.26,-4.989,UNKNOWN,0.999847,20,6B
NONCBL#ERR774625#34,False,True,True,True,0.137,-4.924,UNKNOWN,0.999414,35A_35C_42,25F
NONCBL#ERR925069#7,False,True,True,True,0.316,-5.118,UNKNOWN,0.999711,20,19A
NONCBL#SRR26818685#3,False,True,True,True,0.113,-4.95,UNKNOWN,0.99979,20,25F
NONCBL#ERR326427#24,False,True,True,True,0.297,-4.944,UNKNOWN,0.99903,20,19A
NONCBL#ERR3831147#2,False,True,True,True,0.12,-4.998,UNKNOWN,0.999654,20,12F
NONCBL#SRR26931021#6,False,True,True,True,0.087,-4.851,UNKNOWN,0.998347,20,12F
NONCBL#ERR433911#1,False,True,True,True,0.388,-5.53,UNKNOWN,0.999992,20,12F
NONCBL#ERR3303303#1,False,True,True,True,0.141,-5.181,UNKNOWN,0.999954,20,14
NONCBL#ERR2667112#3,False,True,True,True,0.413,-5.194,UNKNOWN,0.999866,20,12F
NONCBL#ERR2089469#1,False,True,True,True,0.144,-5.177,UNKNOWN,0.999894,35A_35C_42,22F
NONCBL#ERR862302#2,False,True,True,True,0.081,-4.989,UNKNOWN,0.999369,20,25F
NONCBL#ERR316653#17,False,True,True,True,0.403,-5.44,UNKNOWN,0.999982,20,15B
NONCBL#ERR845737#17,False,True,True,True,0.178,-5.221,UNKNOWN,0.999971,20,12F
NONCBL#ERR596393#8,False,True,True,True,0.37,-5.04,UNKNOWN,0.999431,20,19A
NONCBL#SRR26883760#15,False,True,True,True,0.351,-5.036,UNKNOWN,0.999403,20,19A
NONCBL#ERR742545#1,False,True,True,True,0.1,-4.825,UNKNOWN,0.999359,20,16F
NONCBL#ERR13374848#11,False,True,True,True,0.134,-4.779,UNKNOWN,0.998628,20,12F
NONCBL#ERR2612041#15,False,True,True,True,0.4,-5.308,UNKNOWN,0.999969,20,19A
NONCBL#ERR2089651#17,False,True,True,True,0.212,-4.956,UNKNOWN,0.998598,20,25F
NONCBL#ERR701841#3,False,True,True,True,0.339,-5.095,UNKNOWN,0.999796,20,6A
NONCBL#SRR26749652#3,False,True,True,True,0.32,-5.634,UNKNOWN,0.999975,20,38
NONCBL#ERR600540#1,False,True,True,True,0.142,-5.18,UNKNOWN,0.99993,36,19A
NONCBL#ERR2667270#6,False,True,True,True,0.108,-4.766,UNKNOWN,0.998475,20,6B
NONCBL#SRR26910811#8,False,True,True,True,0.25,-5.01,UNKNOWN,0.99963,20,19A
NONCBL#ERR2091129#2,False,True,True,True,0.11,-4.913,UNKNOWN,0.999059,20,8
NONCBL#ERR316841#5,False,True,True,True,0.118,-4.978,UNKNOWN,0.999632,20,12F
NONCBL#ERR909167#2,False,True,True,True,0.373,-5.202,UNKNOWN,0.999846,20,19A
NONCBL#ERR3303386#1,False,True,True,True,0.361,-5.015,UNKNOWN,0.999509,20,19A
NONCBL#ERR13365055#1,False,True,True,True,0.501,-5.865,UNKNOWN,0.999993,18,4
NONCBL#ERR13364467#1,False,True,True,True,0.421,-5.161,UNKNOWN,0.999587,20,19A
NONCBL#SRR26594586#12,False,True,True,True,0.28,-5.035,UNKNOWN,0.999273,20,12F
NONCBL#ERR326496#8,False,True,True,True,0.262,-4.92,UNKNOWN,0.999435,20,19A
NONCBL#ERR3303252#1,False,True,True,True,0.087,-4.887,UNKNOWN,0.999437,20,19A
NONCBL#ERR1540781#2,False,True,True,True,0.128,-4.794,UNKNOWN,0.999094,20,12F
NONCBL#SRR26930955#5,False,True,True,True,0.295,-4.93,UNKNOWN,0.999284,20,19A
NONCBL#ERR1065357#8,False,True,True,True,0.117,-5.102,UNKNOWN,0.999868,20,21
NONCBL#SRR26594250#1,False,True,True,True,0.078,-4.787,UNKNOWN,0.998079,20,19A
NONCBL#ERR730762#6,False,True,True,True,0.224,-5.253,UNKNOWN,0.999966,20,19A
NONCBL#ERR316910#11,False,True,True,True,0.287,-5.134,UNKNOWN,0.999862,20,19A
NONCBL#ERR751172#9,False,True,True,True,0.46,-5.524,UNKNOWN,0.999976,20,15B
NONCBL#SRR26714093#8,False,True,True,True,0.119,-5.093,UNKNOWN,0.999935,35A_35C_42,6B
NONCBL#ERR750957#3,False,True,True,True,0.363,-5.285,UNKNOWN,0.999953,20,12F
NONCBL#ERR714468#27,False,True,True,True,0.082,-4.878,UNKNOWN,0.998058,20,23F
NONCBL#ERR13374775#33,False,True,True,True,0.123,-5.127,UNKNOWN,0.999664,20,25F
NONCBL#ERR13364972#19,False,True,True,True,0.119,-5.18,UNKNOWN,0.999953,20,12F
NONCBL#ERR1065711#33,False,True,True,True,0.398,-5.265,UNKNOWN,0.999937,20,12F
NONCBL#ERR331450#11,False,True,True,True,0.247,-5.061,UNKNOWN,0.999828,20,19A
NONCBL#SRR26714442#4,False,True,True,True,0.178,-4.854,UNKNOWN,0.997737,20,25F
NONCBL#ERR319387#50,False,True,True,True,0.147,-5.16,UNKNOWN,0.999868,20,12F
NONCBL#SRR26834059#2,False,True,True,True,0.436,-5.459,UNKNOWN,0.99992,20,8
NONCBL#ERR714615#1,False,True,True,True,0.342,-5.252,UNKNOWN,0.999881,20,12F
NONCBL#ERR1191899#3,False,True,True,True,0.586,-5.702,UNKNOWN,0.999984,20,12F
NONCBL#SRR26673255#17,False,True,True,True,0.197,-5.384,UNKNOWN,0.999978,20,19A
NONCBL#ERR505707#32,False,True,True,True,0.294,-4.95,UNKNOWN,0.999298,20,19A
NONCBL#ERR1430868#20,False,True,True,True,0.346,-5.012,UNKNOWN,0.999489,20,19A
NONCBL#ERR1192004#9,False,True,True,True,0.159,-4.961,UNKNOWN,0.999591,35A_35C_42,12F
NONCBL#ERR2090920#3,False,True,True,True,0.141,-4.994,UNKNOWN,0.999697,20,14
NONCBL#ERR3227828#1,False,True,True,True,0.599,-6.121,UNKNOWN,0.999994,18,4
NONCBL#SRR26880130#1,False,True,True,True,0.299,-5.07,UNKNOWN,0.99975,20,12F
NONCBL#ERR1192071#1,False,True,True,True,0.16,-4.928,UNKNOWN,0.999651,20,12F
NONCBL#ERR980207#2,False,True,True,True,0.398,-5.353,UNKNOWN,0.999954,20,12F
NONCBL#ERR774098#1,False,True,True,True,0.137,-4.991,UNKNOWN,0.999832,20,15B
NONCBL#SRR26879829#25,False,True,True,True,0.135,-4.8,UNKNOWN,0.99852,20,12F
NONCBL#ERR2091215#5,False,True,True,True,0.198,-5.29,UNKNOWN,0.999966,20,19A
NONCBL#ERR13365676#2,False,True,True,True,0.274,-5.048,UNKNOWN,0.999679,20,19A
NONCBL#SRR26910823#5,False,True,True,True,0.28,-4.957,UNKNOWN,0.999295,20,19A
NONCBL#ERR980244#21,False,True,True,True,0.252,-5.257,UNKNOWN,0.999953,20,19A
NONCBL#ERR3796661#4,False,True,True,True,0.217,-5.318,UNKNOWN,0.999992,20,19A
NONCBL#SRR26672939#7,False,True,True,True,0.241,-4.957,UNKNOWN,0.999449,20,19A
NONCBL#SRR26910239#4,False,True,True,True,0.107,-4.872,UNKNOWN,0.998995,20,25F
NONCBL#SRR26818391#2,False,True,True,True,0.461,-5.541,UNKNOWN,0.999942,20,8
NONCBL#ERR13374749#2,False,True,True,True,0.298,-6.087,UNKNOWN,0.999995,20,11E
NONCBL#ERR884665#17,False,True,True,True,0.325,-5.305,UNKNOWN,0.999973,35A_35C_42,12F
NONCBL#ERR14653921#31,False,True,True,True,0.608,-5.683,UNKNOWN,0.999922,20,12F
NONCBL#SRR26910310#1,False,True,True,True,0.511,-5.562,UNKNOWN,0.999975,20,12F
NONCBL#ERR13365284#12,False,True,True,True,0.125,-4.889,UNKNOWN,0.999506,20,14
NONCBL#ERR505478#6,False,True,True,True,0.25,-4.914,UNKNOWN,0.999198,20,19A
NONCBL#ERR1065290#7,False,True,True,True,0.137,-5.197,UNKNOWN,0.99991,20,21
NONCBL#SRR26910319#14,False,True,True,True,0.101,-4.919,UNKNOWN,0.999371,20,19A
NONCBL#SRR26930604#4,False,True,True,True,0.136,-4.834,UNKNOWN,0.999292,20,12F
NONCBL#SRR26789882#2,False,True,True,True,0.589,-5.947,UNKNOWN,0.999998,20,6B
NONCBL#ERR2667316#3,False,True,True,True,0.138,-4.911,UNKNOWN,0.999536,35A_35C_42,6B
NONCBL#ERR742865#23,False,True,True,True,0.258,-5.196,UNKNOWN,0.999967,35A_35C_42,12F
NONCBL#ERR774362#16,False,True,True,True,0.251,-5.037,UNKNOWN,0.999644,20,19A
NONCBL#ERR714204#18,False,True,True,True,0.211,-4.815,UNKNOWN,0.999227,20,12F
NONCBL#ERR2090842#3,False,True,True,True,0.288,-4.984,UNKNOWN,0.999632,20,19A
NONCBL#ERR751194#3,False,True,True,True,0.141,-5.073,UNKNOWN,0.999831,20,21
NONCBL#SRR26930724#1,False,True,True,True,0.272,-5.107,UNKNOWN,0.999853,20,19A
NONCBL#SRR26930539#4,False,True,True,True,0.155,-4.968,UNKNOWN,0.999512,20,12F
NONCBL#ERR2089990#15,False,True,True,True,0.673,-6.03,UNKNOWN,0.999981,20,22F
NONCBL#SRR26714556#29,False,True,True,True,0.401,-5.429,UNKNOWN,0.999975,20,12F
NONCBL#ERR13374909#18,False,True,True,True,0.146,-4.864,UNKNOWN,0.999312,20,12F
NONCBL#ERR13364812#2,False,True,True,True,0.13,-4.863,UNKNOWN,0.999555,20,12F
NONCBL#ERR1202596#2,False,True,True,True,0.19,-5.474,UNKNOWN,0.999985,36,3
NONCBL#ERR742781#23,False,True,True,True,0.268,-4.911,UNKNOWN,0.999146,20,19A
NONCBL#ERR1202507#26,False,True,True,True,0.129,-4.839,UNKNOWN,0.999059,20,12F
NONCBL#ERR925256#32,False,True,True,True,0.153,-5.168,UNKNOWN,0.999824,20,12F
NONCBL#ERR3270837#1,False,True,True,True,0.294,-5.16,UNKNOWN,0.99992,20,19A
NONCBL#ERR501584#16,False,True,True,True,0.112,-4.8,UNKNOWN,0.998189,20,12F
NONCBL#ERR340839#1,False,True,True,True,0.35,-5.59,UNKNOWN,0.999951,20,31
NONCBL#ERR701800#18,False,True,True,True,0.314,-5.215,UNKNOWN,0.999937,20,19A
NONCBL#ERR2090106#2,False,True,True,True,0.202,-4.987,UNKNOWN,0.999717,20,12F
NONCBL#ERR1192100#6,False,True,True,True,0.335,-4.983,UNKNOWN,0.999216,20,19A
NONCBL#ERR1065892#17,False,True,True,True,0.389,-5.109,UNKNOWN,0.999529,20,19A
NONCBL#SRR26878255#5,False,True,True,True,0.656,-5.812,UNKNOWN,0.999969,20,12F
NONCBL#ERR913274#4,False,True,True,True,0.369,-5.016,UNKNOWN,0.999489,20,19A
NONCBL#ERR13364986#2,False,True,True,True,0.14,-4.98,UNKNOWN,0.999708,20,21
NONCBL#ERR862342#1,False,True,True,True,0.124,-4.942,UNKNOWN,0.999716,20,21
NONCBL#ERR925051#42,False,True,True,True,0.131,-5.066,UNKNOWN,0.999624,20,25F
NONCBL#ERR2667830#3,False,True,True,True,0.137,-4.92,UNKNOWN,0.999736,20,6B
NONCBL#SRR26750109#1,False,True,True,True,0.143,-5.065,UNKNOWN,0.999803,20,6B
NONCBL#ERR13365065#5,False,True,True,True,0.114,-4.973,UNKNOWN,0.999578,20,12F
NONCBL#ERR1658103#8,False,True,True,True,0.138,-4.936,UNKNOWN,0.999526,35A_35C_42,25F
NONCBL#ERR2091110#1,False,True,True,True,0.533,-5.521,UNKNOWN,0.999886,20,12F
NONCBL#ERR730598#1,False,True,True,True,0.302,-5.298,UNKNOWN,0.999957,20,19A
NONCBL#ERR730284#8,False,True,True,True,0.306,-5.039,UNKNOWN,0.999556,20,19A
NONCBL#ERR13365603#5,False,True,True,True,0.308,-4.992,UNKNOWN,0.999462,20,19A
NONCBL#SRR26714427#1,False,True,True,True,0.356,-5.62,UNKNOWN,0.999937,20,8
NONCBL#ERR751154#4,False,True,True,True,0.188,-4.86,UNKNOWN,0.999479,20,12F
NONCBL#SRR26880429#10,False,True,True,True,0.162,-4.928,UNKNOWN,0.999747,20,12F
NONCBL#ERR3303398#1,False,True,True,True,0.396,-5.11,UNKNOWN,0.999419,20,19A
NONCBL#SRR26931915#1,False,True,True,True,0.091,-4.789,UNKNOWN,0.997873,20,25F
NONCBL#SRR26878111#2,False,True,True,True,0.212,-5.058,UNKNOWN,0.999768,20,12F
NONCBL#ERR2352245#4,False,True,True,True,0.146,-5.027,UNKNOWN,0.999826,20,12F
NONCBL#SRR26789548#20,False,True,True,True,0.112,-4.868,UNKNOWN,0.999062,20,25F
NONCBL#SRR26878220#1,False,True,True,True,0.102,-4.892,UNKNOWN,0.999114,20,12F
NONCBL#ERR876749#2,False,True,True,True,0.095,-4.848,UNKNOWN,0.998878,20,25F
NONCBL#ERR13365547#2,False,True,True,True,0.504,-5.886,UNKNOWN,0.999988,20,12F
NONCBL#ERR1065183#17,False,True,True,True,0.17,-4.907,UNKNOWN,0.999633,35A_35C_42,6B
NONCBL#ERR3655294#1,False,True,True,True,0.37,-5.066,UNKNOWN,0.999435,20,19A
NONCBL#ERR2089884#3,False,True,True,True,0.335,-5.222,UNKNOWN,0.999908,20,19A
NONCBL#ERR1066242#1,False,True,True,True,0.322,-4.997,UNKNOWN,0.999357,20,19A
NONCBL#ERR773920#7,False,True,True,True,0.11,-4.903,UNKNOWN,0.999403,20,12F
NONCBL#ERR433868#25,False,True,True,True,0.333,-5.339,UNKNOWN,0.999977,20,12F
NONCBL#SRR26789872#3,False,True,True,True,0.166,-4.853,UNKNOWN,0.999471,20,12F
NONCBL#ERR331133#41,False,True,True,True,0.309,-4.973,UNKNOWN,0.999371,20,19A
NONCBL#ERR1066001#1,False,True,True,True,0.143,-4.908,UNKNOWN,0.999229,20,12F
NONCBL#SRR26714941#6,False,True,True,True,0.308,-5.149,UNKNOWN,0.999879,20,19A
NONCBL#ERR2667853#6,False,True,True,True,0.162,-5.237,UNKNOWN,0.999818,20,18C
NONCBL#ERR326577#25,False,True,True,True,0.11,-4.869,UNKNOWN,0.999594,20,19A
NONCBL#ERR909139#6,False,True,True,True,0.261,-4.894,UNKNOWN,0.999546,20,12F
NONCBL#SRR26797357#4,False,True,True,True,0.299,-5.562,UNKNOWN,0.999975,20,38
NONCBL#SRR26797911#1,False,True,True,True,0.272,-5.042,UNKNOWN,0.999492,20,19A
NONCBL#ERR773879#3,False,True,True,True,0.094,-4.82,UNKNOWN,0.998819,20,12F
NONCBL#ERR925115#1,False,True,True,True,0.082,-4.817,UNKNOWN,0.998769,20,19A
NONCBL#SRR26715040#19,False,True,True,True,0.172,-4.874,UNKNOWN,0.999505,20,12F
NONCBL#ERR9796457#1,False,True,True,True,0.123,-4.855,UNKNOWN,0.999543,20,19A
NONCBL#ERR13374856#26,False,True,True,True,0.096,-4.761,UNKNOWN,0.99812,20,6B
NONCBL#ERR1453726#1,False,True,True,True,0.395,-5.212,UNKNOWN,0.999911,20,19A
NONCBL#SRR26880066#5,False,True,True,True,0.158,-4.893,UNKNOWN,0.999389,20,12F
NONCBL#SRR26594761#3,False,True,True,True,0.098,-4.832,UNKNOWN,0.998563,20,12F
NONCBL#SRR26930989#3,False,True,True,True,0.202,-5.295,UNKNOWN,0.999972,20,4
NONCBL#ERR596384#1,False,True,True,True,0.172,-5.157,UNKNOWN,0.999861,20,12F
NONCBL#SRR26930773#10,False,True,True,True,0.278,-5.036,UNKNOWN,0.999719,20,19A
NONCBL#ERR1788197#1,False,True,True,True,0.106,-4.931,UNKNOWN,0.999436,20,11B
NONCBL#ERR13365943#15,False,True,True,True,0.12,-4.89,UNKNOWN,0.999507,35A_35C_42,6B
NONCBL#ERR2090629#2,False,True,True,True,0.137,-5.006,UNKNOWN,0.999668,20,12F
NONCBL#ERR1066137#1,False,True,True,True,0.391,-5.519,UNKNOWN,0.999972,20,15B
NONCBL#ERR2853546#14,False,True,True,True,0.285,-5.053,UNKNOWN,0.999542,20,10A
NONCBL#ERR13374847#6,False,True,True,True,0.172,-4.968,UNKNOWN,0.99974,20,12F
NONCBL#SRR26797190#4,False,True,True,True,0.249,-5.011,UNKNOWN,0.999635,20,19A
NONCBL#SRR26883936#7,False,True,True,True,0.41,-5.098,UNKNOWN,0.999342,20,19A
NONCBL#ERR730749#3,False,True,True,True,0.32,-4.984,UNKNOWN,0.999372,20,19A
NONCBL#ERR708299#16,False,True,True,True,0.324,-5.191,UNKNOWN,0.999899,20,19A
NONCBL#ERR876493#3,False,True,True,True,0.315,-5.203,UNKNOWN,0.999933,20,19A
NONCBL#SRR26797095#3,False,True,True,True,0.799,-6.395,UNKNOWN,0.999981,35A_35C_42,22F
NONCBL#ERR13365033#11,False,True,True,True,0.205,-4.959,UNKNOWN,0.999535,35A_35C_42,10A
NONCBL#ERR1453397#1,False,True,True,True,0.454,-5.741,UNKNOWN,0.999983,20,4
NONCBL#ERR600219#55,False,True,True,True,0.652,-6.281,UNKNOWN,0.999998,20,12F
NONCBL#ERR3796727#4,False,True,True,True,0.238,-5.03,UNKNOWN,0.999621,20,19A
NONCBL#SRR26797493#25,False,True,True,True,0.237,-5.012,UNKNOWN,0.999613,20,19A
NONCBL#SRR26594749#1,False,True,True,True,0.51,-5.675,UNKNOWN,0.99999,20,12F
NONCBL#SRR26714691#1,False,True,True,True,0.205,-4.904,UNKNOWN,0.999621,20,19A
NONCBL#ERR1106712#22,False,True,True,True,0.231,-5.314,UNKNOWN,0.999971,20,19A
NONCBL#ERR490799#3,False,True,True,True,0.356,-5.379,UNKNOWN,0.999962,20,33F
NONCBL#SRR26714847#1,False,True,True,True,0.165,-5.104,UNKNOWN,0.999891,20,14
NONCBL#ERR2089174#7,False,True,True,True,0.34,-5.228,UNKNOWN,0.999918,20,19A
NONCBL#ERR13374933#3,False,True,True,True,0.33,-5.203,UNKNOWN,0.999856,20,19A
NONCBL#SRR26833730#12,False,True,True,True,0.144,-4.943,UNKNOWN,0.999581,20,19A
NONCBL#ERR870050#1,False,True,True,True,0.157,-4.966,UNKNOWN,0.999871,20,12F
NONCBL#ERR1065239#14,False,True,True,True,0.264,-5.305,UNKNOWN,0.999967,20,19A
NONCBL#SRR26878376#2,False,True,True,True,0.209,-4.973,UNKNOWN,0.999696,20,9V
NONCBL#ERR3899236#14,False,True,True,True,0.24,-5.08,UNKNOWN,0.999831,35A_35C_42,12F
NONCBL#ERR13366074#1,False,True,True,True,0.094,-4.829,UNKNOWN,0.998097,20,25F
NONCBL#ERR1658219#5,False,True,True,True,0.154,-4.937,UNKNOWN,0.999669,20,10A
NONCBL#ERR2089905#1,False,True,True,True,0.563,-5.774,UNKNOWN,0.999988,20,12F
NONCBL#SRR26714857#19,False,True,True,True,0.301,-5.048,UNKNOWN,0.999555,20,19A
NONCBL#SRR26818551#5,False,True,True,True,0.129,-4.889,UNKNOWN,0.999388,35A_35C_42,25F
NONCBL#SRR26878714#1,False,True,True,True,0.27,-5.019,UNKNOWN,0.999547,20,19A
NONCBL#SRR26594481#4,False,True,True,True,0.771,-6.375,UNKNOWN,0.999985,20,14
NONCBL#SRR26672907#7,False,True,True,True,0.174,-4.966,UNKNOWN,0.999452,20,19A
NONCBL#ERR13365758#6,False,True,True,True,0.126,-4.866,UNKNOWN,0.999438,20,14
NONCBL#ERR1788115#4,False,True,True,True,0.315,-5.12,UNKNOWN,0.999773,20,19A
NONCBL#ERR714674#15,False,True,True,True,0.288,-5.163,UNKNOWN,0.999885,20,19A
NONCBL#ERR980188#32,False,True,True,True,0.308,-5.512,UNKNOWN,0.999996,35A_35C_42,12F
NONCBL#ERR568652#8,False,True,True,True,0.115,-5.036,UNKNOWN,0.999634,20,25F
NONCBL#ERR750964#7,False,True,True,True,0.281,-5.362,UNKNOWN,0.999977,35A_35C_42,19A
NONCBL#SRR26797747#5,False,True,True,True,0.207,-5.007,UNKNOWN,0.99898,20,12F
NONCBL#ERR2091021#1,False,True,True,True,0.095,-5.003,UNKNOWN,0.999403,20,20A
NONCBL#ERR13374753#21,False,True,True,True,0.288,-5.086,UNKNOWN,0.999799,20,19A
NONCBL#SRR26595025#1,False,True,True,True,0.135,-4.796,UNKNOWN,0.997885,20,12F
NONCBL#SRR26797491#7,False,True,True,True,0.144,-4.927,UNKNOWN,0.999302,20,12F
NONCBL#ERR1288830#18,False,True,True,True,0.26,-5.02,UNKNOWN,0.999568,20,10A
NONCBL#SRR26818264#11,False,True,True,True,0.089,-4.888,UNKNOWN,0.99892,20,25F
NONCBL#ERR870231#1,False,True,True,True,0.341,-4.963,UNKNOWN,0.999099,20,19A
NONCBL#ERR13374664#23,False,True,True,True,0.081,-4.754,UNKNOWN,0.99799,20,6B
NONCBL#SRR26833693#7,False,True,True,True,0.119,-4.881,UNKNOWN,0.999157,20,12F
NONCBL#ERR646558#9,False,True,True,True,0.085,-4.769,UNKNOWN,0.99809,20,25F
NONCBL#SRR26930786#2,False,True,True,True,0.238,-5.105,UNKNOWN,0.999739,20,19A
NONCBL#ERR1453667#3,False,True,True,True,0.155,-4.915,UNKNOWN,0.999587,35A_35C_42,10A
NONCBL#SRR26884751#6,False,True,True,True,0.349,-4.993,UNKNOWN,0.99926,20,19A
NONCBL#ERR2681404#1,False,True,True,True,0.319,-5.113,UNKNOWN,0.999823,20,19A
NONCBL#ERR516618#1,False,True,True,True,0.161,-4.974,UNKNOWN,0.999753,20,9V
NONCBL#ERR742853#11,False,True,True,True,0.266,-4.894,UNKNOWN,0.999311,20,19A
NONCBL#ERR2090664#1,False,True,True,True,0.532,-5.617,UNKNOWN,0.999984,20,12F
NONCBL#SRR26884728#3,False,True,True,True,0.111,-4.82,UNKNOWN,0.996867,20,25F
NONCBL#ERR568735#7,False,True,True,True,0.103,-4.938,UNKNOWN,0.999356,20,25F
NONCBL#ERR13366030#1,False,True,True,True,0.212,-5.029,UNKNOWN,0.999579,20,25F
NONCBL#SRR26673436#1,False,True,True,True,0.276,-5.092,UNKNOWN,0.999727,20,19A
NONCBL#SRR26931485#2,False,True,True,True,0.228,-5.274,UNKNOWN,0.999869,20,25F
NONCBL#ERR2090424#5,False,True,True,True,0.287,-5.144,UNKNOWN,0.999863,20,19A
NONCBL#ERR600495#1,False,True,True,True,0.138,-5.078,UNKNOWN,0.99994,20,6A
NONCBL#SRR26884203#1,False,True,True,True,0.246,-5.231,UNKNOWN,0.999954,20,19A
NONCBL#SRR26910327#39,False,True,True,True,0.334,-5.113,UNKNOWN,0.999707,20,19A
NONCBL#ERR742461#12,False,True,True,True,0.17,-5.374,UNKNOWN,0.999981,20,12F
NONCBL#ERR3795515#18,False,True,True,True,0.434,-5.227,UNKNOWN,0.999683,20,19A
NONCBL#ERR2090557#1,False,True,True,True,0.169,-5.003,UNKNOWN,0.998946,20,12F
NONCBL#SRR26880352#5,False,True,True,True,0.279,-5.05,UNKNOWN,0.999521,20,19A
NONCBL#ERR7568013#2,False,True,True,True,0.238,-4.891,UNKNOWN,0.999546,20,19A
NONCBL#ERR2681157#1,False,True,True,True,0.162,-4.99,UNKNOWN,0.999811,20,9N
NONCBL#ERR1202386#1,False,True,True,True,0.098,-4.875,UNKNOWN,0.999091,20,12F
NONCBL#ERR750982#16,False,True,True,True,0.249,-5.046,UNKNOWN,0.999679,20,19A
NONCBL#ERR714700#2,False,True,True,True,0.248,-5.471,UNKNOWN,0.999964,20,9V
NONCBL#ERR326412#25,False,True,True,True,0.326,-5.009,UNKNOWN,0.999265,20,19A
NONCBL#SRR26797863#5,False,True,True,True,0.505,-5.372,UNKNOWN,0.999927,20,14
NONCBL#ERR774574#2,False,True,True,True,0.088,-4.828,UNKNOWN,0.998829,20,25F
NONCBL#ERR774585#4,False,True,True,True,0.23,-5.373,UNKNOWN,0.999986,20,23B
NONCBL#SRR26749626#25,False,True,True,True,0.127,-4.95,UNKNOWN,0.999594,20,25F
NONCBL#ERR1065747#6,False,True,True,True,0.244,-4.992,UNKNOWN,0.999811,20,12F
NONCBL#ERR3796864#4,False,True,True,True,0.232,-4.985,UNKNOWN,0.999591,20,19A
NONCBL#SRR26594563#1,False,True,True,True,0.311,-4.972,UNKNOWN,0.999263,20,19A
NONCBL#SRR26673504#21,False,True,True,True,0.078,-4.787,UNKNOWN,0.998079,20,19A
NONCBL#ERR714455#25,False,True,True,True,0.308,-5.171,UNKNOWN,0.999889,20,19A
NONCBL#ERR876516#7,False,True,True,True,0.094,-4.971,UNKNOWN,0.999489,20,21
NONCBL#SRR26818492#1,False,True,True,True,0.342,-5.579,UNKNOWN,0.999936,20,8
NONCBL#ERR600118#2,False,True,True,True,0.299,-5.729,UNKNOWN,0.999996,20,12F
NONCBL#SRR26790034#1,False,True,True,True,0.509,-5.589,UNKNOWN,0.99999,20,12F
NONCBL#ERR1066261#21,False,True,True,True,0.273,-4.963,UNKNOWN,0.999714,20,6A
NONCBL#ERR3303200#1,False,True,True,True,0.096,-4.831,UNKNOWN,0.999103,20,19A
NONCBL#SRR26931684#24,False,True,True,True,0.169,-5.004,UNKNOWN,0.999359,20,18F
NONCBL#ERR568691#43,False,True,True,True,0.635,-5.755,UNKNOWN,0.999931,20,12F
NONCBL#ERR1214378#1,False,True,True,True,0.25,-5.163,UNKNOWN,0.999942,20,14
NONCBL#ERR505514#3,False,True,True,True,0.242,-5.248,UNKNOWN,0.99996,20,35B
NONCBL#ERR2680619#4,False,True,True,True,0.089,-4.81,UNKNOWN,0.998432,20,25F
NONCBL#ERR2667740#28,False,True,True,True,0.219,-4.986,UNKNOWN,0.999014,20,25F
NONCBL#SRR26930944#10,False,True,True,True,0.172,-5.039,UNKNOWN,0.999599,20,12F
NONCBL#SRR26749525#4,False,True,True,True,0.597,-5.555,UNKNOWN,0.999875,20,19A
NONCBL#ERR2680929#27,False,True,True,True,0.385,-5.099,UNKNOWN,0.999515,20,19A
NONCBL#SRR26672774#7,False,True,True,True,0.27,-5.186,UNKNOWN,0.999934,20,19A
NONCBL#ERR505640#21,False,True,True,True,0.339,-4.959,UNKNOWN,0.999122,20,19A
NONCBL#SRR26790021#2,False,True,True,True,0.201,-5.202,UNKNOWN,0.999981,35A_35C_42,12F
NONCBL#ERR600180#27,False,True,True,True,0.156,-4.978,UNKNOWN,0.999751,20,6A
NONCBL#ERR13374603#26,False,True,True,True,0.242,-5.69,UNKNOWN,0.999998,20,22F
NONCBL#ERR13365842#37,False,True,True,True,0.167,-4.933,UNKNOWN,0.999405,20,19A
NONCBL#ERR3270857#4,False,True,True,True,0.323,-5.205,UNKNOWN,0.999763,20,12F
NONCBL#ERR773956#17,False,True,True,True,0.312,-5.019,UNKNOWN,0.999422,20,19A
NONCBL#SRR26714526#2,False,True,True,True,0.257,-5.063,UNKNOWN,0.999877,20,12F
NONCBL#ERR600434#21,False,True,True,True,0.128,-4.796,UNKNOWN,0.998331,20,25F
NONCBL#ERR13375093#1,False,True,True,True,0.199,-5.301,UNKNOWN,0.999974,20,12F
NONCBL#ERR730156#2,False,True,True,True,0.363,-5.044,UNKNOWN,0.999525,20,19A
NONCBL#ERR2667741#2,False,True,True,True,0.144,-5.183,UNKNOWN,0.999912,20,25F
NONCBL#ERR730171#1,False,True,True,True,0.087,-4.892,UNKNOWN,0.99948,20,48
NONCBL#ERR1106654#1,False,True,True,True,0.308,-5.781,UNKNOWN,0.999993,20,12F
NONCBL#ERR13364936#3,False,True,True,True,0.11,-5.112,UNKNOWN,0.999914,20,6B
NONCBL#SRR26715022#10,False,True,True,True,0.073,-4.827,UNKNOWN,0.998874,20,12F
NONCBL#ERR596411#3,False,True,True,True,0.274,-5.18,UNKNOWN,0.999941,20,19A
NONCBL#SRR26817900#1,False,True,True,True,0.089,-4.857,UNKNOWN,0.998919,20,25F
NONCBL#ERR13366140#11,False,True,True,True,0.302,-5.079,UNKNOWN,0.999733,20,19A
NONCBL#SRR26833749#1,False,True,True,True,0.122,-4.931,UNKNOWN,0.99939,35A_35C_42,25F
NONCBL#SRR26834266#5,False,True,True,True,0.111,-5.081,UNKNOWN,0.9997,20,10A
NONCBL#SRR26878021#6,False,True,True,True,0.215,-5.175,UNKNOWN,0.99996,20,19A
NONCBL#ERR7567881#3,False,True,True,True,0.205,-5.27,UNKNOWN,0.999967,20,19A
NONCBL#SRR26594404#6,False,True,True,True,0.239,-4.995,UNKNOWN,0.999609,20,12F
NONCBL#ERR433658#1,False,True,True,True,0.339,-5.318,UNKNOWN,0.99997,20,12F
NONCBL#ERR632888#2,False,True,True,True,0.357,-5.261,UNKNOWN,0.999848,20,12F
NONCBL#ERR701805#1,False,True,True,True,0.188,-4.945,UNKNOWN,0.999624,20,12F
NONCBL#SRR26789450#7,False,True,True,True,0.154,-4.907,UNKNOWN,0.99941,20,12F
NONCBL#SRR26749504#1,False,True,True,True,0.183,-5.11,UNKNOWN,0.999924,20,38
NONCBL#SRR26790181#16,False,True,True,True,0.205,-5.093,UNKNOWN,0.999939,20,6B
NONCBL#ERR13364750#30,False,True,True,True,0.189,-4.866,UNKNOWN,0.998689,20,25F
NONCBL#SRR26714649#6,False,True,True,True,0.129,-4.889,UNKNOWN,0.999388,35A_35C_42,25F
NONCBL#SRR26878168#18,False,True,True,True,0.198,-5.376,UNKNOWN,0.999993,35A_35C_42,6B
NONCBL#SRR26884230#6,False,True,True,True,0.31,-4.952,UNKNOWN,0.999346,20,19A
NONCBL#ERR13366065#2,False,True,True,True,0.58,-6.112,UNKNOWN,0.999987,20,31
NONCBL#ERR1453704#6,False,True,True,True,0.207,-5.058,UNKNOWN,0.999888,20,19A
NONCBL#SRR26817870#24,False,True,True,True,0.132,-4.793,UNKNOWN,0.998374,20,12F
NONCBL#ERR505875#66,False,True,True,True,0.174,-4.854,UNKNOWN,0.997944,20,25F
NONCBL#ERR714510#13,False,True,True,True,0.179,-4.961,UNKNOWN,0.999467,20,12F
NONCBL#SRR26884199#3,False,True,True,True,0.326,-5.057,UNKNOWN,0.999593,20,12F
NONCBL#ERR997499#51,False,True,True,True,0.158,-5.029,UNKNOWN,0.999734,20,25F
NONCBL#ERR7567728#1,False,True,True,True,0.377,-5.139,UNKNOWN,0.999849,20,19A
NONCBL#ERR13365836#1,False,True,True,True,0.167,-5.005,UNKNOWN,0.999685,20,8
NONCBL#SRR26594618#2,False,True,True,True,0.363,-5.608,UNKNOWN,0.999945,20,19A
NONCBL#ERR730947#4,False,True,True,True,0.118,-4.835,UNKNOWN,0.999246,20,12F
NONCBL#ERR1288847#1,False,True,True,True,0.233,-4.89,UNKNOWN,0.999258,35A_35C_42,6B
NONCBL#ERR742784#3,False,True,True,True,0.225,-5.097,UNKNOWN,0.999836,20,19A
NONCBL#ERR433566#1,False,True,True,True,0.112,-4.744,UNKNOWN,0.995093,20,25F
NONCBL#SRR26714458#2,False,True,True,True,0.37,-5.234,UNKNOWN,0.999791,20,12F
NONCBL#SRR26833790#3,False,True,True,True,0.289,-4.926,UNKNOWN,0.999295,20,19A
NONCBL#SRR26911059#14,False,True,True,True,0.221,-5.142,UNKNOWN,0.999942,20,12F
NONCBL#ERR568634#22,False,True,True,True,0.316,-5.153,UNKNOWN,0.999755,20,19A
NONCBL#SRR26931429#2,False,True,True,True,0.342,-5.069,UNKNOWN,0.999888,20,12F
NONCBL#SRR26834084#6,False,True,True,True,0.272,-5.042,UNKNOWN,0.999492,20,19A
NONCBL#ERR3655184#2,False,True,True,True,0.211,-5.04,UNKNOWN,0.999746,20,19A
NONCBL#SRR26594712#1,False,True,True,True,0.322,-5.159,UNKNOWN,0.999855,20,12F
NONCBL#ERR449221#24,False,True,True,True,0.155,-4.807,UNKNOWN,0.999257,20,12F
NONCBL#SRR26817897#2,False,True,True,True,0.534,-5.623,UNKNOWN,0.99998,20,12F
NONCBL#ERR600210#4,False,True,True,True,0.19,-5.014,UNKNOWN,0.999728,20,14
NONCBL#ERR909059#1,False,True,True,True,0.115,-4.968,UNKNOWN,0.999484,20,14
NONCBL#ERR750893#8,False,True,True,True,0.24,-4.9,UNKNOWN,0.999368,20,6B
NONCBL#SRR26911209#6,False,True,True,True,0.168,-4.841,UNKNOWN,0.999402,20,12F
NONCBL#ERR3303192#9,False,True,True,True,0.166,-4.82,UNKNOWN,0.998365,20,12F
NONCBL#ERR750799#3,False,True,True,True,0.14,-4.951,UNKNOWN,0.999588,20,12F
NONCBL#ERR869836#1,False,True,True,True,0.273,-5.069,UNKNOWN,0.999681,20,19A
NONCBL#ERR1202605#17,False,True,True,True,0.328,-5.098,UNKNOWN,0.999523,20,19A
NONCBL#ERR3332131#1,False,True,True,True,0.336,-5.309,UNKNOWN,0.999954,20,19A
NONCBL#ERR1540690#1,False,True,True,True,0.365,-5.207,UNKNOWN,0.999877,20,19A
NONCBL#SRR26817764#5,False,True,True,True,0.087,-4.818,UNKNOWN,0.998028,20,25F
NONCBL#ERR980234#2,False,True,True,True,0.24,-5.061,UNKNOWN,0.999877,20,12F
NONCBL#ERR2089467#9,False,True,True,True,0.152,-4.917,UNKNOWN,0.999464,20,12F
NONCBL#SRR26789539#2,False,True,True,True,0.239,-4.91,UNKNOWN,0.999754,20,12F
NONCBL#ERR9796493#1,False,True,True,True,0.154,-5.109,UNKNOWN,0.999879,20,6B
NONCBL#SRR26749455#20,False,True,True,True,0.398,-5.405,UNKNOWN,0.999965,20,12F
NONCBL#ERR2090890#2,False,True,True,True,0.191,-5.131,UNKNOWN,0.999893,20,4
NONCBL#ERR506034#4,False,True,True,True,0.153,-4.914,UNKNOWN,0.997907,20,12F
NONCBL#SRR26818172#14,False,True,True,True,0.166,-4.892,UNKNOWN,0.999001,20,12F
NONCBL#ERR1065833#1,False,True,True,True,0.31,-5.065,UNKNOWN,0.999681,20,19A
NONCBL#ERR1788274#1,False,True,True,True,0.078,-4.782,UNKNOWN,0.997951,20,25F
NONCBL#ERR1788418#1,False,True,True,True,0.246,-5.3,UNKNOWN,0.999989,35A_35C_42,6B
NONCBL#ERR714321#1,False,True,True,True,0.237,-5.33,UNKNOWN,0.999978,20,12F
NONCBL#ERR1066373#2,False,True,True,True,0.377,-5.18,UNKNOWN,0.999919,20,19A
NONCBL#SRR26878587#6,False,True,True,True,0.115,-4.893,UNKNOWN,0.999622,20,6A
NONCBL#SRR26790100#24,False,True,True,True,0.146,-4.862,UNKNOWN,0.999184,20,12F
NONCBL#ERR1422407#6,False,True,True,True,0.103,-5.073,UNKNOWN,0.99964,20,10A
NONCBL#SRR26834420#6,False,True,True,True,0.286,-5.056,UNKNOWN,0.999589,20,19A
NONCBL#ERR1202243#1,False,True,True,True,0.215,-5.1,UNKNOWN,0.999952,20,12F
NONCBL#ERR1658246#2,False,True,True,True,0.286,-5.19,UNKNOWN,0.99995,20,12F
NONCBL#SRR26818425#2,False,True,True,True,0.09,-4.787,UNKNOWN,0.996646,20,12F
NONCBL#SRR26930205#1,False,True,True,True,0.241,-5.714,UNKNOWN,0.999998,20,8
NONCBL#SRR26672751#2,False,True,True,True,0.202,-5.295,UNKNOWN,0.999972,20,4
NONCBL#SRR26930826#1,False,True,True,True,0.238,-4.988,UNKNOWN,0.999429,20,19A
NONCBL#ERR2091125#4,False,True,True,True,0.131,-4.809,UNKNOWN,0.998505,20,12F
NONCBL#ERR1065416#3,False,True,True,True,0.615,-5.884,UNKNOWN,0.999989,20,12F
NONCBL#SRR26931021#4,False,True,True,True,0.134,-4.857,UNKNOWN,0.999127,20,12F
NONCBL#SRR26930544#2,False,True,True,True,0.141,-4.763,UNKNOWN,0.999357,20,12F
NONCBL#ERR13374836#28,False,True,True,True,0.154,-5.14,UNKNOWN,0.999865,20,19A
NONCBL#ERR2681120#1,False,True,True,True,0.203,-5.618,UNKNOWN,0.999956,20,9V
NONCBL#ERR1658182#8,False,True,True,True,0.111,-4.977,UNKNOWN,0.999644,20,12F
NONCBL#ERR730614#15,False,True,True,True,0.634,-5.827,UNKNOWN,0.999983,20,12F
NONCBL#SRR26878320#3,False,True,True,True,0.309,-4.969,UNKNOWN,0.999451,20,19A
NONCBL#ERR980032#1,False,True,True,True,0.252,-5.211,UNKNOWN,0.999914,20,19A
NONCBL#ERR2090261#3,False,True,True,True,0.427,-5.155,UNKNOWN,0.999508,20,19A
NONCBL#ERR1065150#1,False,True,True,True,0.513,-5.536,UNKNOWN,0.999926,20,9V
NONCBL#SRR26797350#1,False,True,True,True,0.119,-5.092,UNKNOWN,0.999876,20,10A
NONCBL#ERR1065393#4,False,True,True,True,0.324,-4.999,UNKNOWN,0.999381,20,19A
NONCBL#ERR730608#4,False,True,True,True,0.332,-5.059,UNKNOWN,0.999558,20,19A
NONCBL#SRR26884374#1,False,True,True,True,0.478,-5.552,UNKNOWN,0.999962,20,12F
NONCBL#ERR3303185#2,False,True,True,True,0.154,-4.869,UNKNOWN,0.999215,20,12F
NONCBL#ERR633001#28,False,True,True,True,0.269,-5.237,UNKNOWN,0.999916,20,12F
NONCBL#SRR26818590#2,False,True,True,True,0.353,-5.017,UNKNOWN,0.999162,20,19A
NONCBL#ERR1453825#5,False,True,True,True,0.118,-4.896,UNKNOWN,0.999738,20,6A
NONCBL#SRR26750083#8,False,True,True,True,0.277,-5.052,UNKNOWN,0.999585,20,19A
NONCBL#ERR3669258#3,False,True,True,True,0.468,-5.314,UNKNOWN,0.999861,20,10A
NONCBL#ERR1065635#14,False,True,True,True,0.899,-7.198,UNKNOWN,0.999995,35A_35C_42,22F
NONCBL#SRR26910662#12,False,True,True,True,0.078,-4.878,UNKNOWN,0.998801,20,9L
NONCBL#SRR26673004#3,False,True,True,True,0.305,-5.67,UNKNOWN,0.999982,20,25F
NONCBL#ERR425516#5,False,True,True,True,0.147,-4.857,UNKNOWN,0.999548,20,6A
NONCBL#ERR774193#2,False,True,True,True,0.217,-5.323,UNKNOWN,0.999935,20,19A
NONCBL#SRR26715009#5,False,True,True,True,0.321,-5.241,UNKNOWN,0.999936,20,19A
NONCBL#ERR876742#23,False,True,True,True,0.34,-5.029,UNKNOWN,0.999353,20,19A
NONCBL#ERR13364901#24,False,True,True,True,0.295,-5.039,UNKNOWN,0.999621,20,19A
NONCBL#SRR26818282#16,False,True,True,True,0.262,-5.345,UNKNOWN,0.999991,35A_35C_42,6B
NONCBL#SRR26877908#12,False,True,True,True,0.763,-6.353,UNKNOWN,0.999985,20,14
NONCBL#SRR26930295#1,False,True,True,True,0.087,-5.055,UNKNOWN,0.9997,20,9N
NONCBL#SRR26910283#12,False,True,True,True,0.208,-5.011,UNKNOWN,0.999013,20,12F
NONCBL#ERR1594515#9,False,True,True,True,0.162,-4.92,UNKNOWN,0.999323,20,12F
NONCBL#ERR774015#35,False,True,True,True,0.137,-4.924,UNKNOWN,0.999414,35A_35C_42,25F
NONCBL#ERR13364885#14,False,True,True,True,0.115,-4.856,UNKNOWN,0.998944,35A_35C_42,25F
NONCBL#ERR2681100#1,False,True,True,True,0.15,-5.289,UNKNOWN,0.999878,20,12F
NONCBL#ERR774588#3,False,True,True,True,0.338,-5.081,UNKNOWN,0.999558,20,19A
NONCBL#ERR600138#4,False,True,True,True,0.183,-4.863,UNKNOWN,0.999287,35A_35C_42,6B
NONCBL#ERR3723514#4,False,True,True,True,0.33,-5.013,UNKNOWN,0.999692,20,19A
NONCBL#ERR1422409#2,False,True,True,True,0.32,-5.492,UNKNOWN,0.999987,20,19A
NONCBL#ERR600147#3,False,True,False,True,0.98,-8.611,UNKNOWN,0.729034,20,12F
NONCBL#SRR26672821#6,False,True,True,True,0.169,-4.91,UNKNOWN,0.99972,20,6B
NONCBL#ERR979891#6,False,True,True,True,0.327,-5.164,UNKNOWN,0.999858,20,19A
NONCBL#ERR1106736#6,False,True,True,True,0.318,-5.455,UNKNOWN,0.999992,20,12F
NONCBL#ERR1202407#1,False,True,True,True,0.276,-5.007,UNKNOWN,0.999506,20,19A
NONCBL#SRR26672844#15,False,True,True,True,0.388,-5.097,UNKNOWN,0.999518,20,19A
NONCBL#ERR3796649#9,False,True,True,True,0.314,-5.202,UNKNOWN,0.999914,20,19A
NONCBL#ERR506035#1,False,True,True,True,0.12,-4.853,UNKNOWN,0.998399,20,6B
NONCBL#SRR26714098#25,False,True,True,True,0.281,-5.466,UNKNOWN,0.999991,20,12F
NONCBL#ERR900736#8,False,True,True,True,0.338,-5.01,UNKNOWN,0.999423,20,19A
NONCBL#SRR26884485#6,False,True,True,True,0.528,-5.57,UNKNOWN,0.999966,20,9N
NONCBL#ERR3796187#4,False,True,True,True,0.343,-5.159,UNKNOWN,0.999748,20,12F
NONCBL#ERR2681109#1,False,True,True,True,0.357,-5.368,UNKNOWN,0.999965,20,4
NONCBL#ERR774125#1,False,True,True,True,0.119,-4.928,UNKNOWN,0.999796,20,19A
NONCBL#ERR352022#19,False,True,True,True,0.145,-4.814,UNKNOWN,0.998616,20,12F
NONCBL#ERR774005#26,False,True,True,True,0.12,-4.863,UNKNOWN,0.999314,20,6A
NONCBL#ERR730267#2,False,True,True,True,0.075,-4.873,UNKNOWN,0.997494,20,6B
NONCBL#ERR1214365#8,False,True,True,True,0.164,-4.916,UNKNOWN,0.999383,35A_35C_42,10A
NONCBL#ERR2668118#1,False,True,True,True,0.203,-5.63,UNKNOWN,0.999997,20,7F
NONCBL#ERR1214644#27,False,True,True,True,0.479,-5.437,UNKNOWN,0.999876,20,12F
NONCBL#ERR13374753#4,False,True,True,True,0.178,-5.001,UNKNOWN,0.999763,20,14
NONCBL#SRR26789524#1,False,True,True,True,0.085,-4.945,UNKNOWN,0.99958,20,25F
NONCBL#SRR26834208#1,False,True,True,True,0.547,-5.543,UNKNOWN,0.999947,20,12F
NONCBL#ERR1065675#1,False,True,True,True,0.164,-5.119,UNKNOWN,0.99994,20,21
NONCBL#ERR1540773#21,False,True,True,True,0.375,-5.345,UNKNOWN,0.999958,20,19A
NONCBL#ERR876522#33,False,True,True,True,0.287,-5.328,UNKNOWN,0.999987,35A_35C_42,12F
NONCBL#SRR26930433#6,False,True,True,True,0.479,-5.441,UNKNOWN,0.999939,20,12F
NONCBL#ERR13366111#3,False,True,True,True,0.152,-5.109,UNKNOWN,0.999706,20,23B
NONCBL#SRR26749174#11,False,True,True,True,0.158,-4.942,UNKNOWN,0.999414,20,12F
NONCBL#ERR862373#27,False,True,True,True,0.133,-5.084,UNKNOWN,0.999931,35A_35C_42,14
NONCBL#ERR1422432#11,False,True,True,True,0.181,-4.947,UNKNOWN,0.999385,20,12F
NONCBL#SRR26910903#2,False,True,True,True,0.088,-4.751,UNKNOWN,0.998212,20,6B
NONCBL#ERR3270758#3,False,True,True,True,0.103,-4.898,UNKNOWN,0.998274,20,25F
NONCBL#SRR26880053#10,False,True,True,True,0.155,-4.85,UNKNOWN,0.999275,20,12F
NONCBL#ERR714248#9,False,True,True,True,0.31,-5.348,UNKNOWN,0.999943,20,6B
NONCBL#SRR26910750#1,False,True,True,True,0.457,-5.573,UNKNOWN,0.999992,20,12F
NONCBL#ERR13365041#1,False,True,True,True,0.205,-5.365,UNKNOWN,0.999996,35A_35C_42,6B
NONCBL#ERR1106642#24,False,True,True,True,0.349,-5.428,UNKNOWN,0.999984,20,10A
NONCBL#ERR3669330#2,False,True,True,True,0.128,-4.949,UNKNOWN,0.999813,20,10A
NONCBL#SRR26910222#22,False,True,True,True,0.138,-4.835,UNKNOWN,0.998687,20,12F
NONCBL#ERR3270860#12,False,True,True,True,0.392,-5.102,UNKNOWN,0.999517,20,19A
NONCBL#ERR8481789#2,False,True,True,True,0.104,-5.041,UNKNOWN,0.999532,36,10A
NONCBL#SRR26834223#34,False,True,True,True,0.334,-5.118,UNKNOWN,0.999712,20,19A
NONCBL#ERR1065483#2,False,True,True,True,0.359,-5.053,UNKNOWN,0.99946,20,19A
NONCBL#SRR26749463#25,False,True,True,True,0.188,-5.25,UNKNOWN,0.999988,35A_35C_42,6B
NONCBL#ERR2680969#1,False,True,True,True,0.568,-5.876,UNKNOWN,0.999988,20,19A
NONCBL#SRR26931914#3,False,True,True,True,0.161,-5.089,UNKNOWN,0.999835,20,6B
NONCBL#ERR4501386#1,False,True,True,True,0.093,-4.864,UNKNOWN,0.997464,20,25F
NONCBL#SRR26877997#1,False,True,True,True,0.16,-5.225,UNKNOWN,0.999986,20,19A
NONCBL#SRR26884032#15,False,True,True,True,0.141,-4.97,UNKNOWN,0.999698,20,19A
NONCBL#SRR26673623#2,False,True,True,True,0.288,-4.976,UNKNOWN,0.999259,20,19A
NONCBL#SRR26834105#2,False,True,True,True,0.192,-4.975,UNKNOWN,0.999558,20,19A
NONCBL#SRR26817855#13,False,True,True,True,0.107,-4.908,UNKNOWN,0.999272,20,19A
NONCBL#ERR869822#1,False,True,True,True,0.52,-5.515,UNKNOWN,0.999933,20,12F
NONCBL#SRR26797618#14,False,True,True,True,0.107,-4.944,UNKNOWN,0.999322,20,25F
NONCBL#SRR26673535#10,False,True,True,True,0.218,-5.264,UNKNOWN,0.999991,35A_35C_42,6B
NONCBL#SRR26833638#2,False,True,True,True,0.351,-5.222,UNKNOWN,0.999823,20,19A
NONCBL#SRR26797869#6,False,True,True,True,0.237,-4.985,UNKNOWN,0.99932,20,19A
NONCBL#ERR600115#45,False,True,True,True,0.13,-4.968,UNKNOWN,0.999516,36,6B
NONCBL#SRR26818124#23,False,True,True,True,0.151,-5.118,UNKNOWN,0.999867,20,6B
NONCBL#SRR26750042#16,False,True,True,True,0.442,-5.604,UNKNOWN,0.999993,20,12F
NONCBL#ERR13364659#1,False,True,True,True,0.139,-4.959,UNKNOWN,0.999802,20,12F
NONCBL#ERR632890#8,False,True,True,True,0.255,-5.028,UNKNOWN,0.999928,20,12F
NONCBL#ERR600596#35,False,True,True,True,0.15,-4.854,UNKNOWN,0.998205,20,25F
NONCBL#SRR26594528#1,False,True,True,True,0.635,-6.021,UNKNOWN,0.999991,20,12F
NONCBL#SRR26594963#1,False,True,True,True,0.282,-4.959,UNKNOWN,0.999686,20,19A
NONCBL#ERR869932#4,False,True,True,True,0.188,-5.102,UNKNOWN,0.9999,20,19A
NONCBL#SRR26884553#1,False,True,True,True,0.224,-4.997,UNKNOWN,0.999678,20,9V
NONCBL#SRR26931444#3,False,True,True,True,0.144,-4.898,UNKNOWN,0.999232,20,12F
NONCBL#ERR1202450#25,False,True,True,True,0.196,-4.959,UNKNOWN,0.999556,20,19A
NONCBL#ERR1202565#2,False,True,True,True,0.346,-5.194,UNKNOWN,0.999873,20,12F
NONCBL#ERR1795493#1,False,True,True,True,0.121,-5.101,UNKNOWN,0.9998,36,19A
NONCBL#ERR2681378#3,False,True,True,True,0.333,-5.132,UNKNOWN,0.999844,20,19A
NONCBL#ERR1788555#4,False,True,True,True,0.377,-5.321,UNKNOWN,0.999942,20,12F
NONCBL#SRR26714378#1,False,True,True,True,0.577,-5.695,UNKNOWN,0.999978,20,9N
NONCBL#ERR869974#2,False,True,True,True,0.221,-5.361,UNKNOWN,0.999994,35A_35C_42,6B
NONCBL#ERR13365470#1,False,True,True,True,0.142,-5.353,UNKNOWN,0.999978,20,9V
NONCBL#SRR26714198#1,False,True,True,True,0.301,-4.972,UNKNOWN,0.999629,20,19A
NONCBL#ERR1540705#7,False,True,True,True,0.759,-6.159,UNKNOWN,0.999937,20,12F
NONCBL#ERR1202328#34,False,True,True,True,0.647,-5.74,UNKNOWN,0.999933,20,12F
NONCBL#SRR26673413#2,False,True,True,True,0.422,-5.232,UNKNOWN,0.999737,20,12F
NONCBL#ERR1065153#7,False,True,True,True,0.749,-6.492,UNKNOWN,0.999996,20,12F
NONCBL#SRR26749194#3,False,True,True,True,0.176,-5.001,UNKNOWN,0.999839,20,12F
NONCBL#ERR701836#16,False,True,True,True,0.283,-5.117,UNKNOWN,0.999719,20,12F
NONCBL#ERR3796788#24,False,True,True,True,0.375,-5.183,UNKNOWN,0.999816,35A_35C_42,10A
NONCBL#ERR1202512#7,False,True,True,True,0.199,-5.163,UNKNOWN,0.999948,20,9V
NONCBL#ERR714212#22,False,True,True,True,0.25,-5.085,UNKNOWN,0.999952,20,6B
NONCBL#ERR433880#19,False,True,True,True,0.1,-4.824,UNKNOWN,0.999354,20,16F
NONCBL#SRR26878407#10,False,True,True,True,0.197,-5.07,UNKNOWN,0.999947,20,6A
NONCBL#SRR26714376#3,False,True,True,True,0.298,-5.138,UNKNOWN,0.999857,20,19A
NONCBL#SRR26931111#2,False,True,True,True,0.236,-4.986,UNKNOWN,0.999423,20,19A
NONCBL#ERR13375003#1,False,True,True,True,0.267,-4.978,UNKNOWN,0.99949,20,12F
NONCBL#ERR2681326#18,False,True,True,True,0.335,-5.017,UNKNOWN,0.999454,20,19A
NONCBL#SRR26790054#2,False,True,True,True,0.148,-5.004,UNKNOWN,0.999814,35A_35C_42,12F
NONCBL#ERR13365398#1,False,True,True,True,0.284,-5.087,UNKNOWN,0.999729,20,19A
NONCBL#SRR26931351#3,False,True,True,True,0.2,-4.984,UNKNOWN,0.999725,20,10A
NONCBL#SRR26880397#1,False,True,True,True,0.438,-5.262,UNKNOWN,0.999786,20,19A
NONCBL#ERR438986#5,False,True,True,True,0.183,-4.927,UNKNOWN,0.999585,35A_35C_42,6B
NONCBL#ERR1658253#38,False,True,True,True,0.351,-5.049,UNKNOWN,0.999536,20,19A
NONCBL#ERR980344#24,False,True,True,True,0.186,-5.424,UNKNOWN,0.999992,20,9N
NONCBL#ERR2680844#1,False,True,True,True,0.377,-5.413,UNKNOWN,0.999967,20,8
NONCBL#ERR13365160#27,False,True,True,True,0.081,-4.741,UNKNOWN,0.997632,20,6B
NONCBL#ERR633012#2,False,True,True,True,0.094,-4.811,UNKNOWN,0.998572,20,25F
NONCBL#ERR870243#2,False,True,True,True,0.21,-4.983,UNKNOWN,0.999737,20,12F
NONCBL#ERR13365329#42,False,True,True,True,0.332,-5.023,UNKNOWN,0.999525,20,19A
NONCBL#ERR646574#12,False,True,True,True,0.157,-5.081,UNKNOWN,0.999919,20,6A
NONCBL#SRR26833543#2,False,True,True,True,0.086,-4.952,UNKNOWN,0.999642,20,6B
NONCBL#SRR26880241#1,False,True,True,True,0.248,-5.179,UNKNOWN,0.999917,20,12F
NONCBL#ERR714504#1,False,True,True,True,0.128,-4.865,UNKNOWN,0.998999,20,12F
NONCBL#SRR26884295#5,False,True,True,True,0.117,-4.871,UNKNOWN,0.999576,20,21
NONCBL#ERR1788209#3,False,True,True,True,0.155,-4.814,UNKNOWN,0.999251,20,6A
NONCBL#SRR26673025#1,False,True,True,True,0.115,-5.036,UNKNOWN,0.999634,20,25F
NONCBL#ERR774696#2,False,True,True,True,0.27,-5.028,UNKNOWN,0.99972,20,19A
NONCBL#ERR516689#2,False,True,True,True,0.141,-4.904,UNKNOWN,0.999567,20,12F
NONCBL#ERR1066134#2,False,True,True,True,0.603,-5.754,UNKNOWN,0.999939,20,12F
NONCBL#ERR1202533#13,False,True,True,True,0.152,-4.931,UNKNOWN,0.999659,20,10A
NONCBL#ERR714209#6,False,True,True,True,0.127,-4.894,UNKNOWN,0.999324,35A_35C_42,25F
NONCBL#SRR26931703#3,False,True,True,True,0.343,-4.989,UNKNOWN,0.999224,20,19A
NONCBL#ERR1788056#10,False,True,True,True,0.212,-4.967,UNKNOWN,0.999541,35A_35C_42,10A
NONCBL#SRR26714686#3,False,True,True,True,0.732,-6.102,UNKNOWN,0.999984,20,12F
NONCBL#SRR26878208#1,False,True,True,True,0.101,-4.913,UNKNOWN,0.999518,20,14
NONCBL#ERR7568034#11,False,True,True,True,0.178,-5.029,UNKNOWN,0.999776,20,14
NONCBL#ERR3655251#1,False,True,True,True,0.116,-4.782,UNKNOWN,0.998711,20,12F
NONCBL#ERR13365058#5,False,True,True,True,0.153,-5.129,UNKNOWN,0.99979,20,48
NONCBL#ERR3796786#1,False,True,True,True,0.184,-4.968,UNKNOWN,0.99972,20,10A
NONCBL#ERR425459#8,False,True,True,True,0.112,-4.992,UNKNOWN,0.999317,20,25F
NONCBL#ERR13365820#2,False,True,True,True,0.117,-4.804,UNKNOWN,0.998852,20,25F
NONCBL#SRR26880036#3,False,True,True,True,0.173,-4.952,UNKNOWN,0.99932,20,19A
NONCBL#ERR2090950#1,False,True,True,True,0.167,-4.853,UNKNOWN,0.999345,35A_35C_42,6B
NONCBL#SRR26797436#15,False,True,True,True,0.178,-5.058,UNKNOWN,0.999808,20,19A
NONCBL#ERR433893#17,False,True,True,True,0.165,-4.928,UNKNOWN,0.999577,35A_35C_42,6B
NONCBL#ERR773902#2,False,True,True,True,0.123,-4.937,UNKNOWN,0.999628,20,21
NONCBL#SRR26884697#1,False,True,True,True,0.212,-5.168,UNKNOWN,0.999945,20,12F
NONCBL#ERR750822#1,False,True,True,True,0.2,-5.059,UNKNOWN,0.999888,20,9V
NONCBL#SRR26749466#2,False,True,True,True,0.164,-4.933,UNKNOWN,0.999718,20,12F
NONCBL#SRR26673521#1,False,True,True,True,0.379,-5.177,UNKNOWN,0.999889,20,19A
NONCBL#ERR2681289#7,False,True,True,True,0.413,-5.36,UNKNOWN,0.999838,20,14
NONCBL#SRR26884134#3,False,True,True,True,0.36,-5.586,UNKNOWN,0.999943,20,19A
NONCBL#ERR2681212#1,False,True,True,True,0.209,-4.915,UNKNOWN,0.999668,35A_35C_42,6B
NONCBL#ERR600561#5,False,True,True,True,0.183,-4.927,UNKNOWN,0.999585,35A_35C_42,6B
NONCBL#SRR26930231#5,False,True,True,True,0.317,-5.057,UNKNOWN,0.999619,20,19A
NONCBL#SRR26931493#3,False,True,True,True,0.36,-5.586,UNKNOWN,0.999943,20,19A
NONCBL#ERR1422393#1,False,True,True,True,0.099,-5.02,UNKNOWN,0.999852,20,25F
NONCBL#ERR862510#4,False,True,False,True,0.942,-8.157,UNKNOWN,0.999964,20,12F
NONCBL#ERR1453374#1,False,True,True,True,0.203,-4.871,UNKNOWN,0.999186,35A_35C_42,6B
NONCBL#SRR26797144#1,False,True,True,True,0.325,-5.133,UNKNOWN,0.999807,20,19A
NONCBL#ERR1658069#1,False,True,True,True,0.686,-5.961,UNKNOWN,0.999986,20,8
NONCBL#SRR26714741#1,False,True,True,True,0.469,-5.492,UNKNOWN,0.999969,20,9N
NONCBL#ERR2853610#1,False,True,True,True,0.163,-5.269,UNKNOWN,0.999979,20,21
NONCBL#ERR13365496#1,False,True,True,True,0.383,-5.475,UNKNOWN,0.999976,20,9V
NONCBL#SRR26911035#5,False,True,True,True,0.31,-5.115,UNKNOWN,0.999928,20,6A
NONCBL#SRR26910225#8,False,True,True,True,0.144,-5.06,UNKNOWN,0.999778,20,6B
NONCBL#ERR1214368#7,False,True,True,True,0.19,-5.305,UNKNOWN,0.999885,20,31
NONCBL#SRR26910712#1,False,True,True,True,0.555,-6.053,UNKNOWN,0.999992,20,12F
NONCBL#ERR2090973#1,False,True,True,True,0.378,-5.313,UNKNOWN,0.999935,20,19A
NONCBL#ERR13365531#4,False,True,True,True,0.128,-4.88,UNKNOWN,0.999499,20,12F
NONCBL#ERR316648#12,False,True,True,True,0.114,-5.153,UNKNOWN,0.999834,20,25F
NONCBL#ERR2680942#1,False,True,True,True,0.512,-5.516,UNKNOWN,0.999957,20,12F
NONCBL#SRR26818176#1,False,True,True,True,0.278,-5.036,UNKNOWN,0.999719,20,19A
NONCBL#ERR979895#7,False,True,True,True,0.361,-5.188,UNKNOWN,0.999839,20,19A
NONCBL#ERR1422343#7,False,True,True,True,0.098,-4.833,UNKNOWN,0.99859,20,12F
NONCBL#ERR1202180#9,False,True,True,True,0.224,-4.914,UNKNOWN,0.999714,20,6A
NONCBL#ERR505959#10,False,True,True,True,0.272,-5.051,UNKNOWN,0.999686,20,12F
NONCBL#ERR7567965#10,False,True,True,True,0.127,-4.763,UNKNOWN,0.996279,20,12F
NONCBL#ERR870271#7,False,True,True,True,0.243,-4.87,UNKNOWN,0.999277,20,19A
NONCBL#SRR26931094#1,False,True,True,True,0.122,-4.876,UNKNOWN,0.999379,20,6B
NONCBL#SRR26878433#14,False,True,True,True,0.104,-5.031,UNKNOWN,0.999732,20,6B
NONCBL#ERR13364951#2,False,True,True,True,0.311,-5.033,UNKNOWN,0.999799,20,19A
NONCBL#SRR26797708#2,False,True,True,True,0.082,-4.757,UNKNOWN,0.997884,20,19A
NONCBL#ERR701837#1,False,True,True,True,0.094,-4.995,UNKNOWN,0.999363,20,25F
NONCBL#ERR1065326#3,False,True,True,True,0.364,-5.208,UNKNOWN,0.999882,20,19A
NONCBL#ERR13365958#1,False,True,True,True,0.3,-4.958,UNKNOWN,0.999531,20,19A
NONCBL#ERR13374871#10,False,True,True,True,0.397,-5.179,UNKNOWN,0.999871,20,12F
NONCBL#ERR1106631#12,False,True,True,True,0.301,-5.325,UNKNOWN,0.99998,20,12F
NONCBL#SRR26673503#11,False,True,True,True,0.397,-5.229,UNKNOWN,0.999868,20,19A
NONCBL#SRR26911117#9,False,True,True,True,0.182,-4.956,UNKNOWN,0.999747,35A_35C_42,12F
NONCBL#SRR26910976#7,False,True,True,True,0.345,-5.174,UNKNOWN,0.999878,20,19A
NONCBL#ERR1788285#1,False,True,True,True,0.172,-5.088,UNKNOWN,0.999926,20,19A
NONCBL#SRR26594521#2,False,True,True,True,0.263,-5.036,UNKNOWN,0.999646,20,19A
NONCBL#ERR3655308#3,False,True,True,True,0.356,-5.319,UNKNOWN,0.99996,20,6B
NONCBL#ERR1066370#1,False,True,True,True,0.191,-4.977,UNKNOWN,0.999772,20,19A
NONCBL#SRR26910872#2,False,True,True,True,0.395,-5.201,UNKNOWN,0.999763,20,19A
NONCBL#SRR26931816#1,False,True,True,True,0.165,-5.019,UNKNOWN,0.999893,20,12F
NONCBL#ERR774252#42,False,True,True,True,0.545,-5.642,UNKNOWN,0.99994,20,12F
NONCBL#ERR7567967#1,False,True,True,True,0.271,-4.924,UNKNOWN,0.999403,20,19A
NONCBL#ERR774524#1,False,True,True,True,0.178,-4.91,UNKNOWN,0.999603,20,6A
NONCBL#SRR26931492#1,False,True,True,True,0.192,-4.949,UNKNOWN,0.999736,20,6A
NONCBL#ERR13364397#7,False,True,True,True,0.593,-6.066,UNKNOWN,0.999993,20,9V
NONCBL#SRR26797574#1,False,True,True,True,0.143,-4.902,UNKNOWN,0.999256,20,12F
NONCBL#ERR913275#2,False,True,True,True,0.129,-4.799,UNKNOWN,0.998415,20,12F
NONCBL#SRR26834465#3,False,True,True,True,0.34,-5.16,UNKNOWN,0.999865,20,19A
NONCBL#ERR449148#9,False,True,True,True,0.123,-4.804,UNKNOWN,0.998721,20,6B
NONCBL#ERR997616#19,False,True,True,True,0.311,-5.165,UNKNOWN,0.999908,20,12F
NONCBL#ERR900664#3,False,True,True,True,0.555,-5.717,UNKNOWN,0.999983,20,12F
NONCBL#ERR979939#12,False,True,True,True,0.169,-4.925,UNKNOWN,0.999556,35A_35C_42,10A
NONCBL#SRR26911001#6,False,True,True,True,0.158,-4.801,UNKNOWN,0.998845,20,12F
NONCBL#ERR714317#2,False,True,True,True,0.346,-5.267,UNKNOWN,0.999937,20,19A
NONCBL#ERR862531#2,False,True,True,True,0.37,-5.057,UNKNOWN,0.99947,20,19A
NONCBL#SRR26883969#2,False,True,True,True,0.08,-4.755,UNKNOWN,0.997973,20,6B
NONCBL#ERR774132#10,False,True,True,True,0.302,-5.077,UNKNOWN,0.999514,20,18F
NONCBL#ERR925055#1,False,True,True,True,0.23,-4.95,UNKNOWN,0.999439,20,12F
NONCBL#ERR714574#12,False,True,True,True,0.26,-5.26,UNKNOWN,0.999964,20,12F
NONCBL#ERR13374918#8,False,True,True,True,0.219,-4.967,UNKNOWN,0.999742,20,12F
NONCBL#ERR2089233#2,False,True,True,True,0.221,-5.295,UNKNOWN,0.999989,35A_35C_42,6B
NONCBL#ERR1214672#9,False,True,True,True,0.38,-5.289,UNKNOWN,0.9999,20,19A
NONCBL#ERR2853625#1,False,True,True,True,0.254,-5.425,UNKNOWN,0.99998,20,8
NONCBL#ERR1202082#24,False,True,True,True,0.281,-5.251,UNKNOWN,0.999971,35A_35C_42,12F
NONCBL#ERR2089495#2,False,True,True,True,0.311,-5.653,UNKNOWN,0.999993,20,12F
NONCBL#ERR870328#16,False,True,True,True,0.216,-4.953,UNKNOWN,0.999017,20,18F
NONCBL#ERR701867#19,False,True,True,True,0.112,-4.975,UNKNOWN,0.999676,20,6B
NONCBL#SRR26884102#10,False,True,True,True,0.238,-5.147,UNKNOWN,0.999941,20,12F
NONCBL#SRR26672763#2,False,True,True,True,0.289,-4.928,UNKNOWN,0.999291,20,19A
NONCBL#SRR26834129#9,False,True,True,True,0.141,-4.836,UNKNOWN,0.998385,20,6B
NONCBL#SRR26910463#3,False,True,True,True,0.234,-5.035,UNKNOWN,0.999831,20,12F
NONCBL#ERR862355#11,False,True,True,True,0.344,-5.082,UNKNOWN,0.999568,20,19A
NONCBL#SRR26884272#8,False,True,True,True,0.165,-5.019,UNKNOWN,0.999893,20,12F
NONCBL#ERR3303365#4,False,True,True,True,0.203,-5.177,UNKNOWN,0.99994,20,19B
NONCBL#ERR13365199#1,False,True,True,True,0.4,-5.378,UNKNOWN,0.999958,20,12F
NONCBL#ERR3270808#1,False,True,True,True,0.399,-5.132,UNKNOWN,0.999684,20,19A
NONCBL#ERR433654#51,False,True,True,True,0.178,-4.854,UNKNOWN,0.997737,20,25F
NONCBL#ERR2681220#1,False,True,True,True,0.242,-5.685,UNKNOWN,0.999997,20,48
NONCBL#ERR1756455#20,False,True,True,True,0.248,-5.293,UNKNOWN,0.999938,20,19A
NONCBL#SRR26818430#2,False,True,True,True,0.272,-5.042,UNKNOWN,0.999492,20,19A
NONCBL#ERR3796798#5,False,True,True,True,0.153,-5.009,UNKNOWN,0.999649,20,6B
NONCBL#ERR1788551#19,False,True,True,True,0.377,-5.124,UNKNOWN,0.999591,20,10A
NONCBL#ERR2667142#3,False,True,True,True,0.6,-6.011,UNKNOWN,0.999986,20,31
NONCBL#ERR632940#6,False,True,True,True,0.123,-4.804,UNKNOWN,0.998419,20,12F
NONCBL#ERR1066106#1,False,True,True,True,0.106,-4.984,UNKNOWN,0.999478,20,10A
NONCBL#SRR26930281#30,False,True,True,True,0.321,-5.363,UNKNOWN,0.999987,20,12F
NONCBL#SRR26884629#2,False,True,True,True,0.363,-5.188,UNKNOWN,0.999913,20,19A
NONCBL#SRR26594731#1,False,True,True,True,0.115,-5.036,UNKNOWN,0.999634,20,25F
NONCBL#ERR1788565#10,False,True,True,True,0.144,-4.952,UNKNOWN,0.999655,20,6B
NONCBL#SRR26877761#11,False,True,True,True,0.278,-5.036,UNKNOWN,0.999719,20,19A
NONCBL#ERR1202237#21,False,True,True,True,0.125,-4.787,UNKNOWN,0.998596,20,12F
NONCBL#ERR1214632#10,False,True,True,True,0.353,-5.37,UNKNOWN,0.999977,20,12F
NONCBL#ERR1788074#5,False,True,True,True,0.335,-4.974,UNKNOWN,0.999263,20,19A
NONCBL#SRR26884038#26,False,True,True,True,0.293,-5.337,UNKNOWN,0.999972,20,19A
NONCBL#SRR26880032#6,False,True,True,True,0.199,-4.907,UNKNOWN,0.999555,20,12F
NONCBL#ERR2091052#5,False,True,True,True,0.431,-5.172,UNKNOWN,0.999583,20,19A
NONCBL#ERR908890#5,False,True,True,True,0.13,-4.789,UNKNOWN,0.996762,20,25F
NONCBL#ERR876550#24,False,True,True,True,0.258,-5.311,UNKNOWN,0.999991,35A_35C_42,6B
NONCBL#ERR2681026#13,False,True,True,True,0.324,-5.105,UNKNOWN,0.999736,20,19A
NONCBL#ERR8481817#1,False,True,True,True,0.23,-4.976,UNKNOWN,0.999477,20,19A
NONCBL#ERR1066338#1,False,True,True,True,0.246,-5.008,UNKNOWN,0.999633,20,19A
NONCBL#ERR701785#41,False,True,True,True,0.468,-5.416,UNKNOWN,0.999947,20,12F
NONCBL#ERR773939#1,False,True,True,True,0.128,-4.946,UNKNOWN,0.999647,20,21
NONCBL#ERR1065141#9,False,True,True,True,0.322,-5.222,UNKNOWN,0.999921,20,19A
NONCBL#ERR913093#1,False,True,True,True,0.275,-5.171,UNKNOWN,0.99989,20,19A
NONCBL#ERR13374949#4,False,True,True,True,0.133,-4.904,UNKNOWN,0.999701,20,12F
NONCBL#ERR1788269#27,False,True,True,True,0.315,-4.984,UNKNOWN,0.999283,20,19A
NONCBL#ERR1106635#1,False,True,True,True,0.137,-4.935,UNKNOWN,0.999046,20,19A
NONCBL#ERR884461#2,False,True,True,True,0.117,-5.144,UNKNOWN,0.999912,20,21
NONCBL#SRR26879911#5,False,True,True,True,0.292,-5.077,UNKNOWN,0.999724,20,19A
NONCBL#SRR26930438#6,False,True,True,True,0.169,-4.893,UNKNOWN,0.999422,20,12F
NONCBL#ERR913519#26,False,True,True,True,0.106,-5.058,UNKNOWN,0.99982,20,25F
NONCBL#SRR26714675#1,False,True,True,True,0.135,-5.074,UNKNOWN,0.999652,20,25F
NONCBL#ERR913307#17,False,True,True,True,0.244,-5.32,UNKNOWN,0.99999,35A_35C_42,12F
NONCBL#ERR1066104#1,False,True,True,True,0.626,-6.158,UNKNOWN,0.999992,18,4
NONCBL#SRR26884598#2,False,True,True,True,0.112,-4.954,UNKNOWN,0.999397,20,10A
NONCBL#SRR26911206#7,False,True,True,True,0.272,-5.042,UNKNOWN,0.999492,20,19A
NONCBL#ERR434000#1,False,True,True,True,0.709,-6.032,UNKNOWN,0.999991,20,12F
NONCBL#SRR26594840#2,False,True,True,True,0.121,-5.09,UNKNOWN,0.999934,35A_35C_42,6B
NONCBL#ERR568524#3,False,True,True,True,0.205,-5.291,UNKNOWN,0.999953,35A_35C_42,48
NONCBL#ERR714228#7,False,True,True,True,0.119,-4.815,UNKNOWN,0.998746,20,6B
NONCBL#ERR862418#18,False,True,True,True,0.286,-4.929,UNKNOWN,0.999288,20,19A
NONCBL#SRR26749254#5,False,True,True,True,0.146,-5.002,UNKNOWN,0.999776,20,10A
NONCBL#SRR26878139#1,False,True,True,True,0.115,-5.036,UNKNOWN,0.999634,20,25F
NONCBL#SRR26878205#1,False,True,True,True,0.111,-5.064,UNKNOWN,0.999753,20,25F
NONCBL#ERR750912#23,False,True,True,True,0.241,-5.491,UNKNOWN,0.999998,35A_35C_42,6B
NONCBL#SRR26714072#2,False,True,True,True,0.298,-5.446,UNKNOWN,0.999977,20,4
NONCBL#SRR26833707#1,False,True,True,True,0.153,-4.999,UNKNOWN,0.999765,20,12F
NONCBL#ERR774648#1,False,True,True,True,0.494,-6.047,UNKNOWN,0.999998,20,12F
NONCBL#SRR26834248#5,False,True,True,True,0.288,-5.446,UNKNOWN,0.999983,20,4
NONCBL#SRR26715013#2,False,True,True,True,0.315,-5.12,UNKNOWN,0.999773,20,19A
NONCBL#ERR434058#12,False,True,True,True,0.362,-5.131,UNKNOWN,0.999791,20,19A
NONCBL#SRR26931758#1,False,True,True,True,0.187,-4.822,UNKNOWN,0.999155,20,19A
NONCBL#ERR2090317#2,False,True,True,True,0.124,-5.027,UNKNOWN,0.999785,20,12F
NONCBL#SRR26714861#3,False,True,True,True,0.365,-5.52,UNKNOWN,0.999985,18,4
NONCBL#SRR26879968#2,False,True,True,True,0.423,-5.251,UNKNOWN,0.999772,20,12F
NONCBL#ERR2091038#16,False,True,True,True,0.201,-5.155,UNKNOWN,0.999907,20,19A
NONCBL#SRR26714535#5,False,True,True,True,0.168,-5.373,UNKNOWN,0.999979,20,21
NONCBL#ERR596412#1,False,True,True,True,0.141,-4.923,UNKNOWN,0.99976,20,19A
NONCBL#SRR26878046#2,False,True,True,True,0.24,-4.978,UNKNOWN,0.999771,20,19A
NONCBL#ERR2681330#1,False,True,True,True,0.315,-5.163,UNKNOWN,0.99986,20,12F
NONCBL#SRR26749904#2,False,True,True,True,0.141,-5.055,UNKNOWN,0.999742,20,8
NONCBL#ERR1453570#7,False,True,True,True,0.354,-5.098,UNKNOWN,0.999835,20,12F
NONCBL#SRR26878116#2,False,True,True,True,0.17,-5.294,UNKNOWN,0.999969,20,19A
NONCBL#ERR1788215#2,False,True,True,True,0.101,-5.023,UNKNOWN,0.99972,20,21
NONCBL#ERR714277#10,False,True,True,True,0.227,-5.133,UNKNOWN,0.99979,20,18F
NONCBL#ERR714699#1,False,True,True,True,0.136,-4.801,UNKNOWN,0.998558,20,25F
NONCBL#SRR26879918#23,False,True,True,True,0.423,-5.553,UNKNOWN,0.999987,20,12F
NONCBL#ERR1214322#7,False,True,True,True,0.245,-5.032,UNKNOWN,0.999447,20,19A
NONCBL#SRR26817794#7,False,True,True,True,0.099,-4.814,UNKNOWN,0.99848,20,12F
NONCBL#ERR1106792#1,False,True,True,True,0.266,-5.254,UNKNOWN,0.999974,20,12F
NONCBL#ERR884378#7,False,True,True,True,0.145,-4.803,UNKNOWN,0.998706,20,12F
NONCBL#ERR3655242#3,False,True,True,True,0.105,-5.114,UNKNOWN,0.999749,20,25F
NONCBL#ERR13364402#13,False,True,True,True,0.11,-5.011,UNKNOWN,0.999667,20,48
NONCBL#ERR2680864#2,False,True,True,True,0.287,-5.313,UNKNOWN,0.999986,20,19A
NONCBL#SRR26797696#6,False,True,True,True,0.091,-4.834,UNKNOWN,0.998422,20,12F
NONCBL#ERR876477#11,False,True,True,True,0.321,-5.265,UNKNOWN,0.999937,20,19A
NONCBL#ERR742749#9,False,True,True,True,0.256,-5.083,UNKNOWN,0.999735,20,12F
NONCBL#SRR26834315#5,False,True,True,True,0.236,-4.986,UNKNOWN,0.999423,20,19A
NONCBL#SRR26673239#35,False,True,True,True,0.523,-5.53,UNKNOWN,0.999951,20,12F
NONCBL#ERR13375086#1,False,True,True,True,0.485,-5.538,UNKNOWN,0.999983,35A_35C_42,12F
NONCBL#ERR751022#23,False,True,True,True,0.121,-4.973,UNKNOWN,0.999909,20,12F
NONCBL#SRR26749873#1,False,True,True,True,0.441,-5.532,UNKNOWN,0.999981,20,10A
NONCBL#SRR26797903#23,False,True,True,True,0.303,-5.001,UNKNOWN,0.999515,20,19A
NONCBL#SRR26797342#4,False,True,True,True,0.141,-5.242,UNKNOWN,0.999935,20,48
NONCBL#SRR26931594#12,False,True,True,True,0.103,-5.046,UNKNOWN,0.999753,20,12F
NONCBL#ERR774590#7,False,True,True,True,0.137,-5.073,UNKNOWN,0.999839,20,19A
NONCBL#ERR1422457#2,False,True,True,True,0.311,-5.219,UNKNOWN,0.999955,20,12F
NONCBL#ERR2090963#9,False,True,True,True,0.274,-5.051,UNKNOWN,0.999728,20,19A
NONCBL#SRR26834004#4,False,True,True,True,0.24,-5.029,UNKNOWN,0.999615,20,19A
NONCBL#ERR13364549#1,False,True,True,True,0.135,-4.796,UNKNOWN,0.997885,20,12F
NONCBL#ERR869861#6,False,True,True,True,0.29,-5.178,UNKNOWN,0.999915,20,19A
NONCBL#ERR13364377#2,False,True,True,True,0.361,-5.047,UNKNOWN,0.999379,20,19A
NONCBL#ERR1214421#1,False,True,True,True,0.324,-5.293,UNKNOWN,0.999953,20,19A
NONCBL#SRR26714149#6,False,True,True,True,0.298,-5.138,UNKNOWN,0.999857,20,19A
NONCBL#SRR26749751#1,False,True,True,True,0.164,-5.1,UNKNOWN,0.999535,20,12F
NONCBL#ERR1795479#3,False,True,True,True,0.299,-5.14,UNKNOWN,0.99986,20,19A
NONCBL#ERR2089591#3,False,True,True,True,0.246,-5.142,UNKNOWN,0.999966,20,12F
NONCBL#SRR26879655#1,False,True,True,True,0.245,-5.365,UNKNOWN,0.999971,20,25F
NONCBL#ERR876536#1,False,True,True,True,0.078,-4.818,UNKNOWN,0.997993,20,10A
NONCBL#ERR2853555#2,False,True,True,True,0.1,-5.119,UNKNOWN,0.9998,20,25F
NONCBL#ERR774033#1,False,True,True,True,0.182,-5.254,UNKNOWN,0.999982,20,12F
NONCBL#ERR980307#15,False,True,True,True,0.088,-4.887,UNKNOWN,0.999233,20,25F
NONCBL#ERR13365351#7,False,True,True,True,0.102,-5.003,UNKNOWN,0.999482,20,21
NONCBL#ERR730826#2,False,True,True,True,0.353,-5.557,UNKNOWN,0.99998,20,12F
NONCBL#SRR26818530#2,False,True,True,True,0.297,-4.935,UNKNOWN,0.999294,20,19A
NONCBL#SRR26878397#3,False,True,True,True,0.296,-5.035,UNKNOWN,0.999568,20,12F
NONCBL#SRR26930770#2,False,True,True,True,0.154,-4.999,UNKNOWN,0.999762,20,12F
NONCBL#SRR26910247#5,False,True,True,True,0.197,-5.591,UNKNOWN,0.999994,20,19A
NONCBL#ERR586316#1,False,True,True,True,0.099,-4.861,UNKNOWN,0.999018,20,25F
NONCBL#SRR26931132#4,False,True,True,True,0.396,-5.237,UNKNOWN,0.999764,20,15B
NONCBL#ERR1214405#5,False,True,True,True,0.192,-4.935,UNKNOWN,0.999755,20,12F
NONCBL#SRR26879522#8,False,True,True,True,0.192,-4.977,UNKNOWN,0.999737,20,10A
NONCBL#SRR26797823#13,False,True,True,True,0.219,-5.119,UNKNOWN,0.999871,20,7C
NONCBL#ERR773918#12,False,True,True,True,0.176,-4.93,UNKNOWN,0.999631,35A_35C_42,10A
NONCBL#SRR26797029#4,False,True,True,True,0.249,-5.011,UNKNOWN,0.999635,20,19A
NONCBL#ERR913148#2,False,True,True,True,0.372,-5.187,UNKNOWN,0.999913,20,19A
NONCBL#SRR26910508#2,False,True,True,True,0.156,-4.849,UNKNOWN,0.999004,20,12F
NONCBL#ERR1066231#29,False,True,True,True,0.137,-4.924,UNKNOWN,0.999414,35A_35C_42,25F
NONCBL#SRR26818331#1,False,True,True,True,0.101,-5.074,UNKNOWN,0.999831,20,12F
NONCBL#ERR774634#3,False,True,True,True,0.333,-5.527,UNKNOWN,0.999975,20,12F
NONCBL#ERR13374681#1,False,True,True,True,0.168,-5.006,UNKNOWN,0.999552,20,19A
NONCBL#ERR1066045#3,False,True,True,True,0.359,-5.568,UNKNOWN,0.999973,20,12F
NONCBL#ERR2089547#6,False,True,True,True,0.311,-4.931,UNKNOWN,0.999317,20,19A
NONCBL#ERR730834#22,False,True,True,True,0.158,-5.153,UNKNOWN,0.999887,20,19A
NONCBL#SRR26883933#5,False,True,True,True,0.793,-6.327,UNKNOWN,0.999965,20,12F
NONCBL#ERR13365724#14,False,True,True,True,0.319,-5.156,UNKNOWN,0.999878,20,19A
NONCBL#ERR13374948#7,False,True,True,True,0.12,-5.306,UNKNOWN,0.999963,20,25F
NONCBL#ERR3796575#1,False,True,True,True,0.245,-5.231,UNKNOWN,0.99996,20,19A
NONCBL#SRR26879911#3,False,True,True,True,0.171,-4.848,UNKNOWN,0.999142,20,10A
NONCBL#ERR2089107#20,False,True,True,True,0.255,-5.068,UNKNOWN,0.999664,20,12F
NONCBL#ERR774263#36,False,True,True,True,0.313,-5.065,UNKNOWN,0.999553,20,19A
NONCBL#ERR2091083#1,False,True,True,True,0.183,-4.939,UNKNOWN,0.999571,20,19A
NONCBL#SRR26931842#15,False,True,True,True,0.316,-4.95,UNKNOWN,0.99937,20,19A
NONCBL#ERR730534#28,False,True,True,True,0.13,-4.993,UNKNOWN,0.999669,20,25F
NONCBL#ERR3664425#28,False,True,True,True,0.321,-5.241,UNKNOWN,0.999936,20,19A
NONCBL#ERR2089865#5,False,True,True,True,0.385,-5.333,UNKNOWN,0.999947,20,19A
NONCBL#ERR909092#14,False,True,True,True,0.279,-5.174,UNKNOWN,0.999896,20,19A
NONCBL#ERR2667154#21,False,True,True,True,0.277,-5.066,UNKNOWN,0.999693,20,10A
NONCBL#SRR26673747#1,False,True,True,True,0.165,-4.927,UNKNOWN,0.999656,20,12F
NONCBL#ERR1214412#3,False,True,True,True,0.16,-4.844,UNKNOWN,0.999469,20,12F
NONCBL#SRR26931911#22,False,True,True,True,0.476,-5.416,UNKNOWN,0.99994,20,12F
NONCBL#ERR586313#10,False,True,True,True,0.303,-4.96,UNKNOWN,0.999429,20,19A
NONCBL#SRR26594385#5,False,True,True,True,0.319,-4.94,UNKNOWN,0.999235,20,19A
NONCBL#ERR316620#1,False,True,True,True,0.103,-4.924,UNKNOWN,0.999537,20,19A
NONCBL#ERR925331#1,False,True,True,True,0.207,-5.302,UNKNOWN,0.999945,20,33D
NONCBL#ERR1202435#5,False,True,True,True,0.357,-5.08,UNKNOWN,0.999737,20,12F
NONCBL#ERR2681036#1,False,True,True,True,0.131,-4.901,UNKNOWN,0.999265,20,12F
NONCBL#ERR2667795#10,False,True,True,True,0.324,-5.337,UNKNOWN,0.999972,20,8
NONCBL#ERR600421#1,False,True,True,True,0.429,-5.273,UNKNOWN,0.999939,20,19A
NONCBL#ERR909044#1,False,True,True,True,0.345,-5.178,UNKNOWN,0.999852,20,19A
NONCBL#SRR26797231#11,False,True,True,True,0.21,-4.991,UNKNOWN,0.999597,20,19A
NONCBL#ERR2681388#1,False,True,True,True,0.276,-5.219,UNKNOWN,0.999939,20,19A
NONCBL#ERR1453725#12,False,True,True,True,0.273,-4.909,UNKNOWN,0.999479,20,19A
NONCBL#ERR870250#2,False,True,True,True,0.123,-4.961,UNKNOWN,0.999714,20,21
NONCBL#ERR2680903#1,False,True,True,True,0.145,-4.92,UNKNOWN,0.999676,20,9N
NONCBL#ERR2680869#4,False,True,True,True,0.142,-4.917,UNKNOWN,0.999534,20,12F
NONCBL#ERR13365068#23,False,True,True,True,0.164,-5.047,UNKNOWN,0.999749,35A_35C_42,19A
NONCBL#SRR26789357#1,False,True,True,True,0.436,-5.386,UNKNOWN,0.99997,20,12F
NONCBL#ERR1799706#2,False,True,True,True,0.183,-4.947,UNKNOWN,0.999709,20,10A
NONCBL#ERR2681127#2,False,True,True,True,0.22,-5.5,UNKNOWN,0.999989,25A_25F_38,8
NONCBL#ERR869863#6,False,True,True,True,0.124,-4.969,UNKNOWN,0.999753,20,48
NONCBL#ERR600248#1,False,True,True,True,0.158,-4.985,UNKNOWN,0.999726,20,10A
NONCBL#SRR26834519#1,False,True,True,True,0.237,-4.985,UNKNOWN,0.99932,20,19A
NONCBL#SRR26884726#5,False,True,True,True,0.233,-4.989,UNKNOWN,0.99949,20,19A
NONCBL#ERR1540739#5,False,True,True,True,0.122,-5.148,UNKNOWN,0.999867,20,12F
NONCBL#ERR568686#1,False,True,True,True,0.35,-5.218,UNKNOWN,0.999949,20,19A
NONCBL#ERR1756437#6,False,True,True,True,0.149,-4.94,UNKNOWN,0.999553,20,12F
NONCBL#ERR2667569#17,False,True,True,True,0.765,-6.818,UNKNOWN,0.999998,20,19B
NONCBL#ERR1065468#1,False,True,True,True,0.495,-5.535,UNKNOWN,0.999939,20,12F
NONCBL#ERR331465#1,False,True,True,True,0.183,-5.12,UNKNOWN,0.999787,20,8
NONCBL#ERR2090282#2,False,True,True,True,0.167,-4.814,UNKNOWN,0.998371,20,25F
NONCBL#ERR2853553#1,False,True,True,True,0.155,-5.068,UNKNOWN,0.999914,20,6B
NONCBL#SRR26877944#2,False,True,True,True,0.123,-4.917,UNKNOWN,0.999601,20,10A
NONCBL#ERR7567839#13,False,True,True,True,0.116,-4.791,UNKNOWN,0.998828,20,12F
NONCBL#ERR1202355#2,False,True,True,True,0.104,-4.78,UNKNOWN,0.99695,20,25F
NONCBL#ERR13365420#1,False,True,True,True,0.286,-5.012,UNKNOWN,0.999619,20,8
NONCBL#ERR730612#3,False,True,True,True,0.298,-5.184,UNKNOWN,0.999889,20,19A
NONCBL#SRR26594187#1,False,True,True,True,0.286,-5.143,UNKNOWN,0.999914,20,12F
NONCBL#ERR862451#2,False,True,True,True,0.446,-5.425,UNKNOWN,0.999961,20,8
NONCBL#ERR884436#1,False,True,True,True,0.15,-5.095,UNKNOWN,0.999936,20,12F
NONCBL#ERR3655208#1,False,True,True,True,0.286,-5.022,UNKNOWN,0.999689,20,12F
NONCBL#SRR26673541#4,False,True,True,True,0.207,-4.974,UNKNOWN,0.999539,35A_35C_42,12F
NONCBL#ERR501580#1,False,True,True,True,0.082,-4.836,UNKNOWN,0.998828,20,25F
NONCBL#ERR338185#22,False,True,True,True,0.287,-5.037,UNKNOWN,0.99951,20,19A
NONCBL#ERR1788266#2,False,True,True,True,0.637,-6.05,UNKNOWN,0.999994,20,12F
NONCBL#ERR8481866#1,False,True,True,True,0.126,-4.938,UNKNOWN,0.998745,35A_35C_42,25F
NONCBL#SRR26818083#1,False,True,True,True,0.307,-5.245,UNKNOWN,0.999934,20,19A
NONCBL#ERR13374714#1,False,True,True,True,0.126,-4.849,UNKNOWN,0.999372,20,12F
NONCBL#SRR26878370#13,False,True,True,True,0.207,-5.007,UNKNOWN,0.99898,20,12F
NONCBL#ERR750819#5,False,True,True,True,0.158,-4.903,UNKNOWN,0.999444,20,12F
NONCBL#SRR26834477#1,False,True,True,True,0.185,-4.909,UNKNOWN,0.999396,20,12F
NONCBL#ERR319350#29,False,True,True,True,0.333,-5.03,UNKNOWN,0.999306,20,19A
NONCBL#ERR8481622#2,False,True,True,True,0.141,-5.018,UNKNOWN,0.999468,20,25F
NONCBL#ERR884332#25,False,True,True,True,0.09,-4.834,UNKNOWN,0.998833,20,19A
NONCBL#SRR26594467#11,False,True,True,True,0.16,-4.972,UNKNOWN,0.999555,36,6B
NONCBL#SRR26910380#1,False,True,True,True,0.281,-4.987,UNKNOWN,0.999461,20,19A
NONCBL#ERR730200#1,False,True,True,True,0.495,-5.674,UNKNOWN,0.999981,20,12F
NONCBL#ERR730221#2,False,True,True,True,0.412,-5.129,UNKNOWN,0.999523,20,19A
NONCBL#ERR3796895#2,False,True,True,True,0.109,-4.97,UNKNOWN,0.999456,20,6B
NONCBL#ERR13365838#1,False,True,True,True,0.321,-5.288,UNKNOWN,0.999941,20,12F
NONCBL#ERR1192008#5,False,True,True,True,0.117,-4.889,UNKNOWN,0.999339,20,12F
NONCBL#ERR633018#1,False,True,True,True,0.211,-5.293,UNKNOWN,0.999966,20,19A
NONCBL#SRR26833646#6,False,True,True,True,0.135,-5.074,UNKNOWN,0.999652,20,25F
NONCBL#SRR26931768#14,False,True,True,True,0.288,-4.976,UNKNOWN,0.999259,20,19A
NONCBL#SRR26884544#5,False,True,True,True,0.278,-5.036,UNKNOWN,0.999719,20,19A
NONCBL#SRR26834280#5,False,True,True,True,0.198,-4.989,UNKNOWN,0.999785,20,10A
NONCBL#ERR1065256#4,False,True,True,True,0.517,-5.762,UNKNOWN,0.999985,20,9V
NONCBL#ERR1065272#2,False,True,True,True,0.146,-4.776,UNKNOWN,0.999184,20,12F
NONCBL#ERR13365245#1,False,True,True,True,0.864,-6.828,UNKNOWN,0.999989,20,12F
NONCBL#ERR1453594#1,False,True,True,True,0.41,-5.22,UNKNOWN,0.999865,20,19A
NONCBL#ERR433728#23,False,True,True,True,0.121,-4.851,UNKNOWN,0.99909,20,9N
NONCBL#ERR13365918#2,False,True,True,True,0.083,-4.81,UNKNOWN,0.998575,20,25F
NONCBL#SRR26595068#5,False,True,True,True,0.234,-4.989,UNKNOWN,0.999491,20,19A
NONCBL#ERR2680802#1,False,True,True,True,0.161,-5.075,UNKNOWN,0.999919,20,6B
NONCBL#ERR1788153#5,False,True,True,True,0.209,-4.915,UNKNOWN,0.999668,35A_35C_42,6B
NONCBL#ERR338178#5,False,True,True,True,0.15,-5.07,UNKNOWN,0.999806,20,21
NONCBL#ERR2667571#16,False,True,True,True,0.855,-7.512,UNKNOWN,0.98698,20,6B
NONCBL#ERR13364916#1,False,True,True,True,0.292,-4.959,UNKNOWN,0.999697,20,12F
NONCBL#SRR26817993#2,False,True,True,True,0.21,-4.952,UNKNOWN,0.999835,20,9V
NONCBL#ERR3303258#2,False,True,True,True,0.09,-4.928,UNKNOWN,0.998877,20,25F
NONCBL#ERR1453469#5,False,True,True,True,0.278,-5.093,UNKNOWN,0.999859,20,19A
NONCBL#ERR2089165#12,False,True,True,True,0.349,-5.239,UNKNOWN,0.999917,20,19A
NONCBL#ERR913508#1,False,True,True,True,0.101,-4.942,UNKNOWN,0.999504,20,9V
NONCBL#SRR26818558#1,False,True,True,True,0.282,-5.286,UNKNOWN,0.999938,20,31
NONCBL#ERR2089604#4,False,True,True,True,0.132,-4.951,UNKNOWN,0.999709,35A_35C_42,14
NONCBL#SRR26594659#1,False,True,True,True,0.228,-4.968,UNKNOWN,0.999615,20,12F
NONCBL#ERR979948#7,False,True,True,True,0.266,-5.201,UNKNOWN,0.999828,20,15B
NONCBL#SRR26884099#2,False,True,True,True,0.216,-4.982,UNKNOWN,0.999613,20,6B
NONCBL#SRR26878428#4,False,True,True,True,0.297,-5.568,UNKNOWN,0.999976,20,38
NONCBL#ERR750932#1,False,True,True,True,0.656,-6.03,UNKNOWN,0.99999,20,12F
NONCBL#ERR2667127#2,False,True,True,True,0.716,-6.259,UNKNOWN,0.999994,20,12F
NONCBL#SRR26714872#5,False,True,True,True,0.234,-4.989,UNKNOWN,0.999491,20,19A
NONCBL#ERR319375#24,False,True,True,True,0.332,-5.008,UNKNOWN,0.999444,20,19A
NONCBL#SRR26930683#1,False,True,True,True,0.256,-5.129,UNKNOWN,0.999855,20,8
NONCBL#ERR2089588#1,False,True,True,True,0.105,-4.924,UNKNOWN,0.999533,20,12F
NONCBL#SRR26879918#17,False,True,True,True,0.125,-5.067,UNKNOWN,0.999777,20,6B
NONCBL#ERR2090948#2,False,True,True,True,0.44,-5.382,UNKNOWN,0.999903,20,12F
NONCBL#SRR26879687#5,False,True,True,True,0.78,-6.247,UNKNOWN,0.999946,20,12F
NONCBL#ERR1453378#2,False,True,True,True,0.332,-4.976,UNKNOWN,0.999092,20,19A
NONCBL#SRR26930372#5,False,True,True,True,0.135,-5.096,UNKNOWN,0.999892,20,14
NONCBL#SRR26797930#5,False,True,True,True,0.298,-5.138,UNKNOWN,0.999857,20,19A
NONCBL#SRR26931322#1,False,True,True,True,0.22,-4.93,UNKNOWN,0.999584,20,12F
NONCBL#SRR26749436#1,False,True,True,True,0.513,-5.559,UNKNOWN,0.999925,20,12F
NONCBL#SRR26673129#1,False,True,True,True,0.236,-5.148,UNKNOWN,0.999931,20,19A
NONCBL#ERR869839#1,False,True,True,True,0.135,-4.948,UNKNOWN,0.999583,20,10A
NONCBL#SRR26884566#2,False,True,True,True,0.478,-5.563,UNKNOWN,0.999984,20,12F
NONCBL#ERR900725#2,False,True,True,True,0.523,-5.666,UNKNOWN,0.999984,20,12F
NONCBL#ERR1333970#1,False,True,True,True,0.141,-5.017,UNKNOWN,0.999739,20,12F
NONCBL#SRR26834186#1,False,True,True,True,0.303,-5.566,UNKNOWN,0.999998,35A_35C_42,6B
NONCBL#ERR2091301#1,False,True,True,True,0.535,-5.84,UNKNOWN,0.999994,20,15B
NONCBL#ERR586327#1,False,True,True,True,0.142,-4.814,UNKNOWN,0.998374,20,12F
NONCBL#SRR26833855#2,False,True,True,True,0.284,-5.02,UNKNOWN,0.9995,20,19A
NONCBL#SRR26714264#3,False,True,True,True,0.075,-4.783,UNKNOWN,0.998006,20,10A
NONCBL#ERR7568078#6,False,True,True,True,0.228,-4.974,UNKNOWN,0.999521,20,18F
NONCBL#SRR26884258#21,False,True,True,True,0.314,-4.972,UNKNOWN,0.999334,20,19A
NONCBL#SRR26797238#6,False,True,True,True,0.139,-4.896,UNKNOWN,0.999184,20,12F
NONCBL#ERR774486#28,False,True,True,True,0.317,-5.02,UNKNOWN,0.999638,20,19A
NONCBL#ERR714148#8,False,True,True,True,0.328,-5.003,UNKNOWN,0.999395,20,19A
NONCBL#ERR3303170#12,False,True,True,True,0.109,-5.104,UNKNOWN,0.99985,35A_35C_42,25F
NONCBL#ERR1214553#6,False,True,True,True,0.114,-5.07,UNKNOWN,0.999817,20,48
NONCBL#SRR26910708#3,False,True,True,True,0.151,-5.161,UNKNOWN,0.999852,20,25F
NONCBL#ERR1214484#4,False,True,True,True,0.085,-4.855,UNKNOWN,0.999063,20,12F
NONCBL#ERR433746#4,False,True,True,True,0.146,-4.817,UNKNOWN,0.999397,20,12F
NONCBL#ERR2089520#19,False,True,True,True,0.233,-5.163,UNKNOWN,0.999963,20,12F
NONCBL#ERR1214628#5,False,True,True,True,0.284,-5.009,UNKNOWN,0.999662,20,19A
NONCBL#SRR26931122#25,False,True,True,True,0.391,-5.091,UNKNOWN,0.999413,20,19A
NONCBL#ERR714111#2,False,True,True,True,0.226,-5.266,UNKNOWN,0.999962,20,19A
NONCBL#ERR1422570#11,False,True,True,True,0.125,-5.099,UNKNOWN,0.999795,20,12F
NONCBL#ERR1288860#7,False,True,True,True,0.257,-5.095,UNKNOWN,0.99982,20,19A
NONCBL#ERR13365425#1,False,True,True,True,0.165,-4.804,UNKNOWN,0.998941,20,12F
NONCBL#SRR26750023#20,False,True,True,True,0.411,-5.441,UNKNOWN,0.999968,20,12F
NONCBL#SRR26673089#1,False,True,True,True,0.288,-5.055,UNKNOWN,0.999781,20,12F
NONCBL#ERR331132#38,False,True,True,True,0.278,-4.963,UNKNOWN,0.999363,20,19A
NONCBL#SRR26789681#3,False,True,True,True,0.106,-4.774,UNKNOWN,0.996583,20,25F
NONCBL#SRR26879836#4,False,True,True,True,0.21,-4.895,UNKNOWN,0.999545,20,12F
NONCBL#SRR26750097#2,False,True,True,True,0.223,-4.976,UNKNOWN,0.999644,20,19A
NONCBL#ERR433695#1,False,True,True,True,0.28,-4.921,UNKNOWN,0.999253,20,19A
NONCBL#ERR909045#4,False,True,True,True,0.107,-4.997,UNKNOWN,0.999432,20,25F
NONCBL#ERR1202583#3,False,True,True,True,0.187,-4.932,UNKNOWN,0.999796,20,6B
NONCBL#SRR26930543#3,False,True,True,True,0.299,-5.115,UNKNOWN,0.999812,20,19A
NONCBL#ERR909024#16,False,True,True,True,0.433,-5.157,UNKNOWN,0.999546,20,19A
NONCBL#ERR1202630#3,False,True,True,True,0.122,-5.157,UNKNOWN,0.99982,20,9N
NONCBL#ERR2680629#26,False,True,True,True,0.359,-5.163,UNKNOWN,0.999682,20,19A
NONCBL#ERR8481794#8,False,True,True,True,0.259,-5.184,UNKNOWN,0.999926,20,19A
NONCBL#ERR1453450#4,False,True,True,True,0.209,-4.898,UNKNOWN,0.999468,20,12F
NONCBL#SRR26714586#8,False,True,True,True,0.227,-4.962,UNKNOWN,0.999615,35A_35C_42,10A
NONCBL#ERR2089323#9,False,True,True,True,0.118,-4.96,UNKNOWN,0.999699,20,12F
NONCBL#SRR26931002#2,False,True,True,True,0.328,-5.392,UNKNOWN,0.999932,20,12F
NONCBL#ERR316749#5,False,True,True,True,0.23,-4.991,UNKNOWN,0.999401,20,19A
NONCBL#ERR600377#1,False,True,True,True,0.165,-5.041,UNKNOWN,0.999823,20,37
NONCBL#ERR13364490#1,False,True,True,True,0.29,-5.121,UNKNOWN,0.999846,20,19A
NONCBL#SRR26818460#26,False,True,True,True,0.1,-5.058,UNKNOWN,0.999732,20,25F
NONCBL#ERR2681042#21,False,True,True,True,0.204,-5.119,UNKNOWN,0.999922,20,6A
NONCBL#ERR1202461#4,False,True,True,True,0.14,-4.921,UNKNOWN,0.999645,20,12F
NONCBL#SRR26833847#7,False,True,True,True,0.391,-5.091,UNKNOWN,0.999413,20,19A
NONCBL#SRR26797133#1,False,True,True,True,0.158,-5.101,UNKNOWN,0.999925,35A_35C_42,4
NONCBL#ERR876583#30,False,True,True,True,0.17,-5.374,UNKNOWN,0.999981,20,12F
NONCBL#ERR2667506#4,False,True,True,True,0.26,-4.869,UNKNOWN,0.999343,20,12F
NONCBL#SRR26673127#11,False,True,True,True,0.145,-4.818,UNKNOWN,0.998844,20,12F
NONCBL#SRR26595041#1,False,True,True,True,0.267,-5.658,UNKNOWN,0.999949,20,4
NONCBL#ERR1066257#3,False,True,True,True,0.103,-5.115,UNKNOWN,0.999853,20,25F
NONCBL#ERR774221#1,False,True,True,True,0.328,-5.007,UNKNOWN,0.999377,20,19A
NONCBL#ERR1756448#41,False,True,True,True,0.135,-5.108,UNKNOWN,0.999831,20,12F
NONCBL#SRR26910751#4,False,True,True,True,0.164,-4.986,UNKNOWN,0.999812,20,12F
NONCBL#SRR26878706#16,False,True,True,True,0.207,-4.986,UNKNOWN,0.999504,20,12F
NONCBL#ERR2612065#18,False,True,True,True,0.309,-5.129,UNKNOWN,0.999779,35A_35C_42,10A
NONCBL#ERR2090342#18,False,True,True,True,0.386,-5.097,UNKNOWN,0.999526,20,19A
NONCBL#SRR26931584#22,False,True,True,True,0.325,-5.474,UNKNOWN,0.999996,35A_35C_42,12F
NONCBL#ERR2681249#18,False,True,True,True,0.335,-5.017,UNKNOWN,0.999456,20,19A
NONCBL#SRR26930421#2,False,True,True,True,0.421,-5.212,UNKNOWN,0.999854,20,19A
NONCBL#ERR505660#1,False,True,True,True,0.209,-4.94,UNKNOWN,0.99968,20,12F
NONCBL#ERR730919#15,False,True,True,True,0.11,-4.853,UNKNOWN,0.999138,20,12F
NONCBL#ERR3303276#5,False,True,True,True,0.086,-4.815,UNKNOWN,0.998415,20,10A
NONCBL#SRR26594496#6,False,True,True,True,0.165,-4.927,UNKNOWN,0.999656,20,12F
NONCBL#SRR26749626#1,False,True,True,True,0.152,-5.227,UNKNOWN,0.99996,20,7F
NONCBL#SRR26930980#10,False,True,True,True,0.115,-5.036,UNKNOWN,0.999634,20,25F
NONCBL#ERR501582#1,False,True,True,True,0.171,-5.184,UNKNOWN,0.999927,20,4
NONCBL#ERR633102#3,False,True,True,True,0.316,-5.153,UNKNOWN,0.999755,20,19A
NONCBL#ERR1453588#1,False,True,True,True,0.442,-5.641,UNKNOWN,0.99993,20,18C
NONCBL#SRR26878559#13,False,True,True,True,0.194,-4.945,UNKNOWN,0.998567,20,12F
NONCBL#SRR26595055#2,False,True,True,True,0.354,-5.485,UNKNOWN,0.999966,20,4
NONCBL#ERR3303193#5,False,True,True,True,0.336,-5.225,UNKNOWN,0.999681,20,10A
NONCBL#SRR26930653#2,False,True,True,True,0.197,-4.967,UNKNOWN,0.99944,20,19A
NONCBL#SRR26714877#1,False,True,True,True,0.396,-5.232,UNKNOWN,0.999887,20,12F
NONCBL#SRR26834516#3,False,True,True,True,0.239,-4.956,UNKNOWN,0.999457,20,19A
NONCBL#ERR3899507#14,False,True,True,True,0.175,-5.36,UNKNOWN,0.999996,20,6B
NONCBL#ERR1191907#8,False,True,True,True,0.093,-4.788,UNKNOWN,0.997637,20,25F
NONCBL#SRR26878453#1,False,True,True,True,0.236,-4.986,UNKNOWN,0.999423,20,19A
NONCBL#ERR1202319#16,False,True,True,True,0.297,-5.142,UNKNOWN,0.999645,20,18F
NONCBL#ERR13364882#27,False,True,True,True,0.157,-4.793,UNKNOWN,0.998939,20,12F
NONCBL#ERR2089862#1,False,True,True,True,0.101,-4.969,UNKNOWN,0.999083,20,19A
NONCBL#SRR26749398#4,False,True,True,True,0.182,-4.927,UNKNOWN,0.999667,20,12F
NONCBL#ERR2089201#3,False,True,True,True,0.693,-6.304,UNKNOWN,0.999975,20,9V
NONCBL#ERR1066176#19,False,True,True,True,0.358,-5.423,UNKNOWN,0.999978,20,19A
NONCBL#SRR26930623#23,False,True,True,True,0.081,-4.756,UNKNOWN,0.997756,20,6B
NONCBL#ERR13365256#10,False,True,True,True,0.128,-4.791,UNKNOWN,0.998768,20,12F
NONCBL#ERR1065803#8,False,True,True,True,0.252,-4.942,UNKNOWN,0.999697,20,6A
NONCBL#ERR730404#2,False,True,True,True,0.142,-4.912,UNKNOWN,0.998504,20,25F
NONCBL#ERR884487#1,False,True,True,True,0.225,-5.075,UNKNOWN,0.999872,20,12F
NONCBL#SRR26714681#5,False,True,True,True,0.107,-4.91,UNKNOWN,0.999259,20,25F
NONCBL#ERR3217454#2,False,True,True,True,0.419,-5.234,UNKNOWN,0.999922,20,19A
NONCBL#SRR26931564#1,False,True,True,True,0.229,-5.207,UNKNOWN,0.999885,20,12F
NONCBL#SRR26818058#16,False,True,True,True,0.195,-4.968,UNKNOWN,0.999454,20,12F
NONCBL#SRR26714943#17,False,True,True,True,0.098,-4.832,UNKNOWN,0.998563,20,12F
NONCBL#ERR2090201#2,False,True,True,True,0.187,-5.015,UNKNOWN,0.999692,20,25F
NONCBL#ERR1202089#6,False,True,True,True,0.325,-4.991,UNKNOWN,0.999229,20,19A
NONCBL#SRR26595105#13,False,True,True,True,0.084,-4.864,UNKNOWN,0.998492,20,25F
NONCBL#ERR2853634#2,False,True,True,True,0.115,-5.036,UNKNOWN,0.999634,20,25F
NONCBL#SRR26878258#12,False,True,True,True,0.091,-5.099,UNKNOWN,0.999725,20,25F
NONCBL#ERR751135#12,False,True,True,True,0.089,-4.838,UNKNOWN,0.99912,20,6B
NONCBL#ERR862314#6,False,True,True,True,0.094,-4.828,UNKNOWN,0.999192,20,12F
NONCBL#ERR730154#1,False,True,True,True,0.215,-5.001,UNKNOWN,0.999553,20,6B
NONCBL#ERR1453414#7,False,True,True,True,0.169,-4.78,UNKNOWN,0.999309,20,12F
NONCBL#ERR1594518#5,False,True,True,True,0.272,-5.108,UNKNOWN,0.999551,20,18F
NONCBL#SRR26878117#54,False,True,True,True,0.178,-4.852,UNKNOWN,0.997729,20,25F
NONCBL#ERR742524#1,False,True,True,True,0.137,-4.785,UNKNOWN,0.998527,20,12F
NONCBL#ERR1065495#1,False,True,True,True,0.081,-4.776,UNKNOWN,0.998247,20,6B
NONCBL#SRR26594214#8,False,True,True,True,0.16,-4.978,UNKNOWN,0.99967,20,12F
NONCBL#SRR26930232#6,False,True,True,True,0.319,-4.98,UNKNOWN,0.999345,20,19A
NONCBL#SRR26714641#1,False,True,True,True,0.252,-5.018,UNKNOWN,0.99982,20,19A
NONCBL#ERR7568014#3,False,True,True,True,0.215,-5.135,UNKNOWN,0.999924,20,12F
NONCBL#ERR1214513#10,False,True,True,True,0.171,-4.945,UNKNOWN,0.999678,20,10A
NONCBL#ERR2089617#1,False,True,True,True,0.155,-4.994,UNKNOWN,0.999706,20,10A
NONCBL#SRR26749514#16,False,True,True,True,0.21,-4.936,UNKNOWN,0.998852,20,12F
NONCBL#SRR26834141#1,False,True,True,True,0.115,-5.029,UNKNOWN,0.999667,20,25F
NONCBL#ERR3270831#2,False,True,True,True,0.299,-5.35,UNKNOWN,0.999919,20,8
NONCBL#SRR26930899#9,False,True,True,True,0.26,-4.997,UNKNOWN,0.999512,20,19A
NONCBL#SRR26877799#22,False,True,True,True,0.355,-5.768,UNKNOWN,0.999992,20,48
NONCBL#ERR600576#5,False,True,True,True,0.135,-5.001,UNKNOWN,0.999695,20,14
NONCBL#SRR26789354#2,False,True,True,True,0.553,-5.638,UNKNOWN,0.999957,20,8
NONCBL#ERR1202235#7,False,True,True,True,0.169,-5.228,UNKNOWN,0.999933,20,21
NONCBL#SRR26930811#1,False,True,True,True,0.455,-5.401,UNKNOWN,0.99996,20,19A
NONCBL#ERR774197#20,False,True,True,True,0.15,-4.985,UNKNOWN,0.999765,20,12F
NONCBL#ERR925321#24,False,True,True,True,0.325,-4.954,UNKNOWN,0.999333,20,19A
NONCBL#SRR26879724#2,False,True,True,True,0.116,-4.979,UNKNOWN,0.999338,20,8
NONCBL#ERR13365942#8,False,True,True,True,0.337,-5.195,UNKNOWN,0.999874,20,19A
NONCBL#ERR568613#9,False,True,True,True,0.316,-5.217,UNKNOWN,0.999917,20,19A
NONCBL#SRR26931880#3,False,True,True,True,0.135,-5.074,UNKNOWN,0.999652,20,25F
NONCBL#SRR26833898#2,False,True,True,True,0.109,-5.041,UNKNOWN,0.999711,20,6B
NONCBL#ERR980023#29,False,True,True,True,0.362,-5.431,UNKNOWN,0.999992,20,12F
NONCBL#ERR980130#2,False,True,True,True,0.497,-5.512,UNKNOWN,0.999944,20,12F
NONCBL#SRR26879906#1,False,True,True,True,0.248,-5.118,UNKNOWN,0.99986,20,6B
NONCBL#SRR26595090#1,False,True,True,True,0.222,-5.114,UNKNOWN,0.99991,20,10A
NONCBL#ERR1430863#5,False,True,True,True,0.123,-4.804,UNKNOWN,0.998419,20,12F
NONCBL#SRR26673009#2,False,True,True,True,0.089,-5.063,UNKNOWN,0.999749,20,9N
NONCBL#ERR2667890#11,False,True,True,True,0.401,-5.754,UNKNOWN,0.999998,36,8
NONCBL#SRR26594906#3,False,True,True,True,0.268,-4.965,UNKNOWN,0.999286,20,19A
NONCBL#ERR1453807#2,False,True,True,True,0.585,-5.752,UNKNOWN,0.999981,20,12F
NONCBL#SRR26797751#5,False,True,True,True,0.102,-4.869,UNKNOWN,0.99928,20,25F
NONCBL#SRR26878746#6,False,True,True,True,0.546,-5.506,UNKNOWN,0.999933,35A_35C_42,12F
NONCBL#SRR26930462#1,False,True,True,True,0.51,-5.598,UNKNOWN,0.999984,20,12F
NONCBL#ERR501527#1,False,True,True,True,0.222,-5.412,UNKNOWN,0.999996,35A_35C_42,6B
NONCBL#ERR2089425#1,False,True,True,True,0.102,-4.82,UNKNOWN,0.998979,20,12F
NONCBL#ERR1065357#2,False,True,True,True,0.185,-4.94,UNKNOWN,0.999377,20,25F
NONCBL#ERR1191934#3,False,True,True,True,0.364,-5.047,UNKNOWN,0.999457,20,19A
NONCBL#SRR26884027#2,False,True,True,True,0.332,-5.683,UNKNOWN,0.99998,35A_35C_42,38
NONCBL#ERR750939#2,False,True,True,True,0.125,-4.893,UNKNOWN,0.999366,35A_35C_42,6B
NONCBL#ERR1065331#6,False,True,True,True,0.243,-4.928,UNKNOWN,0.999353,35A_35C_42,6B
NONCBL#ERR742451#1,False,True,True,True,0.171,-5.128,UNKNOWN,0.999947,20,25F
NONCBL#ERR331114#39,False,True,True,True,0.249,-5.022,UNKNOWN,0.999641,20,19A
NONCBL#ERR5336814#13,False,True,True,True,0.141,-4.836,UNKNOWN,0.99942,20,12F
NONCBL#ERR13374677#2,False,True,True,True,0.268,-4.966,UNKNOWN,0.999265,20,19A
NONCBL#ERR908903#2,False,True,True,True,0.109,-4.925,UNKNOWN,0.999518,20,9V
NONCBL#SRR26910877#1,False,True,True,True,0.147,-5.098,UNKNOWN,0.999863,20,21
NONCBL#ERR913278#1,False,True,True,True,0.365,-5.207,UNKNOWN,0.999877,20,19A
NONCBL#SRR26594809#15,False,True,True,True,0.133,-4.836,UNKNOWN,0.999171,20,12F
NONCBL#ERR568698#12,False,True,True,True,0.171,-4.959,UNKNOWN,0.999718,35A_35C_42,19A
NONCBL#SRR26930303#24,False,True,True,True,0.27,-5.045,UNKNOWN,0.99955,20,19A
NONCBL#ERR3303454#4,False,True,True,True,0.293,-5.122,UNKNOWN,0.999781,20,19A
NONCBL#ERR2089894#13,False,True,True,True,0.226,-5.213,UNKNOWN,0.999953,35A_35C_42,19A
NONCBL#SRR26879651#2,False,True,True,True,0.223,-4.978,UNKNOWN,0.998306,20,25F
NONCBL#SRR26818202#28,False,True,True,True,0.322,-5.363,UNKNOWN,0.999987,20,12F
NONCBL#ERR908869#7,False,True,True,True,0.166,-4.923,UNKNOWN,0.999595,35A_35C_42,10A
NONCBL#SRR26884081#8,False,True,True,True,0.126,-5.004,UNKNOWN,0.999906,20,6B
NONCBL#ERR730202#1,False,True,True,True,0.492,-5.477,UNKNOWN,0.999957,20,12F
NONCBL#ERR876569#15,False,True,True,True,0.382,-5.416,UNKNOWN,0.999986,35A_35C_42,12F
NONCBL#ERR13365129#1,False,True,True,True,0.297,-5.358,UNKNOWN,0.99999,20,6B
NONCBL#ERR2090911#7,False,True,True,True,0.208,-5.188,UNKNOWN,0.999892,20,48
NONCBL#SRR26789573#6,False,True,True,True,0.246,-5.008,UNKNOWN,0.999629,20,19A
NONCBL#ERR13365787#3,False,True,True,True,0.514,-5.732,UNKNOWN,0.999984,20,3
NONCBL#ERR326426#27,False,True,True,True,0.337,-4.995,UNKNOWN,0.99937,20,19A
NONCBL#SRR26931214#5,False,True,True,True,0.363,-5.196,UNKNOWN,0.999897,20,19A
NONCBL#ERR774241#1,False,True,True,True,0.213,-4.933,UNKNOWN,0.999767,20,6A
NONCBL#ERR751139#52,False,True,True,True,0.178,-4.906,UNKNOWN,0.997925,20,25F
NONCBL#ERR1453474#2,False,True,True,True,0.118,-4.952,UNKNOWN,0.99869,20,8
NONCBL#ERR997668#26,False,True,True,True,0.116,-4.865,UNKNOWN,0.999204,20,12F
NONCBL#ERR730832#4,False,True,True,True,0.104,-5.011,UNKNOWN,0.999568,20,10F
NONCBL#ERR1065878#5,False,True,True,True,0.376,-5.401,UNKNOWN,0.99996,20,12F
NONCBL#ERR870224#20,False,True,True,True,0.164,-4.938,UNKNOWN,0.999467,20,14
NONCBL#ERR876754#3,False,True,True,True,0.152,-4.979,UNKNOWN,0.999669,20,12F
NONCBL#SRR26911177#11,False,True,True,True,0.12,-4.95,UNKNOWN,0.999304,20,25F
NONCBL#SRR26797301#2,False,True,True,True,0.356,-5.62,UNKNOWN,0.999937,20,8
NONCBL#ERR1202423#1,False,True,True,True,0.596,-5.691,UNKNOWN,0.999979,20,8
NONCBL#ERR1191974#1,False,True,True,True,0.111,-4.896,UNKNOWN,0.999423,20,25F
NONCBL#SRR26930602#5,False,True,True,True,0.103,-4.865,UNKNOWN,0.998971,20,12F
NONCBL#ERR1191912#7,False,True,True,True,0.211,-4.968,UNKNOWN,0.999757,20,12F
NONCBL#ERR876539#1,False,True,True,True,0.104,-4.795,UNKNOWN,0.999028,20,12F
NONCBL#ERR869914#1,False,True,True,True,0.141,-4.945,UNKNOWN,0.999749,20,12F
NONCBL#SRR26931748#5,False,True,True,True,0.165,-5.019,UNKNOWN,0.999893,20,12F
NONCBL#ERR449262#11,False,True,True,True,0.217,-5.119,UNKNOWN,0.999951,20,19A
NONCBL#ERR570472#18,False,True,True,True,0.213,-4.932,UNKNOWN,0.998906,35A_35C_42,10A
NONCBL#SRR26877862#18,False,True,True,True,0.121,-4.931,UNKNOWN,0.999646,35A_35C_42,25F
NONCBL#SRR26714226#43,False,True,True,True,0.097,-5.146,UNKNOWN,0.999833,20,25F
NONCBL#ERR2089262#16,False,True,True,True,0.14,-4.81,UNKNOWN,0.999189,20,6A
NONCBL#ERR909263#1,False,True,True,True,0.523,-5.564,UNKNOWN,0.999981,20,12F
NONCBL#ERR774180#25,False,True,True,True,0.156,-4.857,UNKNOWN,0.999354,20,12F
NONCBL#ERR742704#1,False,True,True,True,0.273,-5.168,UNKNOWN,0.99989,20,19A
NONCBL#ERR862264#1,False,True,True,True,0.221,-5.007,UNKNOWN,0.999715,20,12F
NONCBL#SRR26797912#26,False,True,True,True,0.278,-4.96,UNKNOWN,0.999735,20,6A
NONCBL#SRR26673691#1,False,True,True,True,0.443,-5.273,UNKNOWN,0.999796,20,19A
NONCBL#ERR869986#1,False,True,True,True,0.114,-4.982,UNKNOWN,0.999612,20,25F
NONCBL#ERR714664#15,False,True,True,True,0.261,-4.894,UNKNOWN,0.999546,20,12F
NONCBL#SRR26749487#2,False,True,True,True,0.158,-4.843,UNKNOWN,0.998207,36,6B
NONCBL#ERR925154#1,False,True,True,True,0.149,-4.823,UNKNOWN,0.998718,20,12F
NONCBL#SRR26834342#1,False,True,True,True,0.478,-5.401,UNKNOWN,0.999923,20,12F
NONCBL#ERR913212#25,False,True,True,True,0.218,-5.188,UNKNOWN,0.99995,20,19A
NONCBL#ERR1422530#1,False,True,True,True,0.139,-5.075,UNKNOWN,0.999689,20,10A
NONCBL#ERR774200#2,False,True,True,True,0.137,-5.027,UNKNOWN,0.999866,20,10A
NONCBL#ERR774611#15,False,True,True,True,0.403,-5.095,UNKNOWN,0.999478,20,19A
NONCBL#ERR730326#3,False,True,True,True,0.326,-5.149,UNKNOWN,0.999878,20,19A
NONCBL#ERR13374774#5,False,True,True,True,0.131,-5.498,UNKNOWN,0.999985,20,25F
NONCBL#SRR26817788#1,False,True,True,True,0.297,-5.219,UNKNOWN,0.999924,20,19A
NONCBL#SRR26878282#2,False,True,True,True,0.141,-4.763,UNKNOWN,0.999357,20,12F
NONCBL#ERR908951#7,False,True,True,True,0.445,-5.269,UNKNOWN,0.999599,20,12F
NONCBL#ERR1788286#4,False,True,True,True,0.208,-4.877,UNKNOWN,0.999541,20,12F
NONCBL#ERR1065911#6,False,True,True,True,0.252,-5.262,UNKNOWN,0.999969,20,19A
NONCBL#SRR26880033#1,False,True,True,True,0.135,-5.014,UNKNOWN,0.999773,20,48
NONCBL#ERR3303210#1,False,True,True,True,0.161,-4.841,UNKNOWN,0.999302,20,19A
NONCBL#ERR2089341#9,False,True,True,True,0.162,-4.912,UNKNOWN,0.999498,35A_35C_42,10A
NONCBL#SRR26931644#2,False,True,True,True,0.078,-4.787,UNKNOWN,0.998079,20,19A
NONCBL#ERR2667749#5,False,True,True,True,0.184,-4.861,UNKNOWN,0.998627,20,25F
NONCBL#ERR1202331#3,False,True,True,True,0.325,-5.118,UNKNOWN,0.999645,20,19A
NONCBL#ERR730838#9,False,True,True,True,0.188,-4.959,UNKNOWN,0.999657,20,19A
NONCBL#SRR26931431#4,False,True,True,True,0.212,-5.002,UNKNOWN,0.999938,20,6B
NONCBL#ERR3669269#1,False,True,True,True,0.191,-5.019,UNKNOWN,0.999563,20,19A
NONCBL#ERR925253#2,False,True,True,True,0.519,-5.678,UNKNOWN,0.999994,20,12F
NONCBL#ERR2090908#10,False,True,True,True,0.323,-5.342,UNKNOWN,0.999974,20,12F
NONCBL#ERR913358#7,False,True,True,True,0.303,-5.087,UNKNOWN,0.999692,20,19A
NONCBL#ERR1788180#1,False,True,True,True,0.097,-4.856,UNKNOWN,0.998974,20,25F
NONCBL#ERR3899218#1,False,True,True,True,0.362,-5.14,UNKNOWN,0.99979,20,19A
NONCBL#ERR2089503#7,False,True,True,True,0.119,-4.803,UNKNOWN,0.999256,20,6A
NONCBL#SRR26911106#10,False,True,True,True,0.64,-5.93,UNKNOWN,0.999984,20,12F
NONCBL#ERR460197#5,False,True,True,True,0.086,-4.833,UNKNOWN,0.99909,20,10A
NONCBL#ERR8481846#8,False,True,True,True,0.234,-4.99,UNKNOWN,0.999498,20,19A
NONCBL#ERR909116#1,False,True,True,True,0.362,-5.152,UNKNOWN,0.999748,20,19A
NONCBL#SRR26817820#2,False,True,True,True,0.34,-5.153,UNKNOWN,0.999821,20,12F
NONCBL#SRR26910416#4,False,True,True,True,0.211,-5.265,UNKNOWN,0.999937,20,25F
NONCBL#SRR26930187#5,False,True,True,True,0.449,-5.452,UNKNOWN,0.999953,20,12F
NONCBL#SRR26789529#2,False,True,True,True,0.226,-4.944,UNKNOWN,0.999535,20,12F
NONCBL#ERR331406#49,False,True,True,True,0.178,-4.854,UNKNOWN,0.997737,20,25F
NONCBL#ERR506022#61,False,True,True,True,0.206,-4.914,UNKNOWN,0.999667,35A_35C_42,6B
NONCBL#SRR26878358#2,False,True,True,True,0.192,-4.981,UNKNOWN,0.999737,20,12F
NONCBL#ERR742786#6,False,True,True,True,0.083,-4.927,UNKNOWN,0.999137,20,6B
NONCBL#ERR730401#2,False,True,True,True,0.083,-4.98,UNKNOWN,0.999571,20,25F
NONCBL#ERR869821#2,False,True,True,True,0.208,-5.16,UNKNOWN,0.999937,20,12F
NONCBL#SRR26789901#2,False,True,True,True,0.089,-4.732,UNKNOWN,0.997774,20,6B
NONCBL#ERR2612066#2,False,True,True,True,0.105,-4.942,UNKNOWN,0.999465,20,12F
NONCBL#ERR862534#4,False,True,True,True,0.196,-4.907,UNKNOWN,0.999541,35A_35C_42,6B
NONCBL#ERR1106696#23,False,True,True,True,0.218,-5.308,UNKNOWN,0.99997,20,9N
NONCBL#SRR26931814#4,False,True,True,True,0.164,-4.915,UNKNOWN,0.999436,20,12F
NONCBL#ERR984244#5,False,True,True,True,0.146,-4.787,UNKNOWN,0.998953,20,12F
NONCBL#ERR13365981#3,False,True,True,True,0.087,-4.839,UNKNOWN,0.996523,20,25F
NONCBL#SRR26672998#4,False,True,True,True,0.194,-4.864,UNKNOWN,0.999174,20,12F
NONCBL#ERR1106783#15,False,True,True,True,0.149,-5.097,UNKNOWN,0.999901,20,19B
NONCBL#ERR1066085#8,False,True,True,True,0.241,-5.097,UNKNOWN,0.999887,20,19A
NONCBL#SRR26878642#6,False,True,True,True,0.157,-4.973,UNKNOWN,0.999533,20,12F
NONCBL#ERR8481718#2,False,True,True,True,0.143,-4.881,UNKNOWN,0.999431,20,12F
NONCBL#ERR326405#12,False,True,True,True,0.304,-4.96,UNKNOWN,0.999304,20,19A
NONCBL#ERR751095#2,False,True,True,True,0.094,-5.097,UNKNOWN,0.999855,20,9L
NONCBL#ERR984287#3,False,True,True,True,0.137,-4.942,UNKNOWN,0.999491,20,12F
NONCBL#ERR1788399#20,False,True,True,True,0.438,-5.24,UNKNOWN,0.999796,20,12F
NONCBL#SRR26797895#1,False,True,True,True,0.298,-5.138,UNKNOWN,0.999857,20,19A
NONCBL#ERR2091117#12,False,True,True,True,0.133,-4.841,UNKNOWN,0.999207,20,12F
NONCBL#ERR913443#1,False,True,True,True,0.55,-5.632,UNKNOWN,0.999947,20,12F
NONCBL#SRR26879588#2,False,True,True,True,0.113,-5.036,UNKNOWN,0.999826,20,10A
NONCBL#ERR714449#1,False,True,True,True,0.144,-4.874,UNKNOWN,0.999156,20,12F
NONCBL#SRR26931018#2,False,True,True,True,0.346,-5.203,UNKNOWN,0.999878,20,19A
NONCBL#SRR26878193#14,False,True,True,True,0.19,-4.953,UNKNOWN,0.999475,20,19A
NONCBL#SRR26884511#34,False,True,True,True,0.12,-5.102,UNKNOWN,0.999612,20,25F
NONCBL#ERR570391#7,False,True,True,True,0.254,-4.974,UNKNOWN,0.999504,20,19A
NONCBL#SRR26749351#2,False,True,True,True,0.199,-4.921,UNKNOWN,0.999041,35A_35C_42,10A
NONCBL#ERR1795496#2,False,True,True,True,0.135,-5.168,UNKNOWN,0.99987,20,25F
NONCBL#SRR26594327#2,False,True,True,True,0.192,-4.937,UNKNOWN,0.999177,35A_35C_42,10A
NONCBL#ERR1788037#6,False,True,True,True,0.284,-4.981,UNKNOWN,0.99963,20,6A
NONCBL#ERR1422657#9,False,True,True,True,0.233,-4.89,UNKNOWN,0.999579,20,12F
NONCBL#SRR26910306#1,False,True,True,True,0.248,-5.179,UNKNOWN,0.999917,20,12F
NONCBL#ERR13365030#12,False,True,True,True,0.178,-4.952,UNKNOWN,0.999685,20,10A
NONCBL#ERR568659#2,False,True,True,True,0.097,-4.836,UNKNOWN,0.99812,20,19A
NONCBL#SRR26878196#5,False,True,True,True,0.178,-4.854,UNKNOWN,0.997737,20,25F
NONCBL#SRR26797443#11,False,True,True,True,0.441,-5.38,UNKNOWN,0.999894,20,14
NONCBL#ERR505982#3,False,True,True,True,0.176,-4.94,UNKNOWN,0.99963,20,12F
NONCBL#SRR26797551#2,False,True,True,True,0.634,-5.822,UNKNOWN,0.999984,20,12F
NONCBL#ERR326549#36,False,True,True,True,0.26,-5.027,UNKNOWN,0.999554,20,19A
NONCBL#ERR434046#24,False,True,True,True,0.076,-4.842,UNKNOWN,0.998569,20,23F
NONCBL#ERR979905#1,False,True,True,True,0.114,-4.814,UNKNOWN,0.998757,20,12F
NONCBL#ERR884541#6,False,True,True,True,0.419,-5.121,UNKNOWN,0.999428,20,19A
NONCBL#SRR26931049#1,False,True,True,True,0.216,-5.171,UNKNOWN,0.999946,20,12F
NONCBL#SRR26817970#23,False,True,True,True,0.131,-5.077,UNKNOWN,0.999797,20,25F
NONCBL#ERR913231#1,False,True,True,True,0.35,-5.054,UNKNOWN,0.999415,20,19A
NONCBL#SRR26797045#8,False,True,True,True,0.387,-5.42,UNKNOWN,0.999964,20,12F
NONCBL#SRR26879939#2,False,True,True,True,0.249,-5.008,UNKNOWN,0.999843,20,23B
NONCBL#SRR26833961#2,False,True,True,True,0.084,-4.774,UNKNOWN,0.997655,20,10A
NONCBL#ERR2667652#20,False,True,True,True,0.176,-5.038,UNKNOWN,0.99994,20,12F
NONCBL#ERR4289117#1,False,True,True,True,0.34,-5.473,UNKNOWN,0.999962,20,19A
NONCBL#ERR13364420#10,False,True,True,True,0.302,-4.969,UNKNOWN,0.999376,20,19A
NONCBL#SRR26749842#1,False,True,True,True,0.422,-5.718,UNKNOWN,0.999992,20,12F
NONCBL#SRR26789581#1,False,True,True,True,0.253,-5.122,UNKNOWN,0.999862,20,6B
NONCBL#SRR26930947#1,False,True,True,True,0.19,-5.191,UNKNOWN,0.999979,35A_35C_42,12F
NONCBL#SRR26884686#17,False,True,True,True,0.214,-4.986,UNKNOWN,0.999616,20,12F
NONCBL#ERR1214441#1,False,True,True,True,0.15,-5.373,UNKNOWN,0.999991,20,6A
NONCBL#ERR3303222#9,False,True,True,True,0.593,-5.591,UNKNOWN,0.999801,20,12F
NONCBL#ERR774326#2,False,True,True,True,0.163,-5.06,UNKNOWN,0.999929,20,10A
NONCBL#ERR1788257#14,False,True,True,True,0.111,-4.999,UNKNOWN,0.99948,35A_35C_42,10A
NONCBL#SRR26833928#1,False,True,True,True,0.124,-5.001,UNKNOWN,0.999359,20,10A
NONCBL#ERR1422636#17,False,True,True,True,0.287,-5.09,UNKNOWN,0.999895,20,6B
NONCBL#ERR13365002#1,False,True,True,True,0.756,-6.198,UNKNOWN,0.999983,20,8
NONCBL#SRR26789893#1,False,True,True,True,0.093,-4.891,UNKNOWN,0.999246,20,25F
NONCBL#ERR997511#4,False,True,True,True,0.207,-5.316,UNKNOWN,0.999991,35A_35C_42,12F
NONCBL#ERR3164454#6,False,True,True,True,0.358,-5.045,UNKNOWN,0.999447,20,19A
NONCBL#ERR568520#1,False,True,True,True,0.201,-4.912,UNKNOWN,0.999622,20,19A
NONCBL#ERR751041#19,False,True,True,True,0.381,-5.063,UNKNOWN,0.999512,35A_35C_42,6B
NONCBL#SRR26910891#6,False,True,True,True,0.211,-5.144,UNKNOWN,0.999966,20,6A
NONCBL#ERR2090572#2,False,True,True,True,0.57,-5.843,UNKNOWN,0.999993,20,12F
NONCBL#ERR1453522#28,False,True,True,True,0.375,-5.067,UNKNOWN,0.999518,20,19A
NONCBL#SRR26930384#5,False,True,True,True,0.1,-5.066,UNKNOWN,0.999857,20,21
NONCBL#ERR505776#3,False,True,True,True,0.089,-4.749,UNKNOWN,0.997644,20,25F
NONCBL#ERR742620#13,False,True,True,True,0.131,-4.814,UNKNOWN,0.999388,20,6A
NONCBL#ERR3796871#3,False,True,True,True,0.278,-5.075,UNKNOWN,0.999778,35A_35C_42,10A
NONCBL#ERR701842#9,False,True,True,True,0.177,-4.934,UNKNOWN,0.99965,35A_35C_42,10A
NONCBL#ERR1795516#1,False,True,True,True,0.255,-5.424,UNKNOWN,0.999979,20,12F
NONCBL#ERR2853498#1,False,True,True,True,0.223,-5.003,UNKNOWN,0.99982,20,19A
NONCBL#ERR774624#3,False,True,True,True,0.205,-4.932,UNKNOWN,0.999654,35A_35C_42,6B
NONCBL#ERR1430829#1,False,True,True,True,0.085,-4.81,UNKNOWN,0.998217,20,25F
NONCBL#SRR26749745#1,False,True,True,True,0.226,-5.283,UNKNOWN,0.999963,20,19A
NONCBL#ERR316598#1,False,True,True,True,0.268,-5.308,UNKNOWN,0.999967,20,19A
NONCBL#ERR632943#5,False,True,True,True,0.428,-5.165,UNKNOWN,0.999572,20,19A
NONCBL#ERR662452#15,False,True,True,True,0.322,-5.013,UNKNOWN,0.999348,20,19A
NONCBL#ERR1066377#14,False,True,True,True,0.155,-4.915,UNKNOWN,0.999587,35A_35C_42,10A
NONCBL#ERR2612113#1,False,True,True,True,0.47,-5.394,UNKNOWN,0.999963,20,12F
NONCBL#ERR13374935#6,False,True,True,True,0.347,-5.056,UNKNOWN,0.999576,20,19A
NONCBL#ERR742520#21,False,True,True,True,0.221,-5.146,UNKNOWN,0.999845,35A_35C_42,19A
NONCBL#SRR26749378#3,False,True,True,True,0.73,-6.1,UNKNOWN,0.999985,20,12F
NONCBL#ERR773848#26,False,True,True,True,0.243,-5.079,UNKNOWN,0.99982,20,19A
NONCBL#ERR331134#29,False,True,True,True,0.311,-4.975,UNKNOWN,0.999316,20,19A
NONCBL#ERR2089993#1,False,True,True,True,0.141,-4.898,UNKNOWN,0.998952,20,25F
NONCBL#ERR13364580#8,False,True,True,True,0.109,-4.819,UNKNOWN,0.998668,20,12F
NONCBL#SRR26910931#2,False,True,True,True,0.236,-4.989,UNKNOWN,0.999784,20,19A
NONCBL#ERR13374720#5,False,True,True,True,0.278,-5.181,UNKNOWN,0.999936,20,4
NONCBL#ERR2853545#2,False,True,True,True,0.371,-5.046,UNKNOWN,0.99931,20,19A
NONCBL#SRR26883904#8,False,True,True,True,0.266,-5.175,UNKNOWN,0.999932,20,19A
NONCBL#SRR26797575#1,False,True,True,True,0.093,-5.071,UNKNOWN,0.99948,20,23B
NONCBL#ERR1540711#3,False,True,True,True,0.316,-5.006,UNKNOWN,0.999493,20,19A
NONCBL#ERR2680631#27,False,True,True,True,0.208,-4.955,UNKNOWN,0.99964,20,12F
NONCBL#SRR26672931#16,False,True,True,True,0.213,-5.34,UNKNOWN,0.999993,35A_35C_42,6B
NONCBL#ERR1202375#5,False,True,True,True,0.12,-4.878,UNKNOWN,0.998517,20,25F
NONCBL#ERR460207#36,False,True,True,True,0.171,-4.948,UNKNOWN,0.999591,20,25F
NONCBL#SRR26797066#11,False,True,True,True,0.172,-5.171,UNKNOWN,0.999978,35A_35C_42,12F
NONCBL#ERR714447#2,False,True,True,True,0.675,-6.691,UNKNOWN,1.0,20,12F
NONCBL#ERR2667496#19,False,True,True,True,0.282,-5.295,UNKNOWN,0.999986,35A_35C_42,12F
NONCBL#SRR26749939#1,False,True,True,True,0.313,-5.12,UNKNOWN,0.999658,20,19A
NONCBL#ERR3303347#2,False,True,True,True,0.323,-5.107,UNKNOWN,0.999811,20,19A
NONCBL#ERR516668#9,False,True,True,True,0.241,-5.332,UNKNOWN,0.999974,20,12F
NONCBL#ERR1065733#3,False,True,True,True,0.13,-5.276,UNKNOWN,0.999981,20,15B
NONCBL#ERR884412#17,False,True,True,True,0.259,-5.252,UNKNOWN,0.999975,35A_35C_42,12F
NONCBL#ERR913309#2,False,True,True,True,0.348,-5.047,UNKNOWN,0.999446,20,19A
NONCBL#ERR2680713#5,False,True,True,True,0.372,-5.09,UNKNOWN,0.999384,20,19A
NONCBL#SRR26930236#8,False,True,True,True,0.126,-4.938,UNKNOWN,0.998745,35A_35C_42,25F
NONCBL#SRR26879551#6,False,True,True,True,0.164,-4.986,UNKNOWN,0.999812,20,12F
NONCBL#SRR26930876#1,False,True,True,True,0.149,-4.8,UNKNOWN,0.99944,20,12F
NONCBL#SRR26931231#20,False,True,True,True,0.167,-4.873,UNKNOWN,0.99934,20,10A
NONCBL#SRR26930639#30,False,True,True,True,0.16,-4.967,UNKNOWN,0.99966,20,12F
NONCBL#ERR577964#9,False,True,True,True,0.329,-5.109,UNKNOWN,0.999753,20,19A
NONCBL#SRR26931751#16,False,True,True,True,0.289,-5.158,UNKNOWN,0.999974,20,12F
NONCBL#SRR26715045#2,False,True,True,True,0.088,-4.75,UNKNOWN,0.998177,20,6B
NONCBL#ERR869961#21,False,True,True,True,0.273,-5.099,UNKNOWN,0.999953,20,6B
NONCBL#ERR331112#39,False,True,True,True,0.309,-4.973,UNKNOWN,0.999371,20,19A
NONCBL#ERR2681336#13,False,True,True,True,0.234,-4.92,UNKNOWN,0.999668,20,12F
NONCBL#SRR26878351#3,False,True,True,True,0.21,-4.92,UNKNOWN,0.999443,20,12F
NONCBL#ERR1191983#24,False,True,True,True,0.129,-4.848,UNKNOWN,0.999145,20,12F
NONCBL#SRR26879504#4,False,True,True,True,0.31,-4.964,UNKNOWN,0.999332,20,19A
NONCBL#ERR925063#2,False,True,True,True,0.138,-5.08,UNKNOWN,0.9999,20,12F
NONCBL#ERR913233#1,False,True,True,True,0.166,-4.888,UNKNOWN,0.998769,20,19A
NONCBL#ERR3227840#2,False,True,True,True,0.38,-5.467,UNKNOWN,0.999967,20,12F
NONCBL#ERR2090830#3,False,True,True,True,0.508,-5.559,UNKNOWN,0.999974,20,12F
NONCBL#ERR1756464#2,False,True,True,True,0.557,-5.474,UNKNOWN,0.999943,35A_35C_42,6B
NONCBL#ERR1202601#2,False,True,True,True,0.124,-5.01,UNKNOWN,0.999873,20,19A
NONCBL#SRR26878120#17,False,True,True,True,0.17,-5.374,UNKNOWN,0.999981,20,12F
NONCBL#ERR3303291#7,False,True,True,True,0.199,-4.884,UNKNOWN,0.999316,20,12F
NONCBL#ERR913474#1,False,True,True,True,0.219,-5.213,UNKNOWN,0.999942,20,12F
NONCBL#ERR646562#53,False,True,True,True,0.174,-4.886,UNKNOWN,0.998007,20,25F
NONCBL#ERR633080#13,False,True,True,True,0.358,-5.24,UNKNOWN,0.999909,20,19A
NONCBL#ERR3796862#1,False,True,True,True,0.297,-4.972,UNKNOWN,0.999765,20,12F
NONCBL#ERR13364980#26,False,True,True,True,0.296,-5.075,UNKNOWN,0.999627,20,19A
NONCBL#ERR980010#1,False,True,True,True,0.364,-5.205,UNKNOWN,0.999876,20,19A
NONCBL#ERR1065847#9,False,True,True,True,0.336,-4.995,UNKNOWN,0.999296,20,19A
NONCBL#ERR9796537#20,False,True,True,True,0.326,-4.985,UNKNOWN,0.999245,20,19A
NONCBL#SRR26931269#1,False,True,True,True,0.232,-5.124,UNKNOWN,0.999877,20,6B
NONCBL#SRR26877989#11,False,True,True,True,0.31,-5.162,UNKNOWN,0.999877,20,14
NONCBL#ERR1422478#1,False,True,True,True,0.176,-5.067,UNKNOWN,0.99995,20,14
NONCBL#SRR26797970#1,False,True,True,True,0.249,-5.011,UNKNOWN,0.999635,20,19A
NONCBL#ERR1065539#2,False,True,True,True,0.506,-5.624,UNKNOWN,0.99998,20,12F
NONCBL#ERR1202566#13,False,True,True,True,0.16,-5.188,UNKNOWN,0.999913,20,25F
NONCBL#ERR3796817#2,False,True,True,True,0.228,-4.904,UNKNOWN,0.999719,20,12F
NONCBL#ERR13374685#1,False,True,True,True,0.321,-5.222,UNKNOWN,0.999956,20,19A
NONCBL#SRR26834459#4,False,True,True,True,0.272,-5.042,UNKNOWN,0.999492,20,19A
NONCBL#ERR646535#6,False,True,True,True,0.188,-5.097,UNKNOWN,0.999897,20,19A
NONCBL#ERR751037#4,False,True,True,True,0.211,-5.137,UNKNOWN,0.999955,35A_35C_42,19A
NONCBL#ERR876499#1,False,True,True,True,0.347,-5.145,UNKNOWN,0.999719,20,19A
NONCBL#SRR26818517#4,False,True,True,True,0.197,-4.982,UNKNOWN,0.999535,20,12F
NONCBL#ERR2090042#1,False,True,True,True,0.322,-4.953,UNKNOWN,0.998797,20,19A
NONCBL#SRR26594538#2,False,True,True,True,0.384,-5.275,UNKNOWN,0.999915,20,19A
NONCBL#ERR1202340#20,False,True,True,True,0.263,-5.484,UNKNOWN,0.999997,35A_35C_42,6B
NONCBL#ERR568678#1,False,True,True,True,0.113,-4.923,UNKNOWN,0.999666,20,37
NONCBL#SRR26878328#6,False,True,True,True,0.103,-4.857,UNKNOWN,0.999163,20,25F
NONCBL#ERR870006#1,False,True,True,True,0.182,-5.159,UNKNOWN,0.999831,20,12F
NONCBL#SRR26817902#2,False,True,True,True,0.268,-5.199,UNKNOWN,0.999931,20,19A
NONCBL#SRR26789912#2,False,True,True,True,0.132,-4.915,UNKNOWN,0.998972,20,19A
NONCBL#ERR13374951#1,False,True,True,True,0.5,-5.513,UNKNOWN,0.99997,20,19A
NONCBL#ERR3227748#1,False,True,True,True,0.109,-4.867,UNKNOWN,0.999587,20,19A
NONCBL#ERR884431#5,False,True,True,True,0.279,-4.956,UNKNOWN,0.999294,20,19A
NONCBL#ERR1540791#1,False,True,True,True,0.239,-5.137,UNKNOWN,0.999876,20,19A
NONCBL#ERR997606#1,False,True,True,True,0.234,-5.055,UNKNOWN,0.99987,20,12F
NONCBL#SRR26878579#1,False,True,True,True,0.257,-5.219,UNKNOWN,0.99995,20,12F
NONCBL#SRR26930901#6,False,True,True,True,0.263,-5.065,UNKNOWN,0.99989,20,19A
NONCBL#ERR1453674#1,False,True,True,True,0.167,-4.938,UNKNOWN,0.99969,20,21
NONCBL#ERR2853507#7,False,True,True,True,0.089,-4.759,UNKNOWN,0.998281,20,6B
NONCBL#SRR26930487#13,False,True,True,True,0.105,-4.872,UNKNOWN,0.998698,20,19A
NONCBL#ERR1756403#22,False,True,True,True,0.334,-5.326,UNKNOWN,0.999964,20,12F
NONCBL#ERR2667714#1,False,True,True,True,0.212,-5.205,UNKNOWN,0.999951,20,19A
NONCBL#ERR997671#1,False,True,True,True,0.26,-5.14,UNKNOWN,0.999871,20,12F
NONCBL#SRR26673445#1,False,True,True,True,0.238,-5.283,UNKNOWN,0.999947,20,12F
NONCBL#SRR26595101#2,False,True,True,True,0.082,-4.758,UNKNOWN,0.997908,20,6B
NONCBL#ERR884398#27,False,True,True,True,0.116,-4.88,UNKNOWN,0.999364,20,25F
NONCBL#ERR1106771#26,False,True,True,True,0.35,-4.999,UNKNOWN,0.999473,20,19A
NONCBL#ERR774717#3,False,True,True,True,0.125,-4.834,UNKNOWN,0.998374,20,25F
NONCBL#SRR26797400#2,False,True,True,True,0.455,-5.388,UNKNOWN,0.999967,20,19A
NONCBL#ERR774630#31,False,True,True,True,0.326,-5.309,UNKNOWN,0.999977,35A_35C_42,12F
NONCBL#SRR26878276#3,False,True,True,True,0.11,-4.842,UNKNOWN,0.998879,20,12F
NONCBL#ERR1540820#3,False,True,True,True,0.111,-4.977,UNKNOWN,0.999595,20,25F
NONCBL#SRR26884512#1,False,True,True,True,0.269,-5.27,UNKNOWN,0.999405,20,18C
NONCBL#ERR3796705#11,False,True,True,True,0.238,-4.865,UNKNOWN,0.999536,20,12F
NONCBL#SRR26789974#3,False,True,True,True,0.344,-5.188,UNKNOWN,0.999897,20,12F
NONCBL#SRR26880418#1,False,True,True,True,0.331,-5.543,UNKNOWN,0.999931,20,8
NONCBL#ERR501467#1,False,True,True,True,0.101,-4.945,UNKNOWN,0.999283,20,25F
NONCBL#ERR2667972#1,False,True,True,True,0.257,-4.935,UNKNOWN,0.999356,20,19A
NONCBL#ERR1065726#1,False,True,True,True,0.479,-5.292,UNKNOWN,0.999856,20,9N
NONCBL#ERR997611#1,False,True,True,True,0.288,-4.993,UNKNOWN,0.999813,20,12F
NONCBL#ERR326348#37,False,True,True,True,0.249,-5.022,UNKNOWN,0.999641,20,19A
NONCBL#SRR26884562#2,False,True,True,True,0.501,-5.572,UNKNOWN,0.999982,20,12F
NONCBL#ERR2681402#29,False,True,True,True,0.359,-5.163,UNKNOWN,0.999682,20,19A
NONCBL#ERR997543#1,False,True,True,True,0.156,-4.96,UNKNOWN,0.999845,20,12F
NONCBL#ERR1065434#2,False,True,True,True,0.331,-4.987,UNKNOWN,0.999352,20,19A
NONCBL#ERR2089077#2,False,True,True,True,0.236,-5.217,UNKNOWN,0.999954,20,19A
NONCBL#ERR774713#10,False,True,True,True,0.485,-5.384,UNKNOWN,0.999806,20,12F
NONCBL#ERR331444#22,False,True,True,True,0.121,-4.962,UNKNOWN,0.999901,20,6B
NONCBL#ERR845760#1,False,True,True,True,0.251,-5.04,UNKNOWN,0.999629,20,19A
NONCBL#ERR2090002#5,False,True,True,True,0.359,-5.261,UNKNOWN,0.999935,20,19A
NONCBL#ERR2667886#1,False,True,True,True,0.222,-5.176,UNKNOWN,0.999885,20,25F
NONCBL#ERR862439#20,False,True,True,True,0.306,-5.073,UNKNOWN,0.999862,20,23B
NONCBL#SRR26789973#2,False,True,True,True,0.109,-4.827,UNKNOWN,0.999097,20,19A
NONCBL#ERR1214622#1,False,True,True,True,0.185,-5.079,UNKNOWN,0.999865,20,14
NONCBL#ERR2089610#9,False,True,True,True,0.257,-5.235,UNKNOWN,0.999975,35A_35C_42,12F
NONCBL#ERR980291#1,False,True,True,True,0.111,-4.991,UNKNOWN,0.999655,20,37
NONCBL#ERR14710579#1,False,True,True,True,0.178,-5.011,UNKNOWN,0.999559,20,19A
NONCBL#SRR26883916#14,False,True,True,True,0.277,-5.108,UNKNOWN,0.999832,20,12F
NONCBL#ERR3303261#1,False,True,True,True,0.445,-5.301,UNKNOWN,0.999908,20,19A
NONCBL#ERR8481852#5,False,True,True,True,0.155,-4.926,UNKNOWN,0.999538,20,10A
NONCBL#ERR3899310#11,False,True,True,True,0.233,-4.974,UNKNOWN,0.999607,35A_35C_42,10A
NONCBL#ERR8481836#14,False,True,True,True,0.25,-5.275,UNKNOWN,0.999949,35A_35C_42,19A
NONCBL#SRR26673204#7,False,True,True,True,0.298,-5.026,UNKNOWN,0.999316,20,19A
NONCBL#SRR26817873#26,False,True,True,True,0.271,-5.071,UNKNOWN,0.999565,20,19A
NONCBL#ERR979896#6,False,True,True,True,0.23,-5.32,UNKNOWN,0.999974,20,19A
NONCBL#SRR26714431#1,False,True,True,True,0.265,-5.38,UNKNOWN,0.999971,20,19A
NONCBL#ERR8481703#3,False,True,True,True,0.384,-5.57,UNKNOWN,0.999987,20,9V
NONCBL#ERR1422670#19,False,True,True,True,0.198,-5.188,UNKNOWN,0.999893,35A_35C_42,19A
NONCBL#ERR773974#1,False,True,True,True,0.099,-5.03,UNKNOWN,0.999686,20,25F
NONCBL#ERR2680707#1,False,True,True,True,0.109,-4.871,UNKNOWN,0.999606,20,19A
NONCBL#ERR13365542#28,False,True,True,True,0.264,-5.298,UNKNOWN,0.999986,35A_35C_42,12F
NONCBL#SRR26878467#6,False,True,True,True,0.324,-5.128,UNKNOWN,0.999793,20,19A
NONCBL#SRR26910805#2,False,True,True,True,0.137,-4.881,UNKNOWN,0.999144,20,12F
NONCBL#ERR980198#23,False,True,True,True,0.132,-5.074,UNKNOWN,0.999824,20,19A
NONCBL#ERR13366172#11,False,True,True,True,0.133,-4.948,UNKNOWN,0.999585,35A_35C_42,19A
NONCBL#SRR26818156#24,False,True,True,True,0.142,-4.807,UNKNOWN,0.998774,20,12F
NONCBL#SRR26797505#2,False,True,True,True,0.204,-5.038,UNKNOWN,0.999643,20,25F
NONCBL#ERR8481894#11,False,True,True,True,0.345,-4.994,UNKNOWN,0.999558,20,19A
NONCBL#ERR714531#1,False,True,True,True,0.191,-4.948,UNKNOWN,0.999635,20,12F
NONCBL#ERR319344#36,False,True,True,True,0.309,-4.973,UNKNOWN,0.999371,20,19A
NONCBL#SRR26878256#12,False,True,True,True,0.19,-4.953,UNKNOWN,0.999475,20,19A
NONCBL#SRR26931476#15,False,True,True,True,0.209,-5.008,UNKNOWN,0.999682,20,19A
NONCBL#ERR1065881#4,False,True,True,True,0.104,-4.881,UNKNOWN,0.999159,20,25F
NONCBL#SRR26878455#2,False,True,True,True,0.367,-5.661,UNKNOWN,0.999941,20,8
NONCBL#ERR913434#16,False,True,True,True,0.236,-5.132,UNKNOWN,0.999894,20,19A
NONCBL#ERR751162#1,False,True,True,True,0.307,-5.275,UNKNOWN,0.999948,20,19A
NONCBL#SRR26818486#1,False,True,True,True,0.118,-4.864,UNKNOWN,0.998021,20,25F
NONCBL#SRR26833682#21,False,True,True,True,0.349,-5.239,UNKNOWN,0.999917,20,19A
NONCBL#ERR2853445#1,False,True,True,True,0.133,-4.909,UNKNOWN,0.999522,20,12F
NONCBL#ERR980141#1,False,True,True,True,0.201,-5.02,UNKNOWN,0.999469,20,19A
NONCBL#ERR340884#1,False,True,True,True,0.275,-4.948,UNKNOWN,0.999387,20,19A
NONCBL#ERR2681093#6,False,True,True,True,0.489,-5.304,UNKNOWN,0.999299,20,12F
NONCBL#ERR730263#2,False,True,True,True,0.138,-4.916,UNKNOWN,0.999321,20,19A
NONCBL#ERR2853653#1,False,True,True,True,0.11,-4.868,UNKNOWN,0.999593,20,19A
NONCBL#SRR26884232#1,False,True,True,True,0.217,-5.016,UNKNOWN,0.999846,20,6A
NONCBL#SRR26818118#20,False,True,True,True,0.55,-5.822,UNKNOWN,0.999996,20,14
NONCBL#SRR26673650#25,False,True,True,True,0.178,-4.854,UNKNOWN,0.997737,20,25F
NONCBL#ERR2091169#3,False,True,True,True,0.071,-4.757,UNKNOWN,0.997521,20,19A
NONCBL#ERR742574#6,False,True,True,True,0.354,-5.047,UNKNOWN,0.999378,20,19A
NONCBL#ERR913532#1,False,True,True,True,0.367,-5.167,UNKNOWN,0.999839,20,12F
NONCBL#SRR26797463#14,False,True,True,True,0.178,-5.236,UNKNOWN,0.999974,20,21
NONCBL#ERR1192149#1,False,True,True,True,0.123,-4.855,UNKNOWN,0.999543,20,19A
NONCBL#ERR2667953#7,False,True,True,True,0.249,-5.162,UNKNOWN,0.999915,20,19A
NONCBL#SRR26931457#1,False,True,True,True,0.191,-4.968,UNKNOWN,0.999766,20,9N
NONCBL#ERR13366102#1,False,True,True,True,0.336,-5.223,UNKNOWN,0.999911,20,19A
NONCBL#SRR26818123#3,False,True,True,True,0.356,-5.62,UNKNOWN,0.999937,20,8
NONCBL#ERR1202224#1,False,True,True,True,0.264,-5.004,UNKNOWN,0.999785,20,9N
NONCBL#ERR2090479#1,False,True,True,True,0.578,-6.322,UNKNOWN,0.999999,20,12F
NONCBL#SRR26750018#1,False,True,True,True,0.389,-5.109,UNKNOWN,0.999529,20,19A
NONCBL#SRR26911196#1,False,True,True,True,0.167,-5.16,UNKNOWN,0.999961,20,23B
NONCBL#SRR26797110#14,False,True,True,True,0.358,-5.352,UNKNOWN,0.999977,20,15B
NONCBL#ERR7567987#2,False,True,True,True,0.193,-5.286,UNKNOWN,0.999958,20,12F
NONCBL#ERR1658187#1,False,True,True,True,0.118,-4.814,UNKNOWN,0.999473,20,12F
NONCBL#ERR997494#6,False,True,True,True,0.213,-5.17,UNKNOWN,0.999938,20,19B
NONCBL#SRR26884250#17,False,True,True,True,0.139,-4.862,UNKNOWN,0.999334,20,9N
NONCBL#ERR13365157#3,False,True,True,True,0.145,-4.988,UNKNOWN,0.999743,20,12F
NONCBL#SRR26878566#6,False,True,True,True,0.143,-4.908,UNKNOWN,0.999229,20,12F
NONCBL#ERR2090719#29,False,True,True,True,0.273,-5.021,UNKNOWN,0.999807,35A_35C_42,6B
NONCBL#ERR774621#1,False,True,True,True,0.098,-4.893,UNKNOWN,0.99854,20,9N
NONCBL#SRR26673418#32,False,True,True,True,0.318,-5.019,UNKNOWN,0.999507,20,19A
NONCBL#SRR26797494#2,False,True,True,True,0.102,-4.951,UNKNOWN,0.999604,20,12F
NONCBL#SRR26878424#2,False,True,True,True,0.382,-5.665,UNKNOWN,0.999987,20,38
NONCBL#ERR2089081#6,False,True,True,True,0.175,-4.859,UNKNOWN,0.999405,20,6A
NONCBL#ERR714677#16,False,True,True,True,0.17,-5.374,UNKNOWN,0.999981,20,12F
NONCBL#SRR26595086#2,False,True,True,True,0.258,-5.265,UNKNOWN,0.999963,20,12F
NONCBL#ERR1065167#1,False,True,True,True,0.22,-5.195,UNKNOWN,0.999937,20,19A
NONCBL#SRR26880187#4,False,True,True,True,0.53,-5.79,UNKNOWN,0.999971,20,12F
NONCBL#ERR869954#1,False,True,True,True,0.542,-5.663,UNKNOWN,0.999986,20,12F
NONCBL#ERR730674#1,False,True,True,True,0.151,-5.269,UNKNOWN,0.999974,20,12F
NONCBL#ERR884584#22,False,True,True,True,0.344,-5.024,UNKNOWN,0.999403,20,19A
NONCBL#ERR876717#1,False,True,True,True,0.168,-5.202,UNKNOWN,0.999851,20,12F
NONCBL#SRR26878470#9,False,True,True,True,0.615,-6.075,UNKNOWN,0.999991,20,12F
NONCBL#SRR26884207#1,False,True,True,True,0.115,-5.036,UNKNOWN,0.999634,20,25F
NONCBL#ERR1066003#1,False,True,True,True,0.488,-5.428,UNKNOWN,0.999941,20,12F
NONCBL#ERR7568068#2,False,True,True,True,0.095,-4.882,UNKNOWN,0.999488,20,6A
NONCBL#SRR26789583#3,False,True,True,True,0.455,-5.391,UNKNOWN,0.999967,20,19A
NONCBL#ERR980009#1,False,True,True,True,0.144,-4.969,UNKNOWN,0.999567,20,25F
NONCBL#ERR13365380#1,False,True,True,True,0.267,-5.014,UNKNOWN,0.99969,20,9N
NONCBL#ERR505479#7,False,True,True,True,0.206,-5.297,UNKNOWN,0.999952,20,19A
NONCBL#ERR774738#1,False,True,True,True,0.202,-5.211,UNKNOWN,0.999956,20,12F
NONCBL#ERR2667486#24,False,True,True,True,0.385,-5.099,UNKNOWN,0.999515,20,19A
NONCBL#SRR26910698#3,False,True,True,True,0.178,-5.089,UNKNOWN,0.999756,20,19A
NONCBL#ERR2089823#26,False,True,True,True,0.111,-4.837,UNKNOWN,0.998759,20,12F
NONCBL#ERR925150#1,False,True,True,True,0.082,-4.755,UNKNOWN,0.997976,20,6B
NONCBL#SRR26930909#13,False,True,True,True,0.378,-5.059,UNKNOWN,0.999452,20,19A
NONCBL#ERR884521#7,False,True,True,True,0.189,-4.827,UNKNOWN,0.999068,20,12F
NONCBL#ERR909149#23,False,True,True,True,0.269,-5.378,UNKNOWN,0.999994,35A_35C_42,12F
NONCBL#SRR26595003#2,False,True,True,True,0.276,-5.021,UNKNOWN,0.999541,20,19A
NONCBL#ERR433665#3,False,True,True,True,0.175,-5.037,UNKNOWN,0.999784,20,12F
NONCBL#ERR2089741#1,False,True,True,True,0.391,-5.682,UNKNOWN,0.999991,36,14
NONCBL#SRR26877848#3,False,True,True,True,0.263,-4.912,UNKNOWN,0.999148,35A_35C_42,6B
NONCBL#ERR600333#5,False,True,True,True,0.164,-4.831,UNKNOWN,0.999448,20,12F
NONCBL#ERR460209#40,False,True,True,True,0.125,-4.969,UNKNOWN,0.999625,36,10A
NONCBL#SRR26714603#10,False,True,True,True,0.156,-4.932,UNKNOWN,0.999174,20,25F
NONCBL#ERR13365793#19,False,True,True,True,0.322,-5.102,UNKNOWN,0.999724,20,19A
NONCBL#ERR2667205#2,False,True,True,True,0.294,-5.177,UNKNOWN,0.999942,20,12F
NONCBL#ERR2680810#2,False,True,True,True,0.227,-5.067,UNKNOWN,0.999814,20,10A
NONCBL#ERR742407#1,False,True,True,True,0.161,-5.075,UNKNOWN,0.999919,20,6B
NONCBL#SRR26883988#2,False,True,True,True,0.123,-4.827,UNKNOWN,0.999113,20,12F
NONCBL#ERR708303#20,False,True,True,True,0.407,-5.155,UNKNOWN,0.999581,20,19A
NONCBL#ERR13365760#2,False,True,True,True,0.151,-4.903,UNKNOWN,0.999269,20,19A
NONCBL#ERR984239#5,False,True,True,True,0.331,-5.225,UNKNOWN,0.999911,20,19A
NONCBL#ERR340873#5,False,True,True,True,0.148,-4.803,UNKNOWN,0.998383,20,12F
NONCBL#SRR26930279#2,False,True,True,True,0.237,-4.985,UNKNOWN,0.99932,20,19A
NONCBL#ERR316882#16,False,True,True,True,0.171,-4.96,UNKNOWN,0.999499,20,12F
NONCBL#ERR925193#4,False,True,True,True,0.155,-4.837,UNKNOWN,0.998769,20,12F
NONCBL#ERR2680607#1,False,True,True,True,0.099,-4.78,UNKNOWN,0.998671,20,12F
NONCBL#SRR26834377#6,False,True,True,True,0.122,-5.062,UNKNOWN,0.999838,20,6B
NONCBL#ERR14653942#2,False,True,True,True,0.583,-7.223,UNKNOWN,1.0,20,8
NONCBL#SRR26594508#1,False,True,True,True,0.175,-5.367,UNKNOWN,0.999962,20,9V
NONCBL#ERR2667459#1,False,True,True,True,0.199,-4.966,UNKNOWN,0.999693,20,12F
NONCBL#SRR26817741#1,False,True,True,True,0.115,-5.157,UNKNOWN,0.999872,20,12F
NONCBL#ERR13365170#12,False,True,True,True,0.128,-4.802,UNKNOWN,0.998421,20,25F
NONCBL#ERR13366101#14,False,True,True,True,0.168,-4.936,UNKNOWN,0.999673,20,9V
NONCBL#ERR662318#55,False,True,True,True,0.178,-4.854,UNKNOWN,0.997737,20,25F
NONCBL#SRR26910864#27,False,True,True,True,0.37,-5.036,UNKNOWN,0.999397,20,19A
NONCBL#ERR714592#2,False,True,True,True,0.259,-5.06,UNKNOWN,0.999838,20,12F
NONCBL#ERR714334#5,False,True,True,True,0.146,-4.886,UNKNOWN,0.999238,35A_35C_42,6B
NONCBL#ERR1788353#9,False,True,True,True,0.346,-5.056,UNKNOWN,0.999538,20,19A
NONCBL#ERR730175#2,False,True,True,True,0.133,-4.826,UNKNOWN,0.998791,20,12F
NONCBL#ERR1202611#3,False,True,True,True,0.134,-4.944,UNKNOWN,0.99978,20,12F
NONCBL#SRR26797446#4,False,True,True,True,0.265,-5.036,UNKNOWN,0.999642,20,19A
NONCBL#ERR751032#24,False,True,True,True,0.7,-5.819,UNKNOWN,0.999982,20,6B
NONCBL#ERR568452#19,False,True,True,True,0.334,-5.018,UNKNOWN,0.999381,20,19A
NONCBL#SRR26879801#18,False,True,True,True,0.301,-5.048,UNKNOWN,0.999555,20,19A
NONCBL#SRR26818273#9,False,True,True,True,0.657,-5.719,UNKNOWN,0.999837,20,12F
NONCBL#SRR26749740#2,False,True,True,True,0.147,-4.912,UNKNOWN,0.999651,35A_35C_42,6B
NONCBL#ERR742721#1,False,True,True,True,0.324,-5.221,UNKNOWN,0.999916,20,12F
NONCBL#SRR26910335#2,False,True,True,True,0.4,-5.592,UNKNOWN,0.999986,20,12F
NONCBL#ERR909249#10,True,False,False,False,0.998,-11.166,23A,0.055832,3,23A
NONCBL#ERR750844#2,False,True,True,True,0.52,-5.55,UNKNOWN,0.999956,20,12F
NONCBL#SRR26910415#1,False,True,True,True,0.203,-5.041,UNKNOWN,0.999884,20,12F
NONCBL#ERR900735#3,False,True,True,True,0.24,-4.991,UNKNOWN,0.999738,20,19A
NONCBL#ERR730939#9,False,True,True,True,0.173,-4.957,UNKNOWN,0.999703,20,10A
NONCBL#ERR2853662#8,False,True,True,True,0.285,-5.135,UNKNOWN,0.999869,20,19A
NONCBL#ERR13374815#36,False,True,True,True,0.117,-5.113,UNKNOWN,0.999638,20,25F
NONCBL#ERR997638#1,False,True,True,True,0.137,-5.055,UNKNOWN,0.999771,20,6B
NONCBL#ERR600387#26,False,True,True,True,0.25,-5.004,UNKNOWN,0.999564,20,10A
NONCBL#ERR730314#16,False,True,True,True,0.144,-4.901,UNKNOWN,0.999521,20,12F
NONCBL#ERR701835#16,False,True,True,True,0.191,-4.927,UNKNOWN,0.99967,20,12F
NONCBL#SRR26714381#1,False,True,True,True,0.093,-4.98,UNKNOWN,0.999727,20,10A
NONCBL#SRR26834214#1,False,True,True,True,0.496,-5.631,UNKNOWN,0.99999,20,12F
NONCBL#ERR3303411#3,False,True,True,True,0.276,-5.12,UNKNOWN,0.999855,20,19A
NONCBL#ERR568548#6,False,True,True,True,0.144,-4.986,UNKNOWN,0.99975,20,12F
NONCBL#SRR26797084#2,False,True,True,True,0.341,-5.139,UNKNOWN,0.999879,20,12F
NONCBL#ERR3796950#4,False,True,True,True,0.128,-5.06,UNKNOWN,0.999806,20,6B
NONCBL#ERR2612115#21,False,True,True,True,0.583,-5.685,UNKNOWN,0.999979,20,12F
NONCBL#SRR26797237#1,False,True,True,True,0.251,-5.353,UNKNOWN,0.999974,20,12F
NONCBL#SRR26879864#7,False,True,True,True,0.135,-5.074,UNKNOWN,0.999652,20,25F
NONCBL#SRR26930987#2,False,True,True,True,0.144,-4.904,UNKNOWN,0.999735,20,19A
NONCBL#ERR1065180#1,False,True,True,True,0.219,-5.194,UNKNOWN,0.999937,20,19A
NONCBL#ERR3303225#1,False,True,True,True,0.197,-5.043,UNKNOWN,0.99995,20,12F
NONCBL#SRR26834437#1,False,True,True,True,0.123,-4.904,UNKNOWN,0.999071,20,10A
NONCBL#SRR26880199#1,False,True,True,True,0.313,-5.035,UNKNOWN,0.999578,20,19A
NONCBL#ERR2089662#1,False,True,True,True,0.229,-4.928,UNKNOWN,0.999416,35A_35C_42,6B
NONCBL#ERR1453768#1,False,True,True,True,0.122,-4.941,UNKNOWN,0.999693,20,19A
NONCBL#SRR26750024#2,False,True,True,True,0.146,-5.026,UNKNOWN,0.999887,20,37
NONCBL#ERR2089416#2,False,True,True,True,0.13,-4.899,UNKNOWN,0.999315,20,12F
NONCBL#ERR2089307#1,False,True,True,True,0.177,-4.994,UNKNOWN,0.999659,20,25F
NONCBL#SRR26714799#1,False,True,True,True,0.14,-4.96,UNKNOWN,0.999893,20,9N
NONCBL#ERR2680847#1,False,True,True,True,0.182,-5.185,UNKNOWN,0.999934,20,33F
NONCBL#ERR909306#9,False,True,True,True,0.34,-5.043,UNKNOWN,0.999634,20,12F
NONCBL#ERR774635#1,False,True,True,True,0.15,-4.881,UNKNOWN,0.999453,20,12F
NONCBL#ERR1214459#1,False,True,True,True,0.58,-5.751,UNKNOWN,0.999982,20,12F
NONCBL#ERR2089635#1,False,True,True,True,0.188,-4.967,UNKNOWN,0.999856,20,12F
NONCBL#ERR869870#2,False,True,True,True,0.165,-4.97,UNKNOWN,0.999838,20,19A
NONCBL#ERR316644#25,False,True,True,True,0.325,-4.991,UNKNOWN,0.999229,20,19A
NONCBL#ERR3723235#5,False,True,True,True,0.245,-4.995,UNKNOWN,0.999682,35A_35C_42,6B
NONCBL#SRR26797903#2,False,True,True,True,0.436,-5.586,UNKNOWN,0.99999,20,12F
NONCBL#SRR26877958#7,False,True,True,True,0.2,-5.26,UNKNOWN,0.99982,20,7C
NONCBL#ERR1191920#8,False,True,True,True,0.236,-5.288,UNKNOWN,0.999987,35A_35C_42,12F
NONCBL#ERR1658077#1,False,True,True,True,0.615,-5.852,UNKNOWN,0.999993,20,12F
NONCBL#ERR1422635#1,False,True,True,True,0.13,-5.147,UNKNOWN,0.999859,20,10A
NONCBL#ERR1065810#1,False,True,True,True,0.076,-4.777,UNKNOWN,0.99271,20,25F
NONCBL#SRR26594181#18,False,True,True,True,0.11,-4.901,UNKNOWN,0.998698,20,25F
NONCBL#ERR909156#30,False,True,True,True,0.2,-5.296,UNKNOWN,0.999984,35A_35C_42,16F
NONCBL#SRR26930270#9,False,True,True,True,0.363,-5.134,UNKNOWN,0.999813,20,19A
NONCBL#ERR13374664#8,False,True,True,True,0.363,-5.164,UNKNOWN,0.999897,20,14
NONCBL#SRR26884537#2,False,True,True,True,0.379,-5.121,UNKNOWN,0.999574,20,12F
NONCBL#ERR3723653#4,False,True,True,True,0.316,-5.153,UNKNOWN,0.999755,20,19A
NONCBL#ERR13365782#14,False,True,True,True,0.312,-5.13,UNKNOWN,0.999848,20,19A
NONCBL#ERR13365286#25,False,True,True,True,0.264,-5.069,UNKNOWN,0.999747,20,19A
NONCBL#ERR773863#2,False,True,True,True,0.131,-5.011,UNKNOWN,0.999857,20,37
NONCBL#ERR701845#23,False,True,True,True,0.337,-4.995,UNKNOWN,0.999537,20,19A
NONCBL#ERR714214#1,False,True,True,True,0.14,-5.017,UNKNOWN,0.999434,20,8
NONCBL#ERR3303269#1,False,True,True,True,0.234,-4.942,UNKNOWN,0.99945,20,12F
NONCBL#ERR2680702#1,False,True,True,True,0.212,-5.209,UNKNOWN,0.999962,20,25F
NONCBL#SRR26879535#26,False,True,True,True,0.371,-5.065,UNKNOWN,0.999296,20,19A
NONCBL#ERR2089987#2,False,True,True,True,0.569,-5.633,UNKNOWN,0.999971,20,8
NONCBL#ERR600102#1,False,True,True,True,0.404,-5.303,UNKNOWN,0.999903,20,19A
NONCBL#ERR2089434#1,False,True,True,True,0.08,-4.812,UNKNOWN,0.997879,20,10A
NONCBL#ERR2090978#4,False,True,True,True,0.153,-4.802,UNKNOWN,0.998705,20,12F
NONCBL#ERR2090080#1,False,True,True,True,0.134,-4.777,UNKNOWN,0.999221,20,6A
NONCBL#ERR13364457#1,False,True,True,True,0.275,-5.044,UNKNOWN,0.999501,20,19A
NONCBL#SRR26930784#2,False,True,True,True,0.462,-5.398,UNKNOWN,0.999967,20,19A
NONCBL#ERR884619#34,False,True,True,True,0.37,-5.388,UNKNOWN,0.999982,20,12F
NONCBL#ERR2667087#1,False,True,True,True,0.213,-5.479,UNKNOWN,0.999989,20,48
NONCBL#SRR26931598#25,False,True,True,True,0.178,-4.852,UNKNOWN,0.997729,20,25F
NONCBL#ERR3303352#1,False,True,True,True,0.291,-4.917,UNKNOWN,0.999197,20,19A
NONCBL#ERR774551#28,False,True,True,True,0.175,-5.396,UNKNOWN,0.999984,20,12F
NONCBL#SRR26673567#12,False,True,True,True,0.471,-5.489,UNKNOWN,0.999976,20,15B
NONCBL#SRR26833556#2,False,True,True,True,0.287,-5.144,UNKNOWN,0.99974,20,12F
NONCBL#SRR26714462#2,False,True,True,True,0.235,-5.24,UNKNOWN,0.999934,20,19A
NONCBL#SRR26878536#15,False,True,True,True,0.091,-4.858,UNKNOWN,0.998921,20,25F
NONCBL#ERR13375030#23,False,True,True,True,0.28,-5.316,UNKNOWN,0.999949,20,15B
NONCBL#ERR1106726#7,False,True,True,True,0.185,-5.017,UNKNOWN,0.999728,20,12F
NONCBL#SRR26673142#15,False,True,True,True,0.108,-4.838,UNKNOWN,0.99906,20,12F
NONCBL#ERR2091056#23,False,True,True,True,0.265,-5.146,UNKNOWN,0.999965,20,12F
NONCBL#ERR8481765#4,False,True,True,True,0.095,-4.921,UNKNOWN,0.999263,20,25F
NONCBL#ERR13365361#3,False,True,True,True,0.422,-5.445,UNKNOWN,0.999943,20,12F
NONCBL#SRR26883997#9,False,True,True,True,0.195,-4.886,UNKNOWN,0.99956,20,12F
NONCBL#ERR2681304#6,False,True,True,True,0.286,-5.271,UNKNOWN,0.999961,20,19A
NONCBL#ERR1202259#4,False,True,True,True,0.088,-4.818,UNKNOWN,0.998281,20,25F
NONCBL#ERR714547#1,False,True,True,True,0.306,-5.08,UNKNOWN,0.999684,20,19A
NONCBL#SRR26789453#1,False,True,True,True,0.374,-5.135,UNKNOWN,0.999879,20,6B
NONCBL#SRR26749544#6,False,True,True,True,0.162,-4.891,UNKNOWN,0.999339,20,12F
NONCBL#ERR714570#1,False,True,True,True,0.146,-4.95,UNKNOWN,0.999683,20,10A
NONCBL#ERR913083#1,False,True,True,True,0.203,-5.422,UNKNOWN,0.999989,20,14
NONCBL#ERR600414#2,False,True,True,True,0.375,-5.308,UNKNOWN,0.999918,20,19A
NONCBL#SRR26834051#7,False,True,True,True,0.13,-5.089,UNKNOWN,0.999672,20,9L
NONCBL#ERR2089433#7,False,True,True,True,0.106,-5.097,UNKNOWN,0.999798,20,12F
NONCBL#SRR26818361#1,False,True,True,True,0.088,-5.053,UNKNOWN,0.999707,20,9N
NONCBL#ERR2680984#12,False,True,True,True,0.133,-5.294,UNKNOWN,0.999969,20,14
NONCBL#SRR26789562#7,False,True,True,True,0.204,-4.939,UNKNOWN,0.999568,35A_35C_42,10A
NONCBL#ERR1192110#6,False,True,True,True,0.262,-4.927,UNKNOWN,0.999218,20,19A
NONCBL#ERR1756432#2,False,True,True,True,0.253,-5.053,UNKNOWN,0.999787,20,19A
NONCBL#ERR516660#2,False,True,True,True,0.157,-5.04,UNKNOWN,0.999707,20,25F
NONCBL#SRR26884156#1,False,True,True,True,0.381,-5.641,UNKNOWN,0.999994,20,10A
NONCBL#ERR2089490#1,False,True,True,True,0.205,-4.943,UNKNOWN,0.999732,20,12F
NONCBL#SRR26714083#8,False,True,True,True,0.19,-4.931,UNKNOWN,0.999658,20,12F
NONCBL#ERR352046#1,False,True,True,True,0.205,-5.371,UNKNOWN,0.999991,20,6B
NONCBL#SRR26930672#8,False,True,True,True,0.15,-5.006,UNKNOWN,0.999735,20,14
NONCBL#SRR26673061#5,False,True,True,True,0.225,-4.85,UNKNOWN,0.999543,20,12F
NONCBL#ERR742586#15,False,True,True,True,0.232,-5.368,UNKNOWN,0.999978,20,19A
NONCBL#ERR1065379#13,False,True,True,True,0.17,-4.892,UNKNOWN,0.999323,20,12F
NONCBL#ERR7567988#6,False,True,True,True,0.209,-5.358,UNKNOWN,0.999982,20,12F
NONCBL#SRR26797540#1,False,True,True,True,0.262,-4.983,UNKNOWN,0.999289,20,19A
NONCBL#SRR26931055#7,False,True,True,True,0.264,-5.036,UNKNOWN,0.999645,20,19A
NONCBL#SRR26880329#1,False,True,True,True,0.14,-5.163,UNKNOWN,0.999898,20,4
NONCBL#ERR730716#6,False,True,True,True,0.441,-5.143,UNKNOWN,0.999548,20,19A
NONCBL#ERR730205#8,False,True,True,True,0.321,-5.178,UNKNOWN,0.999853,20,19A
NONCBL#SRR26714887#5,False,True,True,True,0.211,-4.999,UNKNOWN,0.999867,20,6B
NONCBL#ERR2091236#5,False,True,True,True,0.222,-5.026,UNKNOWN,0.999901,20,12F
NONCBL#ERR5262744#6,False,True,True,True,0.142,-4.858,UNKNOWN,0.999291,20,12F
NONCBL#ERR2612077#2,False,True,True,True,0.359,-5.054,UNKNOWN,0.999575,20,19A
NONCBL#ERR2090703#1,False,True,True,True,0.199,-4.812,UNKNOWN,0.999274,20,12F
NONCBL#ERR13364515#54,False,True,True,True,0.184,-4.861,UNKNOWN,0.998627,20,25F
NONCBL#SRR26797039#6,False,True,True,True,0.099,-4.784,UNKNOWN,0.998682,20,12F
NONCBL#ERR1066256#10,False,True,True,True,0.145,-4.805,UNKNOWN,0.999429,20,12F
NONCBL#ERR662305#21,False,True,True,True,0.193,-4.901,UNKNOWN,0.999617,20,12F
NONCBL#SRR26749565#16,False,True,True,True,0.184,-4.958,UNKNOWN,0.999379,20,19A
NONCBL#ERR13365768#1,False,True,True,True,0.292,-5.304,UNKNOWN,0.999931,20,12F
NONCBL#ERR2612103#2,False,True,True,True,0.466,-5.601,UNKNOWN,0.999986,20,7F
NONCBL#ERR1066196#2,False,True,True,True,0.408,-5.317,UNKNOWN,0.999916,20,19A
NONCBL#ERR909198#14,False,True,True,True,0.106,-5.058,UNKNOWN,0.99982,20,25F
NONCBL#ERR1430852#7,False,True,True,True,0.127,-4.97,UNKNOWN,0.999642,20,6B
NONCBL#ERR439000#7,False,True,True,True,0.305,-5.155,UNKNOWN,0.999785,20,12F
NONCBL#ERR3831132#6,False,True,True,True,0.284,-5.086,UNKNOWN,0.999648,20,19A
NONCBL#ERR13365773#4,False,True,True,True,0.141,-4.763,UNKNOWN,0.999357,20,12F
NONCBL#ERR2667628#14,False,True,True,True,0.147,-5.306,UNKNOWN,0.999994,20,19A
NONCBL#SRR26673736#1,False,True,True,True,0.249,-5.116,UNKNOWN,0.999863,20,6B
NONCBL#ERR742596#1,False,True,True,True,0.601,-6.118,UNKNOWN,0.999986,20,31
NONCBL#SRR26879509#5,False,True,True,True,0.234,-4.989,UNKNOWN,0.999491,20,19A
NONCBL#ERR338187#27,False,True,True,True,0.301,-5.063,UNKNOWN,0.999617,20,19A
NONCBL#ERR326770#22,False,True,True,True,0.239,-5.413,UNKNOWN,0.999997,20,6B
NONCBL#SRR26790120#1,False,True,True,True,0.138,-4.933,UNKNOWN,0.999655,20,12F
NONCBL#ERR1788107#9,False,True,True,True,0.127,-4.951,UNKNOWN,0.999616,20,14
NONCBL#SRR26817829#5,False,True,True,True,0.277,-5.108,UNKNOWN,0.999832,20,12F
NONCBL#ERR884505#2,False,True,True,True,0.112,-5.097,UNKNOWN,0.999899,20,6B
NONCBL#ERR13365769#1,False,True,True,True,0.597,-6.651,UNKNOWN,1.0,6,12F
NONCBL#ERR2667898#6,False,True,True,True,0.127,-4.787,UNKNOWN,0.998859,20,6B
NONCBL#SRR26930640#6,False,True,True,True,0.212,-5.008,UNKNOWN,0.999601,20,12F
NONCBL#SRR26931410#8,False,True,True,True,0.281,-5.005,UNKNOWN,0.999316,20,19A
NONCBL#ERR997681#16,False,True,True,True,0.099,-5.02,UNKNOWN,0.999691,36,10A
NONCBL#ERR774272#9,False,True,True,True,0.241,-4.891,UNKNOWN,0.999538,20,19A
NONCBL#ERR2090311#1,False,True,True,True,0.264,-5.355,UNKNOWN,0.999976,20,19A
NONCBL#ERR8481855#2,False,True,True,True,0.843,-7.02,UNKNOWN,0.999998,20,12F
NONCBL#ERR316742#5,False,True,True,True,0.225,-5.239,UNKNOWN,0.99995,20,19A
NONCBL#ERR13374672#1,False,True,True,True,0.822,-6.855,UNKNOWN,0.999998,20,12F
NONCBL#ERR1788509#1,False,True,True,True,0.173,-4.872,UNKNOWN,0.998924,20,12F
NONCBL#ERR13365773#6,False,True,True,True,0.091,-4.927,UNKNOWN,0.998606,20,25F
NONCBL#SRR26789506#3,False,True,True,True,0.402,-5.591,UNKNOWN,0.999988,20,4
NONCBL#ERR2853592#1,False,True,True,True,0.148,-4.824,UNKNOWN,0.999359,20,12F
NONCBL#ERR2090131#1,False,True,True,True,0.395,-5.109,UNKNOWN,0.999542,20,19A
NONCBL#ERR633033#17,False,True,True,True,0.455,-5.179,UNKNOWN,0.99949,20,19A
NONCBL#ERR774025#2,False,True,True,True,0.17,-4.909,UNKNOWN,0.99856,20,12F
NONCBL#ERR1066349#8,False,True,True,True,0.092,-4.756,UNKNOWN,0.9978,20,25F
NONCBL#SRR26910392#1,False,True,True,True,0.143,-4.979,UNKNOWN,0.99977,20,12F
NONCBL#ERR3303244#1,False,True,True,True,0.511,-5.553,UNKNOWN,0.999976,20,12F
NONCBL#SRR26931733#4,False,True,True,True,0.305,-4.937,UNKNOWN,0.999058,20,19A
NONCBL#SRR26818255#2,False,True,True,True,0.093,-4.757,UNKNOWN,0.998587,20,19A
NONCBL#ERR326538#94,False,True,True,True,0.165,-5.356,UNKNOWN,0.999978,20,12F
NONCBL#SRR26797437#9,False,True,True,True,0.169,-4.774,UNKNOWN,0.999002,20,12F
NONCBL#ERR13364985#3,False,True,True,True,0.142,-5.052,UNKNOWN,0.999813,20,19A
NONCBL#ERR2680643#1,False,True,True,True,0.288,-5.73,UNKNOWN,0.999998,20,48
NONCBL#SRR26833626#1,False,True,True,True,0.109,-4.822,UNKNOWN,0.998008,20,25F
NONCBL#ERR1192005#8,False,True,True,True,0.263,-5.185,UNKNOWN,0.999921,20,19A
NONCBL#ERR13364732#10,False,True,True,True,0.264,-5.01,UNKNOWN,0.999635,20,12F
NONCBL#ERR1214697#4,False,True,True,True,0.216,-5.186,UNKNOWN,0.999936,20,19A
NONCBL#ERR2090877#27,False,True,True,True,0.287,-5.238,UNKNOWN,0.999974,35A_35C_42,12F
NONCBL#ERR2681114#3,False,True,True,True,0.375,-5.678,UNKNOWN,0.999995,35A_35C_42,19B
NONCBL#ERR701824#1,False,True,True,True,0.719,-6.179,UNKNOWN,0.999995,20,12F
NONCBL#SRR26930493#12,False,True,True,True,0.082,-4.908,UNKNOWN,0.999024,20,25F
NONCBL#ERR742742#1,False,True,True,True,0.137,-4.856,UNKNOWN,0.998949,20,19A
NONCBL#SRR26714707#16,False,True,True,True,0.314,-5.203,UNKNOWN,0.999927,20,12F
NONCBL#SRR26673141#66,False,True,True,True,0.104,-5.031,UNKNOWN,0.999732,20,6B
NONCBL#ERR600349#11,False,True,True,True,0.173,-4.914,UNKNOWN,0.999527,35A_35C_42,10A
NONCBL#ERR433740#20,False,True,True,True,0.091,-4.857,UNKNOWN,0.998412,20,23F
NONCBL#ERR2667344#2,False,True,True,True,0.139,-4.949,UNKNOWN,0.999365,35A_35C_42,25F
NONCBL#ERR1788434#5,False,True,True,True,0.167,-4.95,UNKNOWN,0.999112,35A_35C_42,25F
NONCBL#ERR3669256#1,False,True,True,True,0.199,-4.994,UNKNOWN,0.999656,20,19A
NONCBL#SRR26883763#3,False,True,True,True,0.232,-5.215,UNKNOWN,0.999978,20,6B
NONCBL#ERR316673#5,False,True,True,True,0.35,-5.001,UNKNOWN,0.999451,20,19A
NONCBL#ERR908936#1,False,True,True,True,0.283,-5.46,UNKNOWN,0.99999,20,12F
NONCBL#SRR26910812#17,False,True,True,True,0.217,-5.117,UNKNOWN,0.999946,20,12F
NONCBL#ERR505970#8,False,True,True,True,0.131,-4.93,UNKNOWN,0.999546,20,19A
NONCBL#ERR1453570#23,False,True,True,True,0.118,-5.098,UNKNOWN,0.999617,20,25F
NONCBL#ERR646605#1,False,True,True,True,0.115,-5.036,UNKNOWN,0.999634,20,25F
NONCBL#SRR26930343#1,False,True,True,True,0.379,-5.28,UNKNOWN,0.999915,20,12F
NONCBL#ERR632959#1,False,True,True,True,0.344,-5.221,UNKNOWN,0.999896,20,19A
NONCBL#ERR3899391#29,False,True,True,True,0.315,-5.065,UNKNOWN,0.999614,20,19A
NONCBL#SRR26714275#2,False,True,True,True,0.273,-5.041,UNKNOWN,0.999462,20,19A
NONCBL#ERR1788468#3,False,True,True,True,0.171,-4.835,UNKNOWN,0.999208,20,6B
NONCBL#SRR26880355#3,False,True,True,True,0.275,-5.063,UNKNOWN,0.999693,20,19A
NONCBL#ERR568625#1,False,True,True,True,0.087,-4.981,UNKNOWN,0.999623,20,9V
NONCBL#ERR1192067#7,False,True,True,True,0.152,-4.845,UNKNOWN,0.999642,20,12F
NONCBL#SRR26594324#1,False,True,True,True,0.135,-4.856,UNKNOWN,0.998196,20,25F
NONCBL#ERR646597#12,False,True,True,True,0.158,-4.94,UNKNOWN,0.999715,20,10A
NONCBL#SRR26833927#4,False,True,True,True,0.156,-4.871,UNKNOWN,0.999332,20,12F
NONCBL#SRR26673402#7,False,True,True,True,0.098,-4.769,UNKNOWN,0.998781,20,12F
NONCBL#ERR2089563#3,False,True,True,True,0.25,-5.275,UNKNOWN,0.99998,20,12F
NONCBL#ERR980315#20,False,True,True,True,0.241,-5.139,UNKNOWN,0.99985,20,19A
NONCBL#SRR26595125#1,False,True,True,True,0.185,-4.909,UNKNOWN,0.999396,20,12F
NONCBL#ERR2090786#22,False,True,True,True,0.189,-4.881,UNKNOWN,0.999437,20,6A
NONCBL#ERR505576#23,False,True,True,True,0.162,-4.817,UNKNOWN,0.9993,20,12F
NONCBL#ERR742612#1,False,True,True,True,0.27,-4.953,UNKNOWN,0.999379,20,19A
NONCBL#ERR425520#23,False,True,True,True,0.112,-4.856,UNKNOWN,0.999252,20,12F
NONCBL#ERR13364629#14,False,True,True,True,0.31,-4.987,UNKNOWN,0.999426,20,19A
NONCBL#ERR1788391#3,False,True,True,True,0.105,-5.118,UNKNOWN,0.9998,20,37
NONCBL#ERR13374733#4,False,True,True,True,0.136,-5.141,UNKNOWN,0.999944,20,12F
NONCBL#SRR26673295#1,False,True,True,True,0.623,-5.995,UNKNOWN,0.999994,20,12F
NONCBL#ERR774492#1,False,True,True,True,0.158,-5.066,UNKNOWN,0.999815,20,25F
NONCBL#ERR862527#12,False,True,True,True,0.259,-5.267,UNKNOWN,0.999989,35A_35C_42,6B
NONCBL#SRR26931659#4,False,True,True,True,0.211,-4.976,UNKNOWN,0.999767,20,19A
NONCBL#SRR26833544#1,False,True,True,True,0.172,-4.877,UNKNOWN,0.999716,20,12F
NONCBL#SRR26789942#2,False,True,True,True,0.418,-5.267,UNKNOWN,0.999859,20,12F
NONCBL#ERR2089965#3,False,True,True,True,0.14,-4.828,UNKNOWN,0.999429,20,12F
NONCBL#ERR2667118#2,False,True,True,True,0.109,-4.867,UNKNOWN,0.999587,20,19A
NONCBL#ERR925061#1,False,True,True,True,0.339,-5.129,UNKNOWN,0.999678,20,12F
NONCBL#ERR714528#4,False,True,True,True,0.321,-5.292,UNKNOWN,0.999951,20,19A
NONCBL#ERR909181#3,False,True,True,True,0.115,-4.995,UNKNOWN,0.999738,20,10A
NONCBL#ERR13365008#2,False,True,True,True,0.621,-5.553,UNKNOWN,0.999916,20,9V
NONCBL#ERR884464#1,False,True,True,True,0.206,-4.937,UNKNOWN,0.999676,20,19A
NONCBL#SRR26910978#3,False,True,True,True,0.311,-5.472,UNKNOWN,0.999979,20,12F
NONCBL#SRR26833765#2,False,True,True,True,0.376,-5.202,UNKNOWN,0.999856,20,19A
NONCBL#SRR26879873#2,False,True,True,True,0.541,-5.685,UNKNOWN,0.999978,20,12F
NONCBL#SRR26673014#3,False,True,True,True,0.319,-5.156,UNKNOWN,0.999878,20,19A
NONCBL#SRR26884476#7,False,True,True,True,0.35,-5.134,UNKNOWN,0.999794,20,19A
NONCBL#ERR1540808#10,False,True,True,True,0.325,-4.998,UNKNOWN,0.999583,20,19A
NONCBL#SRR26797630#13,False,True,True,True,0.169,-4.936,UNKNOWN,0.999495,20,12F
NONCBL#ERR742810#15,False,True,True,True,0.168,-4.965,UNKNOWN,0.999713,20,19A
NONCBL#SRR26878304#2,False,True,True,True,0.272,-5.107,UNKNOWN,0.999853,20,19A
NONCBL#SRR26790179#3,False,True,True,True,0.137,-5.083,UNKNOWN,0.99974,20,25F
NONCBL#ERR1065143#6,False,True,True,True,0.137,-5.015,UNKNOWN,0.99983,20,8
NONCBL#ERR2090093#1,False,True,True,True,0.275,-5.255,UNKNOWN,0.999979,35A_35C_42,12F
NONCBL#SRR26834472#2,False,True,True,True,0.149,-5.092,UNKNOWN,0.999913,20,14
NONCBL#ERR13364742#4,False,True,True,True,0.337,-5.195,UNKNOWN,0.999874,20,19A
NONCBL#ERR3796654#1,False,True,True,True,0.31,-5.193,UNKNOWN,0.99991,20,19A
NONCBL#ERR2667293#23,False,True,True,True,0.291,-4.985,UNKNOWN,0.999633,20,19A
NONCBL#SRR26673213#27,False,True,True,True,0.298,-5.051,UNKNOWN,0.999575,20,19A
NONCBL#ERR3899257#42,False,True,True,True,0.315,-5.286,UNKNOWN,0.999982,20,12F
NONCBL#ERR909187#1,False,True,True,True,0.375,-5.248,UNKNOWN,0.999898,20,19A
NONCBL#ERR2667477#29,False,True,True,True,0.359,-5.163,UNKNOWN,0.999682,20,19A
NONCBL#SRR26797765#10,False,True,True,True,0.115,-5.058,UNKNOWN,0.99955,20,25F
NONCBL#ERR1202469#1,False,True,True,True,0.6,-5.902,UNKNOWN,0.999989,20,12F
NONCBL#SRR26878257#6,False,True,True,True,0.265,-5.036,UNKNOWN,0.999642,20,19A
NONCBL#ERR13365544#7,False,True,True,True,0.585,-5.771,UNKNOWN,0.999972,20,15B
NONCBL#ERR352019#1,False,True,True,True,0.138,-5.156,UNKNOWN,0.999846,20,12F
NONCBL#ERR1202202#29,False,True,True,True,0.231,-5.228,UNKNOWN,0.999959,20,19A
NONCBL#ERR730236#3,False,True,True,True,0.15,-4.908,UNKNOWN,0.999539,35A_35C_42,10A
NONCBL#SRR26673540#8,False,True,True,True,0.26,-4.997,UNKNOWN,0.999512,20,19A
NONCBL#ERR1540793#1,False,True,True,True,0.094,-4.805,UNKNOWN,0.99834,20,12F
NONCBL#ERR2667615#2,False,True,True,True,0.158,-4.906,UNKNOWN,0.999676,20,25F
NONCBL#SRR26714777#9,False,True,True,True,0.093,-4.932,UNKNOWN,0.998557,20,25F
NONCBL#SRR26910564#1,False,True,True,True,0.21,-5.018,UNKNOWN,0.999863,20,10A
NONCBL#ERR876667#1,False,True,True,True,0.186,-5.479,UNKNOWN,0.999994,20,23B
NONCBL#ERR1065874#2,False,True,True,True,0.243,-5.389,UNKNOWN,0.99999,20,6B
NONCBL#SRR26818395#25,False,True,True,True,0.163,-4.995,UNKNOWN,0.999365,20,19A
NONCBL#ERR870187#13,False,True,True,True,0.122,-5.174,UNKNOWN,0.999937,35A_35C_42,19A
NONCBL#ERR774303#1,False,True,True,True,0.404,-5.293,UNKNOWN,0.999885,20,12F
NONCBL#ERR1066033#1,False,True,True,True,0.234,-4.915,UNKNOWN,0.999406,20,12F
NONCBL#SRR26910578#2,False,True,True,True,0.108,-5.063,UNKNOWN,0.999671,20,25F
NONCBL#ERR3270801#4,False,True,True,True,0.173,-4.984,UNKNOWN,0.999657,20,12F
NONCBL#ERR862468#5,False,True,True,True,0.106,-5.041,UNKNOWN,0.999827,20,10A
NONCBL#ERR2090869#7,False,True,True,True,0.101,-5.142,UNKNOWN,0.999836,20,25F
NONCBL#SRR26879506#7,False,True,True,True,0.293,-5.065,UNKNOWN,0.99987,20,19A
NONCBL#ERR908855#2,False,True,True,True,0.115,-5.036,UNKNOWN,0.999634,20,25F
NONCBL#SRR26714667#20,False,True,True,True,0.271,-5.167,UNKNOWN,0.999854,20,15B
NONCBL#ERR2089676#4,False,True,True,True,0.295,-4.927,UNKNOWN,0.999172,20,19A
NONCBL#ERR13375119#1,False,True,True,True,0.076,-4.825,UNKNOWN,0.998574,20,12F
NONCBL#SRR26833899#12,False,True,True,True,0.209,-5.013,UNKNOWN,0.999022,20,12F
NONCBL#SRR26930626#40,False,True,True,True,0.117,-5.113,UNKNOWN,0.999638,20,25F
NONCBL#ERR13374691#1,False,True,True,True,0.588,-5.939,UNKNOWN,0.999989,18,4
NONCBL#SRR26673244#3,False,True,True,True,0.082,-4.758,UNKNOWN,0.997908,20,6B
NONCBL#SRR26880004#9,False,True,True,True,0.489,-5.479,UNKNOWN,0.999944,20,12F
NONCBL#ERR884504#2,False,True,True,True,0.36,-5.17,UNKNOWN,0.999841,20,19A
NONCBL#SRR26789527#5,False,True,True,True,0.179,-4.84,UNKNOWN,0.999104,20,12F
NONCBL#ERR13366066#17,False,True,True,True,0.113,-4.858,UNKNOWN,0.99901,20,12F
NONCBL#ERR900696#14,False,True,True,True,0.256,-5.259,UNKNOWN,0.999965,20,19A
NONCBL#ERR1065207#1,False,True,True,True,0.326,-5.366,UNKNOWN,0.999975,20,12F
NONCBL#ERR2089463#1,False,True,True,True,0.17,-5.018,UNKNOWN,0.99983,20,12F
NONCBL#SRR26878282#15,False,True,True,True,0.306,-5.327,UNKNOWN,0.999986,20,6B
NONCBL#ERR909300#21,False,True,True,True,0.11,-5.003,UNKNOWN,0.99954,20,23B
NONCBL#SRR26789343#5,False,True,True,True,0.315,-5.12,UNKNOWN,0.999773,20,19A
NONCBL#ERR1202613#31,False,True,True,True,0.183,-4.857,UNKNOWN,0.998008,20,25F
NONCBL#ERR997583#3,False,True,True,True,0.073,-4.818,UNKNOWN,0.99174,20,25F
NONCBL#SRR26714878#13,False,True,True,True,0.213,-4.989,UNKNOWN,0.998876,20,12F
NONCBL#ERR750907#9,False,True,True,True,0.163,-4.904,UNKNOWN,0.999588,35A_35C_42,6B
NONCBL#SRR26878283#3,False,True,True,True,0.498,-5.757,UNKNOWN,0.999996,20,12F
NONCBL#ERR925122#1,False,True,True,True,0.195,-5.114,UNKNOWN,0.999906,20,19A
NONCBL#SRR26931143#5,False,True,True,True,0.11,-4.951,UNKNOWN,0.999569,20,25F
NONCBL#ERR3270747#5,False,True,True,True,0.157,-5.143,UNKNOWN,0.999926,20,12F
NONCBL#SRR26884520#2,False,True,True,True,0.127,-5.04,UNKNOWN,0.999851,20,37
NONCBL#ERR1192003#7,False,True,True,True,0.29,-5.073,UNKNOWN,0.999698,20,19A
NONCBL#ERR714667#1,False,True,True,True,0.291,-5.088,UNKNOWN,0.999737,20,19A
NONCBL#ERR876712#1,False,True,True,True,0.145,-5.135,UNKNOWN,0.999916,20,19B
