sample_id,tool,predicted_serotype
ERR10419722,Pneumo-Typer,12F
ERR1065112,Pneumo-Typer,19F
ERR1065115,Pneumo-Typer,19F
ERR1065118,Pneumo-Typer,13
ERR1065123,Pneumo-Typer,19F
ERR1065157,Pneumo-Typer,10A
ERR1065158,Pneumo-Typer,13
ERR1065159,Pneumo-Typer,20
ERR1065160,Pneumo-Typer,19F
ERR1065177,Pneumo-Typer,19F
ERR1065182,Pneumo-Typer,09V
ERR1065185,Pneumo-Typer,31
ERR1065187,Pneumo-Typer,16F
ERR1065191,Pneumo-Typer,22A
ERR1065202,Pneumo-Typer,35B
ERR1065246,Pneumo-Typer,19F
ERR1065264,Pneumo-Typer,18C
ERR1065272,Pneumo-Typer,15B|15C
ERR1065277,Pneumo-Typer,11A
ERR1065296,Pneumo-Typer,34
ERR1065306,Pneumo-Typer,34
ERR1065319,Pneumo-Typer,19A
ERR1065321,Pneumo-Typer,19A
ERR1065325,Pneumo-Typer,19F
ERR1065336,Pneumo-Typer,06A
ERR1065350,Pneumo-Typer,23F
ERR1065352,Pneumo-Typer,15B
ERR1065355,Pneumo-Typer,38
ERR1065358,Pneumo-Typer,13
ERR1065380,Pneumo-Typer,16F
ERR1065383,Pneumo-Typer,23F
ERR1065392,Pneumo-Typer,22F
ERR1065400,Pneumo-Typer,16F
ERR1065407,Pneumo-Typer,23F
ERR1065414,Pneumo-Typer,15A
ERR1065417,Pneumo-Typer,23F
ERR1065441,Pneumo-Typer,06A
ERR1065462,Pneumo-Typer,01
ERR1065465,Pneumo-Typer,18C
ERR1065466,Pneumo-Typer,15B
ERR1065468,Pneumo-Typer,15B
ERR1065470,Pneumo-Typer,04
ERR1065483,Pneumo-Typer,19F
ERR1065484,Pneumo-Typer,19A
ERR1065489,Pneumo-Typer,15A
ERR1065530,Pneumo-Typer,16F
ERR1065531,Pneumo-Typer,15A
ERR1065552,Pneumo-Typer,09N
ERR1065562,Pneumo-Typer,06A
ERR1065568,Pneumo-Typer,20
ERR1065572,Pneumo-Typer,06C
ERR1065607,Pneumo-Typer,06B
ERR1065611,Pneumo-Typer,35B
ERR1065623,Pneumo-Typer,28F
ERR1065624,Pneumo-Typer,01
ERR1065629,Pneumo-Typer,01
ERR1065630,Pneumo-Typer,17F
ERR1065649,Pneumo-Typer,19A
ERR1065666,Pneumo-Typer,19F
ERR1065673,Pneumo-Typer,06B
ERR1065703,Pneumo-Typer,21
ERR1065711,Pneumo-Typer,06A
ERR1065718,Pneumo-Typer,16F
ERR1065726,Pneumo-Typer,34
ERR1065729,Pneumo-Typer,23F
ERR1065734,Pneumo-Typer,21
ERR1065739,Pneumo-Typer,18C
ERR1065741,Pneumo-Typer,07F
ERR1065755,Pneumo-Typer,11A
ERR1065771,Pneumo-Typer,23A
ERR1065781,Pneumo-Typer,07C
ERR1065784,Pneumo-Typer,31
ERR1065785,Pneumo-Typer,21
ERR1065796,Pneumo-Typer,12F
ERR1065813,Pneumo-Typer,19F
ERR1065822,Pneumo-Typer,09N
ERR1065827,Pneumo-Typer,15B
ERR1065834,Pneumo-Typer,35B
ERR1065841,Pneumo-Typer,19A
ERR1065843,Pneumo-Typer,12F
ERR1065847,Pneumo-Typer,07C
ERR1065850,Pneumo-Typer,35B
ERR1065856,Pneumo-Typer,23F
ERR1065872,Pneumo-Typer,23F
ERR1065885,Pneumo-Typer,15B
ERR1065890,Pneumo-Typer,23A
ERR1065898,Pneumo-Typer,01
ERR1065902,Pneumo-Typer,12F
ERR1065905,Pneumo-Typer,15A
ERR1065909,Pneumo-Typer,15B|15C
ERR1065911,Pneumo-Typer,23F
ERR1065912,Pneumo-Typer,19F
ERR1065914,Pneumo-Typer,13
ERR1065915,Pneumo-Typer,19F
ERR1065950,Pneumo-Typer,19F
ERR1065960,Pneumo-Typer,15A
ERR1065962,Pneumo-Typer,11A
ERR1065963,Pneumo-Typer,06B
ERR1065964,Pneumo-Typer,15B
ERR1065967,Pneumo-Typer,11A
ERR1065970,Pneumo-Typer,15B|15C
ERR1065981,Pneumo-Typer,23F
ERR1065984,Pneumo-Typer,34
ERR1065993,Pneumo-Typer,15A
ERR1066002,Pneumo-Typer,11A
ERR1066020,Pneumo-Typer,19F
ERR1066026,Pneumo-Typer,06B
ERR1066030,Pneumo-Typer,19F
ERR1066050,Pneumo-Typer,14
ERR1066087,Pneumo-Typer,10A
ERR1066095,Pneumo-Typer,23F
ERR1066101,Pneumo-Typer,13
ERR1066105,Pneumo-Typer,15A
ERR1066120,Pneumo-Typer,19F
ERR1066122,Pneumo-Typer,06A
ERR1066124,Pneumo-Typer,19A
ERR1066125,Pneumo-Typer,07F
ERR1066130,Pneumo-Typer,06B
ERR1066131,Pneumo-Typer,06B
ERR1066138,Pneumo-Typer,16F
ERR1066149,Pneumo-Typer,16F
ERR1066155,Pneumo-Typer,15B|15C
ERR1066163,Pneumo-Typer,14
ERR1066164,Pneumo-Typer,35B
ERR1066165,Pneumo-Typer,22F
ERR1066171,Pneumo-Typer,19F
ERR1066176,Pneumo-Typer,23F
ERR1066183,Pneumo-Typer,21
ERR1066202,Pneumo-Typer,23F
ERR1066206,Pneumo-Typer,16F
ERR1066217,Pneumo-Typer,09V
ERR1066226,Pneumo-Typer,08
ERR1066246,Pneumo-Typer,15C
ERR1066251,Pneumo-Typer,23F
ERR1066264,Pneumo-Typer,23A
ERR1066276,Pneumo-Typer,14
ERR1066283,Pneumo-Typer,01
ERR1066289,Pneumo-Typer,35B
ERR1066309,Pneumo-Typer,23B
ERR1066310,Pneumo-Typer,08
ERR1066313,Pneumo-Typer,12F
ERR1066317,Pneumo-Typer,01
ERR1066321,Pneumo-Typer,19F
ERR1066331,Pneumo-Typer,21
ERR1066349,Pneumo-Typer,16F
ERR1066354,Pneumo-Typer,03
ERR1066355,Pneumo-Typer,06C
ERR1066359,Pneumo-Typer,19F
ERR1106624,Pneumo-Typer,01
ERR1106626,Pneumo-Typer,19A
ERR1106631,Pneumo-Typer,25F
ERR1106633,Pneumo-Typer,01
ERR1106654,Pneumo-Typer,03
ERR1106658,Pneumo-Typer,01
ERR1106660,Pneumo-Typer,12F
ERR1106668,Pneumo-Typer,01
ERR1106681,Pneumo-Typer,01
ERR1106682,Pneumo-Typer,04
ERR1106684,Pneumo-Typer,01
ERR1106699,Pneumo-Typer,01
ERR1106711,Pneumo-Typer,38
ERR1106726,Pneumo-Typer,06B
ERR1106738,Pneumo-Typer,17F
ERR1106739,Pneumo-Typer,13
ERR1106752,Pneumo-Typer,19F
ERR1106754,Pneumo-Typer,15C
ERR1106770,Pneumo-Typer,15C
ERR1106782,Pneumo-Typer,19A
ERR1106800,Pneumo-Typer,12F
ERR1106808,Pneumo-Typer,35B
ERR1191838,Pneumo-Typer,35B
ERR1191851,Pneumo-Typer,21
ERR1191864,Pneumo-Typer,19A
ERR1191869,Pneumo-Typer,14
ERR1191870,Pneumo-Typer,06A
ERR1191885,Pneumo-Typer,06B
ERR1191897,Pneumo-Typer,23F
ERR1191901,Pneumo-Typer,06B
ERR1191906,Pneumo-Typer,08
ERR1191933,Pneumo-Typer,23B
ERR1191939,Pneumo-Typer,12F
ERR1191942,Pneumo-Typer,10A
ERR1191951,Pneumo-Typer,21
ERR1191958,Pneumo-Typer,15A
ERR1191966,Pneumo-Typer,16F
ERR1191967,Pneumo-Typer,16F
ERR1191981,Pneumo-Typer,16F
ERR1191983,Pneumo-Typer,05
ERR1192012,Pneumo-Typer,01
ERR1192017,Pneumo-Typer,18A
ERR1192023,Pneumo-Typer,15A
ERR1192035,Pneumo-Typer,19F
ERR1192051,Pneumo-Typer,21
ERR1192069,Pneumo-Typer,48
ERR1192074,Pneumo-Typer,37
ERR1192081,Pneumo-Typer,23A
ERR1192082,Pneumo-Typer,37
ERR1192090,Pneumo-Typer,21
ERR1192114,Pneumo-Typer,15A
ERR1192116,Pneumo-Typer,06B
ERR1192118,Pneumo-Typer,12F
ERR1192128,Pneumo-Typer,20
ERR1192137,Pneumo-Typer,21
ERR1192143,Pneumo-Typer,10A
ERR1192151,Pneumo-Typer,19A
ERR1192157,Pneumo-Typer,35B
ERR1192168,Pneumo-Typer,01
ERR1192170,Pneumo-Typer,28F
ERR1192174,Pneumo-Typer,20
ERR1192182,Pneumo-Typer,09V
ERR1202072,Pneumo-Typer,25F
ERR1202073,Pneumo-Typer,19F
ERR1202094,Pneumo-Typer,05
ERR1202118,Pneumo-Typer,13
ERR1202158,Pneumo-Typer,11A
ERR1202159,Pneumo-Typer,33D
ERR1202165,Pneumo-Typer,12F
ERR1202173,Pneumo-Typer,19A
ERR1202197,Pneumo-Typer,06A
ERR1202199,Pneumo-Typer,03
ERR1202214,Pneumo-Typer,06B
ERR1202225,Pneumo-Typer,06B
ERR1202230,Pneumo-Typer,21
ERR1202235,Pneumo-Typer,21
ERR1202261,Pneumo-Typer,06A
ERR1202277,Pneumo-Typer,46
ERR1202278,Pneumo-Typer,14
ERR1202280,Pneumo-Typer,01
ERR1202282,Pneumo-Typer,19F
ERR1202283,Pneumo-Typer,01
ERR1202285,Pneumo-Typer,14
ERR1202288,Pneumo-Typer,05
ERR1202289,Pneumo-Typer,05
ERR1202300,Pneumo-Typer,05
ERR1202305,Pneumo-Typer,01
ERR1202306,Pneumo-Typer,01
ERR1202309,Pneumo-Typer,09V
ERR1202341,Pneumo-Typer,01
ERR1202344,Pneumo-Typer,01
ERR1202359,Pneumo-Typer,01
ERR1202370,Pneumo-Typer,17F
ERR1202377,Pneumo-Typer,05
ERR1202385,Pneumo-Typer,12F
ERR1202391,Pneumo-Typer,09V
ERR1202397,Pneumo-Typer,01
ERR1202398,Pneumo-Typer,03
ERR1202399,Pneumo-Typer,12B
ERR1202400,Pneumo-Typer,23F
ERR1202413,Pneumo-Typer,04
ERR1202414,Pneumo-Typer,01
ERR1202418,Pneumo-Typer,12F
ERR1202424,Pneumo-Typer,04
ERR1202433,Pneumo-Typer,35B
ERR1202444,Pneumo-Typer,13
ERR1202470,Pneumo-Typer,03
ERR1202487,Pneumo-Typer,23F
ERR1202488,Pneumo-Typer,19F
ERR1202490,Pneumo-Typer,12F
ERR1202491,Pneumo-Typer,23F
ERR1202508,Pneumo-Typer,01
ERR1202511,Pneumo-Typer,09V
ERR1202528,Pneumo-Typer,38
ERR1202535,Pneumo-Typer,01
ERR1202542,Pneumo-Typer,02
ERR1202554,Pneumo-Typer,05
ERR1202575,Pneumo-Typer,07F
ERR1202576,Pneumo-Typer,17F
ERR1202599,Pneumo-Typer,01
ERR1202602,Pneumo-Typer,01
ERR1202605,Pneumo-Typer,04
ERR1202607,Pneumo-Typer,06A
ERR1202614,Pneumo-Typer,14
ERR1202616,Pneumo-Typer,18C
ERR1202621,Pneumo-Typer,14
ERR1202629,Pneumo-Typer,38
ERR1214323,Pneumo-Typer,35B
ERR1214329,Pneumo-Typer,05
ERR1214332,Pneumo-Typer,19F
ERR1214343,Pneumo-Typer,13
ERR1214345,Pneumo-Typer,19F
ERR1214352,Pneumo-Typer,06B
ERR1214370,Pneumo-Typer,06A
ERR1214372,Pneumo-Typer,23F
ERR1214378,Pneumo-Typer,23F
ERR1214417,Pneumo-Typer,19A
ERR1214425,Pneumo-Typer,15F
ERR1214443,Pneumo-Typer,01
ERR1214444,Pneumo-Typer,22F
ERR1214450,Pneumo-Typer,05
ERR1214465,Pneumo-Typer,19A
ERR1214466,Pneumo-Typer,33B
ERR1214467,Pneumo-Typer,06A
ERR1214483,Pneumo-Typer,21
ERR1214490,Pneumo-Typer,38
ERR1214494,Pneumo-Typer,18C
ERR1214498,Pneumo-Typer,19F
ERR1214502,Pneumo-Typer,09N
ERR1214506,Pneumo-Typer,10B
ERR1214513,Pneumo-Typer,11A
ERR1214518,Pneumo-Typer,15A
ERR1214538,Pneumo-Typer,03
ERR1214570,Pneumo-Typer,19F
ERR1214575,Pneumo-Typer,19F
ERR1214583,Pneumo-Typer,19F
ERR1214584,Pneumo-Typer,22F
ERR1214607,Pneumo-Typer,33B
ERR1214623,Pneumo-Typer,06A
ERR1214650,Pneumo-Typer,06C
ERR1214656,Pneumo-Typer,14
ERR1214660,Pneumo-Typer,14
ERR1214670,Pneumo-Typer,14
ERR1214675,Pneumo-Typer,14
ERR1214678,Pneumo-Typer,06B
ERR1214685,Pneumo-Typer,14
ERR1214691,Pneumo-Typer,23F
ERR1214698,Pneumo-Typer,07C
ERR1214699,Pneumo-Typer,04
ERR1288812,Pneumo-Typer,04
ERR1288815,Pneumo-Typer,35F
ERR1288862,Pneumo-Typer,06B
ERR1288863,Pneumo-Typer,16F
ERR1288866,Pneumo-Typer,19B
ERR1288867,Pneumo-Typer,19B
ERR1288870,Pneumo-Typer,23F
ERR1288873,Pneumo-Typer,10B
ERR1288876,Pneumo-Typer,19B
ERR1288880,Pneumo-Typer,09V
ERR1288884,Pneumo-Typer,23B
ERR1288895,Pneumo-Typer,15B|15C
ERR1288896,Pneumo-Typer,19F
ERR1288904,Pneumo-Typer,45
ERR1288915,Pneumo-Typer,04
ERR1288918,Pneumo-Typer,01
ERR1288920,Pneumo-Typer,19A
ERR1288922,Pneumo-Typer,07C
ERR1288924,Pneumo-Typer,01
ERR1288967,Pneumo-Typer,05
ERR1288970,Pneumo-Typer,05
ERR1333966,Pneumo-Typer,01
ERR1333971,Pneumo-Typer,23F
ERR13364372,Pneumo-Typer,14
ERR13364383,Pneumo-Typer,14
ERR13364385,Pneumo-Typer,14
ERR13364387,Pneumo-Typer,35F
ERR13364392,Pneumo-Typer,18C
ERR13364394,Pneumo-Typer,14
ERR13364395,Pneumo-Typer,35B
ERR13364402,Pneumo-Typer,14
ERR13364417,Pneumo-Typer,19F
ERR13364422,Pneumo-Typer,04
ERR13364425,Pneumo-Typer,14
ERR13364436,Pneumo-Typer,08
ERR13364440,Pneumo-Typer,22F
ERR13364441,Pneumo-Typer,03
ERR13364444,Pneumo-Typer,22F
ERR13364457,Pneumo-Typer,08
ERR13364458,Pneumo-Typer,22F
ERR13364473,Pneumo-Typer,03
ERR13364476,Pneumo-Typer,08
ERR13364477,Pneumo-Typer,15A
ERR13364478,Pneumo-Typer,35F
ERR13364480,Pneumo-Typer,22F
ERR13364482,Pneumo-Typer,33F
ERR13364487,Pneumo-Typer,35F
ERR13364493,Pneumo-Typer,10A
ERR13364502,Pneumo-Typer,06C
ERR13364503,Pneumo-Typer,08
ERR13364512,Pneumo-Typer,03
ERR13364526,Pneumo-Typer,06B
ERR13364527,Pneumo-Typer,23F
ERR13364534,Pneumo-Typer,14
ERR13364538,Pneumo-Typer,07F
ERR13364544,Pneumo-Typer,14
ERR13364550,Pneumo-Typer,23F
ERR13364555,Pneumo-Typer,19F
ERR13364558,Pneumo-Typer,14
ERR13364569,Pneumo-Typer,09V
ERR13364570,Pneumo-Typer,14
ERR13364571,Pneumo-Typer,23F
ERR13364573,Pneumo-Typer,14
ERR13364588,Pneumo-Typer,04
ERR13364590,Pneumo-Typer,19F
ERR13364607,Pneumo-Typer,09V
ERR13364615,Pneumo-Typer,09V
ERR13364617,Pneumo-Typer,14
ERR13364618,Pneumo-Typer,14
ERR13364620,Pneumo-Typer,04
ERR13364627,Pneumo-Typer,14
ERR13364628,Pneumo-Typer,09V
ERR13364632,Pneumo-Typer,14
ERR13364640,Pneumo-Typer,19F
ERR13364644,Pneumo-Typer,09V
ERR13364645,Pneumo-Typer,14
ERR13364651,Pneumo-Typer,19F
ERR13364669,Pneumo-Typer,19F
ERR13364670,Pneumo-Typer,09N
ERR13364678,Pneumo-Typer,33F
ERR13364682,Pneumo-Typer,14
ERR13364685,Pneumo-Typer,06C
ERR13364691,Pneumo-Typer,33F
ERR13364702,Pneumo-Typer,14
ERR13364705,Pneumo-Typer,19F
ERR13364725,Pneumo-Typer,19A
ERR13364735,Pneumo-Typer,19A
ERR13364744,Pneumo-Typer,15B
ERR13364754,Pneumo-Typer,22F
ERR13364756,Pneumo-Typer,09V
ERR13364761,Pneumo-Typer,23F
ERR13364762,Pneumo-Typer,01
ERR13364767,Pneumo-Typer,07F
ERR13364772,Pneumo-Typer,19A
ERR13364776,Pneumo-Typer,09V
ERR13364787,Pneumo-Typer,22F
ERR13364788,Pneumo-Typer,06B
ERR13364789,Pneumo-Typer,09V
ERR13364801,Pneumo-Typer,09V
ERR13364803,Pneumo-Typer,16F
ERR13364805,Pneumo-Typer,14
ERR13364833,Pneumo-Typer,14
ERR13364837,Pneumo-Typer,22F
ERR13364842,Pneumo-Typer,07F
ERR13364844,Pneumo-Typer,14
ERR13364848,Pneumo-Typer,14
ERR13364849,Pneumo-Typer,22F
ERR13364852,Pneumo-Typer,14
ERR13364860,Pneumo-Typer,23F
ERR13364872,Pneumo-Typer,07F
ERR13364878,Pneumo-Typer,09V
ERR13364889,Pneumo-Typer,09V
ERR13364893,Pneumo-Typer,22F
ERR13364903,Pneumo-Typer,19A
ERR13364904,Pneumo-Typer,06C
ERR13364910,Pneumo-Typer,07F
ERR13364913,Pneumo-Typer,28A
ERR13364915,Pneumo-Typer,19F
ERR13364920,Pneumo-Typer,19F
ERR13364922,Pneumo-Typer,15B
ERR13364941,Pneumo-Typer,16F
ERR13364942,Pneumo-Typer,07F
ERR13364957,Pneumo-Typer,15B
ERR13364959,Pneumo-Typer,04
ERR13364969,Pneumo-Typer,07F
ERR13364974,Pneumo-Typer,35F
ERR13364976,Pneumo-Typer,08
ERR13364980,Pneumo-Typer,16F
ERR13365003,Pneumo-Typer,14
ERR13365009,Pneumo-Typer,09V
ERR13365010,Pneumo-Typer,14
ERR13365013,Pneumo-Typer,14
ERR13365014,Pneumo-Typer,01
ERR13365023,Pneumo-Typer,19F
ERR13365029,Pneumo-Typer,14
ERR13365033,Pneumo-Typer,14
ERR13365041,Pneumo-Typer,23A
ERR13365054,Pneumo-Typer,03
ERR13365058,Pneumo-Typer,10B
ERR13365074,Pneumo-Typer,19F
ERR13365089,Pneumo-Typer,14
ERR13365100,Pneumo-Typer,31
ERR13365136,Pneumo-Typer,23A
ERR13365151,Pneumo-Typer,19F
ERR13365160,Pneumo-Typer,22F
ERR13365183,Pneumo-Typer,14
ERR13365186,Pneumo-Typer,15A
ERR13365198,Pneumo-Typer,22F
ERR13365206,Pneumo-Typer,19F
ERR13365209,Pneumo-Typer,12F
ERR13365216,Pneumo-Typer,23A
ERR13365217,Pneumo-Typer,18C
ERR13365220,Pneumo-Typer,14
ERR13365226,Pneumo-Typer,14
ERR13365248,Pneumo-Typer,14
ERR13365253,Pneumo-Typer,19F
ERR13365254,Pneumo-Typer,03
ERR13365258,Pneumo-Typer,22F
ERR13365264,Pneumo-Typer,08
ERR13365268,Pneumo-Typer,19A
ERR13365269,Pneumo-Typer,19A
ERR13365271,Pneumo-Typer,06C
ERR13365272,Pneumo-Typer,03
ERR13365273,Pneumo-Typer,03
ERR13365275,Pneumo-Typer,22F
ERR13365279,Pneumo-Typer,31
ERR13365281,Pneumo-Typer,22F
ERR13365282,Pneumo-Typer,10A
ERR13365291,Pneumo-Typer,19A
ERR13365298,Pneumo-Typer,34
ERR13365322,Pneumo-Typer,15A
ERR13365326,Pneumo-Typer,10A
ERR13365327,Pneumo-Typer,22F
ERR13365334,Pneumo-Typer,08
ERR13365335,Pneumo-Typer,08
ERR13365366,Pneumo-Typer,07F
ERR13365378,Pneumo-Typer,06B
ERR13365382,Pneumo-Typer,08
ERR13365391,Pneumo-Typer,15A
ERR13365396,Pneumo-Typer,22F
ERR13365406,Pneumo-Typer,14
ERR13365425,Pneumo-Typer,09N
ERR13365427,Pneumo-Typer,17F
ERR13365438,Pneumo-Typer,05
ERR13365446,Pneumo-Typer,24B
ERR13365456,Pneumo-Typer,04
ERR13365461,Pneumo-Typer,07F
ERR13365462,Pneumo-Typer,04
ERR13365464,Pneumo-Typer,08
ERR13365466,Pneumo-Typer,16F
ERR13365470,Pneumo-Typer,04
ERR13365478,Pneumo-Typer,14
ERR13365488,Pneumo-Typer,14
ERR13365492,Pneumo-Typer,04
ERR13365494,Pneumo-Typer,19F
ERR13365498,Pneumo-Typer,04
ERR13365501,Pneumo-Typer,06C
ERR13365512,Pneumo-Typer,09N
ERR13365520,Pneumo-Typer,23B
ERR13365523,Pneumo-Typer,03
ERR13365524,Pneumo-Typer,09N
ERR13365528,Pneumo-Typer,15A
ERR13365530,Pneumo-Typer,11A
ERR13365532,Pneumo-Typer,10A
ERR13365533,Pneumo-Typer,08
ERR13365544,Pneumo-Typer,16F
ERR13365545,Pneumo-Typer,03
ERR13365553,Pneumo-Typer,18C
ERR13365569,Pneumo-Typer,22F
ERR13365571,Pneumo-Typer,09N
ERR13365573,Pneumo-Typer,08
ERR13365581,Pneumo-Typer,23A
ERR13365598,Pneumo-Typer,14
ERR13365601,Pneumo-Typer,14
ERR13365602,Pneumo-Typer,06B
ERR13365604,Pneumo-Typer,09V
ERR13365606,Pneumo-Typer,15A
ERR13365609,Pneumo-Typer,14
ERR13365617,Pneumo-Typer,06B
ERR13365620,Pneumo-Typer,14
ERR13365629,Pneumo-Typer,22F
ERR13365638,Pneumo-Typer,14
ERR13365649,Pneumo-Typer,01
ERR13365654,Pneumo-Typer,22F
ERR13365664,Pneumo-Typer,14
ERR13365669,Pneumo-Typer,14
ERR13365685,Pneumo-Typer,01
ERR13365686,Pneumo-Typer,15C
ERR13365688,Pneumo-Typer,22F
ERR13365689,Pneumo-Typer,08
ERR13365697,Pneumo-Typer,17F
ERR13365713,Pneumo-Typer,16F
ERR13365722,Pneumo-Typer,35B
ERR13365737,Pneumo-Typer,09N
ERR13365757,Pneumo-Typer,38
ERR13365758,Pneumo-Typer,22F
ERR13365769,Pneumo-Typer,08
ERR13365796,Pneumo-Typer,23F
ERR13365800,Pneumo-Typer,09N
ERR13365806,Pneumo-Typer,10A
ERR13365807,Pneumo-Typer,03
ERR13365829,Pneumo-Typer,19F
ERR13365835,Pneumo-Typer,15A
ERR13365847,Pneumo-Typer,03
ERR13365892,Pneumo-Typer,10A
ERR13365894,Pneumo-Typer,20
ERR13365904,Pneumo-Typer,03
ERR13365905,Pneumo-Typer,23A
ERR13365907,Pneumo-Typer,03
ERR13365910,Pneumo-Typer,22F
ERR13365911,Pneumo-Typer,03
ERR13365937,Pneumo-Typer,23B
ERR13365953,Pneumo-Typer,22F
ERR13365972,Pneumo-Typer,31
ERR13365973,Pneumo-Typer,22F
ERR13365975,Pneumo-Typer,03
ERR13365978,Pneumo-Typer,14
ERR13365979,Pneumo-Typer,09N
ERR13365991,Pneumo-Typer,22F
ERR13365992,Pneumo-Typer,11A
ERR13365994,Pneumo-Typer,24B
ERR13365998,Pneumo-Typer,07F
ERR13366005,Pneumo-Typer,38
ERR13366019,Pneumo-Typer,23F
ERR13366020,Pneumo-Typer,22F
ERR13366021,Pneumo-Typer,23B
ERR13366025,Pneumo-Typer,08
ERR13366026,Pneumo-Typer,23B
ERR13366030,Pneumo-Typer,19F
ERR13366042,Pneumo-Typer,08
ERR13366052,Pneumo-Typer,19F
ERR13366053,Pneumo-Typer,38
ERR13366060,Pneumo-Typer,24B
ERR13366068,Pneumo-Typer,22F
ERR13366083,Pneumo-Typer,08
ERR13366087,Pneumo-Typer,04
ERR13366088,Pneumo-Typer,38
ERR13366090,Pneumo-Typer,22F
ERR13366097,Pneumo-Typer,15A
ERR13366109,Pneumo-Typer,08
ERR13366116,Pneumo-Typer,10A
ERR13366120,Pneumo-Typer,22F
ERR13366132,Pneumo-Typer,22F
ERR13366147,Pneumo-Typer,23A
ERR13366148,Pneumo-Typer,14
ERR13366155,Pneumo-Typer,22F
ERR13366163,Pneumo-Typer,09N
ERR13366177,Pneumo-Typer,04
ERR13366180,Pneumo-Typer,14
ERR13366182,Pneumo-Typer,29
ERR13366187,Pneumo-Typer,23F
ERR13366205,Pneumo-Typer,23F
ERR13366206,Pneumo-Typer,18C
ERR13366209,Pneumo-Typer,10A
ERR13366234,Pneumo-Typer,14
ERR13366240,Pneumo-Typer,14
ERR13366245,Pneumo-Typer,15B|15C
ERR13366250,Pneumo-Typer,22F
ERR13374600,Pneumo-Typer,06A
ERR13374604,Pneumo-Typer,04
ERR13374606,Pneumo-Typer,09V
ERR13374611,Pneumo-Typer,03
ERR13374614,Pneumo-Typer,03
ERR13374638,Pneumo-Typer,14
ERR13374644,Pneumo-Typer,31
ERR13374658,Pneumo-Typer,35B
ERR13374659,Pneumo-Typer,17F
ERR13374660,Pneumo-Typer,15A
ERR13374673,Pneumo-Typer,23A
ERR13374680,Pneumo-Typer,19F
ERR13374688,Pneumo-Typer,19A
ERR13374689,Pneumo-Typer,09N
ERR13374691,Pneumo-Typer,07C
ERR13374696,Pneumo-Typer,15A
ERR13374698,Pneumo-Typer,22F
ERR13374712,Pneumo-Typer,35B
ERR13374715,Pneumo-Typer,03
ERR13374720,Pneumo-Typer,10B
ERR13374724,Pneumo-Typer,07F
ERR13374728,Pneumo-Typer,19F
ERR13374740,Pneumo-Typer,08
ERR13374746,Pneumo-Typer,11A
ERR13374748,Pneumo-Typer,06C
ERR13374749,Pneumo-Typer,08
ERR13374752,Pneumo-Typer,07C
ERR13374754,Pneumo-Typer,16F
ERR13374764,Pneumo-Typer,33F
ERR13374774,Pneumo-Typer,23B
ERR13374776,Pneumo-Typer,08
ERR13374777,Pneumo-Typer,04
ERR13374781,Pneumo-Typer,10A
ERR13374782,Pneumo-Typer,22F
ERR13374783,Pneumo-Typer,20
ERR13374790,Pneumo-Typer,08
ERR13374792,Pneumo-Typer,10A
ERR13374796,Pneumo-Typer,23A
ERR13374797,Pneumo-Typer,22F
ERR13374800,Pneumo-Typer,17F
ERR13374804,Pneumo-Typer,06C
ERR13374808,Pneumo-Typer,16F
ERR13374820,Pneumo-Typer,10A
ERR13374840,Pneumo-Typer,23A
ERR13374848,Pneumo-Typer,31
ERR13374857,Pneumo-Typer,03
ERR13374860,Pneumo-Typer,09N
ERR13374862,Pneumo-Typer,15B|15C
ERR13374864,Pneumo-Typer,35B
ERR13374868,Pneumo-Typer,22F
ERR13374870,Pneumo-Typer,33F
ERR13374882,Pneumo-Typer,22F
ERR13374900,Pneumo-Typer,09N
ERR13374909,Pneumo-Typer,08
ERR13374914,Pneumo-Typer,15B
ERR13374916,Pneumo-Typer,22F
ERR13374918,Pneumo-Typer,20
ERR13374930,Pneumo-Typer,22F
ERR13374931,Pneumo-Typer,08
ERR13374936,Pneumo-Typer,15B|15C
ERR13374938,Pneumo-Typer,08
ERR13374942,Pneumo-Typer,15B|15C
ERR13374946,Pneumo-Typer,24B
ERR13374955,Pneumo-Typer,22F
ERR13374956,Pneumo-Typer,15A
ERR13374958,Pneumo-Typer,20
ERR13374962,Pneumo-Typer,33F
ERR13374974,Pneumo-Typer,23B
ERR13374991,Pneumo-Typer,19F
ERR13374992,Pneumo-Typer,19A
ERR13374994,Pneumo-Typer,08
ERR13375012,Pneumo-Typer,35F
ERR13375026,Pneumo-Typer,23B
ERR13375028,Pneumo-Typer,10B
ERR13375037,Pneumo-Typer,11A
ERR13375058,Pneumo-Typer,14
ERR13375074,Pneumo-Typer,20
ERR13375099,Pneumo-Typer,10A
ERR13375109,Pneumo-Typer,19F
ERR13375113,Pneumo-Typer,09N
ERR13375116,Pneumo-Typer,03
ERR13375121,Pneumo-Typer,35B
ERR13375128,Pneumo-Typer,22F
ERR13375130,Pneumo-Typer,17F
ERR13397666,Pneumo-Typer,19A
ERR13397667,Pneumo-Typer,19F
ERR13397669,Pneumo-Typer,19F
ERR13397672,Pneumo-Typer,22F
ERR13397677,Pneumo-Typer,10A
ERR13397690,Pneumo-Typer,08
ERR1422336,Pneumo-Typer,05
ERR1422338,Pneumo-Typer,15B
ERR1422339,Pneumo-Typer,05
ERR1422346,Pneumo-Typer,16F
ERR1422350,Pneumo-Typer,15B|15C
ERR1422361,Pneumo-Typer,10A
ERR1422370,Pneumo-Typer,07F
ERR1422375,Pneumo-Typer,12F
ERR1422401,Pneumo-Typer,28A
ERR1422402,Pneumo-Typer,05
ERR1422404,Pneumo-Typer,14
ERR1422414,Pneumo-Typer,03
ERR1422423,Pneumo-Typer,12F
ERR1422424,Pneumo-Typer,06B
ERR1422427,Pneumo-Typer,19A
ERR1422452,Pneumo-Typer,19F
ERR1422458,Pneumo-Typer,23F
ERR1422478,Pneumo-Typer,11A
ERR1422500,Pneumo-Typer,14
ERR1422501,Pneumo-Typer,09V
ERR1422507,Pneumo-Typer,35F
ERR1422518,Pneumo-Typer,06B
ERR1422519,Pneumo-Typer,06B
ERR1422523,Pneumo-Typer,35A
ERR1422526,Pneumo-Typer,19F
ERR1422533,Pneumo-Typer,14
ERR1422534,Pneumo-Typer,34
ERR1422563,Pneumo-Typer,14
ERR1422574,Pneumo-Typer,22F
ERR1422579,Pneumo-Typer,11A
ERR1422588,Pneumo-Typer,19A
ERR1422597,Pneumo-Typer,06C
ERR1422614,Pneumo-Typer,16F
ERR1422615,Pneumo-Typer,02
ERR1422617,Pneumo-Typer,23F
ERR1422618,Pneumo-Typer,05
ERR1422621,Pneumo-Typer,23F
ERR1422640,Pneumo-Typer,06B
ERR1422646,Pneumo-Typer,19A
ERR1422653,Pneumo-Typer,03
ERR1422658,Pneumo-Typer,14
ERR1422680,Pneumo-Typer,19A
ERR1422683,Pneumo-Typer,17F
ERR1422689,Pneumo-Typer,19A
ERR1422695,Pneumo-Typer,35B
ERR1430807,Pneumo-Typer,19A
ERR1430813,Pneumo-Typer,10A
ERR1430839,Pneumo-Typer,01
ERR1430857,Pneumo-Typer,20
ERR1430861,Pneumo-Typer,01
ERR1430863,Pneumo-Typer,01
ERR1430864,Pneumo-Typer,01
ERR1430867,Pneumo-Typer,01
ERR1430870,Pneumo-Typer,01
ERR1430874,Pneumo-Typer,01
ERR1430875,Pneumo-Typer,01
ERR1430914,Pneumo-Typer,10A
ERR1430921,Pneumo-Typer,16F
ERR1430929,Pneumo-Typer,19A
ERR1430937,Pneumo-Typer,13
ERR1430948,Pneumo-Typer,19A
ERR1430960,Pneumo-Typer,15B
ERR1430969,Pneumo-Typer,09L
ERR1430973,Pneumo-Typer,19B
ERR1430982,Pneumo-Typer,07C
ERR1453284,Pneumo-Typer,12F
ERR1453293,Pneumo-Typer,34
ERR1453305,Pneumo-Typer,07B
ERR1453310,Pneumo-Typer,16F
ERR1453312,Pneumo-Typer,34
ERR1453317,Pneumo-Typer,23F
ERR1453328,Pneumo-Typer,34
ERR1453329,Pneumo-Typer,06A
ERR1453336,Pneumo-Typer,18C
ERR1453344,Pneumo-Typer,23F
ERR1453349,Pneumo-Typer,19F
ERR1453355,Pneumo-Typer,19F
ERR1453358,Pneumo-Typer,19F
ERR1453376,Pneumo-Typer,21
ERR1453382,Pneumo-Typer,19F
ERR1453383,Pneumo-Typer,12F
ERR1453387,Pneumo-Typer,19A
ERR1453388,Pneumo-Typer,06A
ERR1453391,Pneumo-Typer,06B
ERR1453397,Pneumo-Typer,19F
ERR1453403,Pneumo-Typer,19F
ERR1453412,Pneumo-Typer,35B
ERR1453416,Pneumo-Typer,06A
ERR1453418,Pneumo-Typer,13
ERR1453419,Pneumo-Typer,04
ERR1453432,Pneumo-Typer,16F
ERR1453434,Pneumo-Typer,12F
ERR1453441,Pneumo-Typer,01
ERR1453443,Pneumo-Typer,12F
ERR1453445,Pneumo-Typer,05
ERR1453456,Pneumo-Typer,35A
ERR1453457,Pneumo-Typer,35B
ERR1453484,Pneumo-Typer,19A
ERR1453485,Pneumo-Typer,09V
ERR1453490,Pneumo-Typer,01
ERR1453494,Pneumo-Typer,12F
ERR1453513,Pneumo-Typer,21
ERR1453514,Pneumo-Typer,35B
ERR1453515,Pneumo-Typer,01
ERR1453516,Pneumo-Typer,07F
ERR1453528,Pneumo-Typer,06B
ERR1453533,Pneumo-Typer,14
ERR1453539,Pneumo-Typer,14
ERR1453547,Pneumo-Typer,19F
ERR1453563,Pneumo-Typer,14
ERR1453587,Pneumo-Typer,03
ERR1453592,Pneumo-Typer,03
ERR1453594,Pneumo-Typer,01
ERR1453601,Pneumo-Typer,04
ERR1453603,Pneumo-Typer,03
ERR1453610,Pneumo-Typer,07C
ERR1453618,Pneumo-Typer,04
ERR1453625,Pneumo-Typer,01
ERR1453629,Pneumo-Typer,06B
ERR1453637,Pneumo-Typer,15C
ERR1453640,Pneumo-Typer,15B
ERR1453644,Pneumo-Typer,15A
ERR1453648,Pneumo-Typer,23A
ERR1453654,Pneumo-Typer,11A
ERR1453658,Pneumo-Typer,06B
ERR1453675,Pneumo-Typer,15B
ERR1453694,Pneumo-Typer,15B
ERR1453713,Pneumo-Typer,15B|15C
ERR1453717,Pneumo-Typer,03
ERR1453723,Pneumo-Typer,29
ERR1453741,Pneumo-Typer,15A
ERR1453744,Pneumo-Typer,15B|15C
ERR1453748,Pneumo-Typer,15A
ERR1453749,Pneumo-Typer,15B|15C
ERR1453751,Pneumo-Typer,15B
ERR1453752,Pneumo-Typer,15B
ERR1453780,Pneumo-Typer,22A
ERR1453786,Pneumo-Typer,19A
ERR1453787,Pneumo-Typer,09L
ERR1453798,Pneumo-Typer,23B
ERR1453799,Pneumo-Typer,35F
ERR1453801,Pneumo-Typer,34
ERR1453802,Pneumo-Typer,18F
ERR1453803,Pneumo-Typer,19F
ERR1453816,Pneumo-Typer,12F
ERR1453824,Pneumo-Typer,19F
ERR1453829,Pneumo-Typer,06C
ERR1453831,Pneumo-Typer,19F
ERR14653919,Pneumo-Typer,06B
ERR14653931,Pneumo-Typer,19F
ERR14653934,Pneumo-Typer,19F
ERR14653946,Pneumo-Typer,14
ERR14653958,Pneumo-Typer,14
ERR14653961,Pneumo-Typer,06B
ERR14653983,Pneumo-Typer,06B
ERR14654000,Pneumo-Typer,14
ERR14654006,Pneumo-Typer,06A
ERR14654036,Pneumo-Typer,11A
ERR14654040,Pneumo-Typer,23A
ERR14654042,Pneumo-Typer,15B
ERR14654056,Pneumo-Typer,34
ERR1540677,Pneumo-Typer,19A
ERR1540679,Pneumo-Typer,35B
ERR1540680,Pneumo-Typer,34
ERR1540693,Pneumo-Typer,15C
ERR1540697,Pneumo-Typer,16F
ERR1540714,Pneumo-Typer,19A
ERR1540720,Pneumo-Typer,14
ERR1540727,Pneumo-Typer,19A
ERR1540729,Pneumo-Typer,14
ERR1540740,Pneumo-Typer,19F
ERR1540756,Pneumo-Typer,19F
ERR1540761,Pneumo-Typer,23F
ERR1540772,Pneumo-Typer,06B
ERR1540774,Pneumo-Typer,35B
ERR1540779,Pneumo-Typer,19A
ERR1540780,Pneumo-Typer,19A
ERR1540785,Pneumo-Typer,18C
ERR1540787,Pneumo-Typer,13
ERR1540794,Pneumo-Typer,16F
ERR1540803,Pneumo-Typer,13
ERR1540810,Pneumo-Typer,15A
ERR1540817,Pneumo-Typer,10A
ERR1540820,Pneumo-Typer,35B
ERR1540832,Pneumo-Typer,16F
ERR1540833,Pneumo-Typer,19A
ERR1594506,Pneumo-Typer,12F
ERR1594515,Pneumo-Typer,12F
ERR1594516,Pneumo-Typer,12F
ERR1594521,Pneumo-Typer,12F
ERR1638454,Pneumo-Typer,14
ERR1658076,Pneumo-Typer,11A
ERR1658093,Pneumo-Typer,21
ERR1658096,Pneumo-Typer,05
ERR1658103,Pneumo-Typer,39
ERR1658106,Pneumo-Typer,14
ERR1658110,Pneumo-Typer,23B
ERR1658111,Pneumo-Typer,14
ERR1658120,Pneumo-Typer,19F
ERR1658131,Pneumo-Typer,07B
ERR1658144,Pneumo-Typer,35B
ERR1658151,Pneumo-Typer,15B
ERR1658155,Pneumo-Typer,19F
ERR1658157,Pneumo-Typer,35B
ERR1658158,Pneumo-Typer,04
ERR1658163,Pneumo-Typer,34
ERR1658164,Pneumo-Typer,10A
ERR1658169,Pneumo-Typer,14
ERR1658190,Pneumo-Typer,11A
ERR1658193,Pneumo-Typer,06A
ERR1658194,Pneumo-Typer,19F
ERR1658200,Pneumo-Typer,10A
ERR1658227,Pneumo-Typer,23A
ERR1658229,Pneumo-Typer,19A
ERR1658231,Pneumo-Typer,15A
ERR1658251,Pneumo-Typer,06B
ERR1658252,Pneumo-Typer,12F
ERR1756393,Pneumo-Typer,45
ERR1756404,Pneumo-Typer,33F
ERR1756425,Pneumo-Typer,05
ERR1756427,Pneumo-Typer,06B
ERR1756429,Pneumo-Typer,15B
ERR1756433,Pneumo-Typer,19F
ERR1756438,Pneumo-Typer,35A
ERR1756441,Pneumo-Typer,01
ERR1756452,Pneumo-Typer,05
ERR1756467,Pneumo-Typer,17F
ERR1756479,Pneumo-Typer,01
ERR1764036,Pneumo-Typer,01
ERR1764052,Pneumo-Typer,01
ERR1764056,Pneumo-Typer,05
ERR1788019,Pneumo-Typer,09L
ERR1788022,Pneumo-Typer,12F
ERR1788042,Pneumo-Typer,12F
ERR1788047,Pneumo-Typer,12F
ERR1788048,Pneumo-Typer,12F
ERR1788051,Pneumo-Typer,18C
ERR1788056,Pneumo-Typer,14
ERR1788059,Pneumo-Typer,14
ERR1788064,Pneumo-Typer,14
ERR1788065,Pneumo-Typer,04
ERR1788075,Pneumo-Typer,19A
ERR1788083,Pneumo-Typer,35C
ERR1788087,Pneumo-Typer,08
ERR1788091,Pneumo-Typer,21
ERR1788100,Pneumo-Typer,07F
ERR1788108,Pneumo-Typer,09N
ERR1788126,Pneumo-Typer,19A
ERR1788128,Pneumo-Typer,19A
ERR1788153,Pneumo-Typer,19F
ERR1788163,Pneumo-Typer,35F
ERR1788165,Pneumo-Typer,08
ERR1788176,Pneumo-Typer,18C
ERR1788177,Pneumo-Typer,01
ERR1788178,Pneumo-Typer,23F
ERR1788179,Pneumo-Typer,19F
ERR1788185,Pneumo-Typer,19F
ERR1788191,Pneumo-Typer,19F
ERR1788200,Pneumo-Typer,19F
ERR1788201,Pneumo-Typer,22F
ERR1788209,Pneumo-Typer,19F
ERR1788221,Pneumo-Typer,03
ERR1788222,Pneumo-Typer,11A
ERR1788246,Pneumo-Typer,06B
ERR1788268,Pneumo-Typer,14
ERR1788269,Pneumo-Typer,15A
ERR1788271,Pneumo-Typer,37
ERR1788287,Pneumo-Typer,06A
ERR1788288,Pneumo-Typer,11A
ERR1788301,Pneumo-Typer,19F
ERR1788311,Pneumo-Typer,19F
ERR1788312,Pneumo-Typer,14
ERR1788314,Pneumo-Typer,01
ERR1788323,Pneumo-Typer,01
ERR1788327,Pneumo-Typer,15B
ERR1788342,Pneumo-Typer,16F
ERR1788347,Pneumo-Typer,16F
ERR1788349,Pneumo-Typer,16F
ERR1788375,Pneumo-Typer,23F
ERR1788399,Pneumo-Typer,18C
ERR1788418,Pneumo-Typer,07C
ERR1788423,Pneumo-Typer,06B
ERR1788427,Pneumo-Typer,14
ERR1788440,Pneumo-Typer,23F
ERR1788449,Pneumo-Typer,06B
ERR1788454,Pneumo-Typer,19F
ERR1788455,Pneumo-Typer,23F
ERR1788458,Pneumo-Typer,14
ERR1788470,Pneumo-Typer,14
ERR1788491,Pneumo-Typer,23F
ERR1788501,Pneumo-Typer,19F
ERR1788510,Pneumo-Typer,03
ERR1788517,Pneumo-Typer,03
ERR1788518,Pneumo-Typer,18C
ERR1788525,Pneumo-Typer,04
ERR1788532,Pneumo-Typer,07F
ERR1788536,Pneumo-Typer,29
ERR1788538,Pneumo-Typer,16F
ERR1788545,Pneumo-Typer,03
ERR1788555,Pneumo-Typer,12F
ERR1788561,Pneumo-Typer,09V
ERR1788564,Pneumo-Typer,40
ERR1788572,Pneumo-Typer,14
ERR1795453,Pneumo-Typer,14
ERR1795458,Pneumo-Typer,07F
ERR1795468,Pneumo-Typer,14
ERR1795479,Pneumo-Typer,09N
ERR1795480,Pneumo-Typer,19A
ERR1795481,Pneumo-Typer,14
ERR1795485,Pneumo-Typer,20
ERR1795493,Pneumo-Typer,01
ERR1795499,Pneumo-Typer,18C
ERR1795509,Pneumo-Typer,09V
ERR1795514,Pneumo-Typer,06C
ERR1795515,Pneumo-Typer,10F
ERR1795517,Pneumo-Typer,14
ERR1799709,Pneumo-Typer,15C
ERR1799710,Pneumo-Typer,15A
ERR1799713,Pneumo-Typer,15C
ERR1799717,Pneumo-Typer,09N
ERR1799725,Pneumo-Typer,01
ERR1799728,Pneumo-Typer,01
ERR1799729,Pneumo-Typer,23F
ERR1799731,Pneumo-Typer,09V
ERR1799734,Pneumo-Typer,09L
ERR1799749,Pneumo-Typer,09V
ERR1799762,Pneumo-Typer,38
ERR1836940,Pneumo-Typer,28A
ERR2089018,Pneumo-Typer,12F
ERR2089031,Pneumo-Typer,19F
ERR2089033,Pneumo-Typer,13
ERR2089036,Pneumo-Typer,16F
ERR2089037,Pneumo-Typer,23B
ERR2089043,Pneumo-Typer,13
ERR2089054,Pneumo-Typer,24F
ERR2089059,Pneumo-Typer,19F
ERR2089062,Pneumo-Typer,06A
ERR2089068,Pneumo-Typer,15A
ERR2089071,Pneumo-Typer,19A
ERR2089082,Pneumo-Typer,16F
ERR2089099,Pneumo-Typer,13
ERR2089102,Pneumo-Typer,21
ERR2089113,Pneumo-Typer,13
ERR2089130,Pneumo-Typer,11A
ERR2089132,Pneumo-Typer,03
ERR2089155,Pneumo-Typer,01
ERR2089159,Pneumo-Typer,34
ERR2089165,Pneumo-Typer,19F
ERR2089166,Pneumo-Typer,03
ERR2089167,Pneumo-Typer,33F
ERR2089193,Pneumo-Typer,14
ERR2089198,Pneumo-Typer,12F
ERR2089215,Pneumo-Typer,05
ERR2089225,Pneumo-Typer,05
ERR2089232,Pneumo-Typer,17F
ERR2089234,Pneumo-Typer,31
ERR2089237,Pneumo-Typer,16F
ERR2089247,Pneumo-Typer,11A
ERR2089248,Pneumo-Typer,19F
ERR2089265,Pneumo-Typer,20
ERR2089287,Pneumo-Typer,10A
ERR2089291,Pneumo-Typer,15A
ERR2089294,Pneumo-Typer,20
ERR2089296,Pneumo-Typer,17F
ERR2089298,Pneumo-Typer,18A
ERR2089303,Pneumo-Typer,15C
ERR2089318,Pneumo-Typer,17F
ERR2089321,Pneumo-Typer,21
ERR2089325,Pneumo-Typer,06B
ERR2089326,Pneumo-Typer,09V
ERR2089332,Pneumo-Typer,16F
ERR2089345,Pneumo-Typer,19A
ERR2089352,Pneumo-Typer,15B
ERR2089354,Pneumo-Typer,07B
ERR2089362,Pneumo-Typer,01
ERR2089364,Pneumo-Typer,14
ERR2089368,Pneumo-Typer,06A
ERR2089373,Pneumo-Typer,12F
ERR2089374,Pneumo-Typer,38
ERR2089393,Pneumo-Typer,20
ERR2089419,Pneumo-Typer,24B
ERR2089426,Pneumo-Typer,08
ERR2089442,Pneumo-Typer,14
ERR2089443,Pneumo-Typer,06B
ERR2089456,Pneumo-Typer,14
ERR2089470,Pneumo-Typer,06C
ERR2089483,Pneumo-Typer,33F
ERR2089487,Pneumo-Typer,09V
ERR2089506,Pneumo-Typer,12F
ERR2089516,Pneumo-Typer,09N
ERR2089525,Pneumo-Typer,07F
ERR2089531,Pneumo-Typer,19A
ERR2089537,Pneumo-Typer,06A
ERR2089541,Pneumo-Typer,19A
ERR2089549,Pneumo-Typer,24B
ERR2089555,Pneumo-Typer,15A
ERR2089566,Pneumo-Typer,06C
ERR2089567,Pneumo-Typer,05
ERR2089577,Pneumo-Typer,06A
ERR2089585,Pneumo-Typer,01
ERR2089586,Pneumo-Typer,05
ERR2089589,Pneumo-Typer,14
ERR2089593,Pneumo-Typer,06B
ERR2089606,Pneumo-Typer,14
ERR2089620,Pneumo-Typer,01
ERR2089622,Pneumo-Typer,01
ERR2089623,Pneumo-Typer,06A
ERR2089642,Pneumo-Typer,15C
ERR2089647,Pneumo-Typer,01
ERR2089655,Pneumo-Typer,06B
ERR2089658,Pneumo-Typer,19F
ERR2089676,Pneumo-Typer,06A
ERR2089686,Pneumo-Typer,01
ERR2089688,Pneumo-Typer,01
ERR2089698,Pneumo-Typer,19A
ERR2089715,Pneumo-Typer,05
ERR2089726,Pneumo-Typer,46
ERR2089727,Pneumo-Typer,24B
ERR2089728,Pneumo-Typer,06B
ERR2089735,Pneumo-Typer,33F
ERR2089736,Pneumo-Typer,12F
ERR2089753,Pneumo-Typer,12F
ERR2089756,Pneumo-Typer,33F
ERR2089758,Pneumo-Typer,18C
ERR2089759,Pneumo-Typer,06B
ERR2089775,Pneumo-Typer,06B
ERR2089792,Pneumo-Typer,12F
ERR2089793,Pneumo-Typer,06A
ERR2089799,Pneumo-Typer,01
ERR2089809,Pneumo-Typer,01
ERR2089823,Pneumo-Typer,28F
ERR2089839,Pneumo-Typer,06B
ERR2089846,Pneumo-Typer,09V
ERR2089848,Pneumo-Typer,46
ERR2089850,Pneumo-Typer,05
ERR2089853,Pneumo-Typer,18C
ERR2089855,Pneumo-Typer,18C
ERR2089857,Pneumo-Typer,24F
ERR2089858,Pneumo-Typer,05
ERR2089870,Pneumo-Typer,14
ERR2089876,Pneumo-Typer,01
ERR2089881,Pneumo-Typer,15B
ERR2089894,Pneumo-Typer,15C
ERR2089904,Pneumo-Typer,16F
ERR2089907,Pneumo-Typer,11B
ERR2089918,Pneumo-Typer,08
ERR2089927,Pneumo-Typer,34
ERR2089929,Pneumo-Typer,13
ERR2089932,Pneumo-Typer,06A
ERR2089950,Pneumo-Typer,40
ERR2089956,Pneumo-Typer,19F
ERR2089964,Pneumo-Typer,17F
ERR2089976,Pneumo-Typer,01
ERR2089984,Pneumo-Typer,01
ERR2089987,Pneumo-Typer,01
ERR2089996,Pneumo-Typer,15C
ERR2090001,Pneumo-Typer,19F
ERR2090004,Pneumo-Typer,02
ERR2090014,Pneumo-Typer,38
ERR2090022,Pneumo-Typer,16F
ERR2090026,Pneumo-Typer,15C
ERR2090044,Pneumo-Typer,15C
ERR2090074,Pneumo-Typer,10B
ERR2090079,Pneumo-Typer,28F
ERR2090089,Pneumo-Typer,16F
ERR2090098,Pneumo-Typer,22F
ERR2090105,Pneumo-Typer,34
ERR2090110,Pneumo-Typer,15B|15C
ERR2090113,Pneumo-Typer,19F
ERR2090118,Pneumo-Typer,15B
ERR2090139,Pneumo-Typer,19F
ERR2090147,Pneumo-Typer,12F
ERR2090157,Pneumo-Typer,35B
ERR2090166,Pneumo-Typer,18A
ERR2090172,Pneumo-Typer,01
ERR2090185,Pneumo-Typer,19A
ERR2090187,Pneumo-Typer,04
ERR2090205,Pneumo-Typer,06A
ERR2090207,Pneumo-Typer,07C
ERR2090225,Pneumo-Typer,06A
ERR2090229,Pneumo-Typer,07C
ERR2090232,Pneumo-Typer,06A
ERR2090236,Pneumo-Typer,11A
ERR2090249,Pneumo-Typer,04
ERR2090250,Pneumo-Typer,23F
ERR2090274,Pneumo-Typer,10A
ERR2090284,Pneumo-Typer,19F
ERR2090287,Pneumo-Typer,16F
ERR2090293,Pneumo-Typer,18C
ERR2090302,Pneumo-Typer,15B
ERR2090303,Pneumo-Typer,06B
ERR2090308,Pneumo-Typer,09V
ERR2090316,Pneumo-Typer,19F
ERR2090327,Pneumo-Typer,22F
ERR2090349,Pneumo-Typer,31
ERR2090356,Pneumo-Typer,19F
ERR2090357,Pneumo-Typer,03
ERR2090372,Pneumo-Typer,28A
ERR2090377,Pneumo-Typer,06A
ERR2090381,Pneumo-Typer,06A
ERR2090397,Pneumo-Typer,15B|15C
ERR2090399,Pneumo-Typer,01
ERR2090401,Pneumo-Typer,19A
ERR2090409,Pneumo-Typer,11B
ERR2090410,Pneumo-Typer,38
ERR2090413,Pneumo-Typer,05
ERR2090414,Pneumo-Typer,05
ERR2090416,Pneumo-Typer,05
ERR2090417,Pneumo-Typer,12F
ERR2090424,Pneumo-Typer,10B
ERR2090431,Pneumo-Typer,05
ERR2090438,Pneumo-Typer,01
ERR2090440,Pneumo-Typer,09V
ERR2090447,Pneumo-Typer,16F
ERR2090451,Pneumo-Typer,04
ERR2090452,Pneumo-Typer,06A
ERR2090453,Pneumo-Typer,01
ERR2090461,Pneumo-Typer,08
ERR2090468,Pneumo-Typer,19A
ERR2090479,Pneumo-Typer,23F
ERR2090500,Pneumo-Typer,09L
ERR2090501,Pneumo-Typer,01
ERR2090503,Pneumo-Typer,19A
ERR2090515,Pneumo-Typer,05
ERR2090520,Pneumo-Typer,08
ERR2090530,Pneumo-Typer,14
ERR2090532,Pneumo-Typer,05
ERR2090544,Pneumo-Typer,01
ERR2090550,Pneumo-Typer,01
ERR2090570,Pneumo-Typer,06C
ERR2090573,Pneumo-Typer,05
ERR2090575,Pneumo-Typer,06A
ERR2090612,Pneumo-Typer,12F
ERR2090614,Pneumo-Typer,23F
ERR2090637,Pneumo-Typer,05
ERR2090638,Pneumo-Typer,01
ERR2090645,Pneumo-Typer,10B
ERR2090650,Pneumo-Typer,19A
ERR2090654,Pneumo-Typer,33F
ERR2090657,Pneumo-Typer,10A
ERR2090669,Pneumo-Typer,12F
ERR2090674,Pneumo-Typer,12F
ERR2090675,Pneumo-Typer,12F
ERR2090676,Pneumo-Typer,23B
ERR2090677,Pneumo-Typer,10A
ERR2090679,Pneumo-Typer,12F
ERR2090681,Pneumo-Typer,05
ERR2090683,Pneumo-Typer,12F
ERR2090685,Pneumo-Typer,05
ERR2090691,Pneumo-Typer,12F
ERR2090695,Pneumo-Typer,33F
ERR2090696,Pneumo-Typer,12F
ERR2090697,Pneumo-Typer,07F
ERR2090700,Pneumo-Typer,15B|15C
ERR2090720,Pneumo-Typer,19F
ERR2090725,Pneumo-Typer,15A
ERR2090730,Pneumo-Typer,16F
ERR2090739,Pneumo-Typer,13
ERR2090741,Pneumo-Typer,03
ERR2090743,Pneumo-Typer,14
ERR2090744,Pneumo-Typer,24B
ERR2090755,Pneumo-Typer,38
ERR2090756,Pneumo-Typer,27
ERR2090759,Pneumo-Typer,16F
ERR2090763,Pneumo-Typer,15B|15C
ERR2090765,Pneumo-Typer,15B|15C
ERR2090766,Pneumo-Typer,12F
ERR2090775,Pneumo-Typer,12F
ERR2090776,Pneumo-Typer,16F
ERR2090778,Pneumo-Typer,09N
ERR2090788,Pneumo-Typer,33F
ERR2090796,Pneumo-Typer,07B
ERR2090799,Pneumo-Typer,12F
ERR2090804,Pneumo-Typer,12F
ERR2090808,Pneumo-Typer,38
ERR2090830,Pneumo-Typer,33F
ERR2090851,Pneumo-Typer,15B
ERR2090888,Pneumo-Typer,05
ERR2090890,Pneumo-Typer,33F
ERR2090892,Pneumo-Typer,13
ERR2090901,Pneumo-Typer,05
ERR2090902,Pneumo-Typer,01
ERR2090910,Pneumo-Typer,23F
ERR2090920,Pneumo-Typer,23F
ERR2090926,Pneumo-Typer,14
ERR2090934,Pneumo-Typer,09V
ERR2090936,Pneumo-Typer,14
ERR2090958,Pneumo-Typer,05
ERR2090962,Pneumo-Typer,14
ERR2090966,Pneumo-Typer,04
ERR2090968,Pneumo-Typer,05
ERR2090969,Pneumo-Typer,05
ERR2090973,Pneumo-Typer,19A
ERR2090979,Pneumo-Typer,08
ERR2090994,Pneumo-Typer,04
ERR2091010,Pneumo-Typer,15A
ERR2091013,Pneumo-Typer,10A
ERR2091021,Pneumo-Typer,10A
ERR2091026,Pneumo-Typer,05
ERR2091036,Pneumo-Typer,05
ERR2091038,Pneumo-Typer,06A
ERR2091041,Pneumo-Typer,14
ERR2091044,Pneumo-Typer,05
ERR2091059,Pneumo-Typer,01
ERR2091061,Pneumo-Typer,23F
ERR2091094,Pneumo-Typer,14
ERR2091096,Pneumo-Typer,05
ERR2091103,Pneumo-Typer,09V
ERR2091106,Pneumo-Typer,14
ERR2091117,Pneumo-Typer,17F
ERR2091131,Pneumo-Typer,05
ERR2091134,Pneumo-Typer,31
ERR2091135,Pneumo-Typer,16F
ERR2091137,Pneumo-Typer,12F
ERR2091142,Pneumo-Typer,23F
ERR2091161,Pneumo-Typer,33F
ERR2091172,Pneumo-Typer,19A
ERR2091180,Pneumo-Typer,10B
ERR2091187,Pneumo-Typer,21
ERR2091196,Pneumo-Typer,02
ERR2091202,Pneumo-Typer,05
ERR2091208,Pneumo-Typer,12F
ERR2091209,Pneumo-Typer,23F
ERR2091217,Pneumo-Typer,01
ERR2091221,Pneumo-Typer,05
ERR2091225,Pneumo-Typer,01
ERR2091235,Pneumo-Typer,03
ERR2091238,Pneumo-Typer,05
ERR2091240,Pneumo-Typer,34
ERR2091252,Pneumo-Typer,05
ERR2091264,Pneumo-Typer,15B|15C
ERR2091286,Pneumo-Typer,12F
ERR2091290,Pneumo-Typer,10B
ERR2091300,Pneumo-Typer,33F
ERR2212857,Pneumo-Typer,14
ERR2213017,Pneumo-Typer,07B
ERR2225365,Pneumo-Typer,14
ERR2352251,Pneumo-Typer,16F
ERR2612048,Pneumo-Typer,05
ERR2612052,Pneumo-Typer,19A
ERR2612069,Pneumo-Typer,01
ERR2612070,Pneumo-Typer,09V
ERR2612085,Pneumo-Typer,19A
ERR2612089,Pneumo-Typer,01
ERR2612098,Pneumo-Typer,01
ERR2612100,Pneumo-Typer,05
ERR2612101,Pneumo-Typer,19F
ERR2612104,Pneumo-Typer,04
ERR2612111,Pneumo-Typer,05
ERR2612115,Pneumo-Typer,06A
ERR2612121,Pneumo-Typer,19F
ERR2667081,Pneumo-Typer,03
ERR2667096,Pneumo-Typer,14
ERR2667104,Pneumo-Typer,19A
ERR2667111,Pneumo-Typer,15B|15C
ERR2667117,Pneumo-Typer,19F
ERR2667121,Pneumo-Typer,19A
ERR2667132,Pneumo-Typer,03
ERR2667154,Pneumo-Typer,14
ERR2667157,Pneumo-Typer,14
ERR2667159,Pneumo-Typer,03
ERR2667166,Pneumo-Typer,03
ERR2667168,Pneumo-Typer,38
ERR2667170,Pneumo-Typer,05
ERR2667182,Pneumo-Typer,20
ERR2667187,Pneumo-Typer,09N
ERR2667239,Pneumo-Typer,19A
ERR2667271,Pneumo-Typer,05
ERR2667308,Pneumo-Typer,14
ERR2667324,Pneumo-Typer,01
ERR2667345,Pneumo-Typer,14
ERR2667348,Pneumo-Typer,23F
ERR2667357,Pneumo-Typer,46
ERR2667360,Pneumo-Typer,05
ERR2667368,Pneumo-Typer,12F
ERR2667374,Pneumo-Typer,05
ERR2667381,Pneumo-Typer,02
ERR2667406,Pneumo-Typer,35B
ERR2667408,Pneumo-Typer,06A
ERR2667421,Pneumo-Typer,15B|15C
ERR2667425,Pneumo-Typer,13
ERR2667428,Pneumo-Typer,18C
ERR2667431,Pneumo-Typer,06B
ERR2667436,Pneumo-Typer,06B
ERR2667440,Pneumo-Typer,19A
ERR2667454,Pneumo-Typer,23F
ERR2667458,Pneumo-Typer,06A
ERR2667465,Pneumo-Typer,15B
ERR2667467,Pneumo-Typer,16F
ERR2667468,Pneumo-Typer,06B
ERR2667471,Pneumo-Typer,06B
ERR2667491,Pneumo-Typer,06A
ERR2667505,Pneumo-Typer,23F
ERR2667524,Pneumo-Typer,05
ERR2667529,Pneumo-Typer,14
ERR2667531,Pneumo-Typer,01
ERR2667539,Pneumo-Typer,14
ERR2667541,Pneumo-Typer,14
ERR2667548,Pneumo-Typer,14
ERR2667551,Pneumo-Typer,14
ERR2667559,Pneumo-Typer,01
ERR2667562,Pneumo-Typer,18C
ERR2667566,Pneumo-Typer,07F
ERR2667576,Pneumo-Typer,05
ERR2667588,Pneumo-Typer,01
ERR2667597,Pneumo-Typer,09N
ERR2667598,Pneumo-Typer,09N
ERR2667606,Pneumo-Typer,01
ERR2667607,Pneumo-Typer,14
ERR2667608,Pneumo-Typer,18A
ERR2667609,Pneumo-Typer,01
ERR2667611,Pneumo-Typer,14
ERR2667612,Pneumo-Typer,14
ERR2667642,Pneumo-Typer,05
ERR2667694,Pneumo-Typer,19A
ERR2667696,Pneumo-Typer,03
ERR2667709,Pneumo-Typer,01
ERR2667718,Pneumo-Typer,09V
ERR2667719,Pneumo-Typer,14
ERR2667726,Pneumo-Typer,05
ERR2667736,Pneumo-Typer,06A
ERR2667753,Pneumo-Typer,01
ERR2667755,Pneumo-Typer,01
ERR2667756,Pneumo-Typer,19A
ERR2667758,Pneumo-Typer,03
ERR2667770,Pneumo-Typer,01
ERR2667793,Pneumo-Typer,05
ERR2667795,Pneumo-Typer,19A
ERR2667797,Pneumo-Typer,19A
ERR2667803,Pneumo-Typer,19A
ERR2667806,Pneumo-Typer,19A
ERR2667807,Pneumo-Typer,05
ERR2667810,Pneumo-Typer,07F
ERR2667837,Pneumo-Typer,01
ERR2667857,Pneumo-Typer,24B
ERR2667862,Pneumo-Typer,05
ERR2667871,Pneumo-Typer,09V
ERR2667876,Pneumo-Typer,14
ERR2667881,Pneumo-Typer,01
ERR2667891,Pneumo-Typer,05
ERR2667898,Pneumo-Typer,04
ERR2667907,Pneumo-Typer,05
ERR2667908,Pneumo-Typer,23B
ERR2667915,Pneumo-Typer,19A
ERR2667918,Pneumo-Typer,18A
ERR2667922,Pneumo-Typer,23B
ERR2667923,Pneumo-Typer,01
ERR2667932,Pneumo-Typer,19A
ERR2667933,Pneumo-Typer,19A
ERR2667934,Pneumo-Typer,01
ERR2667937,Pneumo-Typer,05
ERR2667939,Pneumo-Typer,14
ERR2667941,Pneumo-Typer,01
ERR2667974,Pneumo-Typer,33F
ERR2667978,Pneumo-Typer,24B
ERR2667982,Pneumo-Typer,01
ERR2667989,Pneumo-Typer,06B
ERR2668027,Pneumo-Typer,14
ERR2668030,Pneumo-Typer,02
ERR2668096,Pneumo-Typer,18C
ERR2668101,Pneumo-Typer,02
ERR2668102,Pneumo-Typer,19A
ERR2668110,Pneumo-Typer,14
ERR2668113,Pneumo-Typer,12F
ERR2668119,Pneumo-Typer,08
ERR2668120,Pneumo-Typer,45
ERR2668123,Pneumo-Typer,27
ERR2668124,Pneumo-Typer,06C
ERR2668128,Pneumo-Typer,05
ERR2668149,Pneumo-Typer,06B
ERR2680581,Pneumo-Typer,01
ERR2680582,Pneumo-Typer,23F
ERR2680589,Pneumo-Typer,01
ERR2680603,Pneumo-Typer,19A
ERR2680636,Pneumo-Typer,10A
ERR2680638,Pneumo-Typer,11A
ERR2680640,Pneumo-Typer,06B
ERR2680642,Pneumo-Typer,24F
ERR2680643,Pneumo-Typer,19F
ERR2680647,Pneumo-Typer,06A
ERR2680669,Pneumo-Typer,06A
ERR2680692,Pneumo-Typer,15B
ERR2680697,Pneumo-Typer,24F
ERR2680713,Pneumo-Typer,15A
ERR2680720,Pneumo-Typer,06A
ERR2680724,Pneumo-Typer,15B
ERR2680729,Pneumo-Typer,19F
ERR2680740,Pneumo-Typer,35A
ERR2680743,Pneumo-Typer,06B
ERR2680762,Pneumo-Typer,19B
ERR2680797,Pneumo-Typer,06B
ERR2680802,Pneumo-Typer,19A
ERR2680822,Pneumo-Typer,19F
ERR2680828,Pneumo-Typer,15B|15C
ERR2680844,Pneumo-Typer,06A
ERR2680845,Pneumo-Typer,19F
ERR2680874,Pneumo-Typer,06B
ERR2680878,Pneumo-Typer,19A
ERR2680880,Pneumo-Typer,19F
ERR2680897,Pneumo-Typer,15B
ERR2680914,Pneumo-Typer,13
ERR2680916,Pneumo-Typer,04
ERR2680925,Pneumo-Typer,23A
ERR2680926,Pneumo-Typer,19F
ERR2680929,Pneumo-Typer,06A
ERR2680932,Pneumo-Typer,19F
ERR2680936,Pneumo-Typer,23F
ERR2680937,Pneumo-Typer,01
ERR2680939,Pneumo-Typer,14
ERR2680956,Pneumo-Typer,01
ERR2680961,Pneumo-Typer,06B
ERR2680969,Pneumo-Typer,06B
ERR2680975,Pneumo-Typer,19F
ERR2680980,Pneumo-Typer,19F
ERR2680986,Pneumo-Typer,15B
ERR2680996,Pneumo-Typer,34
ERR2681009,Pneumo-Typer,19F
ERR2681016,Pneumo-Typer,34
ERR2681021,Pneumo-Typer,19F
ERR2681032,Pneumo-Typer,06A
ERR2681033,Pneumo-Typer,06A
ERR2681059,Pneumo-Typer,06D
ERR2681063,Pneumo-Typer,34
ERR2681073,Pneumo-Typer,35B
ERR2681076,Pneumo-Typer,15B
ERR2681077,Pneumo-Typer,19F
ERR2681083,Pneumo-Typer,19A
ERR2681086,Pneumo-Typer,06A
ERR2681087,Pneumo-Typer,23F
ERR2681091,Pneumo-Typer,06A
ERR2681093,Pneumo-Typer,06A
ERR2681094,Pneumo-Typer,15B|15C
ERR2681095,Pneumo-Typer,06C
ERR2681100,Pneumo-Typer,06B
ERR2681137,Pneumo-Typer,11A
ERR2681139,Pneumo-Typer,15A
ERR2681141,Pneumo-Typer,06B
ERR2681142,Pneumo-Typer,19F
ERR2681150,Pneumo-Typer,06B
ERR2681154,Pneumo-Typer,19F
ERR2681161,Pneumo-Typer,19F
ERR2681188,Pneumo-Typer,06A
ERR2681189,Pneumo-Typer,18A
ERR2681192,Pneumo-Typer,06A
ERR2681210,Pneumo-Typer,34
ERR2681211,Pneumo-Typer,19F
ERR2681215,Pneumo-Typer,19F
ERR2681217,Pneumo-Typer,34
ERR2681226,Pneumo-Typer,34
ERR2681228,Pneumo-Typer,15A
ERR2681235,Pneumo-Typer,14
ERR2681237,Pneumo-Typer,06A
ERR2681238,Pneumo-Typer,14
ERR2681249,Pneumo-Typer,34
ERR2681251,Pneumo-Typer,06B
ERR2681252,Pneumo-Typer,11A
ERR2681258,Pneumo-Typer,06B
ERR2681262,Pneumo-Typer,23F
ERR2681275,Pneumo-Typer,06C
ERR2681276,Pneumo-Typer,14
ERR2681280,Pneumo-Typer,06A
ERR2681283,Pneumo-Typer,06B
ERR2681287,Pneumo-Typer,14
ERR2681304,Pneumo-Typer,23A
ERR2681307,Pneumo-Typer,19A
ERR2681312,Pneumo-Typer,34
ERR2681315,Pneumo-Typer,06C
ERR2681319,Pneumo-Typer,15B|15C
ERR2681331,Pneumo-Typer,06B
ERR2681338,Pneumo-Typer,11A
ERR2681347,Pneumo-Typer,10A
ERR2681367,Pneumo-Typer,33B
ERR2681391,Pneumo-Typer,35A
ERR2681394,Pneumo-Typer,06A
ERR2681395,Pneumo-Typer,14
ERR2818754,Pneumo-Typer,19A
ERR2853410,Pneumo-Typer,19A
ERR2853413,Pneumo-Typer,19A
ERR2853438,Pneumo-Typer,19A
ERR2853441,Pneumo-Typer,19A
ERR2853457,Pneumo-Typer,19A
ERR2853463,Pneumo-Typer,19A
ERR2853466,Pneumo-Typer,19A
ERR2853487,Pneumo-Typer,19A
ERR2853500,Pneumo-Typer,19A
ERR2853503,Pneumo-Typer,19A
ERR2853521,Pneumo-Typer,19A
ERR2853525,Pneumo-Typer,19A
ERR2853526,Pneumo-Typer,19A
ERR2853529,Pneumo-Typer,19A
ERR2853549,Pneumo-Typer,19A
ERR2853573,Pneumo-Typer,19A
ERR2853574,Pneumo-Typer,19A
ERR2853577,Pneumo-Typer,19A
ERR2853600,Pneumo-Typer,19A
ERR2853625,Pneumo-Typer,19A
ERR2853630,Pneumo-Typer,19A
ERR2853631,Pneumo-Typer,19A
ERR2853639,Pneumo-Typer,19A
ERR2853654,Pneumo-Typer,19A
ERR2853656,Pneumo-Typer,19A
ERR2853662,Pneumo-Typer,19A
ERR2853675,Pneumo-Typer,19A
ERR2853684,Pneumo-Typer,19A
ERR2853687,Pneumo-Typer,19A
ERR2853693,Pneumo-Typer,19A
ERR2853696,Pneumo-Typer,19A
ERR311083,Pneumo-Typer,09V
ERR311098,Pneumo-Typer,06B
ERR311151,Pneumo-Typer,05
ERR311154,Pneumo-Typer,06B
ERR3164125,Pneumo-Typer,14
ERR3164177,Pneumo-Typer,14
ERR316574,Pneumo-Typer,05
ERR316577,Pneumo-Typer,05
ERR316595,Pneumo-Typer,06A
ERR316597,Pneumo-Typer,18C
ERR316606,Pneumo-Typer,19A
ERR316607,Pneumo-Typer,09V
ERR316611,Pneumo-Typer,19A
ERR316613,Pneumo-Typer,06A
ERR316635,Pneumo-Typer,06A
ERR316637,Pneumo-Typer,04
ERR316646,Pneumo-Typer,14
ERR316648,Pneumo-Typer,04
ERR316650,Pneumo-Typer,05
ERR316659,Pneumo-Typer,09L
ERR316669,Pneumo-Typer,23F
ERR316671,Pneumo-Typer,19F
ERR316678,Pneumo-Typer,06A
ERR316681,Pneumo-Typer,07F
ERR316750,Pneumo-Typer,23F
ERR316799,Pneumo-Typer,06A
ERR316817,Pneumo-Typer,23F
ERR316825,Pneumo-Typer,11A
ERR316832,Pneumo-Typer,19F
ERR316835,Pneumo-Typer,04
ERR316874,Pneumo-Typer,15C
ERR316891,Pneumo-Typer,18C
ERR316903,Pneumo-Typer,09V
ERR316909,Pneumo-Typer,16F
ERR316913,Pneumo-Typer,18C
ERR316917,Pneumo-Typer,19B
ERR316922,Pneumo-Typer,16F
ERR316928,Pneumo-Typer,15C
ERR316933,Pneumo-Typer,09V
ERR319313,Pneumo-Typer,06A
ERR319314,Pneumo-Typer,06B
ERR319318,Pneumo-Typer,06B
ERR319328,Pneumo-Typer,06B
ERR319333,Pneumo-Typer,06B
ERR319334,Pneumo-Typer,06C
ERR319336,Pneumo-Typer,06C
ERR319337,Pneumo-Typer,06B
ERR319339,Pneumo-Typer,06A
ERR319343,Pneumo-Typer,06B
ERR319344,Pneumo-Typer,06A
ERR319345,Pneumo-Typer,06B
ERR319349,Pneumo-Typer,06B
ERR319354,Pneumo-Typer,06C
ERR319394,Pneumo-Typer,06B
ERR3217384,Pneumo-Typer,16F
ERR3217573,Pneumo-Typer,14
ERR3217621,Pneumo-Typer,03
ERR3227725,Pneumo-Typer,15A
ERR3227727,Pneumo-Typer,19A
ERR3227735,Pneumo-Typer,11A
ERR3227736,Pneumo-Typer,19F
ERR3227755,Pneumo-Typer,19F
ERR3227765,Pneumo-Typer,19F
ERR3227767,Pneumo-Typer,15A
ERR3227768,Pneumo-Typer,08
ERR3227774,Pneumo-Typer,14
ERR3227778,Pneumo-Typer,14
ERR3227800,Pneumo-Typer,07F
ERR3227801,Pneumo-Typer,24B
ERR3227802,Pneumo-Typer,33F
ERR3227811,Pneumo-Typer,35A
ERR3227840,Pneumo-Typer,01
ERR326338,Pneumo-Typer,06B
ERR326340,Pneumo-Typer,06B
ERR326357,Pneumo-Typer,06B
ERR326362,Pneumo-Typer,06B
ERR326365,Pneumo-Typer,06B
ERR326375,Pneumo-Typer,35B
ERR326378,Pneumo-Typer,06B
ERR326380,Pneumo-Typer,06C
ERR326381,Pneumo-Typer,06B
ERR326391,Pneumo-Typer,34
ERR326394,Pneumo-Typer,06A
ERR326395,Pneumo-Typer,06B
ERR326402,Pneumo-Typer,06C
ERR326405,Pneumo-Typer,06C
ERR326414,Pneumo-Typer,15B|15C
ERR326415,Pneumo-Typer,06A
ERR326416,Pneumo-Typer,06B
ERR326417,Pneumo-Typer,06B
ERR326420,Pneumo-Typer,04
ERR326422,Pneumo-Typer,19A
ERR326450,Pneumo-Typer,14
ERR326454,Pneumo-Typer,19F
ERR326462,Pneumo-Typer,19A
ERR326463,Pneumo-Typer,09V
ERR326483,Pneumo-Typer,14
ERR326486,Pneumo-Typer,18C
ERR326490,Pneumo-Typer,23F
ERR326492,Pneumo-Typer,06B
ERR326499,Pneumo-Typer,14
ERR326505,Pneumo-Typer,19A
ERR326507,Pneumo-Typer,04
ERR326530,Pneumo-Typer,15B|15C
ERR326552,Pneumo-Typer,18C
ERR326553,Pneumo-Typer,19F
ERR326554,Pneumo-Typer,23F
ERR326555,Pneumo-Typer,19F
ERR326564,Pneumo-Typer,12F
ERR326565,Pneumo-Typer,14
ERR326574,Pneumo-Typer,18C
ERR326580,Pneumo-Typer,14
ERR326582,Pneumo-Typer,06B
ERR326594,Pneumo-Typer,23F
ERR326697,Pneumo-Typer,22F
ERR326699,Pneumo-Typer,14
ERR326717,Pneumo-Typer,19A
ERR326718,Pneumo-Typer,09V
ERR326724,Pneumo-Typer,01
ERR326729,Pneumo-Typer,14
ERR326730,Pneumo-Typer,23F
ERR326744,Pneumo-Typer,10A
ERR326752,Pneumo-Typer,08
ERR326772,Pneumo-Typer,01
ERR326773,Pneumo-Typer,07F
ERR326777,Pneumo-Typer,14
ERR3270701,Pneumo-Typer,06A
ERR3270707,Pneumo-Typer,10A
ERR3270710,Pneumo-Typer,06B
ERR3270720,Pneumo-Typer,23F
ERR3270724,Pneumo-Typer,06A
ERR3270730,Pneumo-Typer,10F
ERR3270748,Pneumo-Typer,09V
ERR3270759,Pneumo-Typer,23B
ERR3270766,Pneumo-Typer,10A
ERR3270776,Pneumo-Typer,10F
ERR3270779,Pneumo-Typer,03
ERR3270803,Pneumo-Typer,01
ERR3270820,Pneumo-Typer,11A
ERR3270829,Pneumo-Typer,06A
ERR3270836,Pneumo-Typer,35B
ERR3270838,Pneumo-Typer,33F
ERR3270844,Pneumo-Typer,11A
ERR3270845,Pneumo-Typer,12F
ERR3270849,Pneumo-Typer,35B
ERR3270857,Pneumo-Typer,17F
ERR3270859,Pneumo-Typer,11A
ERR3303139,Pneumo-Typer,01
ERR3303146,Pneumo-Typer,06B
ERR3303157,Pneumo-Typer,06A
ERR3303158,Pneumo-Typer,01
ERR3303178,Pneumo-Typer,11A
ERR3303199,Pneumo-Typer,14
ERR3303206,Pneumo-Typer,10A
ERR3303223,Pneumo-Typer,10A
ERR3303235,Pneumo-Typer,01
ERR3303237,Pneumo-Typer,23F
ERR3303238,Pneumo-Typer,07C
ERR3303239,Pneumo-Typer,23F
ERR3303243,Pneumo-Typer,10A
ERR3303251,Pneumo-Typer,19F
ERR3303261,Pneumo-Typer,06A
ERR3303274,Pneumo-Typer,10A
ERR3303293,Pneumo-Typer,10A
ERR3303296,Pneumo-Typer,14
ERR3303308,Pneumo-Typer,31
ERR3303318,Pneumo-Typer,19A
ERR3303323,Pneumo-Typer,39
ERR3303328,Pneumo-Typer,06A
ERR3303333,Pneumo-Typer,06A
ERR3303337,Pneumo-Typer,06B
ERR3303343,Pneumo-Typer,06A
ERR3303362,Pneumo-Typer,24F
ERR3303377,Pneumo-Typer,19F
ERR3303380,Pneumo-Typer,05
ERR3303382,Pneumo-Typer,06A
ERR3303386,Pneumo-Typer,21
ERR3303389,Pneumo-Typer,19A
ERR3303393,Pneumo-Typer,35A
ERR3303400,Pneumo-Typer,23B
ERR3303402,Pneumo-Typer,23F
ERR3303427,Pneumo-Typer,06C
ERR3303428,Pneumo-Typer,09V
ERR3303436,Pneumo-Typer,06B
ERR3303445,Pneumo-Typer,05
ERR3303451,Pneumo-Typer,07B
ERR3303452,Pneumo-Typer,33B
ERR3303458,Pneumo-Typer,07F
ERR3303459,Pneumo-Typer,01
ERR331110,Pneumo-Typer,06B
ERR331116,Pneumo-Typer,06B
ERR331126,Pneumo-Typer,06C
ERR331132,Pneumo-Typer,06B
ERR331133,Pneumo-Typer,06A
ERR331138,Pneumo-Typer,06B
ERR331157,Pneumo-Typer,06C
ERR331163,Pneumo-Typer,06C
ERR331166,Pneumo-Typer,06B
ERR331167,Pneumo-Typer,06C
ERR331172,Pneumo-Typer,06B
ERR331176,Pneumo-Typer,06C
ERR331178,Pneumo-Typer,06C
ERR331189,Pneumo-Typer,06C
ERR331391,Pneumo-Typer,04
ERR331400,Pneumo-Typer,14
ERR331402,Pneumo-Typer,07F
ERR331416,Pneumo-Typer,07F
ERR331417,Pneumo-Typer,03
ERR331422,Pneumo-Typer,03
ERR331423,Pneumo-Typer,14
ERR331428,Pneumo-Typer,01
ERR331453,Pneumo-Typer,04
ERR331464,Pneumo-Typer,01
ERR331470,Pneumo-Typer,09V
ERR3332137,Pneumo-Typer,17F
ERR3332177,Pneumo-Typer,14
ERR3332202,Pneumo-Typer,24F
ERR338182,Pneumo-Typer,19F
ERR338193,Pneumo-Typer,07F
ERR338202,Pneumo-Typer,19F
ERR338204,Pneumo-Typer,19F
ERR338207,Pneumo-Typer,08
ERR338218,Pneumo-Typer,07F
ERR338225,Pneumo-Typer,09V
ERR340836,Pneumo-Typer,01
ERR340837,Pneumo-Typer,08
ERR340841,Pneumo-Typer,22F
ERR340843,Pneumo-Typer,07F
ERR340847,Pneumo-Typer,07F
ERR340864,Pneumo-Typer,01
ERR340867,Pneumo-Typer,19F
ERR340870,Pneumo-Typer,23A
ERR340871,Pneumo-Typer,09N
ERR340885,Pneumo-Typer,07F
ERR340889,Pneumo-Typer,07F
ERR340890,Pneumo-Typer,08
ERR351999,Pneumo-Typer,01
ERR352004,Pneumo-Typer,05
ERR352015,Pneumo-Typer,11C
ERR352031,Pneumo-Typer,06A
ERR352038,Pneumo-Typer,23F
ERR352043,Pneumo-Typer,12F
ERR352055,Pneumo-Typer,14
ERR3655122,Pneumo-Typer,19A
ERR3655125,Pneumo-Typer,14
ERR3655157,Pneumo-Typer,19A
ERR3655184,Pneumo-Typer,14
ERR3655229,Pneumo-Typer,07F
ERR3655238,Pneumo-Typer,19F
ERR3655270,Pneumo-Typer,22F
ERR3655283,Pneumo-Typer,06B
ERR3655301,Pneumo-Typer,23F
ERR3664419,Pneumo-Typer,04
ERR3664421,Pneumo-Typer,04
ERR3669255,Pneumo-Typer,14
ERR3669261,Pneumo-Typer,04
ERR3669268,Pneumo-Typer,12F
ERR3669278,Pneumo-Typer,03
ERR3669301,Pneumo-Typer,19A
ERR3669332,Pneumo-Typer,16F
ERR3669363,Pneumo-Typer,16F
ERR3669371,Pneumo-Typer,16F
ERR3669376,Pneumo-Typer,24F
ERR3723235,Pneumo-Typer,14
ERR3723326,Pneumo-Typer,14
ERR3723394,Pneumo-Typer,03
ERR3723501,Pneumo-Typer,14
ERR3723820,Pneumo-Typer,14
ERR3795515,Pneumo-Typer,14
ERR3795755,Pneumo-Typer,14
ERR3795762,Pneumo-Typer,14
ERR3795910,Pneumo-Typer,14
ERR3795981,Pneumo-Typer,14
ERR3796045,Pneumo-Typer,14
ERR3796139,Pneumo-Typer,14
ERR3796488,Pneumo-Typer,14
ERR3796530,Pneumo-Typer,14
ERR3796552,Pneumo-Typer,14
ERR3796571,Pneumo-Typer,24B
ERR3796596,Pneumo-Typer,24B
ERR3796606,Pneumo-Typer,24B
ERR3796631,Pneumo-Typer,24B
ERR3796643,Pneumo-Typer,24B
ERR3796654,Pneumo-Typer,24B
ERR3796659,Pneumo-Typer,24B
ERR3796660,Pneumo-Typer,24B
ERR3796667,Pneumo-Typer,24B
ERR3796689,Pneumo-Typer,24B
ERR3796702,Pneumo-Typer,24B
ERR3796707,Pneumo-Typer,24B
ERR3796710,Pneumo-Typer,24B
ERR3796723,Pneumo-Typer,24B
ERR3796724,Pneumo-Typer,24B
ERR3796754,Pneumo-Typer,24B
ERR3796760,Pneumo-Typer,24B
ERR3796769,Pneumo-Typer,24B
ERR3796779,Pneumo-Typer,24B
ERR3796781,Pneumo-Typer,24B
ERR3796786,Pneumo-Typer,24B
ERR3796788,Pneumo-Typer,24B
ERR3796806,Pneumo-Typer,24B
ERR3796810,Pneumo-Typer,24B
ERR3796818,Pneumo-Typer,24B
ERR3796839,Pneumo-Typer,24B
ERR3796877,Pneumo-Typer,24B
ERR3796887,Pneumo-Typer,24B
ERR3796908,Pneumo-Typer,24B
ERR3796909,Pneumo-Typer,24B
ERR3796912,Pneumo-Typer,24B
ERR3796913,Pneumo-Typer,24B
ERR3796915,Pneumo-Typer,24B
ERR3796932,Pneumo-Typer,24B
ERR3796947,Pneumo-Typer,24B
ERR3796948,Pneumo-Typer,24B
ERR3796950,Pneumo-Typer,24B
ERR3831128,Pneumo-Typer,24B
ERR3831137,Pneumo-Typer,24B
ERR3831139,Pneumo-Typer,24B
ERR3899201,Pneumo-Typer,19A
ERR3899216,Pneumo-Typer,14
ERR3899218,Pneumo-Typer,23F
ERR3899228,Pneumo-Typer,23F
ERR3899231,Pneumo-Typer,14
ERR3899254,Pneumo-Typer,16F
ERR3899261,Pneumo-Typer,23B
ERR3899269,Pneumo-Typer,06B
ERR3899282,Pneumo-Typer,14
ERR3899286,Pneumo-Typer,01
ERR3899298,Pneumo-Typer,15B
ERR3899302,Pneumo-Typer,06A
ERR3899306,Pneumo-Typer,14
ERR3899314,Pneumo-Typer,19A
ERR3899322,Pneumo-Typer,05
ERR3899339,Pneumo-Typer,23F
ERR3899342,Pneumo-Typer,14
ERR3899348,Pneumo-Typer,14
ERR3899350,Pneumo-Typer,14
ERR3899439,Pneumo-Typer,14
ERR3899484,Pneumo-Typer,06A
ERR3899492,Pneumo-Typer,14
ERR3899497,Pneumo-Typer,14
ERR425373,Pneumo-Typer,14
ERR425380,Pneumo-Typer,14
ERR425387,Pneumo-Typer,14
ERR425391,Pneumo-Typer,22F
ERR425396,Pneumo-Typer,06A
ERR425404,Pneumo-Typer,22F
ERR425421,Pneumo-Typer,14
ERR425430,Pneumo-Typer,23F
ERR425432,Pneumo-Typer,05
ERR425461,Pneumo-Typer,12F
ERR425468,Pneumo-Typer,38
ERR425488,Pneumo-Typer,11A
ERR425501,Pneumo-Typer,06B
ERR425502,Pneumo-Typer,06C
ERR425505,Pneumo-Typer,14
ERR425526,Pneumo-Typer,19F
ERR4289046,Pneumo-Typer,17F
ERR4289053,Pneumo-Typer,03
ERR4289070,Pneumo-Typer,01
ERR4289090,Pneumo-Typer,14
ERR4289094,Pneumo-Typer,10F
ERR4289113,Pneumo-Typer,28A
ERR4289116,Pneumo-Typer,25F
ERR4289129,Pneumo-Typer,09V
ERR4289136,Pneumo-Typer,23A
ERR4289143,Pneumo-Typer,35B
ERR4289148,Pneumo-Typer,33B
ERR433505,Pneumo-Typer,22F
ERR433507,Pneumo-Typer,19F
ERR433508,Pneumo-Typer,16F
ERR433511,Pneumo-Typer,12F
ERR433529,Pneumo-Typer,06A
ERR433535,Pneumo-Typer,04
ERR433539,Pneumo-Typer,04
ERR433541,Pneumo-Typer,23F
ERR433545,Pneumo-Typer,12F
ERR433549,Pneumo-Typer,04
ERR433570,Pneumo-Typer,18C
ERR433571,Pneumo-Typer,19F
ERR433594,Pneumo-Typer,14
ERR433597,Pneumo-Typer,14
ERR433598,Pneumo-Typer,19A
ERR433641,Pneumo-Typer,22F
ERR433648,Pneumo-Typer,07F
ERR433654,Pneumo-Typer,07F
ERR433682,Pneumo-Typer,14
ERR433687,Pneumo-Typer,10A
ERR433692,Pneumo-Typer,15B
ERR433696,Pneumo-Typer,23A
ERR433699,Pneumo-Typer,07F
ERR433710,Pneumo-Typer,19A
ERR433725,Pneumo-Typer,19A
ERR433754,Pneumo-Typer,19F
ERR433778,Pneumo-Typer,04
ERR433782,Pneumo-Typer,23F
ERR433785,Pneumo-Typer,04
ERR433791,Pneumo-Typer,01
ERR433805,Pneumo-Typer,01
ERR433815,Pneumo-Typer,01
ERR433833,Pneumo-Typer,09L
ERR433843,Pneumo-Typer,05
ERR433844,Pneumo-Typer,09L
ERR433845,Pneumo-Typer,01
ERR433846,Pneumo-Typer,01
ERR433848,Pneumo-Typer,38
ERR433850,Pneumo-Typer,01
ERR433851,Pneumo-Typer,23F
ERR433854,Pneumo-Typer,13
ERR433901,Pneumo-Typer,19A
ERR433909,Pneumo-Typer,01
ERR433910,Pneumo-Typer,04
ERR433912,Pneumo-Typer,22F
ERR433945,Pneumo-Typer,33F
ERR433950,Pneumo-Typer,06B
ERR433954,Pneumo-Typer,24B
ERR433987,Pneumo-Typer,15B
ERR434022,Pneumo-Typer,19F
ERR434027,Pneumo-Typer,23F
ERR434039,Pneumo-Typer,14
ERR434047,Pneumo-Typer,18C
ERR438970,Pneumo-Typer,23F
ERR438972,Pneumo-Typer,01
ERR438982,Pneumo-Typer,01
ERR449120,Pneumo-Typer,12F
ERR449143,Pneumo-Typer,07F
ERR449156,Pneumo-Typer,06A
ERR449157,Pneumo-Typer,14
ERR449161,Pneumo-Typer,23F
ERR449202,Pneumo-Typer,14
ERR449226,Pneumo-Typer,11A
ERR449230,Pneumo-Typer,09V
ERR449236,Pneumo-Typer,18C
ERR449237,Pneumo-Typer,19A
ERR449246,Pneumo-Typer,06B
ERR449247,Pneumo-Typer,06A
ERR449250,Pneumo-Typer,14
ERR449254,Pneumo-Typer,14
ERR449264,Pneumo-Typer,19A
ERR4501325,Pneumo-Typer,24B
ERR4501328,Pneumo-Typer,19A
ERR4501329,Pneumo-Typer,24B
ERR4501338,Pneumo-Typer,24B
ERR4501369,Pneumo-Typer,24B
ERR4501404,Pneumo-Typer,19A
ERR4501418,Pneumo-Typer,24B
ERR4501435,Pneumo-Typer,24B
ERR4501439,Pneumo-Typer,24B
ERR4501445,Pneumo-Typer,19A
ERR4501454,Pneumo-Typer,24B
ERR4501455,Pneumo-Typer,24B
ERR4501458,Pneumo-Typer,24B
ERR4501469,Pneumo-Typer,24B
ERR460209,Pneumo-Typer,09V
ERR467043,Pneumo-Typer,01
ERR490705,Pneumo-Typer,19F
ERR490709,Pneumo-Typer,04
ERR490715,Pneumo-Typer,07F
ERR490722,Pneumo-Typer,06A|06B|18B|18C|18F
ERR490733,Pneumo-Typer,05
ERR490737,Pneumo-Typer,06A
ERR490744,Pneumo-Typer,04
ERR490748,Pneumo-Typer,04
ERR490775,Pneumo-Typer,04
ERR490778,Pneumo-Typer,06A
ERR490787,Pneumo-Typer,19F
ERR490794,Pneumo-Typer,03
ERR490795,Pneumo-Typer,23F
ERR490798,Pneumo-Typer,19A
ERR490799,Pneumo-Typer,09V
ERR501511,Pneumo-Typer,12F
ERR501523,Pneumo-Typer,16F
ERR501567,Pneumo-Typer,10B
ERR501593,Pneumo-Typer,10B
ERR501595,Pneumo-Typer,01
ERR501603,Pneumo-Typer,21
ERR501605,Pneumo-Typer,19F
ERR501616,Pneumo-Typer,18F
ERR505465,Pneumo-Typer,12F
ERR505468,Pneumo-Typer,19A
ERR505469,Pneumo-Typer,19F
ERR505472,Pneumo-Typer,19F
ERR505483,Pneumo-Typer,19F
ERR505488,Pneumo-Typer,19F
ERR505491,Pneumo-Typer,24B
ERR505500,Pneumo-Typer,19F
ERR505506,Pneumo-Typer,19F
ERR505520,Pneumo-Typer,19A
ERR505529,Pneumo-Typer,09V
ERR505543,Pneumo-Typer,19F
ERR505544,Pneumo-Typer,09N
ERR505545,Pneumo-Typer,19F
ERR505555,Pneumo-Typer,10A
ERR505560,Pneumo-Typer,39
ERR505577,Pneumo-Typer,23F
ERR505580,Pneumo-Typer,11A
ERR505585,Pneumo-Typer,35F
ERR505586,Pneumo-Typer,23F
ERR505587,Pneumo-Typer,19F
ERR505604,Pneumo-Typer,19F
ERR505619,Pneumo-Typer,06A
ERR505626,Pneumo-Typer,09V
ERR505637,Pneumo-Typer,21
ERR505645,Pneumo-Typer,19F
ERR505652,Pneumo-Typer,06B
ERR505653,Pneumo-Typer,06C
ERR505662,Pneumo-Typer,19A
ERR505672,Pneumo-Typer,23A
ERR505675,Pneumo-Typer,06B
ERR505678,Pneumo-Typer,18C
ERR505686,Pneumo-Typer,06A
ERR505688,Pneumo-Typer,19A
ERR505692,Pneumo-Typer,14
ERR505698,Pneumo-Typer,14
ERR505702,Pneumo-Typer,13
ERR505705,Pneumo-Typer,11A
ERR505710,Pneumo-Typer,06C
ERR505727,Pneumo-Typer,34
ERR505736,Pneumo-Typer,06C
ERR505747,Pneumo-Typer,19A
ERR505750,Pneumo-Typer,19A
ERR505756,Pneumo-Typer,19A
ERR505758,Pneumo-Typer,16F
ERR505760,Pneumo-Typer,10A
ERR505763,Pneumo-Typer,07F
ERR505789,Pneumo-Typer,19A
ERR505790,Pneumo-Typer,19A
ERR505795,Pneumo-Typer,38
ERR505804,Pneumo-Typer,11A
ERR505808,Pneumo-Typer,33F
ERR505827,Pneumo-Typer,23F
ERR505842,Pneumo-Typer,14
ERR505843,Pneumo-Typer,07F
ERR505853,Pneumo-Typer,07F
ERR505864,Pneumo-Typer,16F
ERR505867,Pneumo-Typer,14
ERR505870,Pneumo-Typer,17F
ERR505884,Pneumo-Typer,07F
ERR505893,Pneumo-Typer,18C
ERR505905,Pneumo-Typer,19A
ERR505913,Pneumo-Typer,06A
ERR505917,Pneumo-Typer,06C
ERR505921,Pneumo-Typer,06B
ERR505922,Pneumo-Typer,06C
ERR505923,Pneumo-Typer,23F
ERR505926,Pneumo-Typer,19F
ERR505931,Pneumo-Typer,05
ERR505933,Pneumo-Typer,23F
ERR505934,Pneumo-Typer,06A
ERR505937,Pneumo-Typer,14
ERR505942,Pneumo-Typer,23F
ERR505947,Pneumo-Typer,06A
ERR505949,Pneumo-Typer,05
ERR505956,Pneumo-Typer,06A
ERR505971,Pneumo-Typer,19F
ERR505983,Pneumo-Typer,14
ERR505999,Pneumo-Typer,33F
ERR506022,Pneumo-Typer,19A
ERR506024,Pneumo-Typer,19A
ERR506028,Pneumo-Typer,19A
ERR506038,Pneumo-Typer,23A
ERR506057,Pneumo-Typer,19F
ERR506058,Pneumo-Typer,07F
ERR506067,Pneumo-Typer,07F
ERR5104400,Pneumo-Typer,04
ERR5104409,Pneumo-Typer,04
ERR5104419,Pneumo-Typer,04
ERR5104420,Pneumo-Typer,04
ERR516628,Pneumo-Typer,01
ERR516634,Pneumo-Typer,19F
ERR516635,Pneumo-Typer,06A
ERR516658,Pneumo-Typer,35F
ERR516668,Pneumo-Typer,06A
ERR516672,Pneumo-Typer,19A
ERR516679,Pneumo-Typer,05
ERR516691,Pneumo-Typer,13
ERR516692,Pneumo-Typer,19F
ERR516694,Pneumo-Typer,18C
ERR5262735,Pneumo-Typer,04
ERR5262745,Pneumo-Typer,04
ERR5336808,Pneumo-Typer,04
ERR5336810,Pneumo-Typer,04
ERR5336813,Pneumo-Typer,04
ERR5336814,Pneumo-Typer,04
ERR5336815,Pneumo-Typer,04
ERR568437,Pneumo-Typer,06A
ERR568439,Pneumo-Typer,19F
ERR568440,Pneumo-Typer,19F
ERR568446,Pneumo-Typer,01
ERR568454,Pneumo-Typer,19F
ERR568457,Pneumo-Typer,19F
ERR568462,Pneumo-Typer,14
ERR568482,Pneumo-Typer,38
ERR568483,Pneumo-Typer,19F
ERR568487,Pneumo-Typer,34
ERR568494,Pneumo-Typer,06B
ERR568500,Pneumo-Typer,19F
ERR568507,Pneumo-Typer,06A
ERR568510,Pneumo-Typer,14
ERR568524,Pneumo-Typer,12F
ERR568525,Pneumo-Typer,23F
ERR568527,Pneumo-Typer,10A
ERR568536,Pneumo-Typer,01
ERR568545,Pneumo-Typer,06B
ERR568546,Pneumo-Typer,05
ERR568550,Pneumo-Typer,23F
ERR568552,Pneumo-Typer,01
ERR568558,Pneumo-Typer,09V
ERR568567,Pneumo-Typer,23F
ERR568589,Pneumo-Typer,23F
ERR568600,Pneumo-Typer,35F
ERR568608,Pneumo-Typer,06A
ERR568610,Pneumo-Typer,19F
ERR568616,Pneumo-Typer,04
ERR568621,Pneumo-Typer,09N
ERR568638,Pneumo-Typer,19A
ERR568639,Pneumo-Typer,13
ERR568677,Pneumo-Typer,06B|23F
ERR568684,Pneumo-Typer,15A
ERR568687,Pneumo-Typer,23F
ERR568688,Pneumo-Typer,19F
ERR568692,Pneumo-Typer,19F
ERR568705,Pneumo-Typer,23F
ERR568709,Pneumo-Typer,19A
ERR568711,Pneumo-Typer,14
ERR568730,Pneumo-Typer,18C
ERR568737,Pneumo-Typer,06B
ERR568741,Pneumo-Typer,34
ERR568749,Pneumo-Typer,01
ERR568751,Pneumo-Typer,23B
ERR568755,Pneumo-Typer,23A
ERR568764,Pneumo-Typer,06B
ERR568765,Pneumo-Typer,23A
ERR568777,Pneumo-Typer,06C
ERR570392,Pneumo-Typer,03
ERR570395,Pneumo-Typer,04
ERR570399,Pneumo-Typer,09V
ERR570401,Pneumo-Typer,06A
ERR570412,Pneumo-Typer,14
ERR570415,Pneumo-Typer,14
ERR570416,Pneumo-Typer,06B
ERR570419,Pneumo-Typer,01
ERR570426,Pneumo-Typer,01
ERR570428,Pneumo-Typer,09N
ERR570443,Pneumo-Typer,06A
ERR570445,Pneumo-Typer,14
ERR570452,Pneumo-Typer,01
ERR570460,Pneumo-Typer,14
ERR570461,Pneumo-Typer,17F
ERR577962,Pneumo-Typer,18C
ERR577964,Pneumo-Typer,13
ERR577986,Pneumo-Typer,06B
ERR586335,Pneumo-Typer,19A
ERR586345,Pneumo-Typer,15B
ERR586363,Pneumo-Typer,06B
ERR586367,Pneumo-Typer,15B
ERR586379,Pneumo-Typer,14
ERR586394,Pneumo-Typer,22F
ERR586395,Pneumo-Typer,35B
ERR586402,Pneumo-Typer,35B
ERR586406,Pneumo-Typer,07F
ERR586447,Pneumo-Typer,19A
ERR586448,Pneumo-Typer,19A
ERR586455,Pneumo-Typer,19A
ERR586463,Pneumo-Typer,06A
ERR586468,Pneumo-Typer,01
ERR586472,Pneumo-Typer,06A
ERR596389,Pneumo-Typer,22F
ERR596390,Pneumo-Typer,22F
ERR596406,Pneumo-Typer,33F
ERR596409,Pneumo-Typer,19A
ERR596417,Pneumo-Typer,35B
ERR596424,Pneumo-Typer,35B
ERR600084,Pneumo-Typer,07F
ERR600090,Pneumo-Typer,07F
ERR600104,Pneumo-Typer,15B
ERR600107,Pneumo-Typer,23A
ERR600111,Pneumo-Typer,23B
ERR600117,Pneumo-Typer,35B
ERR600119,Pneumo-Typer,22F
ERR600126,Pneumo-Typer,22F
ERR600131,Pneumo-Typer,22F
ERR600132,Pneumo-Typer,09N
ERR600145,Pneumo-Typer,22F
ERR600146,Pneumo-Typer,22F
ERR600153,Pneumo-Typer,38
ERR600154,Pneumo-Typer,33F
ERR600167,Pneumo-Typer,15C
ERR600174,Pneumo-Typer,33F
ERR600176,Pneumo-Typer,33F
ERR600177,Pneumo-Typer,10A
ERR600179,Pneumo-Typer,12F
ERR600184,Pneumo-Typer,22F
ERR600189,Pneumo-Typer,35B
ERR600195,Pneumo-Typer,22F
ERR600202,Pneumo-Typer,33F
ERR600228,Pneumo-Typer,23B
ERR600233,Pneumo-Typer,33F
ERR600235,Pneumo-Typer,19F
ERR600236,Pneumo-Typer,15B|15C
ERR600247,Pneumo-Typer,16F
ERR600248,Pneumo-Typer,11A
ERR600249,Pneumo-Typer,23B
ERR600256,Pneumo-Typer,19F
ERR600257,Pneumo-Typer,19A
ERR600267,Pneumo-Typer,23B
ERR600270,Pneumo-Typer,03
ERR600285,Pneumo-Typer,14
ERR600289,Pneumo-Typer,18C
ERR600294,Pneumo-Typer,18C
ERR600302,Pneumo-Typer,19F
ERR600312,Pneumo-Typer,23F
ERR600325,Pneumo-Typer,01
ERR600336,Pneumo-Typer,04
ERR600338,Pneumo-Typer,10A
ERR600349,Pneumo-Typer,14
ERR600359,Pneumo-Typer,19F
ERR600362,Pneumo-Typer,01
ERR600364,Pneumo-Typer,04
ERR600367,Pneumo-Typer,38
ERR600375,Pneumo-Typer,14
ERR600378,Pneumo-Typer,01
ERR600379,Pneumo-Typer,01
ERR600386,Pneumo-Typer,06B
ERR600392,Pneumo-Typer,12F
ERR600399,Pneumo-Typer,04
ERR600408,Pneumo-Typer,01
ERR600417,Pneumo-Typer,06B
ERR600422,Pneumo-Typer,19F
ERR600423,Pneumo-Typer,06B
ERR600424,Pneumo-Typer,01
ERR600434,Pneumo-Typer,06B
ERR600454,Pneumo-Typer,14
ERR600458,Pneumo-Typer,15B|15C
ERR600462,Pneumo-Typer,19F
ERR600474,Pneumo-Typer,18C
ERR600481,Pneumo-Typer,14
ERR600484,Pneumo-Typer,15B
ERR600486,Pneumo-Typer,01
ERR600491,Pneumo-Typer,06B
ERR600496,Pneumo-Typer,19F
ERR600499,Pneumo-Typer,18C
ERR600515,Pneumo-Typer,13
ERR600516,Pneumo-Typer,15B|15C
ERR600524,Pneumo-Typer,23A
ERR600528,Pneumo-Typer,34
ERR600543,Pneumo-Typer,18B
ERR600552,Pneumo-Typer,15C
ERR600555,Pneumo-Typer,08
ERR600557,Pneumo-Typer,06A
ERR600560,Pneumo-Typer,04
ERR600562,Pneumo-Typer,23F
ERR600567,Pneumo-Typer,14
ERR600574,Pneumo-Typer,06A
ERR600577,Pneumo-Typer,04
ERR600585,Pneumo-Typer,06B
ERR600590,Pneumo-Typer,23F
ERR600606,Pneumo-Typer,14
ERR600609,Pneumo-Typer,14
ERR600622,Pneumo-Typer,06A
ERR600623,Pneumo-Typer,14
ERR600625,Pneumo-Typer,23F
ERR632873,Pneumo-Typer,23F
ERR632875,Pneumo-Typer,14
ERR632879,Pneumo-Typer,38
ERR632883,Pneumo-Typer,15C
ERR632885,Pneumo-Typer,01
ERR632888,Pneumo-Typer,12F
ERR632908,Pneumo-Typer,04
ERR632911,Pneumo-Typer,14
ERR632921,Pneumo-Typer,01
ERR632925,Pneumo-Typer,14
ERR632929,Pneumo-Typer,01
ERR632942,Pneumo-Typer,14
ERR632948,Pneumo-Typer,06A
ERR632958,Pneumo-Typer,19A
ERR632961,Pneumo-Typer,19F
ERR632966,Pneumo-Typer,33D
ERR632980,Pneumo-Typer,19A
ERR632981,Pneumo-Typer,19F
ERR632984,Pneumo-Typer,14
ERR632989,Pneumo-Typer,06A
ERR632992,Pneumo-Typer,06B
ERR632997,Pneumo-Typer,04
ERR633014,Pneumo-Typer,14
ERR633016,Pneumo-Typer,01
ERR633025,Pneumo-Typer,06B
ERR633051,Pneumo-Typer,14
ERR633059,Pneumo-Typer,04
ERR633065,Pneumo-Typer,06A
ERR633067,Pneumo-Typer,14
ERR633077,Pneumo-Typer,14
ERR633078,Pneumo-Typer,06A
ERR633083,Pneumo-Typer,23F
ERR633089,Pneumo-Typer,13
ERR633099,Pneumo-Typer,06A
ERR633104,Pneumo-Typer,01
ERR633108,Pneumo-Typer,15B
ERR633110,Pneumo-Typer,06B
ERR633111,Pneumo-Typer,06A
ERR633113,Pneumo-Typer,01
ERR633115,Pneumo-Typer,06A
ERR646534,Pneumo-Typer,23F
ERR646540,Pneumo-Typer,06A
ERR646548,Pneumo-Typer,23F
ERR646550,Pneumo-Typer,23F
ERR646554,Pneumo-Typer,14
ERR646557,Pneumo-Typer,34
ERR646559,Pneumo-Typer,04
ERR646569,Pneumo-Typer,19F
ERR646570,Pneumo-Typer,01
ERR646576,Pneumo-Typer,19F
ERR646580,Pneumo-Typer,14
ERR646582,Pneumo-Typer,01
ERR646592,Pneumo-Typer,12F
ERR646599,Pneumo-Typer,01
ERR646600,Pneumo-Typer,14
ERR662366,Pneumo-Typer,15A
ERR662367,Pneumo-Typer,31
ERR662368,Pneumo-Typer,06C
ERR662386,Pneumo-Typer,12F
ERR662387,Pneumo-Typer,11A
ERR662403,Pneumo-Typer,15B|15C
ERR662404,Pneumo-Typer,15A
ERR662408,Pneumo-Typer,10A
ERR662416,Pneumo-Typer,03
ERR662422,Pneumo-Typer,19A
ERR662424,Pneumo-Typer,06A
ERR662435,Pneumo-Typer,16F
ERR662437,Pneumo-Typer,07F
ERR662439,Pneumo-Typer,08
ERR662441,Pneumo-Typer,07F
ERR662443,Pneumo-Typer,31
ERR662447,Pneumo-Typer,03
ERR662454,Pneumo-Typer,04
ERR662455,Pneumo-Typer,38
ERR701782,Pneumo-Typer,01
ERR701793,Pneumo-Typer,01
ERR701802,Pneumo-Typer,14
ERR701812,Pneumo-Typer,14
ERR701817,Pneumo-Typer,06B
ERR701821,Pneumo-Typer,01
ERR701822,Pneumo-Typer,14
ERR701825,Pneumo-Typer,23F
ERR701828,Pneumo-Typer,06B
ERR701832,Pneumo-Typer,04
ERR701833,Pneumo-Typer,19F
ERR701837,Pneumo-Typer,01
ERR701840,Pneumo-Typer,18F
ERR701843,Pneumo-Typer,19F
ERR701849,Pneumo-Typer,01
ERR701856,Pneumo-Typer,23F
ERR708297,Pneumo-Typer,06B
ERR708299,Pneumo-Typer,06A
ERR714103,Pneumo-Typer,01
ERR714105,Pneumo-Typer,12F
ERR714106,Pneumo-Typer,01
ERR714109,Pneumo-Typer,09V
ERR714112,Pneumo-Typer,01
ERR714118,Pneumo-Typer,12F
ERR714126,Pneumo-Typer,40
ERR714137,Pneumo-Typer,05
ERR714139,Pneumo-Typer,05
ERR714154,Pneumo-Typer,01
ERR714156,Pneumo-Typer,01
ERR714162,Pneumo-Typer,01
ERR714181,Pneumo-Typer,05
ERR714187,Pneumo-Typer,01
ERR714189,Pneumo-Typer,05
ERR714190,Pneumo-Typer,19F
ERR714192,Pneumo-Typer,14
ERR714228,Pneumo-Typer,06B
ERR714229,Pneumo-Typer,01
ERR714232,Pneumo-Typer,01
ERR714252,Pneumo-Typer,15C
ERR714261,Pneumo-Typer,07B
ERR714268,Pneumo-Typer,06A
ERR714269,Pneumo-Typer,01
ERR714276,Pneumo-Typer,01
ERR714280,Pneumo-Typer,01
ERR714285,Pneumo-Typer,23F
ERR714288,Pneumo-Typer,35B
ERR714313,Pneumo-Typer,01
ERR714319,Pneumo-Typer,15A
ERR714326,Pneumo-Typer,06B
ERR714336,Pneumo-Typer,01
ERR714337,Pneumo-Typer,12F
ERR714353,Pneumo-Typer,01
ERR714389,Pneumo-Typer,05
ERR714392,Pneumo-Typer,14
ERR714401,Pneumo-Typer,18C
ERR714411,Pneumo-Typer,01
ERR714413,Pneumo-Typer,14
ERR714414,Pneumo-Typer,04
ERR714417,Pneumo-Typer,01
ERR714419,Pneumo-Typer,34
ERR714425,Pneumo-Typer,04
ERR714438,Pneumo-Typer,18A
ERR714441,Pneumo-Typer,06B
ERR714443,Pneumo-Typer,04
ERR714456,Pneumo-Typer,22F
ERR714465,Pneumo-Typer,23F
ERR714468,Pneumo-Typer,09V
ERR714475,Pneumo-Typer,01
ERR714484,Pneumo-Typer,19F
ERR714493,Pneumo-Typer,06A
ERR714505,Pneumo-Typer,19F
ERR714507,Pneumo-Typer,23F
ERR714515,Pneumo-Typer,01
ERR714533,Pneumo-Typer,19F
ERR714534,Pneumo-Typer,23F
ERR714535,Pneumo-Typer,04
ERR714540,Pneumo-Typer,06B
ERR714549,Pneumo-Typer,14
ERR714550,Pneumo-Typer,18C
ERR714554,Pneumo-Typer,09V
ERR714567,Pneumo-Typer,07F
ERR714571,Pneumo-Typer,06B
ERR714578,Pneumo-Typer,14
ERR714582,Pneumo-Typer,18C
ERR714603,Pneumo-Typer,06C
ERR714618,Pneumo-Typer,06B
ERR714638,Pneumo-Typer,19A
ERR714644,Pneumo-Typer,06A
ERR714645,Pneumo-Typer,14
ERR714646,Pneumo-Typer,19A
ERR714647,Pneumo-Typer,19F
ERR714664,Pneumo-Typer,06A
ERR714675,Pneumo-Typer,09V
ERR714687,Pneumo-Typer,06A
ERR714696,Pneumo-Typer,06B
ERR714697,Pneumo-Typer,19F
ERR714698,Pneumo-Typer,04
ERR714708,Pneumo-Typer,14
ERR714727,Pneumo-Typer,16F
ERR730145,Pneumo-Typer,34
ERR730155,Pneumo-Typer,19A
ERR730165,Pneumo-Typer,35B
ERR730172,Pneumo-Typer,34
ERR730175,Pneumo-Typer,35B
ERR730195,Pneumo-Typer,21
ERR730206,Pneumo-Typer,11A
ERR730215,Pneumo-Typer,16F
ERR730217,Pneumo-Typer,15C
ERR730228,Pneumo-Typer,14
ERR730234,Pneumo-Typer,10A
ERR730240,Pneumo-Typer,19A
ERR730242,Pneumo-Typer,19A
ERR730255,Pneumo-Typer,06A
ERR730259,Pneumo-Typer,34
ERR730263,Pneumo-Typer,06A
ERR730266,Pneumo-Typer,11B
ERR730270,Pneumo-Typer,09V
ERR730285,Pneumo-Typer,28F
ERR730300,Pneumo-Typer,06A
ERR730314,Pneumo-Typer,16F
ERR730318,Pneumo-Typer,06B
ERR730320,Pneumo-Typer,17F
ERR730330,Pneumo-Typer,15B
ERR730332,Pneumo-Typer,09V
ERR730340,Pneumo-Typer,06B
ERR730353,Pneumo-Typer,06B
ERR730354,Pneumo-Typer,21
ERR730369,Pneumo-Typer,14
ERR730370,Pneumo-Typer,19F
ERR730371,Pneumo-Typer,14
ERR730375,Pneumo-Typer,09V
ERR730381,Pneumo-Typer,14
ERR730386,Pneumo-Typer,01
ERR730401,Pneumo-Typer,01
ERR730405,Pneumo-Typer,12F
ERR730406,Pneumo-Typer,06A
ERR730412,Pneumo-Typer,14
ERR730416,Pneumo-Typer,14
ERR730421,Pneumo-Typer,12F
ERR730422,Pneumo-Typer,01
ERR730425,Pneumo-Typer,29
ERR730431,Pneumo-Typer,24F
ERR730434,Pneumo-Typer,14
ERR730449,Pneumo-Typer,23B
ERR730470,Pneumo-Typer,34
ERR730474,Pneumo-Typer,06B
ERR730476,Pneumo-Typer,06B
ERR730483,Pneumo-Typer,34
ERR730489,Pneumo-Typer,28F
ERR730495,Pneumo-Typer,05
ERR730511,Pneumo-Typer,01
ERR730512,Pneumo-Typer,01
ERR730522,Pneumo-Typer,06A
ERR730526,Pneumo-Typer,25F
ERR730535,Pneumo-Typer,23F
ERR730537,Pneumo-Typer,06A
ERR730540,Pneumo-Typer,06B
ERR730543,Pneumo-Typer,01
ERR730545,Pneumo-Typer,03
ERR730571,Pneumo-Typer,14
ERR730579,Pneumo-Typer,06A
ERR730592,Pneumo-Typer,01
ERR730593,Pneumo-Typer,06B
ERR730607,Pneumo-Typer,06B
ERR730613,Pneumo-Typer,09N
ERR730621,Pneumo-Typer,19A
ERR730630,Pneumo-Typer,19F
ERR730633,Pneumo-Typer,01
ERR730635,Pneumo-Typer,12F
ERR730638,Pneumo-Typer,06A
ERR730646,Pneumo-Typer,05
ERR730652,Pneumo-Typer,07C
ERR730657,Pneumo-Typer,06B
ERR730663,Pneumo-Typer,06B
ERR730666,Pneumo-Typer,01
ERR730671,Pneumo-Typer,14
ERR730672,Pneumo-Typer,19A
ERR730678,Pneumo-Typer,04
ERR730690,Pneumo-Typer,19A
ERR730693,Pneumo-Typer,23F
ERR730706,Pneumo-Typer,14
ERR730717,Pneumo-Typer,38
ERR730728,Pneumo-Typer,01
ERR730739,Pneumo-Typer,19F
ERR730742,Pneumo-Typer,14
ERR730744,Pneumo-Typer,23F
ERR730746,Pneumo-Typer,09V
ERR730756,Pneumo-Typer,04
ERR730766,Pneumo-Typer,08
ERR730768,Pneumo-Typer,10A
ERR730786,Pneumo-Typer,23F
ERR730798,Pneumo-Typer,23F
ERR730812,Pneumo-Typer,22F
ERR730825,Pneumo-Typer,19F
ERR730839,Pneumo-Typer,19F
ERR730841,Pneumo-Typer,14
ERR730843,Pneumo-Typer,06A
ERR730862,Pneumo-Typer,23B
ERR730868,Pneumo-Typer,23F
ERR730869,Pneumo-Typer,06A
ERR730882,Pneumo-Typer,12F
ERR730904,Pneumo-Typer,06A
ERR730905,Pneumo-Typer,06B
ERR730912,Pneumo-Typer,19F
ERR730915,Pneumo-Typer,06A
ERR730917,Pneumo-Typer,23F
ERR730920,Pneumo-Typer,01
ERR730924,Pneumo-Typer,01
ERR730929,Pneumo-Typer,06A
ERR730931,Pneumo-Typer,14
ERR730939,Pneumo-Typer,06B
ERR730942,Pneumo-Typer,14
ERR730943,Pneumo-Typer,23F
ERR736901,Pneumo-Typer,19F
ERR736909,Pneumo-Typer,10A
ERR736918,Pneumo-Typer,06A
ERR736924,Pneumo-Typer,06A
ERR736925,Pneumo-Typer,06A
ERR736931,Pneumo-Typer,11A
ERR736937,Pneumo-Typer,15A
ERR736940,Pneumo-Typer,35B
ERR742342,Pneumo-Typer,14
ERR742346,Pneumo-Typer,07F
ERR742347,Pneumo-Typer,22F
ERR742350,Pneumo-Typer,18B
ERR742353,Pneumo-Typer,19A
ERR742355,Pneumo-Typer,14
ERR742367,Pneumo-Typer,07F
ERR742378,Pneumo-Typer,01
ERR742379,Pneumo-Typer,15C
ERR742380,Pneumo-Typer,19A
ERR742388,Pneumo-Typer,19A
ERR742389,Pneumo-Typer,19A
ERR742390,Pneumo-Typer,12F
ERR742398,Pneumo-Typer,33F
ERR742402,Pneumo-Typer,07F
ERR742405,Pneumo-Typer,35B
ERR742407,Pneumo-Typer,19A
ERR742408,Pneumo-Typer,38
ERR742412,Pneumo-Typer,33F
ERR742417,Pneumo-Typer,14
ERR742423,Pneumo-Typer,22F
ERR742426,Pneumo-Typer,18C
ERR742427,Pneumo-Typer,19A
ERR742436,Pneumo-Typer,09V
ERR742437,Pneumo-Typer,06B
ERR742438,Pneumo-Typer,23F
ERR742448,Pneumo-Typer,38
ERR742449,Pneumo-Typer,17F
ERR742450,Pneumo-Typer,06A
ERR742453,Pneumo-Typer,06A
ERR742466,Pneumo-Typer,19A
ERR742487,Pneumo-Typer,18B
ERR742493,Pneumo-Typer,14
ERR742497,Pneumo-Typer,38
ERR742499,Pneumo-Typer,19F
ERR742501,Pneumo-Typer,12F
ERR742503,Pneumo-Typer,19A
ERR742504,Pneumo-Typer,19A
ERR742518,Pneumo-Typer,22F
ERR742519,Pneumo-Typer,19A
ERR742525,Pneumo-Typer,01
ERR742530,Pneumo-Typer,09N
ERR742536,Pneumo-Typer,38
ERR742560,Pneumo-Typer,04
ERR742569,Pneumo-Typer,19A
ERR742570,Pneumo-Typer,05
ERR742575,Pneumo-Typer,11A
ERR742586,Pneumo-Typer,35B
ERR742594,Pneumo-Typer,03
ERR742601,Pneumo-Typer,31
ERR742604,Pneumo-Typer,07F
ERR742607,Pneumo-Typer,19A
ERR742613,Pneumo-Typer,03
ERR742615,Pneumo-Typer,19A
ERR742617,Pneumo-Typer,19A
ERR742621,Pneumo-Typer,15B|15C
ERR742622,Pneumo-Typer,19A
ERR742624,Pneumo-Typer,19A
ERR742630,Pneumo-Typer,19A
ERR742638,Pneumo-Typer,19A
ERR742655,Pneumo-Typer,10F
ERR742657,Pneumo-Typer,15A
ERR742671,Pneumo-Typer,05
ERR742672,Pneumo-Typer,05
ERR742676,Pneumo-Typer,14
ERR742677,Pneumo-Typer,06A
ERR742678,Pneumo-Typer,19F
ERR742682,Pneumo-Typer,12F
ERR742684,Pneumo-Typer,07F
ERR742692,Pneumo-Typer,07F
ERR742694,Pneumo-Typer,02
ERR742695,Pneumo-Typer,12F
ERR742704,Pneumo-Typer,06A
ERR742706,Pneumo-Typer,06A
ERR742714,Pneumo-Typer,09V
ERR742719,Pneumo-Typer,14
ERR742721,Pneumo-Typer,23F
ERR742733,Pneumo-Typer,33D
ERR742737,Pneumo-Typer,05
ERR742741,Pneumo-Typer,09L
ERR742747,Pneumo-Typer,14
ERR742750,Pneumo-Typer,23F
ERR742751,Pneumo-Typer,09L
ERR742755,Pneumo-Typer,13
ERR742769,Pneumo-Typer,07C
ERR742773,Pneumo-Typer,05
ERR742777,Pneumo-Typer,29
ERR742778,Pneumo-Typer,04
ERR742790,Pneumo-Typer,14
ERR742791,Pneumo-Typer,14
ERR742795,Pneumo-Typer,04
ERR742804,Pneumo-Typer,06B
ERR742808,Pneumo-Typer,07F
ERR742812,Pneumo-Typer,06B
ERR742824,Pneumo-Typer,05
ERR742827,Pneumo-Typer,09N
ERR742828,Pneumo-Typer,05
ERR742830,Pneumo-Typer,06B
ERR742831,Pneumo-Typer,14
ERR742835,Pneumo-Typer,06B
ERR742866,Pneumo-Typer,07F
ERR750744,Pneumo-Typer,14
ERR750763,Pneumo-Typer,03
ERR750769,Pneumo-Typer,34
ERR750775,Pneumo-Typer,19F
ERR750780,Pneumo-Typer,35C
ERR750784,Pneumo-Typer,04
ERR750786,Pneumo-Typer,28A
ERR750826,Pneumo-Typer,05
ERR750827,Pneumo-Typer,18A
ERR750841,Pneumo-Typer,10F
ERR750849,Pneumo-Typer,25F
ERR750855,Pneumo-Typer,19F
ERR750862,Pneumo-Typer,06A
ERR750866,Pneumo-Typer,19A
ERR750868,Pneumo-Typer,19F
ERR750873,Pneumo-Typer,05
ERR750874,Pneumo-Typer,05
ERR750875,Pneumo-Typer,14
ERR750882,Pneumo-Typer,14
ERR750883,Pneumo-Typer,14
ERR750888,Pneumo-Typer,06C
ERR750901,Pneumo-Typer,29
ERR750903,Pneumo-Typer,12F
ERR750906,Pneumo-Typer,06B
ERR750912,Pneumo-Typer,09V
ERR750934,Pneumo-Typer,19A
ERR750937,Pneumo-Typer,11A
ERR750956,Pneumo-Typer,04
ERR750963,Pneumo-Typer,14
ERR750968,Pneumo-Typer,15A
ERR750971,Pneumo-Typer,03
ERR750977,Pneumo-Typer,15B
ERR750979,Pneumo-Typer,05
ERR750997,Pneumo-Typer,05
ERR751009,Pneumo-Typer,19A
ERR751013,Pneumo-Typer,05
ERR751016,Pneumo-Typer,19F
ERR751024,Pneumo-Typer,05
ERR751029,Pneumo-Typer,05
ERR751038,Pneumo-Typer,07F
ERR751040,Pneumo-Typer,06B
ERR751049,Pneumo-Typer,09N
ERR751050,Pneumo-Typer,14
ERR751055,Pneumo-Typer,06B
ERR751057,Pneumo-Typer,19F
ERR751066,Pneumo-Typer,06A
ERR751068,Pneumo-Typer,14
ERR751073,Pneumo-Typer,05
ERR751075,Pneumo-Typer,06A
ERR751078,Pneumo-Typer,19A
ERR751083,Pneumo-Typer,05
ERR751094,Pneumo-Typer,19F
ERR751095,Pneumo-Typer,06A
ERR751101,Pneumo-Typer,06B
ERR751104,Pneumo-Typer,05
ERR751105,Pneumo-Typer,05
ERR751109,Pneumo-Typer,06A
ERR751121,Pneumo-Typer,33D
ERR751133,Pneumo-Typer,06B
ERR751137,Pneumo-Typer,06B
ERR751140,Pneumo-Typer,12F
ERR751142,Pneumo-Typer,06B
ERR751146,Pneumo-Typer,14
ERR751148,Pneumo-Typer,12F
ERR751154,Pneumo-Typer,05
ERR751157,Pneumo-Typer,09V
ERR751158,Pneumo-Typer,14
ERR751162,Pneumo-Typer,23F
ERR751166,Pneumo-Typer,03
ERR751171,Pneumo-Typer,06B
ERR751172,Pneumo-Typer,06A
ERR751179,Pneumo-Typer,19A
ERR751184,Pneumo-Typer,23F
ERR751187,Pneumo-Typer,06B
ERR751192,Pneumo-Typer,19A
ERR751194,Pneumo-Typer,22F
ERR751195,Pneumo-Typer,06B
ERR7567723,Pneumo-Typer,31
ERR7567728,Pneumo-Typer,12F
ERR7567733,Pneumo-Typer,10A
ERR7567751,Pneumo-Typer,33D
ERR7567770,Pneumo-Typer,15B
ERR7567793,Pneumo-Typer,21
ERR7567800,Pneumo-Typer,12F
ERR7567804,Pneumo-Typer,35B
ERR7567824,Pneumo-Typer,22F
ERR7567840,Pneumo-Typer,08
ERR7567850,Pneumo-Typer,16F
ERR7567856,Pneumo-Typer,19F
ERR7567866,Pneumo-Typer,33D
ERR7567869,Pneumo-Typer,06C
ERR7567871,Pneumo-Typer,35B
ERR7567934,Pneumo-Typer,12F
ERR7567937,Pneumo-Typer,10A
ERR7567959,Pneumo-Typer,08
ERR7567962,Pneumo-Typer,14
ERR7567967,Pneumo-Typer,08
ERR7568020,Pneumo-Typer,09N
ERR7568022,Pneumo-Typer,08
ERR7568046,Pneumo-Typer,08
ERR7568047,Pneumo-Typer,04
ERR7568054,Pneumo-Typer,19F
ERR7568056,Pneumo-Typer,34
ERR7568057,Pneumo-Typer,06B
ERR7568061,Pneumo-Typer,12F
ERR7568065,Pneumo-Typer,08
ERR7568068,Pneumo-Typer,23B
ERR7568077,Pneumo-Typer,10A
ERR7568083,Pneumo-Typer,08
ERR7568089,Pneumo-Typer,15A
ERR7568093,Pneumo-Typer,17F
ERR773830,Pneumo-Typer,14
ERR773835,Pneumo-Typer,14
ERR773847,Pneumo-Typer,19A
ERR773850,Pneumo-Typer,01
ERR773852,Pneumo-Typer,12F
ERR773856,Pneumo-Typer,01
ERR773859,Pneumo-Typer,06A
ERR773862,Pneumo-Typer,01
ERR773865,Pneumo-Typer,01
ERR773867,Pneumo-Typer,22F
ERR773882,Pneumo-Typer,01
ERR773891,Pneumo-Typer,33D
ERR773902,Pneumo-Typer,01
ERR773907,Pneumo-Typer,23F
ERR773913,Pneumo-Typer,14
ERR773915,Pneumo-Typer,01
ERR773919,Pneumo-Typer,06A
ERR773925,Pneumo-Typer,23F
ERR773926,Pneumo-Typer,04
ERR773960,Pneumo-Typer,06B
ERR773963,Pneumo-Typer,06A
ERR773970,Pneumo-Typer,01
ERR773973,Pneumo-Typer,12F
ERR773975,Pneumo-Typer,01
ERR773994,Pneumo-Typer,06B
ERR774004,Pneumo-Typer,23A
ERR774011,Pneumo-Typer,04
ERR774022,Pneumo-Typer,01
ERR774023,Pneumo-Typer,01
ERR774036,Pneumo-Typer,15B
ERR774041,Pneumo-Typer,07C
ERR774042,Pneumo-Typer,10A
ERR774043,Pneumo-Typer,12F
ERR774044,Pneumo-Typer,19A
ERR774045,Pneumo-Typer,35D
ERR774046,Pneumo-Typer,12F
ERR774047,Pneumo-Typer,07C
ERR774058,Pneumo-Typer,11A
ERR774070,Pneumo-Typer,15B
ERR774074,Pneumo-Typer,22F
ERR774075,Pneumo-Typer,01
ERR774079,Pneumo-Typer,35B
ERR774082,Pneumo-Typer,15B
ERR774083,Pneumo-Typer,19A
ERR774097,Pneumo-Typer,08
ERR774105,Pneumo-Typer,06B
ERR774111,Pneumo-Typer,11A
ERR774114,Pneumo-Typer,12F
ERR774116,Pneumo-Typer,35B
ERR774117,Pneumo-Typer,06B
ERR774123,Pneumo-Typer,23F
ERR774127,Pneumo-Typer,19F
ERR774128,Pneumo-Typer,15C
ERR774136,Pneumo-Typer,23B
ERR774143,Pneumo-Typer,09V
ERR774150,Pneumo-Typer,15B
ERR774151,Pneumo-Typer,16F
ERR774152,Pneumo-Typer,08
ERR774159,Pneumo-Typer,08
ERR774162,Pneumo-Typer,28A
ERR774166,Pneumo-Typer,07F
ERR774170,Pneumo-Typer,13
ERR774172,Pneumo-Typer,15A
ERR774174,Pneumo-Typer,33D
ERR774177,Pneumo-Typer,35B
ERR774184,Pneumo-Typer,15C
ERR774190,Pneumo-Typer,31
ERR774195,Pneumo-Typer,19A
ERR774197,Pneumo-Typer,04
ERR774200,Pneumo-Typer,23A
ERR774201,Pneumo-Typer,01
ERR774204,Pneumo-Typer,06B
ERR774205,Pneumo-Typer,15A
ERR774211,Pneumo-Typer,14
ERR774219,Pneumo-Typer,06A
ERR774224,Pneumo-Typer,06B
ERR774225,Pneumo-Typer,09V
ERR774227,Pneumo-Typer,14
ERR774228,Pneumo-Typer,01
ERR774245,Pneumo-Typer,23F
ERR774257,Pneumo-Typer,01
ERR774271,Pneumo-Typer,01
ERR774273,Pneumo-Typer,16F
ERR774275,Pneumo-Typer,14
ERR774279,Pneumo-Typer,17F
ERR774282,Pneumo-Typer,16F
ERR774284,Pneumo-Typer,11A
ERR774288,Pneumo-Typer,01
ERR774298,Pneumo-Typer,16F
ERR774304,Pneumo-Typer,06B
ERR774308,Pneumo-Typer,20
ERR774309,Pneumo-Typer,17F
ERR774310,Pneumo-Typer,34
ERR774312,Pneumo-Typer,15B|15C
ERR774327,Pneumo-Typer,15C
ERR774331,Pneumo-Typer,23F
ERR774335,Pneumo-Typer,19F
ERR774338,Pneumo-Typer,04
ERR774353,Pneumo-Typer,12F
ERR774354,Pneumo-Typer,19F
ERR774355,Pneumo-Typer,38
ERR774359,Pneumo-Typer,08
ERR774369,Pneumo-Typer,01
ERR774373,Pneumo-Typer,01
ERR774376,Pneumo-Typer,01
ERR774480,Pneumo-Typer,12F
ERR774487,Pneumo-Typer,15A
ERR774491,Pneumo-Typer,15B|15C
ERR774505,Pneumo-Typer,35B
ERR774515,Pneumo-Typer,35D
ERR774524,Pneumo-Typer,15B
ERR774530,Pneumo-Typer,17F
ERR774534,Pneumo-Typer,19A
ERR774538,Pneumo-Typer,35A
ERR774552,Pneumo-Typer,29
ERR774564,Pneumo-Typer,15A
ERR774566,Pneumo-Typer,39
ERR774572,Pneumo-Typer,01
ERR774582,Pneumo-Typer,01
ERR774591,Pneumo-Typer,01
ERR774607,Pneumo-Typer,05
ERR774617,Pneumo-Typer,06A
ERR774622,Pneumo-Typer,09V
ERR774625,Pneumo-Typer,01
ERR774630,Pneumo-Typer,19F
ERR774631,Pneumo-Typer,19A
ERR774633,Pneumo-Typer,33D
ERR774644,Pneumo-Typer,01
ERR774646,Pneumo-Typer,01
ERR774647,Pneumo-Typer,06B
ERR774654,Pneumo-Typer,23F
ERR774683,Pneumo-Typer,01
ERR774684,Pneumo-Typer,01
ERR774689,Pneumo-Typer,05
ERR774701,Pneumo-Typer,13
ERR774705,Pneumo-Typer,15B|15C
ERR774714,Pneumo-Typer,06A
ERR774717,Pneumo-Typer,38
ERR774719,Pneumo-Typer,35B
ERR774725,Pneumo-Typer,35B
ERR774728,Pneumo-Typer,23B
ERR845740,Pneumo-Typer,23F
ERR845749,Pneumo-Typer,18C
ERR845751,Pneumo-Typer,14
ERR845754,Pneumo-Typer,07F
ERR845760,Pneumo-Typer,06A
ERR845762,Pneumo-Typer,14
ERR845766,Pneumo-Typer,14
ERR845781,Pneumo-Typer,15C
ERR845786,Pneumo-Typer,02
ERR8481544,Pneumo-Typer,19F
ERR8481546,Pneumo-Typer,13
ERR8481587,Pneumo-Typer,12F
ERR8481666,Pneumo-Typer,19F
ERR8481670,Pneumo-Typer,23F
ERR8481692,Pneumo-Typer,16F
ERR8481706,Pneumo-Typer,35B
ERR8481708,Pneumo-Typer,08
ERR8481730,Pneumo-Typer,21
ERR8481737,Pneumo-Typer,08
ERR8481746,Pneumo-Typer,15B
ERR8481759,Pneumo-Typer,23B
ERR8481776,Pneumo-Typer,08
ERR8481785,Pneumo-Typer,19F
ERR8481786,Pneumo-Typer,15B
ERR8481791,Pneumo-Typer,13
ERR8481794,Pneumo-Typer,38
ERR8481795,Pneumo-Typer,35D
ERR8481807,Pneumo-Typer,15C
ERR8481812,Pneumo-Typer,15A
ERR8481815,Pneumo-Typer,19A
ERR8481817,Pneumo-Typer,31
ERR8481827,Pneumo-Typer,06C
ERR8481832,Pneumo-Typer,07F
ERR8481834,Pneumo-Typer,16F
ERR8481836,Pneumo-Typer,04
ERR8481843,Pneumo-Typer,10A
ERR8481859,Pneumo-Typer,11A
ERR8481873,Pneumo-Typer,15A
ERR8481883,Pneumo-Typer,23B
ERR8481894,Pneumo-Typer,19B
ERR8481905,Pneumo-Typer,24B
ERR862276,Pneumo-Typer,04
ERR862278,Pneumo-Typer,16F
ERR862291,Pneumo-Typer,05
ERR862295,Pneumo-Typer,06A
ERR862296,Pneumo-Typer,05
ERR862299,Pneumo-Typer,05
ERR862311,Pneumo-Typer,23F
ERR862312,Pneumo-Typer,12F
ERR862320,Pneumo-Typer,22A
ERR862324,Pneumo-Typer,13
ERR862326,Pneumo-Typer,19F
ERR862337,Pneumo-Typer,11A
ERR862343,Pneumo-Typer,05
ERR862351,Pneumo-Typer,19F
ERR862371,Pneumo-Typer,10A
ERR862394,Pneumo-Typer,06B
ERR862400,Pneumo-Typer,16F
ERR862402,Pneumo-Typer,21
ERR862414,Pneumo-Typer,06A
ERR862418,Pneumo-Typer,31
ERR862419,Pneumo-Typer,15C
ERR862423,Pneumo-Typer,13
ERR862428,Pneumo-Typer,22A
ERR862429,Pneumo-Typer,19A
ERR862454,Pneumo-Typer,22F
ERR862456,Pneumo-Typer,16F
ERR862469,Pneumo-Typer,18A
ERR862475,Pneumo-Typer,46
ERR862478,Pneumo-Typer,07F
ERR862485,Pneumo-Typer,33F
ERR862486,Pneumo-Typer,06B
ERR862492,Pneumo-Typer,19F
ERR862496,Pneumo-Typer,06B
ERR862498,Pneumo-Typer,06B
ERR862506,Pneumo-Typer,16F
ERR862509,Pneumo-Typer,16F
ERR862510,Pneumo-Typer,18A
ERR862514,Pneumo-Typer,10B
ERR862517,Pneumo-Typer,13
ERR862518,Pneumo-Typer,06B
ERR862525,Pneumo-Typer,23F
ERR862534,Pneumo-Typer,18C
ERR862535,Pneumo-Typer,15A
ERR862542,Pneumo-Typer,07F
ERR869821,Pneumo-Typer,35B
ERR869830,Pneumo-Typer,13
ERR869832,Pneumo-Typer,10B
ERR869833,Pneumo-Typer,09V
ERR869834,Pneumo-Typer,16F
ERR869839,Pneumo-Typer,19B
ERR869842,Pneumo-Typer,20
ERR869843,Pneumo-Typer,15A
ERR869859,Pneumo-Typer,14
ERR869871,Pneumo-Typer,06A
ERR869875,Pneumo-Typer,35B
ERR869894,Pneumo-Typer,06B
ERR869901,Pneumo-Typer,03
ERR869902,Pneumo-Typer,14
ERR869915,Pneumo-Typer,05
ERR869917,Pneumo-Typer,03
ERR869921,Pneumo-Typer,11A
ERR869925,Pneumo-Typer,19F
ERR869932,Pneumo-Typer,19F
ERR869934,Pneumo-Typer,18C
ERR869936,Pneumo-Typer,19A
ERR869937,Pneumo-Typer,23F
ERR869938,Pneumo-Typer,11A
ERR869941,Pneumo-Typer,06B
ERR869945,Pneumo-Typer,16F
ERR869949,Pneumo-Typer,05
ERR869958,Pneumo-Typer,05
ERR869963,Pneumo-Typer,03
ERR869981,Pneumo-Typer,15B|15C
ERR869991,Pneumo-Typer,19F
ERR869996,Pneumo-Typer,34
ERR869997,Pneumo-Typer,10B
ERR870002,Pneumo-Typer,20
ERR870015,Pneumo-Typer,13
ERR870017,Pneumo-Typer,19F
ERR870025,Pneumo-Typer,09V
ERR870027,Pneumo-Typer,10B
ERR870031,Pneumo-Typer,06A
ERR870036,Pneumo-Typer,15B
ERR870059,Pneumo-Typer,05
ERR870061,Pneumo-Typer,35B
ERR870076,Pneumo-Typer,06A
ERR870085,Pneumo-Typer,21
ERR870096,Pneumo-Typer,46
ERR870103,Pneumo-Typer,19B
ERR870106,Pneumo-Typer,05
ERR870107,Pneumo-Typer,01
ERR870108,Pneumo-Typer,06A
ERR870109,Pneumo-Typer,11A
ERR870123,Pneumo-Typer,05
ERR870132,Pneumo-Typer,01
ERR870145,Pneumo-Typer,18C
ERR870146,Pneumo-Typer,23B
ERR870148,Pneumo-Typer,12F
ERR870170,Pneumo-Typer,03
ERR870183,Pneumo-Typer,06A
ERR870196,Pneumo-Typer,17F
ERR870197,Pneumo-Typer,14
ERR870199,Pneumo-Typer,06B
ERR870204,Pneumo-Typer,03
ERR870205,Pneumo-Typer,06B
ERR870209,Pneumo-Typer,24F
ERR870212,Pneumo-Typer,24F
ERR870227,Pneumo-Typer,14
ERR870234,Pneumo-Typer,15B
ERR870236,Pneumo-Typer,12F
ERR870244,Pneumo-Typer,25F
ERR870245,Pneumo-Typer,05
ERR870248,Pneumo-Typer,17F
ERR870263,Pneumo-Typer,11B
ERR870276,Pneumo-Typer,17F
ERR870282,Pneumo-Typer,06A
ERR870284,Pneumo-Typer,01
ERR870285,Pneumo-Typer,23A
ERR870289,Pneumo-Typer,06B
ERR870292,Pneumo-Typer,35B
ERR870293,Pneumo-Typer,19A
ERR870299,Pneumo-Typer,06A
ERR870301,Pneumo-Typer,22A
ERR870309,Pneumo-Typer,28F
ERR870316,Pneumo-Typer,06B
ERR870318,Pneumo-Typer,01
ERR870325,Pneumo-Typer,06B
ERR870326,Pneumo-Typer,01
ERR876432,Pneumo-Typer,14
ERR876443,Pneumo-Typer,14
ERR876457,Pneumo-Typer,14
ERR876461,Pneumo-Typer,14
ERR876465,Pneumo-Typer,14
ERR876467,Pneumo-Typer,33F
ERR876471,Pneumo-Typer,14
ERR876480,Pneumo-Typer,19F
ERR876482,Pneumo-Typer,38
ERR876483,Pneumo-Typer,14
ERR876488,Pneumo-Typer,33F
ERR876492,Pneumo-Typer,19F
ERR876496,Pneumo-Typer,18C
ERR876508,Pneumo-Typer,19A
ERR876509,Pneumo-Typer,12F
ERR876518,Pneumo-Typer,38
ERR876521,Pneumo-Typer,35B
ERR876552,Pneumo-Typer,18C
ERR876573,Pneumo-Typer,01
ERR876578,Pneumo-Typer,14
ERR876590,Pneumo-Typer,06A
ERR876596,Pneumo-Typer,14
ERR876603,Pneumo-Typer,06B
ERR876605,Pneumo-Typer,06B
ERR876606,Pneumo-Typer,14
ERR876609,Pneumo-Typer,23F
ERR876619,Pneumo-Typer,08
ERR876622,Pneumo-Typer,14
ERR876626,Pneumo-Typer,04
ERR876630,Pneumo-Typer,18C
ERR876636,Pneumo-Typer,14
ERR876639,Pneumo-Typer,01
ERR876641,Pneumo-Typer,14
ERR876646,Pneumo-Typer,14
ERR876647,Pneumo-Typer,14
ERR876654,Pneumo-Typer,06B
ERR876657,Pneumo-Typer,15B|15C
ERR876658,Pneumo-Typer,15B|15C
ERR876660,Pneumo-Typer,14
ERR876673,Pneumo-Typer,03
ERR876676,Pneumo-Typer,19F
ERR876678,Pneumo-Typer,06B
ERR876681,Pneumo-Typer,09V
ERR876682,Pneumo-Typer,14
ERR876702,Pneumo-Typer,19F
ERR876704,Pneumo-Typer,17F
ERR876707,Pneumo-Typer,09N
ERR876713,Pneumo-Typer,14
ERR876722,Pneumo-Typer,14
ERR876726,Pneumo-Typer,14
ERR876727,Pneumo-Typer,08
ERR876731,Pneumo-Typer,14
ERR876756,Pneumo-Typer,03
ERR876762,Pneumo-Typer,14
ERR876768,Pneumo-Typer,14
ERR876772,Pneumo-Typer,23F
ERR876774,Pneumo-Typer,23F
ERR876782,Pneumo-Typer,14
ERR876783,Pneumo-Typer,14
ERR876785,Pneumo-Typer,14
ERR876792,Pneumo-Typer,23F
ERR884300,Pneumo-Typer,14
ERR884302,Pneumo-Typer,14
ERR884335,Pneumo-Typer,19F
ERR884339,Pneumo-Typer,03
ERR884340,Pneumo-Typer,07F
ERR884347,Pneumo-Typer,09V
ERR884366,Pneumo-Typer,12F
ERR884372,Pneumo-Typer,14
ERR884382,Pneumo-Typer,19F
ERR884383,Pneumo-Typer,10A
ERR884402,Pneumo-Typer,15B|15C
ERR884403,Pneumo-Typer,19A
ERR884408,Pneumo-Typer,19A
ERR884412,Pneumo-Typer,14
ERR884413,Pneumo-Typer,03
ERR884425,Pneumo-Typer,06B
ERR884429,Pneumo-Typer,19A
ERR884435,Pneumo-Typer,38
ERR884442,Pneumo-Typer,19F
ERR884475,Pneumo-Typer,22F
ERR884479,Pneumo-Typer,19A
ERR884480,Pneumo-Typer,23F
ERR884497,Pneumo-Typer,19F
ERR884499,Pneumo-Typer,18C
ERR884507,Pneumo-Typer,20
ERR884511,Pneumo-Typer,09V
ERR884517,Pneumo-Typer,06A
ERR884520,Pneumo-Typer,05
ERR884541,Pneumo-Typer,07F
ERR884544,Pneumo-Typer,18C
ERR884552,Pneumo-Typer,18C
ERR884554,Pneumo-Typer,04
ERR884556,Pneumo-Typer,06B
ERR884560,Pneumo-Typer,15B
ERR884561,Pneumo-Typer,18C
ERR884564,Pneumo-Typer,18B
ERR884567,Pneumo-Typer,19A
ERR884572,Pneumo-Typer,19A
ERR884573,Pneumo-Typer,14
ERR884574,Pneumo-Typer,19F
ERR884578,Pneumo-Typer,19A
ERR884579,Pneumo-Typer,18B
ERR884581,Pneumo-Typer,03
ERR884586,Pneumo-Typer,06B
ERR884589,Pneumo-Typer,06A|06B
ERR884590,Pneumo-Typer,19A
ERR884594,Pneumo-Typer,15B|15C
ERR884603,Pneumo-Typer,18B
ERR884604,Pneumo-Typer,23F
ERR884613,Pneumo-Typer,19F
ERR884632,Pneumo-Typer,14
ERR884636,Pneumo-Typer,06B
ERR884643,Pneumo-Typer,34
ERR884650,Pneumo-Typer,19A
ERR884668,Pneumo-Typer,19F
ERR884677,Pneumo-Typer,14
ERR884690,Pneumo-Typer,19A
ERR884691,Pneumo-Typer,19F
ERR884694,Pneumo-Typer,19A
ERR900658,Pneumo-Typer,19F
ERR900663,Pneumo-Typer,19F
ERR900677,Pneumo-Typer,06A
ERR900685,Pneumo-Typer,13
ERR900696,Pneumo-Typer,23F
ERR900705,Pneumo-Typer,06B
ERR900712,Pneumo-Typer,23F
ERR900714,Pneumo-Typer,06B
ERR900715,Pneumo-Typer,06A
ERR900718,Pneumo-Typer,23F
ERR900721,Pneumo-Typer,07C
ERR900735,Pneumo-Typer,16F
ERR908857,Pneumo-Typer,07C
ERR908861,Pneumo-Typer,06B
ERR908864,Pneumo-Typer,17F
ERR908874,Pneumo-Typer,06B
ERR908880,Pneumo-Typer,38
ERR908888,Pneumo-Typer,15B
ERR908897,Pneumo-Typer,06A
ERR908898,Pneumo-Typer,15B
ERR908900,Pneumo-Typer,15B|15C
ERR908901,Pneumo-Typer,03
ERR908910,Pneumo-Typer,14
ERR908914,Pneumo-Typer,19F
ERR908925,Pneumo-Typer,34
ERR908928,Pneumo-Typer,23F
ERR908930,Pneumo-Typer,06B
ERR908933,Pneumo-Typer,12B
ERR908939,Pneumo-Typer,34
ERR908941,Pneumo-Typer,06B
ERR908943,Pneumo-Typer,06B
ERR908952,Pneumo-Typer,14
ERR908960,Pneumo-Typer,06A
ERR908962,Pneumo-Typer,03
ERR908970,Pneumo-Typer,18A
ERR908972,Pneumo-Typer,06B
ERR908980,Pneumo-Typer,19F
ERR908983,Pneumo-Typer,13
ERR908989,Pneumo-Typer,34
ERR908992,Pneumo-Typer,06A
ERR909002,Pneumo-Typer,15A
ERR909016,Pneumo-Typer,06B
ERR909030,Pneumo-Typer,34
ERR909034,Pneumo-Typer,34
ERR909037,Pneumo-Typer,20
ERR909038,Pneumo-Typer,34
ERR909048,Pneumo-Typer,06B
ERR909057,Pneumo-Typer,06B
ERR909077,Pneumo-Typer,09V
ERR909083,Pneumo-Typer,09V
ERR909084,Pneumo-Typer,23F
ERR909087,Pneumo-Typer,14
ERR909093,Pneumo-Typer,23F
ERR909108,Pneumo-Typer,19F
ERR909113,Pneumo-Typer,14
ERR909115,Pneumo-Typer,19F
ERR909127,Pneumo-Typer,19F
ERR909141,Pneumo-Typer,13
ERR909155,Pneumo-Typer,09N
ERR909167,Pneumo-Typer,19F
ERR909174,Pneumo-Typer,35B
ERR909183,Pneumo-Typer,15B
ERR909193,Pneumo-Typer,19F
ERR909194,Pneumo-Typer,03
ERR909201,Pneumo-Typer,19F
ERR909202,Pneumo-Typer,19F
ERR909228,Pneumo-Typer,07C
ERR909230,Pneumo-Typer,17F
ERR909235,Pneumo-Typer,19A
ERR909251,Pneumo-Typer,03
ERR909286,Pneumo-Typer,19F
ERR909297,Pneumo-Typer,11A
ERR909301,Pneumo-Typer,19A
ERR909309,Pneumo-Typer,15C
ERR909314,Pneumo-Typer,21
ERR909318,Pneumo-Typer,07C
ERR913059,Pneumo-Typer,23F
ERR913073,Pneumo-Typer,35B
ERR913081,Pneumo-Typer,23F
ERR913086,Pneumo-Typer,34
ERR913088,Pneumo-Typer,15B
ERR913090,Pneumo-Typer,19A
ERR913094,Pneumo-Typer,34
ERR913101,Pneumo-Typer,23F
ERR913115,Pneumo-Typer,16F
ERR913126,Pneumo-Typer,16F
ERR913131,Pneumo-Typer,19F
ERR913136,Pneumo-Typer,06B
ERR913137,Pneumo-Typer,13
ERR913138,Pneumo-Typer,06B
ERR913139,Pneumo-Typer,19A
ERR913142,Pneumo-Typer,06A
ERR913175,Pneumo-Typer,34
ERR913176,Pneumo-Typer,23B
ERR913185,Pneumo-Typer,19A
ERR913194,Pneumo-Typer,15A
ERR913195,Pneumo-Typer,19A
ERR913205,Pneumo-Typer,06A
ERR913209,Pneumo-Typer,01
ERR913212,Pneumo-Typer,25F
ERR913214,Pneumo-Typer,19A
ERR913215,Pneumo-Typer,09L
ERR913219,Pneumo-Typer,23B
ERR913221,Pneumo-Typer,23F
ERR913232,Pneumo-Typer,19A
ERR913248,Pneumo-Typer,14
ERR913249,Pneumo-Typer,01
ERR913257,Pneumo-Typer,01
ERR913265,Pneumo-Typer,16F
ERR913267,Pneumo-Typer,14
ERR913280,Pneumo-Typer,19A
ERR913281,Pneumo-Typer,19A
ERR913289,Pneumo-Typer,06B
ERR913301,Pneumo-Typer,13
ERR913302,Pneumo-Typer,19A
ERR913306,Pneumo-Typer,15B
ERR913322,Pneumo-Typer,19A
ERR913335,Pneumo-Typer,19A
ERR913339,Pneumo-Typer,23B
ERR913344,Pneumo-Typer,18A
ERR913345,Pneumo-Typer,15B
ERR913352,Pneumo-Typer,19A
ERR913367,Pneumo-Typer,11A
ERR913370,Pneumo-Typer,28F
ERR913373,Pneumo-Typer,01
ERR913387,Pneumo-Typer,34
ERR913390,Pneumo-Typer,11A
ERR913393,Pneumo-Typer,34
ERR913394,Pneumo-Typer,23B
ERR913400,Pneumo-Typer,21
ERR913410,Pneumo-Typer,13
ERR913424,Pneumo-Typer,05
ERR913426,Pneumo-Typer,06A
ERR913431,Pneumo-Typer,15A
ERR913438,Pneumo-Typer,15B
ERR913441,Pneumo-Typer,15B
ERR913443,Pneumo-Typer,34
ERR913461,Pneumo-Typer,18A
ERR913473,Pneumo-Typer,16F
ERR913485,Pneumo-Typer,04
ERR913491,Pneumo-Typer,13
ERR913502,Pneumo-Typer,23F
ERR913514,Pneumo-Typer,14
ERR913520,Pneumo-Typer,07C
ERR913524,Pneumo-Typer,23B
ERR913525,Pneumo-Typer,23F
ERR913528,Pneumo-Typer,11A
ERR913535,Pneumo-Typer,06B
ERR913563,Pneumo-Typer,15B|15C
ERR925028,Pneumo-Typer,38
ERR925029,Pneumo-Typer,23B
ERR925030,Pneumo-Typer,18C
ERR925032,Pneumo-Typer,19F
ERR925053,Pneumo-Typer,06B
ERR925054,Pneumo-Typer,09V
ERR925059,Pneumo-Typer,05
ERR925061,Pneumo-Typer,19F
ERR925064,Pneumo-Typer,23F
ERR925065,Pneumo-Typer,09V
ERR925074,Pneumo-Typer,06B
ERR925084,Pneumo-Typer,23F
ERR925087,Pneumo-Typer,23F
ERR925096,Pneumo-Typer,09V
ERR925101,Pneumo-Typer,23B
ERR925127,Pneumo-Typer,05
ERR925129,Pneumo-Typer,21
ERR925130,Pneumo-Typer,15B
ERR925143,Pneumo-Typer,15A
ERR925147,Pneumo-Typer,35A
ERR925153,Pneumo-Typer,34
ERR925163,Pneumo-Typer,19F
ERR925164,Pneumo-Typer,23F
ERR925168,Pneumo-Typer,38
ERR925178,Pneumo-Typer,13
ERR925181,Pneumo-Typer,23B
ERR925195,Pneumo-Typer,21
ERR925198,Pneumo-Typer,15B
ERR925218,Pneumo-Typer,15C
ERR925230,Pneumo-Typer,19A
ERR925239,Pneumo-Typer,03
ERR925254,Pneumo-Typer,13
ERR925261,Pneumo-Typer,19B
ERR925266,Pneumo-Typer,15B|15C
ERR925271,Pneumo-Typer,35B
ERR925273,Pneumo-Typer,34
ERR925289,Pneumo-Typer,16F
ERR925293,Pneumo-Typer,13
ERR925298,Pneumo-Typer,35F
ERR925301,Pneumo-Typer,16F
ERR925305,Pneumo-Typer,23F
ERR925307,Pneumo-Typer,15B|15C
ERR925313,Pneumo-Typer,19B
ERR925327,Pneumo-Typer,34
ERR925331,Pneumo-Typer,16F
ERR925333,Pneumo-Typer,06A
ERR925335,Pneumo-Typer,15B
ERR925341,Pneumo-Typer,17F
ERR925353,Pneumo-Typer,19F
ERR925355,Pneumo-Typer,06B
ERR925357,Pneumo-Typer,23F
ERR925366,Pneumo-Typer,07C
ERR925369,Pneumo-Typer,19F
ERR925381,Pneumo-Typer,15A
ERR925383,Pneumo-Typer,10A
ERR925389,Pneumo-Typer,35B
ERR956279,Pneumo-Typer,04
ERR956282,Pneumo-Typer,19F
ERR956290,Pneumo-Typer,15A
ERR956311,Pneumo-Typer,06B
ERR9796471,Pneumo-Typer,24F
ERR9796482,Pneumo-Typer,19A
ERR9796509,Pneumo-Typer,19A
ERR9796512,Pneumo-Typer,35F
ERR9796528,Pneumo-Typer,15B
ERR9796529,Pneumo-Typer,34
ERR9796530,Pneumo-Typer,11A
ERR9796538,Pneumo-Typer,34
ERR9796539,Pneumo-Typer,19A
ERR979885,Pneumo-Typer,14
ERR979892,Pneumo-Typer,01
ERR979902,Pneumo-Typer,01
ERR979904,Pneumo-Typer,01
ERR979906,Pneumo-Typer,14
ERR979912,Pneumo-Typer,05
ERR979920,Pneumo-Typer,01
ERR979922,Pneumo-Typer,01
ERR979923,Pneumo-Typer,01
ERR979935,Pneumo-Typer,33B
ERR979945,Pneumo-Typer,35B
ERR979949,Pneumo-Typer,33A|33B|33F|37
ERR979952,Pneumo-Typer,11A
ERR979955,Pneumo-Typer,19F
ERR979956,Pneumo-Typer,35B
ERR979962,Pneumo-Typer,35F
ERR979969,Pneumo-Typer,06A
ERR979984,Pneumo-Typer,06C
ERR979986,Pneumo-Typer,35B
ERR979987,Pneumo-Typer,23F
ERR980004,Pneumo-Typer,24A
ERR980008,Pneumo-Typer,06D
ERR980013,Pneumo-Typer,19F
ERR980018,Pneumo-Typer,15C
ERR980030,Pneumo-Typer,14
ERR980039,Pneumo-Typer,02
ERR980044,Pneumo-Typer,23F
ERR980045,Pneumo-Typer,09V
ERR980049,Pneumo-Typer,10A
ERR980051,Pneumo-Typer,35A
ERR980054,Pneumo-Typer,09V
ERR980062,Pneumo-Typer,06A
ERR980073,Pneumo-Typer,14
ERR980074,Pneumo-Typer,14
ERR980075,Pneumo-Typer,19A
ERR980076,Pneumo-Typer,15B
ERR980077,Pneumo-Typer,06D
ERR980081,Pneumo-Typer,11A
ERR980090,Pneumo-Typer,14
ERR980099,Pneumo-Typer,13
ERR980101,Pneumo-Typer,14
ERR980107,Pneumo-Typer,06C
ERR980112,Pneumo-Typer,14
ERR980128,Pneumo-Typer,34
ERR980183,Pneumo-Typer,10A
ERR980189,Pneumo-Typer,06D
ERR980201,Pneumo-Typer,06B
ERR980217,Pneumo-Typer,23B
ERR980218,Pneumo-Typer,14
ERR980220,Pneumo-Typer,01
ERR980224,Pneumo-Typer,33F
ERR980228,Pneumo-Typer,21
ERR980233,Pneumo-Typer,34
ERR980238,Pneumo-Typer,19F
ERR980240,Pneumo-Typer,19F
ERR980247,Pneumo-Typer,07C
ERR980251,Pneumo-Typer,34
ERR980263,Pneumo-Typer,20
ERR980288,Pneumo-Typer,15C
ERR980292,Pneumo-Typer,21
ERR980301,Pneumo-Typer,06A
ERR980306,Pneumo-Typer,09L
ERR980307,Pneumo-Typer,03
ERR980311,Pneumo-Typer,06A
ERR980312,Pneumo-Typer,19F
ERR980332,Pneumo-Typer,06A
ERR980342,Pneumo-Typer,09V
ERR980349,Pneumo-Typer,06D
ERR984249,Pneumo-Typer,48
ERR984250,Pneumo-Typer,35F
ERR984255,Pneumo-Typer,11B
ERR984258,Pneumo-Typer,06B
ERR984262,Pneumo-Typer,06A
ERR984272,Pneumo-Typer,15B
ERR984293,Pneumo-Typer,34
ERR984295,Pneumo-Typer,23F
ERR984296,Pneumo-Typer,34
ERR997469,Pneumo-Typer,06A
ERR997488,Pneumo-Typer,10A
ERR997492,Pneumo-Typer,15B
ERR997504,Pneumo-Typer,34
ERR997506,Pneumo-Typer,21
ERR997509,Pneumo-Typer,35B
ERR997517,Pneumo-Typer,19A
ERR997526,Pneumo-Typer,21
ERR997528,Pneumo-Typer,04
ERR997534,Pneumo-Typer,06B
ERR997535,Pneumo-Typer,14
ERR997538,Pneumo-Typer,13
ERR997553,Pneumo-Typer,20
ERR997556,Pneumo-Typer,10A
ERR997571,Pneumo-Typer,16F
ERR997572,Pneumo-Typer,22A
ERR997577,Pneumo-Typer,23B
ERR997619,Pneumo-Typer,15B
ERR997626,Pneumo-Typer,06A
ERR997661,Pneumo-Typer,35B
ERR997663,Pneumo-Typer,14
ERR997675,Pneumo-Typer,17F
ERR997690,Pneumo-Typer,06B
ERR997693,Pneumo-Typer,06A
ERR9990854,Pneumo-Typer,16F
SRR26594163,Pneumo-Typer,15A
SRR26594172,Pneumo-Typer,17F
SRR26594176,Pneumo-Typer,08
SRR26594179,Pneumo-Typer,19A
SRR26594185,Pneumo-Typer,07F
SRR26594188,Pneumo-Typer,03
SRR26594190,Pneumo-Typer,10A
SRR26594199,Pneumo-Typer,03
SRR26594202,Pneumo-Typer,23B
SRR26594219,Pneumo-Typer,09N
SRR26594234,Pneumo-Typer,17F
SRR26594241,Pneumo-Typer,23B
SRR26594248,Pneumo-Typer,23A
SRR26594250,Pneumo-Typer,22F
SRR26594254,Pneumo-Typer,07C
SRR26594256,Pneumo-Typer,12F
SRR26594262,Pneumo-Typer,08
SRR26594263,Pneumo-Typer,20
SRR26594267,Pneumo-Typer,08
SRR26594272,Pneumo-Typer,03
SRR26594277,Pneumo-Typer,12F
SRR26594279,Pneumo-Typer,09V
SRR26594288,Pneumo-Typer,03
SRR26594294,Pneumo-Typer,19F
SRR26594297,Pneumo-Typer,23A
SRR26594305,Pneumo-Typer,12F
SRR26594310,Pneumo-Typer,19A
SRR26594339,Pneumo-Typer,08
SRR26594354,Pneumo-Typer,10A
SRR26594360,Pneumo-Typer,12F
SRR26594361,Pneumo-Typer,20
SRR26594362,Pneumo-Typer,08
SRR26594364,Pneumo-Typer,24B
SRR26594372,Pneumo-Typer,08
SRR26594380,Pneumo-Typer,33F
SRR26594383,Pneumo-Typer,09N
SRR26594403,Pneumo-Typer,03
SRR26594404,Pneumo-Typer,12F
SRR26594407,Pneumo-Typer,15A
SRR26594408,Pneumo-Typer,15B|15C
SRR26594413,Pneumo-Typer,12F
SRR26594423,Pneumo-Typer,33F
SRR26594427,Pneumo-Typer,10A
SRR26594441,Pneumo-Typer,11A
SRR26594442,Pneumo-Typer,24B
SRR26594446,Pneumo-Typer,09N
SRR26594450,Pneumo-Typer,12F
SRR26594462,Pneumo-Typer,12F
SRR26594466,Pneumo-Typer,33F
SRR26594467,Pneumo-Typer,15B
SRR26594473,Pneumo-Typer,12F
SRR26594474,Pneumo-Typer,08
SRR26594476,Pneumo-Typer,03
SRR26594478,Pneumo-Typer,09N
SRR26594492,Pneumo-Typer,07C
SRR26594505,Pneumo-Typer,35D
SRR26594507,Pneumo-Typer,12F
SRR26594508,Pneumo-Typer,15A
SRR26594510,Pneumo-Typer,08
SRR26594516,Pneumo-Typer,08
SRR26594518,Pneumo-Typer,12F
SRR26594527,Pneumo-Typer,19A
SRR26594528,Pneumo-Typer,10A
SRR26594545,Pneumo-Typer,22F
SRR26594547,Pneumo-Typer,08
SRR26594553,Pneumo-Typer,03
SRR26594555,Pneumo-Typer,19A
SRR26594566,Pneumo-Typer,33F
SRR26594596,Pneumo-Typer,10A
SRR26594597,Pneumo-Typer,19A
SRR26594624,Pneumo-Typer,03
SRR26594626,Pneumo-Typer,10A
SRR26594627,Pneumo-Typer,20
SRR26594637,Pneumo-Typer,08
SRR26594659,Pneumo-Typer,19A
SRR26594661,Pneumo-Typer,09N
SRR26594667,Pneumo-Typer,12F
SRR26594679,Pneumo-Typer,19F
SRR26594685,Pneumo-Typer,22F
SRR26594691,Pneumo-Typer,03
SRR26594699,Pneumo-Typer,19A
SRR26594701,Pneumo-Typer,31
SRR26594712,Pneumo-Typer,08
SRR26594717,Pneumo-Typer,12F
SRR26594722,Pneumo-Typer,20
SRR26594723,Pneumo-Typer,12F
SRR26594729,Pneumo-Typer,22F
SRR26594730,Pneumo-Typer,35B
SRR26594732,Pneumo-Typer,12F
SRR26594738,Pneumo-Typer,38
SRR26594742,Pneumo-Typer,22F
SRR26594745,Pneumo-Typer,11A
SRR26594751,Pneumo-Typer,22F
SRR26594758,Pneumo-Typer,11A
SRR26594760,Pneumo-Typer,23A
SRR26594764,Pneumo-Typer,33F
SRR26594765,Pneumo-Typer,12F
SRR26594780,Pneumo-Typer,08
SRR26594790,Pneumo-Typer,33F
SRR26594791,Pneumo-Typer,21
SRR26594796,Pneumo-Typer,33F
SRR26594799,Pneumo-Typer,08
SRR26594808,Pneumo-Typer,03
SRR26594812,Pneumo-Typer,08
SRR26594814,Pneumo-Typer,08
SRR26594822,Pneumo-Typer,15B
SRR26594824,Pneumo-Typer,12F
SRR26594849,Pneumo-Typer,07F
SRR26594850,Pneumo-Typer,15A
SRR26594851,Pneumo-Typer,10A
SRR26594854,Pneumo-Typer,09N
SRR26594861,Pneumo-Typer,16F
SRR26594874,Pneumo-Typer,15B
SRR26594886,Pneumo-Typer,08
SRR26594899,Pneumo-Typer,08
SRR26594900,Pneumo-Typer,08
SRR26594904,Pneumo-Typer,08
SRR26594906,Pneumo-Typer,22F
SRR26594908,Pneumo-Typer,33F
SRR26594913,Pneumo-Typer,13
SRR26594915,Pneumo-Typer,06C
SRR26594924,Pneumo-Typer,10A
SRR26594937,Pneumo-Typer,10A
SRR26594938,Pneumo-Typer,06C
SRR26594941,Pneumo-Typer,12F
SRR26594942,Pneumo-Typer,17F
SRR26594982,Pneumo-Typer,23A
SRR26594987,Pneumo-Typer,09N
SRR26594994,Pneumo-Typer,08
SRR26594995,Pneumo-Typer,08
SRR26594999,Pneumo-Typer,03
SRR26595002,Pneumo-Typer,33F
SRR26595007,Pneumo-Typer,08
SRR26595018,Pneumo-Typer,07C
SRR26595021,Pneumo-Typer,10A
SRR26595031,Pneumo-Typer,12F
SRR26595035,Pneumo-Typer,15A
SRR26595036,Pneumo-Typer,08
SRR26595042,Pneumo-Typer,08
SRR26595045,Pneumo-Typer,08
SRR26595049,Pneumo-Typer,08
SRR26595061,Pneumo-Typer,08
SRR26595063,Pneumo-Typer,19A
SRR26595064,Pneumo-Typer,03
SRR26595071,Pneumo-Typer,38
SRR26595093,Pneumo-Typer,10A
SRR26595096,Pneumo-Typer,35B
SRR26595109,Pneumo-Typer,12F
SRR26595148,Pneumo-Typer,08
SRR26595149,Pneumo-Typer,08
SRR26672749,Pneumo-Typer,10A
SRR26672755,Pneumo-Typer,08
SRR26672757,Pneumo-Typer,12F
SRR26672759,Pneumo-Typer,23A
SRR26672763,Pneumo-Typer,22F
SRR26672778,Pneumo-Typer,08
SRR26672783,Pneumo-Typer,19A
SRR26672784,Pneumo-Typer,33F
SRR26672785,Pneumo-Typer,22F
SRR26672794,Pneumo-Typer,08
SRR26672801,Pneumo-Typer,03
SRR26672808,Pneumo-Typer,09N
SRR26672819,Pneumo-Typer,22F
SRR26672833,Pneumo-Typer,15B
SRR26672834,Pneumo-Typer,03
SRR26672836,Pneumo-Typer,12F
SRR26672840,Pneumo-Typer,19A
SRR26672848,Pneumo-Typer,03
SRR26672856,Pneumo-Typer,17F
SRR26672865,Pneumo-Typer,12F
SRR26672866,Pneumo-Typer,10A
SRR26672870,Pneumo-Typer,08
SRR26672875,Pneumo-Typer,09N
SRR26672877,Pneumo-Typer,15A
SRR26672881,Pneumo-Typer,03
SRR26672883,Pneumo-Typer,22F
SRR26672885,Pneumo-Typer,09N
SRR26672892,Pneumo-Typer,08
SRR26672894,Pneumo-Typer,35F
SRR26672897,Pneumo-Typer,03
SRR26672901,Pneumo-Typer,12F
SRR26672907,Pneumo-Typer,08
SRR26672914,Pneumo-Typer,33F
SRR26672915,Pneumo-Typer,23B
SRR26672921,Pneumo-Typer,16F
SRR26672934,Pneumo-Typer,12F
SRR26672944,Pneumo-Typer,22F
SRR26672946,Pneumo-Typer,22F
SRR26672952,Pneumo-Typer,19A
SRR26672957,Pneumo-Typer,08
SRR26672958,Pneumo-Typer,22F
SRR26672961,Pneumo-Typer,03
SRR26672963,Pneumo-Typer,15A
SRR26672965,Pneumo-Typer,33F
SRR26672966,Pneumo-Typer,33B
SRR26672976,Pneumo-Typer,12F
SRR26672995,Pneumo-Typer,08
SRR26672999,Pneumo-Typer,11A
SRR26673001,Pneumo-Typer,22F
SRR26673011,Pneumo-Typer,15A
SRR26673015,Pneumo-Typer,08
SRR26673027,Pneumo-Typer,33F
SRR26673034,Pneumo-Typer,16F
SRR26673051,Pneumo-Typer,11A
SRR26673054,Pneumo-Typer,22F
SRR26673062,Pneumo-Typer,09N
SRR26673081,Pneumo-Typer,12F
SRR26673087,Pneumo-Typer,33F
SRR26673090,Pneumo-Typer,12F
SRR26673099,Pneumo-Typer,22F
SRR26673100,Pneumo-Typer,08
SRR26673106,Pneumo-Typer,31
SRR26673107,Pneumo-Typer,07C
SRR26673110,Pneumo-Typer,33F
SRR26673112,Pneumo-Typer,22F
SRR26673121,Pneumo-Typer,08
SRR26673122,Pneumo-Typer,03
SRR26673131,Pneumo-Typer,08
SRR26673134,Pneumo-Typer,33F
SRR26673142,Pneumo-Typer,17F
SRR26673143,Pneumo-Typer,03
SRR26673144,Pneumo-Typer,08
SRR26673145,Pneumo-Typer,33F
SRR26673163,Pneumo-Typer,12F
SRR26673168,Pneumo-Typer,16F
SRR26673175,Pneumo-Typer,15A
SRR26673179,Pneumo-Typer,33F
SRR26673181,Pneumo-Typer,08
SRR26673182,Pneumo-Typer,03
SRR26673184,Pneumo-Typer,03
SRR26673185,Pneumo-Typer,08
SRR26673189,Pneumo-Typer,10A
SRR26673191,Pneumo-Typer,09N
SRR26673192,Pneumo-Typer,08
SRR26673196,Pneumo-Typer,22F
SRR26673219,Pneumo-Typer,08
SRR26673231,Pneumo-Typer,22F
SRR26673239,Pneumo-Typer,03
SRR26673248,Pneumo-Typer,03
SRR26673251,Pneumo-Typer,22F
SRR26673266,Pneumo-Typer,11A
SRR26673270,Pneumo-Typer,12F
SRR26673271,Pneumo-Typer,15B|15C
SRR26673277,Pneumo-Typer,08
SRR26673287,Pneumo-Typer,08
SRR26673292,Pneumo-Typer,22F
SRR26673294,Pneumo-Typer,22F
SRR26673298,Pneumo-Typer,22F
SRR26673303,Pneumo-Typer,08
SRR26673310,Pneumo-Typer,09N
SRR26673311,Pneumo-Typer,08
SRR26673320,Pneumo-Typer,16F
SRR26673331,Pneumo-Typer,19A
SRR26673336,Pneumo-Typer,08
SRR26673337,Pneumo-Typer,22F
SRR26673339,Pneumo-Typer,10A
SRR26673371,Pneumo-Typer,10A
SRR26673390,Pneumo-Typer,08
SRR26673391,Pneumo-Typer,08
SRR26673395,Pneumo-Typer,12B
SRR26673402,Pneumo-Typer,12F
SRR26673417,Pneumo-Typer,03
SRR26673424,Pneumo-Typer,12F
SRR26673431,Pneumo-Typer,22F
SRR26673433,Pneumo-Typer,03
SRR26673438,Pneumo-Typer,19A
SRR26673448,Pneumo-Typer,35B
SRR26673451,Pneumo-Typer,11A
SRR26673459,Pneumo-Typer,08
SRR26673466,Pneumo-Typer,08
SRR26673469,Pneumo-Typer,03
SRR26673473,Pneumo-Typer,15A
SRR26673485,Pneumo-Typer,03
SRR26673487,Pneumo-Typer,07C
SRR26673490,Pneumo-Typer,08
SRR26673498,Pneumo-Typer,08
SRR26673504,Pneumo-Typer,22F
SRR26673512,Pneumo-Typer,19A
SRR26673516,Pneumo-Typer,23A
SRR26673521,Pneumo-Typer,08
SRR26673524,Pneumo-Typer,08
SRR26673526,Pneumo-Typer,22F
SRR26673527,Pneumo-Typer,08
SRR26673535,Pneumo-Typer,12F
SRR26673548,Pneumo-Typer,08
SRR26673551,Pneumo-Typer,22F
SRR26673552,Pneumo-Typer,35B
SRR26673556,Pneumo-Typer,22F
SRR26673561,Pneumo-Typer,12F
SRR26673564,Pneumo-Typer,23B
SRR26673565,Pneumo-Typer,08
SRR26673573,Pneumo-Typer,12F
SRR26673574,Pneumo-Typer,09N
SRR26673576,Pneumo-Typer,29
SRR26673581,Pneumo-Typer,08
SRR26673586,Pneumo-Typer,24B
SRR26673588,Pneumo-Typer,19A
SRR26673591,Pneumo-Typer,16F
SRR26673592,Pneumo-Typer,08
SRR26673600,Pneumo-Typer,12F
SRR26673622,Pneumo-Typer,33F
SRR26673627,Pneumo-Typer,15A
SRR26673637,Pneumo-Typer,24B
SRR26673638,Pneumo-Typer,20
SRR26673651,Pneumo-Typer,08
SRR26673654,Pneumo-Typer,08
SRR26673667,Pneumo-Typer,08
SRR26673672,Pneumo-Typer,12F
SRR26673674,Pneumo-Typer,12F
SRR26673679,Pneumo-Typer,22F
SRR26673680,Pneumo-Typer,03
SRR26673685,Pneumo-Typer,12F
SRR26673687,Pneumo-Typer,35B
SRR26673689,Pneumo-Typer,19A
SRR26673698,Pneumo-Typer,15A
SRR26673700,Pneumo-Typer,33F
SRR26673701,Pneumo-Typer,03
SRR26673702,Pneumo-Typer,23A
SRR26673713,Pneumo-Typer,20
SRR26673714,Pneumo-Typer,33F
SRR26673727,Pneumo-Typer,22F
SRR26673729,Pneumo-Typer,09N
SRR26673731,Pneumo-Typer,15B|15C
SRR26673737,Pneumo-Typer,08
SRR26673740,Pneumo-Typer,20
SRR26673742,Pneumo-Typer,22F
SRR26673744,Pneumo-Typer,03
SRR26714069,Pneumo-Typer,08
SRR26714071,Pneumo-Typer,19F
SRR26714074,Pneumo-Typer,08
SRR26714077,Pneumo-Typer,22F
SRR26714078,Pneumo-Typer,08
SRR26714087,Pneumo-Typer,12F
SRR26714093,Pneumo-Typer,08
SRR26714094,Pneumo-Typer,03
SRR26714099,Pneumo-Typer,12F
SRR26714119,Pneumo-Typer,08
SRR26714121,Pneumo-Typer,24B
SRR26714122,Pneumo-Typer,23A
SRR26714125,Pneumo-Typer,09N
SRR26714143,Pneumo-Typer,08
SRR26714148,Pneumo-Typer,07C
SRR26714152,Pneumo-Typer,12F
SRR26714160,Pneumo-Typer,15A
SRR26714169,Pneumo-Typer,08
SRR26714173,Pneumo-Typer,24B
SRR26714180,Pneumo-Typer,19A
SRR26714186,Pneumo-Typer,08
SRR26714202,Pneumo-Typer,24B
SRR26714206,Pneumo-Typer,03
SRR26714215,Pneumo-Typer,17F
SRR26714217,Pneumo-Typer,19A
SRR26714220,Pneumo-Typer,08
SRR26714226,Pneumo-Typer,04
SRR26714232,Pneumo-Typer,33F
SRR26714233,Pneumo-Typer,15A
SRR26714237,Pneumo-Typer,11A
SRR26714240,Pneumo-Typer,23A
SRR26714249,Pneumo-Typer,15A
SRR26714253,Pneumo-Typer,19A
SRR26714255,Pneumo-Typer,03
SRR26714256,Pneumo-Typer,35B
SRR26714258,Pneumo-Typer,09N
SRR26714278,Pneumo-Typer,08
SRR26714279,Pneumo-Typer,19A
SRR26714293,Pneumo-Typer,08
SRR26714302,Pneumo-Typer,15A
SRR26714307,Pneumo-Typer,15A
SRR26714308,Pneumo-Typer,19A
SRR26714312,Pneumo-Typer,12F
SRR26714330,Pneumo-Typer,08
SRR26714347,Pneumo-Typer,12F
SRR26714351,Pneumo-Typer,12F
SRR26714361,Pneumo-Typer,12F
SRR26714367,Pneumo-Typer,24B
SRR26714372,Pneumo-Typer,15A
SRR26714377,Pneumo-Typer,08
SRR26714385,Pneumo-Typer,08
SRR26714389,Pneumo-Typer,09N
SRR26714398,Pneumo-Typer,22F
SRR26714408,Pneumo-Typer,22F
SRR26714420,Pneumo-Typer,03
SRR26714422,Pneumo-Typer,08
SRR26714426,Pneumo-Typer,22F
SRR26714438,Pneumo-Typer,15A
SRR26714439,Pneumo-Typer,07C
SRR26714449,Pneumo-Typer,09N
SRR26714469,Pneumo-Typer,08
SRR26714470,Pneumo-Typer,09N
SRR26714485,Pneumo-Typer,16F
SRR26714490,Pneumo-Typer,12F
SRR26714500,Pneumo-Typer,03
SRR26714503,Pneumo-Typer,08
SRR26714517,Pneumo-Typer,03
SRR26714535,Pneumo-Typer,08
SRR26714544,Pneumo-Typer,19F
SRR26714546,Pneumo-Typer,33F
SRR26714548,Pneumo-Typer,19A
SRR26714550,Pneumo-Typer,22F
SRR26714554,Pneumo-Typer,08
SRR26714555,Pneumo-Typer,19F
SRR26714572,Pneumo-Typer,35B
SRR26714573,Pneumo-Typer,15B|15C
SRR26714574,Pneumo-Typer,08
SRR26714575,Pneumo-Typer,09N
SRR26714581,Pneumo-Typer,08
SRR26714586,Pneumo-Typer,38
SRR26714587,Pneumo-Typer,12F
SRR26714590,Pneumo-Typer,19A
SRR26714596,Pneumo-Typer,15A
SRR26714604,Pneumo-Typer,19F
SRR26714618,Pneumo-Typer,10A
SRR26714622,Pneumo-Typer,12F
SRR26714626,Pneumo-Typer,03
SRR26714627,Pneumo-Typer,12F
SRR26714642,Pneumo-Typer,08
SRR26714648,Pneumo-Typer,12F
SRR26714657,Pneumo-Typer,22F
SRR26714660,Pneumo-Typer,03
SRR26714670,Pneumo-Typer,08
SRR26714674,Pneumo-Typer,03
SRR26714678,Pneumo-Typer,23B
SRR26714679,Pneumo-Typer,06C
SRR26714685,Pneumo-Typer,03
SRR26714688,Pneumo-Typer,19F
SRR26714689,Pneumo-Typer,08
SRR26714694,Pneumo-Typer,09N
SRR26714712,Pneumo-Typer,08
SRR26714714,Pneumo-Typer,22F
SRR26714718,Pneumo-Typer,11A
SRR26714733,Pneumo-Typer,03
SRR26714737,Pneumo-Typer,08
SRR26714742,Pneumo-Typer,08
SRR26714745,Pneumo-Typer,12B
SRR26714750,Pneumo-Typer,15A
SRR26714756,Pneumo-Typer,08
SRR26714757,Pneumo-Typer,08
SRR26714770,Pneumo-Typer,08
SRR26714775,Pneumo-Typer,22F
SRR26714780,Pneumo-Typer,23B
SRR26714795,Pneumo-Typer,03
SRR26714801,Pneumo-Typer,11A
SRR26714808,Pneumo-Typer,08
SRR26714809,Pneumo-Typer,31
SRR26714819,Pneumo-Typer,33F
SRR26714821,Pneumo-Typer,22F
SRR26714822,Pneumo-Typer,15B|15C
SRR26714828,Pneumo-Typer,08
SRR26714834,Pneumo-Typer,08
SRR26714838,Pneumo-Typer,03
SRR26714841,Pneumo-Typer,20
SRR26714847,Pneumo-Typer,09N
SRR26714849,Pneumo-Typer,08
SRR26714853,Pneumo-Typer,22F
SRR26714870,Pneumo-Typer,09N
SRR26714876,Pneumo-Typer,22F
SRR26714879,Pneumo-Typer,07C
SRR26714882,Pneumo-Typer,20
SRR26714897,Pneumo-Typer,09N
SRR26714904,Pneumo-Typer,10A
SRR26714907,Pneumo-Typer,22F
SRR26714908,Pneumo-Typer,08
SRR26714909,Pneumo-Typer,33F
SRR26714910,Pneumo-Typer,01
SRR26714915,Pneumo-Typer,08
SRR26714921,Pneumo-Typer,07C
SRR26714922,Pneumo-Typer,12F
SRR26714929,Pneumo-Typer,08
SRR26714945,Pneumo-Typer,10A
SRR26714954,Pneumo-Typer,12F
SRR26714959,Pneumo-Typer,03
SRR26714967,Pneumo-Typer,03
SRR26714982,Pneumo-Typer,11A
SRR26714990,Pneumo-Typer,08
SRR26714997,Pneumo-Typer,08
SRR26715006,Pneumo-Typer,35B
SRR26715010,Pneumo-Typer,08
SRR26715015,Pneumo-Typer,08
SRR26715021,Pneumo-Typer,38
SRR26715025,Pneumo-Typer,22F
SRR26715028,Pneumo-Typer,08
SRR26715030,Pneumo-Typer,12F
SRR26715034,Pneumo-Typer,22F
SRR26715037,Pneumo-Typer,03
SRR26715038,Pneumo-Typer,35F
SRR26715041,Pneumo-Typer,19A
SRR26715046,Pneumo-Typer,12F
SRR26715048,Pneumo-Typer,16F
SRR26715050,Pneumo-Typer,03
SRR26715058,Pneumo-Typer,11A
SRR26715065,Pneumo-Typer,03
SRR26715067,Pneumo-Typer,03
SRR26749161,Pneumo-Typer,08
SRR26749170,Pneumo-Typer,22F
SRR26749176,Pneumo-Typer,15C
SRR26749182,Pneumo-Typer,08
SRR26749183,Pneumo-Typer,22F
SRR26749185,Pneumo-Typer,38
SRR26749188,Pneumo-Typer,08
SRR26749190,Pneumo-Typer,19A
SRR26749191,Pneumo-Typer,22F
SRR26749197,Pneumo-Typer,03
SRR26749210,Pneumo-Typer,10A
SRR26749214,Pneumo-Typer,09N
SRR26749231,Pneumo-Typer,12F
SRR26749234,Pneumo-Typer,34
SRR26749236,Pneumo-Typer,09N
SRR26749239,Pneumo-Typer,12F
SRR26749248,Pneumo-Typer,12F
SRR26749255,Pneumo-Typer,08
SRR26749257,Pneumo-Typer,03
SRR26749277,Pneumo-Typer,08
SRR26749280,Pneumo-Typer,23A
SRR26749282,Pneumo-Typer,22F
SRR26749291,Pneumo-Typer,35F
SRR26749293,Pneumo-Typer,03
SRR26749296,Pneumo-Typer,08
SRR26749297,Pneumo-Typer,12F
SRR26749304,Pneumo-Typer,07C
SRR26749307,Pneumo-Typer,22F
SRR26749310,Pneumo-Typer,12F
SRR26749314,Pneumo-Typer,33B
SRR26749318,Pneumo-Typer,22F
SRR26749319,Pneumo-Typer,10A
SRR26749323,Pneumo-Typer,35F
SRR26749326,Pneumo-Typer,38
SRR26749330,Pneumo-Typer,35D
SRR26749332,Pneumo-Typer,10A
SRR26749338,Pneumo-Typer,12F
SRR26749342,Pneumo-Typer,35B
SRR26749343,Pneumo-Typer,08
SRR26749353,Pneumo-Typer,33F
SRR26749363,Pneumo-Typer,22F
SRR26749365,Pneumo-Typer,22F
SRR26749371,Pneumo-Typer,12F
SRR26749388,Pneumo-Typer,19A
SRR26749403,Pneumo-Typer,23A
SRR26749413,Pneumo-Typer,07F
SRR26749421,Pneumo-Typer,15A
SRR26749426,Pneumo-Typer,15A
SRR26749430,Pneumo-Typer,12F
SRR26749436,Pneumo-Typer,09N
SRR26749443,Pneumo-Typer,12F
SRR26749445,Pneumo-Typer,08
SRR26749451,Pneumo-Typer,35B
SRR26749454,Pneumo-Typer,15B
SRR26749457,Pneumo-Typer,07C
SRR26749459,Pneumo-Typer,19A
SRR26749468,Pneumo-Typer,12F
SRR26749478,Pneumo-Typer,19A
SRR26749489,Pneumo-Typer,08
SRR26749491,Pneumo-Typer,01
SRR26749498,Pneumo-Typer,03
SRR26749502,Pneumo-Typer,22F
SRR26749503,Pneumo-Typer,22F
SRR26749509,Pneumo-Typer,22F
SRR26749510,Pneumo-Typer,20
SRR26749515,Pneumo-Typer,19A
SRR26749517,Pneumo-Typer,15A
SRR26749525,Pneumo-Typer,08
SRR26749535,Pneumo-Typer,20
SRR26749545,Pneumo-Typer,10A
SRR26749553,Pneumo-Typer,08
SRR26749555,Pneumo-Typer,23B
SRR26749557,Pneumo-Typer,03
SRR26749565,Pneumo-Typer,08
SRR26749566,Pneumo-Typer,22F
SRR26749575,Pneumo-Typer,37
SRR26749591,Pneumo-Typer,23B
SRR26749592,Pneumo-Typer,33F
SRR26749593,Pneumo-Typer,10A
SRR26749610,Pneumo-Typer,35F
SRR26749616,Pneumo-Typer,10A
SRR26749637,Pneumo-Typer,08
SRR26749666,Pneumo-Typer,12F
SRR26749672,Pneumo-Typer,19A
SRR26749674,Pneumo-Typer,33F
SRR26749677,Pneumo-Typer,15A
SRR26749686,Pneumo-Typer,08
SRR26749687,Pneumo-Typer,33F
SRR26749688,Pneumo-Typer,03
SRR26749697,Pneumo-Typer,07C
SRR26749704,Pneumo-Typer,03
SRR26749705,Pneumo-Typer,19F
SRR26749711,Pneumo-Typer,14
SRR26749713,Pneumo-Typer,23B
SRR26749724,Pneumo-Typer,08
SRR26749726,Pneumo-Typer,20
SRR26749729,Pneumo-Typer,10A
SRR26749734,Pneumo-Typer,22F
SRR26749737,Pneumo-Typer,35F
SRR26749743,Pneumo-Typer,23B
SRR26749744,Pneumo-Typer,08
SRR26749745,Pneumo-Typer,19A
SRR26749748,Pneumo-Typer,06C
SRR26749767,Pneumo-Typer,19A
SRR26749769,Pneumo-Typer,12F
SRR26749780,Pneumo-Typer,20
SRR26749789,Pneumo-Typer,03
SRR26749804,Pneumo-Typer,08
SRR26749807,Pneumo-Typer,07C
SRR26749808,Pneumo-Typer,08
SRR26749811,Pneumo-Typer,08
SRR26749815,Pneumo-Typer,23A
SRR26749819,Pneumo-Typer,17F
SRR26749820,Pneumo-Typer,19F
SRR26749826,Pneumo-Typer,12F
SRR26749827,Pneumo-Typer,06C
SRR26749831,Pneumo-Typer,24B
SRR26749840,Pneumo-Typer,09N
SRR26749843,Pneumo-Typer,33F
SRR26749850,Pneumo-Typer,03
SRR26749857,Pneumo-Typer,03
SRR26749861,Pneumo-Typer,11A
SRR26749865,Pneumo-Typer,08
SRR26749871,Pneumo-Typer,08
SRR26749879,Pneumo-Typer,11A
SRR26749882,Pneumo-Typer,08
SRR26749893,Pneumo-Typer,15A
SRR26749896,Pneumo-Typer,21
SRR26749902,Pneumo-Typer,09N
SRR26749903,Pneumo-Typer,22F
SRR26749906,Pneumo-Typer,38
SRR26749912,Pneumo-Typer,04
SRR26749920,Pneumo-Typer,11A
SRR26749924,Pneumo-Typer,09N
SRR26749925,Pneumo-Typer,23B
SRR26749930,Pneumo-Typer,35B
SRR26749933,Pneumo-Typer,08
SRR26749938,Pneumo-Typer,08
SRR26749945,Pneumo-Typer,03
SRR26749946,Pneumo-Typer,33F
SRR26749947,Pneumo-Typer,15B|15C
SRR26749953,Pneumo-Typer,19A
SRR26749966,Pneumo-Typer,08
SRR26749976,Pneumo-Typer,11A
SRR26749977,Pneumo-Typer,22F
SRR26749979,Pneumo-Typer,10A
SRR26749981,Pneumo-Typer,12F
SRR26749989,Pneumo-Typer,31
SRR26749992,Pneumo-Typer,07F
SRR26749993,Pneumo-Typer,15A
SRR26749997,Pneumo-Typer,19A
SRR26750000,Pneumo-Typer,08
SRR26750003,Pneumo-Typer,12F
SRR26750011,Pneumo-Typer,33F
SRR26750012,Pneumo-Typer,03
SRR26750016,Pneumo-Typer,24B
SRR26750020,Pneumo-Typer,08
SRR26750023,Pneumo-Typer,09N
SRR26750025,Pneumo-Typer,19A
SRR26750028,Pneumo-Typer,03
SRR26750030,Pneumo-Typer,08
SRR26750033,Pneumo-Typer,19F
SRR26750041,Pneumo-Typer,20
SRR26750044,Pneumo-Typer,09N
SRR26750045,Pneumo-Typer,12F
SRR26750047,Pneumo-Typer,03
SRR26750048,Pneumo-Typer,08
SRR26750058,Pneumo-Typer,08
SRR26750059,Pneumo-Typer,08
SRR26750062,Pneumo-Typer,12F
SRR26750067,Pneumo-Typer,08
SRR26750080,Pneumo-Typer,12F
SRR26750081,Pneumo-Typer,08
SRR26750089,Pneumo-Typer,08
SRR26750096,Pneumo-Typer,11A
SRR26750102,Pneumo-Typer,06C
SRR26750108,Pneumo-Typer,08
SRR26750115,Pneumo-Typer,12F
SRR26750133,Pneumo-Typer,07F
SRR26750138,Pneumo-Typer,33F
SRR26750146,Pneumo-Typer,15A
SRR26789219,Pneumo-Typer,11A
SRR26789220,Pneumo-Typer,03
SRR26789221,Pneumo-Typer,12F
SRR26789225,Pneumo-Typer,15A
SRR26789235,Pneumo-Typer,07F
SRR26789245,Pneumo-Typer,03
SRR26789257,Pneumo-Typer,08
SRR26789264,Pneumo-Typer,22F
SRR26789272,Pneumo-Typer,08
SRR26789278,Pneumo-Typer,31
SRR26789285,Pneumo-Typer,08
SRR26789288,Pneumo-Typer,22F
SRR26789298,Pneumo-Typer,23F
SRR26789309,Pneumo-Typer,19F
SRR26789311,Pneumo-Typer,12F
SRR26789314,Pneumo-Typer,12F
SRR26789328,Pneumo-Typer,35F
SRR26789333,Pneumo-Typer,03
SRR26789337,Pneumo-Typer,08
SRR26789354,Pneumo-Typer,08
SRR26789358,Pneumo-Typer,09V
SRR26789359,Pneumo-Typer,22F
SRR26789360,Pneumo-Typer,38
SRR26789368,Pneumo-Typer,12F
SRR26789385,Pneumo-Typer,23B
SRR26789390,Pneumo-Typer,08
SRR26789393,Pneumo-Typer,09N
SRR26789395,Pneumo-Typer,19A
SRR26789401,Pneumo-Typer,08
SRR26789416,Pneumo-Typer,11A
SRR26789420,Pneumo-Typer,23B
SRR26789424,Pneumo-Typer,22F
SRR26789425,Pneumo-Typer,08
SRR26789426,Pneumo-Typer,08
SRR26789438,Pneumo-Typer,11A
SRR26789441,Pneumo-Typer,07F
SRR26789442,Pneumo-Typer,10A
SRR26789450,Pneumo-Typer,08
SRR26789456,Pneumo-Typer,08
SRR26789457,Pneumo-Typer,08
SRR26789458,Pneumo-Typer,19F
SRR26789463,Pneumo-Typer,07C
SRR26789466,Pneumo-Typer,08
SRR26789473,Pneumo-Typer,14
SRR26789477,Pneumo-Typer,16F
SRR26789480,Pneumo-Typer,23B
SRR26789493,Pneumo-Typer,24B
SRR26789513,Pneumo-Typer,38
SRR26789516,Pneumo-Typer,11A
SRR26789517,Pneumo-Typer,15B|15C
SRR26789518,Pneumo-Typer,38
SRR26789526,Pneumo-Typer,06A
SRR26789536,Pneumo-Typer,38
SRR26789553,Pneumo-Typer,12F
SRR26789572,Pneumo-Typer,06A
SRR26789580,Pneumo-Typer,04
SRR26789582,Pneumo-Typer,22F
SRR26789585,Pneumo-Typer,08
SRR26789596,Pneumo-Typer,19A
SRR26789598,Pneumo-Typer,12F
SRR26789608,Pneumo-Typer,08
SRR26789615,Pneumo-Typer,14
SRR26789632,Pneumo-Typer,11A
SRR26789638,Pneumo-Typer,12F
SRR26789645,Pneumo-Typer,08
SRR26789654,Pneumo-Typer,22F
SRR26789657,Pneumo-Typer,08
SRR26789663,Pneumo-Typer,22F
SRR26789664,Pneumo-Typer,33F
SRR26789668,Pneumo-Typer,09N
SRR26789670,Pneumo-Typer,12F
SRR26789671,Pneumo-Typer,16F
SRR26789678,Pneumo-Typer,22F
SRR26789679,Pneumo-Typer,09N
SRR26789686,Pneumo-Typer,08
SRR26789687,Pneumo-Typer,08
SRR26789692,Pneumo-Typer,12F
SRR26789695,Pneumo-Typer,08
SRR26789740,Pneumo-Typer,07C
SRR26789759,Pneumo-Typer,17F
SRR26789765,Pneumo-Typer,33F
SRR26789784,Pneumo-Typer,06C
SRR26789792,Pneumo-Typer,12F
SRR26789800,Pneumo-Typer,35B
SRR26789813,Pneumo-Typer,08
SRR26789814,Pneumo-Typer,08
SRR26789818,Pneumo-Typer,16F
SRR26789820,Pneumo-Typer,21
SRR26789830,Pneumo-Typer,15B|15C
SRR26789842,Pneumo-Typer,08
SRR26789851,Pneumo-Typer,10A
SRR26789854,Pneumo-Typer,03
SRR26789856,Pneumo-Typer,19A
SRR26789859,Pneumo-Typer,33F
SRR26789861,Pneumo-Typer,10A
SRR26789869,Pneumo-Typer,08
SRR26789871,Pneumo-Typer,08
SRR26789872,Pneumo-Typer,19A
SRR26789873,Pneumo-Typer,08
SRR26789884,Pneumo-Typer,06C
SRR26789885,Pneumo-Typer,08
SRR26789886,Pneumo-Typer,08
SRR26789894,Pneumo-Typer,09V
SRR26789914,Pneumo-Typer,22F
SRR26789921,Pneumo-Typer,38
SRR26789924,Pneumo-Typer,23B
SRR26789929,Pneumo-Typer,03
SRR26789935,Pneumo-Typer,38
SRR26789937,Pneumo-Typer,12F
SRR26789940,Pneumo-Typer,08
SRR26789948,Pneumo-Typer,12F
SRR26789950,Pneumo-Typer,17F
SRR26789953,Pneumo-Typer,12F
SRR26789957,Pneumo-Typer,23A
SRR26789972,Pneumo-Typer,03
SRR26789975,Pneumo-Typer,22F
SRR26789977,Pneumo-Typer,12F
SRR26789982,Pneumo-Typer,11A
SRR26789988,Pneumo-Typer,12F
SRR26789990,Pneumo-Typer,22F
SRR26789999,Pneumo-Typer,22F
SRR26790001,Pneumo-Typer,08
SRR26790003,Pneumo-Typer,08
SRR26790020,Pneumo-Typer,22F
SRR26790028,Pneumo-Typer,08
SRR26790030,Pneumo-Typer,08
SRR26790031,Pneumo-Typer,08
SRR26790032,Pneumo-Typer,08
SRR26790042,Pneumo-Typer,17F
SRR26790048,Pneumo-Typer,08
SRR26790085,Pneumo-Typer,08
SRR26790088,Pneumo-Typer,03
SRR26790094,Pneumo-Typer,15B
SRR26790099,Pneumo-Typer,09N
SRR26790108,Pneumo-Typer,24B
SRR26790115,Pneumo-Typer,08
SRR26790119,Pneumo-Typer,08
SRR26790123,Pneumo-Typer,08
SRR26790126,Pneumo-Typer,21
SRR26790137,Pneumo-Typer,12F
SRR26790147,Pneumo-Typer,08
SRR26790157,Pneumo-Typer,09V
SRR26790166,Pneumo-Typer,12F
SRR26790175,Pneumo-Typer,10A
SRR26790190,Pneumo-Typer,03
SRR26790192,Pneumo-Typer,23A
SRR26790201,Pneumo-Typer,22F
SRR26790202,Pneumo-Typer,06C
SRR26797015,Pneumo-Typer,12F
SRR26797037,Pneumo-Typer,22F
SRR26797049,Pneumo-Typer,20
SRR26797051,Pneumo-Typer,22F
SRR26797057,Pneumo-Typer,03
SRR26797059,Pneumo-Typer,23A
SRR26797060,Pneumo-Typer,06C
SRR26797064,Pneumo-Typer,08
SRR26797074,Pneumo-Typer,08
SRR26797090,Pneumo-Typer,38
SRR26797092,Pneumo-Typer,22F
SRR26797097,Pneumo-Typer,15B|15C
SRR26797099,Pneumo-Typer,08
SRR26797114,Pneumo-Typer,33F
SRR26797116,Pneumo-Typer,10A
SRR26797123,Pneumo-Typer,15A
SRR26797127,Pneumo-Typer,20
SRR26797136,Pneumo-Typer,09N
SRR26797143,Pneumo-Typer,15B
SRR26797147,Pneumo-Typer,08
SRR26797149,Pneumo-Typer,08
SRR26797175,Pneumo-Typer,09N
SRR26797176,Pneumo-Typer,10A
SRR26797184,Pneumo-Typer,19A
SRR26797187,Pneumo-Typer,08
SRR26797204,Pneumo-Typer,08
SRR26797226,Pneumo-Typer,08
SRR26797227,Pneumo-Typer,09N
SRR26797231,Pneumo-Typer,09N
SRR26797257,Pneumo-Typer,23B
SRR26797260,Pneumo-Typer,08
SRR26797262,Pneumo-Typer,08
SRR26797266,Pneumo-Typer,35F
SRR26797280,Pneumo-Typer,08
SRR26797281,Pneumo-Typer,03
SRR26797283,Pneumo-Typer,33F
SRR26797290,Pneumo-Typer,10A
SRR26797304,Pneumo-Typer,08
SRR26797313,Pneumo-Typer,12F
SRR26797318,Pneumo-Typer,08
SRR26797321,Pneumo-Typer,12F
SRR26797330,Pneumo-Typer,33F
SRR26797332,Pneumo-Typer,09N
SRR26797346,Pneumo-Typer,08
SRR26797347,Pneumo-Typer,19A
SRR26797349,Pneumo-Typer,19A
SRR26797351,Pneumo-Typer,12F
SRR26797374,Pneumo-Typer,08
SRR26797376,Pneumo-Typer,33F
SRR26797386,Pneumo-Typer,07C
SRR26797387,Pneumo-Typer,19A
SRR26797393,Pneumo-Typer,08
SRR26797411,Pneumo-Typer,19A
SRR26797418,Pneumo-Typer,19A
SRR26797422,Pneumo-Typer,17F
SRR26797430,Pneumo-Typer,15A
SRR26797446,Pneumo-Typer,08
SRR26797451,Pneumo-Typer,12F
SRR26797452,Pneumo-Typer,19F
SRR26797463,Pneumo-Typer,12F
SRR26797464,Pneumo-Typer,35B
SRR26797467,Pneumo-Typer,23B
SRR26797474,Pneumo-Typer,07F
SRR26797475,Pneumo-Typer,33F
SRR26797476,Pneumo-Typer,15B|15C
SRR26797481,Pneumo-Typer,17F
SRR26797499,Pneumo-Typer,08
SRR26797505,Pneumo-Typer,16F
SRR26797507,Pneumo-Typer,09V
SRR26797510,Pneumo-Typer,08
SRR26797517,Pneumo-Typer,23B
SRR26797521,Pneumo-Typer,09N
SRR26797538,Pneumo-Typer,08
SRR26797543,Pneumo-Typer,12F
SRR26797546,Pneumo-Typer,24B
SRR26797553,Pneumo-Typer,07C
SRR26797563,Pneumo-Typer,03
SRR26797565,Pneumo-Typer,08
SRR26797566,Pneumo-Typer,03
SRR26797567,Pneumo-Typer,03
SRR26797569,Pneumo-Typer,08
SRR26797577,Pneumo-Typer,08
SRR26797594,Pneumo-Typer,12F
SRR26797598,Pneumo-Typer,31
SRR26797607,Pneumo-Typer,14
SRR26797611,Pneumo-Typer,16F
SRR26797621,Pneumo-Typer,07F
SRR26797645,Pneumo-Typer,16F
SRR26797655,Pneumo-Typer,08
SRR26797659,Pneumo-Typer,08
SRR26797662,Pneumo-Typer,15A
SRR26797666,Pneumo-Typer,15A
SRR26797668,Pneumo-Typer,09N
SRR26797669,Pneumo-Typer,19A
SRR26797683,Pneumo-Typer,22F
SRR26797684,Pneumo-Typer,24B
SRR26797686,Pneumo-Typer,08
SRR26797698,Pneumo-Typer,10A
SRR26797699,Pneumo-Typer,03
SRR26797703,Pneumo-Typer,17F
SRR26797708,Pneumo-Typer,22F
SRR26797729,Pneumo-Typer,08
SRR26797733,Pneumo-Typer,19F
SRR26797744,Pneumo-Typer,23A
SRR26797745,Pneumo-Typer,23B
SRR26797751,Pneumo-Typer,12F
SRR26797752,Pneumo-Typer,34
SRR26797761,Pneumo-Typer,12F
SRR26797764,Pneumo-Typer,38
SRR26797775,Pneumo-Typer,19A
SRR26797782,Pneumo-Typer,16F
SRR26797789,Pneumo-Typer,03
SRR26797798,Pneumo-Typer,15C
SRR26797804,Pneumo-Typer,08
SRR26797806,Pneumo-Typer,23B
SRR26797815,Pneumo-Typer,31
SRR26797817,Pneumo-Typer,07C
SRR26797826,Pneumo-Typer,08
SRR26797834,Pneumo-Typer,08
SRR26797862,Pneumo-Typer,15A
SRR26797863,Pneumo-Typer,22F
SRR26797869,Pneumo-Typer,08
SRR26797872,Pneumo-Typer,09N
SRR26797875,Pneumo-Typer,15B|15C
SRR26797877,Pneumo-Typer,15B|15C
SRR26797880,Pneumo-Typer,08
SRR26797902,Pneumo-Typer,08
SRR26797903,Pneumo-Typer,10A
SRR26797904,Pneumo-Typer,08
SRR26797905,Pneumo-Typer,08
SRR26797909,Pneumo-Typer,23B
SRR26797910,Pneumo-Typer,35B
SRR26797919,Pneumo-Typer,10A
SRR26797921,Pneumo-Typer,19A
SRR26797931,Pneumo-Typer,08
SRR26797932,Pneumo-Typer,15B
SRR26797936,Pneumo-Typer,12F
SRR26797938,Pneumo-Typer,23B
SRR26797948,Pneumo-Typer,08
SRR26797955,Pneumo-Typer,08
SRR26797964,Pneumo-Typer,15A
SRR26797966,Pneumo-Typer,08
SRR26797967,Pneumo-Typer,31
SRR26797975,Pneumo-Typer,27
SRR26797977,Pneumo-Typer,09L
SRR26797980,Pneumo-Typer,07B
SRR26797985,Pneumo-Typer,08
SRR26797988,Pneumo-Typer,27
SRR26797991,Pneumo-Typer,08
SRR26798000,Pneumo-Typer,22F
SRR26798006,Pneumo-Typer,33F
SRR26817713,Pneumo-Typer,20
SRR26817717,Pneumo-Typer,19A
SRR26817724,Pneumo-Typer,03
SRR26817725,Pneumo-Typer,08
SRR26817726,Pneumo-Typer,12F
SRR26817728,Pneumo-Typer,12F
SRR26817732,Pneumo-Typer,19A
SRR26817738,Pneumo-Typer,08
SRR26817739,Pneumo-Typer,08
SRR26817748,Pneumo-Typer,12F
SRR26817759,Pneumo-Typer,04
SRR26817767,Pneumo-Typer,19F
SRR26817779,Pneumo-Typer,07F
SRR26817798,Pneumo-Typer,34
SRR26817799,Pneumo-Typer,08
SRR26817804,Pneumo-Typer,12F
SRR26817827,Pneumo-Typer,08
SRR26817831,Pneumo-Typer,12F
SRR26817835,Pneumo-Typer,08
SRR26817840,Pneumo-Typer,09N
SRR26817841,Pneumo-Typer,22F
SRR26817844,Pneumo-Typer,12F
SRR26817852,Pneumo-Typer,08
SRR26817854,Pneumo-Typer,09N
SRR26817894,Pneumo-Typer,35F
SRR26817896,Pneumo-Typer,19A
SRR26817897,Pneumo-Typer,11A
SRR26817902,Pneumo-Typer,06A
SRR26817904,Pneumo-Typer,09N
SRR26817905,Pneumo-Typer,33F
SRR26817913,Pneumo-Typer,08
SRR26817915,Pneumo-Typer,35B
SRR26817916,Pneumo-Typer,03
SRR26817918,Pneumo-Typer,03
SRR26817938,Pneumo-Typer,08
SRR26817941,Pneumo-Typer,08
SRR26817944,Pneumo-Typer,08
SRR26817946,Pneumo-Typer,12F
SRR26817950,Pneumo-Typer,04
SRR26817966,Pneumo-Typer,08
SRR26817968,Pneumo-Typer,22F
SRR26817970,Pneumo-Typer,10A
SRR26817971,Pneumo-Typer,16F
SRR26817996,Pneumo-Typer,08
SRR26818016,Pneumo-Typer,11A
SRR26818018,Pneumo-Typer,33F
SRR26818024,Pneumo-Typer,20
SRR26818027,Pneumo-Typer,12F
SRR26818028,Pneumo-Typer,08
SRR26818033,Pneumo-Typer,12F
SRR26818053,Pneumo-Typer,15A
SRR26818058,Pneumo-Typer,22F
SRR26818060,Pneumo-Typer,09N
SRR26818061,Pneumo-Typer,09N
SRR26818086,Pneumo-Typer,23B
SRR26818089,Pneumo-Typer,08
SRR26818093,Pneumo-Typer,20
SRR26818094,Pneumo-Typer,19A
SRR26818102,Pneumo-Typer,12F
SRR26818105,Pneumo-Typer,16F
SRR26818108,Pneumo-Typer,19A
SRR26818120,Pneumo-Typer,16F
SRR26818128,Pneumo-Typer,08
SRR26818129,Pneumo-Typer,08
SRR26818131,Pneumo-Typer,19A
SRR26818149,Pneumo-Typer,19A
SRR26818167,Pneumo-Typer,08
SRR26818170,Pneumo-Typer,22F
SRR26818173,Pneumo-Typer,10A
SRR26818178,Pneumo-Typer,38
SRR26818180,Pneumo-Typer,35F
SRR26818187,Pneumo-Typer,08
SRR26818188,Pneumo-Typer,09N
SRR26818193,Pneumo-Typer,08
SRR26818197,Pneumo-Typer,06A
SRR26818213,Pneumo-Typer,21
SRR26818216,Pneumo-Typer,08
SRR26818224,Pneumo-Typer,09N
SRR26818243,Pneumo-Typer,12F
SRR26818247,Pneumo-Typer,08
SRR26818252,Pneumo-Typer,07C
SRR26818258,Pneumo-Typer,17F
SRR26818269,Pneumo-Typer,15A
SRR26818271,Pneumo-Typer,08
SRR26818273,Pneumo-Typer,15B
SRR26818275,Pneumo-Typer,03
SRR26818284,Pneumo-Typer,31
SRR26818293,Pneumo-Typer,03
SRR26818295,Pneumo-Typer,08
SRR26818297,Pneumo-Typer,17F
SRR26818301,Pneumo-Typer,08
SRR26818311,Pneumo-Typer,22F
SRR26818320,Pneumo-Typer,12F
SRR26818327,Pneumo-Typer,15A
SRR26818337,Pneumo-Typer,10A
SRR26818348,Pneumo-Typer,07C
SRR26818350,Pneumo-Typer,31
SRR26818351,Pneumo-Typer,33F
SRR26818358,Pneumo-Typer,03
SRR26818368,Pneumo-Typer,07C
SRR26818387,Pneumo-Typer,08
SRR26818388,Pneumo-Typer,38
SRR26818390,Pneumo-Typer,12F
SRR26818392,Pneumo-Typer,09N
SRR26818394,Pneumo-Typer,22F
SRR26818402,Pneumo-Typer,35B
SRR26818414,Pneumo-Typer,08
SRR26818415,Pneumo-Typer,12F
SRR26818418,Pneumo-Typer,22F
SRR26818420,Pneumo-Typer,08
SRR26818423,Pneumo-Typer,08
SRR26818430,Pneumo-Typer,08
SRR26818438,Pneumo-Typer,22F
SRR26818462,Pneumo-Typer,08
SRR26818463,Pneumo-Typer,17F
SRR26818468,Pneumo-Typer,08
SRR26818481,Pneumo-Typer,06C
SRR26818491,Pneumo-Typer,22F
SRR26818498,Pneumo-Typer,08
SRR26818500,Pneumo-Typer,08
SRR26818513,Pneumo-Typer,08
SRR26818514,Pneumo-Typer,33F
SRR26818521,Pneumo-Typer,08
SRR26818522,Pneumo-Typer,22F
SRR26818524,Pneumo-Typer,03
SRR26818530,Pneumo-Typer,22F
SRR26818544,Pneumo-Typer,08
SRR26818545,Pneumo-Typer,07C
SRR26818555,Pneumo-Typer,08
SRR26818565,Pneumo-Typer,22F
SRR26818573,Pneumo-Typer,09N
SRR26818574,Pneumo-Typer,12F
SRR26818580,Pneumo-Typer,19A
SRR26818585,Pneumo-Typer,03
SRR26818588,Pneumo-Typer,10A
SRR26818600,Pneumo-Typer,09N
SRR26818615,Pneumo-Typer,09V
SRR26818616,Pneumo-Typer,09N
SRR26818620,Pneumo-Typer,22F
SRR26818625,Pneumo-Typer,15A
SRR26818628,Pneumo-Typer,22F
SRR26818632,Pneumo-Typer,09V
SRR26818636,Pneumo-Typer,18C
SRR26818637,Pneumo-Typer,19A
SRR26818638,Pneumo-Typer,08
SRR26818643,Pneumo-Typer,08
SRR26818645,Pneumo-Typer,08
SRR26818651,Pneumo-Typer,10A
SRR26818660,Pneumo-Typer,15C
SRR26818664,Pneumo-Typer,19A
SRR26818683,Pneumo-Typer,07F
SRR26818688,Pneumo-Typer,03
SRR26818706,Pneumo-Typer,23A
SRR26818709,Pneumo-Typer,08
SRR26833528,Pneumo-Typer,08
SRR26833542,Pneumo-Typer,07C
SRR26833544,Pneumo-Typer,35F
SRR26833555,Pneumo-Typer,10A
SRR26833557,Pneumo-Typer,10A
SRR26833558,Pneumo-Typer,33F
SRR26833574,Pneumo-Typer,12F
SRR26833580,Pneumo-Typer,12F
SRR26833586,Pneumo-Typer,03
SRR26833595,Pneumo-Typer,03
SRR26833599,Pneumo-Typer,08
SRR26833602,Pneumo-Typer,12F
SRR26833609,Pneumo-Typer,08
SRR26833616,Pneumo-Typer,12F
SRR26833638,Pneumo-Typer,08
SRR26833645,Pneumo-Typer,14
SRR26833648,Pneumo-Typer,09N
SRR26833658,Pneumo-Typer,11A
SRR26833667,Pneumo-Typer,10A
SRR26833669,Pneumo-Typer,08
SRR26833685,Pneumo-Typer,07C
SRR26833686,Pneumo-Typer,09N
SRR26833695,Pneumo-Typer,12F
SRR26833699,Pneumo-Typer,24B
SRR26833703,Pneumo-Typer,19F
SRR26833708,Pneumo-Typer,08
SRR26833718,Pneumo-Typer,22F
SRR26833762,Pneumo-Typer,17F
SRR26833767,Pneumo-Typer,08
SRR26833776,Pneumo-Typer,08
SRR26833787,Pneumo-Typer,22F
SRR26833790,Pneumo-Typer,22F
SRR26833802,Pneumo-Typer,03
SRR26833805,Pneumo-Typer,08
SRR26833812,Pneumo-Typer,09N
SRR26833834,Pneumo-Typer,08
SRR26833848,Pneumo-Typer,08
SRR26833850,Pneumo-Typer,22F
SRR26833860,Pneumo-Typer,22F
SRR26833881,Pneumo-Typer,15A
SRR26833889,Pneumo-Typer,09N
SRR26833894,Pneumo-Typer,19A
SRR26833914,Pneumo-Typer,08
SRR26833925,Pneumo-Typer,08
SRR26833930,Pneumo-Typer,11A
SRR26833933,Pneumo-Typer,08
SRR26833941,Pneumo-Typer,08
SRR26833942,Pneumo-Typer,08
SRR26833946,Pneumo-Typer,23A
SRR26833953,Pneumo-Typer,24B
SRR26833954,Pneumo-Typer,08
SRR26833957,Pneumo-Typer,11A
SRR26833958,Pneumo-Typer,35F
SRR26833960,Pneumo-Typer,22F
SRR26833970,Pneumo-Typer,15C
SRR26833973,Pneumo-Typer,21
SRR26833978,Pneumo-Typer,12F
SRR26833986,Pneumo-Typer,10A
SRR26833991,Pneumo-Typer,09N
SRR26833993,Pneumo-Typer,09N
SRR26833994,Pneumo-Typer,09N
SRR26833997,Pneumo-Typer,35B
SRR26833998,Pneumo-Typer,19A
SRR26834000,Pneumo-Typer,19A
SRR26834005,Pneumo-Typer,08
SRR26834006,Pneumo-Typer,03
SRR26834007,Pneumo-Typer,08
SRR26834008,Pneumo-Typer,09N
SRR26834053,Pneumo-Typer,19A
SRR26834057,Pneumo-Typer,03
SRR26834058,Pneumo-Typer,12F
SRR26834059,Pneumo-Typer,08
SRR26834063,Pneumo-Typer,22F
SRR26834065,Pneumo-Typer,12F
SRR26834068,Pneumo-Typer,08
SRR26834095,Pneumo-Typer,15A
SRR26834108,Pneumo-Typer,10A
SRR26834114,Pneumo-Typer,08
SRR26834126,Pneumo-Typer,23B
SRR26834129,Pneumo-Typer,12F
SRR26834135,Pneumo-Typer,03
SRR26834138,Pneumo-Typer,08
SRR26834145,Pneumo-Typer,03
SRR26834148,Pneumo-Typer,11A
SRR26834152,Pneumo-Typer,23A
SRR26834164,Pneumo-Typer,11A
SRR26834166,Pneumo-Typer,15A
SRR26834174,Pneumo-Typer,08
SRR26834184,Pneumo-Typer,08
SRR26834191,Pneumo-Typer,03
SRR26834194,Pneumo-Typer,09N
SRR26834195,Pneumo-Typer,12F
SRR26834207,Pneumo-Typer,35B
SRR26834208,Pneumo-Typer,09N
SRR26834223,Pneumo-Typer,15B|15C
SRR26834225,Pneumo-Typer,19A
SRR26834236,Pneumo-Typer,15B
SRR26834258,Pneumo-Typer,08
SRR26834259,Pneumo-Typer,31
SRR26834262,Pneumo-Typer,15A
SRR26834266,Pneumo-Typer,35F
SRR26834268,Pneumo-Typer,08
SRR26834270,Pneumo-Typer,09N
SRR26834271,Pneumo-Typer,20
SRR26834310,Pneumo-Typer,15A
SRR26834311,Pneumo-Typer,08
SRR26834338,Pneumo-Typer,07C
SRR26834348,Pneumo-Typer,08
SRR26834353,Pneumo-Typer,16F
SRR26834365,Pneumo-Typer,23A
SRR26834366,Pneumo-Typer,15B|15C
SRR26834377,Pneumo-Typer,03
SRR26834382,Pneumo-Typer,03
SRR26834388,Pneumo-Typer,07C
SRR26834389,Pneumo-Typer,15B
SRR26834391,Pneumo-Typer,09N
SRR26834394,Pneumo-Typer,08
SRR26834403,Pneumo-Typer,23A
SRR26834405,Pneumo-Typer,35B
SRR26834406,Pneumo-Typer,08
SRR26834407,Pneumo-Typer,15A
SRR26834409,Pneumo-Typer,03
SRR26834427,Pneumo-Typer,11A
SRR26834434,Pneumo-Typer,12F
SRR26834435,Pneumo-Typer,09N
SRR26834438,Pneumo-Typer,03
SRR26834448,Pneumo-Typer,08
SRR26834449,Pneumo-Typer,13
SRR26834453,Pneumo-Typer,22F
SRR26834457,Pneumo-Typer,08
SRR26834458,Pneumo-Typer,03
SRR26834466,Pneumo-Typer,19A
SRR26834469,Pneumo-Typer,22F
SRR26834472,Pneumo-Typer,12F
SRR26834473,Pneumo-Typer,22F
SRR26834475,Pneumo-Typer,08
SRR26834482,Pneumo-Typer,09N
SRR26834489,Pneumo-Typer,22F
SRR26834493,Pneumo-Typer,22F
SRR26834505,Pneumo-Typer,09N
SRR26834512,Pneumo-Typer,22F
SRR26834518,Pneumo-Typer,16F
SRR26834522,Pneumo-Typer,19A
SRR26877759,Pneumo-Typer,08
SRR26877772,Pneumo-Typer,08
SRR26877782,Pneumo-Typer,09N
SRR26877785,Pneumo-Typer,22F
SRR26877789,Pneumo-Typer,17F
SRR26877797,Pneumo-Typer,12F
SRR26877815,Pneumo-Typer,12F
SRR26877817,Pneumo-Typer,22F
SRR26877853,Pneumo-Typer,15A
SRR26877858,Pneumo-Typer,22F
SRR26877867,Pneumo-Typer,23B
SRR26877875,Pneumo-Typer,08
SRR26877883,Pneumo-Typer,22F
SRR26877885,Pneumo-Typer,10A
SRR26877889,Pneumo-Typer,03
SRR26877891,Pneumo-Typer,31
SRR26877894,Pneumo-Typer,10A
SRR26877897,Pneumo-Typer,12F
SRR26877908,Pneumo-Typer,08
SRR26877919,Pneumo-Typer,19A
SRR26877934,Pneumo-Typer,19A
SRR26877947,Pneumo-Typer,33F
SRR26877950,Pneumo-Typer,17F
SRR26877954,Pneumo-Typer,07C
SRR26877961,Pneumo-Typer,10A
SRR26877981,Pneumo-Typer,22F
SRR26877982,Pneumo-Typer,23B
SRR26877994,Pneumo-Typer,08
SRR26877995,Pneumo-Typer,03
SRR26878001,Pneumo-Typer,19A
SRR26878027,Pneumo-Typer,09N
SRR26878040,Pneumo-Typer,03
SRR26878042,Pneumo-Typer,35B
SRR26878052,Pneumo-Typer,08
SRR26878056,Pneumo-Typer,08
SRR26878059,Pneumo-Typer,27
SRR26878061,Pneumo-Typer,09N
SRR26878069,Pneumo-Typer,12F
SRR26878079,Pneumo-Typer,35B
SRR26878089,Pneumo-Typer,11A
SRR26878096,Pneumo-Typer,12F
SRR26878100,Pneumo-Typer,08
SRR26878102,Pneumo-Typer,15A
SRR26878110,Pneumo-Typer,12F
SRR26878139,Pneumo-Typer,19A
SRR26878146,Pneumo-Typer,08
SRR26878150,Pneumo-Typer,19F
SRR26878156,Pneumo-Typer,23B
SRR26878157,Pneumo-Typer,22F
SRR26878165,Pneumo-Typer,22F
SRR26878169,Pneumo-Typer,08
SRR26878170,Pneumo-Typer,12F
SRR26878176,Pneumo-Typer,08
SRR26878188,Pneumo-Typer,22F
SRR26878200,Pneumo-Typer,08
SRR26878202,Pneumo-Typer,09N
SRR26878210,Pneumo-Typer,08
SRR26878216,Pneumo-Typer,19A
SRR26878226,Pneumo-Typer,08
SRR26878228,Pneumo-Typer,08
SRR26878231,Pneumo-Typer,10A
SRR26878235,Pneumo-Typer,24B
SRR26878239,Pneumo-Typer,15A
SRR26878242,Pneumo-Typer,20
SRR26878255,Pneumo-Typer,22F
SRR26878269,Pneumo-Typer,10A
SRR26878272,Pneumo-Typer,22F
SRR26878275,Pneumo-Typer,14
SRR26878280,Pneumo-Typer,09N
SRR26878284,Pneumo-Typer,23B
SRR26878304,Pneumo-Typer,11A
SRR26878305,Pneumo-Typer,10A
SRR26878316,Pneumo-Typer,10A
SRR26878333,Pneumo-Typer,08
SRR26878336,Pneumo-Typer,23B
SRR26878349,Pneumo-Typer,22F
SRR26878358,Pneumo-Typer,15A
SRR26878364,Pneumo-Typer,08
SRR26878367,Pneumo-Typer,10A
SRR26878368,Pneumo-Typer,19F
SRR26878374,Pneumo-Typer,08
SRR26878377,Pneumo-Typer,33F
SRR26878378,Pneumo-Typer,13
SRR26878384,Pneumo-Typer,20
SRR26878387,Pneumo-Typer,12F
SRR26878392,Pneumo-Typer,11A
SRR26878398,Pneumo-Typer,12F
SRR26878399,Pneumo-Typer,08
SRR26878402,Pneumo-Typer,23B
SRR26878405,Pneumo-Typer,20
SRR26878420,Pneumo-Typer,08
SRR26878421,Pneumo-Typer,09N
SRR26878423,Pneumo-Typer,23B
SRR26878455,Pneumo-Typer,08
SRR26878463,Pneumo-Typer,09N
SRR26878470,Pneumo-Typer,22F
SRR26878474,Pneumo-Typer,08
SRR26878487,Pneumo-Typer,04
SRR26878488,Pneumo-Typer,08
SRR26878496,Pneumo-Typer,12F
SRR26878498,Pneumo-Typer,09N
SRR26878499,Pneumo-Typer,08
SRR26878512,Pneumo-Typer,22F
SRR26878516,Pneumo-Typer,08
SRR26878532,Pneumo-Typer,17F
SRR26878536,Pneumo-Typer,17F
SRR26878542,Pneumo-Typer,03
SRR26878562,Pneumo-Typer,35F
SRR26878573,Pneumo-Typer,35B
SRR26878574,Pneumo-Typer,20
SRR26878578,Pneumo-Typer,24B
SRR26878593,Pneumo-Typer,03
SRR26878601,Pneumo-Typer,12F
SRR26878610,Pneumo-Typer,35F
SRR26878625,Pneumo-Typer,15B
SRR26878626,Pneumo-Typer,08
SRR26878635,Pneumo-Typer,12F
SRR26878646,Pneumo-Typer,12F
SRR26878648,Pneumo-Typer,15A
SRR26878650,Pneumo-Typer,22F
SRR26878663,Pneumo-Typer,16F
SRR26878665,Pneumo-Typer,21
SRR26878674,Pneumo-Typer,09N
SRR26878691,Pneumo-Typer,22F
SRR26878695,Pneumo-Typer,35F
SRR26878703,Pneumo-Typer,22F
SRR26878707,Pneumo-Typer,10A
SRR26878712,Pneumo-Typer,09N
SRR26878713,Pneumo-Typer,22F
SRR26878716,Pneumo-Typer,07F
SRR26878727,Pneumo-Typer,23B
SRR26878743,Pneumo-Typer,07C
SRR26878746,Pneumo-Typer,17F
SRR26878748,Pneumo-Typer,04
SRR26879443,Pneumo-Typer,08
SRR26879449,Pneumo-Typer,08
SRR26879451,Pneumo-Typer,20
SRR26879452,Pneumo-Typer,08
SRR26879463,Pneumo-Typer,08
SRR26879467,Pneumo-Typer,35F
SRR26879469,Pneumo-Typer,07C
SRR26879479,Pneumo-Typer,23A
SRR26879493,Pneumo-Typer,16F
SRR26879499,Pneumo-Typer,08
SRR26879503,Pneumo-Typer,08
SRR26879509,Pneumo-Typer,08
SRR26879529,Pneumo-Typer,10A
SRR26879537,Pneumo-Typer,22F
SRR26879546,Pneumo-Typer,17F
SRR26879549,Pneumo-Typer,24B
SRR26879557,Pneumo-Typer,08
SRR26879558,Pneumo-Typer,09N
SRR26879565,Pneumo-Typer,09N
SRR26879575,Pneumo-Typer,08
SRR26879576,Pneumo-Typer,08
SRR26879581,Pneumo-Typer,12F
SRR26879583,Pneumo-Typer,10A
SRR26879599,Pneumo-Typer,09N
SRR26879603,Pneumo-Typer,10A
SRR26879608,Pneumo-Typer,08
SRR26879610,Pneumo-Typer,31
SRR26879614,Pneumo-Typer,33F
SRR26879620,Pneumo-Typer,08
SRR26879621,Pneumo-Typer,15A
SRR26879625,Pneumo-Typer,03
SRR26879631,Pneumo-Typer,19F
SRR26879639,Pneumo-Typer,12F
SRR26879656,Pneumo-Typer,11A
SRR26879657,Pneumo-Typer,12F
SRR26879663,Pneumo-Typer,08
SRR26879667,Pneumo-Typer,08
SRR26879668,Pneumo-Typer,33F
SRR26879672,Pneumo-Typer,03
SRR26879675,Pneumo-Typer,19F
SRR26879676,Pneumo-Typer,08
SRR26879681,Pneumo-Typer,09N
SRR26879689,Pneumo-Typer,19A
SRR26879691,Pneumo-Typer,19A
SRR26879697,Pneumo-Typer,07C
SRR26879698,Pneumo-Typer,16F
SRR26879709,Pneumo-Typer,07F
SRR26879713,Pneumo-Typer,15A
SRR26879723,Pneumo-Typer,12F
SRR26879733,Pneumo-Typer,08
SRR26879738,Pneumo-Typer,22F
SRR26879744,Pneumo-Typer,35B
SRR26879749,Pneumo-Typer,03
SRR26879758,Pneumo-Typer,07C
SRR26879764,Pneumo-Typer,08
SRR26879766,Pneumo-Typer,08
SRR26879769,Pneumo-Typer,10A
SRR26879772,Pneumo-Typer,10A
SRR26879774,Pneumo-Typer,17F
SRR26879775,Pneumo-Typer,08
SRR26879783,Pneumo-Typer,10A
SRR26879787,Pneumo-Typer,24B
SRR26879791,Pneumo-Typer,22F
SRR26879792,Pneumo-Typer,09N
SRR26879794,Pneumo-Typer,33F
SRR26879814,Pneumo-Typer,22F
SRR26879828,Pneumo-Typer,09N
SRR26879832,Pneumo-Typer,12F
SRR26879869,Pneumo-Typer,22F
SRR26879873,Pneumo-Typer,33F
SRR26879880,Pneumo-Typer,23B
SRR26879891,Pneumo-Typer,19A
SRR26879896,Pneumo-Typer,38
SRR26879900,Pneumo-Typer,19A
SRR26879912,Pneumo-Typer,08
SRR26879914,Pneumo-Typer,08
SRR26879915,Pneumo-Typer,35F
SRR26879930,Pneumo-Typer,08
SRR26879932,Pneumo-Typer,08
SRR26879954,Pneumo-Typer,35B
SRR26879958,Pneumo-Typer,15B
SRR26879960,Pneumo-Typer,08
SRR26879961,Pneumo-Typer,08
SRR26879963,Pneumo-Typer,08
SRR26879964,Pneumo-Typer,12F
SRR26879965,Pneumo-Typer,23A
SRR26879967,Pneumo-Typer,13
SRR26879973,Pneumo-Typer,09N
SRR26879978,Pneumo-Typer,19A
SRR26879982,Pneumo-Typer,20
SRR26879985,Pneumo-Typer,06C
SRR26879988,Pneumo-Typer,06C
SRR26879991,Pneumo-Typer,08
SRR26879994,Pneumo-Typer,34
SRR26879997,Pneumo-Typer,19A
SRR26880000,Pneumo-Typer,08
SRR26880003,Pneumo-Typer,19A
SRR26880010,Pneumo-Typer,22F
SRR26880015,Pneumo-Typer,12F
SRR26880021,Pneumo-Typer,35F
SRR26880028,Pneumo-Typer,08
SRR26880036,Pneumo-Typer,22F
SRR26880044,Pneumo-Typer,08
SRR26880054,Pneumo-Typer,22F
SRR26880056,Pneumo-Typer,03
SRR26880057,Pneumo-Typer,08
SRR26880060,Pneumo-Typer,18C
SRR26880073,Pneumo-Typer,04
SRR26880080,Pneumo-Typer,03
SRR26880086,Pneumo-Typer,09N
SRR26880088,Pneumo-Typer,08
SRR26880091,Pneumo-Typer,12F
SRR26880092,Pneumo-Typer,12F
SRR26880096,Pneumo-Typer,08
SRR26880105,Pneumo-Typer,08
SRR26880109,Pneumo-Typer,23B
SRR26880111,Pneumo-Typer,03
SRR26880116,Pneumo-Typer,16F
SRR26880125,Pneumo-Typer,33F
SRR26880131,Pneumo-Typer,15A
SRR26880136,Pneumo-Typer,12F
SRR26880138,Pneumo-Typer,23B
SRR26880149,Pneumo-Typer,07C
SRR26880150,Pneumo-Typer,15A
SRR26880161,Pneumo-Typer,15B|15C
SRR26880165,Pneumo-Typer,18C
SRR26880166,Pneumo-Typer,07C
SRR26880168,Pneumo-Typer,08
SRR26880176,Pneumo-Typer,20
SRR26880184,Pneumo-Typer,15B
SRR26880200,Pneumo-Typer,19F
SRR26880204,Pneumo-Typer,04
SRR26880212,Pneumo-Typer,17F
SRR26880214,Pneumo-Typer,11A
SRR26880235,Pneumo-Typer,20
SRR26880241,Pneumo-Typer,12F
SRR26880244,Pneumo-Typer,08
SRR26880248,Pneumo-Typer,08
SRR26880251,Pneumo-Typer,08
SRR26880253,Pneumo-Typer,10A
SRR26880259,Pneumo-Typer,19A
SRR26880260,Pneumo-Typer,08
SRR26880262,Pneumo-Typer,11A
SRR26880268,Pneumo-Typer,09N
SRR26880269,Pneumo-Typer,08
SRR26880274,Pneumo-Typer,09N
SRR26880283,Pneumo-Typer,03
SRR26880308,Pneumo-Typer,03
SRR26880317,Pneumo-Typer,15A
SRR26880318,Pneumo-Typer,08
SRR26880323,Pneumo-Typer,16F
SRR26880327,Pneumo-Typer,03
SRR26880328,Pneumo-Typer,33B
SRR26880339,Pneumo-Typer,23A
SRR26880348,Pneumo-Typer,08
SRR26880355,Pneumo-Typer,19F
SRR26880358,Pneumo-Typer,08
SRR26880363,Pneumo-Typer,16F
SRR26880364,Pneumo-Typer,33F
SRR26880383,Pneumo-Typer,21
SRR26880385,Pneumo-Typer,12F
SRR26880392,Pneumo-Typer,12F
SRR26880393,Pneumo-Typer,22F
SRR26880404,Pneumo-Typer,07C
SRR26880417,Pneumo-Typer,22F
SRR26880426,Pneumo-Typer,03
SRR26880427,Pneumo-Typer,07C
SRR26880436,Pneumo-Typer,09N
SRR26880437,Pneumo-Typer,08
SRR26883759,Pneumo-Typer,08
SRR26883765,Pneumo-Typer,06C
SRR26883774,Pneumo-Typer,03
SRR26883781,Pneumo-Typer,09N
SRR26883793,Pneumo-Typer,09N
SRR26883796,Pneumo-Typer,08
SRR26883808,Pneumo-Typer,08
SRR26883819,Pneumo-Typer,08
SRR26883823,Pneumo-Typer,17F
SRR26883825,Pneumo-Typer,03
SRR26883829,Pneumo-Typer,08
SRR26883831,Pneumo-Typer,12F
SRR26883841,Pneumo-Typer,03
SRR26883860,Pneumo-Typer,08
SRR26883869,Pneumo-Typer,35F
SRR26883872,Pneumo-Typer,08
SRR26883885,Pneumo-Typer,08
SRR26883894,Pneumo-Typer,08
SRR26883911,Pneumo-Typer,33F
SRR26883917,Pneumo-Typer,03
SRR26883923,Pneumo-Typer,15A
SRR26883924,Pneumo-Typer,08
SRR26883931,Pneumo-Typer,12F
SRR26883932,Pneumo-Typer,10A
SRR26883933,Pneumo-Typer,15B|15C
SRR26883965,Pneumo-Typer,13
SRR26883978,Pneumo-Typer,31
SRR26883980,Pneumo-Typer,12F
SRR26883981,Pneumo-Typer,08
SRR26883985,Pneumo-Typer,22F
SRR26883993,Pneumo-Typer,23A
SRR26884007,Pneumo-Typer,19F
SRR26884023,Pneumo-Typer,08
SRR26884053,Pneumo-Typer,38
SRR26884063,Pneumo-Typer,08
SRR26884081,Pneumo-Typer,15B
SRR26884091,Pneumo-Typer,24B
SRR26884094,Pneumo-Typer,08
SRR26884100,Pneumo-Typer,23A
SRR26884102,Pneumo-Typer,16F
SRR26884109,Pneumo-Typer,08
SRR26884125,Pneumo-Typer,09N
SRR26884129,Pneumo-Typer,38
SRR26884142,Pneumo-Typer,08
SRR26884147,Pneumo-Typer,07C
SRR26884152,Pneumo-Typer,03
SRR26884155,Pneumo-Typer,19F
SRR26884157,Pneumo-Typer,19A
SRR26884159,Pneumo-Typer,08
SRR26884164,Pneumo-Typer,15A
SRR26884166,Pneumo-Typer,13
SRR26884171,Pneumo-Typer,08
SRR26884175,Pneumo-Typer,08
SRR26884182,Pneumo-Typer,08
SRR26884187,Pneumo-Typer,08
SRR26884189,Pneumo-Typer,08
SRR26884193,Pneumo-Typer,09N
SRR26884197,Pneumo-Typer,08
SRR26884204,Pneumo-Typer,23B
SRR26884207,Pneumo-Typer,19A
SRR26884211,Pneumo-Typer,09N
SRR26884215,Pneumo-Typer,08
SRR26884218,Pneumo-Typer,08
SRR26884222,Pneumo-Typer,15B
SRR26884231,Pneumo-Typer,15A
SRR26884247,Pneumo-Typer,07C
SRR26884250,Pneumo-Typer,09V
SRR26884251,Pneumo-Typer,08
SRR26884258,Pneumo-Typer,19A
SRR26884275,Pneumo-Typer,10A
SRR26884280,Pneumo-Typer,08
SRR26884283,Pneumo-Typer,12F
SRR26884296,Pneumo-Typer,12F
SRR26884297,Pneumo-Typer,08
SRR26884300,Pneumo-Typer,19A
SRR26884309,Pneumo-Typer,08
SRR26884310,Pneumo-Typer,17F
SRR26884313,Pneumo-Typer,08
SRR26884317,Pneumo-Typer,10A
SRR26884329,Pneumo-Typer,03
SRR26884332,Pneumo-Typer,15A
SRR26884334,Pneumo-Typer,12F
SRR26884338,Pneumo-Typer,08
SRR26884342,Pneumo-Typer,10A
SRR26884351,Pneumo-Typer,08
SRR26884376,Pneumo-Typer,03
SRR26884378,Pneumo-Typer,09N
SRR26884387,Pneumo-Typer,35B
SRR26884388,Pneumo-Typer,03
SRR26884390,Pneumo-Typer,08
SRR26884396,Pneumo-Typer,03
SRR26884404,Pneumo-Typer,09N
SRR26884407,Pneumo-Typer,15A
SRR26884415,Pneumo-Typer,24B
SRR26884418,Pneumo-Typer,09V
SRR26884424,Pneumo-Typer,09N
SRR26884441,Pneumo-Typer,11A
SRR26884442,Pneumo-Typer,22F
SRR26884450,Pneumo-Typer,17F
SRR26884467,Pneumo-Typer,03
SRR26884468,Pneumo-Typer,06B
SRR26884475,Pneumo-Typer,14
SRR26884477,Pneumo-Typer,19A
SRR26884486,Pneumo-Typer,22A
SRR26884487,Pneumo-Typer,08
SRR26884488,Pneumo-Typer,24B
SRR26884500,Pneumo-Typer,23A
SRR26884521,Pneumo-Typer,08
SRR26884522,Pneumo-Typer,09N
SRR26884540,Pneumo-Typer,15A
SRR26884544,Pneumo-Typer,07C
SRR26884547,Pneumo-Typer,09N
SRR26884561,Pneumo-Typer,08
SRR26884566,Pneumo-Typer,03
SRR26884573,Pneumo-Typer,19A
SRR26884591,Pneumo-Typer,16F
SRR26884594,Pneumo-Typer,07C
SRR26884598,Pneumo-Typer,04
SRR26884607,Pneumo-Typer,09N
SRR26884608,Pneumo-Typer,15B
SRR26884613,Pneumo-Typer,17F
SRR26884640,Pneumo-Typer,08
SRR26884652,Pneumo-Typer,03
SRR26884659,Pneumo-Typer,08
SRR26884662,Pneumo-Typer,08
SRR26884667,Pneumo-Typer,16F
SRR26884681,Pneumo-Typer,08
SRR26884682,Pneumo-Typer,15A
SRR26884688,Pneumo-Typer,19A
SRR26884695,Pneumo-Typer,23B
SRR26884714,Pneumo-Typer,23A
SRR26884716,Pneumo-Typer,08
SRR26884732,Pneumo-Typer,23B
SRR26884741,Pneumo-Typer,20
SRR26910219,Pneumo-Typer,15A
SRR26910222,Pneumo-Typer,10A
SRR26910224,Pneumo-Typer,35B
SRR26910258,Pneumo-Typer,08
SRR26910278,Pneumo-Typer,08
SRR26910292,Pneumo-Typer,08
SRR26910296,Pneumo-Typer,08
SRR26910298,Pneumo-Typer,12F
SRR26910304,Pneumo-Typer,08
SRR26910310,Pneumo-Typer,09N
SRR26910312,Pneumo-Typer,15B|15C
SRR26910313,Pneumo-Typer,23B
SRR26910319,Pneumo-Typer,08
SRR26910322,Pneumo-Typer,08
SRR26910325,Pneumo-Typer,08
SRR26910329,Pneumo-Typer,15A
SRR26910334,Pneumo-Typer,22F
SRR26910336,Pneumo-Typer,17F
SRR26910345,Pneumo-Typer,08
SRR26910349,Pneumo-Typer,22F
SRR26910350,Pneumo-Typer,08
SRR26910354,Pneumo-Typer,08
SRR26910363,Pneumo-Typer,09N
SRR26910388,Pneumo-Typer,03
SRR26910397,Pneumo-Typer,03
SRR26910404,Pneumo-Typer,15A
SRR26910408,Pneumo-Typer,08
SRR26910409,Pneumo-Typer,09N
SRR26910415,Pneumo-Typer,35B
SRR26910423,Pneumo-Typer,12F
SRR26910431,Pneumo-Typer,09N
SRR26910433,Pneumo-Typer,08
SRR26910454,Pneumo-Typer,09N
SRR26910468,Pneumo-Typer,23B
SRR26910481,Pneumo-Typer,22F
SRR26910487,Pneumo-Typer,19A
SRR26910489,Pneumo-Typer,23B
SRR26910494,Pneumo-Typer,09N
SRR26910496,Pneumo-Typer,08
SRR26910500,Pneumo-Typer,08
SRR26910505,Pneumo-Typer,16F
SRR26910515,Pneumo-Typer,10A
SRR26910543,Pneumo-Typer,03
SRR26910544,Pneumo-Typer,09N
SRR26910550,Pneumo-Typer,09N
SRR26910554,Pneumo-Typer,11A
SRR26910563,Pneumo-Typer,08
SRR26910574,Pneumo-Typer,23A
SRR26910575,Pneumo-Typer,48
SRR26910577,Pneumo-Typer,23A
SRR26910590,Pneumo-Typer,17F
SRR26910593,Pneumo-Typer,10A
SRR26910596,Pneumo-Typer,23B
SRR26910609,Pneumo-Typer,07C
SRR26910618,Pneumo-Typer,20
SRR26910622,Pneumo-Typer,15B
SRR26910625,Pneumo-Typer,22F
SRR26910636,Pneumo-Typer,15A
SRR26910646,Pneumo-Typer,12F
SRR26910653,Pneumo-Typer,06C
SRR26910662,Pneumo-Typer,33F
SRR26910668,Pneumo-Typer,09N
SRR26910674,Pneumo-Typer,19A
SRR26910683,Pneumo-Typer,19A
SRR26910686,Pneumo-Typer,08
SRR26910687,Pneumo-Typer,06C
SRR26910700,Pneumo-Typer,19F
SRR26910708,Pneumo-Typer,12F
SRR26910712,Pneumo-Typer,10A
SRR26910713,Pneumo-Typer,19F
SRR26910716,Pneumo-Typer,08
SRR26910731,Pneumo-Typer,06B
SRR26910735,Pneumo-Typer,12F
SRR26910738,Pneumo-Typer,08
SRR26910743,Pneumo-Typer,31
SRR26910746,Pneumo-Typer,19A
SRR26910754,Pneumo-Typer,17F
SRR26910768,Pneumo-Typer,08
SRR26910783,Pneumo-Typer,33F
SRR26910795,Pneumo-Typer,08
SRR26910804,Pneumo-Typer,09N
SRR26910806,Pneumo-Typer,22F
SRR26910821,Pneumo-Typer,08
SRR26910830,Pneumo-Typer,09N
SRR26910834,Pneumo-Typer,23B
SRR26910837,Pneumo-Typer,15A
SRR26910838,Pneumo-Typer,24B
SRR26910840,Pneumo-Typer,22F
SRR26910849,Pneumo-Typer,22F
SRR26910859,Pneumo-Typer,10A
SRR26910863,Pneumo-Typer,08
SRR26910866,Pneumo-Typer,24B
SRR26910890,Pneumo-Typer,12F
SRR26910894,Pneumo-Typer,09N
SRR26910895,Pneumo-Typer,03
SRR26910897,Pneumo-Typer,08
SRR26910923,Pneumo-Typer,12F
SRR26910943,Pneumo-Typer,08
SRR26910947,Pneumo-Typer,08
SRR26910950,Pneumo-Typer,08
SRR26910955,Pneumo-Typer,12F
SRR26910962,Pneumo-Typer,17F
SRR26910995,Pneumo-Typer,03
SRR26911000,Pneumo-Typer,03
SRR26911011,Pneumo-Typer,23B
SRR26911015,Pneumo-Typer,15A
SRR26911020,Pneumo-Typer,35B
SRR26911021,Pneumo-Typer,09N
SRR26911022,Pneumo-Typer,08
SRR26911024,Pneumo-Typer,12F
SRR26911032,Pneumo-Typer,06C
SRR26911036,Pneumo-Typer,09N
SRR26911037,Pneumo-Typer,08
SRR26911043,Pneumo-Typer,08
SRR26911047,Pneumo-Typer,12F
SRR26911052,Pneumo-Typer,03
SRR26911059,Pneumo-Typer,06A
SRR26911060,Pneumo-Typer,20
SRR26911062,Pneumo-Typer,15A
SRR26911064,Pneumo-Typer,19A
SRR26911071,Pneumo-Typer,20
SRR26911090,Pneumo-Typer,08
SRR26911097,Pneumo-Typer,03
SRR26911100,Pneumo-Typer,08
SRR26911103,Pneumo-Typer,12F
SRR26911116,Pneumo-Typer,22F
SRR26911136,Pneumo-Typer,08
SRR26911140,Pneumo-Typer,03
SRR26911142,Pneumo-Typer,08
SRR26911151,Pneumo-Typer,22F
SRR26911160,Pneumo-Typer,08
SRR26911162,Pneumo-Typer,38
SRR26911169,Pneumo-Typer,09N
SRR26911178,Pneumo-Typer,19A
SRR26911180,Pneumo-Typer,12F
SRR26911182,Pneumo-Typer,22F
SRR26911188,Pneumo-Typer,03
SRR26911190,Pneumo-Typer,08
SRR26911191,Pneumo-Typer,23F
SRR26911198,Pneumo-Typer,08
SRR26911201,Pneumo-Typer,17F
SRR26911211,Pneumo-Typer,07F
SRR26911213,Pneumo-Typer,08
SRR26930159,Pneumo-Typer,08
SRR26930163,Pneumo-Typer,19A
SRR26930164,Pneumo-Typer,08
SRR26930167,Pneumo-Typer,12F
SRR26930183,Pneumo-Typer,12F
SRR26930184,Pneumo-Typer,08
SRR26930185,Pneumo-Typer,03
SRR26930193,Pneumo-Typer,06C
SRR26930201,Pneumo-Typer,12F
SRR26930210,Pneumo-Typer,22F
SRR26930213,Pneumo-Typer,08
SRR26930224,Pneumo-Typer,10A
SRR26930241,Pneumo-Typer,08
SRR26930242,Pneumo-Typer,07C
SRR26930252,Pneumo-Typer,08
SRR26930253,Pneumo-Typer,03
SRR26930255,Pneumo-Typer,08
SRR26930258,Pneumo-Typer,08
SRR26930261,Pneumo-Typer,10A
SRR26930267,Pneumo-Typer,14
SRR26930275,Pneumo-Typer,03
SRR26930278,Pneumo-Typer,08
SRR26930282,Pneumo-Typer,12F
SRR26930286,Pneumo-Typer,08
SRR26930287,Pneumo-Typer,20
SRR26930292,Pneumo-Typer,31
SRR26930293,Pneumo-Typer,31
SRR26930303,Pneumo-Typer,12F
SRR26930308,Pneumo-Typer,12F
SRR26930315,Pneumo-Typer,09N
SRR26930316,Pneumo-Typer,08
SRR26930326,Pneumo-Typer,08
SRR26930333,Pneumo-Typer,22F
SRR26930335,Pneumo-Typer,08
SRR26930345,Pneumo-Typer,22F
SRR26930346,Pneumo-Typer,23B
SRR26930351,Pneumo-Typer,22F
SRR26930352,Pneumo-Typer,08
SRR26930362,Pneumo-Typer,08
SRR26930364,Pneumo-Typer,07C
SRR26930367,Pneumo-Typer,19A
SRR26930369,Pneumo-Typer,19A
SRR26930388,Pneumo-Typer,03
SRR26930389,Pneumo-Typer,23B
SRR26930397,Pneumo-Typer,08
SRR26930398,Pneumo-Typer,15A
SRR26930403,Pneumo-Typer,08
SRR26930404,Pneumo-Typer,08
SRR26930409,Pneumo-Typer,19A
SRR26930424,Pneumo-Typer,04
SRR26930425,Pneumo-Typer,08
SRR26930434,Pneumo-Typer,03
SRR26930442,Pneumo-Typer,19F
SRR26930451,Pneumo-Typer,15A
SRR26930460,Pneumo-Typer,17F
SRR26930468,Pneumo-Typer,03
SRR26930479,Pneumo-Typer,22F
SRR26930490,Pneumo-Typer,12F
SRR26930498,Pneumo-Typer,06B
SRR26930518,Pneumo-Typer,12F
SRR26930521,Pneumo-Typer,12F
SRR26930536,Pneumo-Typer,09N
SRR26930537,Pneumo-Typer,22F
SRR26930539,Pneumo-Typer,08
SRR26930543,Pneumo-Typer,09N
SRR26930547,Pneumo-Typer,03
SRR26930560,Pneumo-Typer,08
SRR26930563,Pneumo-Typer,09N
SRR26930565,Pneumo-Typer,15A
SRR26930572,Pneumo-Typer,22F
SRR26930582,Pneumo-Typer,07F
SRR26930591,Pneumo-Typer,33F
SRR26930596,Pneumo-Typer,09N
SRR26930604,Pneumo-Typer,09N
SRR26930608,Pneumo-Typer,17F
SRR26930620,Pneumo-Typer,08
SRR26930621,Pneumo-Typer,22F
SRR26930627,Pneumo-Typer,19F
SRR26930636,Pneumo-Typer,10A
SRR26930657,Pneumo-Typer,33F
SRR26930665,Pneumo-Typer,19A
SRR26930672,Pneumo-Typer,38
SRR26930675,Pneumo-Typer,22F
SRR26930676,Pneumo-Typer,23B
SRR26930679,Pneumo-Typer,09N
SRR26930685,Pneumo-Typer,06C
SRR26930695,Pneumo-Typer,31
SRR26930696,Pneumo-Typer,22F
SRR26930697,Pneumo-Typer,12F
SRR26930707,Pneumo-Typer,06C
SRR26930711,Pneumo-Typer,10A
SRR26930716,Pneumo-Typer,08
SRR26930722,Pneumo-Typer,23A
SRR26930729,Pneumo-Typer,12F
SRR26930730,Pneumo-Typer,14
SRR26930742,Pneumo-Typer,08
SRR26930754,Pneumo-Typer,33F
SRR26930768,Pneumo-Typer,08
SRR26930775,Pneumo-Typer,06C
SRR26930793,Pneumo-Typer,08
SRR26930794,Pneumo-Typer,16F
SRR26930797,Pneumo-Typer,03
SRR26930802,Pneumo-Typer,19A
SRR26930803,Pneumo-Typer,19F
SRR26930807,Pneumo-Typer,22F
SRR26930810,Pneumo-Typer,11A
SRR26930823,Pneumo-Typer,16F
SRR26930826,Pneumo-Typer,08
SRR26930841,Pneumo-Typer,09N
SRR26930847,Pneumo-Typer,12F
SRR26930853,Pneumo-Typer,08
SRR26930867,Pneumo-Typer,11A
SRR26930868,Pneumo-Typer,15B|15C
SRR26930869,Pneumo-Typer,03
SRR26930870,Pneumo-Typer,03
SRR26930874,Pneumo-Typer,31
SRR26930882,Pneumo-Typer,08
SRR26930897,Pneumo-Typer,09N
SRR26930902,Pneumo-Typer,08
SRR26930911,Pneumo-Typer,20
SRR26930927,Pneumo-Typer,23B
SRR26930950,Pneumo-Typer,12F
SRR26930951,Pneumo-Typer,19A
SRR26930967,Pneumo-Typer,24B
SRR26930973,Pneumo-Typer,09N
SRR26930975,Pneumo-Typer,33F
SRR26930976,Pneumo-Typer,09N
SRR26930984,Pneumo-Typer,12F
SRR26930987,Pneumo-Typer,08
SRR26931002,Pneumo-Typer,31
SRR26931009,Pneumo-Typer,15A
SRR26931013,Pneumo-Typer,08
SRR26931019,Pneumo-Typer,22F
SRR26931020,Pneumo-Typer,01
SRR26931023,Pneumo-Typer,08
SRR26931032,Pneumo-Typer,33F
SRR26931033,Pneumo-Typer,16F
SRR26931037,Pneumo-Typer,12F
SRR26931045,Pneumo-Typer,03
SRR26931048,Pneumo-Typer,08
SRR26931054,Pneumo-Typer,22F
SRR26931057,Pneumo-Typer,09N
SRR26931059,Pneumo-Typer,24B
SRR26931070,Pneumo-Typer,14
SRR26931073,Pneumo-Typer,38
SRR26931074,Pneumo-Typer,22F
SRR26931079,Pneumo-Typer,08
SRR26931091,Pneumo-Typer,07C
SRR26931096,Pneumo-Typer,03
SRR26931102,Pneumo-Typer,08
SRR26931104,Pneumo-Typer,08
SRR26931109,Pneumo-Typer,22F
SRR26931119,Pneumo-Typer,23B
SRR26931123,Pneumo-Typer,23A
SRR26931130,Pneumo-Typer,03
SRR26931192,Pneumo-Typer,03
SRR26931202,Pneumo-Typer,12F
SRR26931219,Pneumo-Typer,37
SRR26931220,Pneumo-Typer,22F
SRR26931221,Pneumo-Typer,23A
SRR26931240,Pneumo-Typer,12F
SRR26931243,Pneumo-Typer,20
SRR26931249,Pneumo-Typer,33F
SRR26931251,Pneumo-Typer,08
SRR26931269,Pneumo-Typer,12F
SRR26931270,Pneumo-Typer,03
SRR26931284,Pneumo-Typer,13
SRR26931285,Pneumo-Typer,22F
SRR26931290,Pneumo-Typer,10A
SRR26931291,Pneumo-Typer,12F
SRR26931297,Pneumo-Typer,12F
SRR26931298,Pneumo-Typer,11A
SRR26931304,Pneumo-Typer,09N
SRR26931309,Pneumo-Typer,08
SRR26931313,Pneumo-Typer,12F
SRR26931315,Pneumo-Typer,11A
SRR26931320,Pneumo-Typer,15A
SRR26931322,Pneumo-Typer,15A
SRR26931324,Pneumo-Typer,08
SRR26931333,Pneumo-Typer,08
SRR26931338,Pneumo-Typer,19A
SRR26931350,Pneumo-Typer,19A
SRR26931371,Pneumo-Typer,35B
SRR26931384,Pneumo-Typer,09N
SRR26931395,Pneumo-Typer,19A
SRR26931400,Pneumo-Typer,15A
SRR26931404,Pneumo-Typer,07C
SRR26931406,Pneumo-Typer,23A
SRR26931417,Pneumo-Typer,09N
SRR26931422,Pneumo-Typer,20
SRR26931427,Pneumo-Typer,09N
SRR26931430,Pneumo-Typer,03
SRR26931431,Pneumo-Typer,33F
SRR26931437,Pneumo-Typer,09N
SRR26931446,Pneumo-Typer,12F
SRR26931452,Pneumo-Typer,17F
SRR26931469,Pneumo-Typer,33F
SRR26931475,Pneumo-Typer,12F
SRR26931481,Pneumo-Typer,23B
SRR26931491,Pneumo-Typer,15F
SRR26931502,Pneumo-Typer,08
SRR26931503,Pneumo-Typer,08
SRR26931506,Pneumo-Typer,10A
SRR26931507,Pneumo-Typer,12F
SRR26931514,Pneumo-Typer,07C
SRR26931515,Pneumo-Typer,33F
SRR26931516,Pneumo-Typer,09N
SRR26931522,Pneumo-Typer,23B
SRR26931526,Pneumo-Typer,11A
SRR26931528,Pneumo-Typer,07C
SRR26931533,Pneumo-Typer,08
SRR26931570,Pneumo-Typer,35F
SRR26931585,Pneumo-Typer,17F
SRR26931586,Pneumo-Typer,16F
SRR26931589,Pneumo-Typer,07C
SRR26931595,Pneumo-Typer,23B
SRR26931597,Pneumo-Typer,23A
SRR26931598,Pneumo-Typer,07F
SRR26931602,Pneumo-Typer,08
SRR26931608,Pneumo-Typer,08
SRR26931615,Pneumo-Typer,08
SRR26931632,Pneumo-Typer,03
SRR26931634,Pneumo-Typer,08
SRR26931636,Pneumo-Typer,23B
SRR26931645,Pneumo-Typer,07C
SRR26931649,Pneumo-Typer,09N
SRR26931658,Pneumo-Typer,08
SRR26931660,Pneumo-Typer,03
SRR26931664,Pneumo-Typer,22F
SRR26931674,Pneumo-Typer,08
SRR26931687,Pneumo-Typer,08
SRR26931698,Pneumo-Typer,35B
SRR26931699,Pneumo-Typer,03
SRR26931707,Pneumo-Typer,38
SRR26931713,Pneumo-Typer,03
SRR26931715,Pneumo-Typer,08
SRR26931723,Pneumo-Typer,09N
SRR26931732,Pneumo-Typer,21
SRR26931740,Pneumo-Typer,23A
SRR26931748,Pneumo-Typer,08
SRR26931750,Pneumo-Typer,19A
SRR26931757,Pneumo-Typer,08
SRR26931758,Pneumo-Typer,09N
SRR26931760,Pneumo-Typer,10A
SRR26931767,Pneumo-Typer,08
SRR26931769,Pneumo-Typer,08
SRR26931773,Pneumo-Typer,22F
SRR26931782,Pneumo-Typer,22F
SRR26931785,Pneumo-Typer,03
SRR26931790,Pneumo-Typer,08
SRR26931799,Pneumo-Typer,22F
SRR26931800,Pneumo-Typer,22F
SRR26931801,Pneumo-Typer,17F
SRR26931805,Pneumo-Typer,31
SRR26931813,Pneumo-Typer,22F
SRR26931820,Pneumo-Typer,12F
SRR26931827,Pneumo-Typer,12F
SRR26931828,Pneumo-Typer,08
SRR26931838,Pneumo-Typer,22F
SRR26931841,Pneumo-Typer,16F
SRR26931844,Pneumo-Typer,35B
SRR26931855,Pneumo-Typer,35F
SRR26931861,Pneumo-Typer,07C
SRR26931863,Pneumo-Typer,23B
SRR26931864,Pneumo-Typer,12F
SRR26931865,Pneumo-Typer,15A
SRR26931873,Pneumo-Typer,08
SRR26931874,Pneumo-Typer,08
SRR26931875,Pneumo-Typer,03
SRR26931891,Pneumo-Typer,09N
SRR26931898,Pneumo-Typer,08
SRR26931901,Pneumo-Typer,33F
SRR26931902,Pneumo-Typer,38
SRR26931904,Pneumo-Typer,10A
SRR26931908,Pneumo-Typer,19A
SRR26931911,Pneumo-Typer,09N
SRR26931914,Pneumo-Typer,12F
