sample_id,tool,predicted_serotype
SRR26714122,PneumoCaT,23A
ERR2090936,PneumoCaT,14
ERR980312,PneumoCaT,19F
ERR870148,PneumoCaT,12F
ERR751142,PneumoCaT,06E
SRR26879832,PneumoCaT,12F
ERR326378,PneumoCaT,06E
ERR1191967,PneumoCaT,16F
ERR2089332,PneumoCaT,16F
ERR13397677,PneumoCaT,10A
SRR26930537,PneumoCaT,22F
ERR913059,PneumoCaT,23F
ERR1788287,PneumoCaT,06B
ERR13365488,PneumoCaT,14
SRR26594354,PneumoCaT,10A
ERR980018,PneumoCaT,15B
ERR2667753,PneumoCaT,01
ERR13365198,PneumoCaT,22F
SRR26834259,PneumoCaT,31
SRR26834174,PneumoCaT,08
ERR633110,PneumoCaT,06E
ERR505500,PneumoCaT,19F
ERR3796781,PneumoCaT,24B
SRR26880262,PneumoCaT,11A
ERR1066095,PneumoCaT,23F
SRR26818320,PneumoCaT,12F
ERR449254,PneumoCaT,14
ERR2681283,PneumoCaT,06E
ERR586335,PneumoCaT,19AF
ERR2090074,PneumoCaT,10B
SRR26797817,PneumoCaT,07C
SRR26931324,PneumoCaT,08
SRR26673271,PneumoCaT,Failed
SRR26878665,PneumoCaT,21
SRR26790085,PneumoCaT,08
ERR1065414,PneumoCaT,15A
SRR26930163,PneumoCaT,19A
ERR600294,PneumoCaT,18B
ERR13365253,PneumoCaT,19F
ERR714646,PneumoCaT,19AF
SRR26878169,PneumoCaT,08
ERR1658096,PneumoCaT,05
ERR742750,PneumoCaT,23F
ERR730470,PneumoCaT,34
SRR26930636,PneumoCaT,10A
SRR26834403,PneumoCaT,23A
ERR884636,PneumoCaT,Failed
ERR3796724,PneumoCaT,24B
ERR1066120,PneumoCaT,19F
ERR1192082,PneumoCaT,37
SRR26880235,PneumoCaT,20
SRR26833958,PneumoCaT,35F
SRR26789333,PneumoCaT,03
ERR2853466,PneumoCaT,19AF
ERR751101,PneumoCaT,06A
ERR577964,PneumoCaT,13
ERR2681189,PneumoCaT,18A
SRR26673556,PneumoCaT,22F
ERR750855,PneumoCaT,19F
SRR26672778,PneumoCaT,08
ERR2680720,PneumoCaT,06A
ERR2681093,PneumoCaT,06A
SRR26714876,PneumoCaT,22F
ERR997504,PneumoCaT,34
ERR13366147,PneumoCaT,23A
ERR1214685,PneumoCaT,14
ERR913176,PneumoCaT,23B1
ERR2090381,PneumoCaT,06A
ERR1214570,PneumoCaT,19F
ERR2667154,PneumoCaT,14
SRR26910738,PneumoCaT,08
ERR714280,PneumoCaT,01
SRR26790175,PneumoCaT,10A
ERR13364392,PneumoCaT,18A
ERR3669332,PneumoCaT,16F
SRR26714503,PneumoCaT,08
ERR2090720,PneumoCaT,19F
ERR2089487,PneumoCaT,09V
SRR26880116,PneumoCaT,16F
SRR26594163,PneumoCaT,15A
ERR714269,PneumoCaT,01
ERR2853574,PneumoCaT,19A
ERR925061,PneumoCaT,19F
SRR26714249,PneumoCaT,15A
ERR13365258,PneumoCaT,22F
ERR2089606,PneumoCaT,14
ERR730526,PneumoCaT,25A
ERR1202413,PneumoCaT,04
SRR26714718,PneumoCaT,11A
ERR908972,PneumoCaT,06E
ERR870106,PneumoCaT,05
SRR26714904,PneumoCaT,10A
ERR750780,PneumoCaT,35A
ERR730756,PneumoCaT,04
ERR1422375,PneumoCaT,12F
SRR26931805,PneumoCaT,31
SRR26749457,PneumoCaT,Failed
ERR730744,PneumoCaT,23F
ERR1453803,PneumoCaT,19F
ERR570416,PneumoCaT,06E
ERR980013,PneumoCaT,19F
ERR1106752,PneumoCaT,19F
SRR26880204,PneumoCaT,04
ERR632997,PneumoCaT,04
ERR1453547,PneumoCaT,19F
SRR26749307,PneumoCaT,22F
ERR13365273,PneumoCaT,03
ERR1788399,PneumoCaT,18B
ERR1202094,PneumoCaT,05
ERR425432,PneumoCaT,05
ERR2667756,PneumoCaT,19AF
SRR26789463,PneumoCaT,07C
ERR568589,PneumoCaT,23F
ERR13365688,PneumoCaT,22F
ERR773975,PneumoCaT,01
ERR505653,PneumoCaT,06D
SRR26878713,PneumoCaT,22F
ERR3164177,PneumoCaT,14
SRR26714554,PneumoCaT,08
SRR26884667,PneumoCaT,16F
ERR2091208,PneumoCaT,12F
SRR26817841,PneumoCaT,22F
ERR568737,PneumoCaT,06E
SRR26672848,PneumoCaT,03
ERR2089043,PneumoCaT,13
ERR3270720,PneumoCaT,23F
SRR26673131,PneumoCaT,08
ERR701793,PneumoCaT,01
SRR26749902,PneumoCaT,Failed
ERR449157,PneumoCaT,14
ERR870096,PneumoCaT,12A
SRR26884591,PneumoCaT,16F
ERR316835,PneumoCaT,04
SRR26931585,PneumoCaT,17F
ERR742828,PneumoCaT,05
ERR326414,PneumoCaT,15B
ERR742624,PneumoCaT,19A
SRR26930267,PneumoCaT,14
ERR8481836,PneumoCaT,04
ERR913352,PneumoCaT,19AF
ERR505931,PneumoCaT,05
ERR2680975,PneumoCaT,19F
ERR600189,PneumoCaT,35B
ERR1288970,PneumoCaT,05
ERR2089846,PneumoCaT,09V
SRR26750047,PneumoCaT,03
ERR319314,PneumoCaT,Failed
SRR26594942,PneumoCaT,17F
SRR26877908,PneumoCaT,08
SRR26877782,PneumoCaT,09N
SRR26594403,PneumoCaT,03
ERR2089325,PneumoCaT,06E
ERR1065796,PneumoCaT,12F
SRR26790088,PneumoCaT,03
SRR26911022,PneumoCaT,08
ERR3227800,PneumoCaT,07A
ERR751184,PneumoCaT,23F
SRR26930241,PneumoCaT,08
SRR26880248,PneumoCaT,08
ERR2612048,PneumoCaT,05
ERR2090479,PneumoCaT,23F
SRR26594279,PneumoCaT,09V
SRR26877947,PneumoCaT,33F
ERR13374724,PneumoCaT,07A
ERR2680581,PneumoCaT,01
ERR13364893,PneumoCaT,22F
ERR600379,PneumoCaT,01
SRR26789278,PneumoCaT,31
ERR1065441,PneumoCaT,06A
SRR26797475,PneumoCaT,33F
SRR26594446,PneumoCaT,09N
SRR26931091,PneumoCaT,07C
SRR26878707,PneumoCaT,10A
ERR870282,PneumoCaT,06B
SRR26818284,PneumoCaT,31
ERR3899314,PneumoCaT,19AF
SRR26879915,PneumoCaT,35F
ERR742676,PneumoCaT,14
SRR26789657,PneumoCaT,08
ERR3669371,PneumoCaT,16F
ERR1658076,PneumoCaT,11A
SRR26931400,PneumoCaT,15A
ERR1106626,PneumoCaT,19A
SRR26789935,PneumoCaT,38
ERR13365326,PneumoCaT,10A
ERR751029,PneumoCaT,05
ERR2667408,PneumoCaT,06A
ERR742536,PneumoCaT,38
ERR730476,PneumoCaT,06E
SRR26833802,PneumoCaT,03
SRR26673107,PneumoCaT,07C
ERR925127,PneumoCaT,05
ERR2089549,PneumoCaT,24B
ERR1658158,PneumoCaT,04
ERR730431,PneumoCaT,24F
ERR774195,PneumoCaT,19AF
SRR26834063,PneumoCaT,22F
SRR26910500,PneumoCaT,08
SRR26749491,PneumoCaT,01
SRR26714180,PneumoCaT,19AF
ERR3303458,PneumoCaT,07A
ERR2680980,PneumoCaT,19F
ERR1065319,PneumoCaT,19AF
ERR2090683,PneumoCaT,12F
ERR714696,PneumoCaT,06E
ERR714103,PneumoCaT,01
SRR26883808,PneumoCaT,08
SRR26797090,PneumoCaT,38
ERR600325,PneumoCaT,01
ERR2089929,PneumoCaT,13
ERR714549,PneumoCaT,14
ERR8481859,PneumoCaT,11A
SRR26878176,PneumoCaT,08
SRR26879900,PneumoCaT,19A
SRR26714967,PneumoCaT,03
SRR26910312,PneumoCaT,15B
ERR2090089,PneumoCaT,16F
ERR997661,PneumoCaT,35B
ERR600552,PneumoCaT,15C
SRR26878216,PneumoCaT,19AF
ERR13374776,PneumoCaT,08
ERR2089130,PneumoCaT,11A
ERR3270845,PneumoCaT,12F
ERR2090638,PneumoCaT,01
ERR845786,PneumoCaT,Failed
SRR26750062,PneumoCaT,12F
ERR701822,PneumoCaT,14
ERR490794,PneumoCaT,03
SRR26884275,PneumoCaT,10A
ERR997675,PneumoCaT,17F
SRR26789885,PneumoCaT,08
ERR600528,PneumoCaT,34
ERR505698,PneumoCaT,14
SRR26789395,PneumoCaT,19AF
SRR26749170,PneumoCaT,22F
ERR1065568,PneumoCaT,20
ERR730798,PneumoCaT,23F
SRR26673698,PneumoCaT,15A
ERR632879,PneumoCaT,38
ERR913219,PneumoCaT,Failed
ERR2090808,PneumoCaT,38
SRR26673062,PneumoCaT,09N
ERR751024,PneumoCaT,05
SRR26911116,PneumoCaT,22F
SRR26833708,PneumoCaT,08
ERR730234,PneumoCaT,10A
ERR2668110,PneumoCaT,14
SRR26931309,PneumoCaT,08
ERR13365581,PneumoCaT,23A
ERR2667381,PneumoCaT,02
ERR1788342,PneumoCaT,16F
ERR913394,PneumoCaT,Failed
SRR26818358,PneumoCaT,03
ERR730862,PneumoCaT,23B1
ERR980228,PneumoCaT,21
ERR2680845,PneumoCaT,19F
SRR26884607,PneumoCaT,09N
ERR1788051,PneumoCaT,18B
ERR340864,PneumoCaT,01
SRR26790003,PneumoCaT,08
SRR26789861,PneumoCaT,10A
ERR2680762,PneumoCaT,19B
SRR26879698,PneumoCaT,16F
SRR26878377,PneumoCaT,33F
ERR13364527,PneumoCaT,23F
ERR1066331,PneumoCaT,21
ERR2681217,PneumoCaT,34
ERR13374611,PneumoCaT,03
SRR26910345,PneumoCaT,08
SRR26833599,PneumoCaT,08
ERR2089247,PneumoCaT,11A
SRR26790123,PneumoCaT,08
ERR1788510,PneumoCaT,03
ERR870107,PneumoCaT,01
ERR774275,PneumoCaT,14
ERR1065984,PneumoCaT,34
SRR26834270,PneumoCaT,09N
SRR26714997,PneumoCaT,08
ERR742450,PneumoCaT,06A
SRR26818033,PneumoCaT,12F
ERR3303386,PneumoCaT,21
SRR26817798,PneumoCaT,34
SRR26833580,PneumoCaT,12F
ERR2680969,PneumoCaT,06E
SRR26931864,PneumoCaT,12F
SRR26789957,PneumoCaT,23A
SRR26789441,PneumoCaT,07A
ERR506058,PneumoCaT,07A
ERR1430921,PneumoCaT,16F
ERR3303157,PneumoCaT,06A
ERR7567804,PneumoCaT,35B
ERR568446,PneumoCaT,01
ERR1066176,PneumoCaT,23F
SRR26930468,PneumoCaT,03
ERR316913,PneumoCaT,18B
ERR1453713,PneumoCaT,15C
SRR26714670,PneumoCaT,08
ERR633083,PneumoCaT,23F
ERR876518,PneumoCaT,38
ERR13365544,PneumoCaT,16F
SRR26833703,PneumoCaT,19F
SRR26790192,PneumoCaT,23A
ERR449230,PneumoCaT,09V
ERR845760,PneumoCaT,Failed
ERR3655184,PneumoCaT,14
ERR340867,PneumoCaT,19F
ERR751095,PneumoCaT,06A
SRR26911140,PneumoCaT,03
SRR26714093,PneumoCaT,08
ERR714285,PneumoCaT,23F
ERR1202576,PneumoCaT,Failed
ERR2680996,PneumoCaT,34
ERR2090410,PneumoCaT,38
ERR913086,PneumoCaT,34
ERR701832,PneumoCaT,04
ERR1788048,PneumoCaT,12F
ERR3899439,PneumoCaT,14
ERR774257,PneumoCaT,01
ERR751166,PneumoCaT,03
ERR774310,PneumoCaT,34
SRR26594712,PneumoCaT,08
ERR2089728,PneumoCaT,06E
ERR2681059,PneumoCaT,06D
SRR26749704,PneumoCaT,03
ERR1430807,PneumoCaT,19A
SRR26673487,PneumoCaT,07C
ERR13365438,PneumoCaT,05
SRR26878042,PneumoCaT,35B
ERR979885,PneumoCaT,14
SRR26931820,PneumoCaT,12F
ERR7568077,PneumoCaT,10A
ERR2612104,PneumoCaT,04
ERR433851,PneumoCaT,23F
SRR26930810,PneumoCaT,11A
ERR2681150,PneumoCaT,06E
SRR26931320,PneumoCaT,15A
SRR26797374,PneumoCaT,08
ERR714618,PneumoCaT,06A
ERR884552,PneumoCaT,18B
SRR26673581,PneumoCaT,Failed
ERR2091172,PneumoCaT,19AF
ERR714336,PneumoCaT,01
SRR26749451,PneumoCaT,35B
SRR26594241,PneumoCaT,23B
ERR1065856,PneumoCaT,Failed
ERR7567751,PneumoCaT,33D
ERR8481546,PneumoCaT,13
SRR26672976,PneumoCaT,12F
ERR633077,PneumoCaT,14
ERR3655157,PneumoCaT,19AF
SRR26884317,PneumoCaT,10A
SRR26749330,PneumoCaT,Failed
ERR1202487,PneumoCaT,23F
ERR1453798,PneumoCaT,23B1
SRR26750003,PneumoCaT,Failed
SRR26878056,PneumoCaT,08
ERR433529,PneumoCaT,06A
ERR13365892,PneumoCaT,10A
ERR3227755,PneumoCaT,19F
ERR568751,PneumoCaT,23B1
ERR433778,PneumoCaT,04
ERR3227725,PneumoCaT,15A
ERR913126,PneumoCaT,16F
ERR13374728,PneumoCaT,19F
SRR26594691,PneumoCaT,03
ERR7567869,PneumoCaT,06D
SRR26594627,PneumoCaT,20
ERR2090377,PneumoCaT,06A
SRR26879912,PneumoCaT,08
ERR2681287,PneumoCaT,14
ERR3332202,PneumoCaT,24F
SRR26911151,PneumoCaT,22F
ERR13364588,PneumoCaT,04
ERR2853549,PneumoCaT,19A
ERR870109,PneumoCaT,11D
ERR742737,PneumoCaT,05
ERR1453445,PneumoCaT,05
ERR1788449,PneumoCaT,06E
ERR1288924,PneumoCaT,01
SRR26878146,PneumoCaT,08
ERR506038,PneumoCaT,23A
ERR13397690,PneumoCaT,08
ERR913443,PneumoCaT,34
SRR26594796,PneumoCaT,33F
ERR3899342,PneumoCaT,14
ERR909002,PneumoCaT,15A
ERR1065960,PneumoCaT,15A
SRR26877954,PneumoCaT,07C
ERR13365248,PneumoCaT,14
ERR3796552,PneumoCaT,14
ERR586395,PneumoCaT,35B
SRR26714367,PneumoCaT,24B
ERR1453658,PneumoCaT,06E
SRR26673181,PneumoCaT,08
ERR730195,PneumoCaT,21
ERR2213017,PneumoCaT,07B
ERR2667187,PneumoCaT,09N
ERR662408,PneumoCaT,10A
ERR1066149,PneumoCaT,16F
ERR2089735,PneumoCaT,33F
ERR773925,PneumoCaT,23F
SRR26878532,PneumoCaT,17F
ERR505678,PneumoCaT,Failed
SRR26930159,PneumoCaT,08
ERR632921,PneumoCaT,01
ERR1066217,PneumoCaT,09V
ERR884579,PneumoCaT,Failed
ERR1453654,PneumoCaT,11A
SRR26673248,PneumoCaT,03
SRR26880125,PneumoCaT,33F
ERR1756452,PneumoCaT,05
ERR774284,PneumoCaT,11A
ERR997517,PneumoCaT,19AF
ERR4289113,PneumoCaT,28F
ERR751055,PneumoCaT,06E
ERR2667421,PneumoCaT,15B
SRR26714438,PneumoCaT,15A
ERR1453515,PneumoCaT,01
ERR1453816,PneumoCaT,12F
ERR1065123,PneumoCaT,19F
ERR505491,PneumoCaT,24B
SRR26714841,PneumoCaT,20
ERR9796509,PneumoCaT,19A
ERR751057,PneumoCaT,19F
SRR26595035,PneumoCaT,15A
ERR505884,PneumoCaT,07F
ERR1192170,PneumoCaT,28F
ERR714389,PneumoCaT,05
ERR3899298,PneumoCaT,15C
ERR3303428,PneumoCaT,09V
ERR1453637,PneumoCaT,15C
ERR13365186,PneumoCaT,15A
SRR26879783,PneumoCaT,10A
ERR568500,PneumoCaT,19F
SRR26833812,PneumoCaT,09N
SRR26750096,PneumoCaT,11A
ERR2667642,PneumoCaT,05
SRR26790201,PneumoCaT,22F
SRR26930695,PneumoCaT,31
ERR1788178,PneumoCaT,23F
SRR26879443,PneumoCaT,08
SRR26749555,PneumoCaT,23B
ERR505922,PneumoCaT,06D
SRR26714775,PneumoCaT,Failed
ERR1214513,PneumoCaT,11A
SRR26750048,PneumoCaT,08
ERR13366087,PneumoCaT,04
ERR505913,PneumoCaT,06A
ERR433507,PneumoCaT,Failed
ERR2090926,PneumoCaT,14
ERR1453432,PneumoCaT,16F
ERR997469,PneumoCaT,06A
ERR449202,PneumoCaT,14
SRR26594555,PneumoCaT,19AF
ERR433845,PneumoCaT,01
SRR26884547,PneumoCaT,09N
ERR997693,PneumoCaT,06A
SRR26672965,PneumoCaT,33F
SRR26931333,PneumoCaT,08
SRR26930951,PneumoCaT,19A
SRR26749687,PneumoCaT,Failed
ERR2089062,PneumoCaT,06A
SRR26797304,PneumoCaT,08
ERR730882,PneumoCaT,12F
ERR913520,PneumoCaT,07C
ERR1192081,PneumoCaT,23A
SRR26797659,PneumoCaT,08
ERR2090741,PneumoCaT,03
SRR26879614,PneumoCaT,33F
ERR876465,PneumoCaT,14
ERR730868,PneumoCaT,23F
SRR26797565,PneumoCaT,08
SRR26930707,PneumoCaT,06C
ERR730630,PneumoCaT,Failed
ERR13364640,PneumoCaT,19F
ERR331453,PneumoCaT,04
ERR449120,PneumoCaT,12F
ERR2091135,PneumoCaT,16F
SRR26594305,PneumoCaT,12F
ERR1065611,PneumoCaT,35B
ERR2089132,PneumoCaT,03
SRR26879733,PneumoCaT,08
SRR26931109,PneumoCaT,22F
ERR908910,PneumoCaT,14
SRR26884573,PneumoCaT,19AF
SRR26818625,PneumoCaT,15A
SRR26817748,PneumoCaT,12F
SRR26714143,PneumoCaT,08
ERR2853577,PneumoCaT,19AF
ERR774219,PneumoCaT,06A
ERR884572,PneumoCaT,Failed
SRR26931123,PneumoCaT,23A
ERR2680926,PneumoCaT,19F
ERR2667425,PneumoCaT,13
ERR586455,PneumoCaT,19A
ERR13364691,PneumoCaT,33F
ERR2091196,PneumoCaT,02
ERR2680822,PneumoCaT,19F
ERR13364735,PneumoCaT,19AF
SRR26910943,PneumoCaT,08
SRR26594518,PneumoCaT,12F
ERR774166,PneumoCaT,07A
ERR742617,PneumoCaT,19A
SRR26878226,PneumoCaT,08
ERR600174,PneumoCaT,33F
ERR714401,PneumoCaT,18B
SRR26879997,PneumoCaT,19AF
ERR632992,PneumoCaT,06E
SRR26910543,PneumoCaT,03
ERR326395,PneumoCaT,Failed
ERR979920,PneumoCaT,01
ERR1214343,PneumoCaT,13
ERR3669255,PneumoCaT,14
ERR884499,PneumoCaT,18B
SRR26880021,PneumoCaT,35F
ERR3723235,PneumoCaT,14
SRR26749332,PneumoCaT,10A
ERR714507,PneumoCaT,23F
ERR2090236,PneumoCaT,11A
ERR7567770,PneumoCaT,15C
SRR26879982,PneumoCaT,20
ERR984255,PneumoCaT,11C
SRR26930293,PneumoCaT,31
ERR505827,PneumoCaT,14
SRR26879930,PneumoCaT,08
ERR433909,PneumoCaT,01
ERR884643,PneumoCaT,Failed
SRR26878157,PneumoCaT,22F
ERR1202605,PneumoCaT,04
ERR8481708,PneumoCaT,08
SRR26673001,PneumoCaT,22F
SRR26797903,PneumoCaT,10A
SRR26910433,PneumoCaT,08
SRR26880269,PneumoCaT,08
SRR26714372,PneumoCaT,15A
ERR2090851,PneumoCaT,15C
SRR26714737,PneumoCaT,08
ERR13397669,PneumoCaT,19F
SRR26931506,PneumoCaT,10A
ERR501616,PneumoCaT,Failed
ERR730812,PneumoCaT,22F
ERR13364754,PneumoCaT,22F
ERR316659,PneumoCaT,09L
SRR26931636,PneumoCaT,23B1
ERR876483,PneumoCaT,14
SRR26930676,PneumoCaT,23B1
SRR26797283,PneumoCaT,33F
SRR26884007,PneumoCaT,19F
ERR13375026,PneumoCaT,23B1
ERR2853573,PneumoCaT,19A
ERR1430929,PneumoCaT,19AF
ERR869981,PneumoCaT,15C
ERR13374868,PneumoCaT,22F
ERR1422621,PneumoCaT,23F
ERR326499,PneumoCaT,14
SRR26877885,PneumoCaT,10A
SRR26789368,PneumoCaT,12F
ERR2090575,PneumoCaT,06A
SRR26880427,PneumoCaT,07C
ERR913138,PneumoCaT,06E
ERR2667588,PneumoCaT,01
ERR586367,PneumoCaT,15C
ERR1453336,PneumoCaT,18B
ERR774369,PneumoCaT,01
ERR862312,PneumoCaT,Failed
ERR326574,PneumoCaT,18B
ERR13374680,PneumoCaT,Failed
ERR7568093,PneumoCaT,17F
ERR2089018,PneumoCaT,12F
SRR26714152,PneumoCaT,12F
ERR8481785,PneumoCaT,19F
ERR326402,PneumoCaT,06D
ERR3303237,PneumoCaT,23F
ERR14653946,PneumoCaT,14
SRR26910322,PneumoCaT,Failed
ERR2818754,PneumoCaT,19AF
ERR1202614,PneumoCaT,14
SRR26789393,PneumoCaT,09N
ERR1065407,PneumoCaT,23F
ERR750849,PneumoCaT,25A
ERR13374840,PneumoCaT,23A
ERR925030,PneumoCaT,18B
ERR646554,PneumoCaT,14
ERR730172,PneumoCaT,34
ERR433641,PneumoCaT,22F
ERR1202491,PneumoCaT,23F
ERR1106808,PneumoCaT,35B
ERR1540794,PneumoCaT,16F
SRR26749188,PneumoCaT,08
SRR26594824,PneumoCaT,12F
SRR26749277,PneumoCaT,08
SRR26714226,PneumoCaT,04
SRR26931865,PneumoCaT,15A
SRR26673627,PneumoCaT,15A
ERR2680874,PneumoCaT,06E
ERR2667168,PneumoCaT,38
SRR26595109,PneumoCaT,12F
ERR742355,PneumoCaT,14
ERR774335,PneumoCaT,19F
ERR2089715,PneumoCaT,05
ERR980342,PneumoCaT,09V
ERR774117,PneumoCaT,06E
ERR876726,PneumoCaT,14
SRR26714160,PneumoCaT,Failed
SRR26931298,PneumoCaT,11A
SRR26714202,PneumoCaT,Failed
ERR3831128,PneumoCaT,24B
SRR26797798,PneumoCaT,15C
SRR26910837,PneumoCaT,15A
ERR3796643,PneumoCaT,24B
SRR26931023,PneumoCaT,08
SRR26910354,PneumoCaT,08
SRR26930242,PneumoCaT,Failed
ERR13366209,PneumoCaT,10A
ERR490799,PneumoCaT,09V
SRR26833960,PneumoCaT,22F
SRR26931313,PneumoCaT,12F
ERR2090530,PneumoCaT,14
ERR774200,PneumoCaT,23A
ERR600117,PneumoCaT,35B
ERR742607,PneumoCaT,19A
SRR26797904,PneumoCaT,08
ERR913289,PneumoCaT,06E
SRR26879749,PneumoCaT,03
ERR2090397,PneumoCaT,15C
SRR26797699,PneumoCaT,03
SRR26714258,PneumoCaT,09N
SRR26789516,PneumoCaT,11A
ERR1453563,PneumoCaT,14
SRR26797948,PneumoCaT,08
ERR3899286,PneumoCaT,01
ERR742601,PneumoCaT,31
ERR742755,PneumoCaT,13
SRR26878378,PneumoCaT,13
ERR13364670,PneumoCaT,09N
SRR26797280,PneumoCaT,08
ERR742346,PneumoCaT,Failed
ERR913073,PneumoCaT,35B
SRR26931699,PneumoCaT,03
ERR13364803,PneumoCaT,16F
ERR331172,PneumoCaT,06E
ERR2667898,PneumoCaT,04
ERR742408,PneumoCaT,38
ERR997538,PneumoCaT,13
SRR26878239,PneumoCaT,15A
SRR26714733,PneumoCaT,03
ERR751009,PneumoCaT,19AF
ERR13374955,PneumoCaT,22F
ERR2667096,PneumoCaT,14
SRR26818574,PneumoCaT,12F
SRR26797607,PneumoCaT,14
ERR2667157,PneumoCaT,14
ERR600090,PneumoCaT,07A
ERR2667348,PneumoCaT,23F
SRR26930479,PneumoCaT,22F
ERR925029,PneumoCaT,23B
SRR26789513,PneumoCaT,38
ERR1333966,PneumoCaT,01
ERR997556,PneumoCaT,10A
ERR1540774,PneumoCaT,35B
ERR3664421,PneumoCaT,04
SRR26672966,PneumoCaT,33F
ERR568600,PneumoCaT,35F
SRR26714278,PneumoCaT,08
SRR26879469,PneumoCaT,07C
SRR26789948,PneumoCaT,12F
SRR26818105,PneumoCaT,16F
SRR26818688,PneumoCaT,03
ERR708299,PneumoCaT,06A
ERR862525,PneumoCaT,23F
ERR1799728,PneumoCaT,01
ERR1756438,PneumoCaT,35A
SRR26930973,PneumoCaT,09N
ERR979904,PneumoCaT,01
ERR1066124,PneumoCaT,19AF
SRR26673638,PneumoCaT,20
ERR2089225,PneumoCaT,05
ERR1202197,PneumoCaT,06A
SRR26818415,PneumoCaT,12F
ERR1191942,PneumoCaT,10A
ERR742682,PneumoCaT,12F
ERR316637,PneumoCaT,04
SRR26594361,PneumoCaT,20
ERR870212,PneumoCaT,24F
SRR26789924,PneumoCaT,23B1
ERR568494,PneumoCaT,06E
SRR26884283,PneumoCaT,12F
ERR13364402,PneumoCaT,14
ERR3899302,PneumoCaT,06A
SRR26797387,PneumoCaT,19A
ERR1658193,PneumoCaT,06B
ERR1106800,PneumoCaT,12F
SRR26834458,PneumoCaT,03
ERR730421,PneumoCaT,12F
ERR751104,PneumoCaT,05
ERR913212,PneumoCaT,25A
ERR2090910,PneumoCaT,23F
ERR1288896,PneumoCaT,19F
ERR1658155,PneumoCaT,19F
ERR2091094,PneumoCaT,14
SRR26594745,PneumoCaT,11D
ERR13365829,PneumoCaT,19F
SRR26789873,PneumoCaT,08
SRR26672785,PneumoCaT,22F
ERR1453376,PneumoCaT,21
ERR662435,PneumoCaT,16F
ERR979987,PneumoCaT,23F
ERR331167,PneumoCaT,06D
ERR773926,PneumoCaT,04
SRR26749946,PneumoCaT,33F
SRR26883911,PneumoCaT,33F
ERR730592,PneumoCaT,01
SRR26930987,PneumoCaT,08
ERR13365979,PneumoCaT,09N
ERR460209,PneumoCaT,09V
ERR1540772,PneumoCaT,06A
ERR425387,PneumoCaT,14
ERR736918,PneumoCaT,Failed
SRR26797806,PneumoCaT,23B1
ERR1788022,PneumoCaT,12F
ERR13365160,PneumoCaT,22F
SRR26789285,PneumoCaT,08
ERR449226,PneumoCaT,11A
ERR2089537,PneumoCaT,06A
SRR26673184,PneumoCaT,03
SRR26834338,PneumoCaT,07C
ERR662386,PneumoCaT,12F
SRR26797789,PneumoCaT,03
SRR26930984,PneumoCaT,12F
SRR26789977,PneumoCaT,12F
ERR750901,PneumoCaT,29
SRR26797332,PneumoCaT,09N
ERR1065909,PneumoCaT,15C
SRR26931057,PneumoCaT,09N
ERR1214506,PneumoCaT,10B
ERR2089577,PneumoCaT,06A
SRR26930572,PneumoCaT,22F
SRR26797980,PneumoCaT,40
ERR3303427,PneumoCaT,06D
SRR26880096,PneumoCaT,08
ERR1788518,PneumoCaT,18B
SRR26910388,PneumoCaT,03
SRR26797543,PneumoCaT,12F
ERR7568020,PneumoCaT,09N
ERR2853639,PneumoCaT,19AF
ERR2681258,PneumoCaT,06E
SRR26877853,PneumoCaT,15A
ERR646540,PneumoCaT,06A
SRR26931874,PneumoCaT,08
ERR433843,PneumoCaT,05
ERR13364974,PneumoCaT,35F
ERR1422683,PneumoCaT,17F
ERR8481692,PneumoCaT,16F
ERR13365100,PneumoCaT,31
ERR3164125,PneumoCaT,14
ERR774043,PneumoCaT,12F
ERR980099,PneumoCaT,13
SRR26673081,PneumoCaT,12F
SRR26910768,PneumoCaT,08
ERR1788545,PneumoCaT,03
ERR925313,PneumoCaT,Failed
SRR26798006,PneumoCaT,33F
ERR730540,PneumoCaT,06E
ERR997492,PneumoCaT,15C
ERR633089,PneumoCaT,13
ERR1202629,PneumoCaT,38
ERR14654042,PneumoCaT,15C
SRR26884129,PneumoCaT,38
ERR1106699,PneumoCaT,01
ERR568546,PneumoCaT,05
ERR600458,PneumoCaT,15C
ERR1065666,PneumoCaT,19F
ERR730270,PneumoCaT,09V
ERR774127,PneumoCaT,19F
ERR1795493,PneumoCaT,01
SRR26834473,PneumoCaT,22F
ERR13366068,PneumoCaT,22F
ERR1191838,PneumoCaT,35B
SRR26880393,PneumoCaT,22F
ERR913438,PneumoCaT,15C
ERR730678,PneumoCaT,04
ERR13365279,PneumoCaT,31
SRR26790147,PneumoCaT,08
ERR1202508,PneumoCaT,01
SRR26714688,PneumoCaT,19F
SRR26672757,PneumoCaT,12F
ERR1453824,PneumoCaT,19F
ERR714190,PneumoCaT,19F
SRR26789466,PneumoCaT,08
ERR870196,PneumoCaT,17F
SRR26789664,PneumoCaT,33F
ERR13365992,PneumoCaT,11A
SRR26594288,PneumoCaT,03
ERR2089352,PneumoCaT,15C
ERR2089082,PneumoCaT,16F
SRR26884441,PneumoCaT,11A
ERR13365796,PneumoCaT,23F
ERR980076,PneumoCaT,15B
ERR505604,PneumoCaT,Failed
ERR774331,PneumoCaT,23F
ERR3795981,PneumoCaT,14
ERR1422478,PneumoCaT,11A
SRR26880136,PneumoCaT,12F
SRR26883993,PneumoCaT,23A
ERR326507,PneumoCaT,04
SRR26818213,PneumoCaT,21
ERR433950,PneumoCaT,06E
SRR26879467,PneumoCaT,35F
SRR26931019,PneumoCaT,22F
ERR1453387,PneumoCaT,19A
ERR1430948,PneumoCaT,19AF
ERR1214502,PneumoCaT,09N
SRR26879668,PneumoCaT,33F
ERR774327,PneumoCaT,15B
ERR326357,PneumoCaT,06E
ERR1430839,PneumoCaT,01
SRR26749820,PneumoCaT,19F
ERR13365462,PneumoCaT,04
ERR1638454,PneumoCaT,14
ERR980233,PneumoCaT,34
ERR8481812,PneumoCaT,15A
ERR774530,PneumoCaT,17F
ERR2667810,PneumoCaT,07A
ERR1453528,PneumoCaT,06E
SRR26749906,PneumoCaT,38
SRR26931698,PneumoCaT,35B
SRR26715038,PneumoCaT,35F
ERR1540785,PneumoCaT,18B
ERR2089036,PneumoCaT,16F
SRR26911036,PneumoCaT,09N
ERR913194,PneumoCaT,15A
ERR316607,PneumoCaT,09V
SRR26818275,PneumoCaT,03
SRR26878716,PneumoCaT,07A
SRR26910329,PneumoCaT,15A
ERR1214660,PneumoCaT,14
ERR600312,PneumoCaT,23F
ERR714484,PneumoCaT,19F
ERR3669363,PneumoCaT,16F
ERR884335,PneumoCaT,19F
ERR862456,PneumoCaT,16F
SRR26910222,PneumoCaT,10A
ERR13364512,PneumoCaT,03
ERR1202433,PneumoCaT,35B
SRR26931799,PneumoCaT,22F
ERR2667529,PneumoCaT,14
SRR26930620,PneumoCaT,08
ERR884690,PneumoCaT,19A
ERR925164,PneumoCaT,23F
ERR2089198,PneumoCaT,12F
ERR870002,PneumoCaT,20
ERR773907,PneumoCaT,23F
SRR26714770,PneumoCaT,Failed
ERR742835,PneumoCaT,06E
ERR730690,PneumoCaT,19AF
SRR26878069,PneumoCaT,12F
SRR26911211,PneumoCaT,07A
SRR26789894,PneumoCaT,09V
SRR26878387,PneumoCaT,12F
ERR586394,PneumoCaT,22F
SRR26594466,PneumoCaT,33F
ERR884340,PneumoCaT,07A
ERR2680914,PneumoCaT,13
ERR1788314,PneumoCaT,01
ERR3796788,PneumoCaT,24B
SRR26931526,PneumoCaT,11D
ERR326375,PneumoCaT,35B
SRR26673714,PneumoCaT,Failed
ERR13374796,PneumoCaT,23A
ERR909201,PneumoCaT,19F
SRR26817905,PneumoCaT,33F
ERR632966,PneumoCaT,33D
ERR2853696,PneumoCaT,19AF
SRR26911047,PneumoCaT,12F
ERR742388,PneumoCaT,19A
SRR26594685,PneumoCaT,22F
ERR1065890,PneumoCaT,23A
ERR13365689,PneumoCaT,08
ERR1540714,PneumoCaT,19A
ERR2681228,PneumoCaT,15A
ERR2090669,PneumoCaT,12F
ERR4501329,PneumoCaT,24B
SRR26880404,PneumoCaT,07C
SRR26673466,PneumoCaT,08
SRR26789940,PneumoCaT,08
ERR338182,PneumoCaT,19F
SRR26884102,PneumoCaT,16F
ERR568711,PneumoCaT,14
ERR884300,PneumoCaT,14
ERR1658164,PneumoCaT,10A
SRR26797569,PneumoCaT,08
ERR326365,PneumoCaT,06E
SRR26714206,PneumoCaT,03
ERR862492,PneumoCaT,19F
ERR326594,PneumoCaT,23F
ERR980051,PneumoCaT,35A
SRR26749190,PneumoCaT,19AF
ERR1106738,PneumoCaT,17F
ERR774004,PneumoCaT,23A
ERR1065726,PneumoCaT,34
SRR26594874,PneumoCaT,15B
ERR1788268,PneumoCaT,14
SRR26884182,PneumoCaT,08
SRR26818167,PneumoCaT,08
SRR26818420,PneumoCaT,08
ERR13364425,PneumoCaT,14
ERR3270838,PneumoCaT,33F
ERR13397667,PneumoCaT,19F
ERR2667871,PneumoCaT,09V
SRR26789988,PneumoCaT,12F
SRR26880165,PneumoCaT,18B
ERR984262,PneumoCaT,06A
ERR13365602,PneumoCaT,06E
SRR26714626,PneumoCaT,03
SRR26931904,PneumoCaT,10A
SRR26672958,PneumoCaT,22F
ERR714106,PneumoCaT,01
SRR26879896,PneumoCaT,38
SRR26797686,PneumoCaT,08
ERR568483,PneumoCaT,19F
ERR13364849,PneumoCaT,22F
SRR26833686,PneumoCaT,09N
ERR3270779,PneumoCaT,03
SRR26789424,PneumoCaT,22F
ERR730671,PneumoCaT,14
ERR570443,PneumoCaT,06A
SRR26714922,PneumoCaT,12F
ERR1540680,PneumoCaT,34
SRR26673469,PneumoCaT,03
ERR516672,PneumoCaT,19A
ERR2680961,PneumoCaT,06E
SRR26879985,PneumoCaT,06D
ERR2089996,PneumoCaT,15C
ERR913431,PneumoCaT,15A
ERR925218,PneumoCaT,Failed
SRR26880318,PneumoCaT,08
ERR13364473,PneumoCaT,03
ERR2090249,PneumoCaT,04
SRR26789679,PneumoCaT,09N
ERR2090503,PneumoCaT,19AF
ERR2090890,PneumoCaT,33F
ERR862510,PneumoCaT,18A
ERR876508,PneumoCaT,19A
ERR913306,PneumoCaT,15C
ERR2090892,PneumoCaT,13
ERR7567937,PneumoCaT,10A
ERR908897,PneumoCaT,06A
ERR3303323,PneumoCaT,39
ERR600111,PneumoCaT,23B1
SRR26880000,PneumoCaT,08
SRR26797430,PneumoCaT,15A
SRR26797931,PneumoCaT,08
SRR26910336,PneumoCaT,17F
SRR26817840,PneumoCaT,09N
ERR326729,PneumoCaT,14
SRR26818269,PneumoCaT,15A
SRR26714847,PneumoCaT,09N
ERR13365904,PneumoCaT,03
SRR26750080,PneumoCaT,12F
ERR9796482,PneumoCaT,19A
SRR26880200,PneumoCaT,19F
ERR1788165,PneumoCaT,08
SRR26910950,PneumoCaT,08
ERR730474,PneumoCaT,06E
ERR13364762,PneumoCaT,01
SRR26880364,PneumoCaT,33F
ERR516634,PneumoCaT,Failed
SRR26790157,PneumoCaT,09V
ERR2352251,PneumoCaT,16F
SRR26879656,PneumoCaT,11A
ERR876673,PneumoCaT,03
ERR909108,PneumoCaT,19F
ERR1658151,PneumoCaT,15C
SRR26884313,PneumoCaT,08
SRR26884522,PneumoCaT,09N
ERR714708,PneumoCaT,14
ERR2090098,PneumoCaT,22F
SRR26673512,PneumoCaT,Failed
SRR26879667,PneumoCaT,08
ERR490715,PneumoCaT,07A
SRR26749553,PneumoCaT,08
ERR632888,PneumoCaT,12F
ERR2681367,PneumoCaT,33B
ERR1065118,PneumoCaT,13
ERR997534,PneumoCaT,06E
SRR26834472,PneumoCaT,12F
ERR13374804,PneumoCaT,06C
ERR2667807,PneumoCaT,05
ERR2091137,PneumoCaT,12F
SRR26789872,PneumoCaT,19A
ERR316909,PneumoCaT,16F
ERR774355,PneumoCaT,38
SRR26878646,PneumoCaT,12F
SRR26797097,PneumoCaT,15B
SRR26878399,PneumoCaT,08
ERR2667308,PneumoCaT,14
ERR730330,PneumoCaT,15C
SRR26878110,PneumoCaT,12F
ERR869842,PneumoCaT,20
ERR774279,PneumoCaT,17F
ERR568439,PneumoCaT,19F
ERR338218,PneumoCaT,07A
SRR26714596,PneumoCaT,15A
ERR730920,PneumoCaT,01
ERR7568054,PneumoCaT,19F
ERR2089950,PneumoCaT,07B
ERR3899350,PneumoCaT,14
ERR1453717,PneumoCaT,03
ERR632929,PneumoCaT,01
ERR3303243,PneumoCaT,10A
SRR26878593,PneumoCaT,03
ERR925054,PneumoCaT,Failed
SRR26749879,PneumoCaT,Failed
ERR3217573,PneumoCaT,14
ERR2090962,PneumoCaT,14
SRR26714217,PneumoCaT,19AF
ERR434022,PneumoCaT,19F
SRR26749981,PneumoCaT,12F
SRR26911201,PneumoCaT,17F
ERR13365617,PneumoCaT,Failed
ERR2680642,PneumoCaT,24F
ERR751013,PneumoCaT,05
ERR2091010,PneumoCaT,15A
SRR26749857,PneumoCaT,03
SRR26930278,PneumoCaT,08
ERR570399,PneumoCaT,09V
SRR26878384,PneumoCaT,20
ERR2090645,PneumoCaT,10B
ERR909286,PneumoCaT,19F
ERR1202542,PneumoCaT,02
ERR4289090,PneumoCaT,14
SRR26673573,PneumoCaT,12F
ERR773852,PneumoCaT,12F
ERR13365994,PneumoCaT,24B
ERR2090973,PneumoCaT,19AF
SRR26884387,PneumoCaT,35B
ERR13366116,PneumoCaT,10A
ERR925028,PneumoCaT,38
ERR1430973,PneumoCaT,19B
SRR26884486,PneumoCaT,22A
ERR1540693,PneumoCaT,15C
ERR13364801,PneumoCaT,09V
ERR505483,PneumoCaT,19F
SRR26749827,PneumoCaT,06D
ERR3303239,PneumoCaT,23F
SRR26878139,PneumoCaT,19AF
ERR2853457,PneumoCaT,19A
ERR870027,PneumoCaT,10B
ERR1065158,PneumoCaT,13
ERR1288895,PneumoCaT,15C
ERR730543,PneumoCaT,01
ERR2090453,PneumoCaT,01
SRR26797932,PneumoCaT,FAILED
ERR506022,PneumoCaT,19A
ERR876682,PneumoCaT,14
SRR26797872,PneumoCaT,09N
ERR3303293,PneumoCaT,10A
ERR3227767,PneumoCaT,15A
SRR26673106,PneumoCaT,31
ERR1788100,PneumoCaT,07A
ERR13365226,PneumoCaT,14
SRR26930882,PneumoCaT,08
SRR26910668,PneumoCaT,09N
ERR311151,PneumoCaT,05
SRR26879537,PneumoCaT,22F
ERR900715,PneumoCaT,06A
ERR980062,PneumoCaT,06A
ERR1066310,PneumoCaT,08
ERR3332137,PneumoCaT,17F
ERR742791,PneumoCaT,14
ERR568482,PneumoCaT,38
SRR26910636,PneumoCaT,15A
SRR26594294,PneumoCaT,19F
ERR1430870,PneumoCaT,01
SRR26833881,PneumoCaT,15A
ERR909230,PneumoCaT,17F
SRR26834482,PneumoCaT,09N
SRR26749945,PneumoCaT,03
ERR751192,PneumoCaT,19AF
SRR26883885,PneumoCaT,08
ERR708297,PneumoCaT,06E
ERR714319,PneumoCaT,15A
ERR884517,PneumoCaT,06A
SRR26931446,PneumoCaT,12F
SRR26834129,PneumoCaT,12F
SRR26714642,PneumoCaT,08
SRR26818170,PneumoCaT,22F
ERR13364669,PneumoCaT,19F
ERR1453419,PneumoCaT,04
SRR26789553,PneumoCaT,12F
ERR505488,PneumoCaT,19F
SRR26883759,PneumoCaT,08
SRR26672885,PneumoCaT,09N
ERR774074,PneumoCaT,22F
ERR2089516,PneumoCaT,09N
ERR913232,PneumoCaT,19AF
SRR26789580,PneumoCaT,04
ERR736937,PneumoCaT,Failed
ERR319336,PneumoCaT,06D
ERR913302,PneumoCaT,19A
SRR26833930,PneumoCaT,11A
SRR26818086,PneumoCaT,23B
ERR925307,PneumoCaT,Failed
SRR26714389,PneumoCaT,09N
ERR2090139,PneumoCaT,19F
ERR2091264,PneumoCaT,15C
SRR26930730,PneumoCaT,14
ERR2681073,PneumoCaT,35B
SRR26673090,PneumoCaT,12F
ERR600236,PneumoCaT,15B
SRR26817913,PneumoCaT,08
ERR2680603,PneumoCaT,19A
ERR4501328,PneumoCaT,19AF
ERR586447,PneumoCaT,19A
ERR505790,PneumoCaT,19A
ERR2090399,PneumoCaT,01
ERR1202616,PneumoCaT,18B
SRR26714909,PneumoCaT,33F
ERR714229,PneumoCaT,01
SRR26672995,PneumoCaT,08
SRR26594516,PneumoCaT,08
SRR26673175,PneumoCaT,15A
ERR2667598,PneumoCaT,09N
ERR2681077,PneumoCaT,19F
ERR1594521,PneumoCaT,12F
ERR2090500,PneumoCaT,09L
ERR2091235,PneumoCaT,03
ERR2667978,PneumoCaT,24B
ERR2090676,PneumoCaT,23B
ERR714109,PneumoCaT,09V
ERR751171,PneumoCaT,06A
SRR26714657,PneumoCaT,22F
ERR730717,PneumoCaT,38
ERR326553,PneumoCaT,19F
SRR26834475,PneumoCaT,08
ERR331422,PneumoCaT,03
ERR2090695,PneumoCaT,33F
SRR26749257,PneumoCaT,03
SRR26833953,PneumoCaT,Failed
ERR2680932,PneumoCaT,19F
SRR26714745,PneumoCaT,12B
ERR600424,PneumoCaT,01
SRR26749231,PneumoCaT,12F
SRR26790042,PneumoCaT,17F
ERR1214370,PneumoCaT,06A
ERR425421,PneumoCaT,14
ERR2090401,PneumoCaT,19AF
SRR26818350,PneumoCaT,31
ERR600267,PneumoCaT,23B1
SRR26594886,PneumoCaT,08
ERR433848,PneumoCaT,38
SRR26797988,PneumoCaT,27
ERR3899254,PneumoCaT,16F
SRR26931597,PneumoCaT,23A
ERR2667607,PneumoCaT,14
ERR425396,PneumoCaT,06A
ERR908952,PneumoCaT,14
SRR26884215,PneumoCaT,08
ERR736909,PneumoCaT,Failed
ERR1422534,PneumoCaT,34
ERR505864,PneumoCaT,16F
ERR913393,PneumoCaT,34
SRR26673179,PneumoCaT,33F
ERR742504,PneumoCaT,19A
SRR26818616,PneumoCaT,09N
SRR26818402,PneumoCaT,35B
SRR26834145,PneumoCaT,03
ERR980189,PneumoCaT,06D
SRR26594507,PneumoCaT,12F
SRR26817904,PneumoCaT,09N
SRR26789972,PneumoCaT,03
ERR1106658,PneumoCaT,01
ERR773960,PneumoCaT,06E
ERR884573,PneumoCaT,Failed
SRR26878703,PneumoCaT,22F
SRR26930369,PneumoCaT,19A
SRR26595093,PneumoCaT,10A
ERR3270803,PneumoCaT,01
SRR26818028,PneumoCaT,08
SRR26878170,PneumoCaT,12F
ERR1540729,PneumoCaT,14
SRR26797826,PneumoCaT,08
SRR26884714,PneumoCaT,23A
SRR26750059,PneumoCaT,08
SRR26878102,PneumoCaT,15A
SRR26749326,PneumoCaT,38
ERR13364607,PneumoCaT,09V
SRR26749745,PneumoCaT,19AF
SRR26879958,PneumoCaT,15B
ERR2667345,PneumoCaT,14
ERR505747,PneumoCaT,19A
ERR980090,PneumoCaT,Failed
SRR26884231,PneumoCaT,15A
ERR730571,PneumoCaT,14
SRR26910687,PneumoCaT,06D
ERR433710,PneumoCaT,19A
SRR26818089,PneumoCaT,08
ERR980107,PneumoCaT,06D
ERR730371,PneumoCaT,Failed
SRR26749925,PneumoCaT,23B1
ERR1065380,PneumoCaT,16F
ERR1106633,PneumoCaT,01
SRR26930874,PneumoCaT,31
SRR26714555,PneumoCaT,Failed
SRR26749318,PneumoCaT,22F
ERR13374688,PneumoCaT,19AF
SRR26818016,PneumoCaT,11A
ERR7567934,PneumoCaT,12F
ERR633051,PneumoCaT,14
ERR2089775,PneumoCaT,06E
ERR730613,PneumoCaT,Failed
ERR980220,PneumoCaT,01
ERR2090229,PneumoCaT,07C
SRR26880283,PneumoCaT,03
ERR862295,PneumoCaT,06B
ERR925305,PneumoCaT,Failed
ERR505506,PneumoCaT,19F
ERR1065629,PneumoCaT,01
ERR433549,PneumoCaT,04
ERR750883,PneumoCaT,14
SRR26673011,PneumoCaT,15A
SRR26910947,PneumoCaT,08
SRR26789390,PneumoCaT,08
SRR26884488,PneumoCaT,24B
SRR26714121,PneumoCaT,Failed
SRR26884258,PneumoCaT,19A
ERR750826,PneumoCaT,05
ERR568692,PneumoCaT,19F
ERR568684,PneumoCaT,15A
SRR26911021,PneumoCaT,09N
ERR956311,PneumoCaT,06E
ERR730495,PneumoCaT,05
SRR26749677,PneumoCaT,Failed
SRR26878228,PneumoCaT,08
ERR13374748,PneumoCaT,06D
SRR26749296,PneumoCaT,08
ERR1540679,PneumoCaT,35B
SRR26879608,PneumoCaT,08
ERR2853687,PneumoCaT,19A
SRR26880259,PneumoCaT,19AF
SRR26673431,PneumoCaT,22F
SRR26818061,PneumoCaT,09N
SRR26818498,PneumoCaT,08
ERR876678,PneumoCaT,06E
SRR26673565,PneumoCaT,08
ERR774714,PneumoCaT,06A
SRR26714125,PneumoCaT,09N
ERR3669278,PneumoCaT,03
SRR26594790,PneumoCaT,33F
SRR26930442,PneumoCaT,19F
ERR742714,PneumoCaT,09V
SRR26594679,PneumoCaT,19F
ERR13364772,PneumoCaT,Failed
SRR26911162,PneumoCaT,38
ERR908962,PneumoCaT,03
ERR13374962,PneumoCaT,33F
ERR774162,PneumoCaT,28F
ERR2090147,PneumoCaT,12F
SRR26749454,PneumoCaT,15B
SRR26834389,PneumoCaT,15B
ERR1065850,PneumoCaT,35B
ERR13365478,PneumoCaT,14
SRR26714945,PneumoCaT,10A
SRR26880323,PneumoCaT,16F
SRR26910313,PneumoCaT,23B
ERR876480,PneumoCaT,19F
ERR774227,PneumoCaT,14
ERR876609,PneumoCaT,23F
ERR662439,PneumoCaT,08
ERR2681262,PneumoCaT,23F
SRR26930536,PneumoCaT,09N
SRR26878275,PneumoCaT,14
ERR2089984,PneumoCaT,01
ERR3796488,PneumoCaT,14
ERR13365041,PneumoCaT,23A
SRR26594262,PneumoCaT,08
ERR876641,PneumoCaT,14
SRR26714897,PneumoCaT,09N
ERR13365991,PneumoCaT,22F
ERR2090287,PneumoCaT,16F
ERR570392,PneumoCaT,03
SRR26789416,PneumoCaT,11A
ERR730263,PneumoCaT,06A
ERR600256,PneumoCaT,19F
SRR26910310,PneumoCaT,09N
ERR2853487,PneumoCaT,19AF
SRR26749953,PneumoCaT,19AF
SRR26878691,PneumoCaT,22F
ERR1214656,PneumoCaT,14
ERR319349,PneumoCaT,06E
ERR714493,PneumoCaT,06A
ERR8481666,PneumoCaT,19F
ERR1799749,PneumoCaT,09V
SRR26930543,PneumoCaT,09N
SRR26910821,PneumoCaT,08
ERR862278,PneumoCaT,16F
ERR2681280,PneumoCaT,06A
SRR26878304,PneumoCaT,11D
ERR1788209,PneumoCaT,19F
ERR714313,PneumoCaT,01
ERR862429,PneumoCaT,19A
ERR433594,PneumoCaT,14
ERR13365520,PneumoCaT,23B
ERR3723501,PneumoCaT,14
SRR26877889,PneumoCaT,03
ERR8481786,PneumoCaT,15C
SRR26880092,PneumoCaT,12F
SRR26797752,PneumoCaT,34
ERR876704,PneumoCaT,17F
ERR1202418,PneumoCaT,12F
SRR26911198,PneumoCaT,08
SRR26931013,PneumoCaT,08
ERR13366020,PneumoCaT,22F
SRR26818243,PneumoCaT,12F
ERR1788042,PneumoCaT,12F
ERR326405,PneumoCaT,06D
SRR26749592,PneumoCaT,33F
SRR26883765,PneumoCaT,06D
ERR13365847,PneumoCaT,03
ERR2090014,PneumoCaT,38
SRR26818555,PneumoCaT,08
ERR3303139,PneumoCaT,01
ERR1453416,PneumoCaT,06A
SRR26749503,PneumoCaT,22F
SRR26883931,PneumoCaT,12F
ERR1756429,PneumoCaT,15C
SRR26818392,PneumoCaT,09N
ERR13365461,PneumoCaT,07A
ERR984258,PneumoCaT,06E
ERR909030,PneumoCaT,34
SRR26714954,PneumoCaT,12F
SRR26879599,PneumoCaT,09N
SRR26817915,PneumoCaT,35B
ERR600176,PneumoCaT,33F
SRR26789615,PneumoCaT,14
SRR26595018,PneumoCaT,07C
ERR1764056,PneumoCaT,05
ERR1065673,PneumoCaT,06E
ERR1065264,PneumoCaT,18B
SRR26930675,PneumoCaT,22F
SRR26714622,PneumoCaT,12F
ERR13364959,PneumoCaT,04
ERR730593,PneumoCaT,06E
SRR26714809,PneumoCaT,31
SRR26714618,PneumoCaT,10A
SRR26880131,PneumoCaT,15A
ERR774128,PneumoCaT,15B
ERR909127,PneumoCaT,Failed
ERR4289094,PneumoCaT,10F
ERR13364651,PneumoCaT,19F
ERR2089647,PneumoCaT,01
ERR2089736,PneumoCaT,12F
ERR2680636,PneumoCaT,10A
ERR2091026,PneumoCaT,05
ERR1422523,PneumoCaT,35A
ERR505705,PneumoCaT,11D
SRR26714627,PneumoCaT,12F
ERR742672,PneumoCaT,05
SRR26714347,PneumoCaT,12F
ERR7567793,PneumoCaT,21
ERR2667939,PneumoCaT,14
ERR646600,PneumoCaT,14
SRR26884561,PneumoCaT,08
ERR1658103,PneumoCaT,39
SRR26833973,PneumoCaT,21
ERR2089622,PneumoCaT,01
ERR979962,PneumoCaT,35F
ERR730621,PneumoCaT,Failed
SRR26930364,PneumoCaT,07C
SRR26880138,PneumoCaT,23B1
SRR26878349,PneumoCaT,22F
SRR26594427,PneumoCaT,10A
ERR505843,PneumoCaT,07A
ERR742638,PneumoCaT,19A
ERR3795910,PneumoCaT,14
ERR600609,PneumoCaT,14
ERR2090293,PneumoCaT,18B
ERR2681142,PneumoCaT,19F
ERR714475,PneumoCaT,01
ERR596406,PneumoCaT,33F
SRR26714500,PneumoCaT,03
ERR505795,PneumoCaT,38
ERR311083,PneumoCaT,09V
ERR870017,PneumoCaT,19F
SRR26594854,PneumoCaT,09N
SRR26818293,PneumoCaT,03
ERR3303393,PneumoCaT,35A
ERR884366,PneumoCaT,12F
ERR646569,PneumoCaT,19F
ERR2089291,PneumoCaT,15A
SRR26884376,PneumoCaT,03
ERR319313,PneumoCaT,Failed
ERR13374991,PneumoCaT,19F
ERR7567850,PneumoCaT,16F
ERR3270829,PneumoCaT,06A
SRR26910674,PneumoCaT,19AF
ERR1066202,PneumoCaT,23F
ERR1066313,PneumoCaT,12F
ERR2680638,PneumoCaT,11D
ERR862542,PneumoCaT,07A
ERR2090250,PneumoCaT,23F
SRR26884351,PneumoCaT,08
ERR1795453,PneumoCaT,14
ERR2091202,PneumoCaT,05
ERR909087,PneumoCaT,14
SRR26931417,PneumoCaT,09N
ERR2090902,PneumoCaT,01
SRR26880056,PneumoCaT,03
ERR5262745,PneumoCaT,04
ERR870059,PneumoCaT,05
SRR26910995,PneumoCaT,03
ERR1453485,PneumoCaT,09V
SRR26930596,PneumoCaT,09N
ERR1202280,PneumoCaT,01
ERR3655229,PneumoCaT,07A
ERR730607,PneumoCaT,FAILED
SRR26797510,PneumoCaT,08
ERR774273,PneumoCaT,16F
ERR869996,PneumoCaT,Failed
ERR5104419,PneumoCaT,04
ERR2090968,PneumoCaT,05
ERR316669,PneumoCaT,23F
ERR730165,PneumoCaT,35B
ERR1065383,PneumoCaT,23F
SRR26714074,PneumoCaT,08
ERR884480,PneumoCaT,23F
ERR909194,PneumoCaT,03
ERR751194,PneumoCaT,22F
SRR26817894,PneumoCaT,35F
ERR1065964,PneumoCaT,15C
ERR8481843,PneumoCaT,10A
ERR13364372,PneumoCaT,14
ERR714154,PneumoCaT,01
SRR26749575,PneumoCaT,37
ERR13364922,PneumoCaT,15C
ERR751075,PneumoCaT,06A
ERR7567856,PneumoCaT,19F
ERR2853410,PneumoCaT,19AF
SRR26673287,PneumoCaT,08
ERR1788179,PneumoCaT,19F
ERR774538,PneumoCaT,35A
ERR774197,PneumoCaT,04
ERR505917,PneumoCaT,Failed
ERR433833,PneumoCaT,09N
ERR913335,PneumoCaT,19A
ERR774630,PneumoCaT,19F
ERR505942,PneumoCaT,23F
ERR340841,PneumoCaT,22F
ERR742407,PneumoCaT,19A
ERR1202300,PneumoCaT,05
SRR26749498,PneumoCaT,03
SRR26877867,PneumoCaT,23B1
SRR26833848,PneumoCaT,08
ERR774534,PneumoCaT,19AF
SRR26818390,PneumoCaT,12F
ERR2681211,PneumoCaT,19F
ERR326492,PneumoCaT,06E
ERR434039,PneumoCaT,14
ERR646580,PneumoCaT,14
ERR8481730,PneumoCaT,21
SRR26749459,PneumoCaT,19AF
ERR730145,PneumoCaT,34
ERR13365209,PneumoCaT,12F
SRR26910894,PneumoCaT,09N
SRR26673498,PneumoCaT,08
ERR1065915,PneumoCaT,19F
ERR773994,PneumoCaT,06E
SRR26879565,PneumoCaT,09N
SRR26750011,PneumoCaT,33F
ERR449250,PneumoCaT,14
SRR26884334,PneumoCaT,12F
ERR1202414,PneumoCaT,01
ERR774631,PneumoCaT,19A
SRR26910515,PneumoCaT,10A
SRR26673672,PneumoCaT,12F
ERR505870,PneumoCaT,17F
SRR26880080,PneumoCaT,03
ERR501595,PneumoCaT,01
ERR862311,PneumoCaT,23F
SRR26930729,PneumoCaT,12F
ERR1594506,PneumoCaT,12F
ERR13374992,PneumoCaT,19AF
SRR26911169,PneumoCaT,09N
ERR2090739,PneumoCaT,13
ERR876603,PneumoCaT,06A
ERR751157,PneumoCaT,09V
ERR870123,PneumoCaT,05
ERR742741,PneumoCaT,09L
SRR26818660,PneumoCaT,15B
SRR26879738,PneumoCaT,22F
ERR925239,PneumoCaT,Failed
SRR26714173,PneumoCaT,24B
ERR730242,PneumoCaT,19A
SRR26594915,PneumoCaT,06C
ERR505465,PneumoCaT,12F
ERR884372,PneumoCaT,14
SRR26797143,PneumoCaT,15C
SRR26878487,PneumoCaT,04
ERR1066283,PneumoCaT,01
SRR26931384,PneumoCaT,09N
ERR2680802,PneumoCaT,19A
ERR714261,PneumoCaT,07B
ERR1065296,PneumoCaT,34
ERR2090409,PneumoCaT,11B
ERR3270836,PneumoCaT,35B
ERR1453587,PneumoCaT,03
ERR1214650,PneumoCaT,06C
ERR925383,PneumoCaT,Failed
ERR3796909,PneumoCaT,24B
SRR26594566,PneumoCaT,33F
SRR26672877,PneumoCaT,15A
ERR13366053,PneumoCaT,38
SRR26750023,PneumoCaT,09N
ERR2091286,PneumoCaT,12F
SRR26879557,PneumoCaT,08
SRR26834469,PneumoCaT,22F
ERR326724,PneumoCaT,01
ERR1453786,PneumoCaT,19A
SRR26910609,PneumoCaT,07C
ERR845766,PneumoCaT,Failed
ERR316832,PneumoCaT,Failed
SRR26673654,PneumoCaT,08
ERR2680939,PneumoCaT,14
ERR2667606,PneumoCaT,01
ERR730512,PneumoCaT,01
ERR600386,PneumoCaT,06E
ERR13365528,PneumoCaT,15A
ERR632980,PneumoCaT,19AF
SRR26714870,PneumoCaT,09N
ERR1788177,PneumoCaT,01
ERR869843,PneumoCaT,15A
ERR774225,PneumoCaT,09V
ERR13375028,PneumoCaT,10B
ERR774288,PneumoCaT,01
ERR876443,PneumoCaT,14
ERR884691,PneumoCaT,19F
SRR26834191,PneumoCaT,03
ERR3227811,PneumoCaT,35A
SRR26931079,PneumoCaT,08
SRR26749938,PneumoCaT,08
SRR26749637,PneumoCaT,08
ERR876590,PneumoCaT,06A
ERR600562,PneumoCaT,23F
ERR870318,PneumoCaT,01
ERR730706,PneumoCaT,14
SRR26930868,PneumoCaT,15C
SRR26673701,PneumoCaT,03
ERR884425,PneumoCaT,06E
ERR870309,PneumoCaT,28F
SRR26930258,PneumoCaT,08
ERR3796723,PneumoCaT,24B
ERR13365973,PneumoCaT,22F
ERR2667758,PneumoCaT,03
ERR433754,PneumoCaT,19F
ERR742594,PneumoCaT,03
ERR7568089,PneumoCaT,15A
ERR505947,PneumoCaT,06A
ERR1065392,PneumoCaT,22F
SRR26818423,PneumoCaT,08
ERR925254,PneumoCaT,Failed
ERR714326,PneumoCaT,06E
SRR26878061,PneumoCaT,09N
ERR870209,PneumoCaT,24F
ERR774487,PneumoCaT,15A
ERR774683,PneumoCaT,01
ERR1658106,PneumoCaT,14
ERR774245,PneumoCaT,23F
ERR774045,PneumoCaT,35B
ERR1065466,PneumoCaT,15C
SRR26884681,PneumoCaT,08
ERR750763,PneumoCaT,03
ERR1788375,PneumoCaT,23F
SRR26880348,PneumoCaT,08
SRR26789869,PneumoCaT,08
SRR26818565,PneumoCaT,22F
ERR730354,PneumoCaT,21
ERR2667918,PneumoCaT,18A
ERR1214494,PneumoCaT,18B
SRR26789257,PneumoCaT,08
SRR26818193,PneumoCaT,08
ERR2090105,PneumoCaT,34
ERR750874,PneumoCaT,05
SRR26834512,PneumoCaT,22F
ERR925366,PneumoCaT,Failed
ERR742436,PneumoCaT,09V
ERR908898,PneumoCaT,15C
ERR13364440,PneumoCaT,22F
SRR26818620,PneumoCaT,22F
ERR773913,PneumoCaT,14
SRR26834207,PneumoCaT,35B
ERR1795499,PneumoCaT,18A
ERR1453391,PneumoCaT,06E
SRR26673459,PneumoCaT,08
ERR1202309,PneumoCaT,09V
ERR1202599,PneumoCaT,01
ERR13365151,PneumoCaT,19F
ERR2090349,PneumoCaT,31
SRR26931902,PneumoCaT,38
SRR26594861,PneumoCaT,16F
ERR13365998,PneumoCaT,07A
ERR2089426,PneumoCaT,08
ERR505760,PneumoCaT,10A
ERR633104,PneumoCaT,01
ERR1658231,PneumoCaT,15A
ERR326338,PneumoCaT,06E
ERR633065,PneumoCaT,06A
ERR3796887,PneumoCaT,24B
ERR633025,PneumoCaT,06E
ERR13374673,PneumoCaT,23A
ERR13366250,PneumoCaT,22F
ERR13364444,PneumoCaT,22F
SRR26930252,PneumoCaT,08
ERR13374882,PneumoCaT,22F
ERR1756433,PneumoCaT,19F
SRR26714586,PneumoCaT,38
SRR26834366,PneumoCaT,15B
SRR26594999,PneumoCaT,03
ERR2090677,PneumoCaT,10A
ERR2089586,PneumoCaT,05
ERR870205,PneumoCaT,06E
ERR884403,PneumoCaT,19AF
ERR425468,PneumoCaT,38
ERR311154,PneumoCaT,06E
ERR13364837,PneumoCaT,22F
SRR26931032,PneumoCaT,33F
ERR884412,PneumoCaT,14
ERR662387,PneumoCaT,11A
SRR26714420,PneumoCaT,03
SRR26749304,PneumoCaT,07C
ERR1065981,PneumoCaT,23F
SRR26673674,PneumoCaT,12F
ERR326555,PneumoCaT,19F
ERR2090697,PneumoCaT,07A
ERR1430857,PneumoCaT,Failed
SRR26797598,PneumoCaT,31
ERR751066,PneumoCaT,06A
SRR26673744,PneumoCaT,03
ERR1202158,PneumoCaT,11A
SRR26749353,PneumoCaT,33F
ERR1422424,PneumoCaT,06A
ERR876619,PneumoCaT,08
SRR26714982,PneumoCaT,11A
SRR26833805,PneumoCaT,08
ERR2667467,PneumoCaT,16F
ERR997509,PneumoCaT,35B
SRR26594467,PneumoCaT,15C
ERR13375058,PneumoCaT,14
ERR13365604,PneumoCaT,09V
ERR5336808,PneumoCaT,04
ERR2668120,PneumoCaT,45
ERR1065470,PneumoCaT,04
ERR1795480,PneumoCaT,19AF
ERR2089525,PneumoCaT,07A
ERR908864,PneumoCaT,17F
ERR909034,PneumoCaT,34
ERR13365758,PneumoCaT,22F
ERR1065177,PneumoCaT,19F
ERR13365378,PneumoCaT,06A
SRR26833986,PneumoCaT,10A
ERR2681394,PneumoCaT,06A
ERR2089698,PneumoCaT,19AF
ERR751078,PneumoCaT,19AF
ERR7568046,PneumoCaT,08
ERR730320,PneumoCaT,17F
ERR997619,PneumoCaT,15B
SRR26910304,PneumoCaT,08
SRR26884197,PneumoCaT,08
ERR316635,PneumoCaT,06A
ERR2667932,PneumoCaT,19AF
ERR862469,PneumoCaT,18A
ERR633014,PneumoCaT,14
ERR1191939,PneumoCaT,12F
ERR1788222,PneumoCaT,11A
ERR2681154,PneumoCaT,19F
ERR7567967,PneumoCaT,08
SRR26910489,PneumoCaT,23B
SRR26880088,PneumoCaT,08
ERR326340,PneumoCaT,06E
ERR13365835,PneumoCaT,Failed
SRR26594637,PneumoCaT,08
SRR26789740,PneumoCaT,07C
SRR26878712,PneumoCaT,09N
SRR26797668,PneumoCaT,09N
SRR26797919,PneumoCaT,10A
ERR979945,PneumoCaT,35B
SRR26883924,PneumoCaT,08
SRR26930282,PneumoCaT,12F
ERR3664419,PneumoCaT,04
SRR26789678,PneumoCaT,22F
ERR884520,PneumoCaT,05
ERR13374800,PneumoCaT,17F
SRR26879787,PneumoCaT,24B
ERR13374914,PneumoCaT,15C
SRR26672934,PneumoCaT,12F
ERR2089793,PneumoCaT,06B
SRR26879575,PneumoCaT,08
SRR26817918,PneumoCaT,03
SRR26879639,PneumoCaT,12F
SRR26930292,PneumoCaT,31
ERR909202,PneumoCaT,19F
ERR600567,PneumoCaT,14
SRR26797411,PneumoCaT,19AF
ERR4501338,PneumoCaT,24B
ERR1453514,PneumoCaT,35B
SRR26880105,PneumoCaT,08
ERR1065187,PneumoCaT,16F
ERR1202397,PneumoCaT,01
SRR26834223,PneumoCaT,Failed
SRR26797057,PneumoCaT,03
ERR1214518,PneumoCaT,15A
ERR3796596,PneumoCaT,24B
ERR730381,PneumoCaT,14
ERR774172,PneumoCaT,15A
SRR26818438,PneumoCaT,22F
SRR26930754,PneumoCaT,33F
ERR862518,PneumoCaT,06E
ERR701833,PneumoCaT,19F
ERR884475,PneumoCaT,22F
SRR26911191,PneumoCaT,23F
ERR925271,PneumoCaT,35B
ERR1065813,PneumoCaT,19F
SRR26879675,PneumoCaT,19F
ERR2091131,PneumoCaT,05
ERR773865,PneumoCaT,01
ERR13374938,PneumoCaT,08
ERR4289070,PneumoCaT,01
SRR26884094,PneumoCaT,08
SRR26714255,PneumoCaT,03
SRR26749297,PneumoCaT,Failed
SRR26930287,PneumoCaT,20
SRR26750016,PneumoCaT,Failed
ERR3796660,PneumoCaT,24B
ERR870015,PneumoCaT,13
SRR26833762,PneumoCaT,17F
ERR884677,PneumoCaT,14
ERR3655301,PneumoCaT,23F
SRR26930775,PneumoCaT,06C
ERR3303235,PneumoCaT,01
ERR2667465,PneumoCaT,15C
SRR26931297,PneumoCaT,12F
ERR600104,PneumoCaT,15C
ERR736924,PneumoCaT,Failed
SRR26931219,PneumoCaT,33F
ERR501593,PneumoCaT,10B
ERR646599,PneumoCaT,01
SRR26594185,PneumoCaT,07A
SRR26797092,PneumoCaT,22F
ERR884604,PneumoCaT,Failed
ERR1066183,PneumoCaT,21
ERR2853441,PneumoCaT,19AF
ERR862454,PneumoCaT,22F
ERR1422618,PneumoCaT,05
ERR1788501,PneumoCaT,19F
SRR26818545,PneumoCaT,07C
ERR1795485,PneumoCaT,20
ERR505893,PneumoCaT,18B
ERR774116,PneumoCaT,35B
SRR26878165,PneumoCaT,22F
ERR568567,PneumoCaT,23F
SRR26911062,PneumoCaT,15A
ERR3303333,PneumoCaT,06A
ERR1192017,PneumoCaT,18A
ERR714533,PneumoCaT,19F
SRR26818524,PneumoCaT,03
SRR26594492,PneumoCaT,07C
SRR26930451,PneumoCaT,15A
ERR2090920,PneumoCaT,23F
SRR26594248,PneumoCaT,23A
ERR909183,PneumoCaT,15B
SRR26911060,PneumoCaT,Failed
SRR26833933,PneumoCaT,08
ERR884668,PneumoCaT,19F
SRR26673143,PneumoCaT,03
ERR13366042,PneumoCaT,08
ERR862534,PneumoCaT,18B
SRR26833860,PneumoCaT,22F
ERR908960,PneumoCaT,06A
ERR870183,PneumoCaT,06A
SRR26931285,PneumoCaT,22F
SRR26749239,PneumoCaT,12F
ERR984249,PneumoCaT,48
ERR908888,PneumoCaT,15B
ERR2089541,PneumoCaT,19AF
ERR773963,PneumoCaT,06A
SRR26834365,PneumoCaT,23A
ERR13365014,PneumoCaT,01
ERR774075,PneumoCaT,01
SRR26834457,PneumoCaT,08
ERR1788271,PneumoCaT,37
ERR2090700,PneumoCaT,15C
ERR1191906,PneumoCaT,08
ERR876762,PneumoCaT,Failed
SRR26797015,PneumoCaT,12F
ERR913221,PneumoCaT,23F
ERR714189,PneumoCaT,05
SRR26931430,PneumoCaT,03
ERR2681091,PneumoCaT,06A
ERR1422401,PneumoCaT,28F
SRR26714573,PneumoCaT,15B
ERR433654,PneumoCaT,07A
ERR1202341,PneumoCaT,01
ERR1066138,PneumoCaT,16F
ERR13365003,PneumoCaT,14
ERR13365425,PneumoCaT,09N
ERR1066321,PneumoCaT,19F
SRR26797127,PneumoCaT,20
ERR701782,PneumoCaT,01
ERR3796530,PneumoCaT,14
ERR13365910,PneumoCaT,22F
ERR1106770,PneumoCaT,15C
ERR714535,PneumoCaT,04
ERR869875,PneumoCaT,35B
ERR2090187,PneumoCaT,04
SRR26749413,PneumoCaT,07A
ERR13365183,PneumoCaT,14
SRR26834449,PneumoCaT,13
ERR714337,PneumoCaT,12F
ERR2667922,PneumoCaT,23B1
SRR26884164,PneumoCaT,15A
SRR26880426,PneumoCaT,03
ERR13365327,PneumoCaT,22F
ERR1795515,PneumoCaT,10F
ERR913257,PneumoCaT,01
SRR26750089,PneumoCaT,Failed
SRR26931452,PneumoCaT,17F
ERR3227774,PneumoCaT,14
ERR2667166,PneumoCaT,03
SRR26931801,PneumoCaT,17F
ERR1422640,PneumoCaT,06E
SRR26884475,PneumoCaT,14
ERR2668124,PneumoCaT,06D
ERR316671,PneumoCaT,19F
SRR26817739,PneumoCaT,08
SRR26879891,PneumoCaT,19A
SRR26715025,PneumoCaT,22F
ERR425373,PneumoCaT,14
ERR730405,PneumoCaT,12F
SRR26714929,PneumoCaT,08
SRR26797231,PneumoCaT,09N
SRR26910575,PneumoCaT,48
ERR326699,PneumoCaT,14
ERR714443,PneumoCaT,04
ERR1788301,PneumoCaT,19F
ERR13365606,PneumoCaT,15A
SRR26789638,PneumoCaT,12F
SRR26714959,PneumoCaT,03
SRR26878743,PneumoCaT,07C
ERR1453675,PneumoCaT,15C
ERR1788311,PneumoCaT,19F
ERR2681215,PneumoCaT,19F
ERR714276,PneumoCaT,01
SRR26789854,PneumoCaT,03
SRR26931009,PneumoCaT,15A
ERR13365571,PneumoCaT,09N
ERR2090413,PneumoCaT,05
ERR1788065,PneumoCaT,04
SRR26749896,PneumoCaT,21
SRR26884659,PneumoCaT,08
ERR3899492,PneumoCaT,14
ERR2681226,PneumoCaT,34
ERR13366245,PneumoCaT,15C
ERR884574,PneumoCaT,Failed
SRR26880268,PneumoCaT,09N
ERR701802,PneumoCaT,14
SRR26834059,PneumoCaT,08
ERR714697,PneumoCaT,19F
ERR600560,PneumoCaT,04
ERR980292,PneumoCaT,21
SRR26833834,PneumoCaT,08
ERR774150,PneumoCaT,15B
SRR26931507,PneumoCaT,12F
ERR908925,PneumoCaT,34
ERR1106631,PneumoCaT,25A
ERR2089858,PneumoCaT,05
ERR2667239,PneumoCaT,19AF
ERR14654040,PneumoCaT,23A
ERR714578,PneumoCaT,14
SRR26880339,PneumoCaT,Failed
ERR862402,PneumoCaT,Failed
ERR1202289,PneumoCaT,05
ERR2089296,PneumoCaT,17F
SRR26877897,PneumoCaT,12F
ERR913137,PneumoCaT,13
ERR7568056,PneumoCaT,34
ERR1066317,PneumoCaT,01
ERR1065872,PneumoCaT,23F
ERR13364538,PneumoCaT,07F
SRR26749255,PneumoCaT,08
ERR2667360,PneumoCaT,05
SRR26789842,PneumoCaT,08
SRR26797463,PneumoCaT,12F
ERR570412,PneumoCaT,14
ERR1788564,PneumoCaT,07B
ERR913339,PneumoCaT,Failed
ERR1795517,PneumoCaT,14
ERR2090654,PneumoCaT,33F
ERR14654000,PneumoCaT,14
ERR13374931,PneumoCaT,08
ERR13365029,PneumoCaT,14
ERR13364842,PneumoCaT,07F
SRR26930434,PneumoCaT,03
ERR316917,PneumoCaT,19B
ERR774047,PneumoCaT,07C
ERR326394,PneumoCaT,Failed
ERR2681307,PneumoCaT,19A
ERR13364417,PneumoCaT,19F
ERR516668,PneumoCaT,06A
ERR13365391,PneumoCaT,15A
ERR13364632,PneumoCaT,14
ERR14653919,PneumoCaT,06E
ERR505580,PneumoCaT,11A
SRR26817946,PneumoCaT,12F
ERR1066164,PneumoCaT,35B
SRR26833914,PneumoCaT,08
SRR26818522,PneumoCaT,22F
ERR750937,PneumoCaT,11A
SRR26931875,PneumoCaT,03
ERR13365206,PneumoCaT,19F
ERR4289136,PneumoCaT,23A
ERR13365464,PneumoCaT,08
ERR1192168,PneumoCaT,01
ERR7567723,PneumoCaT,31
ERR600233,PneumoCaT,33F
SRR26749997,PneumoCaT,19A
ERR1540817,PneumoCaT,10A
SRR26672952,PneumoCaT,19A
ERR1065277,PneumoCaT,11A
SRR26817916,PneumoCaT,03
SRR26789596,PneumoCaT,19AF
ERR913528,PneumoCaT,11A
SRR26749515,PneumoCaT,19AF
SRR26789663,PneumoCaT,22F
ERR774177,PneumoCaT,35B
ERR3669376,PneumoCaT,24F
ERR10419722,PneumoCaT,12F
ERR909318,PneumoCaT,07C
ERR714181,PneumoCaT,05
SRR26877919,PneumoCaT,19AF
SRR26878601,PneumoCaT,12F
ERR1214538,PneumoCaT,03
ERR331133,PneumoCaT,06E
ERR742353,PneumoCaT,19A
ERR909084,PneumoCaT,23F
SRR26931240,PneumoCaT,12F
SRR26931290,PneumoCaT,10A
SRR26594474,PneumoCaT,08
ERR2668128,PneumoCaT,05
ERR1065562,PneumoCaT,06A
ERR1214698,PneumoCaT,07C
ERR774591,PneumoCaT,01
ERR2681331,PneumoCaT,06E
ERR13365894,PneumoCaT,20
SRR26594661,PneumoCaT,09N
ERR326417,PneumoCaT,06E
ERR3270849,PneumoCaT,35B
ERR326420,PneumoCaT,04
ERR2091225,PneumoCaT,01
ERR7567733,PneumoCaT,10A
ERR913502,PneumoCaT,23F
ERR925198,PneumoCaT,15B
ERR908989,PneumoCaT,34
ERR913088,PneumoCaT,15B
SRR26818273,PneumoCaT,15B
ERR884408,PneumoCaT,19AF
ERR331423,PneumoCaT,14
ERR316606,PneumoCaT,19A
ERR913267,PneumoCaT,14
SRR26931130,PneumoCaT,03
ERR8481587,PneumoCaT,12F
ERR730663,PneumoCaT,Failed
SRR26594814,PneumoCaT,08
SRR26880109,PneumoCaT,23B1
ERR505956,PneumoCaT,06A
ERR13364756,PneumoCaT,09V
ERR845754,PneumoCaT,07A
SRR26673622,PneumoCaT,Failed
ERR2089321,PneumoCaT,21
SRR26910505,PneumoCaT,16F
ERR1106624,PneumoCaT,01
SRR26673371,PneumoCaT,10A
ERR774123,PneumoCaT,23F
SRR26879452,PneumoCaT,08
ERR862276,PneumoCaT,04
ERR1788064,PneumoCaT,14
ERR884302,PneumoCaT,14
ERR913426,PneumoCaT,06A
SRR26789450,PneumoCaT,08
ERR774111,PneumoCaT,11A
ERR8481883,PneumoCaT,23B
ERR1192012,PneumoCaT,01
ERR326416,PneumoCaT,Failed
ERR13366177,PneumoCaT,04
SRR26880392,PneumoCaT,12F
SRR26797051,PneumoCaT,22F
ERR2090515,PneumoCaT,05
SRR26673395,PneumoCaT,12B
ERR869932,PneumoCaT,19F
SRR26797347,PneumoCaT,19AF
ERR2667531,PneumoCaT,01
ERR1202511,PneumoCaT,09V
ERR3303296,PneumoCaT,14
SRR26818544,PneumoCaT,08
SRR26749421,PneumoCaT,15A
ERR13364550,PneumoCaT,23F
ERR505688,PneumoCaT,19A
ERR600235,PneumoCaT,19F
ERR876492,PneumoCaT,19F
ERR870284,PneumoCaT,01
ERR331166,PneumoCaT,06E
SRR26594982,PneumoCaT,23A
ERR1065784,PneumoCaT,31
ERR730511,PneumoCaT,01
SRR26931249,PneumoCaT,33F
SRR26884175,PneumoCaT,08
ERR1788108,PneumoCaT,09N
ERR425526,PneumoCaT,19F
ERR596409,PneumoCaT,19AF
ERR876488,PneumoCaT,33F
ERR2089620,PneumoCaT,01
SRR26930742,PneumoCaT,08
ERR774515,PneumoCaT,35B
SRR26834058,PneumoCaT,12F
ERR2612089,PneumoCaT,01
ERR8481795,PneumoCaT,35B
SRR26714849,PneumoCaT,08
SRR26930335,PneumoCaT,08
SRR26931844,PneumoCaT,35B
SRR26789784,PneumoCaT,06C
ERR13364555,PneumoCaT,19F
ERR1795481,PneumoCaT,14
SRR26930253,PneumoCaT,03
ERR1422579,PneumoCaT,11A
ERR2091221,PneumoCaT,05
ERR714727,PneumoCaT,16F
SRR26930902,PneumoCaT,08
SRR26880244,PneumoCaT,08
SRR26797318,PneumoCaT,08
SRR26797226,PneumoCaT,08
ERR925065,PneumoCaT,09V
ERR2089799,PneumoCaT,01
ERR516679,PneumoCaT,05
SRR26911142,PneumoCaT,08
ERR646557,PneumoCaT,34
ERR1430813,PneumoCaT,10A
ERR338225,PneumoCaT,09V
ERR2680582,PneumoCaT,23F
ERR2090804,PneumoCaT,12F
ERR7567728,PneumoCaT,12F
SRR26673100,PneumoCaT,08
ERR730652,PneumoCaT,Failed
SRR26789235,PneumoCaT,07A
ERR1192118,PneumoCaT,12F
ERR1214466,PneumoCaT,33B
SRR26789814,PneumoCaT,08
ERR742613,PneumoCaT,03
ERR774644,PneumoCaT,01
ERR2089759,PneumoCaT,06E
ERR331416,PneumoCaT,07A
ERR3796806,PneumoCaT,24B
ERR1066251,PneumoCaT,23F
ERR433541,PneumoCaT,23F
ERR1214607,PneumoCaT,33B
SRR26910955,PneumoCaT,12F
SRR26750033,PneumoCaT,19F
ERR3270766,PneumoCaT,10A
SRR26714801,PneumoCaT,Failed
SRR26749566,PneumoCaT,22F
SRR26749780,PneumoCaT,20
ERR2089155,PneumoCaT,01
ERR505921,PneumoCaT,06E
ERR1422501,PneumoCaT,09V
SRR26880260,PneumoCaT,08
SRR26884741,PneumoCaT,20
ERR742866,PneumoCaT,07A
ERR3303459,PneumoCaT,01
SRR26930621,PneumoCaT,22F
ERR876432,PneumoCaT,14
ERR876496,PneumoCaT,18B
ERR1202377,PneumoCaT,05
ERR2089287,PneumoCaT,10A
SRR26817902,PneumoCaT,06A
SRR26818337,PneumoCaT,10A
ERR1202385,PneumoCaT,12F
ERR13364534,PneumoCaT,14
ERR750866,PneumoCaT,19A
ERR13364645,PneumoCaT,14
ERR869941,PneumoCaT,06E
ERR13365697,PneumoCaT,17F
ERR433791,PneumoCaT,01
ERR984272,PneumoCaT,15C
ERR7567871,PneumoCaT,35B
ERR730175,PneumoCaT,35B
SRR26911020,PneumoCaT,35B
SRR26672759,PneumoCaT,23A
ERR751105,PneumoCaT,05
ERR742402,PneumoCaT,07A
SRR26910743,PneumoCaT,31
ERR338202,PneumoCaT,19F
ERR1422563,PneumoCaT,14
SRR26818094,PneumoCaT,19A
SRR26797834,PneumoCaT,08
ERR751137,PneumoCaT,06E
ERR7568068,PneumoCaT,23B
ERR2667597,PneumoCaT,09N
SRR26930315,PneumoCaT,09N
SRR26672801,PneumoCaT,03
ERR13364383,PneumoCaT,14
ERR1430960,PneumoCaT,15C
ERR13364476,PneumoCaT,08
ERR433805,PneumoCaT,01
ERR633115,PneumoCaT,06A
SRR26797227,PneumoCaT,09N
SRR26879744,PneumoCaT,35B
SRR26878059,PneumoCaT,27
SRR26750108,PneumoCaT,08
ERR340889,PneumoCaT,07A
ERR1202072,PneumoCaT,25A
SRR26931632,PneumoCaT,03
SRR26877817,PneumoCaT,22F
ERR876768,PneumoCaT,14
ERR2681276,PneumoCaT,14
ERR774097,PneumoCaT,08
ERR876630,PneumoCaT,18B
ERR1191933,PneumoCaT,Failed
ERR13364702,PneumoCaT,14
SRR26878156,PneumoCaT,23B1
SRR26910296,PneumoCaT,08
SRR26797782,PneumoCaT,16F
SRR26817966,PneumoCaT,08
ERR600625,PneumoCaT,23F
SRR26789526,PneumoCaT,06A
ERR586402,PneumoCaT,35B
ERR2090679,PneumoCaT,12F
SRR26818580,PneumoCaT,19A
ERR1795514,PneumoCaT,06D
SRR26880317,PneumoCaT,15A
SRR26930518,PneumoCaT,12F
ERR2680929,PneumoCaT,06A
SRR26883923,PneumoCaT,15A
SRR26931769,PneumoCaT,08
ERR3655238,PneumoCaT,19F
SRR26931660,PneumoCaT,03
SRR26789401,PneumoCaT,08
SRR26834095,PneumoCaT,15A
ERR2612070,PneumoCaT,09V
ERR1106681,PneumoCaT,01
ERR984293,PneumoCaT,34
ERR13375128,PneumoCaT,22F
SRR26910454,PneumoCaT,09N
ERR774654,PneumoCaT,Failed
ERR13365271,PneumoCaT,06D
ERR876639,PneumoCaT,01
ERR13364844,PneumoCaT,14
ERR2680925,PneumoCaT,23A
ERR2853438,PneumoCaT,19AF
ERR750906,PneumoCaT,06E
SRR26673122,PneumoCaT,03
ERR1453484,PneumoCaT,19A
ERR13364526,PneumoCaT,06E
ERR434047,PneumoCaT,18B
ERR714540,PneumoCaT,06A
ERR13365907,PneumoCaT,03
ERR490775,PneumoCaT,04
ERR742721,PneumoCaT,23F
SRR26789886,PneumoCaT,08
SRR26673700,PneumoCaT,33F
ERR742671,PneumoCaT,05
ERR490722,PneumoCaT,06A
ERR1788059,PneumoCaT,14
ERR925143,PneumoCaT,15A
SRR26910494,PneumoCaT,09N
ERR1202490,PneumoCaT,12F
SRR26930565,PneumoCaT,15A
ERR884613,PneumoCaT,Failed
ERR997526,PneumoCaT,21
ERR876467,PneumoCaT,33F
ERR714118,PneumoCaT,12F
ERR13365254,PneumoCaT,Failed
SRR26672840,PneumoCaT,19AF
ERR742831,PneumoCaT,14
SRR26594297,PneumoCaT,23A
ERR1202488,PneumoCaT,19F
ERR773882,PneumoCaT,01
ERR13365298,PneumoCaT,34
SRR26594701,PneumoCaT,31
ERR2089956,PneumoCaT,19F
ERR2667111,PneumoCaT,15C
ERR913281,PneumoCaT,19AF
ERR600132,PneumoCaT,09N
ERR3303380,PneumoCaT,05
ERR1065306,PneumoCaT,34
SRR26817779,PneumoCaT,07A
ERR505999,PneumoCaT,33F
ERR925129,PneumoCaT,Failed
ERR750841,PneumoCaT,10F
ERR730672,PneumoCaT,19AF
SRR26879774,PneumoCaT,17F
ERR2091013,PneumoCaT,10A
ERR600336,PneumoCaT,04
SRR26749748,PneumoCaT,06D
ERR8481827,PneumoCaT,06D
ERR3899282,PneumoCaT,14
SRR26818351,PneumoCaT,33F
ERR13374698,PneumoCaT,22F
ERR3796760,PneumoCaT,24B
ERR869915,PneumoCaT,05
ERR2667271,PneumoCaT,05
ERR870197,PneumoCaT,14
ERR1788470,PneumoCaT,14
ERR13374777,PneumoCaT,04
ERR774728,PneumoCaT,Failed
SRR26594699,PneumoCaT,19AF
ERR2089727,PneumoCaT,24B
ERR1202621,PneumoCaT,14
SRR26930388,PneumoCaT,03
ERR730340,PneumoCaT,06E
SRR26879973,PneumoCaT,09N
SRR26714087,PneumoCaT,12F
ERR568755,PneumoCaT,23A
ERR2667793,PneumoCaT,05
ERR913142,PneumoCaT,06A
ERR1788201,PneumoCaT,22F
ERR1422615,PneumoCaT,02
SRR26884218,PneumoCaT,08
ERR338193,PneumoCaT,07A
SRR26930685,PneumoCaT,06C
ERR13374712,PneumoCaT,35B
ERR2089658,PneumoCaT,19F
ERR2090225,PneumoCaT,06A
ERR876573,PneumoCaT,01
ERR570395,PneumoCaT,04
ERR2089585,PneumoCaT,01
SRR26789759,PneumoCaT,17F
SRR26931291,PneumoCaT,12F
ERR2091061,PneumoCaT,23F
ERR980217,PneumoCaT,23B1
SRR26790166,PneumoCaT,12F
ERR13364941,PneumoCaT,16F
SRR26833718,PneumoCaT,22F
ERR7567866,PneumoCaT,33D
ERR751040,PneumoCaT,06E
ERR2667406,PneumoCaT,35B
ERR2667719,PneumoCaT,14
SRR26931104,PneumoCaT,08
ERR1453358,PneumoCaT,19F
ERR845751,PneumoCaT,14
ERR1065157,PneumoCaT,10A
ERR774572,PneumoCaT,01
SRR26797985,PneumoCaT,08
ERR925381,PneumoCaT,Failed
ERR5336815,PneumoCaT,04
ERR2089193,PneumoCaT,14
SRR26749979,PneumoCaT,10A
SRR26818615,PneumoCaT,09V
SRR26931782,PneumoCaT,22F
SRR26930345,PneumoCaT,22F
SRR26714099,PneumoCaT,Failed
ERR909167,PneumoCaT,19F
ERR2090414,PneumoCaT,05
ERR2089037,PneumoCaT,23B1
SRR26673524,PneumoCaT,08
ERR316650,PneumoCaT,Failed
ERR1191901,PneumoCaT,06E
ERR774566,PneumoCaT,39
ERR1202073,PneumoCaT,19F
ERR2680643,PneumoCaT,19F
SRR26594176,PneumoCaT,08
ERR2090026,PneumoCaT,15C
ERR730739,PneumoCaT,19F
SRR26878040,PneumoCaT,03
ERR774725,PneumoCaT,35B
ERR13366148,PneumoCaT,14
ERR1422653,PneumoCaT,03
ERR1066026,PneumoCaT,06E
SRR26714148,PneumoCaT,07C
SRR26879960,PneumoCaT,08
ERR1430867,PneumoCaT,01
ERR13365722,PneumoCaT,35B
ERR870285,PneumoCaT,23A
ERR1453744,PneumoCaT,15C
ERR979922,PneumoCaT,01
SRR26880184,PneumoCaT,15B
ERR1540761,PneumoCaT,23F
SRR26930967,PneumoCaT,24B
ERR730522,PneumoCaT,06A
ERR338207,PneumoCaT,08
ERR13365492,PneumoCaT,04
SRR26878392,PneumoCaT,11D
ERR1065911,PneumoCaT,23F
ERR662441,PneumoCaT,07A
ERR714112,PneumoCaT,01
SRR26749509,PneumoCaT,22F
ERR600422,PneumoCaT,19F
SRR26789859,PneumoCaT,33F
ERR2089904,PneumoCaT,16F
ERR13365366,PneumoCaT,07A
SRR26910804,PneumoCaT,09N
ERR980101,PneumoCaT,14
SRR26834258,PneumoCaT,08
ERR2680937,PneumoCaT,01
ERR316577,PneumoCaT,05
ERR2667609,PneumoCaT,01
SRR26797877,PneumoCaT,15C
SRR26594722,PneumoCaT,20
ERR869921,PneumoCaT,Failed
ERR13374916,PneumoCaT,22F
ERR1065703,PneumoCaT,21
ERR2090691,PneumoCaT,12F
ERR2091142,PneumoCaT,23F
ERR352043,PneumoCaT,12F
ERR1202230,PneumoCaT,21
SRR26931119,PneumoCaT,23B1
ERR1065734,PneumoCaT,21
SRR26878674,PneumoCaT,09N
SRR26818173,PneumoCaT,10A
SRR26797517,PneumoCaT,23B
SRR26930841,PneumoCaT,09N
ERR632948,PneumoCaT,06A
ERR4501369,PneumoCaT,24B
SRR26818108,PneumoCaT,19AF
ERR586472,PneumoCaT,06A
ERR425488,PneumoCaT,11A
SRR26595007,PneumoCaT,08
SRR26930184,PneumoCaT,08
SRR26789220,PneumoCaT,03
SRR26884251,PneumoCaT,08
ERR2612098,PneumoCaT,01
SRR26797538,PneumoCaT,08
SRR26797451,PneumoCaT,12F
ERR730869,PneumoCaT,06A
SRR26594272,PneumoCaT,03
SRR26797594,PneumoCaT,12F
SRR26879880,PneumoCaT,23B
ERR736931,PneumoCaT,Failed
ERR1066165,PneumoCaT,22F
ERR730240,PneumoCaT,19A
SRR26594404,PneumoCaT,12F
SRR26673277,PneumoCaT,Failed
ERR1658110,PneumoCaT,23B1
ERR925261,PneumoCaT,Failed
ERR433648,PneumoCaT,07A
SRR26931595,PneumoCaT,23B
ERR316613,PneumoCaT,06A
ERR326483,PneumoCaT,14
SRR26818418,PneumoCaT,22F
ERR869997,PneumoCaT,10B
ERR1540810,PneumoCaT,15A
ERR600177,PneumoCaT,10A
ERR980112,PneumoCaT,14
SRR26878421,PneumoCaT,09N
ERR997626,PneumoCaT,06A
SRR26884159,PneumoCaT,08
ERR884594,PneumoCaT,Failed
ERR13374870,PneumoCaT,33F
ERR2090681,PneumoCaT,05
SRR26910618,PneumoCaT,20
ERR13366030,PneumoCaT,19F
ERR2612111,PneumoCaT,05
SRR26673182,PneumoCaT,03
ERR425505,PneumoCaT,14
SRR26910298,PneumoCaT,12F
ERR600270,PneumoCaT,03
ERR316922,PneumoCaT,16F
ERR646550,PneumoCaT,23F
ERR1430861,PneumoCaT,01
SRR26911090,PneumoCaT,08
SRR26818224,PneumoCaT,09N
SRR26879549,PneumoCaT,24B
SRR26790032,PneumoCaT,08
ERR586345,PneumoCaT,15C
ERR1430914,PneumoCaT,10A
ERR2089976,PneumoCaT,01
ERR13365334,PneumoCaT,08
ERR774271,PneumoCaT,01
SRR26818058,PneumoCaT,22F
SRR26834005,PneumoCaT,08
ERR1192137,PneumoCaT,21
SRR26797991,PneumoCaT,08
ERR751146,PneumoCaT,14
ERR869894,PneumoCaT,06E
ERR908933,PneumoCaT,12B
ERR600359,PneumoCaT,19F
SRR26884442,PneumoCaT,22F
ERR9796539,PneumoCaT,19AF
ERR701821,PneumoCaT,01
ERR505585,PneumoCaT,35F
SRR26672999,PneumoCaT,11A
ERR600484,PneumoCaT,15B
ERR2667104,PneumoCaT,19A
SRR26910731,PneumoCaT,Failed
ERR909193,PneumoCaT,19F
ERR311098,PneumoCaT,06E
ERR425404,PneumoCaT,22F
SRR26749210,PneumoCaT,10A
ERR730535,PneumoCaT,23F
SRR26673451,PneumoCaT,11D
SRR26818301,PneumoCaT,08
ERR1788327,PneumoCaT,15C
SRR26879794,PneumoCaT,33F
SRR26714094,PneumoCaT,03
SRR26884566,PneumoCaT,03
SRR26714674,PneumoCaT,03
SRR26714757,PneumoCaT,08
ERR1214332,PneumoCaT,19F
ERR774143,PneumoCaT,09V
ERR4289053,PneumoCaT,03
SRR26818128,PneumoCaT,08
ERR1065159,PneumoCaT,20
ERR997506,PneumoCaT,21
ERR1764052,PneumoCaT,01
SRR26818060,PneumoCaT,09N
ERR3796631,PneumoCaT,24B
SRR26833542,PneumoCaT,07C
ERR13365524,PneumoCaT,09N
ERR1065912,PneumoCaT,19F
ERR1453694,PneumoCaT,15C
ERR701828,PneumoCaT,06E
SRR26910423,PneumoCaT,12F
ERR774647,PneumoCaT,06A
SRR26911032,PneumoCaT,06C
SRR26879479,PneumoCaT,23A
ERR913195,PneumoCaT,19AF
ERR869830,PneumoCaT,13
ERR13364570,PneumoCaT,14
ERR1288967,PneumoCaT,05
SRR26878398,PneumoCaT,12F
ERR9796530,PneumoCaT,11A
ERR13366109,PneumoCaT,08
SRR26714694,PneumoCaT,09N
SRR26878488,PneumoCaT,08
ERR2681275,PneumoCaT,06D
ERR2667795,PneumoCaT,19A
ERR2090778,PneumoCaT,09N
ERR2089506,PneumoCaT,12F
ERR750868,PneumoCaT,19F
ERR433570,PneumoCaT,18A
ERR908943,PneumoCaT,06E
SRR26834184,PneumoCaT,08
ERR714687,PneumoCaT,06A
ERR633067,PneumoCaT,14
ERR2853656,PneumoCaT,19A
ERR13364920,PneumoCaT,19F
SRR26911182,PneumoCaT,22F
ERR1756404,PneumoCaT,33F
ERR340871,PneumoCaT,09N
ERR13365769,PneumoCaT,08
SRR26884521,PneumoCaT,08
SRR26817724,PneumoCaT,03
ERR7568047,PneumoCaT,04
ERR751162,PneumoCaT,23F
SRR26883978,PneumoCaT,31
ERR714675,PneumoCaT,09V
ERR1065350,PneumoCaT,23F
ERR2680743,PneumoCaT,06E
SRR26673588,PneumoCaT,19A
SRR26817854,PneumoCaT,09N
SRR26797474,PneumoCaT,07A
ERR316825,PneumoCaT,11A
ERR845740,PneumoCaT,Failed
SRR26749705,PneumoCaT,19F
ERR570445,PneumoCaT,14
SRR26884147,PneumoCaT,07C
SRR26750030,PneumoCaT,08
ERR1788532,PneumoCaT,07F
SRR26750000,PneumoCaT,Failed
SRR26789982,PneumoCaT,11A
ERR876552,PneumoCaT,18B
ERR742449,PneumoCaT,17F
ERR1422680,PneumoCaT,19A
ERR13364767,PneumoCaT,Failed
ERR714232,PneumoCaT,01
ERR1453802,PneumoCaT,18B
SRR26797290,PneumoCaT,10A
SRR26883869,PneumoCaT,35F
SRR26672894,PneumoCaT,Failed
ERR2090901,PneumoCaT,05
SRR26910574,PneumoCaT,23A
ERR1202359,PneumoCaT,01
ERR13374864,PneumoCaT,35B
ERR2090934,PneumoCaT,09V
ERR570419,PneumoCaT,01
ERR8481544,PneumoCaT,19F
SRR26673142,PneumoCaT,17F
SRR26879576,PneumoCaT,08
ERR909314,PneumoCaT,21
SRR26834407,PneumoCaT,15A
SRR26931192,PneumoCaT,03
SRR26749517,PneumoCaT,15A
ERR1214372,PneumoCaT,23F
ERR730215,PneumoCaT,16F
ERR568462,PneumoCaT,14
ERR600362,PneumoCaT,01
SRR26818643,PneumoCaT,08
SRR26673391,PneumoCaT,08
SRR26931395,PneumoCaT,19AF
SRR26884297,PneumoCaT,08
ERR730633,PneumoCaT,01
SRR26673438,PneumoCaT,19AF
ERR13366240,PneumoCaT,14
SRR26817725,PneumoCaT,08
ERR8481791,PneumoCaT,13
ERR1422533,PneumoCaT,14
SRR26931707,PneumoCaT,38
ERR326454,PneumoCaT,19F
SRR26818664,PneumoCaT,19AF
ERR3303223,PneumoCaT,10A
SRR26880417,PneumoCaT,22F
SRR26790031,PneumoCaT,08
ERR1066050,PneumoCaT,14
ERR2680640,PneumoCaT,06E
ERR742706,PneumoCaT,06A
SRR26878284,PneumoCaT,23B1
ERR1422452,PneumoCaT,19F
ERR13374848,PneumoCaT,31
SRR26930286,PneumoCaT,08
ERR1788091,PneumoCaT,21
SRR26884695,PneumoCaT,23B1
ERR2090501,PneumoCaT,01
ERR5262735,PneumoCaT,04
SRR26834394,PneumoCaT,08
SRR26749811,PneumoCaT,08
ERR862478,PneumoCaT,07A
ERR1106782,PneumoCaT,19A
ERR1214691,PneumoCaT,23F
ERR331138,PneumoCaT,06E
SRR26749610,PneumoCaT,35F
SRR26818187,PneumoCaT,08
SRR26817950,PneumoCaT,04
SRR26878635,PneumoCaT,12F
ERR13366206,PneumoCaT,18B
ERR13364590,PneumoCaT,19F
ERR730386,PneumoCaT,01
SRR26715067,PneumoCaT,03
SRR26878333,PneumoCaT,08
ERR997663,PneumoCaT,14
ERR1191869,PneumoCaT,14
SRR26930665,PneumoCaT,19A
ERR714192,PneumoCaT,14
SRR26797114,PneumoCaT,33F
ERR1799762,PneumoCaT,38
SRR26594339,PneumoCaT,08
ERR742694,PneumoCaT,02
SRR26749182,PneumoCaT,08
SRR26595096,PneumoCaT,35B
ERR870061,PneumoCaT,35B
ERR3796912,PneumoCaT,24B
ERR505577,PneumoCaT,Failed
ERR316648,PneumoCaT,04
SRR26834388,PneumoCaT,07C
SRR26797349,PneumoCaT,19AF
SRR26818027,PneumoCaT,12F
ERR4501435,PneumoCaT,24B
ERR13364503,PneumoCaT,08
SRR26673168,PneumoCaT,16F
ERR925298,PneumoCaT,Failed
SRR26714408,PneumoCaT,22F
ERR2612052,PneumoCaT,19AF
SRR26789670,PneumoCaT,12F
ERR913265,PneumoCaT,16F
ERR869902,PneumoCaT,Failed
ERR8481832,PneumoCaT,07A
ERR2667428,PneumoCaT,18A
SRR26883825,PneumoCaT,03
ERR433725,PneumoCaT,19A
ERR3303206,PneumoCaT,10A
ERR1065182,PneumoCaT,09V
ERR742453,PneumoCaT,06A
ERR13374781,PneumoCaT,10A
SRR26749502,PneumoCaT,22F
SRR26884310,PneumoCaT,17F
SRR26931202,PneumoCaT,12F
ERR774705,PneumoCaT,15B
ERR13365598,PneumoCaT,14
SRR26789272,PneumoCaT,08
ERR2667505,PneumoCaT,23F
ERR8481894,PneumoCaT,Failed
ERR13375012,PneumoCaT,35F
ERR2667170,PneumoCaT,05
ERR2853600,PneumoCaT,19AF
ERR751038,PneumoCaT,07F
ERR900735,PneumoCaT,16F
ERR2680828,PneumoCaT,15C
SRR26594250,PneumoCaT,22F
ERR2089531,PneumoCaT,19A
SRR26879509,PneumoCaT,08
SRR26910325,PneumoCaT,Failed
ERR869949,PneumoCaT,05
ERR980263,PneumoCaT,20
ERR730300,PneumoCaT,06B
ERR600257,PneumoCaT,19A
ERR730483,PneumoCaT,34
SRR26877789,PneumoCaT,17F
ERR1788572,PneumoCaT,14
ERR714268,PneumoCaT,06B
ERR3796606,PneumoCaT,24B
SRR26879451,PneumoCaT,20
ERR2090675,PneumoCaT,12F
SRR26910334,PneumoCaT,22F
SRR26749176,PneumoCaT,15B
ERR2090775,PneumoCaT,12F
ERR2090637,PneumoCaT,05
SRR26878150,PneumoCaT,19F
ERR884632,PneumoCaT,Failed
SRR26834266,PneumoCaT,35F
ERR2667081,PneumoCaT,03
ERR2853662,PneumoCaT,19A
ERR8481807,PneumoCaT,15C
SRR26714572,PneumoCaT,35B
ERR774205,PneumoCaT,15A
ERR925074,PneumoCaT,Failed
SRR26797964,PneumoCaT,15A
ERR742378,PneumoCaT,01
SRR26594780,PneumoCaT,08
SRR26880086,PneumoCaT,09N
ERR13374782,PneumoCaT,22F
SRR26930591,PneumoCaT,33F
SRR26818585,PneumoCaT,03
SRR26789420,PneumoCaT,23B1
ERR13365523,PneumoCaT,03
SRR26749966,PneumoCaT,08
SRR26789337,PneumoCaT,08
ERR862428,PneumoCaT,22A
ERR2090730,PneumoCaT,16F
ERR505469,PneumoCaT,19F
ERR909228,PneumoCaT,07C
ERR1214450,PneumoCaT,05
SRR26834448,PneumoCaT,08
ERR352055,PneumoCaT,14
ERR2091180,PneumoCaT,10B
SRR26749769,PneumoCaT,12F
ERR600107,PneumoCaT,23A
ERR870299,PneumoCaT,06A
ERR2090969,PneumoCaT,05
ERR13365456,PneumoCaT,04
SRR26714678,PneumoCaT,Failed
ERR774373,PneumoCaT,01
ERR742427,PneumoCaT,19A
ERR505933,PneumoCaT,23F
ERR2090550,PneumoCaT,01
SRR26818651,PneumoCaT,10A
ERR13375121,PneumoCaT,35B
ERR8481706,PneumoCaT,35B
SRR26834208,PneumoCaT,09N
ERR1788221,PneumoCaT,03
ERR600543,PneumoCaT,18B
SRR26789950,PneumoCaT,17F
SRR26714853,PneumoCaT,22F
ERR14654006,PneumoCaT,06A
ERR1066171,PneumoCaT,19F
SRR26797446,PneumoCaT,08
SRR26879689,PneumoCaT,19A
SRR26883860,PneumoCaT,08
SRR26818481,PneumoCaT,06D
ERR2089071,PneumoCaT,19A
SRR26930403,PneumoCaT,08
ERR505758,PneumoCaT,16F
SRR26930261,PneumoCaT,10A
ERR730942,PneumoCaT,14
ERR1214323,PneumoCaT,35B
SRR26878096,PneumoCaT,12F
SRR26883823,PneumoCaT,17F
SRR26910258,PneumoCaT,08
ERR862496,PneumoCaT,06E
ERR742769,PneumoCaT,07C
ERR577962,PneumoCaT,18B
ERR13366021,PneumoCaT,23B1
ERR505750,PneumoCaT,19A
SRR26930397,PneumoCaT,08
SRR26594364,PneumoCaT,24B
SRR26594188,PneumoCaT,03
ERR1658252,PneumoCaT,12F
ERR1288873,PneumoCaT,10B
SRR26595042,PneumoCaT,08
SRR26749933,PneumoCaT,08
SRR26672755,PneumoCaT,08
ERR2667454,PneumoCaT,23F
SRR26673535,PneumoCaT,12F
ERR742438,PneumoCaT,23F
SRR26880054,PneumoCaT,22F
ERR900712,PneumoCaT,23F
ERR730412,PneumoCaT,14
ERR742342,PneumoCaT,14
ERR742493,PneumoCaT,14
ERR2089419,PneumoCaT,24B
ERR331178,PneumoCaT,06D
ERR979902,PneumoCaT,01
ERR774719,PneumoCaT,35B
SRR26673424,PneumoCaT,12F
SRR26931427,PneumoCaT,09N
SRR26834311,PneumoCaT,08
ERR714638,PneumoCaT,19AF
ERR2853631,PneumoCaT,19AF
ERR750786,PneumoCaT,28F
ERR774607,PneumoCaT,05
ERR2090755,PneumoCaT,38
ERR884590,PneumoCaT,Failed
SRR26931502,PneumoCaT,08
SRR26880150,PneumoCaT,15A
SRR26797476,PneumoCaT,15C
ERR714582,PneumoCaT,18B
SRR26714756,PneumoCaT,08
ERR1658200,PneumoCaT,10A
ERR13365545,PneumoCaT,03
SRR26930826,PneumoCaT,08
SRR26880149,PneumoCaT,07C
ERR425501,PneumoCaT,06E
ERR433954,PneumoCaT,24B
SRR26884424,PneumoCaT,09N
SRR26673564,PneumoCaT,23B1
SRR26818129,PneumoCaT,08
SRR26931020,PneumoCaT,01
ERR1788323,PneumoCaT,01
ERR505529,PneumoCaT,09V
SRR26931748,PneumoCaT,08
ERR1799713,PneumoCaT,15C
ERR742466,PneumoCaT,19A
SRR26880328,PneumoCaT,Failed
SRR26833998,PneumoCaT,19A
ERR516692,PneumoCaT,19F
SRR26930975,PneumoCaT,33F
SRR26883932,PneumoCaT,10A
SRR26879663,PneumoCaT,Failed
SRR26879961,PneumoCaT,08
SRR26884300,PneumoCaT,19AF
ERR750977,PneumoCaT,15C
ERR600249,PneumoCaT,23B
SRR26879991,PneumoCaT,08
ERR9796528,PneumoCaT,15C
SRR26749724,PneumoCaT,08
SRR26749338,PneumoCaT,12F
ERR1214575,PneumoCaT,19F
ERR2667548,PneumoCaT,14
ERR913424,PneumoCaT,05
ERR316891,PneumoCaT,18B
ERR3899218,PneumoCaT,23F
ERR714156,PneumoCaT,01
ERR2667436,PneumoCaT,06E
ERR2089232,PneumoCaT,17F
ERR1288918,PneumoCaT,01
ERR600364,PneumoCaT,04
ERR2090979,PneumoCaT,08
SRR26884640,PneumoCaT,08
ERR319328,PneumoCaT,Failed
ERR449237,PneumoCaT,19A
SRR26880060,PneumoCaT,18A
SRR26884193,PneumoCaT,Failed
SRR26594362,PneumoCaT,08
SRR26672901,PneumoCaT,12F
SRR26834068,PneumoCaT,08
ERR2667182,PneumoCaT,20
ERR774308,PneumoCaT,20
SRR26797567,PneumoCaT,03
SRR26911024,PneumoCaT,12F
ERR925289,PneumoCaT,Failed
ERR2681141,PneumoCaT,06E
ERR979923,PneumoCaT,01
ERR568688,PneumoCaT,19F
ERR876782,PneumoCaT,14
ERR870025,PneumoCaT,09V
ERR3227802,PneumoCaT,33F
ERR433539,PneumoCaT,04
ERR1788163,PneumoCaT,35F
ERR900714,PneumoCaT,06A
ERR908930,PneumoCaT,06E
SRR26673551,PneumoCaT,Failed
ERR1788561,PneumoCaT,09V
ERR13364387,PneumoCaT,35F
ERR1453434,PneumoCaT,12F
SRR26818024,PneumoCaT,20
ERR13364618,PneumoCaT,14
ERR742621,PneumoCaT,15B
SRR26930797,PneumoCaT,03
ERR1202199,PneumoCaT,03
ERR13364913,PneumoCaT,28F
SRR26818600,PneumoCaT,09N
SRR26714071,PneumoCaT,19F
ERR913185,PneumoCaT,19A
ERR913525,PneumoCaT,23F
ERR1422404,PneumoCaT,14
ERR2091238,PneumoCaT,05
ERR13397672,PneumoCaT,22F
ERR2089113,PneumoCaT,13
ERR1065785,PneumoCaT,21
ERR2091096,PneumoCaT,05
SRR26878231,PneumoCaT,10A
ERR876785,PneumoCaT,14
ERR774036,PneumoCaT,15C
ERR742347,PneumoCaT,22F
ERR449143,PneumoCaT,07A
ERR9796471,PneumoCaT,24F
SRR26931350,PneumoCaT,19A
ERR505710,PneumoCaT,06D
ERR774022,PneumoCaT,01
SRR26877995,PneumoCaT,03
ERR1065272,PneumoCaT,15C
ERR13365023,PneumoCaT,19F
ERR909301,PneumoCaT,19AF
ERR13365446,PneumoCaT,24F
SRR26910708,PneumoCaT,12F
ERR13374606,PneumoCaT,09V
ERR2089623,PneumoCaT,06A
ERR1764036,PneumoCaT,01
ERR326717,PneumoCaT,19AF
SRR26884280,PneumoCaT,08
ERR13366026,PneumoCaT,23B
ERR1422695,PneumoCaT,35B
ERR751172,PneumoCaT,06B
SRR26714232,PneumoCaT,33F
ERR13365911,PneumoCaT,03
ERR433545,PneumoCaT,12F
ERR13374752,PneumoCaT,07C
ERR1422500,PneumoCaT,14
ERR2667132,PneumoCaT,03
ERR3303146,PneumoCaT,06E
SRR26817941,PneumoCaT,08
SRR26833941,PneumoCaT,08
SRR26797655,PneumoCaT,08
SRR26910409,PneumoCaT,09N
ERR714698,PneumoCaT,04
ERR900685,PneumoCaT,13
ERR1191897,PneumoCaT,23F
ERR1422658,PneumoCaT,14
SRR26749744,PneumoCaT,08
ERR600557,PneumoCaT,06A
SRR26884407,PneumoCaT,15A
ERR2667755,PneumoCaT,01
SRR26910415,PneumoCaT,35B
SRR26879620,PneumoCaT,08
SRR26594729,PneumoCaT,22F
ERR909155,PneumoCaT,09N
ERR876713,PneumoCaT,14
ERR1540740,PneumoCaT,19F
ERR319334,PneumoCaT,06D
SRR26594423,PneumoCaT,33F
ERR730841,PneumoCaT,14
ERR568616,PneumoCaT,Failed
SRR26930697,PneumoCaT,12F
ERR2681304,PneumoCaT,23A
ERR13365335,PneumoCaT,08
SRR26672961,PneumoCaT,03
ERR505619,PneumoCaT,Failed
ERR2681033,PneumoCaT,06A
ERR1065530,PneumoCaT,16F
ERR3303178,PneumoCaT,11A
SRR26884396,PneumoCaT,03
SRR26749843,PneumoCaT,33F
ERR1453831,PneumoCaT,19F
ERR1214345,PneumoCaT,19F
SRR26930802,PneumoCaT,19A
ERR751050,PneumoCaT,14
ERR913090,PneumoCaT,19AF
ERR600202,PneumoCaT,33F
ERR13364969,PneumoCaT,07A
ERR2667694,PneumoCaT,19AF
ERR1192174,PneumoCaT,20
ERR505727,PneumoCaT,34
SRR26931586,PneumoCaT,16F
ERR997577,PneumoCaT,Failed
ERR742812,PneumoCaT,06E
ERR13374974,PneumoCaT,23B1
ERR730489,PneumoCaT,28A
SRR26749930,PneumoCaT,35B
SRR26797662,PneumoCaT,15A
ERR774082,PneumoCaT,15B
ERR1065781,PneumoCaT,07C
SRR26883841,PneumoCaT,03
ERR2681032,PneumoCaT,06A
ERR742773,PneumoCaT,05
ERR2667770,PneumoCaT,01
ERR1788536,PneumoCaT,29
ERR425502,PneumoCaT,06D
ERR730285,PneumoCaT,28F
SRR26877797,PneumoCaT,12F
SRR26884608,PneumoCaT,15C
ERR773970,PneumoCaT,01
ERR1658144,PneumoCaT,35B
ERR7568083,PneumoCaT,08
SRR26930679,PneumoCaT,09N
SRR26789686,PneumoCaT,08
ERR2090763,PneumoCaT,15C
ERR984295,PneumoCaT,23F
ERR1192090,PneumoCaT,21
SRR26930716,PneumoCaT,08
ERR433846,PneumoCaT,01
SRR26714574,PneumoCaT,08
SRR26878516,PneumoCaT,08
SRR26595064,PneumoCaT,03
ERR600184,PneumoCaT,22F
SRR26797553,PneumoCaT,07C
ERR870316,PneumoCaT,06E
SRR26789765,PneumoCaT,33F
ERR2680724,PneumoCaT,15C
SRR26790094,PneumoCaT,15C
ERR869945,PneumoCaT,16F
ERR316799,PneumoCaT,06A
ERR980349,PneumoCaT,06D
SRR26878100,PneumoCaT,08
ERR9796529,PneumoCaT,34
SRR26797467,PneumoCaT,23B1
SRR26594527,PneumoCaT,19AF
SRR26931406,PneumoCaT,23A
ERR490787,PneumoCaT,19F
SRR26749403,PneumoCaT,23A
ERR884561,PneumoCaT,18B
SRR26797260,PneumoCaT,08
SRR26884467,PneumoCaT,03
ERR2090799,PneumoCaT,12F
ERR908900,PneumoCaT,15B
SRR26594850,PneumoCaT,15A
SRR26878367,PneumoCaT,10A
ERR13374946,PneumoCaT,24B
ERR13364569,PneumoCaT,Failed
ERR13365713,PneumoCaT,16F
SRR26931002,PneumoCaT,31
SRR26673191,PneumoCaT,09N
ERR316933,PneumoCaT,Failed
ERR600486,PneumoCaT,01
ERR1202607,PneumoCaT,06A
ERR3899201,PneumoCaT,19AF
ERR862296,PneumoCaT,05
ERR1453629,PneumoCaT,06E
ERR876509,PneumoCaT,12F
ERR2090830,PneumoCaT,33F
ERR1453293,PneumoCaT,34
SRR26910895,PneumoCaT,03
SRR26930711,PneumoCaT,10A
ERR7567800,PneumoCaT,12F
ERR433912,PneumoCaT,22F
ERR1214465,PneumoCaT,19AF
ERR13365269,PneumoCaT,19AF
ERR13365033,PneumoCaT,14
ERR600145,PneumoCaT,22F
SRR26930539,PneumoCaT,08
SRR26833997,PneumoCaT,35B
ERR2680936,PneumoCaT,23F
ERR3796913,PneumoCaT,24B
ERR1788427,PneumoCaT,14
SRR26911064,PneumoCaT,Failed
ERR1453741,PneumoCaT,15A
SRR26594263,PneumoCaT,20
SRR26817968,PneumoCaT,22F
ERR1788491,PneumoCaT,23F
ERR568525,PneumoCaT,23F
SRR26931054,PneumoCaT,22F
ERR742704,PneumoCaT,06A
SRR26817970,PneumoCaT,10A
ERR870263,PneumoCaT,11B
SRR26817738,PneumoCaT,08
ERR3217384,PneumoCaT,16F
ERR751094,PneumoCaT,19F
ERR1288904,PneumoCaT,45
SRR26594473,PneumoCaT,12F
ERR774159,PneumoCaT,08
SRR26594791,PneumoCaT,21
ERR586363,PneumoCaT,06A
ERR2667718,PneumoCaT,09V
SRR26878316,PneumoCaT,10A
ERR1288812,PneumoCaT,04
SRR26749976,PneumoCaT,11D
ERR876660,PneumoCaT,14
SRR26797187,PneumoCaT,08
ERR876654,PneumoCaT,06A
SRR26714119,PneumoCaT,08
ERR2681188,PneumoCaT,06A
ERR1214699,PneumoCaT,04
ERR1658194,PneumoCaT,19F
SRR26750146,PneumoCaT,15A
ERR505804,PneumoCaT,11D
ERR501605,PneumoCaT,19F
SRR26879914,PneumoCaT,08
SRR26714648,PneumoCaT,12F
SRR26910795,PneumoCaT,08
ERR774184,PneumoCaT,15C
SRR26749282,PneumoCaT,22F
ERR773902,PneumoCaT,01
ERR2089326,PneumoCaT,09V
ERR433850,PneumoCaT,01
ERR980306,PneumoCaT,09L
SRR26789225,PneumoCaT,15A
ERR862371,PneumoCaT,10A
ERR326463,PneumoCaT,09V
SRR26797875,PneumoCaT,15B
SRR26797577,PneumoCaT,08
SRR26789830,PneumoCaT,15B
ERR13365272,PneumoCaT,03
ERR13365220,PneumoCaT,14
ERR600338,PneumoCaT,10A
SRR26797346,PneumoCaT,08
ERR433505,PneumoCaT,22F
SRR26818102,PneumoCaT,12F
ERR600399,PneumoCaT,04
ERR862506,PneumoCaT,16F
ERR730318,PneumoCaT,06E
ERR646570,PneumoCaT,01
ERR3227778,PneumoCaT,14
ERR13366187,PneumoCaT,23F
ERR730353,PneumoCaT,06E
ERR714456,PneumoCaT,22F
ERR913344,PneumoCaT,18A
SRR26931491,PneumoCaT,15F
SRR26750044,PneumoCaT,Failed
ERR742380,PneumoCaT,19A
ERR13365937,PneumoCaT,23B1
SRR26833889,PneumoCaT,09N
SRR26714882,PneumoCaT,20
ERR1202391,PneumoCaT,09V
SRR26595021,PneumoCaT,10A
ERR331402,PneumoCaT,07A
SRR26749388,PneumoCaT,19AF
ERR331400,PneumoCaT,14
ERR586379,PneumoCaT,14
SRR26818311,PneumoCaT,22F
ERR730416,PneumoCaT,14
SRR26797149,PneumoCaT,08
ERR1795458,PneumoCaT,07A
ERR1065834,PneumoCaT,35B
ERR568730,PneumoCaT,18B
ERR13374740,PneumoCaT,08
ERR438972,PneumoCaT,01
ERR925130,PneumoCaT,Failed
ERR1453349,PneumoCaT,19F
SRR26789518,PneumoCaT,38
SRR26749319,PneumoCaT,10A
ERR2089031,PneumoCaT,19F
ERR1065914,PneumoCaT,13
SRR26789473,PneumoCaT,14
ERR1065898,PneumoCaT,01
ERR1191851,PneumoCaT,21
ERR13375130,PneumoCaT,17F
ERR516694,PneumoCaT,18B
ERR1202400,PneumoCaT,23F
ERR326772,PneumoCaT,01
SRR26834195,PneumoCaT,12F
SRR26789687,PneumoCaT,08
SRR26834518,PneumoCaT,16F
ERR913205,PneumoCaT,06B
SRR26818462,PneumoCaT,08
SRR26910806,PneumoCaT,22F
SRR26884732,PneumoCaT,23B1
ERR13365089,PneumoCaT,14
SRR26931615,PneumoCaT,08
SRR26797184,PneumoCaT,19AF
SRR26749293,PneumoCaT,Failed
ERR570452,PneumoCaT,01
ERR2681237,PneumoCaT,06A
ERR8481746,PneumoCaT,15C
SRR26931073,PneumoCaT,38
ERR2667431,PneumoCaT,06E
ERR742390,PneumoCaT,12F
ERR1422346,PneumoCaT,16F
ERR742497,PneumoCaT,38
SRR26797775,PneumoCaT,19A
SRR26673320,PneumoCaT,16F
SRR26879657,PneumoCaT,12F
ERR13374774,PneumoCaT,23B
ERR13366120,PneumoCaT,22F
ERR773891,PneumoCaT,33D
ERR1788455,PneumoCaT,23F
ERR2089054,PneumoCaT,24F
ERR730370,PneumoCaT,19F
SRR26817897,PneumoCaT,11D
SRR26673417,PneumoCaT,03
ERR5336810,PneumoCaT,04
SRR26833767,PneumoCaT,08
ERR773862,PneumoCaT,01
SRR26931589,PneumoCaT,07C
ERR2853500,PneumoCaT,19AF
SRR26834438,PneumoCaT,03
ERR600392,PneumoCaT,12F
ERR2090743,PneumoCaT,14
SRR26833667,PneumoCaT,10A
ERR1066002,PneumoCaT,11A
ERR1202118,PneumoCaT,13
ERR662422,PneumoCaT,19A
ERR714413,PneumoCaT,14
ERR4289129,PneumoCaT,09V
ERR730746,PneumoCaT,09V
SRR26594254,PneumoCaT,07C
SRR26878746,PneumoCaT,17F
SRR26930722,PneumoCaT,23A
ERR2090357,PneumoCaT,03
ERR2681087,PneumoCaT,23F
SRR26930869,PneumoCaT,03
ERR1453328,PneumoCaT,34
ERR714105,PneumoCaT,12F
ERR7568061,PneumoCaT,12F
SRR26879954,PneumoCaT,35B
ERR730332,PneumoCaT,09V
SRR26594528,PneumoCaT,10A
SRR26750041,PneumoCaT,20
SRR26930498,PneumoCaT,06A
ERR13364544,PneumoCaT,14
ERR908861,PneumoCaT,06E
SRR26877815,PneumoCaT,12F
ERR869934,PneumoCaT,18B
SRR26672783,PneumoCaT,19AF
ERR876596,PneumoCaT,14
ERR862400,PneumoCaT,16F
ERR1453344,PneumoCaT,23F
ERR3796877,PneumoCaT,24B
ERR13374797,PneumoCaT,22F
ERR908980,PneumoCaT,19F
SRR26789582,PneumoCaT,22F
ERR600516,PneumoCaT,15C
SRR26797902,PneumoCaT,08
SRR26790202,PneumoCaT,06D
SRR26878364,PneumoCaT,08
SRR26833925,PneumoCaT,08
SRR26931522,PneumoCaT,23B1
SRR26818530,PneumoCaT,22F
SRR26884544,PneumoCaT,07C
SRR26910653,PneumoCaT,06D
SRR26884404,PneumoCaT,09N
ERR884578,PneumoCaT,Failed
SRR26790030,PneumoCaT,08
ERR2681086,PneumoCaT,06A
SRR26595061,PneumoCaT,08
SRR26750067,PneumoCaT,08
SRR26931533,PneumoCaT,08
SRR26910700,PneumoCaT,19F
ERR730425,PneumoCaT,Failed
ERR736940,PneumoCaT,Failed
ERR984296,PneumoCaT,34
ERR3899228,PneumoCaT,23F
SRR26672856,PneumoCaT,17F
SRR26878423,PneumoCaT,23B1
SRR26750102,PneumoCaT,06D
ERR714139,PneumoCaT,05
ERR568709,PneumoCaT,19AF
ERR869958,PneumoCaT,05
ERR13365685,PneumoCaT,01
ERR331417,PneumoCaT,03
ERR870301,PneumoCaT,22A
ERR1788019,PneumoCaT,09L
ERR913322,PneumoCaT,19A
SRR26834138,PneumoCaT,08
SRR26818628,PneumoCaT,22F
SRR26931861,PneumoCaT,07C
ERR2089753,PneumoCaT,12F
SRR26749737,PneumoCaT,35F
SRR26714469,PneumoCaT,08
ERR568608,PneumoCaT,06A
ERR3831137,PneumoCaT,24B
ERR730255,PneumoCaT,06A
ERR2090958,PneumoCaT,05
ERR1192051,PneumoCaT,21
ERR913373,PneumoCaT,01
ERR467043,PneumoCaT,01
ERR2667121,PneumoCaT,19A
SRR26878650,PneumoCaT,22F
SRR26879814,PneumoCaT,22F
ERR2089686,PneumoCaT,01
SRR26749711,PneumoCaT,14
ERR433854,PneumoCaT,13
ERR2089234,PneumoCaT,31
SRR26673219,PneumoCaT,Failed
ERR1106668,PneumoCaT,01
ERR2853675,PneumoCaT,19A
ERR1453494,PneumoCaT,12F
ERR701817,PneumoCaT,06E
ERR913215,PneumoCaT,09L
SRR26911052,PneumoCaT,03
ERR1288863,PneumoCaT,16F
SRR26878470,PneumoCaT,22F
ERR908992,PneumoCaT,06A
ERR13374820,PneumoCaT,10A
ERR3796667,PneumoCaT,24B
ERR742518,PneumoCaT,22F
SRR26818514,PneumoCaT,33F
ERR433692,PneumoCaT,15C
ERR714137,PneumoCaT,05
ERR2089756,PneumoCaT,33F
SRR26672963,PneumoCaT,15A
ERR774105,PneumoCaT,06E
SRR26790028,PneumoCaT,08
SRR26817728,PneumoCaT,12F
SRR26797863,PneumoCaT,22F
ERR8481737,PneumoCaT,08
SRR26714838,PneumoCaT,03
ERR13364761,PneumoCaT,23F
ERR913136,PneumoCaT,06A
ERR884442,PneumoCaT,19F
ERR900721,PneumoCaT,07C
ERR600524,PneumoCaT,23A
ERR3303452,PneumoCaT,33B
ERR876727,PneumoCaT,08
SRR26877994,PneumoCaT,08
ERR326565,PneumoCaT,14
ERR913370,PneumoCaT,28A
SRR26714714,PneumoCaT,22F
SRR26714544,PneumoCaT,19F
ERR730929,PneumoCaT,06A
ERR1065417,PneumoCaT,23F
SRR26749616,PneumoCaT,10A
ERR870276,PneumoCaT,17F
SRR26749445,PneumoCaT,08
SRR26884222,PneumoCaT,15B
ERR736901,PneumoCaT,19F
SRR26594822,PneumoCaT,15C
SRR26714750,PneumoCaT,15A
ERR1202470,PneumoCaT,03
ERR13365654,PneumoCaT,22F
ERR1065993,PneumoCaT,15A
SRR26818252,PneumoCaT,07C
ERR319345,PneumoCaT,06E
ERR774070,PneumoCaT,15B
ERR913280,PneumoCaT,19A
SRR26818638,PneumoCaT,08
SRR26884378,PneumoCaT,09N
SRR26714361,PneumoCaT,12F
ERR13365664,PneumoCaT,14
SRR26880176,PneumoCaT,20
ERR1658163,PneumoCaT,34
ERR774224,PneumoCaT,06E
ERR1192035,PneumoCaT,19F
ERR433815,PneumoCaT,01
SRR26714546,PneumoCaT,33F
ERR862423,PneumoCaT,Failed
SRR26931608,PneumoCaT,08
ERR3303343,PneumoCaT,06A
ERR884544,PneumoCaT,18B
ERR742795,PneumoCaT,04
SRR26818348,PneumoCaT,07C
ERR1430864,PneumoCaT,01
ERR2225365,PneumoCaT,14
SRR26884296,PneumoCaT,12F
ERR1106682,PneumoCaT,04
ERR1540677,PneumoCaT,19A
ERR979984,PneumoCaT,06C
ERR736925,PneumoCaT,Failed
ERR433844,PneumoCaT,09L
ERR714228,PneumoCaT,06E
ERR13364705,PneumoCaT,Failed
ERR862517,PneumoCaT,13
ERR2090207,PneumoCaT,07C
ERR2668113,PneumoCaT,12F
SRR26673679,PneumoCaT,22F
ERR2090303,PneumoCaT,06E
ERR1191951,PneumoCaT,21
ERR13364682,PneumoCaT,14
SRR26930308,PneumoCaT,12F
SRR26789671,PneumoCaT,16F
SRR26714828,PneumoCaT,Failed
ERR3796839,PneumoCaT,24B
ERR862418,PneumoCaT,31
ERR1422336,PneumoCaT,05
SRR26672921,PneumoCaT,16F
ERR633099,PneumoCaT,06A
ERR505587,PneumoCaT,19F
SRR26931901,PneumoCaT,33F
ERR13374930,PneumoCaT,22F
ERR1453787,PneumoCaT,09L
SRR26879965,PneumoCaT,23A
SRR26880385,PneumoCaT,12F
ERR3899216,PneumoCaT,14
ERR925341,PneumoCaT,Failed
ERR714392,PneumoCaT,14
ERR2681391,PneumoCaT,35A
ERR1065630,PneumoCaT,17F
ERR2091252,PneumoCaT,05
ERR876657,PneumoCaT,15B
ERR13365553,PneumoCaT,18A
ERR1065355,PneumoCaT,38
ERR1788269,PneumoCaT,15A
ERR2667937,PneumoCaT,05
ERR2667539,PneumoCaT,14
ERR925178,PneumoCaT,13
ERR1065843,PneumoCaT,12F
ERR3795755,PneumoCaT,14
SRR26673034,PneumoCaT,16F
ERR774211,PneumoCaT,14
ERR1066163,PneumoCaT,14
ERR870199,PneumoCaT,06E
ERR2090788,PneumoCaT,33F
ERR980288,PneumoCaT,15B
ERR714126,PneumoCaT,07B
ERR3899269,PneumoCaT,06E
ERR730917,PneumoCaT,23F
ERR326552,PneumoCaT,18B
ERR2681076,PneumoCaT,15C
ERR3796947,PneumoCaT,24B
ERR600302,PneumoCaT,19F
SRR26818709,PneumoCaT,08
ERR13365800,PneumoCaT,09N
ERR1065484,PneumoCaT,19AF
SRR26884716,PneumoCaT,08
ERR876457,PneumoCaT,14
ERR751121,PneumoCaT,33D
ERR913441,PneumoCaT,15C
ERR1799710,PneumoCaT,15A
ERR2089894,PneumoCaT,15C
ERR956279,PneumoCaT,04
ERR3270710,PneumoCaT,06E
ERR2090570,PneumoCaT,06D
ERR1788454,PneumoCaT,19F
SRR26834148,PneumoCaT,11A
SRR26673740,PneumoCaT,20
SRR26797262,PneumoCaT,08
ERR876731,PneumoCaT,14
ERR4501458,PneumoCaT,24B
SRR26931658,PneumoCaT,08
SRR26673713,PneumoCaT,20
SRR26818258,PneumoCaT,17F
SRR26714575,PneumoCaT,09N
ERR1065623,PneumoCaT,28F
SRR26818053,PneumoCaT,15A
SRR26884500,PneumoCaT,23A
ERR2667357,PneumoCaT,12A
SRR26931758,PneumoCaT,09N
ERR600195,PneumoCaT,22F
SRR26930768,PneumoCaT,08
SRR26673591,PneumoCaT,Failed
ERR425380,PneumoCaT,14
ERR1799731,PneumoCaT,09V
ERR2667806,PneumoCaT,19AF
ERR870292,PneumoCaT,35B
ERR433687,PneumoCaT,Failed
ERR13375037,PneumoCaT,11A
ERR505555,PneumoCaT,Failed
SRR26931723,PneumoCaT,09N
SRR26749992,PneumoCaT,07A
ERR13374644,PneumoCaT,31
SRR26594547,PneumoCaT,08
SRR26931732,PneumoCaT,21
ERR730314,PneumoCaT,16F
SRR26878027,PneumoCaT,09N
SRR26910224,PneumoCaT,35B
SRR26673737,PneumoCaT,08
SRR26673145,PneumoCaT,Failed
ERR449246,PneumoCaT,06E
SRR26910962,PneumoCaT,17F
SRR26594812,PneumoCaT,08
ERR773859,PneumoCaT,06A
SRR26931404,PneumoCaT,07C
ERR505926,PneumoCaT,19F
ERR2667982,PneumoCaT,01
SRR26911043,PneumoCaT,Failed
ERR326422,PneumoCaT,Failed
ERR870085,PneumoCaT,21
SRR26880274,PneumoCaT,09N
ERR2853630,PneumoCaT,19AF
SRR26930823,PneumoCaT,16F
ERR869834,PneumoCaT,16F
SRR26594202,PneumoCaT,23B1
ERR980201,PneumoCaT,Failed
ERR2681100,PneumoCaT,06E
ERR13365972,PneumoCaT,31
SRR26749924,PneumoCaT,09N
ERR742405,PneumoCaT,35B
ERR505934,PneumoCaT,06A
ERR2090274,PneumoCaT,10A
SRR26930183,PneumoCaT,12F
ERR632989,PneumoCaT,06A
SRR26797703,PneumoCaT,17F
ERR3303158,PneumoCaT,01
ERR997571,PneumoCaT,16F
SRR26673110,PneumoCaT,33F
SRR26884450,PneumoCaT,17F
SRR26798000,PneumoCaT,22F
ERR505923,PneumoCaT,23F
ERR600247,PneumoCaT,16F
SRR26884142,PneumoCaT,08
ERR3796948,PneumoCaT,24B
SRR26594553,PneumoCaT,03
SRR26818131,PneumoCaT,19AF
ERR505905,PneumoCaT,19AF
ERR2681315,PneumoCaT,06D
SRR26911103,PneumoCaT,12F
SRR26790108,PneumoCaT,24B
ERR2667374,PneumoCaT,05
ERR925168,PneumoCaT,38
ERR742615,PneumoCaT,19A
SRR26931773,PneumoCaT,22F
ERR13365291,PneumoCaT,19AF
SRR26877891,PneumoCaT,31
SRR26884613,PneumoCaT,17F
ERR997488,PneumoCaT,10A
SRR26930351,PneumoCaT,22F
ERR3796702,PneumoCaT,24B
SRR26797761,PneumoCaT,12F
SRR26594360,PneumoCaT,12F
SRR26594760,PneumoCaT,23A
ERR505756,PneumoCaT,19A
ERR773847,PneumoCaT,19AF
SRR26833616,PneumoCaT,12F
ERR980218,PneumoCaT,14
ERR908857,PneumoCaT,07C
SRR26834377,PneumoCaT,03
ERR600146,PneumoCaT,22F
ERR862475,PneumoCaT,12A
ERR869833,PneumoCaT,09V
ERR2090110,PneumoCaT,15C
ERR596417,PneumoCaT,35B
ERR316646,PneumoCaT,14
SRR26789632,PneumoCaT,11A
ERR751016,PneumoCaT,Failed
ERR13374918,PneumoCaT,20
SRR26931911,PneumoCaT,09N
SRR26797507,PneumoCaT,09V
ERR3796710,PneumoCaT,24B
ERR1422350,PneumoCaT,15C
ERR1192157,PneumoCaT,35B
SRR26884211,PneumoCaT,09N
ERR1214378,PneumoCaT,23F
ERR600367,PneumoCaT,38
ERR997572,PneumoCaT,22A
ERR4501418,PneumoCaT,24B
ERR3723394,PneumoCaT,03
ERR326777,PneumoCaT,14
SRR26818588,PneumoCaT,10A
SRR26749291,PneumoCaT,35F
ERR773830,PneumoCaT,14
ERR1065885,PneumoCaT,15C
ERR862419,PneumoCaT,Failed
ERR774174,PneumoCaT,33D
ERR2681249,PneumoCaT,34
ERR774058,PneumoCaT,11D
ERR505672,PneumoCaT,Failed
SRR26878748,PneumoCaT,04
SRR26714215,PneumoCaT,17F
ERR862299,PneumoCaT,05
ERR2090765,PneumoCaT,15C
SRR26818394,PneumoCaT,22F
ERR2089881,PneumoCaT,15C
SRR26673637,PneumoCaT,24B
ERR2091103,PneumoCaT,09V
SRR26714308,PneumoCaT,19AF
ERR13364487,PneumoCaT,35F
ERR870244,PneumoCaT,25A
SRR26931515,PneumoCaT,33F
ERR13374659,PneumoCaT,17F
ERR714465,PneumoCaT,23F
ERR3796950,PneumoCaT,24B
SRR26714822,PneumoCaT,15B
ERR869821,PneumoCaT,35B
SRR26797049,PneumoCaT,20
SRR26910646,PneumoCaT,12F
SRR26911190,PneumoCaT,08
ERR3796754,PneumoCaT,24B
ERR646582,PneumoCaT,01
ERR774491,PneumoCaT,15C
SRR26797499,PneumoCaT,08
ERR1214490,PneumoCaT,38
SRR26672836,PneumoCaT,12F
SRR26749993,PneumoCaT,Failed
ERR2667159,PneumoCaT,03
ERR1422423,PneumoCaT,12F
SRR26877759,PneumoCaT,08
ERR862320,PneumoCaT,22A
SRR26878499,PneumoCaT,08
ERR701837,PneumoCaT,01
ERR1453441,PneumoCaT,01
ERR979956,PneumoCaT,35B
ERR774309,PneumoCaT,17F
ERR1540720,PneumoCaT,14
ERR1422338,PneumoCaT,15C
SRR26930870,PneumoCaT,03
ERR900718,PneumoCaT,23F
ERR2680956,PneumoCaT,01
ERR1453312,PneumoCaT,34
ERR600167,PneumoCaT,15C
SRR26879873,PneumoCaT,33F
SRR26673586,PneumoCaT,Failed
ERR1799725,PneumoCaT,01
SRR26673189,PneumoCaT,10A
ERR1788349,PneumoCaT,16F
ERR2090966,PneumoCaT,04
SRR26878727,PneumoCaT,23B
ERR3303362,PneumoCaT,24F
ERR876774,PneumoCaT,23F
SRR26594172,PneumoCaT,17F
SRR26714237,PneumoCaT,11A
ERR600585,PneumoCaT,06A
ERR980054,PneumoCaT,09V
SRR26877785,PneumoCaT,22F
SRR26673251,PneumoCaT,22F
ERR913131,PneumoCaT,19F
ERR1106660,PneumoCaT,12F
SRR26931813,PneumoCaT,22F
ERR632911,PneumoCaT,14
SRR26910292,PneumoCaT,08
SRR26834453,PneumoCaT,22F
SRR26797321,PneumoCaT,12F
ERR730924,PneumoCaT,01
SRR26930807,PneumoCaT,22F
SRR26931528,PneumoCaT,07C
ERR3796707,PneumoCaT,24B
SRR26834435,PneumoCaT,09N
SRR26594407,PneumoCaT,15A
ERR3227768,PneumoCaT,08
ERR2667934,PneumoCaT,01
ERR774353,PneumoCaT,12F
ERR2089374,PneumoCaT,38
SRR26931243,PneumoCaT,20
SRR26834135,PneumoCaT,03
ERR568437,PneumoCaT,06A
ERR505560,PneumoCaT,Failed
ERR2089373,PneumoCaT,12F
ERR870036,PneumoCaT,15B
SRR26884332,PneumoCaT,15A
ERR909093,PneumoCaT,23F
ERR1065755,PneumoCaT,11A
ERR2667989,PneumoCaT,06E
SRR26817726,PneumoCaT,12F
SRR26749371,PneumoCaT,12F
ERR884347,PneumoCaT,09V
ERR633059,PneumoCaT,04
ERR774042,PneumoCaT,10A
ERR730693,PneumoCaT,23F
ERR862337,PneumoCaT,11D
SRR26833970,PneumoCaT,Failed
ERR326362,PneumoCaT,06A
ERR2667611,PneumoCaT,14
SRR26818368,PneumoCaT,07C
ERR662367,PneumoCaT,31
SRR26931898,PneumoCaT,08
SRR26884309,PneumoCaT,08
ERR1658120,PneumoCaT,19F
SRR26797136,PneumoCaT,09N
ERR714162,PneumoCaT,01
SRR26884250,PneumoCaT,09V
SRR26789654,PneumoCaT,22F
ERR4501404,PneumoCaT,19AF
ERR434027,PneumoCaT,23F
SRR26883985,PneumoCaT,22F
ERR980183,PneumoCaT,10A
ERR2680797,PneumoCaT,06E
SRR26790048,PneumoCaT,08
ERR862394,PneumoCaT,Failed
SRR26789975,PneumoCaT,22F
SRR26818683,PneumoCaT,07A
ERR714441,PneumoCaT,06E
ERR5104400,PneumoCaT,04
SRR26594508,PneumoCaT,15A
SRR26749197,PneumoCaT,03
ERR2680692,PneumoCaT,15C
ERR570461,PneumoCaT,17F
ERR340885,PneumoCaT,07A
ERR1106754,PneumoCaT,15C
ERR870146,PneumoCaT,Failed
ERR884650,PneumoCaT,Failed
ERR2090172,PneumoCaT,01
SRR26910544,PneumoCaT,09N
ERR13365806,PneumoCaT,10A
ERR425430,PneumoCaT,23F
ERR2089265,PneumoCaT,Failed
ERR730422,PneumoCaT,01
ERR3655283,PneumoCaT,06A
ERR2212857,PneumoCaT,14
ERR742412,PneumoCaT,33F
ERR2089726,PneumoCaT,12A
ERR2853654,PneumoCaT,19AF
SRR26797729,PneumoCaT,08
ERR2667891,PneumoCaT,05
ERR13364678,PneumoCaT,33F
ERR714468,PneumoCaT,09V
SRR26931070,PneumoCaT,14
ERR568454,PneumoCaT,19F
SRR26834194,PneumoCaT,09N
SRR26789937,PneumoCaT,12F
ERR1756425,PneumoCaT,05
SRR26930897,PneumoCaT,09N
SRR26594190,PneumoCaT,10A
ERR1065352,PneumoCaT,15C
ERR3303318,PneumoCaT,19AF
SRR26673266,PneumoCaT,11D
ERR2090696,PneumoCaT,12F
ERR909048,PneumoCaT,06E
ERR2853525,PneumoCaT,19A
SRR26930950,PneumoCaT,12F
ERR490744,PneumoCaT,04
ERR1788347,PneumoCaT,16F
ERR13364685,PneumoCaT,06D
ERR13374994,PneumoCaT,08
SRR26673729,PneumoCaT,09N
SRR26749323,PneumoCaT,35F
SRR26878358,PneumoCaT,15A
SRR26931645,PneumoCaT,07C
ERR980311,PneumoCaT,Failed
SRR26931045,PneumoCaT,03
ERR876521,PneumoCaT,35B
ERR1065771,PneumoCaT,23A
ERR2090166,PneumoCaT,18A
ERR1106726,PneumoCaT,06E
ERR2089876,PneumoCaT,01
ERR742503,PneumoCaT,19A
SRR26930794,PneumoCaT,16F
SRR26931790,PneumoCaT,08
ERR980075,PneumoCaT,19AF
ERR316928,PneumoCaT,15B
SRR26594219,PneumoCaT,09N
ERR774359,PneumoCaT,08
SRR26879792,PneumoCaT,09N
SRR26594717,PneumoCaT,12F
ERR742778,PneumoCaT,04
ERR750875,PneumoCaT,14
SRR26715028,PneumoCaT,08
ERR1453284,PneumoCaT,12F
ERR3303451,PneumoCaT,07B
SRR26714078,PneumoCaT,08
SRR26594408,PneumoCaT,15B
ERR3270820,PneumoCaT,11A
SRR26910554,PneumoCaT,11A
ERR319333,PneumoCaT,06E
ERR2090796,PneumoCaT,07B
ERR501523,PneumoCaT,Failed
ERR3270701,PneumoCaT,06A
ERR568552,PneumoCaT,01
SRR26878536,PneumoCaT,17F
SRR26797176,PneumoCaT,10A
ERR1202214,PneumoCaT,06E
SRR26789871,PneumoCaT,08
SRR26879828,PneumoCaT,09N
ERR13374600,PneumoCaT,06A
SRR26594442,PneumoCaT,24B
ERR730545,PneumoCaT,03
ERR505853,PneumoCaT,07A
ERR2090756,PneumoCaT,27
SRR26911015,PneumoCaT,15A
ERR3796786,PneumoCaT,24B
ERR600349,PneumoCaT,14
SRR26883933,PneumoCaT,15C
ERR600622,PneumoCaT,06A
ERR2089855,PneumoCaT,18B
ERR3227801,PneumoCaT,24B
ERR505545,PneumoCaT,19F
SRR26931074,PneumoCaT,22F
ERR1065462,PneumoCaT,01
SRR26879625,PneumoCaT,03
ERR13364872,PneumoCaT,07F
SRR26879581,PneumoCaT,12F
ERR2667908,PneumoCaT,23B1
SRR26931514,PneumoCaT,07C
SRR26884342,PneumoCaT,10A
SRR26673561,PneumoCaT,12F
ERR13366205,PneumoCaT,23F
ERR862351,PneumoCaT,19F
SRR26673298,PneumoCaT,22F
SRR26673239,PneumoCaT,03
ERR1202165,PneumoCaT,12F
SRR26884207,PneumoCaT,19AF
ERR13366132,PneumoCaT,22F
ERR750963,PneumoCaT,14
ERR3332177,PneumoCaT,14
SRR26910712,PneumoCaT,10A
ERR2091021,PneumoCaT,10A
SRR26878242,PneumoCaT,20
ERR714645,PneumoCaT,14
SRR26818637,PneumoCaT,19A
ERR730931,PneumoCaT,14
SRR26878202,PneumoCaT,09N
SRR26930976,PneumoCaT,09N
ERR13364942,PneumoCaT,07A
SRR26714990,PneumoCaT,08
ERR980030,PneumoCaT,14
SRR26789328,PneumoCaT,35F
SRR26911188,PneumoCaT,03
ERR568550,PneumoCaT,23F
SRR26817827,PneumoCaT,08
ERR1430937,PneumoCaT,13
SRR26672892,PneumoCaT,08
ERR1788555,PneumoCaT,12F
ERR730375,PneumoCaT,09V
ERR979969,PneumoCaT,06A
SRR26817844,PneumoCaT,12F
SRR26884418,PneumoCaT,09V
ERR1540727,PneumoCaT,19AF
ERR2090674,PneumoCaT,12F
SRR26818706,PneumoCaT,23A
ERR1065191,PneumoCaT,22A
SRR26594906,PneumoCaT,22F
ERR1214443,PneumoCaT,38
ERR646548,PneumoCaT,23F
ERR714414,PneumoCaT,04
SRR26930367,PneumoCaT,19AF
ERR600499,PneumoCaT,18B
SRR26714385,PneumoCaT,08
ERR13374746,PneumoCaT,11A
SRR26878498,PneumoCaT,09N
ERR505736,PneumoCaT,06C
SRR26714921,PneumoCaT,07C
SRR26931284,PneumoCaT,13
ERR2089368,PneumoCaT,06B
ERR1214670,PneumoCaT,14
SRR26883894,PneumoCaT,08
SRR26790190,PneumoCaT,03
SRR26880003,PneumoCaT,19AF
ERR516628,PneumoCaT,01
ERR870289,PneumoCaT,06E
SRR26817971,PneumoCaT,16F
ERR3303389,PneumoCaT,19AF
ERR980039,PneumoCaT,02
SRR26834505,PneumoCaT,09N
ERR2090424,PneumoCaT,10B
SRR26833528,PneumoCaT,08
ERR1288815,PneumoCaT,35F
SRR26672957,PneumoCaT,08
SRR26833978,PneumoCaT,12F
ERR13365498,PneumoCaT,04
SRR26931602,PneumoCaT,08
SRR26594738,PneumoCaT,38
ERR13374808,PneumoCaT,16F
SRR26594849,PneumoCaT,07A
SRR26818491,PneumoCaT,22F
ERR9796512,PneumoCaT,35F
SRR26797921,PneumoCaT,19AF
ERR913301,PneumoCaT,13
ERR2681312,PneumoCaT,34
SRR26879775,PneumoCaT,08
SRR26789999,PneumoCaT,22F
ERR742586,PneumoCaT,35B
SRR26931785,PneumoCaT,03
SRR26833638,PneumoCaT,08
ERR1788538,PneumoCaT,16F
SRR26749815,PneumoCaT,23A
SRR26833558,PneumoCaT,33F
ERR2681063,PneumoCaT,34
SRR26879869,PneumoCaT,22F
ERR3899322,PneumoCaT,05
ERR1788418,PneumoCaT,07C
ERR1453799,PneumoCaT,35F
SRR26910404,PneumoCaT,15A
ERR662455,PneumoCaT,38
ERR13364394,PneumoCaT,14
ERR506057,PneumoCaT,19F
ERR774046,PneumoCaT,12F
ERR600555,PneumoCaT,08
ERR1422402,PneumoCaT,05
ERR3270776,PneumoCaT,10F
ERR13374658,PneumoCaT,35B
ERR3227840,PneumoCaT,01
SRR26673337,PneumoCaT,22F
ERR433699,PneumoCaT,07A
ERR884694,PneumoCaT,19AF
SRR26797683,PneumoCaT,22F
SRR26911213,PneumoCaT,08
ERR900658,PneumoCaT,19F
ERR1788128,PneumoCaT,19AF
ERR3796654,PneumoCaT,24B
ERR1065822,PneumoCaT,09N
ERR2089068,PneumoCaT,15A
SRR26749489,PneumoCaT,08
ERR13364493,PneumoCaT,10A
ERR2667837,PneumoCaT,01
SRR26883831,PneumoCaT,12F
ERR2667559,PneumoCaT,01
SRR26817804,PneumoCaT,12F
ERR1106739,PneumoCaT,13
ERR8481815,PneumoCaT,19AF
SRR26594937,PneumoCaT,10A
ERR505652,PneumoCaT,06A
ERR326752,PneumoCaT,08
SRR26931841,PneumoCaT,16F
ERR1422574,PneumoCaT,22F
ERR2681347,PneumoCaT,10A
ERR909174,PneumoCaT,35B
ERR2681016,PneumoCaT,34
ERR1453317,PneumoCaT,23F
SRR26879967,PneumoCaT,Failed
ERR714187,PneumoCaT,01
ERR714550,PneumoCaT,18B
ERR13364910,PneumoCaT,07A
SRR26883774,PneumoCaT,03
ERR4289143,PneumoCaT,35B
ERR925053,PneumoCaT,06E
ERR501603,PneumoCaT,21
ERR876676,PneumoCaT,19F
ERR2089567,PneumoCaT,05
ERR319337,PneumoCaT,Failed
ERR742622,PneumoCaT,19A
SRR26789426,PneumoCaT,08
SRR26930352,PneumoCaT,08
ERR730259,PneumoCaT,34
ERR13364833,PneumoCaT,14
ERR742684,PneumoCaT,07A
ERR862509,PneumoCaT,16F
ERR3227736,PneumoCaT,19F
ERR845762,PneumoCaT,Failed
ERR13365396,PneumoCaT,Failed
ERR1594516,PneumoCaT,12F
ERR730638,PneumoCaT,Failed
SRR26672907,PneumoCaT,08
ERR714644,PneumoCaT,06A
SRR26833787,PneumoCaT,22F
SRR26749593,PneumoCaT,10A
ERR2668102,PneumoCaT,19A
ERR2681251,PneumoCaT,06E
SRR26910923,PneumoCaT,12F
SRR26673294,PneumoCaT,22F
SRR26749666,PneumoCaT,12F
ERR1453456,PneumoCaT,35A
SRR26818018,PneumoCaT,33F
ERR884567,PneumoCaT,Failed
SRR26931322,PneumoCaT,15A
SRR26594723,PneumoCaT,12F
ERR876622,PneumoCaT,14
ERR913139,PneumoCaT,19AF
SRR26672915,PneumoCaT,23B1
ERR505789,PneumoCaT,19A
ERR326730,PneumoCaT,23F
SRR26884540,PneumoCaT,15A
SRR26673027,PneumoCaT,33F
ERR980247,PneumoCaT,07C
ERR632958,PneumoCaT,19AF
ERR2667458,PneumoCaT,06A
ERR876772,PneumoCaT,23F
ERR2089809,PneumoCaT,01
ERR1066349,PneumoCaT,16F
ERR1066020,PneumoCaT,19F
ERR2612121,PneumoCaT,19F
ERR701840,PneumoCaT,18A
SRR26834152,PneumoCaT,23A
ERR1540697,PneumoCaT,16F
ERR2667876,PneumoCaT,14
SRR26877875,PneumoCaT,08
SRR26931371,PneumoCaT,35B
SRR26789360,PneumoCaT,38
SRR26911059,PneumoCaT,Failed
SRR26715050,PneumoCaT,03
SRR26834053,PneumoCaT,19AF
SRR26878574,PneumoCaT,20
ERR13364477,PneumoCaT,15A
ERR909057,PneumoCaT,06E
SRR26833850,PneumoCaT,22F
ERR908941,PneumoCaT,06E
ERR340836,PneumoCaT,01
ERR1065336,PneumoCaT,06A
ERR909113,PneumoCaT,14
SRR26931102,PneumoCaT,08
ERR13374715,PneumoCaT,03
ERR633113,PneumoCaT,01
SRR26789800,PneumoCaT,35B
ERR490778,PneumoCaT,06A
ERR13364805,PneumoCaT,14
ERR13365217,PneumoCaT,Failed
SRR26930193,PneumoCaT,06D
SRR26877858,PneumoCaT,22F
ERR13374749,PneumoCaT,08
ERR14653934,PneumoCaT,19F
ERR979986,PneumoCaT,35B
ERR3796915,PneumoCaT,24B
ERR870326,PneumoCaT,01
SRR26673292,PneumoCaT,22F
ERR876578,PneumoCaT,14
ERR870227,PneumoCaT,14
ERR714353,PneumoCaT,01
SRR26673731,PneumoCaT,Failed
ERR3303261,PneumoCaT,06A
SRR26878374,PneumoCaT,08
ERR869963,PneumoCaT,03
ERR2681252,PneumoCaT,11F
ERR913214,PneumoCaT,19AF
ERR2667696,PneumoCaT,03
ERR2089555,PneumoCaT,15A
ERR2090079,PneumoCaT,28F
ERR13366182,PneumoCaT,29
ERR13365686,PneumoCaT,15C
ERR1202602,PneumoCaT,01
ERR3796932,PneumoCaT,24B
SRR26749591,PneumoCaT,23B
SRR26931059,PneumoCaT,24B
ERR876702,PneumoCaT,19F
ERR1658169,PneumoCaT,14
ERR2090440,PneumoCaT,09V
ERR908939,PneumoCaT,34
ERR1214498,PneumoCaT,19F
ERR2680878,PneumoCaT,19A
ERR1066264,PneumoCaT,23A
SRR26750081,PneumoCaT,08
SRR26797611,PneumoCaT,16F
SRR26880044,PneumoCaT,08
SRR26877934,PneumoCaT,19AF
ERR331116,PneumoCaT,06E
SRR26714220,PneumoCaT,08
ERR1202305,PneumoCaT,01
ERR13364957,PneumoCaT,15C
SRR26797204,PneumoCaT,08
ERR876461,PneumoCaT,14
SRR26834065,PneumoCaT,12F
ERR2089298,PneumoCaT,18A
ERR8481794,PneumoCaT,38
ERR13366019,PneumoCaT,23F
ERR1430863,PneumoCaT,01
ERR449236,PneumoCaT,18B
ERR9990854,PneumoCaT,16F
SRR26789818,PneumoCaT,16F
SRR26797666,PneumoCaT,15A
SRR26833776,PneumoCaT,08
ERR925059,PneumoCaT,Failed
SRR26817767,PneumoCaT,19F
ERR316903,PneumoCaT,09V
SRR26595049,PneumoCaT,08
SRR26673112,PneumoCaT,22F
SRR26714910,PneumoCaT,Failed
ERR908983,PneumoCaT,13
SRR26797669,PneumoCaT,19A
SRR26931649,PneumoCaT,09N
SRR26878269,PneumoCaT,10A
SRR26931674,PneumoCaT,08
ERR1065552,PneumoCaT,09L
SRR26797977,PneumoCaT,09L
ERR425461,PneumoCaT,12F
SRR26749183,PneumoCaT,22F
ERR3796689,PneumoCaT,24B
SRR26818093,PneumoCaT,20
ERR774190,PneumoCaT,31
ERR774646,PneumoCaT,01
ERR13366052,PneumoCaT,19F
SRR26749468,PneumoCaT,12F
ERR316678,PneumoCaT,Failed
ERR701849,PneumoCaT,01
ERR568777,PneumoCaT,06D
ERR3270759,PneumoCaT,Failed
ERR2668119,PneumoCaT,08
SRR26884204,PneumoCaT,23B1
ERR869859,PneumoCaT,Failed
ERR1756467,PneumoCaT,17F
ERR13365009,PneumoCaT,09V
ERR1453388,PneumoCaT,06B
ERR3655122,PneumoCaT,19AF
ERR774304,PneumoCaT,06E
ERR997553,PneumoCaT,Failed
ERR5104409,PneumoCaT,04
SRR26818120,PneumoCaT,16F
SRR26930560,PneumoCaT,08
ERR662416,PneumoCaT,Failed
ERR2089393,PneumoCaT,20
SRR26797313,PneumoCaT,12F
ERR2667862,PneumoCaT,05
ERR3303382,PneumoCaT,06A
SRR26930255,PneumoCaT,08
SRR26750025,PneumoCaT,19AF
ERR1288915,PneumoCaT,04
ERR869832,PneumoCaT,10B
ERR3796139,PneumoCaT,14
SRR26594383,PneumoCaT,09N
SRR26877982,PneumoCaT,23B1
ERR319318,PneumoCaT,Failed
SRR26877894,PneumoCaT,10A
ERR4289046,PneumoCaT,17F
ERR2681021,PneumoCaT,19F
SRR26879791,PneumoCaT,22F
ERR1799729,PneumoCaT,23F
SRR26789438,PneumoCaT,11D
ERR632984,PneumoCaT,14
ERR632883,PneumoCaT,15C
SRR26910863,PneumoCaT,08
ERR909297,PneumoCaT,11A
SRR26673485,PneumoCaT,03
ERR1453618,PneumoCaT,04
ERR751154,PneumoCaT,05
ERR774505,PneumoCaT,35B
ERR2089099,PneumoCaT,13
SRR26930398,PneumoCaT,15A
SRR26930346,PneumoCaT,23B
ERR876646,PneumoCaT,14
SRR26833991,PneumoCaT,09N
ERR774204,PneumoCaT,06E
ERR876707,PneumoCaT,09N
ERR1065321,PneumoCaT,19AF
ERR884435,PneumoCaT,38
ERR774354,PneumoCaT,19F
ERR1192023,PneumoCaT,15A
ERR714603,PneumoCaT,06D
ERR1202399,PneumoCaT,12A
ERR13375109,PneumoCaT,19F
ERR505637,PneumoCaT,Failed
ERR490737,PneumoCaT,06A
SRR26673548,PneumoCaT,08
ERR13365978,PneumoCaT,14
ERR742423,PneumoCaT,22F
ERR774023,PneumoCaT,01
SRR26594179,PneumoCaT,19AF
ERR3227735,PneumoCaT,11A
ERR925389,PneumoCaT,35B
ERR596424,PneumoCaT,35B
SRR26797060,PneumoCaT,06D
SRR26797621,PneumoCaT,07A
SRR26834310,PneumoCaT,15A
ERR701856,PneumoCaT,23F
SRR26884187,PneumoCaT,Failed
ERR2681139,PneumoCaT,15A
ERR751049,PneumoCaT,09N
ERR13364615,PneumoCaT,09V
ERR13365494,PneumoCaT,19F
ERR2090994,PneumoCaT,04
ERR751133,PneumoCaT,06E
ERR1066354,PneumoCaT,03
SRR26789358,PneumoCaT,09V
ERR1214584,PneumoCaT,22F
ERR1065607,PneumoCaT,06E
ERR925357,PneumoCaT,Failed
SRR26818430,PneumoCaT,08
SRR26673600,PneumoCaT,12F
SRR26714422,PneumoCaT,08
SRR26714439,PneumoCaT,Failed
ERR1540780,PneumoCaT,19A
ERR646534,PneumoCaT,23F
SRR26880355,PneumoCaT,19F
ERR1106654,PneumoCaT,03
ERR2681338,PneumoCaT,11F
ERR1202554,PneumoCaT,05
SRR26797074,PneumoCaT,08
ERR980004,PneumoCaT,24A
SRR26817852,PneumoCaT,08
ERR742777,PneumoCaT,Failed
ERR925293,PneumoCaT,Failed
SRR26880436,PneumoCaT,09N
ERR2668030,PneumoCaT,02
ERR1453594,PneumoCaT,01
ERR2090431,PneumoCaT,05
SRR26931516,PneumoCaT,09N
ERR570460,PneumoCaT,14
ERR1788176,PneumoCaT,18B
ERR925101,PneumoCaT,Failed
ERR913367,PneumoCaT,11A
ERR1065468,PneumoCaT,15C
ERR774633,PneumoCaT,33D
ERR1192128,PneumoCaT,Failed
ERR7567840,PneumoCaT,08
ERR326505,PneumoCaT,Failed
ERR2090461,PneumoCaT,08
ERR2667974,PneumoCaT,33F
ERR3270748,PneumoCaT,09V
SRR26672870,PneumoCaT,08
ERR1065967,PneumoCaT,11A
ERR862514,PneumoCaT,10B
SRR26930582,PneumoCaT,07A
ERR774564,PneumoCaT,15A
SRR26673196,PneumoCaT,22F
ERR3796818,PneumoCaT,24B
ERR3899261,PneumoCaT,23B
SRR26833574,PneumoCaT,12F
ERR13365013,PneumoCaT,14
ERR1065483,PneumoCaT,19F
ERR2667803,PneumoCaT,19AF
ERR13364617,PneumoCaT,14
ERR2090776,PneumoCaT,16F
ERR979955,PneumoCaT,19F
ERR568545,PneumoCaT,06E
ERR774622,PneumoCaT,09V
SRR26910686,PneumoCaT,08
ERR326744,PneumoCaT,10A
ERR7567959,PneumoCaT,08
ERR8481817,PneumoCaT,31
SRR26931715,PneumoCaT,08
ERR8481905,PneumoCaT,24B
SRR26594372,PneumoCaT,08
ERR870031,PneumoCaT,06A
ERR1066359,PneumoCaT,19F
ERR570428,PneumoCaT,09N
ERR600285,PneumoCaT,14
ERR730939,PneumoCaT,06E
ERR13374638,PneumoCaT,14
ERR2681083,PneumoCaT,19A
SRR26879529,PneumoCaT,10A
SRR26672784,PneumoCaT,33F
ERR319339,PneumoCaT,06E
SRR26834489,PneumoCaT,22F
SRR26673015,PneumoCaT,08
ERR750912,PneumoCaT,09V
SRR26750133,PneumoCaT,07A
ERR1066130,PneumoCaT,06E
SRR26931750,PneumoCaT,19AF
ERR908914,PneumoCaT,19F
ERR1065160,PneumoCaT,19F
SRR26883965,PneumoCaT,13
SRR26749314,PneumoCaT,33F
ERR13364915,PneumoCaT,19F
ERR997690,PneumoCaT,06E
SRR26833957,PneumoCaT,Failed
ERR505675,PneumoCaT,06E
ERR750775,PneumoCaT,19F
SRR26878405,PneumoCaT,20
ERR774625,PneumoCaT,01
SRR26931033,PneumoCaT,16F
ERR870076,PneumoCaT,Failed
ERR980045,PneumoCaT,09V
SRR26594987,PneumoCaT,09N
ERR750873,PneumoCaT,05
ERR600417,PneumoCaT,06E
SRR26749808,PneumoCaT,08
ERR909141,PneumoCaT,13
SRR26878052,PneumoCaT,08
SRR26931437,PneumoCaT,09N
SRR26594938,PneumoCaT,06D
ERR1422614,PneumoCaT,16F
ERR2090744,PneumoCaT,24B
SRR26594476,PneumoCaT,03
ERR913410,PneumoCaT,13
ERR352031,PneumoCaT,06B
ERR600228,PneumoCaT,23B
ERR3303274,PneumoCaT,10A
SRR26797975,PneumoCaT,27
ERR1214444,PneumoCaT,22F
ERR319394,PneumoCaT,06E
ERR326718,PneumoCaT,09V
ERR751158,PneumoCaT,14
SRR26818216,PneumoCaT,08
ERR326462,PneumoCaT,19A
ERR751179,PneumoCaT,19AF
ERR3303308,PneumoCaT,31
ERR2089303,PneumoCaT,15C
SRR26879932,PneumoCaT,08
SRR26818500,PneumoCaT,08
SRR26714587,PneumoCaT,12F
SRR26910596,PneumoCaT,23B
ERR8481670,PneumoCaT,23F
SRR26818197,PneumoCaT,06B
ERR2089918,PneumoCaT,08
ERR600154,PneumoCaT,33F
ERR13366090,PneumoCaT,22F
ERR869901,PneumoCaT,03
SRR26594441,PneumoCaT,11A
ERR319344,PneumoCaT,06E
ERR316597,PneumoCaT,18A
ERR13365609,PneumoCaT,14
SRR26789851,PneumoCaT,10A
ERR433696,PneumoCaT,23A
SRR26673727,PneumoCaT,22F
SRR26673687,PneumoCaT,35B
ERR331391,PneumoCaT,04
SRR26818468,PneumoCaT,08
ERR742657,PneumoCaT,15A
ERR1453752,PneumoCaT,15C
ERR730912,PneumoCaT,19F
SRR26797505,PneumoCaT,16F
SRR26878272,PneumoCaT,22F
SRR26594751,PneumoCaT,22F
ERR13365638,PneumoCaT,14
ERR925163,PneumoCaT,Failed
ERR600623,PneumoCaT,14
ERR1422526,PneumoCaT,19F
ERR2090657,PneumoCaT,10A
ERR862535,PneumoCaT,15A
ERR2090118,PneumoCaT,15C
ERR2091187,PneumoCaT,21
ERR2091240,PneumoCaT,34
ERR2090417,PneumoCaT,12F
ERR2680589,PneumoCaT,01
ERR925353,PneumoCaT,Failed
ERR1788056,PneumoCaT,14
ERR742569,PneumoCaT,19A
SRR26749713,PneumoCaT,23B
SRR26884166,PneumoCaT,13
SRR26931269,PneumoCaT,12F
SRR26594941,PneumoCaT,12F
SRR26714915,PneumoCaT,08
ERR1288870,PneumoCaT,23F
SRR26594596,PneumoCaT,10A
SRR26749191,PneumoCaT,22F
ERR884541,PneumoCaT,07A
ERR13365501,PneumoCaT,06D
SRR26879994,PneumoCaT,34
SRR26789929,PneumoCaT,03
SRR26880383,PneumoCaT,21
SRR26930201,PneumoCaT,12F
ERR876647,PneumoCaT,14
ERR979912,PneumoCaT,05
ERR1202424,PneumoCaT,04
SRR26715048,PneumoCaT,16F
ERR774201,PneumoCaT,01
ERR326582,PneumoCaT,06A
SRR26797698,PneumoCaT,10A
ERR900677,PneumoCaT,06A
SRR26797351,PneumoCaT,12F
ERR870248,PneumoCaT,17F
SRR26714742,PneumoCaT,08
SRR26910593,PneumoCaT,10A
ERR326486,PneumoCaT,18B
ERR600126,PneumoCaT,22F
ERR505842,PneumoCaT,14
ERR1214352,PneumoCaT,06E
SRR26673527,PneumoCaT,08
ERR1422518,PneumoCaT,06E
SRR26797386,PneumoCaT,07C
ERR3899231,PneumoCaT,14
ERR13364395,PneumoCaT,35B
ERR2089857,PneumoCaT,24F
SRR26749819,PneumoCaT,17F
ERR925096,PneumoCaT,Failed
SRR26673742,PneumoCaT,22F
SRR26878001,PneumoCaT,19AF
SRR26878235,PneumoCaT,24B
SRR26879631,PneumoCaT,19F
SRR26749688,PneumoCaT,03
SRR26789953,PneumoCaT,12F
SRR26749535,PneumoCaT,20
ERR1065729,PneumoCaT,23F
SRR26673121,PneumoCaT,08
SRR26749342,PneumoCaT,35B
ERR13365054,PneumoCaT,03
ERR570426,PneumoCaT,01
SRR26930316,PneumoCaT,08
ERR13364441,PneumoCaT,03
ERR600248,PneumoCaT,11D
ERR646592,PneumoCaT,12F
SRR26817831,PneumoCaT,12F
ERR2090614,PneumoCaT,Failed
SRR26930425,PneumoCaT,08
SRR26594545,PneumoCaT,22F
SRR26884682,PneumoCaT,15A
ERR2667736,PneumoCaT,06B
ERR7568022,PneumoCaT,08
ERR2089589,PneumoCaT,14
ERR505544,PneumoCaT,09N
ERR980073,PneumoCaT,14
SRR26673680,PneumoCaT,03
ERR13364478,PneumoCaT,35F
ERR13364725,PneumoCaT,19A
SRR26797733,PneumoCaT,19F
ERR984250,PneumoCaT,35F
SRR26749214,PneumoCaT,09N
SRR26910577,PneumoCaT,23A
SRR26673433,PneumoCaT,03
SRR26797880,PneumoCaT,08
ERR13365601,PneumoCaT,14
ERR1453640,PneumoCaT,15C
SRR26878420,PneumoCaT,08
ERR9796538,PneumoCaT,34
SRR26834006,PneumoCaT,03
ERR1202306,PneumoCaT,01
ERR3795515,PneumoCaT,14
ERR925273,PneumoCaT,34
SRR26672914,PneumoCaT,33F
SRR26877961,PneumoCaT,10A
ERR13366005,PneumoCaT,38
SRR26749430,PneumoCaT,12F
ERR3270730,PneumoCaT,10F
ERR600574,PneumoCaT,06A
ERR2090685,PneumoCaT,05
SRR26789311,PneumoCaT,12F
SRR26930326,PneumoCaT,08
ERR2668096,PneumoCaT,18B
ERR845781,PneumoCaT,Failed
ERR1422617,PneumoCaT,23F
ERR568536,PneumoCaT,01
SRR26789245,PneumoCaT,03
SRR26797123,PneumoCaT,15A
ERR13364573,PneumoCaT,14
SRR26931914,PneumoCaT,12F
ERR2089318,PneumoCaT,17F
ERR433785,PneumoCaT,04
SRR26749729,PneumoCaT,10A
ERR2668101,PneumoCaT,02
ERR742830,PneumoCaT,06E
ERR2089964,PneumoCaT,17F
ERR900705,PneumoCaT,06E
SRR26673702,PneumoCaT,Failed
SRR26884388,PneumoCaT,03
ERR742630,PneumoCaT,19A
ERR2090451,PneumoCaT,04
SRR26818271,PneumoCaT,08
SRR26878305,PneumoCaT,10A
SRR26884100,PneumoCaT,23A
SRR26715015,PneumoCaT,08
ERR13364744,PneumoCaT,15B
SRR26749807,PneumoCaT,07C
ERR632873,PneumoCaT,23F
ERR2681235,PneumoCaT,14
SRR26879676,PneumoCaT,08
ERR316595,PneumoCaT,06A
SRR26789695,PneumoCaT,08
ERR742437,PneumoCaT,06A
ERR913387,PneumoCaT,34
ERR2090372,PneumoCaT,28F
SRR26883917,PneumoCaT,03
ERR2680986,PneumoCaT,15C
SRR26714279,PneumoCaT,19A
SRR26749871,PneumoCaT,Failed
SRR26931838,PneumoCaT,22F
ERR1066246,PneumoCaT,15C
SRR26797546,PneumoCaT,24B
ERR913175,PneumoCaT,34
SRR26797422,PneumoCaT,17F
ERR1191981,PneumoCaT,16F
ERR2090612,PneumoCaT,12F
SRR26931855,PneumoCaT,35F
ERR913473,PneumoCaT,16F
ERR3669261,PneumoCaT,04
SRR26749545,PneumoCaT,10A
ERR774617,PneumoCaT,06A
SRR26883980,PneumoCaT,12F
SRR26714293,PneumoCaT,08
ERR701825,PneumoCaT,23F
ERR2089758,PneumoCaT,18B
ERR2089443,PneumoCaT,06E
ERR13364903,PneumoCaT,Failed
ERR2089688,PneumoCaT,01
ERR3270844,PneumoCaT,11A
ERR1066276,PneumoCaT,14
ERR925032,PneumoCaT,19F
ERR596390,PneumoCaT,22F
ERR862343,PneumoCaT,05
SRR26880168,PneumoCaT,08
ERR13365532,PneumoCaT,10A
ERR7567962,PneumoCaT,14
ERR13365533,PneumoCaT,08
ERR913535,PneumoCaT,06E
SRR26834114,PneumoCaT,08
ERR433535,PneumoCaT,04
ERR870132,PneumoCaT,01
ERR13365268,PneumoCaT,19AF
SRR26877950,PneumoCaT,17F
SRR26880028,PneumoCaT,08
SRR26797563,PneumoCaT,03
ERR1430969,PneumoCaT,09N
ERR2853693,PneumoCaT,19AF
SRR26673163,PneumoCaT,12F
ERR1453648,PneumoCaT,23A
ERR876626,PneumoCaT,04
SRR26594667,PneumoCaT,12F
SRR26833994,PneumoCaT,09N
ERR751109,PneumoCaT,06A
ERR1066030,PneumoCaT,19F
ERR13365275,PneumoCaT,22F
SRR26884189,PneumoCaT,Failed
ERR2681094,PneumoCaT,15C
ERR2090532,PneumoCaT,05
ERR13365406,PneumoCaT,14
ERR662403,PneumoCaT,15B
SRR26931664,PneumoCaT,22F
ERR1658131,PneumoCaT,07B
ERR714411,PneumoCaT,01
SRR26672763,PneumoCaT,22F
SRR26879988,PneumoCaT,06D
ERR925087,PneumoCaT,23F
ERR1658229,PneumoCaT,19A
SRR26834000,PneumoCaT,19AF
ERR1430982,PneumoCaT,07C
SRR26877772,PneumoCaT,08
ERR600153,PneumoCaT,38
SRR26715046,PneumoCaT,12F
SRR26818149,PneumoCaT,19AF
SRR26749882,PneumoCaT,08
ERR1288884,PneumoCaT,Failed
SRR26790119,PneumoCaT,08
ERR774552,PneumoCaT,Failed
ERR1065905,PneumoCaT,15A
ERR331189,PneumoCaT,06D
SRR26883981,PneumoCaT,08
SRR26910625,PneumoCaT,22F
ERR3796045,PneumoCaT,14
SRR26797936,PneumoCaT,12F
ERR742824,PneumoCaT,05
ERR742389,PneumoCaT,19AF
SRR26749743,PneumoCaT,23B1
ERR433597,PneumoCaT,14
SRR26594900,PneumoCaT,08
ERR632885,PneumoCaT,01
ERR2612115,PneumoCaT,06A
ERR3669301,PneumoCaT,19AF
ERR662443,PneumoCaT,31
ERR2090356,PneumoCaT,19F
SRR26930927,PneumoCaT,23B1
ERR13365512,PneumoCaT,09N
SRR26884390,PneumoCaT,08
ERR714505,PneumoCaT,19F
SRR26797815,PneumoCaT,31
SRR26880214,PneumoCaT,11D
SRR26911071,PneumoCaT,Failed
ERR2091161,PneumoCaT,33F
ERR1453418,PneumoCaT,13
ERR876756,PneumoCaT,03
ERR862291,PneumoCaT,05
SRR26789856,PneumoCaT,19A
ERR869839,PneumoCaT,19B
SRR26833645,PneumoCaT,14
SRR26879621,PneumoCaT,15A
ERR742350,PneumoCaT,Failed
SRR26715037,PneumoCaT,03
ERR870170,PneumoCaT,03
SRR26789921,PneumoCaT,33F
ERR600131,PneumoCaT,22F
ERR1795509,PneumoCaT,09V
ERR884479,PneumoCaT,19AF
SRR26834391,PneumoCaT,09N
ERR750888,PneumoCaT,06D
ERR1453592,PneumoCaT,03
ERR505867,PneumoCaT,14
ERR870325,PneumoCaT,06E
ERR1453457,PneumoCaT,35B
SRR26884081,PneumoCaT,15C
SRR26911160,PneumoCaT,08
ERR1422414,PneumoCaT,03
SRR26789598,PneumoCaT,12F
ERR2089483,PneumoCaT,33F
SRR26930460,PneumoCaT,17F
SRR26818521,PneumoCaT,08
ERR2089823,PneumoCaT,28F
ERR13365466,PneumoCaT,16F
ERR1202278,PneumoCaT,14
SRR26715006,PneumoCaT,35B
SRR26834493,PneumoCaT,22F
SRR26714685,PneumoCaT,03
SRR26749161,PneumoCaT,08
SRR26911037,PneumoCaT,08
SRR26931481,PneumoCaT,23B
ERR1065841,PneumoCaT,19AF
SRR26930627,PneumoCaT,19F
ERR2680669,PneumoCaT,06A
SRR26931469,PneumoCaT,33F
ERR2090327,PneumoCaT,22F
SRR26818388,PneumoCaT,38
SRR26673526,PneumoCaT,22F
SRR26910716,PneumoCaT,08
ERR2681319,PneumoCaT,15C
SRR26911136,PneumoCaT,08
SRR26789792,PneumoCaT,12F
ERR1788423,PneumoCaT,06E
ERR633111,PneumoCaT,06A
ERR1065112,PneumoCaT,19F
SRR26789572,PneumoCaT,06C
SRR26833894,PneumoCaT,19AF
ERR2668149,PneumoCaT,06B
ERR331110,PneumoCaT,06E
SRR26910278,PneumoCaT,08
ERR433598,PneumoCaT,19A
ERR13366060,PneumoCaT,24F
ERR862498,PneumoCaT,06E
SRR26931891,PneumoCaT,09N
ERR925266,PneumoCaT,15B
ERR13365975,PneumoCaT,03
SRR26789425,PneumoCaT,08
ERR13365074,PneumoCaT,19F
SRR26930167,PneumoCaT,12F
SRR26749426,PneumoCaT,15A
ERR600474,PneumoCaT,18B
SRR26749365,PneumoCaT,22F
ERR742398,PneumoCaT,33F
ERR1430875,PneumoCaT,01
SRR26818636,PneumoCaT,18B
SRR26930793,PneumoCaT,08
ERR3796769,PneumoCaT,24B
SRR26789990,PneumoCaT,22F
ERR3899348,PneumoCaT,14
ERR2089456,PneumoCaT,14
SRR26931828,PneumoCaT,08
ERR2089059,PneumoCaT,19F
ERR505692,PneumoCaT,14
SRR26789359,PneumoCaT,22F
SRR26834126,PneumoCaT,23B1
ERR13364788,PneumoCaT,06E
ERR997528,PneumoCaT,04
ERR3796571,PneumoCaT,24B
SRR26880161,PneumoCaT,15B
ERR3270724,PneumoCaT,06B
ERR884511,PneumoCaT,09V
ERR600084,PneumoCaT,07A
ERR742808,PneumoCaT,07A
ERR8481873,PneumoCaT,15A
SRR26910563,PneumoCaT,08
ERR13365322,PneumoCaT,15A
ERR2680740,PneumoCaT,35C
ERR13374862,PneumoCaT,15C
ERR979952,PneumoCaT,11A
ERR742417,PneumoCaT,14
ERR1066105,PneumoCaT,15A
SRR26749510,PneumoCaT,20
SRR26714712,PneumoCaT,08
SRR26789692,PneumoCaT,12F
ERR2667524,PneumoCaT,05
ERR3303402,PneumoCaT,23F
ERR13374614,PneumoCaT,03
ERR2089566,PneumoCaT,06D
ERR876722,PneumoCaT,14
ERR1214425,PneumoCaT,15F
ERR13365807,PneumoCaT,03
ERR568639,PneumoCaT,13
SRR26672819,PneumoCaT,22F
ERR742677,PneumoCaT,06A
ERR1658157,PneumoCaT,35B
SRR26879964,PneumoCaT,12F
SRR26931863,PneumoCaT,23B
SRR26931220,PneumoCaT,22F
ERR3303445,PneumoCaT,05
SRR26817896,PneumoCaT,19AF
SRR26878578,PneumoCaT,24B
ERR1065739,PneumoCaT,18B
ERR774298,PneumoCaT,16F
SRR26673552,PneumoCaT,35B
SRR26930389,PneumoCaT,23B1
SRR26931431,PneumoCaT,33F
ERR13365058,PneumoCaT,Failed
ERR1540820,PneumoCaT,35B
SRR26594730,PneumoCaT,35B
SRR26910713,PneumoCaT,19F
SRR26834262,PneumoCaT,15A
SRR26672881,PneumoCaT,03
SRR26834236,PneumoCaT,15C
SRR26789914,PneumoCaT,22F
ERR925195,PneumoCaT,Failed
ERR326554,PneumoCaT,23F
ERR1106711,PneumoCaT,38
ERR2090004,PneumoCaT,02
ERR14653961,PneumoCaT,06B
ERR1202225,PneumoCaT,06E
ERR774312,PneumoCaT,15B
ERR8481759,PneumoCaT,23B
ERR774524,PneumoCaT,15B
ERR1066289,PneumoCaT,35B
SRR26595148,PneumoCaT,08
SRR26797116,PneumoCaT,10A
SRR26797147,PneumoCaT,08
ERR1453412,PneumoCaT,35B
SRR26749850,PneumoCaT,03
SRR26797645,PneumoCaT,16F
SRR26818632,PneumoCaT,09V
ERR2853413,PneumoCaT,19AF
SRR26749989,PneumoCaT,31
ERR1214678,PneumoCaT,06E
ERR1658190,PneumoCaT,11A
SRR26878463,PneumoCaT,09N
ERR2853521,PneumoCaT,19A
SRR26911000,PneumoCaT,03
ERR884413,PneumoCaT,03
ERR1422597,PneumoCaT,06D
ERR908874,PneumoCaT,06E
SRR26673516,PneumoCaT,23A
ERR773856,PneumoCaT,01
ERR1202344,PneumoCaT,01
SRR26673336,PneumoCaT,08
SRR26797905,PneumoCaT,08
ERR730728,PneumoCaT,01
ERR909309,PneumoCaT,15B
SRR26931304,PneumoCaT,09N
ERR505983,PneumoCaT,14
ERR2853463,PneumoCaT,19AF
SRR26714256,PneumoCaT,35B
ERR2612101,PneumoCaT,19F
ERR433782,PneumoCaT,23F
SRR26714470,PneumoCaT,09N
SRR26749185,PneumoCaT,38
ERR2853526,PneumoCaT,19A
ERR13364436,PneumoCaT,08
SRR26714253,PneumoCaT,19A
SRR26749436,PneumoCaT,09N
ERR701843,PneumoCaT,19F
ERR632961,PneumoCaT,19F
ERR1453644,PneumoCaT,15A
ERR490709,PneumoCaT,04
SRR26833586,PneumoCaT,03
ERR750827,PneumoCaT,18A
SRR26790001,PneumoCaT,08
SRR26883796,PneumoCaT,08
ERR774151,PneumoCaT,16F
SRR26931634,PneumoCaT,08
ERR1065962,PneumoCaT,11A
ERR13366025,PneumoCaT,08
SRR26930275,PneumoCaT,03
ERR2681192,PneumoCaT,06A
SRR26749734,PneumoCaT,22F
ERR568510,PneumoCaT,14
SRR26797452,PneumoCaT,19F
SRR26789493,PneumoCaT,24B
ERR586406,PneumoCaT,07F
ERR3303238,PneumoCaT,07C
ERR1214483,PneumoCaT,21
ERR568764,PneumoCaT,06E
ERR2089850,PneumoCaT,05
ERR13365264,PneumoCaT,08
SRR26789668,PneumoCaT,09N
ERR13375099,PneumoCaT,10A
ERR600378,PneumoCaT,01
SRR26789456,PneumoCaT,08
ERR2089165,PneumoCaT,19F
ERR913345,PneumoCaT,15C
ERR1066125,PneumoCaT,07A
SRR26594908,PneumoCaT,Failed
ERR773915,PneumoCaT,01
ERR751068,PneumoCaT,14
ERR13365427,PneumoCaT,17F
ERR742575,PneumoCaT,11A
SRR26673054,PneumoCaT,22F
ERR568638,PneumoCaT,19AF
ERR516658,PneumoCaT,35F
SRR26818573,PneumoCaT,09N
SRR26714879,PneumoCaT,07C
SRR26714548,PneumoCaT,Failed
SRR26789813,PneumoCaT,08
SRR26715058,PneumoCaT,Failed
ERR925230,PneumoCaT,Failed
ERR1540779,PneumoCaT,19A
SRR26818327,PneumoCaT,15A
ERR774011,PneumoCaT,04
SRR26789354,PneumoCaT,08
SRR26594732,PneumoCaT,12F
ERR1202282,PneumoCaT,19F
ERR1202235,PneumoCaT,21
SRR26789442,PneumoCaT,10A
ERR2667551,PneumoCaT,14
ERR876658,PneumoCaT,15C
ERR340843,PneumoCaT,07A
ERR913209,PneumoCaT,01
ERR5336814,PneumoCaT,04
ERR1453533,PneumoCaT,14
ERR2091041,PneumoCaT,14
SRR26673685,PneumoCaT,12F
ERR925335,PneumoCaT,Failed
ERR1788458,PneumoCaT,14
SRR26750045,PneumoCaT,12F
SRR26749726,PneumoCaT,20
SRR26749920,PneumoCaT,Failed
ERR701812,PneumoCaT,14
ERR774083,PneumoCaT,19AF
SRR26910897,PneumoCaT,08
SRR26595045,PneumoCaT,08
ERR774041,PneumoCaT,07C
ERR13375116,PneumoCaT,03
ERR568621,PneumoCaT,09N
ERR13365737,PneumoCaT,09N
SRR26594380,PneumoCaT,33F
ERR1788075,PneumoCaT,19A
SRR26879681,PneumoCaT,09N
ERR568527,PneumoCaT,10A
SRR26673651,PneumoCaT,08
ERR913524,PneumoCaT,23B
SRR26910754,PneumoCaT,17F
SRR26594924,PneumoCaT,10A
ERR3899339,PneumoCaT,23F
ERR13365282,PneumoCaT,10A
SRR26594505,PneumoCaT,35B
SRR26594758,PneumoCaT,11A
SRR26714604,PneumoCaT,Failed
ERR2090447,PneumoCaT,16F
SRR26594626,PneumoCaT,10A
SRR26672834,PneumoCaT,Failed
SRR26594742,PneumoCaT,22F
SRR26910838,PneumoCaT,24B
ERR13364980,PneumoCaT,16F
SRR26931422,PneumoCaT,20
ERR750971,PneumoCaT,03
ERR2090232,PneumoCaT,06A
ERR2089248,PneumoCaT,19F
SRR26878663,PneumoCaT,16F
ERR1540833,PneumoCaT,19AF
ERR433508,PneumoCaT,16F
ERR1065624,PneumoCaT,01
SRR26884688,PneumoCaT,19AF
ERR2090759,PneumoCaT,16F
SRR26833595,PneumoCaT,03
SRR26789585,PneumoCaT,08
ERR568741,PneumoCaT,34
ERR1065970,PneumoCaT,15C
ERR870204,PneumoCaT,03
ERR1453601,PneumoCaT,04
ERR646576,PneumoCaT,19F
SRR26884091,PneumoCaT,24B
ERR600179,PneumoCaT,12F
SRR26789221,PneumoCaT,12F
ERR3303328,PneumoCaT,06A
ERR742790,PneumoCaT,14
ERR714438,PneumoCaT,18A
ERR742487,PneumoCaT,18B
ERR13365757,PneumoCaT,38
ERR2667471,PneumoCaT,06E
SRR26594462,PneumoCaT,12F
SRR26749674,PneumoCaT,33F
ERR2089166,PneumoCaT,03
ERR13364852,PneumoCaT,14
ERR1658251,PneumoCaT,06E
ERR750934,PneumoCaT,19A
ERR1658227,PneumoCaT,23A
SRR26910830,PneumoCaT,09N
ERR742501,PneumoCaT,12F
ERR490733,PneumoCaT,Failed
SRR26797418,PneumoCaT,19AF
ERR13365281,PneumoCaT,22F
ERR4289116,PneumoCaT,25A
SRR26797175,PneumoCaT,09N
SRR26834108,PneumoCaT,10A
SRR26749525,PneumoCaT,08
SRR26789298,PneumoCaT,23F
SRR26797708,PneumoCaT,22F
ERR2091117,PneumoCaT,17F
SRR26818297,PneumoCaT,17F
SRR26594899,PneumoCaT,08
ERR750997,PneumoCaT,05
SRR26880166,PneumoCaT,07C
SRR26789477,PneumoCaT,16F
ERR331176,PneumoCaT,06D
ERR913485,PneumoCaT,04
SRR26880073,PneumoCaT,04
SRR26789288,PneumoCaT,22F
ERR773867,PneumoCaT,22F
ERR774376,PneumoCaT,01
ERR326773,PneumoCaT,07A
SRR26749767,PneumoCaT,19AF
ERR2090468,PneumoCaT,19AF
SRR26880091,PneumoCaT,12F
ERR730579,PneumoCaT,06A
ERR13374790,PneumoCaT,08
ERR505763,PneumoCaT,07A
SRR26879978,PneumoCaT,19A
SRR26594234,PneumoCaT,17F
SRR26750028,PneumoCaT,03
ERR1202288,PneumoCaT,05
ERR884507,PneumoCaT,20
SRR26878626,PneumoCaT,08
ERR13374936,PneumoCaT,15C
ERR870145,PneumoCaT,18B
ERR14654036,PneumoCaT,11F
SRR26880327,PneumoCaT,03
ERR1453329,PneumoCaT,06A
SRR26833658,PneumoCaT,11A
SRR26817799,PneumoCaT,08
SRR26818387,PneumoCaT,08
ERR4501469,PneumoCaT,24B
ERR980128,PneumoCaT,34
ERR2090438,PneumoCaT,01
ERR750979,PneumoCaT,05
SRR26878280,PneumoCaT,09N
ERR490798,PneumoCaT,19AF
ERR2091300,PneumoCaT,33F
SRR26910468,PneumoCaT,23B
ERR980077,PneumoCaT,06D
ERR319343,PneumoCaT,Failed
ERR1065963,PneumoCaT,06E
ERR433945,PneumoCaT,33F
SRR26833685,PneumoCaT,07C
ERR1756393,PneumoCaT,45
ERR2667562,PneumoCaT,18B
ERR2089102,PneumoCaT,21
SRR26714808,PneumoCaT,08
SRR26884415,PneumoCaT,24B
SRR26931687,PneumoCaT,08
SRR26790126,PneumoCaT,21
ERR2089932,PneumoCaT,06B
SRR26673087,PneumoCaT,33F
ERR742733,PneumoCaT,33D
SRR26749861,PneumoCaT,Failed
ERR909083,PneumoCaT,09V
ERR2680916,PneumoCaT,04
ERR3723820,PneumoCaT,14
SRR26833695,PneumoCaT,12F
ERR2612069,PneumoCaT,01
ERR870103,PneumoCaT,19B
SRR26879772,PneumoCaT,10A
ERR2667541,PneumoCaT,14
ERR870236,PneumoCaT,12F
SRR26672866,PneumoCaT,10A
ERR1453355,PneumoCaT,19F
ERR913390,PneumoCaT,11D
SRR26911100,PneumoCaT,08
ERR751073,PneumoCaT,05
SRR26910746,PneumoCaT,19AF
SRR26714330,PneumoCaT,08
ERR326697,PneumoCaT,22F
ERR742655,PneumoCaT,10F
SRR26789608,PneumoCaT,08
ERR2667915,PneumoCaT,19AF
ERR1288867,PneumoCaT,19B
ERR1658111,PneumoCaT,14
SRR26910350,PneumoCaT,08
ERR1202277,PneumoCaT,12A
SRR26878648,PneumoCaT,15A
ERR13365010,PneumoCaT,14
ERR326530,PneumoCaT,15B
SRR26878079,PneumoCaT,35B
ERR1453801,PneumoCaT,34
SRR26797464,PneumoCaT,35B
SRR26714908,PneumoCaT,08
ERR1065741,PneumoCaT,07F
ERR1756479,PneumoCaT,01
ERR600491,PneumoCaT,06E
SRR26910550,PneumoCaT,09N
ERR326415,PneumoCaT,06A
ERR1065572,PneumoCaT,06D
ERR2667941,PneumoCaT,01
ERR742692,PneumoCaT,07A
SRR26714312,PneumoCaT,12F
SRR26673051,PneumoCaT,11A
SRR26880241,PneumoCaT,12F
SRR26930547,PneumoCaT,03
ERR925301,PneumoCaT,Failed
SRR26594764,PneumoCaT,33F
ERR5104420,PneumoCaT,04
SRR26797330,PneumoCaT,33F
ERR1422427,PneumoCaT,19A
ERR13364422,PneumoCaT,04
ERR13364458,PneumoCaT,22F
SRR26884053,PneumoCaT,38
ERR2853625,PneumoCaT,19A
SRR26749343,PneumoCaT,08
SRR26930521,PneumoCaT,12F
SRR26910834,PneumoCaT,23B
ERR1453397,PneumoCaT,19F
ERR1422689,PneumoCaT,19A
ERR884554,PneumoCaT,04
SRR26910349,PneumoCaT,22F
ERR600515,PneumoCaT,13
ERR1540832,PneumoCaT,16F
SRR26749903,PneumoCaT,22F
SRR26884152,PneumoCaT,03
ERR884564,PneumoCaT,Failed
SRR26878402,PneumoCaT,23B1
SRR26797281,PneumoCaT,03
SRR26673504,PneumoCaT,22F
SRR26879558,PneumoCaT,09N
SRR26910622,PneumoCaT,15B
ERR900696,PneumoCaT,23F
SRR26884329,PneumoCaT,03
SRR26789480,PneumoCaT,23B1
ERR326380,PneumoCaT,06D
SRR26834225,PneumoCaT,19AF
ERR449156,PneumoCaT,06A
ERR956290,PneumoCaT,15A
ERR2668123,PneumoCaT,27
ERR884339,PneumoCaT,03
SRR26673667,PneumoCaT,08
ERR2091059,PneumoCaT,01
SRR26834166,PneumoCaT,15A
ERR3899306,PneumoCaT,14
SRR26714307,PneumoCaT,15A
SRR26750138,PneumoCaT,33F
ERR1430874,PneumoCaT,01
ERR13364904,PneumoCaT,06D
SRR26931037,PneumoCaT,12F
ERR876605,PneumoCaT,06A
ERR632925,PneumoCaT,14
ERR773973,PneumoCaT,12F
ERR490795,PneumoCaT,23F
ERR3796659,PneumoCaT,24B
ERR1540803,PneumoCaT,13
ERR730843,PneumoCaT,06A
ERR2681395,PneumoCaT,14
SRR26797393,PneumoCaT,08
SRR26878368,PneumoCaT,19F
SRR26714169,PneumoCaT,08
ERR600481,PneumoCaT,14
ERR3270857,PneumoCaT,17F
SRR26910849,PneumoCaT,22F
ERR505472,PneumoCaT,19F
ERR506067,PneumoCaT,07A
ERR1066355,PneumoCaT,06D
ERR2667612,PneumoCaT,14
ERR774684,PneumoCaT,01
ERR913563,PneumoCaT,15B
ERR2667857,PneumoCaT,24B
ERR8481834,PneumoCaT,16F
SRR26749234,PneumoCaT,Failed
SRR26931270,PneumoCaT,03
ERR884586,PneumoCaT,Failed
ERR884402,PneumoCaT,15B
ERR2853684,PneumoCaT,19AF
SRR26749789,PneumoCaT,03
SRR26883829,PneumoCaT,08
ERR2680697,PneumoCaT,24F
ERR876636,PneumoCaT,14
ERR1788246,PneumoCaT,06E
ERR13364457,PneumoCaT,08
ERR352015,PneumoCaT,11B
SRR26817835,PneumoCaT,08
ERR1422370,PneumoCaT,07F
SRR26672883,PneumoCaT,22F
ERR13374660,PneumoCaT,15A
ERR742827,PneumoCaT,09N
ERR742804,PneumoCaT,06E
SRR26878625,PneumoCaT,15C
ERR2667566,PneumoCaT,07A
ERR742570,PneumoCaT,05
ERR908901,PneumoCaT,03
ERR1214329,PneumoCaT,05
ERR913081,PneumoCaT,23F
ERR490748,PneumoCaT,04
SRR26910219,PneumoCaT,15A
ERR568765,PneumoCaT,Failed
ERR1799717,PneumoCaT,09N
ERR884556,PneumoCaT,06E
SRR26672794,PneumoCaT,08
ERR751148,PneumoCaT,12F
ERR1202535,PneumoCaT,01
ERR774152,PneumoCaT,08
ERR714534,PneumoCaT,23F
ERR1422588,PneumoCaT,19AF
ERR774079,PneumoCaT,35B
ERR13364628,PneumoCaT,09V
SRR26931873,PneumoCaT,08
ERR600375,PneumoCaT,14
ERR730206,PneumoCaT,11D
ERR2667923,PneumoCaT,01
ERR980008,PneumoCaT,06D
ERR1453723,PneumoCaT,29
SRR26930803,PneumoCaT,19F
ERR750862,PneumoCaT,06A
SRR26673689,PneumoCaT,19AF
ERR505686,PneumoCaT,Failed
ERR1453310,PneumoCaT,16F
SRR26833669,PneumoCaT,08
ERR13365649,PneumoCaT,01
ERR909016,PneumoCaT,06E
ERR980081,PneumoCaT,11A
SRR26714240,PneumoCaT,23A
ERR2089870,PneumoCaT,14
ERR1453625,PneumoCaT,01
ERR326580,PneumoCaT,14
SRR26672946,PneumoCaT,22F
ERR2681095,PneumoCaT,06D
SRR26879723,PneumoCaT,12F
ERR3796779,PneumoCaT,24B
ERR1202444,PneumoCaT,13
SRR26878210,PneumoCaT,08
ERR2089987,PneumoCaT,01
SRR26931096,PneumoCaT,03
ERR319354,PneumoCaT,06D
ERR869937,PneumoCaT,23F
ERR1788517,PneumoCaT,03
SRR26833993,PneumoCaT,09N
ERR980301,PneumoCaT,06A
SRR26672833,PneumoCaT,15B
SRR26910397,PneumoCaT,03
ERR13374958,PneumoCaT,20
ERR714647,PneumoCaT,19F
SRR26834405,PneumoCaT,35B
ERR913115,PneumoCaT,16F
ERR1453751,PneumoCaT,15C
ERR751140,PneumoCaT,12F
ERR2091217,PneumoCaT,01
ERR714419,PneumoCaT,34
ERR2089362,PneumoCaT,01
SRR26714186,PneumoCaT,08
ERR2667440,PneumoCaT,19A
ERR505586,PneumoCaT,Failed
ERR1422361,PneumoCaT,10A
ERR14654056,PneumoCaT,34
ERR3270707,PneumoCaT,10A
ERR751195,PneumoCaT,06A
ERR438982,PneumoCaT,01
SRR26878542,PneumoCaT,03
ERR2853529,PneumoCaT,19AF
SRR26714689,PneumoCaT,08
ERR2090044,PneumoCaT,15C
SRR26883793,PneumoCaT,09N
SRR26714821,PneumoCaT,22F
ERR2680897,PneumoCaT,15C
ERR1540787,PneumoCaT,13
ERR326391,PneumoCaT,34
ERR570415,PneumoCaT,14
SRR26910496,PneumoCaT,08
SRR26594659,PneumoCaT,19AF
SRR26673521,PneumoCaT,08
SRR26880437,PneumoCaT,08
ERR1191966,PneumoCaT,16F
ERR14653958,PneumoCaT,14
ERR1288862,PneumoCaT,06E
ERR1788087,PneumoCaT,08
SRR26878562,PneumoCaT,35F
ERR3669268,PneumoCaT,12F
ERR925333,PneumoCaT,Failed
ERR13364620,PneumoCaT,04
SRR26818295,PneumoCaT,08
ERR2089354,PneumoCaT,07B
ERR1453516,PneumoCaT,07A
ERR925355,PneumoCaT,Failed
ERR751187,PneumoCaT,06E
ERR4501455,PneumoCaT,24B
SRR26930362,PneumoCaT,08
SRR26673574,PneumoCaT,09N
SRR26879493,PneumoCaT,16F
ERR3303377,PneumoCaT,19F
ERR2089593,PneumoCaT,06E
SRR26797966,PneumoCaT,08
SRR26714535,PneumoCaT,08
SRR26834406,PneumoCaT,08
SRR26878496,PneumoCaT,12F
SRR26789820,PneumoCaT,21
ERR862326,PneumoCaT,19F
ERR1788083,PneumoCaT,35A
ERR742604,PneumoCaT,07A
SRR26797059,PneumoCaT,23A
ERR730406,PneumoCaT,06A
ERR505626,PneumoCaT,09V
ERR2681137,PneumoCaT,11F
ERR600577,PneumoCaT,04
ERR913094,PneumoCaT,34
SRR26930164,PneumoCaT,08
ERR3655125,PneumoCaT,14
ERR331157,PneumoCaT,06D
SRR26930424,PneumoCaT,04
ERR1453513,PneumoCaT,21
SRR26931598,PneumoCaT,07A
ERR1788153,PneumoCaT,19F
SRR26930657,PneumoCaT,33F
ERR730943,PneumoCaT,23F
ERR869925,PneumoCaT,19F
SRR26818188,PneumoCaT,09N
SRR26750020,PneumoCaT,08
SRR26834057,PneumoCaT,03
ERR1202159,PneumoCaT,33D
SRR26714233,PneumoCaT,15A
SRR26673402,PneumoCaT,12F
ERR2089442,PneumoCaT,14
SRR26833954,PneumoCaT,08
SRR26714907,PneumoCaT,22F
SRR26672897,PneumoCaT,03
ERR730155,PneumoCaT,19AF
ERR1202528,PneumoCaT,38
ERR1214467,PneumoCaT,06A
ERR600119,PneumoCaT,22F
ERR13365216,PneumoCaT,23A
SRR26834008,PneumoCaT,09N
ERR742530,PneumoCaT,09N
ERR2091038,PneumoCaT,06A
ERR2681161,PneumoCaT,19F
ERR4501454,PneumoCaT,24B
ERR1214675,PneumoCaT,14
SRR26672875,PneumoCaT,09N
ERR870293,PneumoCaT,19A
ERR1106684,PneumoCaT,01
ERR662447,PneumoCaT,Failed
ERR2090766,PneumoCaT,12F
ERR516691,PneumoCaT,13
ERR909235,PneumoCaT,19AF
ERR909115,PneumoCaT,19F
SRR26749672,PneumoCaT,19A
SRR26797744,PneumoCaT,23A
SRR26749840,PneumoCaT,09N
SRR26797566,PneumoCaT,03
ERR632908,PneumoCaT,04
SRR26834348,PneumoCaT,08
ERR925084,PneumoCaT,Failed
SRR26797751,PneumoCaT,12F
ERR1065489,PneumoCaT,15A
SRR26834353,PneumoCaT,16F
ERR2090022,PneumoCaT,16F
SRR26931908,PneumoCaT,19AF
ERR1453305,PneumoCaT,07B
SRR26790020,PneumoCaT,22F
ERR2089237,PneumoCaT,16F
SRR26715034,PneumoCaT,22F
ERR2667576,PneumoCaT,05
ERR600496,PneumoCaT,19F
SRR26797257,PneumoCaT,23B
ERR13365569,PneumoCaT,22F
SRR26715030,PneumoCaT,12F
ERR13374696,PneumoCaT,15A
ERR2090888,PneumoCaT,05
ERR1065847,PneumoCaT,07C
ERR13374909,PneumoCaT,08
ERR884560,PneumoCaT,15C
ERR2090205,PneumoCaT,06A
ERR870245,PneumoCaT,05
ERR2667324,PneumoCaT,01
SRR26789458,PneumoCaT,19F
ERR516635,PneumoCaT,06A
SRR26878455,PneumoCaT,08
ERR1756427,PneumoCaT,06E
ERR751083,PneumoCaT,05
SRR26714398,PneumoCaT,22F
ERR2089470,PneumoCaT,06D
ERR742751,PneumoCaT,09L
ERR1422507,PneumoCaT,35F
ERR586468,PneumoCaT,01
ERR730635,PneumoCaT,Failed
ERR8481776,PneumoCaT,08
SRR26833699,PneumoCaT,Failed
ERR862486,PneumoCaT,06E
ERR2090302,PneumoCaT,15C
SRR26931338,PneumoCaT,19A
ERR316750,PneumoCaT,23F
SRR26715021,PneumoCaT,38
ERR13365620,PneumoCaT,14
ERR600454,PneumoCaT,14
SRR26797099,PneumoCaT,08
ERR3303337,PneumoCaT,06E
SRR26790115,PneumoCaT,08
SRR26910431,PneumoCaT,09N
SRR26834164,PneumoCaT,11D
SRR26911011,PneumoCaT,23B
SRR26750012,PneumoCaT,03
ERR1333971,PneumoCaT,23F
SRR26789457,PneumoCaT,08
ERR1192074,PneumoCaT,37
SRR26880363,PneumoCaT,16F
ERR316574,PneumoCaT,05
ERR925153,PneumoCaT,Failed
ERR2612085,PneumoCaT,19AF
ERR1191958,PneumoCaT,15A
SRR26834271,PneumoCaT,20
ERR331464,PneumoCaT,01
SRR26790099,PneumoCaT,09N
ERR326450,PneumoCaT,14
SRR26930853,PneumoCaT,08
ERR730434,PneumoCaT,14
ERR3303436,PneumoCaT,06A
ERR730904,PneumoCaT,06A
ERR351999,PneumoCaT,01
ERR774701,PneumoCaT,13
ERR1192143,PneumoCaT,10A
ERR1453748,PneumoCaT,15A
ERR742719,PneumoCaT,14
SRR26797938,PneumoCaT,23B
ERR1214623,PneumoCaT,06A
SRR26595063,PneumoCaT,19AF
ERR2091036,PneumoCaT,05
SRR26714449,PneumoCaT,09N
SRR26930847,PneumoCaT,12F
SRR26931315,PneumoCaT,11D
SRR26930303,PneumoCaT,12F
ERR1788047,PneumoCaT,12F
ERR13364571,PneumoCaT,23F
SRR26834466,PneumoCaT,19AF
ERR1422646,PneumoCaT,19AF
SRR26714485,PneumoCaT,16F
SRR26879583,PneumoCaT,10A
SRR26749947,PneumoCaT,15B
ERR1192182,PneumoCaT,09V
ERR505971,PneumoCaT,19F
ERR2680647,PneumoCaT,06A
SRR26930409,PneumoCaT,19A
ERR913491,PneumoCaT,13
SRR26930185,PneumoCaT,03
ERR568705,PneumoCaT,23F
ERR505949,PneumoCaT,05
ERR13375074,PneumoCaT,20
ERR1422519,PneumoCaT,06E
ERR2680880,PneumoCaT,19F
SRR26884652,PneumoCaT,03
ERR2667797,PneumoCaT,19AF
ERR331470,PneumoCaT,09V
ERR1288880,PneumoCaT,09V
ERR662437,PneumoCaT,07F
SRR26878573,PneumoCaT,35B
ERR338204,PneumoCaT,19F
SRR26673270,PneumoCaT,Failed
SRR26673134,PneumoCaT,33F
ERR913514,PneumoCaT,14
SRR26714660,PneumoCaT,03
ERR1788312,PneumoCaT,14
ERR1658093,PneumoCaT,21
ERR714425,PneumoCaT,04
ERR340870,PneumoCaT,23A
SRR26595002,PneumoCaT,33F
ERR730766,PneumoCaT,08
SRR26930333,PneumoCaT,22F
ERR980307,PneumoCaT,03
ERR730537,PneumoCaT,06A
ERR13364502,PneumoCaT,06D
ERR730369,PneumoCaT,14
SRR26797804,PneumoCaT,08
ERR3303251,PneumoCaT,19F
ERR2090544,PneumoCaT,01
SRR26818513,PneumoCaT,08
SRR26817713,PneumoCaT,20
ERR505645,PneumoCaT,19F
ERR2089839,PneumoCaT,06E
SRR26749804,PneumoCaT,08
ERR2089364,PneumoCaT,14
ERR13374604,PneumoCaT,04
SRR26884487,PneumoCaT,08
ERR925331,PneumoCaT,Failed
ERR742525,PneumoCaT,01
ERR913461,PneumoCaT,18A
SRR26594624,PneumoCaT,03
ERR862485,PneumoCaT,33F
SRR26673185,PneumoCaT,08
ERR449161,PneumoCaT,23F
ERR980044,PneumoCaT,23F
SRR26930696,PneumoCaT,22F
SRR26931800,PneumoCaT,22F
SRR26594913,PneumoCaT,13
ERR2853503,PneumoCaT,19AF
ERR3899484,PneumoCaT,06A
ERR862414,PneumoCaT,06A
ERR2089655,PneumoCaT,06A
ERR750769,PneumoCaT,34
SRR26797037,PneumoCaT,22F
ERR505702,PneumoCaT,13
ERR862324,PneumoCaT,13
ERR13374857,PneumoCaT,03
ERR876792,PneumoCaT,23F
SRR26930911,PneumoCaT,20
SRR26884125,PneumoCaT,09N
SRR26879691,PneumoCaT,19AF
ERR1065649,PneumoCaT,19AF
ERR632981,PneumoCaT,19F
ERR980224,PneumoCaT,33F
ERR501511,PneumoCaT,12F
SRR26910662,PneumoCaT,33F
ERR506028,PneumoCaT,19A
ERR13374900,PneumoCaT,09N
ERR750968,PneumoCaT,15A
SRR26595149,PneumoCaT,08
ERR1066226,PneumoCaT,08
ERR433987,PneumoCaT,15C
ERR925181,PneumoCaT,Failed
SRR26879709,PneumoCaT,07A
ERR13375113,PneumoCaT,09N
ERR2667907,PneumoCaT,05
ERR600606,PneumoCaT,14
SRR26594256,PneumoCaT,12F
ERR980074,PneumoCaT,14
ERR2667933,PneumoCaT,19AF
ERR600408,PneumoCaT,01
SRR26714550,PneumoCaT,Failed
SRR26673448,PneumoCaT,35B
SRR26749236,PneumoCaT,09N
SRR26714426,PneumoCaT,22F
SRR26673331,PneumoCaT,19A
SRR26834007,PneumoCaT,08
SRR26880036,PneumoCaT,22F
ERR925064,PneumoCaT,23F
SRR26911097,PneumoCaT,03
ERR773835,PneumoCaT,14
ERR13366234,PneumoCaT,14
ERR1288920,PneumoCaT,19AF
ERR2680844,PneumoCaT,06A
SRR26817759,PneumoCaT,04
SRR26789536,PneumoCaT,38
ERR774282,PneumoCaT,16F
ERR956282,PneumoCaT,19F
SRR26880212,PneumoCaT,17F
SRR26817717,PneumoCaT,19A
SRR26879697,PneumoCaT,07C
ERR730839,PneumoCaT,19F
ERR596389,PneumoCaT,22F
ERR577986,PneumoCaT,06E
ERR433511,PneumoCaT,12F
ERR1065246,PneumoCaT,19F
ERR331126,PneumoCaT,06D
ERR662404,PneumoCaT,15A
SRR26877981,PneumoCaT,22F
ERR908928,PneumoCaT,23F
ERR2090157,PneumoCaT,35B
ERR1288866,PneumoCaT,19B
ERR979906,PneumoCaT,14
SRR26594478,PneumoCaT,09N
ERR3795762,PneumoCaT,14
SRR26833942,PneumoCaT,08
SRR26749865,PneumoCaT,08
ERR742560,PneumoCaT,04
ERR1065185,PneumoCaT,31
ERR2089853,PneumoCaT,18B
SRR26797910,PneumoCaT,35B
ERR1065400,PneumoCaT,16F
ERR331428,PneumoCaT,01
ERR1799734,PneumoCaT,09L
ERR870234,PneumoCaT,15B
ERR13365136,PneumoCaT,23A
SRR26750058,PneumoCaT,08
SRR26930563,PneumoCaT,09N
ERR490705,PneumoCaT,19F
ERR876471,PneumoCaT,14
SRR26749565,PneumoCaT,08
ERR925369,PneumoCaT,Failed
ERR433682,PneumoCaT,14
SRR26833946,PneumoCaT,23A
ERR438970,PneumoCaT,23F
SRR26883872,PneumoCaT,08
ERR1795479,PneumoCaT,09N
ERR433901,PneumoCaT,19A
SRR26673231,PneumoCaT,22F
ERR913101,PneumoCaT,23F
ERR2089792,PneumoCaT,12F
SRR26879603,PneumoCaT,10A
ERR505543,PneumoCaT,19F
SRR26594413,PneumoCaT,12F
ERR714571,PneumoCaT,06E
SRR26818247,PneumoCaT,08
ERR13365669,PneumoCaT,14
ERR2681238,PneumoCaT,14
SRR26931740,PneumoCaT,23A
ERR997535,PneumoCaT,14
ERR884497,PneumoCaT,19F
ERR750784,PneumoCaT,04
ERR586448,PneumoCaT,19A
SRR26797862,PneumoCaT,15A
ERR2090650,PneumoCaT,19AF
ERR326490,PneumoCaT,23F
ERR714288,PneumoCaT,35B
ERR568487,PneumoCaT,34
ERR1066122,PneumoCaT,06A
SRR26879463,PneumoCaT,08
SRR26884157,PneumoCaT,19AF
SRR26714819,PneumoCaT,33F
ERR730217,PneumoCaT,15C
SRR26673311,PneumoCaT,08
ERR570401,PneumoCaT,06A
ERR13365953,PneumoCaT,22F
SRR26930213,PneumoCaT,08
ERR13364558,PneumoCaT,Failed
SRR26594765,PneumoCaT,12F
ERR13366163,PneumoCaT,09N
SRR26673303,PneumoCaT,08
ERR1788525,PneumoCaT,04
ERR646559,PneumoCaT,04
ERR586463,PneumoCaT,06A
ERR876783,PneumoCaT,14
ERR2667709,PneumoCaT,01
SRR26883781,PneumoCaT,09N
ERR1788200,PneumoCaT,19F
SRR26884063,PneumoCaT,08
ERR1214583,PneumoCaT,19F
SRR26749280,PneumoCaT,23A
ERR876482,PneumoCaT,38
ERR1795468,PneumoCaT,14
ERR2090520,PneumoCaT,08
SRR26594995,PneumoCaT,08
ERR13366088,PneumoCaT,38
ERR1540756,PneumoCaT,19F
ERR13364627,PneumoCaT,14
ERR869917,PneumoCaT,03
SRR26595036,PneumoCaT,08
ERR13374764,PneumoCaT,33F
SRR26817938,PneumoCaT,08
SRR26833555,PneumoCaT,10A
SRR26797764,PneumoCaT,38
SRR26797955,PneumoCaT,08
ERR774689,PneumoCaT,05
ERR3227765,PneumoCaT,19F
ERR600289,PneumoCaT,18B
ERR13374783,PneumoCaT,20
ERR1065950,PneumoCaT,19F
ERR1065325,PneumoCaT,19F
SRR26878610,PneumoCaT,35F
ERR2667608,PneumoCaT,18A
ERR505808,PneumoCaT,33F
ERR13366097,PneumoCaT,15A
ERR13374942,PneumoCaT,15C
SRR26797521,PneumoCaT,09N
ERR730646,PneumoCaT,Failed
SRR26749248,PneumoCaT,12F
SRR26880010,PneumoCaT,22F
ERR2680713,PneumoCaT,15A
SRR26749310,PneumoCaT,12F
SRR26910859,PneumoCaT,10A
SRR26880111,PneumoCaT,03
ERR568440,PneumoCaT,19F
ERR909077,PneumoCaT,09V
ERR2089848,PneumoCaT,12A
ERR568507,PneumoCaT,06A
ERR316611,PneumoCaT,19AF
SRR26594199,PneumoCaT,03
SRR26818180,PneumoCaT,35F
ERR1065827,PneumoCaT,15C
SRR26797376,PneumoCaT,33F
ERR869938,PneumoCaT,Failed
SRR26789517,PneumoCaT,15B
ERR340890,PneumoCaT,08
SRR26714679,PneumoCaT,06D
ERR2091044,PneumoCaT,05
ERR505468,PneumoCaT,19A
ERR742448,PneumoCaT,38
ERR742519,PneumoCaT,19A
ERR884603,PneumoCaT,Failed
ERR730449,PneumoCaT,Failed
SRR26797684,PneumoCaT,24B
ERR13366180,PneumoCaT,14
ERR884581,PneumoCaT,Failed
ERR1594515,PneumoCaT,12F
SRR26878089,PneumoCaT,11D
ERR13374689,PneumoCaT,09N
SRR26714302,PneumoCaT,15A
SRR26910840,PneumoCaT,22F
ERR331132,PneumoCaT,06E
SRR26931713,PneumoCaT,03
ERR568677,PneumoCaT,06A
ERR1453403,PneumoCaT,19F
SRR26910866,PneumoCaT,24B
ERR1202173,PneumoCaT,19A
ERR742747,PneumoCaT,14
SRR26910590,PneumoCaT,17F
ERR1453443,PneumoCaT,12F
SRR26931221,PneumoCaT,23A
SRR26818178,PneumoCaT,38
ERR1066206,PneumoCaT,16F
ERR1756441,PneumoCaT,01
ERR506024,PneumoCaT,19A
ERR2089294,PneumoCaT,Failed
SRR26714590,PneumoCaT,19AF
ERR600462,PneumoCaT,19F
SRR26594277,PneumoCaT,12F
ERR2090284,PneumoCaT,19F
ERR1066309,PneumoCaT,23B
ERR331163,PneumoCaT,06D
ERR980240,PneumoCaT,19F
ERR13374860,PneumoCaT,09N
SRR26910408,PneumoCaT,08
ERR568749,PneumoCaT,01
ERR2681009,PneumoCaT,19F
ERR2089642,PneumoCaT,15C
SRR26878695,PneumoCaT,35F
ERR1422339,PneumoCaT,05
ERR1191870,PneumoCaT,06A
ERR730768,PneumoCaT,10A
SRR26930608,PneumoCaT,17F
SRR26797869,PneumoCaT,08
ERR433571,PneumoCaT,19F
ERR900663,PneumoCaT,19F
ERR1788440,PneumoCaT,23F
ERR352038,PneumoCaT,23F
SRR26594450,PneumoCaT,12F
ERR979892,PneumoCaT,01
SRR26930210,PneumoCaT,22F
ERR1192116,PneumoCaT,06E
ERR876606,PneumoCaT,14
ERR750882,PneumoCaT,14
ERR3831139,PneumoCaT,24B
ERR884429,PneumoCaT,19AF
ERR1191983,PneumoCaT,05
SRR26884109,PneumoCaT,08
ERR425391,PneumoCaT,22F
SRR26594310,PneumoCaT,19AF
SRR26931503,PneumoCaT,08
ERR13364776,PneumoCaT,09V
SRR26879766,PneumoCaT,08
SRR26749478,PneumoCaT,19AF
ERR1192069,PneumoCaT,48
ERR1066087,PneumoCaT,10A
SRR26931827,PneumoCaT,12F
ERR433910,PneumoCaT,04
SRR26673592,PneumoCaT,Failed
ERR633016,PneumoCaT,01
SRR26879769,PneumoCaT,10A
ERR316817,PneumoCaT,23F
ERR869871,PneumoCaT,06A
SRR26672749,PneumoCaT,10A
SRR26714069,PneumoCaT,08
ERR3796908,PneumoCaT,24B
ERR774228,PneumoCaT,01
SRR26878512,PneumoCaT,22F
ERR326381,PneumoCaT,06A
ERR568457,PneumoCaT,19F
SRR26749912,PneumoCaT,Failed
SRR26879758,PneumoCaT,07C
ERR13365530,PneumoCaT,11A
ERR568610,PneumoCaT,19F
ERR2089215,PneumoCaT,05
ERR7568065,PneumoCaT,08
ERR2090573,PneumoCaT,05
SRR26879672,PneumoCaT,03
SRR26673490,PneumoCaT,08
ERR774480,PneumoCaT,12F
ERR1065531,PneumoCaT,15A
ERR13365382,PneumoCaT,08
SRR26714351,PneumoCaT,12F
SRR26797481,PneumoCaT,17F
ERR340847,PneumoCaT,07A
ERR980049,PneumoCaT,10A
ERR568558,PneumoCaT,09V
SRR26910481,PneumoCaT,22F
SRR26910890,PneumoCaT,12F
ERR774582,PneumoCaT,01
ERR14653931,PneumoCaT,19F
ERR2091106,PneumoCaT,14
ERR909038,PneumoCaT,34
SRR26930867,PneumoCaT,11A
SRR26910319,PneumoCaT,08
ERR352004,PneumoCaT,05
ERR13364789,PneumoCaT,09V
SRR26879963,PneumoCaT,08
ERR632875,PneumoCaT,14
ERR908880,PneumoCaT,38
SRR26910487,PneumoCaT,19AF
SRR26715065,PneumoCaT,03
SRR26594994,PneumoCaT,08
ERR2667368,PneumoCaT,12F
SRR26789645,PneumoCaT,08
SRR26673390,PneumoCaT,08
SRR26834427,PneumoCaT,11A
ERR742426,PneumoCaT,18B
ERR1065711,PneumoCaT,06B
SRR26884662,PneumoCaT,08
ERR4501439,PneumoCaT,24B
ERR913249,PneumoCaT,01
ERR2091290,PneumoCaT,10B
SRR26879764,PneumoCaT,08
ERR979949,PneumoCaT,33F
ERR3796810,PneumoCaT,24B
SRR26789314,PneumoCaT,12F
SRR26884171,PneumoCaT,08
ERR714417,PneumoCaT,01
SRR26878188,PneumoCaT,22F
ERR913400,PneumoCaT,21
ERR750744,PneumoCaT,14
SRR26749831,PneumoCaT,24B
ERR730742,PneumoCaT,14
ERR13365905,PneumoCaT,23A
SRR26880015,PneumoCaT,12F
ERR3303400,PneumoCaT,Failed
ERR662368,PneumoCaT,06D
SRR26834522,PneumoCaT,19A
ERR13374754,PneumoCaT,16F
ERR714252,PneumoCaT,15C
SRR26879449,PneumoCaT,08
ERR4501325,PneumoCaT,24B
ERR1202370,PneumoCaT,17F
SRR26673099,PneumoCaT,22F
ERR662454,PneumoCaT,04
SRR26714377,PneumoCaT,08
ERR1453603,PneumoCaT,03
SRR26817996,PneumoCaT,08
SRR26715041,PneumoCaT,19AF
ERR980238,PneumoCaT,19F
ERR1288922,PneumoCaT,07C
SRR26595071,PneumoCaT,38
ERR730228,PneumoCaT,14
SRR26884247,PneumoCaT,07C
ERR2090113,PneumoCaT,19F
SRR26884338,PneumoCaT,08
SRR26714780,PneumoCaT,23B
ERR2089927,PneumoCaT,34
ERR1453749,PneumoCaT,15C
ERR2089676,PneumoCaT,06A
SRR26884477,PneumoCaT,19AF
ERR773850,PneumoCaT,01
ERR600423,PneumoCaT,06E
ERR1202261,PneumoCaT,06A
SRR26714795,PneumoCaT,03
ERR3655270,PneumoCaT,22F
ERR13364480,PneumoCaT,22F
ERR7568057,PneumoCaT,06E
ERR742367,PneumoCaT,Failed
ERR1065902,PneumoCaT,12F
SRR26910363,PneumoCaT,09N
ERR730666,PneumoCaT,01
ERR2667491,PneumoCaT,06A
ERR2667881,PneumoCaT,01
ERR2090416,PneumoCaT,05
SRR26931048,PneumoCaT,08
ERR1202575,PneumoCaT,07A
ERR908970,PneumoCaT,18A
ERR568687,PneumoCaT,23F
ERR730905,PneumoCaT,06E
SRR26749826,PneumoCaT,12F
ERR1202285,PneumoCaT,14
ERR505937,PneumoCaT,14
ERR909251,PneumoCaT,03
SRR26833602,PneumoCaT,12F
ERR1065358,PneumoCaT,13
ERR1066101,PneumoCaT,13
ERR876681,PneumoCaT,09V
SRR26715010,PneumoCaT,08
SRR26749893,PneumoCaT,Failed
SRR26789385,PneumoCaT,23B
ERR774170,PneumoCaT,13
ERR13364848,PneumoCaT,14
SRR26714834,PneumoCaT,08
ERR13365470,PneumoCaT,04
SRR26749363,PneumoCaT,22F
SRR26833609,PneumoCaT,08
SRR26834434,PneumoCaT,12F
ERR662366,PneumoCaT,15A
SRR26931475,PneumoCaT,12F
SRR26880057,PneumoCaT,08
SRR26673473,PneumoCaT,15A
ERR662424,PneumoCaT,06A
ERR1453490,PneumoCaT,01
ERR2091209,PneumoCaT,23F
SRR26911178,PneumoCaT,19AF
SRR26878474,PneumoCaT,08
ERR913248,PneumoCaT,14
ERR1065718,PneumoCaT,16F
SRR26797909,PneumoCaT,23B
ERR980251,PneumoCaT,34
ERR326564,PneumoCaT,12F
ERR1788126,PneumoCaT,19A
ERR773919,PneumoCaT,06A
SRR26880251,PneumoCaT,08
ERR1453382,PneumoCaT,19F
ERR2089167,PneumoCaT,33F
ERR3303199,PneumoCaT,14
ERR750956,PneumoCaT,04
ERR714554,PneumoCaT,09V
ERR340837,PneumoCaT,08
ERR742379,PneumoCaT,15C
ERR2090316,PneumoCaT,19F
SRR26673576,PneumoCaT,Failed
SRR26880253,PneumoCaT,10A
ERR730657,PneumoCaT,Failed
SRR26834409,PneumoCaT,03
SRR26797967,PneumoCaT,31
SRR26673192,PneumoCaT,08
ERR2089345,PneumoCaT,19A
ERR449247,PneumoCaT,06A
ERR1066131,PneumoCaT,06E
SRR26877883,PneumoCaT,22F
ERR2090725,PneumoCaT,15A
ERR2089033,PneumoCaT,13
ERR750903,PneumoCaT,12F
SRR26817944,PneumoCaT,08
ERR1214417,PneumoCaT,19AF
ERR1836940,PneumoCaT,28F
ERR714664,PneumoCaT,06A
SRR26884468,PneumoCaT,06A
ERR2681210,PneumoCaT,34
SRR26884023,PneumoCaT,08
ERR2090452,PneumoCaT,06A
SRR26931757,PneumoCaT,08
ERR1788185,PneumoCaT,19F
SRR26930490,PneumoCaT,12F
ERR2680729,PneumoCaT,19F
ERR884589,PneumoCaT,Failed
ERR1202283,PneumoCaT,01
ERR1453829,PneumoCaT,06C
ERR13364644,PneumoCaT,09V
ERR1453610,PneumoCaT,07C
ERR1799709,PneumoCaT,15C
SRR26910683,PneumoCaT,19AF
ERR884382,PneumoCaT,19F
ERR13374691,PneumoCaT,07C
SRR26911180,PneumoCaT,12F
ERR1288876,PneumoCaT,19B
SRR26790137,PneumoCaT,12F
SRR26930404,PneumoCaT,08
ERR1191864,PneumoCaT,19A
ERR1422458,PneumoCaT,23F
ERR909037,PneumoCaT,20
ERR505662,PneumoCaT,19AF
ERR742695,PneumoCaT,12F
ERR632942,PneumoCaT,14
SRR26797745,PneumoCaT,23B
ERR2090001,PneumoCaT,19F
ERR4289148,PneumoCaT,33B
SRR26879503,PneumoCaT,08
ERR13374720,PneumoCaT,10B
ERR774044,PneumoCaT,19AF
SRR26714581,PneumoCaT,08
ERR742678,PneumoCaT,19F
ERR774717,PneumoCaT,38
SRR26750115,PneumoCaT,Failed
ERR13397666,PneumoCaT,19A
ERR714515,PneumoCaT,01
ERR845749,PneumoCaT,18B
SRR26749697,PneumoCaT,Failed
ERR2667726,PneumoCaT,05
ERR3723326,PneumoCaT,14
ERR7567824,PneumoCaT,22F
SRR26594799,PneumoCaT,08
SRR26749557,PneumoCaT,03
ERR884383,PneumoCaT,10A
ERR1065465,PneumoCaT,18B
SRR26672865,PneumoCaT,12F
ERR730786,PneumoCaT,23F
ERR870108,PneumoCaT,06A
ERR316681,PneumoCaT,07F
SRR26749977,PneumoCaT,22F
SRR26789264,PneumoCaT,22F
ERR714567,PneumoCaT,07A
ERR3899497,PneumoCaT,14
SRR26930224,PneumoCaT,10A
ERR13365629,PneumoCaT,22F
ERR568524,PneumoCaT,12F
SRR26594851,PneumoCaT,10A
SRR26884598,PneumoCaT,04
SRR26878200,PneumoCaT,08
ERR869936,PneumoCaT,19A
ERR2091134,PneumoCaT,31
ERR13366083,PneumoCaT,08
ERR1453780,PneumoCaT,22F
ERR633108,PneumoCaT,15B
ERR13364482,PneumoCaT,33F
ERR4501445,PneumoCaT,19AF
SRR26594267,PneumoCaT,08
ERR600434,PneumoCaT,06E
SRR26714077,PneumoCaT,22F
ERR730266,PneumoCaT,11B
SRR26834268,PneumoCaT,08
SRR26595031,PneumoCaT,12F
SRR26789884,PneumoCaT,06C
ERR1065202,PneumoCaT,35B
SRR26594808,PneumoCaT,03
SRR26714517,PneumoCaT,03
ERR2089907,PneumoCaT,11B
SRR26833544,PneumoCaT,35F
SRR26672944,PneumoCaT,22F
ERR774114,PneumoCaT,12F
ERR1788191,PneumoCaT,19F
ERR449264,PneumoCaT,19A
SRR26817732,PneumoCaT,19AF
SRR26931251,PneumoCaT,08
SRR26883819,PneumoCaT,08
ERR3227727,PneumoCaT,19A
SRR26833648,PneumoCaT,09N
ERR2089159,PneumoCaT,34
ERR13374792,PneumoCaT,10A
ERR501567,PneumoCaT,Failed
ERR1192151,PneumoCaT,19AF
ERR505520,PneumoCaT,19AF
SRR26884594,PneumoCaT,07C
ERR2612100,PneumoCaT,05
ERR925147,PneumoCaT,35A
SRR26878255,PneumoCaT,22F
ERR1065115,PneumoCaT,19F
ERR1191885,PneumoCaT,06E
ERR633078,PneumoCaT,06A
ERR13364860,PneumoCaT,23F
ERR2667117,PneumoCaT,19F
ERR979935,PneumoCaT,33B
ERR925327,PneumoCaT,34
SRR26879713,PneumoCaT,15A
ERR1453539,PneumoCaT,14
ERR869991,PneumoCaT,19F
ERR13364878,PneumoCaT,09V
ERR2667468,PneumoCaT,06E
SRR26749686,PneumoCaT,08
ERR1192114,PneumoCaT,15A
SRR26910735,PneumoCaT,12F
ERR2090308,PneumoCaT,09V
SRR26879499,PneumoCaT,08
ERR14653983,PneumoCaT,06E
ERR316874,PneumoCaT,15B
SRR26797064,PneumoCaT,08
SRR26931767,PneumoCaT,08
SRR26714490,PneumoCaT,12F
SRR26833557,PneumoCaT,10A
ERR5336813,PneumoCaT,Failed
SRR26749443,PneumoCaT,12F
SRR26818414,PneumoCaT,08
ERR13365573,PneumoCaT,08
SRR26594510,PneumoCaT,08
ERR980332,PneumoCaT,06A
ERR13364787,PneumoCaT,22F
SRR26879546,PneumoCaT,17F
ERR3270859,PneumoCaT,11A
SRR26594904,PneumoCaT,08
ERR600590,PneumoCaT,23F
SRR26797266,PneumoCaT,35F
ERR730401,PneumoCaT,01
ERR2668027,PneumoCaT,14
SRR26930604,PneumoCaT,09N
SRR26931760,PneumoCaT,10A
SRR26878336,PneumoCaT,23B
SRR26880308,PneumoCaT,03
ERR1788288,PneumoCaT,11A
SRR26879610,PneumoCaT,31
ERR1202398,PneumoCaT,03
SRR26931570,PneumoCaT,35F
ERR2090185,PneumoCaT,19AF
SRR26673339,PneumoCaT,10A
ERR774338,PneumoCaT,04
ERR3217621,PneumoCaT,03
SRR26884155,PneumoCaT,19F
ERR730915,PneumoCaT,06A
SRR26672808,PneumoCaT,09N
SRR26594597,PneumoCaT,19AF
ERR13364976,PneumoCaT,Failed
ERR13374956,PneumoCaT,15A
SRR26673310,PneumoCaT,09N
SRR26789219,PneumoCaT,11A
ERR13364385,PneumoCaT,14
ERR730825,PneumoCaT,19F
SRR26910783,PneumoCaT,33F
SRR26673144,PneumoCaT,Failed
SRR26789309,PneumoCaT,19F
ERR774136,PneumoCaT,23B
ERR742499,PneumoCaT,19F
ERR13366155,PneumoCaT,22F
SRR26880358,PneumoCaT,08
ERR13364889,PneumoCaT,09V
SRR26818645,PneumoCaT,08
SRR26834382,PneumoCaT,03
ERR1453383,PneumoCaT,12F
ERR1066155,PneumoCaT,15C
SRR26818463,PneumoCaT,17F
SRR26930672,PneumoCaT,38
SRR26833790,PneumoCaT,22F
