sample_id,tool,predicted_serotype
ERR1453383,PneumoKITy,12F
ERR925059,PneumoKITy,5
ERR774036,PneumoKITy,15B/15C
ERR1430969,PneumoKITy,9N/9L
ERR506024,PneumoKITy,19A
ERR2667989,PneumoKITy,Serogroup_6_(6E)
SRR26833695,PneumoKITy,12F
SRR26749977,PneumoKITy,22F
SRR26931417,PneumoKITy,9N/9L
ERR845751,PneumoKITy,14
ERR1202158,PneumoKITy,11A/11D
ERR862429,PneumoKITy,19A
ERR2090910,PneumoKITy,23F
ERR862514,PneumoKITy,10B
SRR26833994,PneumoKITy,9N/9L
ERR3899201,PneumoKITy,19A
ERR505760,PneumoKITy,10A
SRR26673498,PneumoKITy,8
ERR438970,PneumoKITy,23F
SRR26594362,PneumoKITy,8
ERR774041,PneumoKITy,7C
ERR2667803,PneumoKITy,19A
ERR1453382,PneumoKITy,19F
ERR2667609,PneumoKITy,1
SRR26749297,PneumoKITy,12F
ERR570452,PneumoKITy,1
ERR13364441,PneumoKITy,3
SRR26797464,PneumoKITy,35B/35D
SRR26749191,PneumoKITy,22F
ERR1065813,PneumoKITy,19F
ERR3796948,PneumoKITy,24F/24B
SRR26817896,PneumoKITy,19A
SRR26673192,PneumoKITy,8
SRR26749857,PneumoKITy,3
ERR586335,PneumoKITy,19A_19AF
ERR708297,PneumoKITy,Serogroup_6_(6E)
ERR1788532,PneumoKITy,7F/7A
SRR26714255,PneumoKITy,3
ERR425404,PneumoKITy,22F
SRR26673600,PneumoKITy,12F
ERR730422,PneumoKITy,1
ERR1202418,PneumoKITy,12F
ERR1788222,PneumoKITy,11A/11D
SRR26931119,PneumoKITy,23B
ERR862402,PneumoKITy,21
SRR26879758,PneumoKITy,7C
SRR26878188,PneumoKITy,22F
ERR730332,PneumoKITy,9A/9V
ERR913073,PneumoKITy,35B/35D
ERR3303223,PneumoKITy,10A
ERR433846,PneumoKITy,1
SRR26880427,PneumoKITy,7C
SRR26789664,PneumoKITy,33F/33A
ERR662454,PneumoKITy,4
SRR26672794,PneumoKITy,8
ERR13364842,PneumoKITy,7F/7A
SRR26797621,PneumoKITy,7F/7A
SRR26833812,PneumoKITy,9N/9L
ERR13364538,PneumoKITy,7F/7A
ERR714401,PneumoKITy,18C/18B
SRR26878100,PneumoKITy,8
SRR26878420,PneumoKITy,8
ERR714413,PneumoKITy,14
ERR1214443,PneumoKITy,1
ERR2667529,PneumoKITy,14
SRR26879994,PneumoKITy,34
SRR26672749,PneumoKITy,10A
SRR26910404,PneumoKITy,15A/15D
SRR26594516,PneumoKITy,8
ERR13364458,PneumoKITy,22F
ERR714280,PneumoKITy,1
SRR26797114,PneumoKITy,33F/33A
ERR7567804,PneumoKITy,35B/35D
SRR26911198,PneumoKITy,8
SRR26931251,PneumoKITy,8
ERR714187,PneumoKITy,1
ERR2680932,PneumoKITy,19F
ERR13365520,PneumoKITy,23B
SRR26797123,PneumoKITy,15A/15D
SRR26749388,PneumoKITy,19A
SRR26931801,PneumoKITy,17F
ERR742671,PneumoKITy,5
SRR26834268,PneumoKITy,8
ERR2090739,PneumoKITy,13
SRR26883841,PneumoKITy,3
SRR26931202,PneumoKITy,12F
ERR2090293,PneumoKITy,18C/18B
ERR2667111,PneumoKITy,15B/15C
ERR750912,PneumoKITy,9A/9V
ERR3796909,PneumoKITy,24F/24B
ERR2681093,PneumoKITy,6A/6B
SRR26673551,PneumoKITy,22F
ERR1288884,PneumoKITy,23B
ERR3270707,PneumoKITy,10A
ERR316574,PneumoKITy,5
ERR4289136,PneumoKITy,23A
SRR26877994,PneumoKITy,8
SRR26789536,PneumoKITy,38
SRR26715010,PneumoKITy,8
SRR26878392,PneumoKITy,11A/11D
SRR26673099,PneumoKITy,22F
ERR505626,PneumoKITy,9A/9V
ERR3796781,PneumoKITy,24F/24B
ERR1795458,PneumoKITy,7F/7A
ERR326499,PneumoKITy,14
ERR570419,PneumoKITy,1
SRR26817739,PneumoKITy,8
ERR2853693,PneumoKITy,19A
ERR1453305,PneumoKITy,7B/40
ERR1066276,PneumoKITy,14
ERR774728,PneumoKITy,23B
ERR2667154,PneumoKITy,14
SRR26884283,PneumoKITy,12F
SRR26672946,PneumoKITy,22F
SRR26930742,PneumoKITy,8
ERR913400,PneumoKITy,21
ERR13364618,PneumoKITy,14
ERR13365335,PneumoKITy,8
SRR26880150,PneumoKITy,15A/15D
ERR751009,PneumoKITy,19A
ERR730354,PneumoKITy,21
ERR884480,PneumoKITy,23F
ERR1756427,PneumoKITy,Serogroup_6_(6E)
ERR1788022,PneumoKITy,12F
ERR2090500,PneumoKITy,"Below 70% hit - Poor Sequence quality, variant or non-typeable organism."
ERR2853654,PneumoKITy,19A
SRR26797662,PneumoKITy,15A/15D
ERR600528,PneumoKITy,34
ERR3796754,PneumoKITy,24F/24B
ERR1065112,PneumoKITy,19F
ERR774079,PneumoKITy,35B/35D
ERR913205,PneumoKITy,6A/6B
SRR26818301,PneumoKITy,8
ERR568608,PneumoKITy,6A/6B
ERR2090308,PneumoKITy,9A/9V
ERR730638,PneumoKITy,6A/6B
ERR600378,PneumoKITy,1
ERR2090501,PneumoKITy,1
ERR742604,PneumoKITy,7F/7A
ERR2090695,PneumoKITy,33F/33A
ERR997509,PneumoKITy,35B/35D
ERR2667755,PneumoKITy,1
ERR3796913,PneumoKITy,24F/24B
SRR26910515,PneumoKITy,10A
ERR2090303,PneumoKITy,Serogroup_6_(6E)
ERR1422336,PneumoKITy,5
ERR1066101,PneumoKITy,13
SRR26884667,PneumoKITy,16F
SRR26833860,PneumoKITy,22F
ERR13365492,PneumoKITy,4
SRR26931057,PneumoKITy,9N/9L
ERR984293,PneumoKITy,34
ERR600338,PneumoKITy,10A
ERR13364913,PneumoKITy,28F/28A
SRR26789871,PneumoKITy,8
ERR352015,PneumoKITy,11B/11C
ERR13364440,PneumoKITy,22F
ERR2680880,PneumoKITy,19F
SRR26879697,PneumoKITy,7C
SRR26931874,PneumoKITy,8
ERR913352,PneumoKITy,19A
ERR751192,PneumoKITy,19A_19AF
ERR568610,PneumoKITy,19F
SRR26595109,PneumoKITy,12F
ERR13374930,PneumoKITy,22F
ERR876636,PneumoKITy,14
ERR7567962,PneumoKITy,14
SRR26750020,PneumoKITy,8
SRR26750062,PneumoKITy,12F
SRR26818468,PneumoKITy,8
SRR26789663,PneumoKITy,22F
ERR1065781,PneumoKITy,7C
ERR751109,PneumoKITy,6A/6B
SRR26714312,PneumoKITy,12F
SRR26797921,PneumoKITy,19A
SRR26878102,PneumoKITy,15A/15D
SRR26884424,PneumoKITy,9N/9L
ERR751146,PneumoKITy,14
ERR352038,PneumoKITy,23F
ERR750769,PneumoKITy,34
SRR26878512,PneumoKITy,22F
ERR8481785,PneumoKITy,19F
ERR2089031,PneumoKITy,19F
ERR2090349,PneumoKITy,31
ERR662447,PneumoKITy,3
SRR26714258,PneumoKITy,9N/9L
SRR26879775,PneumoKITy,8
SRR26595064,PneumoKITy,3
ERR1066030,PneumoKITy,19F
ERR2680822,PneumoKITy,19F
ERR1066309,PneumoKITy,23B
SRR26878333,PneumoKITy,8
ERR505795,PneumoKITy,38
ERR2091238,PneumoKITy,5
ERR1453513,PneumoKITy,21
ERR13364691,PneumoKITy,33F/33A
ERR433815,PneumoKITy,1
ERR1065902,PneumoKITy,12F
SRR26930308,PneumoKITy,12F
SRR26834457,PneumoKITy,8
ERR2090966,PneumoKITy,4
SRR26878255,PneumoKITy,22F
ERR505653,PneumoKITy,6C/6D
ERR316606,PneumoKITy,19A
SRR26884488,PneumoKITy,24F/24B
ERR1065629,PneumoKITy,1
ERR925087,PneumoKITy,23F
ERR13364477,PneumoKITy,15A/15D
ERR750968,PneumoKITy,15A/15D
ERR319345,PneumoKITy,Serogroup_6_(6E)
SRR26749734,PneumoKITy,22F
ERR516658,PneumoKITy,35F
ERR909194,PneumoKITy,3
SRR26884387,PneumoKITy,35B/35D
SRR26879575,PneumoKITy,8
SRR26749666,PneumoKITy,12F
ERR1065649,PneumoKITy,19A
ERR1202397,PneumoKITy,1
ERR1065890,PneumoKITy,23A
SRR26594407,PneumoKITy,15A/15D
ERR913345,PneumoKITy,15B/15C
SRR26673731,PneumoKITy,15B/15C
SRR26880283,PneumoKITy,3
SRR26930369,PneumoKITy,19A
ERR774074,PneumoKITy,22F
ERR1788545,PneumoKITy,3
ERR1065970,PneumoKITy,15B/15C
SRR26749610,PneumoKITy,35F
SRR26930183,PneumoKITy,12F
SRR26884652,PneumoKITy,3
ERR2853521,PneumoKITy,19A
ERR1214678,PneumoKITy,Serogroup_6_(6E)
ERR3270759,PneumoKITy,23B
ERR862485,PneumoKITy,33F/33A
ERR980217,PneumoKITy,23B
ERR774046,PneumoKITy,12F
SRR26883759,PneumoKITy,8
ERR1540680,PneumoKITy,34
ERR980075,PneumoKITy,19A
SRR26911059,PneumoKITy,6A_6B_6C_6D
ERR2089247,PneumoKITy,11A/11D
ERR13375012,PneumoKITy,35F
ERR2089225,PneumoKITy,5
ERR505999,PneumoKITy,33F/33A
ERR869981,PneumoKITy,15B/15C
SRR26877961,PneumoKITy,10A
SRR26877853,PneumoKITy,15A/15D
ERR862351,PneumoKITy,19F
SRR26797422,PneumoKITy,17F
ERR7567934,PneumoKITy,12F
ERR913195,PneumoKITy,19A
SRR26790020,PneumoKITy,22F
ERR600289,PneumoKITy,18C/18B
ERR2667758,PneumoKITy,3
SRR26673417,PneumoKITy,3
ERR1106658,PneumoKITy,1
SRR26817968,PneumoKITy,22F
ERR913525,PneumoKITy,23F
SRR26930434,PneumoKITy,3
ERR2667467,PneumoKITy,16F
SRR26789480,PneumoKITy,23B
ERR506058,PneumoKITy,7F/7A
ERR884435,PneumoKITy,38
SRR26714586,PneumoKITy,38
SRR26594267,PneumoKITy,8
SRR26749925,PneumoKITy,23B
SRR26595061,PneumoKITy,8
SRR26789473,PneumoKITy,14
ERR730545,PneumoKITy,3
ERR3655229,PneumoKITy,7F/7A
ERR2089881,PneumoKITy,15B/15C
SRR26789953,PneumoKITy,12F
ERR13374689,PneumoKITy,9N/9L
SRR26910950,PneumoKITy,8
ERR773891,PneumoKITy,"Mixed serotypes- {'33B', '33D'}"
ERR774114,PneumoKITy,12F
ERR730401,PneumoKITy,1
SRR26797804,PneumoKITy,8
ERR774152,PneumoKITy,8
ERR425373,PneumoKITy,14
SRR26750108,PneumoKITy,8
SRR26594627,PneumoKITy,20
ERR2090461,PneumoKITy,8
ERR2680740,PneumoKITy,35A/35C/42
SRR26878707,PneumoKITy,10A
ERR13364705,PneumoKITy,19F
ERR13365973,PneumoKITy,22F
ERR909034,PneumoKITy,34
ERR774022,PneumoKITy,1
SRR26879625,PneumoKITy,3
SRR26931597,PneumoKITy,23A
ERR773925,PneumoKITy,23F
ERR979962,PneumoKITy,35F
ERR714456,PneumoKITy,22F
ERR13365533,PneumoKITy,8
SRR26594812,PneumoKITy,8
SRR26818522,PneumoKITy,22F
ERR7567866,PneumoKITy,"Mixed serotypes- {'33B', '33D'}"
ERR2090570,PneumoKITy,6A_6B_6C_6D
ERR900705,PneumoKITy,Serogroup_6_(6E)
SRR26797875,PneumoKITy,15B/15C
ERR1658231,PneumoKITy,15A/15D
ERR13364644,PneumoKITy,9A/9V
SRR26714809,PneumoKITy,31
SRR26834191,PneumoKITy,3
ERR2090079,PneumoKITy,28F/28A
ERR570395,PneumoKITy,4
SRR26879452,PneumoKITy,8
SRR26930975,PneumoKITy,33F/33A
ERR13375116,PneumoKITy,3
ERR13374796,PneumoKITy,23A
ERR662439,PneumoKITy,8
ERR13365003,PneumoKITy,14
ERR3303251,PneumoKITy,19F
SRR26714574,PneumoKITy,8
SRR26879973,PneumoKITy,9N/9L
ERR876702,PneumoKITy,19F
ERR13366147,PneumoKITy,23A
SRR26673740,PneumoKITy,20
ERR869949,PneumoKITy,5
ERR845762,PneumoKITy,14
SRR26879583,PneumoKITy,10A
ERR7567733,PneumoKITy,10A
SRR26594279,PneumoKITy,9A/9V
SRR26714351,PneumoKITy,12F
ERR433597,PneumoKITy,14
ERR2089303,PneumoKITy,15B/15C
ERR1540756,PneumoKITy,19F
ERR714389,PneumoKITy,5
SRR26834493,PneumoKITy,22F
ERR1192137,PneumoKITy,21
SRR26673591,PneumoKITy,16F
ERR1202629,PneumoKITy,25F_25A_38
SRR26594442,PneumoKITy,24F/24B
ERR742617,PneumoKITy,19A
ERR774505,PneumoKITy,35B/35D
ERR3795910,PneumoKITy,14
ERR13366205,PneumoKITy,23F
ERR2089606,PneumoKITy,14
SRR26714922,PneumoKITy,12F
SRR26834389,PneumoKITy,15B/15C
ERR338182,PneumoKITy,19F
SRR26714121,PneumoKITy,24F/24B
ERR351999,PneumoKITy,1
ERR742367,PneumoKITy,7F/7A
SRR26789425,PneumoKITy,8
SRR26930636,PneumoKITy,10A
SRR26877950,PneumoKITy,17F
ERR909318,PneumoKITy,7C
ERR1288967,PneumoKITy,5
SRR26594732,PneumoKITy,12F
ERR433987,PneumoKITy,15B/15C
ERR742804,PneumoKITy,Serogroup_6_(6E)
SRR26749686,PneumoKITy,8
ERR774312,PneumoKITy,15B/15C
SRR26594256,PneumoKITy,12F
ERR2091137,PneumoKITy,12F
SRR26833942,PneumoKITy,8
SRR26884313,PneumoKITy,8
ERR13364837,PneumoKITy,22F
ERR2089956,PneumoKITy,19F
ERR1202235,PneumoKITy,21
ERR1191933,PneumoKITy,23B
SRR26594738,PneumoKITy,38
SRR26834409,PneumoKITy,3
SRR26931757,PneumoKITy,8
ERR1066020,PneumoKITy,19F
ERR568616,PneumoKITy,4
ERR319339,PneumoKITy,Serogroup_6_(6E)
ERR326391,PneumoKITy,34
ERR774172,PneumoKITy,15A/15D
SRR26797187,PneumoKITy,8
ERR1065611,PneumoKITy,35B/35D
SRR26790123,PneumoKITy,8
ERR326340,PneumoKITy,Serogroup_6_(6E)
ERR774162,PneumoKITy,28F/28A
SRR26910622,PneumoKITy,15B/15C
SRR26673701,PneumoKITy,3
SRR26911169,PneumoKITy,9N/9L
SRR26931723,PneumoKITy,9N/9L
SRR26880328,PneumoKITy,33F/33A
ERR2089102,PneumoKITy,21
SRR26789872,PneumoKITy,19A
ERR505727,PneumoKITy,34
SRR26930409,PneumoKITy,19A
SRR26879896,PneumoKITy,38
ERR600481,PneumoKITy,14
ERR751172,PneumoKITy,6A/6B
ERR1658227,PneumoKITy,23A
ERR3796606,PneumoKITy,24F/24B
ERR331172,PneumoKITy,Serogroup_6_(6E)
ERR2680926,PneumoKITy,19F
SRR26930870,PneumoKITy,3
SRR26880393,PneumoKITy,22F
ERR913139,PneumoKITy,19A
SRR26880317,PneumoKITy,15A/15D
SRR26884334,PneumoKITy,12F
SRR26877858,PneumoKITy,22F
ERR909174,PneumoKITy,35B/35D
ERR1065191,PneumoKITy,22A
SRR26714279,PneumoKITy,19A
SRR26672881,PneumoKITy,3
SRR26880138,PneumoKITy,23B
ERR1658190,PneumoKITy,11A/11D
ERR1202511,PneumoKITy,9A/9V
SRR26789395,PneumoKITy,19A
SRR26930754,PneumoKITy,33F/33A
ERR2853500,PneumoKITy,19A
ERR1066130,PneumoKITy,Serogroup_6_(6E)
ERR316922,PneumoKITy,"Below 70% hit - Poor Sequence quality, variant or non-typeable organism."
ERR646582,PneumoKITy,1
ERR2853525,PneumoKITy,19A
SRR26714169,PneumoKITy,8
ERR568684,PneumoKITy,15A/15D
ERR662424,PneumoKITy,6A/6B
ERR997528,PneumoKITy,4
SRR26594900,PneumoKITy,8
ERR2681150,PneumoKITy,Serogroup_6_(6E)
ERR1658164,PneumoKITy,10A
ERR632958,PneumoKITy,19A
SRR26833991,PneumoKITy,9N/9L
ERR13365425,PneumoKITy,9N/9L
ERR2667982,PneumoKITy,1
ERR1540693,PneumoKITy,15B/15C
ERR2612069,PneumoKITy,1
ERR3270836,PneumoKITy,35B/35D
ERR662403,PneumoKITy,15B/15C
SRR26884716,PneumoKITy,8
ERR449202,PneumoKITy,14
SRR26749893,PneumoKITy,15A/15D
ERR600189,PneumoKITy,35B/35D
SRR26879733,PneumoKITy,8
ERR1202072,PneumoKITy,25F/25A
ERR568777,PneumoKITy,6C/6D
SRR26714186,PneumoKITy,8
SRR26818430,PneumoKITy,8
SRR26930210,PneumoKITy,22F
ERR13365713,PneumoKITy,16F
ERR742684,PneumoKITy,7F/7A
ERR1202391,PneumoKITy,9A/9V
ERR433833,PneumoKITy,"Below 70% hit - Poor Sequence quality, variant or non-typeable organism."
ERR505702,PneumoKITy,13
ERR956290,PneumoKITy,15A/15D
ERR1202214,PneumoKITy,Serogroup_6_(6E)
SRR26883825,PneumoKITy,3
ERR570392,PneumoKITy,3
ERR742499,PneumoKITy,19F
SRR26878593,PneumoKITy,3
SRR26594450,PneumoKITy,12F
ERR3669261,PneumoKITy,4
SRR26930672,PneumoKITy,38
ERR751140,PneumoKITy,12F
ERR1422617,PneumoKITy,23F
SRR26789285,PneumoKITy,8
ERR742407,PneumoKITy,19A
SRR26749688,PneumoKITy,3
ERR2667611,PneumoKITy,14
ERR13364893,PneumoKITy,22F
SRR26714367,PneumoKITy,24F/24B
ERR2089823,PneumoKITy,28F/28A
ERR505937,PneumoKITy,14
SRR26594462,PneumoKITy,12F
ERR2681237,PneumoKITy,6A/6B
ERR908874,PneumoKITy,Serogroup_6_(6E)
SRR26789585,PneumoKITy,8
ERR2667696,PneumoKITy,3
SRR26879978,PneumoKITy,19A
ERR2612111,PneumoKITy,5
ERR316669,PneumoKITy,23F
ERR742678,PneumoKITy,19F
ERR909037,PneumoKITy,20
ERR730340,PneumoKITy,Serogroup_6_(6E)
ERR751095,PneumoKITy,6A/6B
ERR774644,PneumoKITy,1
ERR8481815,PneumoKITy,19A
ERR506067,PneumoKITy,7F/7A
SRR26879988,PneumoKITy,6C/6D
ERR13374752,PneumoKITy,7C
ERR2090674,PneumoKITy,12F
ERR774630,PneumoKITy,19F
SRR26818600,PneumoKITy,9N/9L
ERR2089894,PneumoKITy,15B/15C
ERR774116,PneumoKITy,35B/35D
ERR1066002,PneumoKITy,11A/11D
ERR742676,PneumoKITy,14
ERR730330,PneumoKITy,15B/15C
ERR997619,PneumoKITy,15B/15C
ERR1065484,PneumoKITy,19A
SRR26817725,PneumoKITy,8
ERR1214323,PneumoKITy,35B/35D
ERR9796539,PneumoKITy,19A
SRR26880176,PneumoKITy,20
SRR26880355,PneumoKITy,19F
ERR490778,PneumoKITy,6A/6B
SRR26789935,PneumoKITy,38
ERR980030,PneumoKITy,14
ERR730592,PneumoKITy,1
SRR26672958,PneumoKITy,22F
ERR2680643,PneumoKITy,19F
SRR26672952,PneumoKITy,19A
ERR13365254,PneumoKITy,3
ERR1066105,PneumoKITy,15A/15D
ERR2681154,PneumoKITy,19F
ERR913367,PneumoKITy,11A/11D
SRR26931395,PneumoKITy,19A
SRR26797290,PneumoKITy,10A
ERR516668,PneumoKITy,6A/6B
ERR2680874,PneumoKITy,Serogroup_6_(6E)
ERR326730,PneumoKITy,23F
SRR26818481,PneumoKITy,6C/6D
ERR13365894,PneumoKITy,20
ERR8481834,PneumoKITy,16F
ERR13365100,PneumoKITy,31
ERR13364607,PneumoKITy,9A/9V
ERR632875,PneumoKITy,14
ERR433851,PneumoKITy,23F
ERR730270,PneumoKITy,9A/9V
SRR26834438,PneumoKITy,3
ERR1202413,PneumoKITy,4
SRR26910349,PneumoKITy,22F
ERR701793,PneumoKITy,1
SRR26789759,PneumoKITy,17F
ERR2090356,PneumoKITy,19F
ERR3796045,PneumoKITy,14
ERR900658,PneumoKITy,19F
SRR26818284,PneumoKITy,31
ERR13366052,PneumoKITy,19F
SRR26930621,PneumoKITy,22F
SRR26673469,PneumoKITy,3
SRR26797304,PneumoKITy,8
ERR2089792,PneumoKITy,12F
ERR1192174,PneumoKITy,20
ERR1453293,PneumoKITy,34
ERR701825,PneumoKITy,23F
ERR913394,PneumoKITy,23B
ERR1540820,PneumoKITy,35B/35D
SRR26749906,PneumoKITy,38
SRR26790108,PneumoKITy,24F/24B
ERR338202,PneumoKITy,19F
ERR997571,PneumoKITy,"Below 70% hit - Poor Sequence quality, variant or non-typeable organism."
ERR2667308,PneumoKITy,14
ERR742790,PneumoKITy,14
SRR26931079,PneumoKITy,8
SRR26714642,PneumoKITy,8
ERR742695,PneumoKITy,12F_12A_12B_44_46
ERR751142,PneumoKITy,Serogroup_6_(6E)
ERR501616,PneumoKITy,18F
ERR1453387,PneumoKITy,19A
SRR26880241,PneumoKITy,12F
ERR1202199,PneumoKITy,"Below 70% hit - Poor Sequence quality, variant or non-typeable organism."
SRR26594305,PneumoKITy,12F
ERR13366087,PneumoKITy,4
ERR3899342,PneumoKITy,14
ERR13365029,PneumoKITy,14
SRR26789975,PneumoKITy,22F
ERR1065158,PneumoKITy,13
ERR2680916,PneumoKITy,4
SRR26673490,PneumoKITy,8
ERR13366042,PneumoKITy,8
SRR26749310,PneumoKITy,12F
ERR2853526,PneumoKITy,19A
ERR646554,PneumoKITy,14
ERR13365545,PneumoKITy,3
ERR13374956,PneumoKITy,15A/15D
ERR326580,PneumoKITy,14
ERR1540832,PneumoKITy,"Below 70% hit - Poor Sequence quality, variant or non-typeable organism."
ERR1214513,PneumoKITy,11A/11D
SRR26878488,PneumoKITy,8
ERR13365023,PneumoKITy,19F
ERR730474,PneumoKITy,Serogroup_6_(6E)
ERR633078,PneumoKITy,6A/6B
ERR7568020,PneumoKITy,9N/9L
ERR884560,PneumoKITy,15B/15C
ERR980013,PneumoKITy,19F
ERR1658155,PneumoKITy,19F
SRR26594297,PneumoKITy,23A
SRR26880327,PneumoKITy,3
SRR26930333,PneumoKITy,22F
ERR2680802,PneumoKITy,19A
ERR730172,PneumoKITy,34
ERR742389,PneumoKITy,19A
ERR433785,PneumoKITy,4
ERR869901,PneumoKITy,"Below 70% hit - Poor Sequence quality, variant or non-typeable organism."
SRR26673196,PneumoKITy,22F
SRR26910840,PneumoKITy,22F
ERR13375130,PneumoKITy,17F
ERR1453751,PneumoKITy,15B/15C
ERR1192157,PneumoKITy,35B/35D
SRR26911062,PneumoKITy,15A/15D
ERR449237,PneumoKITy,19A
ERR505544,PneumoKITy,9N/9L
ERR13365298,PneumoKITy,34
SRR26930388,PneumoKITy,3
ERR4289143,PneumoKITy,35B/35D
ERR1795499,PneumoKITy,18C/18B
ERR501511,PneumoKITy,12F
ERR884347,PneumoKITy,9A/9V
SRR26789360,PneumoKITy,38
SRR26797521,PneumoKITy,9N/9L
ERR773867,PneumoKITy,22F
ERR714192,PneumoKITy,14
ERR568764,PneumoKITy,Serogroup_6_(6E)
ERR662366,PneumoKITy,15A/15D
ERR3796915,PneumoKITy,24F/24B
ERR2090327,PneumoKITy,22F
SRR26910329,PneumoKITy,15A/15D
ERR326395,PneumoKITy,Serogroup_6_(6E)
ERR730522,PneumoKITy,6A/6B
ERR2091217,PneumoKITy,1
ERR1788564,PneumoKITy,7B/40
ERR326463,PneumoKITy,9A/9V
SRR26833998,PneumoKITy,19A
ERR13365953,PneumoKITy,22F
ERR490798,PneumoKITy,19A
SRR26834518,PneumoKITy,16F
ERR884589,PneumoKITy,"Below 70% hit - Poor Sequence quality, variant or non-typeable organism."
ERR568751,PneumoKITy,23B
ERR3332137,PneumoKITy,17F
ERR2089964,PneumoKITy,17F
ERR1453803,PneumoKITy,19F
SRR26878499,PneumoKITy,8
ERR862418,PneumoKITy,31
ERR1202385,PneumoKITy,12F
ERR2090377,PneumoKITy,6A/6B
ERR340837,PneumoKITy,8
ERR2089062,PneumoKITy,6A/6B
ERR714484,PneumoKITy,19F
SRR26930252,PneumoKITy,8
SRR26884251,PneumoKITy,8
SRR26595148,PneumoKITy,8
ERR570445,PneumoKITy,14
ERR13365382,PneumoKITy,8
ERR505500,PneumoKITy,19F
ERR870146,PneumoKITy,23B
ERR2352251,PneumoKITy,"Below 70% hit - Poor Sequence quality, variant or non-typeable organism."
SRR26714808,PneumoKITy,8
SRR26818033,PneumoKITy,12F
SRR26714596,PneumoKITy,15A/15D
SRR26594908,PneumoKITy,33F/33A
ERR600555,PneumoKITy,8
ERR884413,PneumoKITy,3
ERR1422563,PneumoKITy,14
SRR26880436,PneumoKITy,9N/9L
SRR26594764,PneumoKITy,33F/33A
ERR662404,PneumoKITy,15A/15D
ERR1066331,PneumoKITy,21
SRR26833557,PneumoKITy,10A
SRR26797231,PneumoKITy,9N/9L
ERR2667431,PneumoKITy,Serogroup_6_(6E)
ERR1453640,PneumoKITy,15B/15C
SRR26594814,PneumoKITy,8
SRR26930424,PneumoKITy,4
ERR730912,PneumoKITy,19F
ERR730630,PneumoKITy,19F
ERR13364478,PneumoKITy,35F
ERR13374958,PneumoKITy,20
ERR2681338,PneumoKITy,"Below 70% hit - Poor Sequence quality, variant or non-typeable organism."
ERR900721,PneumoKITy,7C
ERR2089688,PneumoKITy,1
ERR570428,PneumoKITy,9N/9L
ERR2681319,PneumoKITy,15B/15C
ERR714493,PneumoKITy,6A/6B
ERR774136,PneumoKITy,23B
SRR26594808,PneumoKITy,3
ERR862414,PneumoKITy,6A/6B
SRR26884100,PneumoKITy,23A
ERR1422370,PneumoKITy,7F/7A
SRR26930927,PneumoKITy,23B
ERR1065568,PneumoKITy,20
ERR2089929,PneumoKITy,13
SRR26930293,PneumoKITy,31
ERR1788399,PneumoKITy,18C/18B
SRR26594553,PneumoKITy,3
SRR26789572,PneumoKITy,6C/6D
ERR2090424,PneumoKITy,10B
ERR900677,PneumoKITy,6A/6B
ERR13374781,PneumoKITy,10A
ERR742808,PneumoKITy,7F/7A
SRR26931598,PneumoKITy,7F/7A
SRR26884081,PneumoKITy,15B/15C
SRR26818108,PneumoKITy,19A
SRR26818392,PneumoKITy,9N/9L
ERR13374728,PneumoKITy,19F
ERR1106654,PneumoKITy,3
ERR730768,PneumoKITy,10A
SRR26594982,PneumoKITy,23A
ERR2091202,PneumoKITy,5
SRR26673485,PneumoKITy,3
ERR316635,PneumoKITy,6A_6B_6C_6D
ERR862534,PneumoKITy,18C/18B
ERR913520,PneumoKITy,7C
SRR26797116,PneumoKITy,10A
ERR326777,PneumoKITy,14
ERR730512,PneumoKITy,1
ERR984295,PneumoKITy,23F
SRR26789861,PneumoKITy,10A
ERR714139,PneumoKITy,5
SRR26672848,PneumoKITy,3
ERR1202288,PneumoKITy,5
ERR13365334,PneumoKITy,8
ERR2680969,PneumoKITy,Serogroup_6_(6E)
ERR1788047,PneumoKITy,12F
SRR26750028,PneumoKITy,3
SRR26749185,PneumoKITy,38
ERR13365722,PneumoKITy,35B/35D
SRR26833933,PneumoKITy,8
SRR26884521,PneumoKITy,8
SRR26789813,PneumoKITy,8
SRR26931805,PneumoKITy,31
ERR773973,PneumoKITy,12F
SRR26749457,PneumoKITy,7C
ERR13365268,PneumoKITy,19A
ERR1065325,PneumoKITy,19F
ERR913431,PneumoKITy,15A/15D
ERR870289,PneumoKITy,Serogroup_6_(6E)
SRR26834007,PneumoKITy,8
ERR742831,PneumoKITy,14
SRR26797143,PneumoKITy,15B/15C
ERR1202487,PneumoKITy,23F
SRR26673516,PneumoKITy,23A
SRR26672755,PneumoKITy,8
ERR900663,PneumoKITy,19F
ERR845754,PneumoKITy,7F/7A
SRR26797932,PneumoKITy,15B/15C
ERR1453329,PneumoKITy,6A/6B
SRR26930352,PneumoKITy,8
ERR1202306,PneumoKITy,1
SRR26878496,PneumoKITy,12F
SRR26818555,PneumoKITy,8
ERR1192017,PneumoKITy,18A
ERR3303178,PneumoKITy,11A/11D
SRR26910716,PneumoKITy,8
ERR338225,PneumoKITy,9A/9V
SRR26750133,PneumoKITy,7F/7A
SRR26880200,PneumoKITy,19F
ERR876590,PneumoKITy,6A/6B
SRR26789948,PneumoKITy,12F
ERR600408,PneumoKITy,1
ERR505545,PneumoKITy,19F
ERR2681280,PneumoKITy,6A/6B
ERR876443,PneumoKITy,14
SRR26818637,PneumoKITy,19A
ERR13397667,PneumoKITy,19F
SRR26817759,PneumoKITy,4
ERR340843,PneumoKITy,7F/7A
ERR742519,PneumoKITy,19A
ERR13374862,PneumoKITy,15B/15C
ERR773835,PneumoKITy,14
ERR1214656,PneumoKITy,14
ERR1214425,PneumoKITy,15F
ERR662422,PneumoKITy,19A
SRR26910397,PneumoKITy,3
SRR26749912,PneumoKITy,4
SRR26879663,PneumoKITy,8
ERR600249,PneumoKITy,23B
ERR5104420,PneumoKITy,4
ERR13364904,PneumoKITy,6C/6D
SRR26884189,PneumoKITy,8
SRR26789219,PneumoKITy,11A/11D
ERR2090778,PneumoKITy,9N/9L
ERR862518,PneumoKITy,Serogroup_6_(6E)
SRR26931585,PneumoKITy,17F
SRR26749517,PneumoKITy,15A/15D
SRR26817941,PneumoKITy,8
ERR646550,PneumoKITy,23F
ERR4501369,PneumoKITy,24F/24B
ERR2667468,PneumoKITy,Serogroup_6_(6E)
SRR26880054,PneumoKITy,22F
ERR862506,PneumoKITy,16F
ERR714103,PneumoKITy,1
SRR26594176,PneumoKITy,8
ERR925074,PneumoKITy,Serogroup_6_(6E)
ERR870325,PneumoKITy,Serogroup_6_(6E)
ERR1422350,PneumoKITy,15B/15C
SRR26817915,PneumoKITy,35B/35D
ERR2681217,PneumoKITy,34
SRR26818337,PneumoKITy,10A
ERR1192023,PneumoKITy,15A/15D
ERR433545,PneumoKITy,12F
ERR774552,PneumoKITy,"Below 70% hit - Poor Sequence quality, variant or non-typeable organism."
SRR26797567,PneumoKITy,3
ERR3723820,PneumoKITy,14
SRR26931800,PneumoKITy,22F
ERR3899254,PneumoKITy,16F
ERR326486,PneumoKITy,18C/18B
SRR26714876,PneumoKITy,22F
ERR742504,PneumoKITy,19A
ERR1453801,PneumoKITy,34
SRR26930665,PneumoKITy,19A
ERR1065336,PneumoKITy,6A/6B
ERR925061,PneumoKITy,19F
ERR2090968,PneumoKITy,5
SRR26884396,PneumoKITy,3
ERR2667898,PneumoKITy,4
ERR751184,PneumoKITy,23F
ERR751050,PneumoKITy,14
ERR1453317,PneumoKITy,23F
ERR742719,PneumoKITy,14
SRR26880000,PneumoKITy,8
SRR26931526,PneumoKITy,11A/11D
ERR449226,PneumoKITy,11A/11D
SRR26797698,PneumoKITy,10A
SRR26834114,PneumoKITy,8
ERR1065530,PneumoKITy,"Below 70% hit - Poor Sequence quality, variant or non-typeable organism."
SRR26818178,PneumoKITy,38
SRR26797184,PneumoKITy,19A
ERR750906,PneumoKITy,Serogroup_6_(6E)
ERR13397672,PneumoKITy,22F
ERR7567959,PneumoKITy,8
SRR26749525,PneumoKITy,8
SRR26789264,PneumoKITy,22F
ERR2680925,PneumoKITy,23A
ERR7567871,PneumoKITy,35B/35D
SRR26797817,PneumoKITy,7C
ERR925054,PneumoKITy,9A/9V
ERR449254,PneumoKITy,14
ERR13366020,PneumoKITy,22F
SRR26594699,PneumoKITy,19A
ERR730537,PneumoKITy,6A/6B
ERR1202607,PneumoKITy,6A/6B
ERR586406,PneumoKITy,7F/7A
SRR26910304,PneumoKITy,8
ERR2091094,PneumoKITy,14
ERR751016,PneumoKITy,"Below 70% hit - Poor Sequence quality, variant or non-typeable organism."
SRR26789424,PneumoKITy,22F
ERR870236,PneumoKITy,12F
SRR26749478,PneumoKITy,19A
ERR3303157,PneumoKITy,6A/6B
ERR505917,PneumoKITy,6C/6D
SRR26930604,PneumoKITy,9N/9L
SRR26594913,PneumoKITy,13
ERR1191864,PneumoKITy,19A
SRR26818061,PneumoKITy,9N/9L
SRR26749743,PneumoKITy,23B
SRR26797262,PneumoKITy,8
ERR980228,PneumoKITy,21
ERR1202341,PneumoKITy,1
SRR26911015,PneumoKITy,15A/15D
SRR26930676,PneumoKITy,23B
ERR870299,PneumoKITy,6A/6B
ERR1540677,PneumoKITy,19A
ERR8481746,PneumoKITy,15B/15C
SRR26880214,PneumoKITy,11A/11D
ERR568638,PneumoKITy,19A
SRR26931054,PneumoKITy,22F
ERR862278,PneumoKITy,16F
ERR869915,PneumoKITy,5
ERR13374783,PneumoKITy,20
ERR876619,PneumoKITy,8
ERR742569,PneumoKITy,19A
ERR1788075,PneumoKITy,19A
SRR26911213,PneumoKITy,8
SRR26931032,PneumoKITy,33F/33A
ERR925298,PneumoKITy,35F
ERR714392,PneumoKITy,14
SRR26911103,PneumoKITy,12F
SRR26817854,PneumoKITy,9N/9L
ERR1422621,PneumoKITy,23F
ERR4501435,PneumoKITy,24F/24B
ERR505555,PneumoKITy,10A
ERR13364849,PneumoKITy,22F
SRR26672877,PneumoKITy,15A/15D
ERR714105,PneumoKITy,12F
SRR26750080,PneumoKITy,12F
SRR26884102,PneumoKITy,16F
SRR26594851,PneumoKITy,10A
ERR884564,PneumoKITy,18C/18B
ERR568482,PneumoKITy,38
ERR714438,PneumoKITy,18A
SRR26834065,PneumoKITy,12F
ERR2667357,PneumoKITy,12A/12B/44/46
SRR26817732,PneumoKITy,19A
ERR730744,PneumoKITy,23F
SRR26883819,PneumoKITy,8
ERR505468,PneumoKITy,19A
ERR1422646,PneumoKITy,19A
SRR26911032,PneumoKITy,6C/6D
SRR26714152,PneumoKITy,12F
ERR2667348,PneumoKITy,"Mixed serotypes- {'23F', '5'}"
SRR26878532,PneumoKITy,17F
ERR714535,PneumoKITy,4
ERR13365282,PneumoKITy,10A
SRR26789426,PneumoKITy,8
SRR26672914,PneumoKITy,33F/33A
SRR26817944,PneumoKITy,8
SRR26910708,PneumoKITy,12F
ERR600177,PneumoKITy,10A
ERR1788126,PneumoKITy,19A
ERR13374776,PneumoKITy,8
ERR1658229,PneumoKITy,19A
SRR26673700,PneumoKITy,33F/33A
ERR2090550,PneumoKITy,1
ERR1788209,PneumoKITy,19F
ERR316607,PneumoKITy,9A/9V
ERR774515,PneumoKITy,35B/35D
ERR600375,PneumoKITy,14
ERR997661,PneumoKITy,35B/35D
ERR1422501,PneumoKITy,9A/9V
SRR26879557,PneumoKITy,8
ERR326365,PneumoKITy,Serogroup_6_(6E)
SRR26789982,PneumoKITy,11A/11D
ERR326530,PneumoKITy,15B/15C
ERR1453388,PneumoKITy,6A/6B
ERR340871,PneumoKITy,9N/9L
SRR26749190,PneumoKITy,19A
ERR13365406,PneumoKITy,14
SRR26749257,PneumoKITy,3
ERR2681235,PneumoKITy,14
ERR2853438,PneumoKITy,19A
ERR997534,PneumoKITy,Serogroup_6_(6E)
SRR26910738,PneumoKITy,8
SRR26910543,PneumoKITy,3
SRR26673431,PneumoKITy,22F
ERR1065915,PneumoKITy,19F
ERR1788427,PneumoKITy,14
ERR2681394,PneumoKITy,6A/6B
ERR316648,PneumoKITy,4
ERR913370,PneumoKITy,28F/28A
SRR26879915,PneumoKITy,35F
ERR730663,PneumoKITy,Serogroup_6_(6E)
SRR26749924,PneumoKITy,9N/9L
SRR26673191,PneumoKITy,9N/9L
ERR2090544,PneumoKITy,1
ERR1202444,PneumoKITy,13
ERR1214691,PneumoKITy,23F
ERR3796786,PneumoKITy,24F/24B
SRR26789235,PneumoKITy,7F/7A
ERR1214699,PneumoKITy,4
ERR326773,PneumoKITy,7F/7A
SRR26877954,PneumoKITy,7C
ERR1658106,PneumoKITy,14
ERR2667239,PneumoKITy,19A
ERR331423,PneumoKITy,14
ERR1066120,PneumoKITy,19F
ERR2667425,PneumoKITy,13
ERR1065177,PneumoKITy,19F
ERR1453284,PneumoKITy,12F
SRR26672883,PneumoKITy,22F
SRR26673331,PneumoKITy,19A
ERR13364915,PneumoKITy,19F
SRR26911180,PneumoKITy,12F
SRR26797964,PneumoKITy,15A/15D
ERR1788517,PneumoKITy,3
ERR730869,PneumoKITy,6A/6B
ERR4289046,PneumoKITy,17F
ERR3227811,PneumoKITy,35A/35C/42
ERR3303296,PneumoKITy,14
SRR26714657,PneumoKITy,22F
ERR13365994,PneumoKITy,24F/24B
ERR1764036,PneumoKITy,1
ERR1202165,PneumoKITy,12F_12A_12B_44_46
SRR26883980,PneumoKITy,12F
SRR26931249,PneumoKITy,33F/33A
SRR26879509,PneumoKITy,8
ERR13365606,PneumoKITy,15A/15D
SRR26931313,PneumoKITy,12F
ERR13365501,PneumoKITy,6C/6D
ERR1333971,PneumoKITy,23F
ERR2090657,PneumoKITy,10A
SRR26749239,PneumoKITy,12F
ERR1214623,PneumoKITy,6A/6B
SRR26911071,PneumoKITy,20
SRR26673556,PneumoKITy,22F
ERR774177,PneumoKITy,35B/35D
ERR909201,PneumoKITy,19F
SRR26749981,PneumoKITy,12F
ERR980312,PneumoKITy,19F
ERR13364383,PneumoKITy,14
ERR2668124,PneumoKITy,6C/6D
ERR2091187,PneumoKITy,21
SRR26789856,PneumoKITy,19A
ERR586463,PneumoKITy,6A/6B
SRR26877772,PneumoKITy,8
SRR26594294,PneumoKITy,19F
SRR26833595,PneumoKITy,3
ERR1066125,PneumoKITy,7F/7A
SRR26834407,PneumoKITy,15A/15D
ERR505469,PneumoKITy,19F
SRR26931649,PneumoKITy,9N/9L
SRR26714226,PneumoKITy,4
ERR600367,PneumoKITy,25F_25A_38
SRR26714278,PneumoKITy,8
ERR13366163,PneumoKITy,9N/9L
ERR311083,PneumoKITy,9A/9V
ERR714644,PneumoKITy,6A/6B
SRR26884378,PneumoKITy,9N/9L
ERR7568065,PneumoKITy,8
SRR26880021,PneumoKITy,35F
SRR26880088,PneumoKITy,8
ERR4289094,PneumoKITy,10F
ERR1192035,PneumoKITy,19F
SRR26797684,PneumoKITy,24F/24B
SRR26930403,PneumoKITy,8
SRR26749502,PneumoKITy,22F
SRR26749896,PneumoKITy,21
ERR2090532,PneumoKITy,5
ERR570401,PneumoKITy,6A/6B
SRR26594380,PneumoKITy,33F/33A
ERR714417,PneumoKITy,1
ERR750903,PneumoKITy,12F
ERR1065914,PneumoKITy,13
ERR3796723,PneumoKITy,24F/24B
ERR1066124,PneumoKITy,19A
ERR2090236,PneumoKITy,11A/11D
ERR730939,PneumoKITy,Serogroup_6_(6E)
ERR925261,PneumoKITy,19B
SRR26673298,PneumoKITy,22F
ERR1202277,PneumoKITy,12A/12B/44/46
ERR2681215,PneumoKITy,19F
SRR26797059,PneumoKITy,23A
SRR26595021,PneumoKITy,10A
ERR870209,PneumoKITy,24F/24B
ERR2667159,PneumoKITy,3
ERR2668096,PneumoKITy,18C/18B
SRR26789859,PneumoKITy,33F/33A
ERR13365602,PneumoKITy,Serogroup_6_(6E)
ERR730155,PneumoKITy,19A
SRR26879791,PneumoKITy,22F
ERR2680724,PneumoKITy,15B/15C
ERR1214329,PneumoKITy,5
ERR750874,PneumoKITy,5
SRR26790166,PneumoKITy,12F
ERR3796660,PneumoKITy,24F/24B
ERR3217384,PneumoKITy,"Below 70% hit - Poor Sequence quality, variant or non-typeable organism."
ERR869842,PneumoKITy,20
SRR26879964,PneumoKITy,12F
ERR316832,PneumoKITy,19F
ERR1333966,PneumoKITy,1
ERR3899228,PneumoKITy,23F
SRR26749343,PneumoKITy,8
ERR862492,PneumoKITy,19F
ERR2090397,PneumoKITy,15B/15C
SRR26833993,PneumoKITy,9N/9L
ERR750937,PneumoKITy,11A/11D
ERR2667166,PneumoKITy,3
ERR862469,PneumoKITy,18A
SRR26880057,PneumoKITy,8
ERR984272,PneumoKITy,15B/15C
ERR1453484,PneumoKITy,19A
SRR26884211,PneumoKITy,9N/9L
ERR1658251,PneumoKITy,Serogroup_6_(6E)
SRR26714954,PneumoKITy,12F
ERR646592,PneumoKITy,12F
ERR3164177,PneumoKITy,14
ERR13365998,PneumoKITy,7F/7A
SRR26911100,PneumoKITy,8
SRR26931760,PneumoKITy,10A
ERR2667694,PneumoKITy,19A
ERR913424,PneumoKITy,5
SRR26714685,PneumoKITy,3
ERR600154,PneumoKITy,33F/33A
ERR2680647,PneumoKITy,6A/6B
ERR2681331,PneumoKITy,Serogroup_6_(6E)
ERR331422,PneumoKITy,3
ERR2089043,PneumoKITy,13
ERR3270748,PneumoKITy,9A/9V
ERR3303243,PneumoKITy,10A
SRR26878216,PneumoKITy,19A
ERR326574,PneumoKITy,18C/18B
SRR26911011,PneumoKITy,23B
ERR3655122,PneumoKITy,19A
SRR26749214,PneumoKITy,9N/9L
ERR449247,PneumoKITy,6A/6B
SRR26797060,PneumoKITy,6A_6B_6C_6D
ERR490744,PneumoKITy,4
ERR2089321,PneumoKITy,21
ERR884573,PneumoKITy,"Below 70% hit - Poor Sequence quality, variant or non-typeable organism."
SRR26789354,PneumoKITy,8
ERR3332177,PneumoKITy,14
ERR568709,PneumoKITy,19A
SRR26749946,PneumoKITy,33F/33A
ERR2680692,PneumoKITy,15B/15C
SRR26930867,PneumoKITy,11A/11D
ERR2681086,PneumoKITy,6A/6B
ERR774271,PneumoKITy,1
ERR3796760,PneumoKITy,24F/24B
ERR774524,PneumoKITy,15B/15C
SRR26911201,PneumoKITy,17F
SRR26834068,PneumoKITy,8
SRR26714180,PneumoKITy,19A
ERR600496,PneumoKITy,19F
ERR633099,PneumoKITy,6A/6B
SRR26930364,PneumoKITy,7C
ERR876762,PneumoKITy,14
SRR26879900,PneumoKITy,19A
SRR26673294,PneumoKITy,22F
ERR2667408,PneumoKITy,6A/6B
SRR26833648,PneumoKITy,9N/9L
ERR870276,PneumoKITy,17F
SRR26673011,PneumoKITy,15A/15D
SRR26930345,PneumoKITy,22F
ERR736924,PneumoKITy,6A_6B_6C_6D
ERR870293,PneumoKITy,19A
ERR3655184,PneumoKITy,14
SRR26931514,PneumoKITy,7C
ERR714353,PneumoKITy,1
SRR26594717,PneumoKITy,12F
ERR600302,PneumoKITy,19F
ERR1453603,PneumoKITy,3
ERR884556,PneumoKITy,Serogroup_6_(6E)
ERR2668119,PneumoKITy,8
ERR2089907,PneumoKITy,11B/11C
SRR26715037,PneumoKITy,3
ERR7567869,PneumoKITy,6C/6D
ERR2612115,PneumoKITy,6A/6B
SRR26930973,PneumoKITy,9N/9L
SRR26818053,PneumoKITy,15A/15D
ERR870316,PneumoKITy,Serogroup_6_(6E)
ERR925305,PneumoKITy,23F
ERR505758,PneumoKITy,16F
SRR26789687,PneumoKITy,8
ERR1658194,PneumoKITy,19F
ERR925064,PneumoKITy,23F
SRR26789442,PneumoKITy,10A
SRR26930826,PneumoKITy,8
ERR1191966,PneumoKITy,"Below 70% hit - Poor Sequence quality, variant or non-typeable organism."
SRR26789695,PneumoKITy,8
ERR1192128,PneumoKITy,20
ERR505472,PneumoKITy,19F
SRR26880168,PneumoKITy,8
SRR26833762,PneumoKITy,17F
SRR26931608,PneumoKITy,8
SRR26833667,PneumoKITy,10A
ERR913344,PneumoKITy,18A
SRR26749591,PneumoKITy,23B
ERR1788176,PneumoKITy,18C/18B
SRR26884544,PneumoKITy,7C
SRR26790094,PneumoKITy,15B/15C
SRR26834135,PneumoKITy,3
SRR26884329,PneumoKITy,3
ERR2090110,PneumoKITy,15B/15C
ERR909083,PneumoKITy,9A/9V
ERR14654056,PneumoKITy,34
ERR600359,PneumoKITy,19F
SRR26672801,PneumoKITy,3
ERR1214370,PneumoKITy,6A/6B
ERR2089352,PneumoKITy,15B/15C
ERR13364417,PneumoKITy,19F
ERR925355,PneumoKITy,Serogroup_6_(6E)
SRR26789450,PneumoKITy,8
ERR1065466,PneumoKITy,15B/15C
ERR633025,PneumoKITy,Serogroup_6_(6E)
ERR909115,PneumoKITy,19F
SRR26884442,PneumoKITy,22F
SRR26714550,PneumoKITy,22F
SRR26878052,PneumoKITy,8
ERR13374740,PneumoKITy,8
SRR26833848,PneumoKITy,8
SRR26673339,PneumoKITy,10A
ERR2089566,PneumoKITy,6C/6D
ERR1430861,PneumoKITy,1
SRR26834108,PneumoKITy,10A
ERR633115,PneumoKITy,6A/6B
ERR570415,PneumoKITy,14
SRR26879880,PneumoKITy,23B
ERR600622,PneumoKITy,6A/6B
ERR730320,PneumoKITy,17F
SRR26931350,PneumoKITy,19A
SRR26910795,PneumoKITy,8
ERR2090679,PneumoKITy,12F
ERR2667559,PneumoKITy,1
SRR26834449,PneumoKITy,13
ERR646557,PneumoKITy,34
ERR662367,PneumoKITy,31
SRR26594758,PneumoKITy,11A/11D
ERR2818754,PneumoKITy,19A
SRR26797543,PneumoKITy,12F
SRR26833914,PneumoKITy,8
SRR26749780,PneumoKITy,20
ERR1430914,PneumoKITy,10A
ERR908888,PneumoKITy,15B/15C
SRR26880404,PneumoKITy,7C
SRR26910350,PneumoKITy,8
ERR2090302,PneumoKITy,15B/15C
ERR751121,PneumoKITy,"Mixed serotypes- {'33D', '33B'}"
ERR331402,PneumoKITy,7F/7A
ERR884572,PneumoKITy,19A
ERR925218,PneumoKITy,15B/15C
ERR1288922,PneumoKITy,7C
SRR26789990,PneumoKITy,22F
SRR26789463,PneumoKITy,7C
SRR26931104,PneumoKITy,8
ERR2089364,PneumoKITy,14
ERR13366120,PneumoKITy,22F
ERR2089555,PneumoKITy,15A/15D
ERR1065572,PneumoKITy,6C/6D
ERR3655270,PneumoKITy,22F
SRR26880165,PneumoKITy,18C/18B
ERR1788165,PneumoKITy,8
SRR26930224,PneumoKITy,10A
SRR26672897,PneumoKITy,3
ERR1214483,PneumoKITy,21
ERR13364571,PneumoKITy,23F
SRR26749945,PneumoKITy,3
ERR1065734,PneumoKITy,21
SRR26749413,PneumoKITy,7F/7A
SRR26673433,PneumoKITy,3
ERR1756438,PneumoKITy,35A/35C/42
ERR1453418,PneumoKITy,13
ERR980008,PneumoKITy,6A_6B_6C_6D
SRR26797283,PneumoKITy,33F/33A
SRR26797451,PneumoKITy,12F
ERR869938,PneumoKITy,11A/11D
SRR26750138,PneumoKITy,33F/33A
SRR26930468,PneumoKITy,3
ERR505867,PneumoKITy,14
SRR26878650,PneumoKITy,22F
ERR913209,PneumoKITy,1
SRR26880015,PneumoKITy,12F
SRR26931333,PneumoKITy,8
ERR1422375,PneumoKITy,12F
ERR1202424,PneumoKITy,4
ERR3303452,PneumoKITy,"Mixed serotypes- {'33B', '33D'}"
ERR956279,PneumoKITy,4
ERR774211,PneumoKITy,14
SRR26879449,PneumoKITy,8
ERR3270849,PneumoKITy,35B/35D
ERR714578,PneumoKITy,14
ERR13364889,PneumoKITy,9A/9V
SRR26878269,PneumoKITy,10A
ERR1066217,PneumoKITy,9A/9V
SRR26880392,PneumoKITy,12F
ERR3227774,PneumoKITy,14
ERR632980,PneumoKITy,19A
ERR1788491,PneumoKITy,23F
ERR1065703,PneumoKITy,21
ERR1288862,PneumoKITy,Serogroup_6_(6E)
SRR26884159,PneumoKITy,8
ERR2681192,PneumoKITy,6A/6B
ERR1453787,PneumoKITy,"Below 70% hit - Poor Sequence quality, variant or non-typeable organism."
ERR979906,PneumoKITy,14
SRR26911024,PneumoKITy,12F
ERR1065358,PneumoKITy,13
SRR26789657,PneumoKITy,8
ERR13365248,PneumoKITy,14
ERR13365737,PneumoKITy,9N/9L
SRR26931515,PneumoKITy,33F/33A
ERR632997,PneumoKITy,4
SRR26880184,PneumoKITy,15B/15C
SRR26879676,PneumoKITy,8
SRR26673248,PneumoKITy,3
ERR568500,PneumoKITy,19F
ERR2090654,PneumoKITy,33F/33A
SRR26818438,PneumoKITy,22F
ERR870244,PneumoKITy,25F/25A
ERR1214345,PneumoKITy,19F
ERR1202283,PneumoKITy,1
ERR2667642,PneumoKITy,5
ERR1106800,PneumoKITy,12F
ERR2091225,PneumoKITy,1
SRR26833586,PneumoKITy,3
ERR2667505,PneumoKITy,23F
ERR1799762,PneumoKITy,25F_25A_38
SRR26930869,PneumoKITy,3
SRR26880339,PneumoKITy,23A
SRR26878646,PneumoKITy,12F
ERR913491,PneumoKITy,13
ERR2667421,PneumoKITy,15B/15C
ERR742866,PneumoKITy,7F/7A
ERR730839,PneumoKITy,19F
SRR26878516,PneumoKITy,8
SRR26880323,PneumoKITy,16F
SRR26880131,PneumoKITy,15A/15D
SRR26884094,PneumoKITy,8
ERR2089054,PneumoKITy,24F/24B
ERR2090044,PneumoKITy,15B/15C
ERR331132,PneumoKITy,Serogroup_6_(6E)
ERR884590,PneumoKITy,19A
ERR1658111,PneumoKITy,14
SRR26911037,PneumoKITy,8
ERR751049,PneumoKITy,9N/9L
ERR1788301,PneumoKITy,19F
SRR26818358,PneumoKITy,3
ERR1202605,PneumoKITy,4
ERR870318,PneumoKITy,1
ERR340836,PneumoKITy,1
ERR909183,PneumoKITy,15B/15C
ERR632883,PneumoKITy,15B/15C
ERR2090741,PneumoKITy,3
SRR26931019,PneumoKITy,22F
ERR956282,PneumoKITy,19F
ERR13365528,PneumoKITy,15A/15D
ERR1288873,PneumoKITy,10B
ERR326422,PneumoKITy,19A
ERR1788153,PneumoKITy,19F
ERR2680581,PneumoKITy,1
ERR1658093,PneumoKITy,21
ERR2090225,PneumoKITy,6A/6B
SRR26714801,PneumoKITy,11A/11D
SRR26714237,PneumoKITy,11A/11D
SRR26930258,PneumoKITy,8
SRR26797475,PneumoKITy,33F/33A
SRR26878601,PneumoKITy,12F
ERR2089904,PneumoKITy,"Below 70% hit - Poor Sequence quality, variant or non-typeable organism."
ERR1658076,PneumoKITy,11A/11D
SRR26884152,PneumoKITy,3
ERR3303323,PneumoKITy,39
ERR1066155,PneumoKITy,15B/15C
ERR449246,PneumoKITy,Serogroup_6_(6E)
SRR26833609,PneumoKITy,8
ERR13374659,PneumoKITy,17F
SRR26817840,PneumoKITy,9N/9L
ERR600228,PneumoKITy,23B
SRR26878423,PneumoKITy,23B
ERR2667598,PneumoKITy,9N/9L
ERR340889,PneumoKITy,7F/7A
ERR742630,PneumoKITy,19A
ERR2089234,PneumoKITy,31
ERR13366097,PneumoKITy,15A/15D
ERR2680844,PneumoKITy,6A/6B
ERR319314,PneumoKITy,Serogroup_6_(6E)
SRR26931502,PneumoKITy,8
SRR26880364,PneumoKITy,33F/33A
ERR884581,PneumoKITy,3
SRR26595071,PneumoKITy,25F_25A_38
ERR730165,PneumoKITy,35B/35D
ERR979920,PneumoKITy,1
SRR26910408,PneumoKITy,8
ERR730242,PneumoKITy,19A
ERR2667837,PneumoKITy,1
ERR1453601,PneumoKITy,4
SRR26714822,PneumoKITy,15B/15C
ERR876639,PneumoKITy,1
ERR1788458,PneumoKITy,14
ERR980112,PneumoKITy,14
ERR1065277,PneumoKITy,11A/11D
ERR2089442,PneumoKITy,14
ERR913339,PneumoKITy,23B
ERR1066095,PneumoKITy,23F
ERR7568077,PneumoKITy,10A
SRR26833957,PneumoKITy,11A/11D
ERR13364480,PneumoKITy,22F
ERR331189,PneumoKITy,6C/6D
ERR862517,PneumoKITy,13
ERR730905,PneumoKITy,Serogroup_6_(6E)
ERR9990854,PneumoKITy,16F
SRR26594661,PneumoKITy,9N/9L
ERR913194,PneumoKITy,15A/15D
ERR3303146,PneumoKITy,Serogroup_6_(6E)
ERR4289070,PneumoKITy,1
ERR352031,PneumoKITy,6A/6B
SRR26930987,PneumoKITy,8
SRR26818187,PneumoKITy,8
ERR773859,PneumoKITy,6A_6B_6C_6D
ERR13364425,PneumoKITy,14
SRR26594790,PneumoKITy,33F/33A
SRR26879954,PneumoKITy,35B/35D
SRR26833986,PneumoKITy,10A
SRR26797752,PneumoKITy,34
SRR26931773,PneumoKITy,22F
SRR26594924,PneumoKITy,10A
ERR13366025,PneumoKITy,8
SRR26749993,PneumoKITy,15A/15D
ERR1065885,PneumoKITy,15B/15C
SRR26749865,PneumoKITy,8
ERR14654042,PneumoKITy,15B/15C
ERR2681252,PneumoKITy,"Below 70% hit - Poor Sequence quality, variant or non-typeable organism."
ERR13374600,PneumoKITy,6A/6B
SRR26594354,PneumoKITy,10A
ERR3303445,PneumoKITy,5
SRR26834382,PneumoKITy,3
ERR750956,PneumoKITy,4
ERR876480,PneumoKITy,19F
ERR586379,PneumoKITy,14
ERR845740,PneumoKITy,23F
ERR2681095,PneumoKITy,6A_6B_6C_6D
ERR925273,PneumoKITy,34
ERR1540817,PneumoKITy,10A
ERR980004,PneumoKITy,24A
ERR13365911,PneumoKITy,3
ERR1453412,PneumoKITy,35B/35D
SRR26878069,PneumoKITy,12F
ERR925101,PneumoKITy,23B
SRR26797476,PneumoKITy,15B/15C
ERR742436,PneumoKITy,9A/9V
ERR2089082,PneumoKITy,"Below 70% hit - Poor Sequence quality, variant or non-typeable organism."
ERR13365198,PneumoKITy,22F
ERR13365686,PneumoKITy,15B/15C
ERR909297,PneumoKITy,11A/11D
ERR2667458,PneumoKITy,6A/6B
ERR876488,PneumoKITy,33F/33A
SRR26790192,PneumoKITy,23A
ERR1788056,PneumoKITy,14
ERR2667381,PneumoKITy,2
ERR331167,PneumoKITy,6C/6D
ERR1214506,PneumoKITy,10B
SRR26714967,PneumoKITy,3
SRR26818574,PneumoKITy,12F
ERR13365438,PneumoKITy,"Below 70% hit - Poor Sequence quality, variant or non-typeable organism."
SRR26797097,PneumoKITy,15B/15C
ERR2090074,PneumoKITy,10B
ERR600126,PneumoKITy,22F
SRR26749903,PneumoKITy,22F
ERR980107,PneumoKITy,6A_6B_6C_6D
SRR26878487,PneumoKITy,4
ERR884594,PneumoKITy,15B/15C
SRR26910668,PneumoKITy,9N/9L
ERR505585,PneumoKITy,35F
ERR2681275,PneumoKITy,6A_6B_6C_6D
SRR26879783,PneumoKITy,10A
SRR26877867,PneumoKITy,23B
SRR26930711,PneumoKITy,10A
ERR5104409,PneumoKITy,4
SRR26715048,PneumoKITy,16F
SRR26789668,PneumoKITy,9N/9L
SRR26880235,PneumoKITy,20
SRR26594999,PneumoKITy,3
ERR7568054,PneumoKITy,19F
ERR750868,PneumoKITy,19F
ERR1065822,PneumoKITy,9N/9L
SRR26673651,PneumoKITy,8
SRR26879469,PneumoKITy,7C
ERR3899231,PneumoKITy,14
ERR2668102,PneumoKITy,19A
ERR662435,PneumoKITy,16F
ERR1288880,PneumoKITy,9A/9V
ERR1202535,PneumoKITy,1
SRR26884164,PneumoKITy,15A/15D
ERR2667795,PneumoKITy,19A
SRR26789359,PneumoKITy,22F
ERR870017,PneumoKITy,19F
SRR26749711,PneumoKITy,14
ERR600552,PneumoKITy,15B/15C
SRR26673714,PneumoKITy,33F/33A
ERR433901,PneumoKITy,19A
ERR1202285,PneumoKITy,14
ERR2680636,PneumoKITy,10A
SRR26931091,PneumoKITy,7C
ERR909002,PneumoKITy,15A/15D
ERR505870,PneumoKITy,17F
SRR26714745,PneumoKITy,12A/12B/44/46
ERR1422526,PneumoKITy,19F
SRR26878316,PneumoKITy,10A
SRR26673131,PneumoKITy,8
ERR326420,PneumoKITy,4
SRR26789914,PneumoKITy,22F
SRR26930278,PneumoKITy,8
ERR2213017,PneumoKITy,7B/40
SRR26931020,PneumoKITy,1
ERR2090416,PneumoKITy,5
ERR1066251,PneumoKITy,23F
ERR632921,PneumoKITy,1
SRR26910700,PneumoKITy,19F
SRR26818129,PneumoKITy,8
SRR26834405,PneumoKITy,35B/35D
ERR773926,PneumoKITy,4
SRR26673112,PneumoKITy,22F
ERR774004,PneumoKITy,23A
SRR26931901,PneumoKITy,33F/33A
ERR8481546,PneumoKITy,13
SRR26879965,PneumoKITy,23A
ERR505692,PneumoKITy,14
ERR1214498,PneumoKITy,19F
ERR3664421,PneumoKITy,4
ERR13365470,PneumoKITy,4
SRR26797517,PneumoKITy,23B
SRR26749236,PneumoKITy,9N/9L
ERR1202399,PneumoKITy,12A/12B/44/46
SRR26834271,PneumoKITy,20
SRR26749296,PneumoKITy,8
ERR600454,PneumoKITy,14
SRR26714626,PneumoKITy,3
ERR870205,PneumoKITy,Serogroup_6_(6E)
ERR1540779,PneumoKITy,19A
SRR26714714,PneumoKITy,22F
ERR2667491,PneumoKITy,6A/6B
SRR26878079,PneumoKITy,35B/35D
ERR2090696,PneumoKITy,12F
ERR2681094,PneumoKITy,15B/15C
SRR26910505,PneumoKITy,16F
ERR730145,PneumoKITy,34
SRR26880385,PneumoKITy,12F
SRR26930261,PneumoKITy,10A
SRR26818415,PneumoKITy,12F
ERR2090901,PneumoKITy,5
ERR2090004,PneumoKITy,2
ERR2681137,PneumoKITy,"Below 70% hit - Poor Sequence quality, variant or non-typeable organism."
ERR449143,PneumoKITy,7F/7A
SRR26931586,PneumoKITy,16F
ERR1288812,PneumoKITy,4
ERR876508,PneumoKITy,19A
ERR600417,PneumoKITy,Serogroup_6_(6E)
ERR870027,PneumoKITy,10B
ERR730728,PneumoKITy,1
ERR13374764,PneumoKITy,33F/33A
SRR26834466,PneumoKITy,19A
SRR26594849,PneumoKITy,7F/7A
ERR774197,PneumoKITy,4
ERR2089839,PneumoKITy,Serogroup_6_(6E)
SRR26790201,PneumoKITy,22F
ERR1430982,PneumoKITy,7C
SRR26930847,PneumoKITy,12F
SRR26789814,PneumoKITy,8
ERR438972,PneumoKITy,1
ERR742812,PneumoKITy,Serogroup_6_(6E)
SRR26910743,PneumoKITy,31
ERR13365273,PneumoKITy,3
ERR13365136,PneumoKITy,23A
SRR26714618,PneumoKITy,10A
SRR26880358,PneumoKITy,8
SRR26931713,PneumoKITy,3
ERR3303362,PneumoKITy,"Below 70% hit - Poor Sequence quality, variant or non-typeable organism."
SRR26879681,PneumoKITy,9N/9L
ERR913126,PneumoKITy,"Below 70% hit - Poor Sequence quality, variant or non-typeable organism."
ERR1288918,PneumoKITy,1
SRR26931009,PneumoKITy,15A/15D
ERR646540,PneumoKITy,6A/6B
ERR13374746,PneumoKITy,11A/11D
ERR13364444,PneumoKITy,22F
ERR568524,PneumoKITy,12F
SRR26877891,PneumoKITy,31
ERR742570,PneumoKITy,5
SRR26833555,PneumoKITy,10A
SRR26878463,PneumoKITy,9N/9L
SRR26834469,PneumoKITy,22F
ERR13364615,PneumoKITy,9A/9V
ERR1106684,PneumoKITy,1
SRR26749430,PneumoKITy,12F
ERR13364754,PneumoKITy,22F
ERR3796947,PneumoKITy,24F/24B
ERR1065673,PneumoKITy,Serogroup_6_(6E)
SRR26673586,PneumoKITy,24F/24B
ERR352055,PneumoKITy,14
ERR2089198,PneumoKITy,12F
ERR568600,PneumoKITy,35F
SRR26931243,PneumoKITy,20
ERR774538,PneumoKITy,35A/35C/42
ERR2089037,PneumoKITy,23B
SRR26673459,PneumoKITy,8
SRR26931130,PneumoKITy,3
SRR26714408,PneumoKITy,22F
SRR26833708,PneumoKITy,8
ERR1540761,PneumoKITy,23F
ERR2089537,PneumoKITy,6A/6B
ERR2667937,PneumoKITy,5
ERR1288895,PneumoKITy,15B/15C
ERR13364503,PneumoKITy,8
ERR1202576,PneumoKITy,17F
ERR742427,PneumoKITy,19A
SRR26931446,PneumoKITy,12F
ERR632879,PneumoKITy,25F_25A_38
ERR997517,PneumoKITy,19A
SRR26714160,PneumoKITy,15A/15D
ERR13365074,PneumoKITy,19F
ERR326555,PneumoKITy,19F
ERR774282,PneumoKITy,"Below 70% hit - Poor Sequence quality, variant or non-typeable organism."
ERR774310,PneumoKITy,34
SRR26878573,PneumoKITy,35B/35D
ERR2681211,PneumoKITy,19F
ERR1795514,PneumoKITy,6C/6D
SRR26930286,PneumoKITy,8
ERR979949,PneumoKITy,33F/33A
SRR26672965,PneumoKITy,33F/33A
SRR26931033,PneumoKITy,16F
SRR26797869,PneumoKITy,8
ERR2090399,PneumoKITy,1
SRR26749326,PneumoKITy,38
ERR774689,PneumoKITy,5
ERR13365226,PneumoKITy,14
ERR2089456,PneumoKITy,14
ERR925383,PneumoKITy,10A
ERR326415,PneumoKITy,6A/6B
ERR730405,PneumoKITy,12F
SRR26930326,PneumoKITy,8
ERR742423,PneumoKITy,22F
SRR26714795,PneumoKITy,3
ERR1202261,PneumoKITy,6A/6B
SRR26878635,PneumoKITy,12F
ERR568737,PneumoKITy,Serogroup_6_(6E)
ERR2091240,PneumoKITy,34
ERR730370,PneumoKITy,19F
ERR742518,PneumoKITy,22F
SRR26931506,PneumoKITy,10A
ERR13374792,PneumoKITy,10A
ERR900685,PneumoKITy,13
SRR26931427,PneumoKITy,9N/9L
SRR26594597,PneumoKITy,19A
ERR600248,PneumoKITy,11A/11D
ERR13366088,PneumoKITy,38
SRR26797474,PneumoKITy,7F/7A
SRR26818521,PneumoKITy,8
ERR774184,PneumoKITy,15B/15C
ERR4501338,PneumoKITy,24F/24B
ERR568527,PneumoKITy,10A
ERR884520,PneumoKITy,5
SRR26818632,PneumoKITy,9A/9V
ERR1065462,PneumoKITy,1
SRR26817748,PneumoKITy,12F
SRR26673145,PneumoKITy,33F/33A
ERR326483,PneumoKITy,14
ERR730652,PneumoKITy,7C
ERR730942,PneumoKITy,14
SRR26880212,PneumoKITy,17F
ERR516692,PneumoKITy,19F
SRR26789438,PneumoKITy,11A/11D
ERR2853625,PneumoKITy,19A
SRR26818197,PneumoKITy,6A/6B
ERR633077,PneumoKITy,14
SRR26931875,PneumoKITy,3
SRR26877919,PneumoKITy,19A
ERR1658110,PneumoKITy,23B
SRR26931123,PneumoKITy,23A
ERR3270838,PneumoKITy,33F/33A
ERR870170,PneumoKITy,3
ERR13365910,PneumoKITy,22F
SRR26673182,PneumoKITy,3
SRR26878027,PneumoKITy,9N/9L
SRR26749503,PneumoKITy,22F
SRR26878349,PneumoKITy,22F
ERR2089658,PneumoKITy,19F
ERR2090788,PneumoKITy,33F/33A
SRR26931891,PneumoKITy,9N/9L
ERR316678,PneumoKITy,6A/6B
ERR742466,PneumoKITy,19A
ERR1214685,PneumoKITy,14
ERR505580,PneumoKITy,11A/11D
ERR1453539,PneumoKITy,14
ERR316637,PneumoKITy,4
ERR1453824,PneumoKITy,19F
SRR26749726,PneumoKITy,20
ERR774534,PneumoKITy,19A
ERR1453644,PneumoKITy,15A/15D
SRR26834403,PneumoKITy,23A
ERR925389,PneumoKITy,35B/35D
ERR869843,PneumoKITy,15A/15D
ERR13366068,PneumoKITy,22F
ERR2090468,PneumoKITy,19A
ERR925030,PneumoKITy,18C/18B
ERR1658157,PneumoKITy,35B/35D
ERR1788525,PneumoKITy,4
ERR326582,PneumoKITy,6A/6B
SRR26879932,PneumoKITy,8
SRR26749319,PneumoKITy,10A
ERR1066289,PneumoKITy,35B/35D
ERR925301,PneumoKITy,"Below 70% hit - Poor Sequence quality, variant or non-typeable organism."
SRR26833954,PneumoKITy,8
SRR26714173,PneumoKITy,24F/24B
ERR646600,PneumoKITy,14
ERR326492,PneumoKITy,Serogroup_6_(6E)
ERR2089577,PneumoKITy,6A/6B
SRR26931437,PneumoKITy,9N/9L
ERR2089167,PneumoKITy,33F/33A
ERR1756441,PneumoKITy,1
ERR2089586,PneumoKITy,5
ERR568446,PneumoKITy,1
SRR26931516,PneumoKITy,9N/9L
SRR26880044,PneumoKITy,8
ERR2681009,PneumoKITy,19F
ERR714441,PneumoKITy,Serogroup_6_(6E)
SRR26715050,PneumoKITy,3
SRR26714470,PneumoKITy,9N/9L
ERR600257,PneumoKITy,19A
SRR26879668,PneumoKITy,33F/33A
ERR13374868,PneumoKITy,22F
ERR2090675,PneumoKITy,12F
ERR433535,PneumoKITy,4
ERR730285,PneumoKITy,28F/28A
ERR13374680,PneumoKITy,19F
SRR26834377,PneumoKITy,3
SRR26673424,PneumoKITy,12F
SRR26818636,PneumoKITy,18C/18B
SRR26750067,PneumoKITy,8
SRR26880136,PneumoKITy,12F
ERR884475,PneumoKITy,22F
ERR774714,PneumoKITy,6A/6B
SRR26594659,PneumoKITy,19A
ERR751179,PneumoKITy,19A_19AF
SRR26879814,PneumoKITy,22F
ERR900696,PneumoKITy,23F
SRR26673638,PneumoKITy,20
ERR13374644,PneumoKITy,31
ERR925130,PneumoKITy,15B/15C
SRR26910895,PneumoKITy,3
SRR26877815,PneumoKITy,12F
ERR2091044,PneumoKITy,5
SRR26714398,PneumoKITy,22F
ERR876596,PneumoKITy,14
ERR2612048,PneumoKITy,5
SRR26834475,PneumoKITy,8
SRR26797975,PneumoKITy,27
ERR909141,PneumoKITy,13
SRR26931645,PneumoKITy,7C
ERR2680762,PneumoKITy,19B
SRR26884125,PneumoKITy,9N/9L
ERR980201,PneumoKITy,6A/6B
ERR1106808,PneumoKITy,35B/35D
ERR1065912,PneumoKITy,19F
SRR26834458,PneumoKITy,3
SRR26797074,PneumoKITy,8
SRR26673143,PneumoKITy,3
ERR13365446,PneumoKITy,24F/24B
ERR1788059,PneumoKITy,"Mixed serotypes- {'14', '19A_19AF'}"
ERR3796779,PneumoKITy,24F/24B
SRR26797703,PneumoKITy,17F
ERR1430867,PneumoKITy,1
ERR1788201,PneumoKITy,22F
ERR3303428,PneumoKITy,9A/9V
SRR26931491,PneumoKITy,15F
SRR26818028,PneumoKITy,8
ERR1202305,PneumoKITy,1
SRR26672840,PneumoKITy,19A
ERR3227736,PneumoKITy,19F
SRR26879565,PneumoKITy,9N/9L
ERR884690,PneumoKITy,19A
ERR1422534,PneumoKITy,34
ERR750786,PneumoKITy,28F/28A
ERR876573,PneumoKITy,1
SRR26673466,PneumoKITy,8
ERR316611,PneumoKITy,19A
ERR997626,PneumoKITy,6A/6B
ERR773847,PneumoKITy,19A
ERR2667440,PneumoKITy,19A
ERR13364502,PneumoKITy,6A_6B_6C_6D
SRR26749363,PneumoKITy,22F
ERR326697,PneumoKITy,22F
ERR714698,PneumoKITy,4
ERR14654036,PneumoKITy,"Below 70% hit - Poor Sequence quality, variant or non-typeable organism."
ERR1288863,PneumoKITy,"Below 70% hit - Poor Sequence quality, variant or non-typeable organism."
ERR600153,PneumoKITy,38
SRR26834522,PneumoKITy,19A
ERR980301,PneumoKITy,6A/6B
SRR26877995,PneumoKITy,3
ERR1788449,PneumoKITy,Serogroup_6_(6E)
ERR14653961,PneumoKITy,6A/6B
ERR2681083,PneumoKITy,19A
ERR505808,PneumoKITy,33F/33A
ERR774219,PneumoKITy,6A/6B
ERR869936,PneumoKITy,19A
SRR26880268,PneumoKITy,9N/9L
SRR26749616,PneumoKITy,10A
ERR568741,PneumoKITy,34
ERR1422533,PneumoKITy,14
SRR26714679,PneumoKITy,6C/6D
ERR501595,PneumoKITy,1
ERR884366,PneumoKITy,12F
SRR26789309,PneumoKITy,19F
ERR2091106,PneumoKITy,14
ERR714425,PneumoKITy,4
ERR433539,PneumoKITy,4
ERR13374614,PneumoKITy,3
SRR26672961,PneumoKITy,3
ERR1066026,PneumoKITy,Serogroup_6_(6E)
ERR1788349,PneumoKITy,"Below 70% hit - Poor Sequence quality, variant or non-typeable organism."
SRR26797430,PneumoKITy,15A/15D
ERR506057,PneumoKITy,19F
ERR742342,PneumoKITy,14
ERR751066,PneumoKITy,6A/6B
ERR4501469,PneumoKITy,24F/24B
ERR326724,PneumoKITy,1
SRR26673277,PneumoKITy,8
ERR774228,PneumoKITy,1
SRR26673081,PneumoKITy,12F
ERR13374857,PneumoKITy,3
ERR8481587,PneumoKITy,12F
ERR1658163,PneumoKITy,34
SRR26818105,PneumoKITy,16F
ERR425501,PneumoKITy,Serogroup_6_(6E)
ERR2667465,PneumoKITy,15B/15C
SRR26910653,PneumoKITy,6C/6D
ERR433648,PneumoKITy,7F/7A
ERR1202278,PneumoKITy,14
ERR600111,PneumoKITy,23B
ERR8481836,PneumoKITy,4
ERR13364702,PneumoKITy,14
ERR3270730,PneumoKITy,10F
SRR26878001,PneumoKITy,19A
SRR26879603,PneumoKITy,10A
ERR9796528,PneumoKITy,15B/15C
SRR26930695,PneumoKITy,31
ERR1065321,PneumoKITy,19A
SRR26673239,PneumoKITy,3
ERR2681312,PneumoKITy,34
ERR3227778,PneumoKITy,14
SRR26789842,PneumoKITy,8
ERR568558,PneumoKITy,9A/9V
SRR26930627,PneumoKITy,19F
ERR925164,PneumoKITy,23F
SRR26833834,PneumoKITy,8
SRR26911151,PneumoKITy,22F
ERR730375,PneumoKITy,9A/9V
SRR26930241,PneumoKITy,8
SRR26797546,PneumoKITy,24F/24B
ERR1540740,PneumoKITy,19F
SRR26834434,PneumoKITy,12F
ERR13375037,PneumoKITy,11A/11D
SRR26884007,PneumoKITy,19F
SRR26930275,PneumoKITy,3
ERR3303459,PneumoKITy,1
SRR26714604,PneumoKITy,19F
SRR26930565,PneumoKITy,15A/15D
ERR505698,PneumoKITy,14
ERR8481817,PneumoKITy,31
ERR1788311,PneumoKITy,19F
SRR26595042,PneumoKITy,8
SRR26834138,PneumoKITy,8
ERR596406,PneumoKITy,33F/33A
SRR26594339,PneumoKITy,8
SRR26817835,PneumoKITy,8
SRR26817804,PneumoKITy,12F
ERR600270,PneumoKITy,3
ERR13364534,PneumoKITy,14
SRR26789390,PneumoKITy,8
ERR1422518,PneumoKITy,Serogroup_6_(6E)
ERR596390,PneumoKITy,22F
SRR26880091,PneumoKITy,12F
ERR750855,PneumoKITy,19F
ERR1192182,PneumoKITy,9A/9V
SRR26879656,PneumoKITy,11A/11D
SRR26797281,PneumoKITy,3
SRR26749291,PneumoKITy,35F
SRR26930775,PneumoKITy,6C/6D
ERR2681032,PneumoKITy,6A/6B
ERR1065489,PneumoKITy,15A/15D
SRR26818664,PneumoKITy,19A
SRR26715067,PneumoKITy,3
ERR2667915,PneumoKITy,19A
ERR433945,PneumoKITy,33F/33A
ERR750873,PneumoKITy,5
ERR326717,PneumoKITy,19A
ERR7568046,PneumoKITy,8
SRR26878562,PneumoKITy,35F
ERR2091286,PneumoKITy,12F
ERR13366250,PneumoKITy,22F
SRR26594667,PneumoKITy,12F
ERR319394,PneumoKITy,Serogroup_6_(6E)
SRR26818327,PneumoKITy,15A/15D
ERR2090166,PneumoKITy,"Below 70% hit - Poor Sequence quality, variant or non-typeable organism."
SRR26749737,PneumoKITy,35F
ERR1788572,PneumoKITy,14
ERR730371,PneumoKITy,"Below 70% hit - Poor Sequence quality, variant or non-typeable organism."
SRR26931045,PneumoKITy,3
ERR730495,PneumoKITy,5
ERR870196,PneumoKITy,17F
SRR26818295,PneumoKITy,8
ERR331400,PneumoKITy,14
SRR26878542,PneumoKITy,3
SRR26884662,PneumoKITy,8
ERR2667607,PneumoKITy,14
ERR2090205,PneumoKITy,6A/6B
ERR3669278,PneumoKITy,3
SRR26931904,PneumoKITy,10A
ERR600256,PneumoKITy,19F
SRR26930823,PneumoKITy,16F
SRR26749183,PneumoKITy,22F
ERR1066050,PneumoKITy,14
ERR1202073,PneumoKITy,19F
SRR26818423,PneumoKITy,8
ERR568755,PneumoKITy,23A
ERR774279,PneumoKITy,17F
ERR1202094,PneumoKITy,5
ERR449264,PneumoKITy,19A
SRR26749210,PneumoKITy,10A
ERR845766,PneumoKITy,14
SRR26884388,PneumoKITy,3
ERR568765,PneumoKITy,23A
ERR3899298,PneumoKITy,15B/15C
ERR1422615,PneumoKITy,2
ERR913524,PneumoKITy,23B
ERR1065911,PneumoKITy,23F
SRR26879764,PneumoKITy,8
SRR26673395,PneumoKITy,12A/12B/44/46
SRR26595045,PneumoKITy,8
SRR26879744,PneumoKITy,35B/35D
ERR632961,PneumoKITy,19F
SRR26818368,PneumoKITy,7C
ERR3303389,PneumoKITy,19A
SRR26879832,PneumoKITy,12F
ERR750744,PneumoKITy,14
SRR26833699,PneumoKITy,24F/24B
ERR2681391,PneumoKITy,35A/35C/42
ERR331116,PneumoKITy,Serogroup_6_(6E)
SRR26834095,PneumoKITy,15A/15D
SRR26817966,PneumoKITy,8
ERR2090681,PneumoKITy,5
ERR913090,PneumoKITy,19A
SRR26672785,PneumoKITy,22F
SRR26789686,PneumoKITy,8
SRR26911060,PneumoKITy,20
SRR26931790,PneumoKITy,8
ERR2667736,PneumoKITy,6A/6B
ERR1422478,PneumoKITy,11A/11D
ERR3795981,PneumoKITy,14
ERR909077,PneumoKITy,9A/9V
ERR751057,PneumoKITy,19F
SRR26672856,PneumoKITy,17F
SRR26673561,PneumoKITy,12F
SRR26878578,PneumoKITy,24F/24B
ERR14653919,PneumoKITy,Serogroup_6_(6E)
ERR1658120,PneumoKITy,19F
ERR1453432,PneumoKITy,"Below 70% hit - Poor Sequence quality, variant or non-typeable organism."
SRR26884182,PneumoKITy,8
SRR26910731,PneumoKITy,"Below 70% hit - Poor Sequence quality, variant or non-typeable organism."
ERR742536,PneumoKITy,38
SRR26594408,PneumoKITy,15B/15C
SRR26910947,PneumoKITy,8
ERR516672,PneumoKITy,19A
ERR730228,PneumoKITy,14
ERR774647,PneumoKITy,Serogroup_6_(6E)
ERR1065607,PneumoKITy,Serogroup_6_(6E)
ERR1065531,PneumoKITy,15A/15D
SRR26931863,PneumoKITy,23B
SRR26789937,PneumoKITy,12F
ERR925366,PneumoKITy,7C
SRR26789333,PneumoKITy,3
SRR26931431,PneumoKITy,33F/33A
SRR26884310,PneumoKITy,17F
SRR26797751,PneumoKITy,12F
ERR2089622,PneumoKITy,1
SRR26594250,PneumoKITy,22F
ERR869821,PneumoKITy,35B/35D
ERR1658252,PneumoKITy,12F
ERR433754,PneumoKITy,19F
ERR600202,PneumoKITy,33F/33A
ERR13364570,PneumoKITy,14
ERR316913,PneumoKITy,18C/18B
ERR2089996,PneumoKITy,15B/15C
ERR714288,PneumoKITy,35B/35D
ERR1540787,PneumoKITy,13
ERR1065465,PneumoKITy,18C/18B
ERR980099,PneumoKITy,13
ERR909048,PneumoKITy,Serogroup_6_(6E)
SRR26714841,PneumoKITy,20
SRR26931658,PneumoKITy,8
ERR600399,PneumoKITy,4
SRR26817798,PneumoKITy,34
ERR13365532,PneumoKITy,10A
ERR869932,PneumoKITy,19F
ERR13365937,PneumoKITy,23B
ERR751187,PneumoKITy,Serogroup_6_(6E)
ERR2090014,PneumoKITy,25F_25A_38
ERR1214417,PneumoKITy,19A
ERR913280,PneumoKITy,19A
ERR13397690,PneumoKITy,8
ERR925053,PneumoKITy,Serogroup_6_(6E)
ERR862454,PneumoKITy,22F
ERR869925,PneumoKITy,19F
ERR980045,PneumoKITy,9A/9V
SRR26879621,PneumoKITy,15A/15D
ERR13364682,PneumoKITy,14
SRR26673627,PneumoKITy,15A/15D
SRR26878748,PneumoKITy,4
ERR730234,PneumoKITy,10A
ERR2090249,PneumoKITy,4
ERR773960,PneumoKITy,Serogroup_6_(6E)
ERR2667857,PneumoKITy,24F/24B
SRR26672836,PneumoKITy,12F
ERR1214450,PneumoKITy,5
SRR26834388,PneumoKITy,7C
ERR774123,PneumoKITy,23F
ERR2212857,PneumoKITy,14
ERR505637,PneumoKITy,21
ERR1430937,PneumoKITy,13
SRR26878305,PneumoKITy,10A
ERR3899286,PneumoKITy,1
ERR701832,PneumoKITy,4
ERR632989,PneumoKITy,6A/6B
ERR2667182,PneumoKITy,20
ERR1788163,PneumoKITy,35F
ERR2680743,PneumoKITy,Serogroup_6_(6E)
SRR26797049,PneumoKITy,20
ERR1288896,PneumoKITy,19F
ERR2090926,PneumoKITy,14
SRR26818058,PneumoKITy,22F
ERR742448,PneumoKITy,38
ERR1422500,PneumoKITy,14
ERR913131,PneumoKITy,19F
SRR26818018,PneumoKITy,33F/33A
SRR26818094,PneumoKITy,19A
ERR1214650,PneumoKITy,6A_6B_6C_6D
SRR26714587,PneumoKITy,12F
ERR13374840,PneumoKITy,23A
SRR26797645,PneumoKITy,16F
ERR2090730,PneumoKITy,16F
SRR26673185,PneumoKITy,8
SRR26910849,PneumoKITy,22F
ERR13365835,PneumoKITy,15A/15D
ERR1788064,PneumoKITy,14
ERR2089332,PneumoKITy,"Below 70% hit - Poor Sequence quality, variant or non-typeable organism."
ERR1795515,PneumoKITy,10F
SRR26594474,PneumoKITy,8
ERR2091117,PneumoKITy,17F
ERR2680697,PneumoKITy,"Below 70% hit - Poor Sequence quality, variant or non-typeable organism."
ERR701833,PneumoKITy,19F
ERR1788269,PneumoKITy,15A/15D
SRR26883885,PneumoKITy,8
SRR26749426,PneumoKITy,15A/15D
ERR13374909,PneumoKITy,8
SRR26817726,PneumoKITy,12F
ERR1594521,PneumoKITy,12F
SRR26910768,PneumoKITy,8
ERR505688,PneumoKITy,19A
SRR26673027,PneumoKITy,33F/33A
ERR750866,PneumoKITy,19A
ERR1202289,PneumoKITy,5
ERR925127,PneumoKITy,5
SRR26594751,PneumoKITy,22F
SRR26930255,PneumoKITy,8
ERR316577,PneumoKITy,5
SRR26797467,PneumoKITy,23B
ERR1191958,PneumoKITy,15A/15D
ERR2667941,PneumoKITy,1
ERR600623,PneumoKITy,14
ERR750841,PneumoKITy,10F
SRR26750044,PneumoKITy,9N/9L
ERR13364685,PneumoKITy,6C/6D
ERR1066349,PneumoKITy,"Below 70% hit - Poor Sequence quality, variant or non-typeable organism."
SRR26879675,PneumoKITy,19F
ERR714336,PneumoKITy,1
ERR2853675,PneumoKITy,19A
ERR1106752,PneumoKITy,19F
SRR26817779,PneumoKITy,7F/7A
SRR26749729,PneumoKITy,10A
SRR26798000,PneumoKITy,22F
SRR26797411,PneumoKITy,19A
SRR26714660,PneumoKITy,3
ERR3227840,PneumoKITy,1
ERR2090892,PneumoKITy,13
SRR26931023,PneumoKITy,8
SRR26878228,PneumoKITy,8
SRR26595049,PneumoKITy,8
ERR568454,PneumoKITy,19F
ERR1756429,PneumoKITy,15B/15C
ERR433508,PneumoKITy,16F
ERR750784,PneumoKITy,4
SRR26797826,PneumoKITy,8
ERR7567800,PneumoKITy,12F
ERR1453798,PneumoKITy,23B
ERR433778,PneumoKITy,4
ERR2089287,PneumoKITy,10A
SRR26878056,PneumoKITy,8
ERR5104419,PneumoKITy,4
ERR505747,PneumoKITy,19A
ERR3332202,PneumoKITy,24F/24B
ERR925147,PneumoKITy,35A/35C/42
SRR26879599,PneumoKITy,9N/9L
ERR2089846,PneumoKITy,9A/9V
ERR884372,PneumoKITy,14
ERR2090185,PneumoKITy,19A
ERR501605,PneumoKITy,19F
SRR26930560,PneumoKITy,8
ERR1192114,PneumoKITy,15A/15D
ERR2681033,PneumoKITy,6A/6B
ERR774201,PneumoKITy,1
ERR13374992,PneumoKITy,19A
SRR26789645,PneumoKITy,8
ERR311154,PneumoKITy,Serogroup_6_(6E)
SRR26673527,PneumoKITy,8
SRR26714882,PneumoKITy,20
SRR26877889,PneumoKITy,3
ERR2089809,PneumoKITy,1
ERR13374938,PneumoKITy,8
ERR862486,PneumoKITy,Serogroup_6_(6E)
SRR26818660,PneumoKITy,15B/15C
SRR26715041,PneumoKITy,19A
ERR13365571,PneumoKITy,9N/9L
ERR2667881,PneumoKITy,1
ERR1191942,PneumoKITy,10A
ERR13365464,PneumoKITy,8
ERR326564,PneumoKITy,12F
ERR2681228,PneumoKITy,15A/15D
SRR26930201,PneumoKITy,12F
SRR26884475,PneumoKITy,14
SRR26878061,PneumoKITy,9N/9L
SRR26834008,PneumoKITy,9N/9L
ERR701817,PneumoKITy,Serogroup_6_(6E)
ERR1066264,PneumoKITy,23A
ERR1066321,PneumoKITy,19F
SRR26749882,PneumoKITy,8
ERR2612101,PneumoKITy,19F
ERR505483,PneumoKITy,19F
SRR26789553,PneumoKITy,12F
SRR26673134,PneumoKITy,33F/33A
SRR26930697,PneumoKITy,12F
ERR2681063,PneumoKITy,34
ERR1453713,PneumoKITy,15B/15C
ERR1214466,PneumoKITy,33B
ERR600179,PneumoKITy,12F
ERR3796707,PneumoKITy,24F/24B
SRR26797346,PneumoKITy,8
ERR2667770,PneumoKITy,1
SRR26817894,PneumoKITy,35F
ERR460209,PneumoKITy,9A/9V
SRR26931371,PneumoKITy,35B/35D
SRR26878146,PneumoKITy,8
ERR1065468,PneumoKITy,15B/15C
ERR908900,PneumoKITy,15B/15C
ERR13375109,PneumoKITy,19F
ERR3899218,PneumoKITy,23F
SRR26749545,PneumoKITy,10A
SRR26672763,PneumoKITy,22F
ERR1202488,PneumoKITy,19F
SRR26910837,PneumoKITy,15A/15D
SRR26818252,PneumoKITy,7C
ERR1453799,PneumoKITy,35F
ERR876492,PneumoKITy,19F
SRR26673292,PneumoKITy,22F
ERR862535,PneumoKITy,15A/15D
ERR1288924,PneumoKITy,1
SRR26880166,PneumoKITy,7C
SRR26833973,PneumoKITy,21
SRR26789393,PneumoKITy,9N/9L
ERR979955,PneumoKITy,19F
ERR870108,PneumoKITy,6A/6B
ERR3669332,PneumoKITy,16F
ERR730739,PneumoKITy,19F
ERR2680939,PneumoKITy,14
ERR1066122,PneumoKITy,6A/6B
ERR2668113,PneumoKITy,12F
SRR26749831,PneumoKITy,24F/24B
SRR26818093,PneumoKITy,20
ERR316917,PneumoKITy,19B
ERR1756452,PneumoKITy,5
ERR1065624,PneumoKITy,1
ERR774354,PneumoKITy,19F
ERR3303427,PneumoKITy,6A_6B_6C_6D
ERR1065264,PneumoKITy,18C/18B
SRR26818351,PneumoKITy,33F/33A
ERR714261,PneumoKITy,7B/40
ERR1192074,PneumoKITy,37
ERR714515,PneumoKITy,1
SRR26834512,PneumoKITy,22F
ERR2680720,PneumoKITy,6A/6B
ERR516628,PneumoKITy,1
ERR3303337,PneumoKITy,Serogroup_6_(6E)
ERR2668027,PneumoKITy,14
SRR26930591,PneumoKITy,33F/33A
SRR26880244,PneumoKITy,8
SRR26931799,PneumoKITy,22F
SRR26714077,PneumoKITy,22F
SRR26879546,PneumoKITy,17F
SRR26884142,PneumoKITy,8
ERR774327,PneumoKITy,15B/15C
ERR997538,PneumoKITy,13
SRR26714206,PneumoKITy,3
SRR26910596,PneumoKITy,23B
ERR425468,PneumoKITy,38
SRR26911140,PneumoKITy,3
ERR913461,PneumoKITy,18A
ERR490705,PneumoKITy,19F
SRR26714775,PneumoKITy,22F
ERR2089927,PneumoKITy,34
SRR26833602,PneumoKITy,12F
SRR26594404,PneumoKITy,12F
ERR13397669,PneumoKITy,19F
SRR26877875,PneumoKITy,8
ERR568550,PneumoKITy,23F
ERR13365638,PneumoKITy,14
SRR26879766,PneumoKITy,8
SRR26878387,PneumoKITy,12F
SRR26884594,PneumoKITy,7C
ERR433843,PneumoKITy,5
ERR730613,PneumoKITy,9N/9L
SRR26673727,PneumoKITy,22F
SRR26930425,PneumoKITy,8
SRR26797729,PneumoKITy,8
ERR1430948,PneumoKITy,19A
SRR26817897,PneumoKITy,11A/11D
ERR742657,PneumoKITy,15A/15D
ERR1756479,PneumoKITy,1
ERR742777,PneumoKITy,"Below 70% hit - Poor Sequence quality, variant or non-typeable organism."
ERR2680878,PneumoKITy,19A
SRR26789957,PneumoKITy,23A
SRR26789820,PneumoKITy,21
ERR3227765,PneumoKITy,19F
ERR13365757,PneumoKITy,38
ERR742501,PneumoKITy,12F
SRR26879991,PneumoKITy,8
ERR913257,PneumoKITy,1
ERR2090744,PneumoKITy,24F/24B
ERR2667168,PneumoKITy,25F_25A_38
ERR2090979,PneumoKITy,8
ERR505949,PneumoKITy,5
ERR751083,PneumoKITy,5
ERR774491,PneumoKITy,15B/15C
SRR26594172,PneumoKITy,17F
ERR505827,PneumoKITy,"Mixed serotypes- {'23F', '14'}"
SRR26879967,PneumoKITy,13
SRR26749966,PneumoKITy,8
ERR568589,PneumoKITy,23F
SRR26594742,PneumoKITy,22F
ERR646599,PneumoKITy,1
ERR742586,PneumoKITy,35B/35D
SRR26797902,PneumoKITy,8
ERR884561,PneumoKITy,18C/18B
ERR1065352,PneumoKITy,15B/15C
ERR13365456,PneumoKITy,4
SRR26877883,PneumoKITy,22F
ERR742437,PneumoKITy,6A/6B
ERR1453457,PneumoKITy,35B/35D
SRR26714828,PneumoKITy,8
SRR26594941,PneumoKITy,12F
ERR2091059,PneumoKITy,1
ERR425432,PneumoKITy,5
SRR26749565,PneumoKITy,8
ERR326381,PneumoKITy,6A/6B
ERR730255,PneumoKITy,6A/6B
ERR913059,PneumoKITy,23F
SRR26673685,PneumoKITy,12F
SRR26880111,PneumoKITy,3
ERR1422579,PneumoKITy,11A/11D
ERR750763,PneumoKITy,3
SRR26910735,PneumoKITy,12F
ERR751068,PneumoKITy,14
ERR2091010,PneumoKITy,15A/15D
SRR26749314,PneumoKITy,33F/33A
ERR2089325,PneumoKITy,Serogroup_6_(6E)
ERR13365272,PneumoKITy,3
SRR26673742,PneumoKITy,22F
SRR26817713,PneumoKITy,20
SRR26594263,PneumoKITy,20
SRR26594163,PneumoKITy,15A/15D
SRR26930518,PneumoKITy,12F
SRR26789671,PneumoKITy,16F
ERR714326,PneumoKITy,Serogroup_6_(6E)
ERR2089296,PneumoKITy,17F
SRR26817996,PneumoKITy,8
SRR26715034,PneumoKITy,22F
ERR869902,PneumoKITy,14
ERR568536,PneumoKITy,1
ERR997469,PneumoKITy,6A/6B
ERR7568089,PneumoKITy,15A/15D
SRR26930802,PneumoKITy,19A
ERR505645,PneumoKITy,19F
ERR331157,PneumoKITy,6C/6D
ERR1192168,PneumoKITy,1
ERR433791,PneumoKITy,1
ERR2091026,PneumoKITy,5
ERR1065718,PneumoKITy,16F
SRR26673001,PneumoKITy,22F
ERR2089715,PneumoKITy,5
ERR913267,PneumoKITy,14
SRR26673303,PneumoKITy,8
ERR326462,PneumoKITy,19A
ERR925271,PneumoKITy,35B/35D
ERR1658151,PneumoKITy,15B/15C
SRR26672957,PneumoKITy,8
SRR26797834,PneumoKITy,8
SRR26790175,PneumoKITy,10A
SRR26594179,PneumoKITy,19A
ERR774170,PneumoKITy,13
SRR26673451,PneumoKITy,11A/11D
ERR742560,PneumoKITy,4
SRR26714217,PneumoKITy,19A
ERR714414,PneumoKITy,4
ERR2089567,PneumoKITy,5
ERR2089753,PneumoKITy,12F
ERR742677,PneumoKITy,6A/6B
ERR2681367,PneumoKITy,33B
ERR2667548,PneumoKITy,14
ERR1453816,PneumoKITy,12F
ERR980292,PneumoKITy,21
ERR2090401,PneumoKITy,19A
ERR714118,PneumoKITy,12F
ERR913281,PneumoKITy,19A
SRR26910554,PneumoKITy,11A/11D
SRR26879930,PneumoKITy,8
ERR2681161,PneumoKITy,19F
SRR26789466,PneumoKITy,8
ERR600349,PneumoKITy,14
SRR26910500,PneumoKITy,8
SRR26673588,PneumoKITy,19A
ERR730812,PneumoKITy,22F
ERR1065630,PneumoKITy,17F
ERR2853577,PneumoKITy,19A
ERR1214538,PneumoKITy,3
SRR26833850,PneumoKITy,22F
ERR884302,PneumoKITy,14
ERR3795515,PneumoKITy,14
ERR736937,PneumoKITy,15A/15D
SRR26714517,PneumoKITy,3
SRR26818120,PneumoKITy,16F
SRR26884280,PneumoKITy,8
SRR26714503,PneumoKITy,8
SRR26714694,PneumoKITy,9N/9L
SRR26749827,PneumoKITy,6A_6B_6C_6D
ERR913142,PneumoKITy,6A/6B
ERR319334,PneumoKITy,6C/6D
ERR2089166,PneumoKITy,3
ERR3270720,PneumoKITy,23F
ERR2225365,PneumoKITy,14
ERR751162,PneumoKITy,23F
ERR736931,PneumoKITy,11A/11D
SRR26594822,PneumoKITy,15B/15C
SRR26931324,PneumoKITy,8
SRR26878110,PneumoKITy,12F
SRR26749840,PneumoKITy,9N/9L
ERR570399,PneumoKITy,9A/9V
SRR26594403,PneumoKITy,3
ERR2090685,PneumoKITy,5
ERR1066313,PneumoKITy,12F
ERR13365807,PneumoKITy,3
SRR26930722,PneumoKITy,23A
SRR26673654,PneumoKITy,8
SRR26884275,PneumoKITy,10A
SRR26930362,PneumoKITy,8
SRR26884342,PneumoKITy,10A
SRR26749976,PneumoKITy,11A/11D
ERR908861,PneumoKITy,Serogroup_6_(6E)
SRR26880348,PneumoKITy,8
SRR26883965,PneumoKITy,13
ERR3303393,PneumoKITy,35A/35C/42
ERR2089368,PneumoKITy,6A/6B
SRR26714838,PneumoKITy,3
ERR2853466,PneumoKITy,19A
ERR1453625,PneumoKITy,1
ERR862324,PneumoKITy,13
ERR1453376,PneumoKITy,21
SRR26834059,PneumoKITy,8
ERR2090438,PneumoKITy,1
ERR433511,PneumoKITy,12F
SRR26833925,PneumoKITy,8
SRR26673106,PneumoKITy,31
ERR13365991,PneumoKITy,22F
ERR869830,PneumoKITy,13
SRR26797376,PneumoKITy,33F/33A
ERR600516,PneumoKITy,15B/15C
ERR1422361,PneumoKITy,10A
ERR1106682,PneumoKITy,4
SRR26714573,PneumoKITy,15B/15C
ERR8481905,PneumoKITy,24F/24B
SRR26714485,PneumoKITy,16F
SRR26594745,PneumoKITy,11A/11D
SRR26749789,PneumoKITy,3
ERR633108,PneumoKITy,15B/15C
ERR730543,PneumoKITy,1
ERR1795509,PneumoKITy,9A/9V
SRR26910866,PneumoKITy,24F/24B
SRR26833669,PneumoKITy,8
ERR3723501,PneumoKITy,14
ERR2091252,PneumoKITy,5
ERR1106754,PneumoKITy,15B/15C
SRR26790157,PneumoKITy,9A/9V
SRR26749182,PneumoKITy,8
ERR490709,PneumoKITy,4
SRR26714554,PneumoKITy,8
ERR3796806,PneumoKITy,24F/24B
ERR2667539,PneumoKITy,14
ERR714571,PneumoKITy,Serogroup_6_(6E)
SRR26594937,PneumoKITy,10A
SRR26714622,PneumoKITy,12F
ERR326416,PneumoKITy,Serogroup_6_(6E)
ERR586447,PneumoKITy,19A
ERR2090187,PneumoKITy,4
ERR730746,PneumoKITy,9A/9V
SRR26879723,PneumoKITy,12F
ERR434039,PneumoKITy,14
ERR8481883,PneumoKITy,23B
SRR26931221,PneumoKITy,23A
ERR2667324,PneumoKITy,1
ERR979945,PneumoKITy,35B/35D
ERR1065739,PneumoKITy,18C/18B
ERR908910,PneumoKITy,14
SRR26749498,PneumoKITy,3
ERR1214570,PneumoKITy,19F
ERR326752,PneumoKITy,8
SRR26749592,PneumoKITy,33F/33A
ERR742497,PneumoKITy,38
ERR997526,PneumoKITy,21
SRR26594765,PneumoKITy,12F
ERR1453594,PneumoKITy,1
ERR3303386,PneumoKITy,21
ERR4289113,PneumoKITy,28F/28A
ERR774275,PneumoKITy,14
ERR13374962,PneumoKITy,33F/33A
ERR3164125,PneumoKITy,14
ERR13375026,PneumoKITy,23B
SRR26817724,PneumoKITy,3
ERR13374900,PneumoKITy,9N/9L
SRR26834000,PneumoKITy,19A
ERR340841,PneumoKITy,22F
ERR2667121,PneumoKITy,19A
ERR600285,PneumoKITy,14
ERR1540714,PneumoKITy,19A
ERR505652,PneumoKITy,6A/6B
SRR26884193,PneumoKITy,9N/9L
ERR774480,PneumoKITy,12F
SRR26884487,PneumoKITy,8
ERR742487,PneumoKITy,18C/18B
SRR26879558,PneumoKITy,9N/9L
SRR26910224,PneumoKITy,35B/35D
ERR13366090,PneumoKITy,22F
ERR449120,PneumoKITy,12F
ERR2681249,PneumoKITy,34
ERR13365478,PneumoKITy,14
ERR1430870,PneumoKITy,1
ERR1288866,PneumoKITy,19B
ERR742525,PneumoKITy,1
ERR505864,PneumoKITy,16F
SRR26879581,PneumoKITy,12F
SRR26749330,PneumoKITy,"Below 70% hit - Poor Sequence quality, variant or non-typeable organism."
SRR26818420,PneumoKITy,8
ERR862276,PneumoKITy,4
ERR751154,PneumoKITy,5
SRR26884218,PneumoKITy,8
SRR26931674,PneumoKITy,8
ERR774530,PneumoKITy,17F
ERR876704,PneumoKITy,17F
ERR13374696,PneumoKITy,15A/15D
ERR876647,PneumoKITy,14
ERR326378,PneumoKITy,Serogroup_6_(6E)
SRR26714420,PneumoKITy,3
ERR326417,PneumoKITy,Serogroup_6_(6E)
ERR909038,PneumoKITy,34
ERR505506,PneumoKITy,19F
SRR26884155,PneumoKITy,19F
ERR13397677,PneumoKITy,10A
ERR2853630,PneumoKITy,19A
SRR26930490,PneumoKITy,12F
ERR774719,PneumoKITy,35B/35D
SRR26878226,PneumoKITy,8
ERR742624,PneumoKITy,19A
SRR26789278,PneumoKITy,31
SRR26749234,PneumoKITy,34
ERR925353,PneumoKITy,19F
ERR2089728,PneumoKITy,Serogroup_6_(6E)
ERR1540833,PneumoKITy,19A
ERR13365689,PneumoKITy,8
SRR26797936,PneumoKITy,12F
SRR26883911,PneumoKITy,33F/33A
ERR870326,PneumoKITy,1
SRR26930185,PneumoKITy,3
SRR26910783,PneumoKITy,33F/33A
ERR980081,PneumoKITy,11A/11D
ERR13374864,PneumoKITy,35B/35D
ERR1422574,PneumoKITy,22F
ERR662368,PneumoKITy,6C/6D
SRR26749248,PneumoKITy,12F
ERR2667719,PneumoKITy,14
ERR714534,PneumoKITy,23F
ERR884567,PneumoKITy,19A
SRR26789272,PneumoKITy,8
ERR9796509,PneumoKITy,19A
SRR26930451,PneumoKITy,15A/15D
ERR2090775,PneumoKITy,12F
ERR326454,PneumoKITy,19F
ERR7567751,PneumoKITy,"Mixed serotypes- {'33D', '33B'}"
ERR13366182,PneumoKITy,29
ERR714675,PneumoKITy,9A/9V
ERR1788375,PneumoKITy,23F
ERR600462,PneumoKITy,19F
SRR26750081,PneumoKITy,8
ERR3796488,PneumoKITy,14
ERR2091038,PneumoKITy,6A/6B
ERR13374931,PneumoKITy,8
ERR340890,PneumoKITy,8
SRR26790001,PneumoKITy,8
ERR13364910,PneumoKITy,7F/7A
ERR570412,PneumoKITy,14
SRR26797877,PneumoKITy,15B/15C
ERR1191981,PneumoKITy,"Below 70% hit - Poor Sequence quality, variant or non-typeable organism."
ERR1065123,PneumoKITy,19F
ERR2090022,PneumoKITy,"Below 70% hit - Poor Sequence quality, variant or non-typeable organism."
ERR913176,PneumoKITy,23B
ERR773963,PneumoKITy,6A/6B
ERR1106633,PneumoKITy,1
SRR26714202,PneumoKITy,24F/24B
SRR26818462,PneumoKITy,8
ERR13364620,PneumoKITy,4
SRR26749953,PneumoKITy,19A
ERR1795453,PneumoKITy,14
ERR913306,PneumoKITy,15B/15C
SRR26714757,PneumoKITy,8
ERR2090677,PneumoKITy,10A
SRR26878040,PneumoKITy,3
ERR774082,PneumoKITy,15B/15C
ERR2681304,PneumoKITy,23A
ERR505491,PneumoKITy,24F/24B
ERR750977,PneumoKITy,15B/15C
SRR26714688,PneumoKITy,19F
ERR1214660,PneumoKITy,14
SRR26834164,PneumoKITy,11A/11D
ERR1202554,PneumoKITy,5
ERR505529,PneumoKITy,9A/9V
SRR26749280,PneumoKITy,23A
SRR26673622,PneumoKITy,33F/33A
ERR326744,PneumoKITy,10A
ERR870263,PneumoKITy,11B/11C
ERR425396,PneumoKITy,6A/6B
ERR3899302,PneumoKITy,6A/6B
ERR730633,PneumoKITy,1
SRR26673680,PneumoKITy,3
SRR26931595,PneumoKITy,23B
SRR26833953,PneumoKITy,24F/24B
ERR913502,PneumoKITy,23F
SRR26789368,PneumoKITy,12F
ERR1788271,PneumoKITy,37
ERR13365609,PneumoKITy,14
ERR600117,PneumoKITy,35B/35D
ERR862326,PneumoKITy,19F
SRR26884297,PneumoKITy,8
ERR13364473,PneumoKITy,3
SRR26797655,PneumoKITy,8
ERR1453456,PneumoKITy,35A/35C/42
SRR26818643,PneumoKITy,8
ERR600104,PneumoKITy,15B/15C
SRR26797931,PneumoKITy,8
ERR1453441,PneumoKITy,1
ERR2091135,PneumoKITy,16F
ERR8481776,PneumoKITy,8
SRR26714915,PneumoKITy,8
ERR2680828,PneumoKITy,15B/15C
ERR908939,PneumoKITy,34
ERR913136,PneumoKITy,Serogroup_6_(6E)
ERR2681226,PneumoKITy,34
ERR316681,PneumoKITy,7F/7A
ERR2090804,PneumoKITy,12F
ERR2680589,PneumoKITy,1
SRR26749509,PneumoKITy,22F
SRR26673526,PneumoKITy,22F
ERR714465,PneumoKITy,23F
SRR26818320,PneumoKITy,12F
SRR26789513,PneumoKITy,38
ERR570460,PneumoKITy,14
SRR26878398,PneumoKITy,12F
ERR862291,PneumoKITy,5
ERR13365569,PneumoKITy,22F
ERR2680975,PneumoKITy,19F
ERR730931,PneumoKITy,14
SRR26797257,PneumoKITy,23B
ERR505586,PneumoKITy,23F
SRR26749861,PneumoKITy,11A/11D
ERR9796538,PneumoKITy,34
SRR26883793,PneumoKITy,9N/9L
ERR1799749,PneumoKITy,9A/9V
ERR870107,PneumoKITy,1
ERR3303318,PneumoKITy,19A
SRR26883924,PneumoKITy,8
ERR8481795,PneumoKITy,35B/35D
SRR26789886,PneumoKITy,8
SRR26714215,PneumoKITy,17F
ERR1795479,PneumoKITy,9N/9L
SRR26818388,PneumoKITy,38
ERR3899492,PneumoKITy,14
ERR1422414,PneumoKITy,3
SRR26879610,PneumoKITy,31
ERR1788287,PneumoKITy,6A/6B
ERR1453592,PneumoKITy,3
SRR26884063,PneumoKITy,8
SRR26878336,PneumoKITy,23B
ERR908989,PneumoKITy,34
SRR26714847,PneumoKITy,9N/9L
ERR1214343,PneumoKITy,13
ERR869917,PneumoKITy,"Below 70% hit - Poor Sequence quality, variant or non-typeable organism."
SRR26930397,PneumoKITy,8
ERR742741,PneumoKITy,9N/9L
ERR13365327,PneumoKITy,22F
SRR26878674,PneumoKITy,9N/9L
SRR26797938,PneumoKITy,23B
ERR1214494,PneumoKITy,18C/18B
ERR1658158,PneumoKITy,4
ERR1422519,PneumoKITy,Serogroup_6_(6E)
ERR2089033,PneumoKITy,13
SRR26931291,PneumoKITy,12F
SRR26910409,PneumoKITy,9N/9L
ERR2681258,PneumoKITy,Serogroup_6_(6E)
ERR433725,PneumoKITy,19A
SRR26714929,PneumoKITy,8
ERR1065202,PneumoKITy,35B/35D
SRR26931664,PneumoKITy,22F
ERR3270857,PneumoKITy,17F
ERR925168,PneumoKITy,38
ERR908943,PneumoKITy,Serogroup_6_(6E)
SRR26673687,PneumoKITy,35B/35D
ERR3899314,PneumoKITy,19A
SRR26910590,PneumoKITy,17F
ERR2089362,PneumoKITy,1
ERR8481786,PneumoKITy,15B/15C
ERR2090756,PneumoKITy,27
SRR26817831,PneumoKITy,12F
SRR26878399,PneumoKITy,8
SRR26594824,PneumoKITy,12F
ERR909301,PneumoKITy,19A
SRR26930730,PneumoKITy,14
ERR2680603,PneumoKITy,19A
ERR1795493,PneumoKITy,1
SRR26789456,PneumoKITy,8
ERR633059,PneumoKITy,4
SRR26834391,PneumoKITy,9N/9L
ERR13365530,PneumoKITy,11A/11D
ERR600386,PneumoKITy,Serogroup_6_(6E)
SRR26672915,PneumoKITy,23B
ERR3270724,PneumoKITy,6A/6B
ERR742607,PneumoKITy,19A
SRR26818620,PneumoKITy,22F
ERR2089232,PneumoKITy,17F
ERR870085,PneumoKITy,21
ERR13365054,PneumoKITy,3
SRR26789517,PneumoKITy,15B/15C
ERR730369,PneumoKITy,14
SRR26931660,PneumoKITy,3
ERR2090118,PneumoKITy,15B/15C
ERR2681276,PneumoKITy,14
ERR3303402,PneumoKITy,23F
SRR26797318,PneumoKITy,8
SRR26817971,PneumoKITy,16F
ERR908960,PneumoKITy,6A/6B
ERR3669268,PneumoKITy,12F
SRR26910687,PneumoKITy,6C/6D
ERR751133,PneumoKITy,Serogroup_6_(6E)
ERR742835,PneumoKITy,Serogroup_6_(6E)
SRR26673524,PneumoKITy,8
ERR331417,PneumoKITy,3
ERR774257,PneumoKITy,1
ERR2091172,PneumoKITy,19A
ERR2089374,PneumoKITy,25F_25A_38
SRR26818683,PneumoKITy,7F/7A
ERR3303239,PneumoKITy,23F
SRR26672875,PneumoKITy,9N/9L
SRR26673311,PneumoKITy,8
ERR2612121,PneumoKITy,19F
SRR26672819,PneumoKITy,22F
SRR26594796,PneumoKITy,33F/33A
SRR26931469,PneumoKITy,33F/33A
SRR26910955,PneumoKITy,12F
ERR13364772,PneumoKITy,19A
ERR433507,PneumoKITy,"Below 70% hit - Poor Sequence quality, variant or non-typeable organism."
ERR1453780,PneumoKITy,22A
ERR742655,PneumoKITy,10F
ERR13365322,PneumoKITy,15A/15D
ERR884408,PneumoKITy,19A
SRR26931782,PneumoKITy,22F
ERR505619,PneumoKITy,Serogroup_6_(6E)
ERR568687,PneumoKITy,23F
ERR730671,PneumoKITy,14
SRR26880096,PneumoKITy,8
ERR925032,PneumoKITy,19F
SRR26749933,PneumoKITy,8
ERR913088,PneumoKITy,15B/15C
SRR26595063,PneumoKITy,19A
ERR600131,PneumoKITy,22F
SRR26715015,PneumoKITy,8
SRR26911142,PneumoKITy,8
ERR13365796,PneumoKITy,23F
ERR8481666,PneumoKITy,19F
ERR3303206,PneumoKITy,10A
SRR26594555,PneumoKITy,19A
SRR26673231,PneumoKITy,22F
ERR1453516,PneumoKITy,7F/7A
SRR26797481,PneumoKITy,17F
ERR13365009,PneumoKITy,9A/9V
ERR876622,PneumoKITy,14
ERR2091096,PneumoKITy,5
ERR909230,PneumoKITy,17F
SRR26818027,PneumoKITy,12F
SRR26749724,PneumoKITy,8
ERR2090612,PneumoKITy,12F
ERR3899439,PneumoKITy,14
ERR908992,PneumoKITy,6A/6B
SRR26884338,PneumoKITy,8
SRR26789337,PneumoKITy,8
ERR319344,PneumoKITy,Serogroup_6_(6E)
ERR2089727,PneumoKITy,24F/24B
ERR2853487,PneumoKITy,19A
SRR26930807,PneumoKITy,22F
ERR730175,PneumoKITy,35B/35D
SRR26930768,PneumoKITy,8
SRR26884376,PneumoKITy,3
ERR14653934,PneumoKITy,19F
SRR26749575,PneumoKITy,37
ERR908914,PneumoKITy,19F
SRR26910646,PneumoKITy,12F
ERR884604,PneumoKITy,23F
ERR3796810,PneumoKITy,24F/24B
ERR742704,PneumoKITy,6A/6B
ERR714727,PneumoKITy,"Below 70% hit - Poor Sequence quality, variant or non-typeable organism."
ERR4501328,PneumoKITy,19A
SRR26789416,PneumoKITy,11A/11D
ERR1065185,PneumoKITy,31
SRR26789885,PneumoKITy,8
ERR774304,PneumoKITy,Serogroup_6_(6E)
SRR26797919,PneumoKITy,10A
SRR26879914,PneumoKITy,8
SRR26672963,PneumoKITy,15A/15D
ERR326718,PneumoKITy,9A/9V
ERR13365806,PneumoKITy,10A
ERR1799713,PneumoKITy,15B/15C
ERR13364487,PneumoKITy,35F
ERR742733,PneumoKITy,"Mixed serotypes- {'33B', '33D'}"
ERR13364482,PneumoKITy,33F/33A
SRR26930398,PneumoKITy,15A/15D
ERR876783,PneumoKITy,14
ERR2089593,PneumoKITy,Serogroup_6_(6E)
ERR2089419,PneumoKITy,24F/24B
ERR662443,PneumoKITy,31
SRR26883931,PneumoKITy,12F
ERR433782,PneumoKITy,23F
ERR742621,PneumoKITy,15B/15C
ERR505926,PneumoKITy,19F
SRR26749197,PneumoKITy,3
SRR26834427,PneumoKITy,11A/11D
SRR26880417,PneumoKITy,22F
SRR26789654,PneumoKITy,22F
ERR3303199,PneumoKITy,14
ERR751148,PneumoKITy,12F
SRR26910258,PneumoKITy,8
ERR1202197,PneumoKITy,6A/6B
ERR1453391,PneumoKITy,Serogroup_6_(6E)
ERR909251,PneumoKITy,3
SRR26797761,PneumoKITy,12F
SRR26672865,PneumoKITy,12F
ERR908952,PneumoKITy,14
ERR714664,PneumoKITy,6A/6B
ERR1788128,PneumoKITy,19A
ERR2089099,PneumoKITy,13
SRR26817799,PneumoKITy,8
ERR862510,PneumoKITy,18A
SRR26884607,PneumoKITy,9N/9L
ERR2667531,PneumoKITy,1
SRR26931615,PneumoKITy,8
ERR449236,PneumoKITy,18C/18B
ERR1065383,PneumoKITy,23F
SRR26797090,PneumoKITy,38
SRR26594701,PneumoKITy,31
ERR1788536,PneumoKITy,29
ERR730579,PneumoKITy,6A/6B
SRR26931002,PneumoKITy,31
SRR26930716,PneumoKITy,8
ERR316659,PneumoKITy,9N/9L
ERR2680845,PneumoKITy,19F
ERR2089853,PneumoKITy,18C/18B
ERR1788418,PneumoKITy,7C
ERR13365462,PneumoKITy,4
ERR1065964,PneumoKITy,15B/15C
ERR13365275,PneumoKITy,22F
SRR26910859,PneumoKITy,10A
ERR774205,PneumoKITy,15A/15D
ERR979956,PneumoKITy,35B/35D
SRR26714909,PneumoKITy,33F/33A
SRR26833658,PneumoKITy,11A/11D
SRR26594679,PneumoKITy,19F
SRR26931220,PneumoKITy,22F
SRR26797037,PneumoKITy,22F
ERR1065157,PneumoKITy,10A
ERR773919,PneumoKITy,6A/6B
SRR26789311,PneumoKITy,12F
SRR26818170,PneumoKITy,22F
ERR331166,PneumoKITy,Serogroup_6_(6E)
ERR2089549,PneumoKITy,24F/24B
ERR2090274,PneumoKITy,10A
ERR1799731,PneumoKITy,9A/9V
ERR1065843,PneumoKITy,12F
ERR2090207,PneumoKITy,7C
SRR26714078,PneumoKITy,8
ERR13365206,PneumoKITy,19F
ERR13364762,PneumoKITy,1
ERR316671,PneumoKITy,19F
ERR2091209,PneumoKITy,23F
ERR3270779,PneumoKITy,3
SRR26797463,PneumoKITy,12F
SRR26911090,PneumoKITy,8
SRR26797051,PneumoKITy,22F
ERR2089155,PneumoKITy,1
ERR13365769,PneumoKITy,8
ERR13365151,PneumoKITy,19F
SRR26884418,PneumoKITy,9A/9V
SRR26673473,PneumoKITy,15A/15D
ERR2090830,PneumoKITy,33F/33A
ERR774591,PneumoKITy,1
ERR7568057,PneumoKITy,Serogroup_6_(6E)
ERR2090920,PneumoKITy,23F
SRR26878157,PneumoKITy,22F
ERR338207,PneumoKITy,8
SRR26797446,PneumoKITy,8
ERR568688,PneumoKITy,19F
ERR742355,PneumoKITy,14
ERR433654,PneumoKITy,7F/7A
ERR13364735,PneumoKITy,19A
SRR26931322,PneumoKITy,15A/15D
ERR714228,PneumoKITy,Serogroup_6_(6E)
ERR2680797,PneumoKITy,Serogroup_6_(6E)
ERR600174,PneumoKITy,33F/33A
SRR26818545,PneumoKITy,7C
SRR26930797,PneumoKITy,3
ERR1065967,PneumoKITy,11A/11D
ERR2681283,PneumoKITy,Serogroup_6_(6E)
SRR26884613,PneumoKITy,17F
SRR26880253,PneumoKITy,10A
SRR26878743,PneumoKITy,7C
ERR1066317,PneumoKITy,1
SRR26749403,PneumoKITy,23A
SRR26930853,PneumoKITy,8
ERR1202575,PneumoKITy,7F/7A
ERR13364670,PneumoKITy,9N/9L
SRR26797507,PneumoKITy,9A/9V
ERR980263,PneumoKITy,20
ERR979892,PneumoKITy,1
ERR980240,PneumoKITy,19F
SRR26879828,PneumoKITy,9N/9L
ERR319318,PneumoKITy,Serogroup_6_(6E)
ERR884636,PneumoKITy,Serogroup_6_(6E)
ERR869945,PneumoKITy,16F
ERR1106739,PneumoKITy,13
ERR742795,PneumoKITy,4
SRR26883917,PneumoKITy,3
ERR600499,PneumoKITy,18C/18B
ERR876756,PneumoKITy,3
SRR26750011,PneumoKITy,33F/33A
ERR433954,PneumoKITy,24F/24B
SRR26594277,PneumoKITy,12F
ERR3270829,PneumoKITy,6A/6B
ERR774353,PneumoKITy,12F
ERR5336814,PneumoKITy,4
SRR26930657,PneumoKITy,33F/33A
ERR714337,PneumoKITy,12F
SRR26930729,PneumoKITy,12F
ERR980018,PneumoKITy,15B/15C
SRR26797227,PneumoKITy,9N/9L
ERR750775,PneumoKITy,19F
SRR26789830,PneumoKITy,15B/15C
ERR3270845,PneumoKITy,12F
SRR26878304,PneumoKITy,11A/11D
ERR13374936,PneumoKITy,15B/15C
ERR701821,PneumoKITy,1
SRR26930253,PneumoKITy,3
ERR862428,PneumoKITy,22A
ERR730206,PneumoKITy,11A/11D
ERR913221,PneumoKITy,23F
ERR2680929,PneumoKITy,6A/6B
ERR1453312,PneumoKITy,34
ERR913215,PneumoKITy,9N/9L
ERR2680980,PneumoKITy,19F
SRR26930547,PneumoKITy,3
ERR884479,PneumoKITy,19A
ERR568705,PneumoKITy,23F
ERR1191838,PneumoKITy,35B/35D
ERR870227,PneumoKITy,14
SRR26930193,PneumoKITy,6C/6D
ERR870061,PneumoKITy,35B/35D
ERR3796702,PneumoKITy,24F/24B
ERR1422423,PneumoKITy,12F
ERR1065441,PneumoKITy,6A/6B
ERR13364640,PneumoKITy,19F
SRR26930984,PneumoKITy,12F
ERR2667932,PneumoKITy,19A
ERR1764052,PneumoKITy,1
ERR3227801,PneumoKITy,24F/24B
ERR2089130,PneumoKITy,11A/11D
SRR26930572,PneumoKITy,22F
ERR3270766,PneumoKITy,10A
ERR505662,PneumoKITy,19A_19AF
ERR2667360,PneumoKITy,5
SRR26749304,PneumoKITy,7C
ERR900735,PneumoKITy,"Below 70% hit - Poor Sequence quality, variant or non-typeable organism."
SRR26911211,PneumoKITy,7F/7A
ERR1066149,PneumoKITy,"Below 70% hit - Poor Sequence quality, variant or non-typeable organism."
ERR742388,PneumoKITy,19A
ERR7568022,PneumoKITy,8
ERR1788246,PneumoKITy,Serogroup_6_(6E)
ERR900712,PneumoKITy,23F
ERR714554,PneumoKITy,9A/9V
ERR870292,PneumoKITy,35B/35D
ERR13364526,PneumoKITy,Serogroup_6_(6E)
SRR26930164,PneumoKITy,8
ERR600090,PneumoKITy,7F/7A
ERR13364476,PneumoKITy,8
ERR13365498,PneumoKITy,4
ERR1540679,PneumoKITy,35B/35D
SRR26931320,PneumoKITy,15A/15D
ERR1214670,PneumoKITy,14
SRR26931698,PneumoKITy,35B/35D
SRR26797666,PneumoKITy,15A/15D
ERR632984,PneumoKITy,14
ERR2090766,PneumoKITy,12F
SRR26714750,PneumoKITy,15A/15D
ERR3655301,PneumoKITy,23F
SRR26877885,PneumoKITy,10A
ERR600606,PneumoKITy,14
SRR26910995,PneumoKITy,3
SRR26910319,PneumoKITy,8
SRR26749815,PneumoKITy,23A
ERR1065850,PneumoKITy,35B/35D
ERR2680961,PneumoKITy,Serogroup_6_(6E)
SRR26797015,PneumoKITy,12F
ERR1214378,PneumoKITy,23F
ERR1202159,PneumoKITy,"Mixed serotypes- {'33B', '33D'}"
ERR869871,PneumoKITy,6A/6B
SRR26715028,PneumoKITy,8
SRR26714718,PneumoKITy,11A/11D
SRR26797386,PneumoKITy,7C
ERR3899339,PneumoKITy,23F
SRR26673592,PneumoKITy,8
SRR26797374,PneumoKITy,8
ERR1065272,PneumoKITy,15B/15C
ERR13365269,PneumoKITy,19A
ERR2680897,PneumoKITy,15B/15C
ERR1453694,PneumoKITy,15B/15C
SRR26594691,PneumoKITy,3
ERR925153,PneumoKITy,34
SRR26879631,PneumoKITy,19F
SRR26879451,PneumoKITy,20
SRR26789792,PneumoKITy,12F
ERR876630,PneumoKITy,18C/18B
ERR1430839,PneumoKITy,1
ERR774683,PneumoKITy,1
SRR26749468,PneumoKITy,12F
ERR2089068,PneumoKITy,15A/15D
SRR26910454,PneumoKITy,9N/9L
ERR980062,PneumoKITy,6A/6B
ERR646576,PneumoKITy,19F
ERR862400,PneumoKITy,"Below 70% hit - Poor Sequence quality, variant or non-typeable organism."
ERR13366132,PneumoKITy,22F
ERR876660,PneumoKITy,14
ERR913563,PneumoKITy,15B/15C
ERR331110,PneumoKITy,Serogroup_6_(6E)
ERR1788561,PneumoKITy,9A/9V
SRR26594202,PneumoKITy,23B
ERR913393,PneumoKITy,34
ERR3227735,PneumoKITy,11A/11D
ERR568483,PneumoKITy,19F
SRR26714125,PneumoKITy,9N/9L
ERR884517,PneumoKITy,6A/6B
ERR2090650,PneumoKITy,19A
ERR1788178,PneumoKITy,23F
SRR26884053,PneumoKITy,38
SRR26910278,PneumoKITy,8
SRR26818224,PneumoKITy,9N/9L
SRR26884566,PneumoKITy,3
ERR13365089,PneumoKITy,14
ERR1422404,PneumoKITy,14
SRR26911022,PneumoKITy,8
ERR8481791,PneumoKITy,13
ERR884650,PneumoKITy,19A
SRR26910806,PneumoKITy,22F
SRR26673168,PneumoKITy,16F
ERR1065784,PneumoKITy,31
SRR26594547,PneumoKITy,8
ERR13365461,PneumoKITy,7F/7A
SRR26880262,PneumoKITy,11A/11D
ERR909228,PneumoKITy,7C
ERR1065407,PneumoKITy,23F
SRR26594938,PneumoKITy,6C/6D
SRR26931297,PneumoKITy,12F
SRR26790042,PneumoKITy,17F
SRR26834006,PneumoKITy,3
SRR26879912,PneumoKITy,8
SRR26931533,PneumoKITy,8
ERR1192069,PneumoKITy,48
ERR632942,PneumoKITy,14
ERR2681189,PneumoKITy,18A
SRR26749161,PneumoKITy,8
SRR26749443,PneumoKITy,12F
SRR26818275,PneumoKITy,3
ERR845760,PneumoKITy,6A/6B
ERR13365697,PneumoKITy,17F
ERR1214607,PneumoKITy,"Mixed serotypes- {'33D', '33B'}"
ERR876792,PneumoKITy,23F
ERR3796631,PneumoKITy,24F/24B
ERR13365512,PneumoKITy,9N/9L
ERR13374720,PneumoKITy,10B
ERR586363,PneumoKITy,Serogroup_6_(6E)
ERR913473,PneumoKITy,"Below 70% hit - Poor Sequence quality, variant or non-typeable organism."
ERR1288920,PneumoKITy,19A
SRR26714689,PneumoKITy,8
ERR3655157,PneumoKITy,19A
SRR26818016,PneumoKITy,11A/11D
ERR5262735,PneumoKITy,4
ERR742613,PneumoKITy,3
ERR1788423,PneumoKITy,Serogroup_6_(6E)
SRR26673574,PneumoKITy,9N/9L
SRR26790202,PneumoKITy,6C/6D
SRR26672808,PneumoKITy,9N/9L
ERR433529,PneumoKITy,6A/6B
ERR13365279,PneumoKITy,31
ERR2091041,PneumoKITy,14
SRR26931269,PneumoKITy,12F
ERR326414,PneumoKITy,15B/15C
ERR326507,PneumoKITy,4
SRR26884407,PneumoKITy,15A/15D
ERR7568056,PneumoKITy,34
ERR1799728,PneumoKITy,1
ERR913081,PneumoKITy,23F
ERR2089850,PneumoKITy,5
SRR26877981,PneumoKITy,22F
ERR714567,PneumoKITy,7F/7A
ERR1192151,PneumoKITy,19A
ERR774117,PneumoKITy,Serogroup_6_(6E)
ERR3796769,PneumoKITy,24F/24B
ERR352043,PneumoKITy,12F
ERR730526,PneumoKITy,25F/25A
ERR980311,PneumoKITy,6A/6B
SRR26833767,PneumoKITy,8
ERR2090994,PneumoKITy,4
SRR26834394,PneumoKITy,8
SRR26789784,PneumoKITy,6C/6D
SRR26673729,PneumoKITy,9N/9L
ERR7567793,PneumoKITy,21
ERR501603,PneumoKITy,21
ERR13365544,PneumoKITy,16F
ERR2089345,PneumoKITy,19A
SRR26884741,PneumoKITy,20
SRR26797991,PneumoKITy,8
ERR714647,PneumoKITy,19F
ERR662416,PneumoKITy,3
ERR742450,PneumoKITy,6A/6B
SRR26880383,PneumoKITy,21
ERR1065726,PneumoKITy,34
ERR1065827,PneumoKITy,15B/15C
ERR433696,PneumoKITy,23A
ERR425421,PneumoKITy,14
SRR26877897,PneumoKITy,12F
ERR516634,PneumoKITy,19F
ERR13364544,PneumoKITy,14
ERR1795480,PneumoKITy,19A
SRR26877934,PneumoKITy,19A
ERR869958,PneumoKITy,5
SRR26749705,PneumoKITy,19F
ERR1453485,PneumoKITy,9A/9V
SRR26797393,PneumoKITy,8
ERR742405,PneumoKITy,35B/35D
SRR26790099,PneumoKITy,9N/9L
SRR26910354,PneumoKITy,8
ERR13364976,PneumoKITy,8
ERR980044,PneumoKITy,23F
SRR26910674,PneumoKITy,19A
ERR319343,PneumoKITy,Serogroup_6_(6E)
ERR1788179,PneumoKITy,19F
ERR925239,PneumoKITy,3
SRR26931767,PneumoKITy,8
ERR2681139,PneumoKITy,15A/15D
ERR4501329,PneumoKITy,24F/24B
ERR1065984,PneumoKITy,34
ERR9796529,PneumoKITy,34
SRR26884309,PneumoKITy,8
ERR316613,PneumoKITy,6A_6B_6C_6D
ERR1453397,PneumoKITy,19F
ERR2667588,PneumoKITy,1
ERR8481843,PneumoKITy,10A
SRR26714834,PneumoKITy,8
SRR26878665,PneumoKITy,21
ERR925181,PneumoKITy,23B
ERR13364436,PneumoKITy,8
ERR1453358,PneumoKITy,19F
ERR568494,PneumoKITy,Serogroup_6_(6E)
ERR516694,PneumoKITy,18C/18B
SRR26594188,PneumoKITy,3
ERR773850,PneumoKITy,1
SRR26834129,PneumoKITy,12F
ERR13366206,PneumoKITy,18C/18B
ERR1065993,PneumoKITy,15A/15D
ERR884643,PneumoKITy,34
SRR26790031,PneumoKITy,8
SRR26931602,PneumoKITy,8
ERR774159,PneumoKITy,8
SRR26673679,PneumoKITy,22F
SRR26797872,PneumoKITy,9N/9L
SRR26880204,PneumoKITy,4
ERR505790,PneumoKITy,19A
SRR26833941,PneumoKITy,8
ERR1795481,PneumoKITy,14
ERR3796710,PneumoKITy,24F/24B
ERR505672,PneumoKITy,23A
ERR2090763,PneumoKITy,15B/15C
SRR26884450,PneumoKITy,17F
ERR1288867,PneumoKITy,19B
SRR26878202,PneumoKITy,9N/9L
SRR26673100,PneumoKITy,8
ERR568545,PneumoKITy,Serogroup_6_(6E)
ERR633104,PneumoKITy,1
SRR26817970,PneumoKITy,10A
SRR26749687,PneumoKITy,33F/33A
ERR1288904,PneumoKITy,45
SRR26749804,PneumoKITy,8
ERR2681100,PneumoKITy,Serogroup_6_(6E)
ERR1422618,PneumoKITy,5
SRR26818500,PneumoKITy,8
ERR2089071,PneumoKITy,19A
ERR568462,PneumoKITy,14
SRR26749557,PneumoKITy,3
ERR505710,PneumoKITy,6C/6D
SRR26749697,PneumoKITy,7C
SRR26672778,PneumoKITy,8
ERR1453445,PneumoKITy,5
ERR1202280,PneumoKITy,1
ERR908980,PneumoKITy,19F
SRR26715025,PneumoKITy,22F
ERR13365979,PneumoKITy,9N/9L
ERR13374754,PneumoKITy,16F
SRR26880073,PneumoKITy,4
ERR742398,PneumoKITy,33F/33A
ERR319328,PneumoKITy,Serogroup_6_(6E)
ERR13365186,PneumoKITy,15A/15D
SRR26910575,PneumoKITy,48
SRR26673667,PneumoKITy,8
ERR2089758,PneumoKITy,18C/18B
ERR1788108,PneumoKITy,9N/9L
ERR908925,PneumoKITy,34
ERR979902,PneumoKITy,1
ERR714154,PneumoKITy,1
SRR26673320,PneumoKITy,16F
SRR26878231,PneumoKITy,10A
ERR2853413,PneumoKITy,19A
SRR26879982,PneumoKITy,20
ERR1065834,PneumoKITy,35B/35D
ERR984250,PneumoKITy,35F
ERR774273,PneumoKITy,16F
SRR26884441,PneumoKITy,11A/11D
SRR26930679,PneumoKITy,9N/9L
ERR2681141,PneumoKITy,Serogroup_6_(6E)
SRR26749436,PneumoKITy,9N/9L
ERR730690,PneumoKITy,19A
ERR4501418,PneumoKITy,24F/24B
ERR7567840,PneumoKITy,8
SRR26714438,PneumoKITy,15A/15D
SRR26833616,PneumoKITy,12F
ERR2091103,PneumoKITy,9A/9V
ERR3303158,PneumoKITy,1
SRR26911190,PneumoKITy,8
ERR2090936,PneumoKITy,14
ERR568437,PneumoKITy,6A/6B
SRR26594288,PneumoKITy,3
ERR1288815,PneumoKITy,35F
SRR26714982,PneumoKITy,11A/11D
ERR876578,PneumoKITy,14
ERR2681395,PneumoKITy,14
ERR1453416,PneumoKITy,6A/6B
SRR26834057,PneumoKITy,3
ERR600294,PneumoKITy,18C/18B
ERR2667718,PneumoKITy,9A/9V
ERR1065856,PneumoKITy,23F
SRR26673744,PneumoKITy,3
SRR26880260,PneumoKITy,8
SRR26714069,PneumoKITy,8
SRR26797862,PneumoKITy,15A/15D
ERR600336,PneumoKITy,4
SRR26931102,PneumoKITy,8
SRR26880116,PneumoKITy,16F
SRR26714733,PneumoKITy,3
ERR714137,PneumoKITy,5
ERR876496,PneumoKITy,18C/18B
SRR26790137,PneumoKITy,12F
ERR13374790,PneumoKITy,8
SRR26931338,PneumoKITy,19A
ERR870245,PneumoKITy,5
ERR900715,PneumoKITy,6A/6B
ERR433594,PneumoKITy,14
SRR26878625,PneumoKITy,15B/15C
ERR8481737,PneumoKITy,8
SRR26817905,PneumoKITy,33F/33A
ERR586345,PneumoKITy,15B/15C
ERR2090414,PneumoKITy,5
ERR331163,PneumoKITy,6C/6D
ERR2668123,PneumoKITy,27
ERR449156,PneumoKITy,6A/6B
ERR632925,PneumoKITy,14
SRR26911188,PneumoKITy,3
ERR1788100,PneumoKITy,7F/7A
SRR26673287,PneumoKITy,8
ERR3270859,PneumoKITy,11A/11D
ERR979969,PneumoKITy,6A/6B
SRR26884222,PneumoKITy,15B/15C
ERR742449,PneumoKITy,17F
ERR14654000,PneumoKITy,14
ERR505560,PneumoKITy,39
ERR577964,PneumoKITy,13
ERR876722,PneumoKITy,14
SRR26884250,PneumoKITy,9A/9V
SRR26833645,PneumoKITy,14
SRR26789632,PneumoKITy,11A/11D
SRR26931864,PneumoKITy,12F
SRR26797966,PneumoKITy,8
ERR1453829,PneumoKITy,6A_6B_6C_6D
SRR26797149,PneumoKITy,8
ERR600491,PneumoKITy,Serogroup_6_(6E)
ERR13374848,PneumoKITy,31
SRR26714119,PneumoKITy,8
ERR2853696,PneumoKITy,19A
ERR1214575,PneumoKITy,19F
SRR26673487,PneumoKITy,7C
ERR13366187,PneumoKITy,23F
ERR1422640,PneumoKITy,Serogroup_6_(6E)
SRR26818173,PneumoKITy,10A
ERR714156,PneumoKITy,1
ERR13364394,PneumoKITy,14
ERR4501458,PneumoKITy,24F/24B
SRR26877908,PneumoKITy,8
ERR736940,PneumoKITy,35B/35D
SRR26834406,PneumoKITy,8
ERR774622,PneumoKITy,9A/9V
ERR506022,PneumoKITy,19A
ERR316597,PneumoKITy,18C/18B
SRR26911021,PneumoKITy,9N/9L
ERR730381,PneumoKITy,14
SRR26594637,PneumoKITy,8
ERR908901,PneumoKITy,3
ERR3669301,PneumoKITy,19A
SRR26834225,PneumoKITy,19A
ERR505675,PneumoKITy,Serogroup_6_(6E)
ERR742791,PneumoKITy,14
SRR26714678,PneumoKITy,23B
ERR997675,PneumoKITy,17F
SRR26594467,PneumoKITy,15B/15C
SRR26878059,PneumoKITy,27
SRR26749293,PneumoKITy,"Below 70% hit - Poor Sequence quality, variant or non-typeable organism."
SRR26818414,PneumoKITy,8
ERR1430864,PneumoKITy,1
SRR26750059,PneumoKITy,8
ERR433571,PneumoKITy,19F
ERR736909,PneumoKITy,10A
SRR26594190,PneumoKITy,10A
SRR26817950,PneumoKITy,4
ERR1422683,PneumoKITy,17F
ERR1214518,PneumoKITy,15A/15D
ERR1756404,PneumoKITy,33F/33A
ERR876658,PneumoKITy,15B/15C
ERR869833,PneumoKITy,9A/9V
SRR26883993,PneumoKITy,23A
ERR884632,PneumoKITy,"Below 70% hit - Poor Sequence quality, variant or non-typeable organism."
ERR884499,PneumoKITy,18C/18B
ERR870145,PneumoKITy,18C/18B
SRR26931475,PneumoKITy,12F
ERR751105,PneumoKITy,5
ERR1788083,PneumoKITy,35A/35C/42
ERR600146,PneumoKITy,22F
ERR13365217,PneumoKITy,18C/18B
ERR13374974,PneumoKITy,23B
ERR742408,PneumoKITy,38
ERR742379,PneumoKITy,15B/15C
ERR2681076,PneumoKITy,15B/15C
ERR980076,PneumoKITy,15B/15C
SRR26878610,PneumoKITy,35F
ERR600484,PneumoKITy,15B/15C
SRR26797147,PneumoKITy,8
ERR869934,PneumoKITy,18C/18B
SRR26930874,PneumoKITy,31
ERR774288,PneumoKITy,1
ERR13365800,PneumoKITy,9N/9L
SRR26797910,PneumoKITy,35B/35D
ERR433641,PneumoKITy,22F
ERR908972,PneumoKITy,Serogroup_6_(6E)
SRR26879443,PneumoKITy,8
SRR26884486,PneumoKITy,22A
ERR1192051,PneumoKITy,21
ERR1540780,PneumoKITy,19A
SRR26750000,PneumoKITy,8
SRR26910686,PneumoKITy,8
SRR26749920,PneumoKITy,11A/11D
ERR600325,PneumoKITy,1
ERR3796877,PneumoKITy,24F/24B
SRR26880036,PneumoKITy,22F
SRR26714670,PneumoKITy,8
ERR730240,PneumoKITy,19A
ERR730621,PneumoKITy,19A
ERR2089857,PneumoKITy,24F/24B
SRR26911036,PneumoKITy,9N/9L
ERR2090452,PneumoKITy,6A/6B
ERR3303451,PneumoKITy,7B/40
SRR26818131,PneumoKITy,19A
SRR26931902,PneumoKITy,38
ERR1422588,PneumoKITy,19A_19AF
ERR13366245,PneumoKITy,15B/15C
SRR26749371,PneumoKITy,12F
ERR742828,PneumoKITy,5
ERR730904,PneumoKITy,6A_6B_6C_6D
SRR26880308,PneumoKITy,3
ERR1430973,PneumoKITy,19B
ERR862343,PneumoKITy,5
ERR1065319,PneumoKITy,19A
ERR2681347,PneumoKITy,10A
SRR26931570,PneumoKITy,35F
ERR2089987,PneumoKITy,1
ERR730678,PneumoKITy,4
ERR505893,PneumoKITy,18C/18B
ERR1066138,PneumoKITy,"Below 70% hit - Poor Sequence quality, variant or non-typeable organism."
ERR1788200,PneumoKITy,19F
ERR730786,PneumoKITy,23F
ERR909057,PneumoKITy,Serogroup_6_(6E)
ERR979923,PneumoKITy,1
ERR1066176,PneumoKITy,23F
ERR908897,PneumoKITy,6A/6B
ERR750901,PneumoKITy,29
ERR600184,PneumoKITy,22F
SRR26883869,PneumoKITy,35F
SRR26789401,PneumoKITy,8
ERR1066163,PneumoKITy,14
ERR1191869,PneumoKITy,14
ERR600176,PneumoKITy,33F/33A
ERR2090113,PneumoKITy,19F
SRR26797863,PneumoKITy,22F
ERR632888,PneumoKITy,12F
ERR13374611,PneumoKITy,3
ERR2090381,PneumoKITy,6A/6B
SRR26931855,PneumoKITy,35F
ERR742493,PneumoKITy,14
ERR340847,PneumoKITy,7F/7A
ERR1453748,PneumoKITy,15A/15D
SRR26594528,PneumoKITy,10A
SRR26931290,PneumoKITy,10A
SRR26910336,PneumoKITy,17F
ERR1788185,PneumoKITy,19F
SRR26749353,PneumoKITy,33F/33A
ERR925065,PneumoKITy,9A/9V
SRR26931769,PneumoKITy,8
SRR26790028,PneumoKITy,8
ERR2667608,PneumoKITy,18A
ERR1430960,PneumoKITy,15B/15C
SRR26714990,PneumoKITy,8
ERR730434,PneumoKITy,14
ERR730449,PneumoKITy,23B
ERR1756425,PneumoKITy,5
ERR1788042,PneumoKITy,12F
ERR319313,PneumoKITy,Serogroup_6_(6E)
ERR13365366,PneumoKITy,7F/7A
ERR2668128,PneumoKITy,5
ERR701802,PneumoKITy,14
ERR14653958,PneumoKITy,14
ERR1540803,PneumoKITy,13
SRR26884714,PneumoKITy,23A
ERR1214467,PneumoKITy,6A/6B
SRR26910292,PneumoKITy,8
ERR600590,PneumoKITy,23F
ERR870109,PneumoKITy,11A/11D
SRR26749843,PneumoKITy,33F/33A
ERR2667612,PneumoKITy,14
SRR26818491,PneumoKITy,22F
SRR26594505,PneumoKITy,35B/35D
ERR774582,PneumoKITy,1
ERR1066354,PneumoKITy,3
ERR568487,PneumoKITy,34
SRR26789225,PneumoKITy,15A/15D
SRR26931219,PneumoKITy,37
ERR774355,PneumoKITy,38
ERR3669255,PneumoKITy,14
SRR26594476,PneumoKITy,3
ERR13365524,PneumoKITy,9N/9L
ERR1202230,PneumoKITy,21
ERR714232,PneumoKITy,1
ERR714229,PneumoKITy,1
SRR26714572,PneumoKITy,35B/35D
SRR26931452,PneumoKITy,17F
ERR1788454,PneumoKITy,19F
SRR26833776,PneumoKITy,8
ERR13374870,PneumoKITy,33F/33A
ERR316646,PneumoKITy,14
SRR26930537,PneumoKITy,22F
SRR26833542,PneumoKITy,7C
ERR1594516,PneumoKITy,12F
ERR319349,PneumoKITy,Serogroup_6_(6E)
SRR26878096,PneumoKITy,12F
ERR501567,PneumoKITy,10B
SRR26878275,PneumoKITy,14
ERR900714,PneumoKITy,6A_6B_6C_6D
SRR26672783,PneumoKITy,19A
SRR26673702,PneumoKITy,23A
ERR908857,PneumoKITy,7C
ERR326362,PneumoKITy,Serogroup_6_(6E)
ERR1453658,PneumoKITy,Serogroup_6_(6E)
ERR862299,PneumoKITy,5
ERR600424,PneumoKITy,1
SRR26790085,PneumoKITy,8
ERR1453637,PneumoKITy,15B/15C
ERR3796667,PneumoKITy,24F/24B
ERR1540720,PneumoKITy,14
ERR2089736,PneumoKITy,12F
SRR26884404,PneumoKITy,9N/9L
ERR3796139,PneumoKITy,14
SRR26878156,PneumoKITy,23B
ERR2681262,PneumoKITy,23F
ERR433505,PneumoKITy,22F
ERR925254,PneumoKITy,13
SRR26818394,PneumoKITy,22F
SRR26594722,PneumoKITy,20
ERR13365649,PneumoKITy,1
ERR997690,PneumoKITy,Serogroup_6_(6E)
ERR2090958,PneumoKITy,5
ERR997556,PneumoKITy,10A
ERR2090691,PneumoKITy,12F
ERR8481706,PneumoKITy,35B/35D
ERR316909,PneumoKITy,"Below 70% hit - Poor Sequence quality, variant or non-typeable organism."
ERR714550,PneumoKITy,18C/18B
SRR26880125,PneumoKITy,33F/33A
ERR13364617,PneumoKITy,14
ERR2668149,PneumoKITy,6A/6B
ERR870103,PneumoKITy,19B
SRR26714575,PneumoKITy,9N/9L
SRR26789458,PneumoKITy,19F
SRR26672901,PneumoKITy,12F
ERR1422402,PneumoKITy,5
ERR13365378,PneumoKITy,6A/6B
ERR742417,PneumoKITy,14
ERR13375058,PneumoKITy,14
ERR884507,PneumoKITy,20
ERR742622,PneumoKITy,19A
ERR714285,PneumoKITy,23F
ERR876657,PneumoKITy,15B/15C
SRR26749188,PneumoKITy,8
ERR505931,PneumoKITy,5
ERR2089620,PneumoKITy,1
ERR3227767,PneumoKITy,15A/15D
SRR26818297,PneumoKITy,17F
ERR1638454,PneumoKITy,14
ERR870301,PneumoKITy,22A
ERR845786,PneumoKITy,2
ERR13364878,PneumoKITy,9A/9V
SRR26884296,PneumoKITy,12F
SRR26930213,PneumoKITy,8
SRR26818615,PneumoKITy,9A/9V
ERR13365466,PneumoKITy,16F
SRR26931422,PneumoKITy,20
ERR1065950,PneumoKITy,19F
ERR1799734,PneumoKITy,9N/9L
ERR714181,PneumoKITy,5
SRR26884258,PneumoKITy,19A
SRR26594915,PneumoKITy,6C/6D
ERR2090440,PneumoKITy,9A/9V
ERR2090902,PneumoKITy,1
ERR2090287,PneumoKITy,16F
SRR26714870,PneumoKITy,9N/9L
ERR13365033,PneumoKITy,14
ERR5336815,PneumoKITy,4
ERR13364372,PneumoKITy,14
SRR26749318,PneumoKITy,22F
SRR26797607,PneumoKITy,14
SRR26673175,PneumoKITy,15A/15D
ERR13365669,PneumoKITy,14
ERR2089159,PneumoKITy,34
SRR26878703,PneumoKITy,22F
SRR26878284,PneumoKITy,23B
ERR1540697,PneumoKITy,"Below 70% hit - Poor Sequence quality, variant or non-typeable organism."
ERR913410,PneumoKITy,13
ERR1065981,PneumoKITy,23F
ERR2091013,PneumoKITy,10A
ERR633014,PneumoKITy,14
ERR876772,PneumoKITy,23F
SRR26879493,PneumoKITy,16F
ERR2090413,PneumoKITy,5
SRR26834058,PneumoKITy,12F
ERR750875,PneumoKITy,14
SRR26879794,PneumoKITy,33F/33A
SRR26930563,PneumoKITy,9N/9L
ERR2681073,PneumoKITy,35B/35D
ERR980218,PneumoKITy,14
SRR26594492,PneumoKITy,7C
ERR13364392,PneumoKITy,18C/18B
ERR3831128,PneumoKITy,24F/24B
ERR909286,PneumoKITy,19F
ERR913265,PneumoKITy,"Below 70% hit - Poor Sequence quality, variant or non-typeable organism."
ERR1192012,PneumoKITy,1
ERR2091300,PneumoKITy,33F/33A
ERR13364558,PneumoKITy,14
ERR13366026,PneumoKITy,23B
ERR2090808,PneumoKITy,38
ERR433682,PneumoKITy,14
ERR4501404,PneumoKITy,19A
SRR26910222,PneumoKITy,10A
ERR2089932,PneumoKITy,6A/6B
SRR26714253,PneumoKITy,19A
ERR730416,PneumoKITy,14
SRR26931740,PneumoKITy,23A
ERR2090697,PneumoKITy,7F/7A
SRR26749459,PneumoKITy,19A
ERR980101,PneumoKITy,14
SRR26884415,PneumoKITy,24F/24B
ERR1214502,PneumoKITy,9N/9L
ERR14653946,PneumoKITy,14
SRR26879667,PneumoKITy,8
ERR997572,PneumoKITy,22A
ERR913335,PneumoKITy,19A
SRR26818216,PneumoKITy,8
ERR1214583,PneumoKITy,19F
ERR2089855,PneumoKITy,18C/18B
SRR26834145,PneumoKITy,3
ERR730217,PneumoKITy,15B/15C
ERR505577,PneumoKITy,23F
SRR26910683,PneumoKITy,19A
SRR26883985,PneumoKITy,22F
SRR26931828,PneumoKITy,8
SRR26714330,PneumoKITy,8
ERR2089516,PneumoKITy,9N/9L
ERR331416,PneumoKITy,7F/7A
ERR1788510,PneumoKITy,3
ERR984249,PneumoKITy,48
ERR1540772,PneumoKITy,6A/6B
SRR26879792,PneumoKITy,9N/9L
SRR26673337,PneumoKITy,22F
ERR1202225,PneumoKITy,Serogroup_6_(6E)
ERR600474,PneumoKITy,18C/18B
SRR26714308,PneumoKITy,19A
SRR26672934,PneumoKITy,12F
SRR26910863,PneumoKITy,8
ERR1799710,PneumoKITy,15A/15D
ERR433710,PneumoKITy,19A
ERR714507,PneumoKITy,23F
SRR26673402,PneumoKITy,12F
ERR750826,PneumoKITy,5
ERR2091036,PneumoKITy,5
ERR1540729,PneumoKITy,14
ERR913373,PneumoKITy,1
ERR1430813,PneumoKITy,10A
SRR26750033,PneumoKITy,19F
SRR26594624,PneumoKITy,3
ERR1191906,PneumoKITy,8
ERR925341,PneumoKITy,17F
ERR925289,PneumoKITy,"Below 70% hit - Poor Sequence quality, variant or non-typeable organism."
ERR2667597,PneumoKITy,9N/9L
SRR26595036,PneumoKITy,8
ERR1788518,PneumoKITy,18C/18B
ERR730862,PneumoKITy,23B
ERR876774,PneumoKITy,23F
SRR26673163,PneumoKITy,12F
ERR1788440,PneumoKITy,23F
SRR26930596,PneumoKITy,9N/9L
SRR26910662,PneumoKITy,33F/33A
ERR1453802,PneumoKITy,18F
SRR26880028,PneumoKITy,8
ERR2089589,PneumoKITy,14
SRR26715058,PneumoKITy,11A/11D
ERR979922,PneumoKITy,1
ERR2680669,PneumoKITy,6A/6B
ERR7567967,PneumoKITy,8
ERR13374991,PneumoKITy,19F
ERR2091142,PneumoKITy,23F
ERR742694,PneumoKITy,2
SRR26594942,PneumoKITy,17F
SRR26884300,PneumoKITy,19A
ERR750862,PneumoKITy,6A/6B
ERR774245,PneumoKITy,23F
SRR26880363,PneumoKITy,16F
SRR26673737,PneumoKITy,8
SRR26834053,PneumoKITy,19A
ERR2090796,PneumoKITy,7B/40
ERR3227800,PneumoKITy,7F/7A
ERR714468,PneumoKITy,9A/9V
ERR316903,PneumoKITy,9A/9V
ERR13375028,PneumoKITy,10B
ERR913426,PneumoKITy,6A/6B
ERR980224,PneumoKITy,33F/33A
ERR13374804,PneumoKITy,6C/6D
ERR742672,PneumoKITy,5
SRR26673270,PneumoKITy,12F
SRR26931384,PneumoKITy,9N/9L
ERR13364761,PneumoKITy,23F
ERR14653983,PneumoKITy,Serogroup_6_(6E)
ERR596389,PneumoKITy,22F
SRR26833528,PneumoKITy,8
SRR26749748,PneumoKITy,6C/6D
ERR884613,PneumoKITy,19F
SRR26714232,PneumoKITy,33F/33A
SRR26878536,PneumoKITy,17F
SRR26749338,PneumoKITy,12F
ERR908880,PneumoKITy,38
ERR1065380,PneumoKITy,"Below 70% hit - Poor Sequence quality, variant or non-typeable organism."
ERR13374698,PneumoKITy,22F
SRR26880086,PneumoKITy,9N/9L
ERR13366209,PneumoKITy,10A
SRR26789516,PneumoKITy,11A/11D
ERR1453443,PneumoKITy,12F
SRR26714240,PneumoKITy,23A
ERR8481894,PneumoKITy,19B
ERR730756,PneumoKITy,4
ERR1799709,PneumoKITy,15B/15C
ERR876609,PneumoKITy,23F
ERR869921,PneumoKITy,11A/11D
SRR26797699,PneumoKITy,3
ERR3655238,PneumoKITy,19F
ERR662441,PneumoKITy,7F/7A
ERR2667793,PneumoKITy,5
SRR26797594,PneumoKITy,12F
SRR26931503,PneumoKITy,8
ERR1192090,PneumoKITy,21
ERR1192170,PneumoKITy,28F/28A
ERR1422458,PneumoKITy,23F
SRR26910431,PneumoKITy,9N/9L
SRR26930389,PneumoKITy,23B
ERR714540,PneumoKITy,6A/6B
ERR876605,PneumoKITy,6A/6B
SRR26931634,PneumoKITy,8
ERR3303328,PneumoKITy,6A/6B
ERR870123,PneumoKITy,5
SRR26879891,PneumoKITy,19A
SRR26673689,PneumoKITy,19A
SRR26714148,PneumoKITy,7C
SRR26750012,PneumoKITy,3
ERR2667907,PneumoKITy,5
SRR26930620,PneumoKITy,8
SRR26884688,PneumoKITy,19A
ERR1795485,PneumoKITy,20
ERR1540794,PneumoKITy,"Below 70% hit - Poor Sequence quality, variant or non-typeable organism."
ERR1065963,PneumoKITy,Serogroup_6_(6E)
ERR1202470,PneumoKITy,"Below 70% hit - Poor Sequence quality, variant or non-typeable organism."
ERR2680956,PneumoKITy,1
SRR26714093,PneumoKITy,8
ERR425502,PneumoKITy,6C/6D
ERR1453490,PneumoKITy,1
ERR862312,PneumoKITy,12F
SRR26930841,PneumoKITy,9N/9L
SRR26878272,PneumoKITy,22F
SRR26749566,PneumoKITy,22F
SRR26789692,PneumoKITy,12F
SRR26833703,PneumoKITy,19F
SRR26594723,PneumoKITy,12F
SRR26749231,PneumoKITy,12F
ERR913514,PneumoKITy,14
SRR26594596,PneumoKITy,10A
ERR750963,PneumoKITy,14
ERR730535,PneumoKITy,23F
ERR1065160,PneumoKITy,19F
ERR633016,PneumoKITy,1
ERR1453648,PneumoKITy,23A
ERR2681188,PneumoKITy,6A/6B
ERR505587,PneumoKITy,19F
ERR2090453,PneumoKITy,1
ERR13365685,PneumoKITy,1
ERR774335,PneumoKITy,19F
SRR26878626,PneumoKITy,8
ERR751158,PneumoKITy,14
SRR26673576,PneumoKITy,29
ERR3270776,PneumoKITy,10F
ERR425430,PneumoKITy,23F
ERR2612098,PneumoKITy,1
SRR26817827,PneumoKITy,8
SRR26789977,PneumoKITy,12F
SRR26931865,PneumoKITy,15A/15D
ERR925327,PneumoKITy,34
ERR316825,PneumoKITy,11A/11D
ERR467043,PneumoKITy,1
ERR13374604,PneumoKITy,4
SRR26797057,PneumoKITy,"Below 70% hit - Poor Sequence quality, variant or non-typeable organism."
SRR26749947,PneumoKITy,15B/15C
ERR751171,PneumoKITy,6A/6B
ERR742827,PneumoKITy,9N/9L
ERR1066246,PneumoKITy,15B/15C
ERR433909,PneumoKITy,1
ERR913441,PneumoKITy,15B/15C
ERR979952,PneumoKITy,11A/11D
ERR1202602,PneumoKITy,1
ERR742503,PneumoKITy,19A
ERR714646,PneumoKITy,19A
ERR913249,PneumoKITy,1
ERR2090888,PneumoKITy,5
ERR1453675,PneumoKITy,15B/15C
SRR26930498,PneumoKITy,6A_6B_6C_6D
ERR600132,PneumoKITy,9N/9L
SRR26749902,PneumoKITy,"Below 70% hit - Poor Sequence quality, variant or non-typeable organism."
SRR26883894,PneumoKITy,8
ERR1106726,PneumoKITy,Serogroup_6_(6E)
ERR340864,PneumoKITy,1
ERR1065562,PneumoKITy,6A/6B
SRR26789582,PneumoKITy,22F
SRR26749535,PneumoKITy,20
SRR26749871,PneumoKITy,8
ERR742737,PneumoKITy,5
ERR568525,PneumoKITy,23F
ERR662437,PneumoKITy,7F/7A
SRR26884681,PneumoKITy,8
ERR774701,PneumoKITy,13
ERR980051,PneumoKITy,35A/35C/42
SRR26672833,PneumoKITy,15B/15C
ERR980251,PneumoKITy,34
SRR26884591,PneumoKITy,16F
ERR568440,PneumoKITy,19F
ERR505905,PneumoKITy,19A
SRR26797505,PneumoKITy,16F
ERR1214465,PneumoKITy,19A
ERR13365041,PneumoKITy,23A
SRR26884547,PneumoKITy,9N/9L
SRR26910433,PneumoKITy,8
ERR13365598,PneumoKITy,14
SRR26817728,PneumoKITy,12F
SRR26910322,PneumoKITy,8
ERR505947,PneumoKITy,6A/6B
ERR568457,PneumoKITy,19F
SRR26930479,PneumoKITy,22F
ERR751195,PneumoKITy,6A/6B
ERR714419,PneumoKITy,34
ERR2612070,PneumoKITy,9A/9V
ERR3796839,PneumoKITy,24F/24B
SRR26594473,PneumoKITy,12F
ERR600585,PneumoKITy,6A/6B
ERR13364395,PneumoKITy,35B/35D
ERR908928,PneumoKITy,23F
ERR730666,PneumoKITy,1
SRR26910577,PneumoKITy,23A
SRR26879769,PneumoKITy,10A
ERR13365581,PneumoKITy,23A
ERR2853529,PneumoKITy,19A
ERR13365396,PneumoKITy,22F
ERR13365992,PneumoKITy,11A/11D
ERR2667132,PneumoKITy,3
ERR870132,PneumoKITy,1
SRR26797566,PneumoKITy,3
ERR2090969,PneumoKITy,5
SRR26878695,PneumoKITy,35F
ERR1202491,PneumoKITy,23F
ERR1788191,PneumoKITy,19F
ERR2090157,PneumoKITy,35B/35D
ERR869996,PneumoKITy,34
ERR568749,PneumoKITy,1
ERR425461,PneumoKITy,12F
ERR1788221,PneumoKITy,3
ERR773907,PneumoKITy,23F
ERR600167,PneumoKITy,15B/15C
SRR26931240,PneumoKITy,12F
ERR8481807,PneumoKITy,15B/15C
ERR1540774,PneumoKITy,35B/35D
SRR26880056,PneumoKITy,3
ERR13374820,PneumoKITy,10A
SRR26749769,PneumoKITy,12F
ERR13374916,PneumoKITy,22F
SRR26880274,PneumoKITy,9N/9L
ERR316750,PneumoKITy,23F
ERR13364457,PneumoKITy,8
SRR26789678,PneumoKITy,22F
ERR1214698,PneumoKITy,7C
ERR600107,PneumoKITy,23A
ERR425526,PneumoKITy,19F
SRR26931748,PneumoKITy,8
SRR26883796,PneumoKITy,8
ERR13365620,PneumoKITy,14
ERR2680937,PneumoKITy,1
ERR1453528,PneumoKITy,Serogroup_6_(6E)
ERR862320,PneumoKITy,22A
SRR26594799,PneumoKITy,8
SRR26797226,PneumoKITy,8
SRR26877982,PneumoKITy,23B
ERR701822,PneumoKITy,14
ERR876727,PneumoKITy,8
ERR505465,PneumoKITy,12F
ERR730540,PneumoKITy,Serogroup_6_(6E)
SRR26714853,PneumoKITy,22F
ERR2680582,PneumoKITy,23F
ERR2089950,PneumoKITy,7B/40
SRR26749593,PneumoKITy,10A
ERR774097,PneumoKITy,8
ERR316650,PneumoKITy,5
SRR26749421,PneumoKITy,15A/15D
ERR1453741,PneumoKITy,15A/15D
ERR730215,PneumoKITy,"Below 70% hit - Poor Sequence quality, variant or non-typeable organism."
SRR26749555,PneumoKITy,23B
SRR26749819,PneumoKITy,17F
ERR2680642,PneumoKITy,"Below 70% hit - Poor Sequence quality, variant or non-typeable organism."
ERR505756,PneumoKITy,19A
SRR26910363,PneumoKITy,9N/9L
ERR876457,PneumoKITy,14
SRR26789441,PneumoKITy,7F/7A
SRR26818625,PneumoKITy,15A/15D
SRR26749979,PneumoKITy,10A
SRR26878210,PneumoKITy,8
SRR26879689,PneumoKITy,19A
SRR26931192,PneumoKITy,3
SRR26930685,PneumoKITy,6C/6D
SRR26818247,PneumoKITy,8
ERR632929,PneumoKITy,1
ERR13375099,PneumoKITy,10A
ERR742638,PneumoKITy,19A
ERR742353,PneumoKITy,19A
SRR26879499,PneumoKITy,8
SRR26884732,PneumoKITy,23B
SRR26673565,PneumoKITy,8
SRR26673672,PneumoKITy,12F
SRR26911136,PneumoKITy,8
SRR26789818,PneumoKITy,16F
SRR26931048,PneumoKITy,8
SRR26930803,PneumoKITy,19F
ERR774128,PneumoKITy,15B/15C
ERR1202173,PneumoKITy,19A
ERR884603,PneumoKITy,18C/18B
ERR1430875,PneumoKITy,1
ERR577986,PneumoKITy,Serogroup_6_(6E)
SRR26595018,PneumoKITy,7C
SRR26797988,PneumoKITy,27
SRR26834148,PneumoKITy,11A/11D
SRR26880269,PneumoKITy,8
ERR884586,PneumoKITy,Serogroup_6_(6E)
ERR2089918,PneumoKITy,8
ERR13375113,PneumoKITy,9N/9L
ERR773865,PneumoKITy,1
ERR568639,PneumoKITy,13
ERR876713,PneumoKITy,14
ERR2090700,PneumoKITy,15B/15C
ERR869997,PneumoKITy,10B
ERR1422653,PneumoKITy,3
ERR1453355,PneumoKITy,19F
ERR751157,PneumoKITy,9A/9V
ERR2090139,PneumoKITy,19F
ERR909016,PneumoKITy,Serogroup_6_(6E)
SRR26594527,PneumoKITy,19A
SRR26910962,PneumoKITy,17F
ERR425380,PneumoKITy,14
ERR2681315,PneumoKITy,6A_6B_6C_6D
ERR331178,PneumoKITy,6C/6D
ERR490722,PneumoKITy,"Mixed serotypes- {'6A_6B_6C_6D', '18F'}"
SRR26749323,PneumoKITy,35F
ERR884668,PneumoKITy,19F
ERR714112,PneumoKITy,1
ERR2853410,PneumoKITy,19A
ERR1430929,PneumoKITy,19A
ERR1422507,PneumoKITy,35F
ERR338204,PneumoKITy,"Below 70% hit - Poor Sequence quality, variant or non-typeable organism."
ERR1422424,PneumoKITy,Serogroup_6_(6E)
SRR26930282,PneumoKITy,12F
ERR908864,PneumoKITy,17F
ERR774607,PneumoKITy,5
ERR1106711,PneumoKITy,25F_25A_38
SRR26930442,PneumoKITy,19F
ERR714268,PneumoKITy,6A/6B
SRR26930351,PneumoKITy,22F
ERR13364959,PneumoKITy,4
ERR2089676,PneumoKITy,6A/6B
SRR26910496,PneumoKITy,8
ERR586472,PneumoKITy,6A/6B
ERR742378,PneumoKITy,1
SRR26594904,PneumoKITy,8
ERR2667797,PneumoKITy,"Mixed serotypes- {'14', '19A_19AF'}"
ERR2667368,PneumoKITy,12F
ERR870106,PneumoKITy,5
ERR1540785,PneumoKITy,18C/18B
SRR26797598,PneumoKITy,31
SRR26594854,PneumoKITy,9N/9L
SRR26797798,PneumoKITy,15B/15C
SRR26714500,PneumoKITy,3
ERR1453618,PneumoKITy,4
ERR632873,PneumoKITy,23F
SRR26594995,PneumoKITy,8
SRR26789615,PneumoKITy,14
ERR909193,PneumoKITy,19F
ERR876641,PneumoKITy,14
ERR1202359,PneumoKITy,1
SRR26884477,PneumoKITy,19A
ERR3217573,PneumoKITy,14
SRR26834489,PneumoKITy,22F
ERR568507,PneumoKITy,6A/6B
ERR1540810,PneumoKITy,15A/15D
ERR662455,PneumoKITy,38
ERR2091208,PneumoKITy,12F
ERR876707,PneumoKITy,9N/9L
SRR26714546,PneumoKITy,33F/33A
ERR331133,PneumoKITy,Serogroup_6_(6E)
ERR870031,PneumoKITy,6A/6B
SRR26714361,PneumoKITy,12F
ERR1430921,PneumoKITy,"Below 70% hit - Poor Sequence quality, variant or non-typeable organism."
ERR13374797,PneumoKITy,22F
ERR2681287,PneumoKITy,14
SRR26797806,PneumoKITy,23B
ERR13364920,PneumoKITy,19F
SRR26833881,PneumoKITy,15A/15D
SRR26789869,PneumoKITy,8
SRR26817904,PneumoKITy,9N/9L
ERR600364,PneumoKITy,4
ERR1430874,PneumoKITy,1
ERR2091134,PneumoKITy,31
SRR26879960,PneumoKITy,8
ERR909030,PneumoKITy,34
SRR26931813,PneumoKITy,22F
ERR570426,PneumoKITy,1
ERR862371,PneumoKITy,10A
ERR1658193,PneumoKITy,6A/6B
ERR2089373,PneumoKITy,12F
ERR2680914,PneumoKITy,13
SRR26931898,PneumoKITy,8
ERR568439,PneumoKITy,19F
SRR26594466,PneumoKITy,33F/33A
ERR1065623,PneumoKITy,28F/28A
SRR26930163,PneumoKITy,19A
ERR1658169,PneumoKITy,14
SRR26797744,PneumoKITy,23A
ERR925335,PneumoKITy,15B/15C
ERR2667104,PneumoKITy,19A
ERR1106770,PneumoKITy,15B/15C
ERR909235,PneumoKITy,19A
ERR913535,PneumoKITy,Serogroup_6_(6E)
SRR26749451,PneumoKITy,35B/35D
SRR26797064,PneumoKITy,8
ERR2089698,PneumoKITy,19A_19AF
SRR26594272,PneumoKITy,3
ERR13375128,PneumoKITy,22F
SRR26911047,PneumoKITy,12F
SRR26818387,PneumoKITy,8
ERR751194,PneumoKITy,22F
ERR2090284,PneumoKITy,19F
SRR26931841,PneumoKITy,16F
SRR26884023,PneumoKITy,8
ERR869839,PneumoKITy,19B
SRR26594427,PneumoKITy,10A
ERR3303235,PneumoKITy,1
SRR26818024,PneumoKITy,20
SRR26673251,PneumoKITy,22F
ERR1788347,PneumoKITy,"Below 70% hit - Poor Sequence quality, variant or non-typeable organism."
SRR26883933,PneumoKITy,15B/15C
SRR26672995,PneumoKITy,8
ERR774725,PneumoKITy,35B/35D
ERR13364801,PneumoKITy,9A/9V
SRR26714256,PneumoKITy,35B/35D
SRR26834195,PneumoKITy,12F
ERR870234,PneumoKITy,15B/15C
ERR505934,PneumoKITy,6A/6B
SRR26594241,PneumoKITy,23B
ERR9796471,PneumoKITy,24F/24B
SRR26834236,PneumoKITy,15B/15C
ERR862295,PneumoKITy,6A/6B
SRR26789972,PneumoKITy,3
SRR26910897,PneumoKITy,8
ERR14654040,PneumoKITy,23A
SRR26879614,PneumoKITy,33F/33A
SRR26673122,PneumoKITy,3
ERR862478,PneumoKITy,7F/7A
ERR730406,PneumoKITy,6A/6B
ERR2667471,PneumoKITy,Serogroup_6_(6E)
ERR2089876,PneumoKITy,1
ERR742347,PneumoKITy,22F
ERR774564,PneumoKITy,15A/15D
SRR26673552,PneumoKITy,35B/35D
ERR884541,PneumoKITy,7F/7A
ERR326402,PneumoKITy,6C/6D
ERR2090575,PneumoKITy,6A/6B
ERR433692,PneumoKITy,15B/15C
SRR26877817,PneumoKITy,22F
ERR13365220,PneumoKITy,14
ERR1106782,PneumoKITy,19A
ERR1788555,PneumoKITy,12F
SRR26931636,PneumoKITy,23B
ERR2089686,PneumoKITy,1
SRR26930404,PneumoKITy,8
ERR1065771,PneumoKITy,23A
ERR586448,PneumoKITy,19A
SRR26817767,PneumoKITy,19F
ERR2089113,PneumoKITy,13
ERR1202616,PneumoKITy,18C/18B
ERR311151,PneumoKITy,5
ERR913214,PneumoKITy,19A
ERR2091264,PneumoKITy,15B/15C
SRR26797260,PneumoKITy,8
ERR2681077,PneumoKITy,19F
SRR26878377,PneumoKITy,33F/33A
SRR26797280,PneumoKITy,8
ERR913390,PneumoKITy,11A/11D
ERR7568093,PneumoKITy,17F
ERR633111,PneumoKITy,6A/6B
ERR730263,PneumoKITy,6A/6B
ERR2667974,PneumoKITy,33F/33A
ERR980189,PneumoKITy,6A_6B_6C_6D
ERR3899261,PneumoKITy,23B
ERR2089059,PneumoKITy,19F
SRR26790088,PneumoKITy,3
ERR13365629,PneumoKITy,22F
ERR13365160,PneumoKITy,22F
SRR26930897,PneumoKITy,9N/9L
ERR1065417,PneumoKITy,23F
SRR26883823,PneumoKITy,17F
SRR26931315,PneumoKITy,11A/11D
SRR26884695,PneumoKITy,23B
ERR600560,PneumoKITy,4
SRR26594441,PneumoKITy,11A/11D
ERR2680986,PneumoKITy,15B/15C
ERR884579,PneumoKITy,18C/18B
SRR26818585,PneumoKITy,3
ERR600392,PneumoKITy,12F
ERR1202282,PneumoKITy,19F
ERR1065350,PneumoKITy,23F
SRR26817918,PneumoKITy,3
SRR26884147,PneumoKITy,7C
ERR913232,PneumoKITy,19A
ERR7567850,PneumoKITy,"Below 70% hit - Poor Sequence quality, variant or non-typeable organism."
SRR26931908,PneumoKITy,19A
ERR876782,PneumoKITy,14
ERR1788470,PneumoKITy,14
ERR2090683,PneumoKITy,12F
ERR1106668,PneumoKITy,1
ERR1202490,PneumoKITy,12F
ERR742830,PneumoKITy,Serogroup_6_(6E)
ERR1658200,PneumoKITy,10A
ERR1065470,PneumoKITy,4
ERR13364527,PneumoKITy,23F
ERR1422452,PneumoKITy,19F
ERR13365978,PneumoKITy,14
ERR884578,PneumoKITy,19A
ERR2853573,PneumoKITy,19A
SRR26880109,PneumoKITy,23B
ERR884442,PneumoKITy,19F
ERR3303380,PneumoKITy,5
SRR26910923,PneumoKITy,12F
ERR773994,PneumoKITy,Serogroup_6_(6E)
ERR662386,PneumoKITy,12F
ERR8481730,PneumoKITy,21
ERR774359,PneumoKITy,8
SRR26749307,PneumoKITy,22F
ERR331176,PneumoKITy,6C/6D
ERR2090479,PneumoKITy,23F
ERR2667978,PneumoKITy,24F/24B
SRR26911182,PneumoKITy,22F
SRR26931070,PneumoKITy,14
ERR13364627,PneumoKITy,14
ERR13366053,PneumoKITy,25F_25A_38
SRR26931528,PneumoKITy,7C
SRR26930793,PneumoKITy,8
SRR26672834,PneumoKITy,3
ERR13374777,PneumoKITy,4
SRR26878150,PneumoKITy,19F
ERR1191939,PneumoKITy,12F
SRR26673062,PneumoKITy,9N/9L
ERR980306,PneumoKITy,9N/9L
SRR26673674,PneumoKITy,12F
SRR26879620,PneumoKITy,8
ERR586395,PneumoKITy,35B/35D
ERR925178,PneumoKITy,13
ERR884544,PneumoKITy,18C/18B
ERR568567,PneumoKITy,23F
SRR26884467,PneumoKITy,3
SRR26910746,PneumoKITy,19A
SRR26834311,PneumoKITy,8
SRR26797387,PneumoKITy,19A
SRR26715065,PneumoKITy,3
ERR600567,PneumoKITy,14
ERR925029,PneumoKITy,23B
SRR26818350,PneumoKITy,31
SRR26673144,PneumoKITy,8
ERR751073,PneumoKITy,5
ERR2089470,PneumoKITy,6C/6D
ERR730635,PneumoKITy,12F
ERR869894,PneumoKITy,Serogroup_6_(6E)
SRR26594729,PneumoKITy,22F
SRR26673181,PneumoKITy,8
SRR26879463,PneumoKITy,8
ERR1065115,PneumoKITy,19F
SRR26834270,PneumoKITy,9N/9L
ERR449161,PneumoKITy,23F
ERR9796512,PneumoKITy,35F
ERR3303343,PneumoKITy,6A/6B
ERR1065400,PneumoKITy,"Below 70% hit - Poor Sequence quality, variant or non-typeable organism."
ERR730195,PneumoKITy,21
ERR1192116,PneumoKITy,Serogroup_6_(6E)
SRR26672784,PneumoKITy,33F/33A
ERR13364385,PneumoKITy,14
ERR600434,PneumoKITy,Serogroup_6_(6E)
ERR600574,PneumoKITy,6A_6B_6C_6D
ERR908898,PneumoKITy,15B/15C
ERR862475,PneumoKITy,12A/12B/44/46
SRR26789999,PneumoKITy,22F
ERR909202,PneumoKITy,19F
SRR26594518,PneumoKITy,12F
ERR3899269,PneumoKITy,Serogroup_6_(6E)
ERR980077,PneumoKITy,6A_6B_6C_6D
ERR997553,PneumoKITy,20
SRR26673015,PneumoKITy,8
ERR1453349,PneumoKITy,19F
ERR730511,PneumoKITy,1
SRR26673698,PneumoKITy,15A/15D
ERR13364974,PneumoKITy,35F
ERR1065552,PneumoKITy,9N/9L
ERR646559,PneumoKITy,4
SRR26833894,PneumoKITy,19A
ERR3303274,PneumoKITy,10A
ERR730929,PneumoKITy,6A/6B
ERR979984,PneumoKITy,6C/6D
ERR3669371,PneumoKITy,16F
ERR2089623,PneumoKITy,6A/6B
SRR26931844,PneumoKITy,35B/35D
ERR13374774,PneumoKITy,23B
ERR433844,PneumoKITy,9N/9L
ERR997506,PneumoKITy,21
ERR869991,PneumoKITy,19F
SRR26884561,PneumoKITy,8
ERR3303458,PneumoKITy,7F/7A
ERR1214584,PneumoKITy,22F
SRR26833580,PneumoKITy,12F
ERR449157,PneumoKITy,14
SRR26930810,PneumoKITy,11A/11D
ERR909113,PneumoKITy,14
ERR1066171,PneumoKITy,19F
ERR1422523,PneumoKITy,35A/35C/42
ERR7567770,PneumoKITy,15B/15C
ERR2853662,PneumoKITy,19A
ERR714505,PneumoKITy,19F
ERR730924,PneumoKITy,1
SRR26834259,PneumoKITy,31
ERR2667922,PneumoKITy,23B
ERR2089541,PneumoKITy,19A
ERR2667541,PneumoKITy,14
ERR742412,PneumoKITy,33F/33A
ERR1106660,PneumoKITy,12F
ERR980307,PneumoKITy,3
ERR2089647,PneumoKITy,1
ERR862423,PneumoKITy,13
ERR13364645,PneumoKITy,14
SRR26714087,PneumoKITy,12F
ERR3796654,PneumoKITy,24F/24B
ERR2612089,PneumoKITy,1
ERR884574,PneumoKITy,19F
SRR26797266,PneumoKITy,35F
ERR13366083,PneumoKITy,8
SRR26797349,PneumoKITy,19A
ERR1594515,PneumoKITy,12F
SRR26797745,PneumoKITy,23B
SRR26594372,PneumoKITy,8
ERR870197,PneumoKITy,14
ERR1453547,PneumoKITy,19F
ERR774566,PneumoKITy,39
ERR433570,PneumoKITy,18C/18B
SRR26833958,PneumoKITy,35F
ERR913219,PneumoKITy,23B
SRR26790147,PneumoKITy,8
SRR26797955,PneumoKITy,8
SRR26931074,PneumoKITy,22F
ERR1756467,PneumoKITy,17F
SRR26910574,PneumoKITy,23A
ERR3669363,PneumoKITy,16F
ERR1764056,PneumoKITy,5
ERR5104400,PneumoKITy,4
ERR2090973,PneumoKITy,19A
ERR425391,PneumoKITy,22F
SRR26789800,PneumoKITy,35B/35D
SRR26673548,PneumoKITy,8
SRR26931309,PneumoKITy,8
SRR26879749,PneumoKITy,3
ERR516635,PneumoKITy,6A/6B
ERR2667551,PneumoKITy,14
ERR632992,PneumoKITy,Serogroup_6_(6E)
ERR3655283,PneumoKITy,6A/6B
SRR26714449,PneumoKITy,9N/9L
ERR980332,PneumoKITy,6A/6B
SRR26910489,PneumoKITy,23B
ERR577962,PneumoKITy,18C/18B
ERR600562,PneumoKITy,23F
SRR26789921,PneumoKITy,33F/33A
SRR26911052,PneumoKITy,3
ERR600609,PneumoKITy,14
SRR26910609,PneumoKITy,7C
SRR26878139,PneumoKITy,19A
ERR2089848,PneumoKITy,12A/12B/44/46
ERR862419,PneumoKITy,15B/15C
ERR2680638,PneumoKITy,11A/11D
ERR730314,PneumoKITy,"Below 70% hit - Poor Sequence quality, variant or non-typeable organism."
SRR26834184,PneumoKITy,8
ERR876509,PneumoKITy,12F
ERR490748,PneumoKITy,4
ERR2089735,PneumoKITy,33F/33A
ERR870002,PneumoKITy,20
SRR26673448,PneumoKITy,35B/35D
SRR26797789,PneumoKITy,3
ERR13364569,PneumoKITy,9A/9V
ERR3270844,PneumoKITy,11A/11D
ERR2667709,PneumoKITy,1
ERR13364756,PneumoKITy,9A/9V
ERR505983,PneumoKITy,14
SRR26879985,PneumoKITy,6C/6D
ERR13365601,PneumoKITy,14
ERR596424,PneumoKITy,35B/35D
ERR1065785,PneumoKITy,21
ERR2090503,PneumoKITy,19A
ERR2681091,PneumoKITy,6A/6B
SRR26931750,PneumoKITy,19A
SRR26594199,PneumoKITy,3
ERR714443,PneumoKITy,4
SRR26594545,PneumoKITy,22F
SRR26930539,PneumoKITy,8
ERR1106738,PneumoKITy,17F
ERR751078,PneumoKITy,19A
SRR26714094,PneumoKITy,3
ERR1066283,PneumoKITy,1
SRR26878239,PneumoKITy,15A/15D
ERR2612104,PneumoKITy,4
ERR1453336,PneumoKITy,18C/18B
ERR876768,PneumoKITy,14
ERR568677,PneumoKITy,6A/6B
ERR774043,PneumoKITy,12F
SRR26883808,PneumoKITy,8
ERR774705,PneumoKITy,15B/15C
ERR3796724,PneumoKITy,24F/24B
ERR1066087,PneumoKITy,10A
ERR13364860,PneumoKITy,23F
ERR3796659,PneumoKITy,24F/24B
SRR26884351,PneumoKITy,8
ERR714687,PneumoKITy,6A/6B
SRR26884500,PneumoKITy,23A
ERR3796912,PneumoKITy,24F/24B
ERR876432,PneumoKITy,14
ERR505956,PneumoKITy,6A/6B
ERR13365391,PneumoKITy,15A/15D
ERR2853457,PneumoKITy,19A
SRR26878280,PneumoKITy,9N/9L
ERR1202614,PneumoKITy,14
ERR13365904,PneumoKITy,3
ERR568711,PneumoKITy,14
SRR26790048,PneumoKITy,8
ERR714618,PneumoKITy,6A_6B_6C_6D
ERR1202599,PneumoKITy,1
SRR26789740,PneumoKITy,7C
ERR13366116,PneumoKITy,10A
SRR26594906,PneumoKITy,22F
SRR26910754,PneumoKITy,17F
ERR714252,PneumoKITy,15B/15C
SRR26930696,PneumoKITy,22F
ERR600233,PneumoKITy,33F/33A
ERR3899322,PneumoKITy,5
SRR26797499,PneumoKITy,8
SRR26879772,PneumoKITy,10A
SRR26594566,PneumoKITy,33F/33A
ERR13374782,PneumoKITy,22F
ERR1191870,PneumoKITy,6A_6B_6C_6D
SRR26789894,PneumoKITy,9A/9V
ERR570443,PneumoKITy,6A/6B
ERR1453494,PneumoKITy,12F
SRR26931914,PneumoKITy,12F
ERR1191983,PneumoKITy,5
ERR736925,PneumoKITy,6A/6B
SRR26714908,PneumoKITy,8
ERR449250,PneumoKITy,14
ERR2091290,PneumoKITy,10B
ERR913212,PneumoKITy,25F/25A
ERR2090515,PneumoKITy,5
ERR13364588,PneumoKITy,4
SRR26931304,PneumoKITy,9N/9L
ERR2090250,PneumoKITy,23F
ERR714533,PneumoKITy,19F
SRR26817946,PneumoKITy,12F
SRR26749445,PneumoKITy,8
SRR26749277,PneumoKITy,8
ERR646548,PneumoKITy,23F
SRR26818149,PneumoKITy,19A
ERR925096,PneumoKITy,9A/9V
ERR2667566,PneumoKITy,7F/7A
ERR331453,PneumoKITy,4
SRR26879713,PneumoKITy,15A/15D
SRR26594780,PneumoKITy,8
ERR742346,PneumoKITy,7F/7A
ERR13366234,PneumoKITy,14
SRR26749745,PneumoKITy,19A
SRR26931589,PneumoKITy,7C
SRR26672759,PneumoKITy,23A
ERR3227755,PneumoKITy,19F
ERR730706,PneumoKITy,14
ERR774045,PneumoKITy,35B/35D
ERR2090645,PneumoKITy,10B
ERR8481759,PneumoKITy,23B
ERR568730,PneumoKITy,18C/18B
ERR2667271,PneumoKITy,5
SRR26714439,PneumoKITy,7C
ERR2090098,PneumoKITy,22F
SRR26714849,PneumoKITy,8
ERR2090232,PneumoKITy,6A/6B
ERR2667908,PneumoKITy,23B
SRR26715046,PneumoKITy,12F
SRR26749672,PneumoKITy,19A
ERR884425,PneumoKITy,Serogroup_6_(6E)
SRR26883831,PneumoKITy,12F
ERR425505,PneumoKITy,14
ERR2089525,PneumoKITy,7F/7A
SRR26834152,PneumoKITy,23A
SRR26879529,PneumoKITy,10A
ERR774373,PneumoKITy,1
ERR714549,PneumoKITy,14
SRR26594361,PneumoKITy,20
ERR13364512,PneumoKITy,3
SRR26930184,PneumoKITy,8
SRR26911160,PneumoKITy,8
ERR1065246,PneumoKITy,19F
ERR4289148,PneumoKITy,"Mixed serotypes- {'33B', '33D'}"
SRR26931861,PneumoKITy,7C
ERR2090851,PneumoKITy,15B/15C
ERR2089393,PneumoKITy,20
SRR26879698,PneumoKITy,16F
ERR505789,PneumoKITy,19A
ERR1065118,PneumoKITy,13
SRR26714742,PneumoKITy,8
ERR13374638,PneumoKITy,14
ERR773915,PneumoKITy,1
ERR774625,PneumoKITy,1
SRR26877894,PneumoKITy,10A
ERR331126,PneumoKITy,6C/6D
ERR908970,PneumoKITy,18A
ERR646580,PneumoKITy,14
SRR26880426,PneumoKITy,3
ERR751055,PneumoKITy,Serogroup_6_(6E)
SRR26715038,PneumoKITy,35F
ERR2090676,PneumoKITy,23B
ERR730915,PneumoKITy,6A/6B
ERR1065962,PneumoKITy,11A/11D
ERR3303237,PneumoKITy,23F
SRR26789477,PneumoKITy,16F
ERR13365975,PneumoKITy,3
SRR26818102,PneumoKITy,12F
ERR870282,PneumoKITy,6A/6B
SRR26883829,PneumoKITy,8
SRR26883981,PneumoKITy,8
SRR26931699,PneumoKITy,3
ERR2089726,PneumoKITy,12A/12B/44/46
ERR1453629,PneumoKITy,Serogroup_6_(6E)
ERR980183,PneumoKITy,10A
ERR980074,PneumoKITy,14
SRR26594626,PneumoKITy,10A
SRR26884175,PneumoKITy,8
ERR714189,PneumoKITy,5
SRR26789493,PneumoKITy,24F/24B
ERR1191901,PneumoKITy,Serogroup_6_(6E)
ERR3899497,PneumoKITy,14
SRR26930882,PneumoKITy,8
SRR26833960,PneumoKITy,22F
SRR26797136,PneumoKITy,9N/9L
SRR26884608,PneumoKITy,15B/15C
SRR26880149,PneumoKITy,7C
ERR662408,PneumoKITy,10A
ERR742751,PneumoKITy,9N/9L
SRR26817916,PneumoKITy,3
SRR26673090,PneumoKITy,12F
ERR13366021,PneumoKITy,23B
ERR773856,PneumoKITy,1
ERR876726,PneumoKITy,14
ERR870183,PneumoKITy,6A/6B
ERR7567937,PneumoKITy,10A
ERR2090447,PneumoKITy,16F
ERR433845,PneumoKITy,1
ERR2090229,PneumoKITy,7C
SRR26818565,PneumoKITy,22F
ERR862525,PneumoKITy,23F
SRR26818402,PneumoKITy,35B/35D
ERR730882,PneumoKITy,12F
SRR26879774,PneumoKITy,17F
ERR13364744,PneumoKITy,15B/15C
ERR505843,PneumoKITy,7F/7A
SRR26594364,PneumoKITy,24F/24B
SRR26789580,PneumoKITy,4
ERR774143,PneumoKITy,9A/9V
ERR2090720,PneumoKITy,19F
ERR326772,PneumoKITy,1
ERR1453744,PneumoKITy,15B/15C
SRR26789884,PneumoKITy,6C/6D
ERR730646,PneumoKITy,5
ERR1788288,PneumoKITy,11A/11D
SRR26930460,PneumoKITy,17F
ERR1192082,PneumoKITy,37
ERR774190,PneumoKITy,31
ERR2090573,PneumoKITy,5
ERR870036,PneumoKITy,15B/15C
ERR600577,PneumoKITy,4
SRR26911064,PneumoKITy,19A
ERR2612052,PneumoKITy,19A
ERR2089036,PneumoKITy,"Below 70% hit - Poor Sequence quality, variant or non-typeable organism."
ERR742426,PneumoKITy,18C/18B
ERR2089265,PneumoKITy,20
ERR909087,PneumoKITy,14
ERR633113,PneumoKITy,1
ERR1066202,PneumoKITy,23F
ERR980090,PneumoKITy,14
SRR26930167,PneumoKITy,12F
ERR2853549,PneumoKITy,19A
SRR26884207,PneumoKITy,19A
SRR26673087,PneumoKITy,33F/33A
SRR26750016,PneumoKITy,24F/24B
SRR26714544,PneumoKITy,19F
ERR870212,PneumoKITy,24F/24B
ERR1066206,PneumoKITy,"Below 70% hit - Poor Sequence quality, variant or non-typeable organism."
ERR742747,PneumoKITy,14
SRR26749674,PneumoKITy,33F/33A
ERR3796788,PneumoKITy,24F/24B
ERR1788501,PneumoKITy,19F
SRR26789328,PneumoKITy,35F
ERR2667187,PneumoKITy,9N/9L
ERR568552,PneumoKITy,1
ERR2089858,PneumoKITy,5
ERR13365258,PneumoKITy,22F
ERR13397666,PneumoKITy,19A
ERR730920,PneumoKITy,1
SRR26817717,PneumoKITy,19A
ERR633065,PneumoKITy,6A/6B
ERR13374860,PneumoKITy,9N/9L
ERR984296,PneumoKITy,34
ERR490737,PneumoKITy,6A/6B
SRR26931013,PneumoKITy,8
SRR26818638,PneumoKITy,8
SRR26789924,PneumoKITy,23B
ERR980247,PneumoKITy,7C
ERR568692,PneumoKITy,19F
ERR774717,PneumoKITy,25F_25A_38
SRR26818418,PneumoKITy,22F
ERR870076,PneumoKITy,6A/6B
SRR26789518,PneumoKITy,38
ERR774225,PneumoKITy,9A/9V
ERR331470,PneumoKITy,9A/9V
SRR26749850,PneumoKITy,3
ERR980128,PneumoKITy,34
SRR26789596,PneumoKITy,19A
ERR742682,PneumoKITy,12F_12A_12B_44_46
SRR26672907,PneumoKITy,8
SRR26833718,PneumoKITy,22F
ERR980073,PneumoKITy,14
SRR26878367,PneumoKITy,10A
ERR505804,PneumoKITy,11A/11D
ERR326338,PneumoKITy,Serogroup_6_(6E)
ERR2089354,PneumoKITy,7B/40
ERR8481827,PneumoKITy,6C/6D
ERR862496,PneumoKITy,Serogroup_6_(6E)
ERR3796950,PneumoKITy,24F/24B
ERR774023,PneumoKITy,1
SRR26594760,PneumoKITy,23A
ERR870199,PneumoKITy,Serogroup_6_(6E)
SRR26833790,PneumoKITy,22F
ERR2667576,PneumoKITy,5
ERR7568068,PneumoKITy,23B
SRR26818258,PneumoKITy,17F
ERR1288876,PneumoKITy,19B
ERR586402,PneumoKITy,35B/35D
ERR434047,PneumoKITy,18C/18B
ERR869937,PneumoKITy,23F
ERR876461,PneumoKITy,14
SRR26789526,PneumoKITy,6A/6B
ERR2089318,PneumoKITy,17F
ERR870204,PneumoKITy,3
ERR2612085,PneumoKITy,19A
SRR26749826,PneumoKITy,12F
ERR3227768,PneumoKITy,8
ERR326554,PneumoKITy,23F
SRR26930902,PneumoKITy,8
ERR2089483,PneumoKITy,33F/33A
SRR26884197,PneumoKITy,8
ERR3796643,PneumoKITy,24F/24B
SRR26818688,PneumoKITy,3
SRR26789457,PneumoKITy,8
SRR26910312,PneumoKITy,15B/15C
SRR26797553,PneumoKITy,7C
SRR26884522,PneumoKITy,9N/9L
SRR26930242,PneumoKITy,7C
ERR316874,PneumoKITy,15B/15C
ERR3796818,PneumoKITy,24F/24B
ERR869963,PneumoKITy,3
SRR26818651,PneumoKITy,10A
ERR908962,PneumoKITy,3
ERR925198,PneumoKITy,15B/15C
SRR26750096,PneumoKITy,11A/11D
ERR2090765,PneumoKITy,15B/15C
SRR26714879,PneumoKITy,7C
SRR26594413,PneumoKITy,12F
ERR714645,PneumoKITy,14
ERR730259,PneumoKITy,34
SRR26797313,PneumoKITy,12F
SRR26930976,PneumoKITy,9N/9L
SRR26931687,PneumoKITy,8
SRR26714907,PneumoKITy,22F
SRR26714997,PneumoKITy,8
ERR1192143,PneumoKITy,10A
ERR1202300,PneumoKITy,5
ERR326505,PneumoKITy,19A_19AF
ERR5336810,PneumoKITy,4
SRR26878176,PneumoKITy,8
SRR26910481,PneumoKITy,22F
ERR13365972,PneumoKITy,31
SRR26911043,PneumoKITy,8
SRR26673179,PneumoKITy,33F/33A
ERR751166,PneumoKITy,3
ERR1106681,PneumoKITy,1
ERR505884,PneumoKITy,7F/7A
ERR13375121,PneumoKITy,35B/35D
ERR1422339,PneumoKITy,5
ERR845781,PneumoKITy,15B/15C
SRR26790003,PneumoKITy,8
ERR730672,PneumoKITy,19A
ERR773852,PneumoKITy,12F
ERR1202528,PneumoKITy,38
SRR26884231,PneumoKITy,15A/15D
ERR5262745,PneumoKITy,4
SRR26673713,PneumoKITy,20
ERR600515,PneumoKITy,13
ERR1453328,PneumoKITy,34
ERR13364776,PneumoKITy,9A/9V
ERR1065159,PneumoKITy,20
ERR730470,PneumoKITy,34
ERR980233,PneumoKITy,34
ERR2667436,PneumoKITy,Serogroup_6_(6E)
ERR13365523,PneumoKITy,3
SRR26833599,PneumoKITy,8
ERR773882,PneumoKITy,1
ERR505763,PneumoKITy,7F/7A
ERR701840,PneumoKITy,18F
ERR1422597,PneumoKITy,6A_6B_6C_6D
ERR433598,PneumoKITy,19A
SRR26714302,PneumoKITy,15A/15D
SRR26797351,PneumoKITy,12F
ERR1202344,PneumoKITy,1
ERR316928,PneumoKITy,15B/15C
ERR4289129,PneumoKITy,9A/9V
SRR26797659,PneumoKITy,8
SRR26833558,PneumoKITy,33F/33A
ERR1422680,PneumoKITy,19A
ERR13365427,PneumoKITy,17F
ERR730489,PneumoKITy,28F/28A
ERR869941,PneumoKITy,Serogroup_6_(6E)
SRR26818390,PneumoKITy,12F
ERR2667934,PneumoKITy,1
SRR26818544,PneumoKITy,8
ERR742530,PneumoKITy,9N/9L
ERR876521,PneumoKITy,35B/35D
ERR13374994,PneumoKITy,8
ERR774058,PneumoKITy,11A/11D
ERR2089165,PneumoKITy,19F
ERR10419722,PneumoKITy,12F
SRR26817913,PneumoKITy,8
ERR319354,PneumoKITy,6C/6D
ERR774572,PneumoKITy,1
ERR714109,PneumoKITy,9A/9V
SRR26789679,PneumoKITy,9N/9L
ERR505488,PneumoKITy,19F
ERR773913,PneumoKITy,14
ERR1065847,PneumoKITy,7C
ERR750888,PneumoKITy,6C/6D
SRR26714548,PneumoKITy,19A
SRR26834435,PneumoKITy,9N/9L
ERR1214352,PneumoKITy,Serogroup_6_(6E)
ERR13374712,PneumoKITy,35B/35D
ERR13364590,PneumoKITy,19F
ERR1214444,PneumoKITy,22F
SRR26910310,PneumoKITy,9N/9L
ERR742615,PneumoKITy,19A
SRR26930608,PneumoKITy,17F
ERR979986,PneumoKITy,35B/35D
ERR326729,PneumoKITy,14
SRR26884091,PneumoKITy,24F/24B
ERR980220,PneumoKITy,1
SRR26879672,PneumoKITy,3
SRR26594861,PneumoKITy,16F
SRR26789854,PneumoKITy,3
SRR26673637,PneumoKITy,24F/24B
ERR3303382,PneumoKITy,6A/6B
SRR26749807,PneumoKITy,7C
ERR13374660,PneumoKITy,15A/15D
SRR26884166,PneumoKITy,13
ERR979904,PneumoKITy,1
ERR1788538,PneumoKITy,16F
SRR26930287,PneumoKITy,20
ERR2089655,PneumoKITy,6A/6B
ERR505520,PneumoKITy,19A_19AF
ERR1799717,PneumoKITy,9N/9L
SRR26931732,PneumoKITy,21
ERR1202370,PneumoKITy,17F
ERR13364493,PneumoKITy,10A
ERR13374606,PneumoKITy,9A/9V
ERR1202377,PneumoKITy,5
SRR26910894,PneumoKITy,9N/9L
SRR26797577,PneumoKITy,8
SRR26910625,PneumoKITy,22F
ERR2667810,PneumoKITy,7F/7A
ERR326594,PneumoKITy,23F
SRR26749454,PneumoKITy,15B/15C
SRR26595093,PneumoKITy,10A
ERR633067,PneumoKITy,14
SRR26673184,PneumoKITy,3
SRR26673438,PneumoKITy,19A
SRR26797764,PneumoKITy,38
ERR3303139,PneumoKITy,1
ERR2681059,PneumoKITy,6A_6B_6C_6D
SRR26749997,PneumoKITy,19A
ERR326565,PneumoKITy,14
SRR26834348,PneumoKITy,8
SRR26714897,PneumoKITy,9N/9L
ERR505913,PneumoKITy,6A/6B
SRR26749515,PneumoKITy,19A
ERR774111,PneumoKITy,11A/11D
ERR862394,PneumoKITy,Serogroup_6_(6E)
SRR26910423,PneumoKITy,12F
SRR26883860,PneumoKITy,8
ERR3796887,PneumoKITy,24F/24B
ERR701828,PneumoKITy,Serogroup_6_(6E)
ERR316799,PneumoKITy,6A/6B
SRR26833686,PneumoKITy,9N/9L
SRR26884129,PneumoKITy,38
SRR26789873,PneumoKITy,8
SRR26910487,PneumoKITy,19A
SRR26797782,PneumoKITy,16F
ERR714106,PneumoKITy,1
SRR26749820,PneumoKITy,19F
ERR8481692,PneumoKITy,16F
ERR774224,PneumoKITy,Serogroup_6_(6E)
SRR26931507,PneumoKITy,12F
ERR13365573,PneumoKITy,8
SRR26797977,PneumoKITy,9N/9L
ERR913289,PneumoKITy,Serogroup_6_(6E)
ERR1788051,PneumoKITy,18C/18B
ERR2667606,PneumoKITy,1
ERR2853600,PneumoKITy,19A
ERR438982,PneumoKITy,1
ERR570416,PneumoKITy,Serogroup_6_(6E)
ERR3796552,PneumoKITy,14
ERR742438,PneumoKITy,23F
ERR774309,PneumoKITy,17F
ERR1788268,PneumoKITy,14
ERR742824,PneumoKITy,5
ERR8481873,PneumoKITy,15A/15D
ERR1453752,PneumoKITy,15B/15C
ERR730386,PneumoKITy,1
SRR26750102,PneumoKITy,6C/6D
SRR26818514,PneumoKITy,33F/33A
SRR26749811,PneumoKITy,8
ERR980238,PneumoKITy,19F
ERR925028,PneumoKITy,38
SRR26930950,PneumoKITy,12F
SRR26818293,PneumoKITy,3
ERR13366109,PneumoKITy,8
ERR506028,PneumoKITy,19A
ERR505923,PneumoKITy,23F
ERR9796530,PneumoKITy,11A/11D
SRR26834005,PneumoKITy,8
SRR26797903,PneumoKITy,10A
ERR774044,PneumoKITy,19A
ERR2612100,PneumoKITy,5
ERR3227725,PneumoKITy,15A/15D
ERR2667756,PneumoKITy,19A
SRR26930267,PneumoKITy,14
ERR876676,PneumoKITy,19F
SRR26673336,PneumoKITy,8
SRR26818706,PneumoKITy,23A
ERR1106626,PneumoKITy,19A
ERR730300,PneumoKITy,6A/6B
SRR26879657,PneumoKITy,12F
SRR26714143,PneumoKITy,8
SRR26714469,PneumoKITy,8
ERR14653931,PneumoKITy,19F
SRR26817852,PneumoKITy,8
ERR774075,PneumoKITy,1
SRR26880318,PneumoKITy,8
SRR26673107,PneumoKITy,7C
ERR2089215,PneumoKITy,5
ERR596417,PneumoKITy,35B/35D
ERR884335,PneumoKITy,19F
SRR26879639,PneumoKITy,12F
ERR2680713,PneumoKITy,15A/15D
SRR26879503,PneumoKITy,8
ERR2667454,PneumoKITy,23F
SRR26880248,PneumoKITy,8
ERR2853574,PneumoKITy,19A
ERR913094,PneumoKITy,34
SRR26878235,PneumoKITy,24F/24B
ERR730742,PneumoKITy,14
ERR913387,PneumoKITy,34
ERR13366005,PneumoKITy,38
ERR2853639,PneumoKITy,19A
ERR319337,PneumoKITy,Serogroup_6_(6E)
ERR1453831,PneumoKITy,19F
SRR26880060,PneumoKITy,18C/18B
ERR433854,PneumoKITy,13
SRR26833638,PneumoKITy,8
ERR13365014,PneumoKITy,1
ERR632948,PneumoKITy,6A/6B
ERR505971,PneumoKITy,19F
ERR3899484,PneumoKITy,6A/6B
ERR13365488,PneumoKITy,14
ERR13374724,PneumoKITy,7F/7A
ERR4501439,PneumoKITy,24F/24B
ERR13364669,PneumoKITy,19F
ERR774105,PneumoKITy,Serogroup_6_(6E)
SRR26884682,PneumoKITy,15A/15D
ERR1066355,PneumoKITy,6C/6D
ERR632981,PneumoKITy,19F
ERR730425,PneumoKITy,"Below 70% hit - Poor Sequence quality, variant or non-typeable organism."
ERR884340,PneumoKITy,7F/7A
SRR26884187,PneumoKITy,8
ERR311098,PneumoKITy,Serogroup_6_(6E)
SRR26931820,PneumoKITy,12F
ERR1066310,PneumoKITy,8
ERR1788091,PneumoKITy,21
ERR1795468,PneumoKITy,14
SRR26818588,PneumoKITy,10A
SRR26834194,PneumoKITy,9N/9L
SRR26880003,PneumoKITy,19A
ERR8481708,PneumoKITy,8
SRR26910593,PneumoKITy,10A
SRR26884204,PneumoKITy,23B
SRR26714770,PneumoKITy,8
SRR26789257,PneumoKITy,8
ERR714276,PneumoKITy,1
SRR26834505,PneumoKITy,9N/9L
ERR2090089,PneumoKITy,"Below 70% hit - Poor Sequence quality, variant or non-typeable organism."
SRR26714377,PneumoKITy,8
SRR26673219,PneumoKITy,8
SRR26878384,PneumoKITy,20
ERR2853684,PneumoKITy,19A
SRR26797733,PneumoKITy,19F
SRR26878374,PneumoKITy,8
ERR862509,PneumoKITy,"Below 70% hit - Poor Sequence quality, variant or non-typeable organism."
ERR7567723,PneumoKITy,31
ERR13364725,PneumoKITy,19A
ERR876626,PneumoKITy,4
SRR26883872,PneumoKITy,8
ERR845749,PneumoKITy,18C/18B
ERR730593,PneumoKITy,Serogroup_6_(6E)
ERR708299,PneumoKITy,6A/6B
SRR26714389,PneumoKITy,9N/9L
SRR26673142,PneumoKITy,17F
SRR26817738,PneumoKITy,8
SRR26749342,PneumoKITy,35B/35D
ERR5336808,PneumoKITy,4
ERR2668110,PneumoKITy,14
ERR13365013,PneumoKITy,14
ERR3664419,PneumoKITy,4
ERR316891,PneumoKITy,18C/18B
SRR26750089,PneumoKITy,8
SRR26790115,PneumoKITy,8
ERR730766,PneumoKITy,8
ERR600423,PneumoKITy,Serogroup_6_(6E)
ERR742773,PneumoKITy,5
SRR26910563,PneumoKITy,8
ERR701843,PneumoKITy,19F
ERR13364922,PneumoKITy,15B/15C
SRR26879467,PneumoKITy,35F
SRR26594446,PneumoKITy,9N/9L
ERR701856,PneumoKITy,23F
ERR3655125,PneumoKITy,14
SRR26878358,PneumoKITy,15A/15D
ERR870015,PneumoKITy,13
SRR26834472,PneumoKITy,12F
ERR980349,PneumoKITy,6A_6B_6C_6D
SRR26818709,PneumoKITy,8
ERR2853503,PneumoKITy,19A
ERR876552,PneumoKITy,18C/18B
SRR26884171,PneumoKITy,8
ERR3270710,PneumoKITy,Serogroup_6_(6E)
ERR1065392,PneumoKITy,22F
SRR26714490,PneumoKITy,12F
SRR26878648,PneumoKITy,15A/15D
SRR26790119,PneumoKITy,8
ERR13365326,PneumoKITy,10A
SRR26749808,PneumoKITy,8
ERR730843,PneumoKITy,6A/6B
ERR340870,PneumoKITy,23A
ERR1658131,PneumoKITy,7B/40
ERR331428,PneumoKITy,1
SRR26878089,PneumoKITy,11A/11D
ERR862311,PneumoKITy,23F
SRR26594423,PneumoKITy,33F/33A
ERR2853441,PneumoKITy,19A
SRR26818273,PneumoKITy,15B/15C
ERR13374715,PneumoKITy,3
SRR26673051,PneumoKITy,11A/11D
ERR3796908,PneumoKITy,24F/24B
ERR980288,PneumoKITy,15B/15C
ERR326553,PneumoKITy,19F
SRR26749553,PneumoKITy,8
ERR1065355,PneumoKITy,38
ERR730607,PneumoKITy,Serogroup_6_(6E)
SRR26930911,PneumoKITy,20
ERR8481670,PneumoKITy,23F
ERR876471,PneumoKITy,14
ERR870285,PneumoKITy,23A
ERR13364942,PneumoKITy,7F/7A
ERR997535,PneumoKITy,14
ERR13365758,PneumoKITy,22F
SRR26883774,PneumoKITy,3
ERR908941,PneumoKITy,Serogroup_6_(6E)
ERR742714,PneumoKITy,9A/9V
ERR662387,PneumoKITy,11A/11D
ERR3899348,PneumoKITy,14
ERR736918,PneumoKITy,6A/6B
SRR26883923,PneumoKITy,15A/15D
SRR26595002,PneumoKITy,33F/33A
SRR26797904,PneumoKITy,8
ERR1191885,PneumoKITy,Serogroup_6_(6E)
ERR742706,PneumoKITy,6A/6B
SRR26817938,PneumoKITy,8
SRR26797948,PneumoKITy,8
SRR26714307,PneumoKITy,15A/15D
ERR1453610,PneumoKITy,7C
SRR26818513,PneumoKITy,8
ERR433699,PneumoKITy,7F/7A
ERR2853687,PneumoKITy,19A
SRR26931073,PneumoKITy,38
SRR26878242,PneumoKITy,20
SRR26833802,PneumoKITy,3
ERR3303333,PneumoKITy,6A/6B
SRR26818348,PneumoKITy,7C
ERR774654,PneumoKITy,23F
ERR2089294,PneumoKITy,20
SRR26594685,PneumoKITy,22F
SRR26834482,PneumoKITy,9N/9L
ERR505853,PneumoKITy,7F/7A
ERR2089326,PneumoKITy,9A/9V
ERR980039,PneumoKITy,2
ERR600625,PneumoKITy,23F
SRR26834063,PneumoKITy,22F
ERR730266,PneumoKITy,11B/11C
SRR26789420,PneumoKITy,23B
ERR908930,PneumoKITy,Serogroup_6_(6E)
ERR1065841,PneumoKITy,19A
SRR26672757,PneumoKITy,12F
ERR2091021,PneumoKITy,10A
SRR26879479,PneumoKITy,23A
ERR2090001,PneumoKITy,19F
ERR2089237,PneumoKITy,"Below 70% hit - Poor Sequence quality, variant or non-typeable organism."
ERR925129,PneumoKITy,21
SRR26818128,PneumoKITy,8
ERR984262,PneumoKITy,6A/6B
SRR26834473,PneumoKITy,22F
ERR3831139,PneumoKITy,24F/24B
SRR26930292,PneumoKITy,31
ERR2090637,PneumoKITy,5
ERR13365209,PneumoKITy,12F
ERR2668101,PneumoKITy,2
ERR774487,PneumoKITy,15A/15D
ERR913322,PneumoKITy,19A
ERR750934,PneumoKITy,19A
ERR490775,PneumoKITy,4
ERR13374673,PneumoKITy,23A
ERR13365905,PneumoKITy,23A
ERR750780,PneumoKITy,35A/35C/42
ERR1430807,PneumoKITy,19A
ERR2667157,PneumoKITy,14
SRR26833970,PneumoKITy,15B/15C
SRR26594360,PneumoKITy,12F
SRR26672885,PneumoKITy,9N/9L
SRR26833685,PneumoKITy,7C
SRR26911178,PneumoKITy,19A
ERR1065905,PneumoKITy,15A/15D
SRR26789638,PneumoKITy,12F
ERR7567824,PneumoKITy,22F
ERR2667806,PneumoKITy,19A
ERR505750,PneumoKITy,19A
SRR26789220,PneumoKITy,3
ERR490799,PneumoKITy,9A/9V
SRR26749992,PneumoKITy,7F/7A
ERR1453344,PneumoKITy,23F
ERR2090934,PneumoKITy,9A/9V
ERR774338,PneumoKITy,4
ERR742721,PneumoKITy,23F
ERR980342,PneumoKITy,9A/9V
SRR26673391,PneumoKITy,8
ERR3796530,PneumoKITy,14
ERR646570,PneumoKITy,1
SRR26749637,PneumoKITy,8
SRR26672999,PneumoKITy,11A/11D
SRR26714674,PneumoKITy,3
SRR26594899,PneumoKITy,8
ERR1192081,PneumoKITy,23A
ERR13364969,PneumoKITy,7F/7A
ERR979935,PneumoKITy,"Mixed serotypes- {'33D', '33B'}"
SRR26877759,PneumoKITy,8
SRR26714555,PneumoKITy,19F
ERR1788019,PneumoKITy,"Below 70% hit - Poor Sequence quality, variant or non-typeable organism."
ERR1065483,PneumoKITy,19F
ERR8481812,PneumoKITy,15A/15D
ERR750979,PneumoKITy,5
SRR26672966,PneumoKITy,33F/33A
SRR26884598,PneumoKITy,4
SRR26673189,PneumoKITy,10A
SRR26884390,PneumoKITy,8
SRR26833997,PneumoKITy,35B/35D
SRR26714122,PneumoKITy,23A
ERR13374748,PneumoKITy,6C/6D
ERR2090530,PneumoKITy,14
ERR870284,PneumoKITy,1
ERR433912,PneumoKITy,22F
ERR2667524,PneumoKITy,5
SRR26595096,PneumoKITy,35B/35D
ERR1422614,PneumoKITy,16F
ERR1066165,PneumoKITy,22F
ERR2090451,PneumoKITy,4
ERR1066164,PneumoKITy,35B/35D
ERR3669376,PneumoKITy,24F/24B
ERR751040,PneumoKITy,Serogroup_6_(6E)
SRR26749491,PneumoKITy,1
SRR26878691,PneumoKITy,22F
SRR26878368,PneumoKITy,19F
ERR742601,PneumoKITy,31
ERR876483,PneumoKITy,14
ERR600422,PneumoKITy,19F
ERR750849,PneumoKITy,25F/25A
ERR3303293,PneumoKITy,10A
ERR1788177,PneumoKITy,1
SRR26834266,PneumoKITy,35F
SRR26797668,PneumoKITy,9N/9L
ERR8481544,PneumoKITy,19F
ERR751013,PneumoKITy,5
ERR13364852,PneumoKITy,14
SRR26931096,PneumoKITy,3
ERR1202400,PneumoKITy,23F
ERR751104,PneumoKITy,5
SRR26594507,PneumoKITy,12F
ERR774083,PneumoKITy,19A
ERR433848,PneumoKITy,25F_25A_38
SRR26594310,PneumoKITy,19A
SRR26910219,PneumoKITy,15A/15D
ERR2090431,PneumoKITy,5
SRR26797347,PneumoKITy,19A
SRR26910334,PneumoKITy,22F
SRR26910636,PneumoKITy,15A/15D
ERR2681016,PneumoKITy,34
SRR26714249,PneumoKITy,15A/15D
ERR2667939,PneumoKITy,14
ERR2090638,PneumoKITy,1
ERR2090410,PneumoKITy,25F_25A_38
ERR773970,PneumoKITy,1
ERR925313,PneumoKITy,19B
ERR13365216,PneumoKITy,23A
ERR13374946,PneumoKITy,24F/24B
SRR26910821,PneumoKITy,8
SRR26878042,PneumoKITy,35B/35D
SRR26714904,PneumoKITy,10A
ERR1288870,PneumoKITy,23F
ERR433541,PneumoKITy,23F
ERR774369,PneumoKITy,1
ERR1453654,PneumoKITy,11A/11D
SRR26931284,PneumoKITy,13
SRR26879963,PneumoKITy,8
ERR3270701,PneumoKITy,6A/6B
SRR26714590,PneumoKITy,19A
ERR742692,PneumoKITy,7F/7A
ERR2089506,PneumoKITy,12F
ERR633110,PneumoKITy,Serogroup_6_(6E)
SRR26883932,PneumoKITy,10A
ERR1788342,PneumoKITy,"Below 70% hit - Poor Sequence quality, variant or non-typeable organism."
SRR26878169,PneumoKITy,8
SRR26931400,PneumoKITy,15A/15D
ERR3796571,PneumoKITy,24F/24B
ERR1202309,PneumoKITy,9A/9V
ERR7568061,PneumoKITy,12F
ERR862542,PneumoKITy,7F/7A
SRR26911191,PneumoKITy,23F
ERR13364903,PneumoKITy,19A
SRR26673054,PneumoKITy,22F
ERR876678,PneumoKITy,Serogroup_6_(6E)
SRR26834174,PneumoKITy,8
SRR26750146,PneumoKITy,15A/15D
ERR884382,PneumoKITy,19F
ERR3723235,PneumoKITy,14
ERR505842,PneumoKITy,14
SRR26878663,PneumoKITy,16F
SRR26749713,PneumoKITy,23B
ERR338218,PneumoKITy,7F/7A
ERR774151,PneumoKITy,"Below 70% hit - Poor Sequence quality, variant or non-typeable organism."
SRR26878712,PneumoKITy,9N/9L
SRR26910313,PneumoKITy,23B
SRR26877947,PneumoKITy,33F/33A
SRR26879537,PneumoKITy,22F
ERR1453563,PneumoKITy,14
ERR506038,PneumoKITy,23A
SRR26879709,PneumoKITy,7F/7A
ERR2680996,PneumoKITy,34
SRR26594219,PneumoKITy,9N/9L
SRR26878165,PneumoKITy,22F
ERR2667871,PneumoKITy,9A/9V
ERR13364789,PneumoKITy,9A/9V
ERR750827,PneumoKITy,18A
ERR1836940,PneumoKITy,28F/28A
ERR3303308,PneumoKITy,31
ERR876518,PneumoKITy,38
ERR505604,PneumoKITy,19F
ERR997693,PneumoKITy,6A/6B
ERR730717,PneumoKITy,38
ERR925331,PneumoKITy,"Below 70% hit - Poor Sequence quality, variant or non-typeable organism."
ERR425387,PneumoKITy,14
ERR13374749,PneumoKITy,8
SRR26834126,PneumoKITy,23B
ERR632885,PneumoKITy,1
SRR26789245,PneumoKITy,3
ERR340867,PneumoKITy,19F
SRR26797563,PneumoKITy,3
SRR26594262,PneumoKITy,8
ERR714313,PneumoKITy,1
ERR586367,PneumoKITy,15B/15C
SRR26714819,PneumoKITy,33F/33A
SRR26789851,PneumoKITy,10A
SRR26673521,PneumoKITy,8
SRR26714535,PneumoKITy,8
ERR13365688,PneumoKITy,22F
SRR26818167,PneumoKITy,8
SRR26879873,PneumoKITy,33F/33A
SRR26880251,PneumoKITy,8
SRR26714372,PneumoKITy,15A/15D
ERR2681238,PneumoKITy,14
ERR326405,PneumoKITy,6C/6D
ERR2089193,PneumoKITy,14
ERR3270820,PneumoKITy,11A/11D
ERR490715,PneumoKITy,7F/7A
SRR26749989,PneumoKITy,31
ERR4501455,PneumoKITy,24F/24B
SRR26931430,PneumoKITy,3
ERR730483,PneumoKITy,34
SRR26818213,PneumoKITy,21
ERR774011,PneumoKITy,4
SRR26749938,PneumoKITy,8
ERR2667726,PneumoKITy,5
SRR26818530,PneumoKITy,22F
SRR26594510,PneumoKITy,8
ERR773862,PneumoKITy,1
SRR26911116,PneumoKITy,22F
ERR2090026,PneumoKITy,15B/15C
ERR884412,PneumoKITy,14
SRR26910712,PneumoKITy,10A
ERR1422401,PneumoKITy,28F/28A
SRR26750041,PneumoKITy,20
SRR26818180,PneumoKITy,35F
SRR26714293,PneumoKITy,8
ERR1422658,PneumoKITy,14
ERR13364848,PneumoKITy,14
ERR331138,PneumoKITy,Serogroup_6_(6E)
SRR26833978,PneumoKITy,12F
SRR26834166,PneumoKITy,15A/15D
SRR26797905,PneumoKITy,8
ERR633089,PneumoKITy,13
SRR26910838,PneumoKITy,24F/24B
ERR600524,PneumoKITy,23A
ERR600195,PneumoKITy,22F
SRR26789598,PneumoKITy,12F
ERR925369,PneumoKITy,19F
SRR26910890,PneumoKITy,12F
SRR26797099,PneumoKITy,8
SRR26818628,PneumoKITy,22F
SRR26910494,PneumoKITy,9N/9L
ERR326357,PneumoKITy,Serogroup_6_(6E)
SRR26911000,PneumoKITy,3
SRR26714581,PneumoKITy,8
ERR742402,PneumoKITy,7F/7A
ERR774331,PneumoKITy,23F
ERR3899282,PneumoKITy,14
SRR26930346,PneumoKITy,23B
SRR26673573,PneumoKITy,12F
ERR913138,PneumoKITy,Serogroup_6_(6E)
ERR2091196,PneumoKITy,2
ERR13366240,PneumoKITy,14
SRR26594478,PneumoKITy,9N/9L
SRR26789608,PneumoKITy,8
ERR1453786,PneumoKITy,19A
SRR26880092,PneumoKITy,12F
ERR13364678,PneumoKITy,33F/33A
SRR26878402,PneumoKITy,23B
ERR913302,PneumoKITy,19A
ERR13374942,PneumoKITy,15B/15C
SRR26878364,PneumoKITy,8
ERR913086,PneumoKITy,34
ERR433950,PneumoKITy,Serogroup_6_(6E)
ERR884402,PneumoKITy,15B/15C
ERR774646,PneumoKITy,1
SRR26714910,PneumoKITy,1
ERR1453514,PneumoKITy,35B/35D
ERR909167,PneumoKITy,19F
ERR1066226,PneumoKITy,8
ERR646569,PneumoKITy,19F
ERR7567856,PneumoKITy,19F
SRR26790032,PneumoKITy,8
ERR501593,PneumoKITy,10B
SRR26594185,PneumoKITy,7F/7A
ERR316595,PneumoKITy,6A/6B
ERR13364651,PneumoKITy,19F
ERR1799729,PneumoKITy,23F
SRR26877797,PneumoKITy,12F
ERR1788065,PneumoKITy,4
SRR26878200,PneumoKITy,8
ERR2681251,PneumoKITy,Serogroup_6_(6E)
SRR26911097,PneumoKITy,3
ERR2089759,PneumoKITy,Serogroup_6_(6E)
ERR516679,PneumoKITy,5
ERR730917,PneumoKITy,23F
SRR26834338,PneumoKITy,7C
ERR909108,PneumoKITy,19F
ERR1202433,PneumoKITy,35B/35D
ERR8481832,PneumoKITy,7F/7A
ERR1065711,PneumoKITy,6A/6B
SRR26884659,PneumoKITy,8
ERR2853656,PneumoKITy,19A
ERR714126,PneumoKITy,7B/40
SRR26878455,PneumoKITy,8
ERR884497,PneumoKITy,19F
ERR1453434,PneumoKITy,12F
ERR490787,PneumoKITy,19F
SRR26789765,PneumoKITy,33F/33A
ERR750882,PneumoKITy,14
ERR751024,PneumoKITy,5
ERR3303261,PneumoKITy,6A/6B
SRR26818086,PneumoKITy,23B
ERR2681087,PneumoKITy,23F
ERR3899216,PneumoKITy,14
SRR26673371,PneumoKITy,10A
SRR26673034,PneumoKITy,16F
ERR984255,PneumoKITy,11B/11C
ERR600458,PneumoKITy,15B/15C
ERR13364833,PneumoKITy,14
ERR505543,PneumoKITy,19F
ERR632908,PneumoKITy,4
ERR714411,PneumoKITy,1
SRR26884573,PneumoKITy,19A
ERR1191967,PneumoKITy,"Below 70% hit - Poor Sequence quality, variant or non-typeable organism."
ERR925293,PneumoKITy,13
SRR26931785,PneumoKITy,3
SRR26880080,PneumoKITy,3
ERR2091235,PneumoKITy,3
ERR13364573,PneumoKITy,14
SRR26714422,PneumoKITy,8
ERR862296,PneumoKITy,5
ERR2089132,PneumoKITy,3
ERR449230,PneumoKITy,9A/9V
ERR750883,PneumoKITy,14
SRR26930951,PneumoKITy,19A
SRR26797176,PneumoKITy,10A
ERR1795517,PneumoKITy,14
SRR26818193,PneumoKITy,8
SRR26797204,PneumoKITy,8
ERR884511,PneumoKITy,9A/9V
ERR2853463,PneumoKITy,19A
SRR26833805,PneumoKITy,8
ERR13364402,PneumoKITy,14
SRR26931059,PneumoKITy,24F/24B
ERR862337,PneumoKITy,11A/11D
SRR26594383,PneumoKITy,9N/9L
SRR26797092,PneumoKITy,22F
ERR596409,PneumoKITy,19A
SRR26930303,PneumoKITy,12F
SRR26878716,PneumoKITy,7F/7A
ERR2667891,PneumoKITy,5
SRR26594791,PneumoKITy,21
SRR26790126,PneumoKITy,21
SRR26749704,PneumoKITy,3
ERR13364872,PneumoKITy,7F/7A
SRR26673535,PneumoKITy,12F
ERR2667862,PneumoKITy,5
ERR13364422,PneumoKITy,4
SRR26714756,PneumoKITy,8
SRR26880161,PneumoKITy,15B/15C
ERR13364632,PneumoKITy,14
ERR600543,PneumoKITy,18C/18B
ERR4289053,PneumoKITy,3
ERR1065796,PneumoKITy,12F
SRR26750058,PneumoKITy,8
SRR26797418,PneumoKITy,19A
ERR1788048,PneumoKITy,12F
SRR26818271,PneumoKITy,8
ERR1422695,PneumoKITy,35B/35D
SRR26818188,PneumoKITy,9N/9L
ERR2667096,PneumoKITy,14
ERR2667933,PneumoKITy,19A
ERR925266,PneumoKITy,15B/15C
SRR26879869,PneumoKITy,22F
ERR909155,PneumoKITy,9N/9L
SRR26910298,PneumoKITy,12F
SRR26797909,PneumoKITy,23B
ERR505705,PneumoKITy,11A/11D
ERR2090669,PneumoKITy,12F
ERR3303377,PneumoKITy,19F
ERR3723394,PneumoKITy,"Below 70% hit - Poor Sequence quality, variant or non-typeable organism."
ERR490733,PneumoKITy,5
ERR2090357,PneumoKITy,3
ERR13365604,PneumoKITy,9A/9V
ERR3796932,PneumoKITy,24F/24B
ERR13365264,PneumoKITy,8
ERR2667918,PneumoKITy,18A
SRR26931037,PneumoKITy,12F_12A_12B_44_46
SRR26834208,PneumoKITy,9N/9L
ERR2680640,PneumoKITy,Serogroup_6_(6E)
SRR26594248,PneumoKITy,23A
SRR26673121,PneumoKITy,8
ERR326375,PneumoKITy,35B/35D
SRR26817841,PneumoKITy,22F
ERR751137,PneumoKITy,Serogroup_6_(6E)
ERR2089426,PneumoKITy,8
ERR600236,PneumoKITy,15B/15C
SRR26818645,PneumoKITy,8
ERR730657,PneumoKITy,Serogroup_6_(6E)
ERR730825,PneumoKITy,19F
ERR774047,PneumoKITy,7C
ERR1540727,PneumoKITy,19A
SRR26833889,PneumoKITy,9N/9L
ERR13364788,PneumoKITy,Serogroup_6_(6E)
SRR26749282,PneumoKITy,22F
ERR876673,PneumoKITy,3
ERR13365271,PneumoKITy,6C/6D
ERR633051,PneumoKITy,14
ERR750997,PneumoKITy,5
SRR26789988,PneumoKITy,12F
ERR870025,PneumoKITy,9A/9V
ERR2091131,PneumoKITy,5
ERR997577,PneumoKITy,23B
SRR26884540,PneumoKITy,15A/15D
ERR884677,PneumoKITy,14
ERR570461,PneumoKITy,17F
SRR26818616,PneumoKITy,9N/9L
SRR26833787,PneumoKITy,22F
ERR714190,PneumoKITy,19F
ERR714697,PneumoKITy,19F
ERR14654006,PneumoKITy,6A/6B
ERR1788455,PneumoKITy,23F
ERR1202414,PneumoKITy,1
ERR2681210,PneumoKITy,34
ERR1202118,PneumoKITy,13
ERR319336,PneumoKITy,6C/6D
SRR26714074,PneumoKITy,8
SRR26818463,PneumoKITy,17F
SRR26797538,PneumoKITy,8
ERR1065296,PneumoKITy,34
ERR600486,PneumoKITy,1
SRR26672944,PneumoKITy,22F
ERR3899306,PneumoKITy,14
SRR26878498,PneumoKITy,9N/9L
SRR26878727,PneumoKITy,23B
ERR742380,PneumoKITy,19A
SRR26910943,PneumoKITy,8
ERR2668120,PneumoKITy,45
SRR26673390,PneumoKITy,8
ERR1453749,PneumoKITy,15B/15C
ERR433910,PneumoKITy,4
ERR1065909,PneumoKITy,15B/15C
SRR26834448,PneumoKITy,8
SRR26834353,PneumoKITy,16F
SRR26883978,PneumoKITy,31
ERR13364980,PneumoKITy,16F
SRR26714945,PneumoKITy,10A
ERR1430857,PneumoKITy,20
SRR26878746,PneumoKITy,17F
ERR1453419,PneumoKITy,4
ERR340885,PneumoKITy,7F/7A
ERR884552,PneumoKITy,18C/18B
SRR26834366,PneumoKITy,15B/15C
SRR26672894,PneumoKITy,35F
ERR742453,PneumoKITy,6A/6B
SRR26911020,PneumoKITy,35B/35D
ERR600235,PneumoKITy,19F
ERR633083,PneumoKITy,23F
ERR862498,PneumoKITy,Serogroup_6_(6E)
ERR326552,PneumoKITy,18C/18B
ERR13364844,PneumoKITy,14
ERR736901,PneumoKITy,19F
ERR13366060,PneumoKITy,24F/24B
SRR26673266,PneumoKITy,11A/11D
SRR26818580,PneumoKITy,19A
ERR869875,PneumoKITy,35B/35D
SRR26833946,PneumoKITy,23A
SRR26790030,PneumoKITy,8
SRR26833930,PneumoKITy,11A/11D
SRR26910544,PneumoKITy,9N/9L
ERR997663,PneumoKITy,14
ERR586394,PneumoKITy,22F
ERR913301,PneumoKITy,13
SRR26797708,PneumoKITy,22F
SRR26797510,PneumoKITy,8
ERR1422427,PneumoKITy,19A
SRR26930521,PneumoKITy,12F
SRR26789929,PneumoKITy,3
ERR714638,PneumoKITy,19A
ERR4501445,PneumoKITy,19A
ERR1788327,PneumoKITy,15B/15C
ERR2089018,PneumoKITy,12F
ERR434022,PneumoKITy,19F
ERR2090409,PneumoKITy,11B/11C
ERR730476,PneumoKITy,Serogroup_6_(6E)
ERR1065306,PneumoKITy,34
ERR751101,PneumoKITy,6A/6B
ERR774166,PneumoKITy,7F/7A
ERR1065960,PneumoKITy,15A/15D
ERR505922,PneumoKITy,6A_6B_6C_6D
SRR26818573,PneumoKITy,9N/9L
ERR13365058,PneumoKITy,10B
SRR26594730,PneumoKITy,35B/35D
SRR26715030,PneumoKITy,12F
SRR26877785,PneumoKITy,22F
SRR26879961,PneumoKITy,8
ERR876731,PneumoKITy,14
ERR774204,PneumoKITy,Serogroup_6_(6E)
ERR2667170,PneumoKITy,5
ERR13364957,PneumoKITy,15B/15C
ERR600362,PneumoKITy,1
SRR26797321,PneumoKITy,12F
ERR2680936,PneumoKITy,23F
SRR26930707,PneumoKITy,6C/6D
SRR26877782,PneumoKITy,9N/9L
SRR26818243,PneumoKITy,12F
ERR13365291,PneumoKITy,19A
SRR26910550,PneumoKITy,9N/9L
ERR505678,PneumoKITy,18C/18B
SRR26930582,PneumoKITy,7F/7A
SRR26714233,PneumoKITy,15A/15D
ERR1191951,PneumoKITy,21
ERR632966,PneumoKITy,"Mixed serotypes- {'33B', '33D'}"
SRR26818269,PneumoKITy,15A/15D
ERR876681,PneumoKITy,9A/9V
SRR26749510,PneumoKITy,20
ERR326380,PneumoKITy,6C/6D
ERR909093,PneumoKITy,23F
SRR26749365,PneumoKITy,22F
SRR26789940,PneumoKITy,8
ERR730571,PneumoKITy,14
SRR26673271,PneumoKITy,15B/15C
SRR26930794,PneumoKITy,16F
ERR13365494,PneumoKITy,19F
ERR876467,PneumoKITy,33F/33A
SRR26673310,PneumoKITy,9N/9L
SRR26910468,PneumoKITy,23B
ERR980049,PneumoKITy,10A
ERR2090105,PneumoKITy,34
ERR869859,PneumoKITy,14
ERR3227727,PneumoKITy,19A
ERR774150,PneumoKITy,15B/15C
ERR13364805,PneumoKITy,14
SRR26715006,PneumoKITy,35B/35D
ERR774042,PneumoKITy,10A
ERR730798,PneumoKITy,23F
SRR26673564,PneumoKITy,23B
SRR26931298,PneumoKITy,11A/11D
ERR2667374,PneumoKITy,5
SRR26834207,PneumoKITy,35B/35D
ERR316933,PneumoKITy,9A/9V
ERR13375074,PneumoKITy,20
ERR1422689,PneumoKITy,19A
SRR26930316,PneumoKITy,8
ERR13366019,PneumoKITy,23F
SRR26797565,PneumoKITy,8
ERR3831137,PneumoKITy,24F/24B
SRR26878378,PneumoKITy,13
ERR4289090,PneumoKITy,14
ERR2089487,PneumoKITy,9A/9V
SRR26789358,PneumoKITy,9A/9V
ERR2089984,PneumoKITy,1
ERR326394,PneumoKITy,Serogroup_6_(6E)
ERR13365010,PneumoKITy,14
SRR26878405,PneumoKITy,20
ERR1453533,PneumoKITy,14
SRR26672870,PneumoKITy,8
ERR774633,PneumoKITy,"Mixed serotypes- {'33D', '33B'}"
SRR26884109,PneumoKITy,8
ERR2090890,PneumoKITy,33F/33A
SRR26797686,PneumoKITy,8
SRR26797980,PneumoKITy,7B/40
ERR701849,PneumoKITy,1
ERR1430863,PneumoKITy,1
SRR26797127,PneumoKITy,20
SRR26594712,PneumoKITy,8
SRR26930335,PneumoKITy,8
ERR2089756,PneumoKITy,33F/33A
SRR26880259,PneumoKITy,19A
ERR505736,PneumoKITy,6C/6D
ERR2667753,PneumoKITy,1
ERR2089775,PneumoKITy,Serogroup_6_(6E)
ERR774284,PneumoKITy,11A/11D
ERR7568083,PneumoKITy,8
ERR774298,PneumoKITy,"Below 70% hit - Poor Sequence quality, variant or non-typeable organism."
SRR26880437,PneumoKITy,8
ERR1658103,PneumoKITy,39
ERR913485,PneumoKITy,4
ERR13366155,PneumoKITy,22F
ERR701782,PneumoKITy,1
ERR3303400,PneumoKITy,23B
ERR516691,PneumoKITy,13
ERR1065666,PneumoKITy,19F
ERR701837,PneumoKITy,1
SRR26714385,PneumoKITy,8
SRR26750003,PneumoKITy,12F
SRR26834258,PneumoKITy,8
ERR13366148,PneumoKITy,14
ERR1065898,PneumoKITy,1
ERR1065187,PneumoKITy,"Below 70% hit - Poor Sequence quality, variant or non-typeable organism."
ERR2667876,PneumoKITy,14
ERR925195,PneumoKITy,21
SRR26714627,PneumoKITy,12F
ERR1453403,PneumoKITy,19F
ERR1422346,PneumoKITy,16F
ERR2089443,PneumoKITy,Serogroup_6_(6E)
ERR425488,PneumoKITy,11A/11D
ERR742769,PneumoKITy,7C
ERR876465,PneumoKITy,14
ERR600379,PneumoKITy,1
SRR26879997,PneumoKITy,19A
SRR26910804,PneumoKITy,9N/9L
ERR7567728,PneumoKITy,12F
ERR13366177,PneumoKITy,4
ERR909309,PneumoKITy,15B/15C
ERR4289116,PneumoKITy,25F/25A
ERR876482,PneumoKITy,38
ERR2089585,PneumoKITy,1
ERR1214332,PneumoKITy,19F
ERR2667081,PneumoKITy,3
SRR26931404,PneumoKITy,7C
ERR600084,PneumoKITy,7F/7A
SRR26750023,PneumoKITy,9N/9L
ERR742755,PneumoKITy,13
ERR742594,PneumoKITy,3
ERR909084,PneumoKITy,23F
SRR26910296,PneumoKITy,8
ERR646534,PneumoKITy,23F
SRR26715021,PneumoKITy,38
ERR913443,PneumoKITy,34
ERR1658096,PneumoKITy,5
ERR2091221,PneumoKITy,5
SRR26884468,PneumoKITy,6A_6B_6C_6D
ERR3795762,PneumoKITy,14
ERR925381,PneumoKITy,15A/15D
ERR2090799,PneumoKITy,12F
ERR586468,PneumoKITy,1
SRR26750047,PneumoKITy,3
ERR913438,PneumoKITy,15B/15C
ERR774308,PneumoKITy,20
ERR774631,PneumoKITy,19A
SRR26930367,PneumoKITy,19A
SRR26931109,PneumoKITy,22F
SRR26594886,PneumoKITy,8
ERR997492,PneumoKITy,15B/15C
ERR2090614,PneumoKITy,23F
ERR1799725,PneumoKITy,1
ERR1422338,PneumoKITy,15B/15C
ERR1214490,PneumoKITy,25F_25A_38
ERR714269,PneumoKITy,1
ERR2090962,PneumoKITy,14
SRR26834365,PneumoKITy,23A
ERR909127,PneumoKITy,19F
ERR751075,PneumoKITy,6A/6B
ERR600145,PneumoKITy,22F
ERR774127,PneumoKITy,19F
ERR505933,PneumoKITy,23F
ERR501523,PneumoKITy,16F
ERR331391,PneumoKITy,4
SRR26790190,PneumoKITy,3
SRR26818060,PneumoKITy,9N/9L
ERR2090759,PneumoKITy,16F
ERR774376,PneumoKITy,1
ERR1214372,PneumoKITy,23F
SRR26879787,PneumoKITy,24F/24B
ERR774684,PneumoKITy,1
ERR13374882,PneumoKITy,22F
ERR774070,PneumoKITy,15B/15C
ERR505942,PneumoKITy,23F
ERR586455,PneumoKITy,19A
SRR26930536,PneumoKITy,9N/9L
SRR26931522,PneumoKITy,23B
SRR26931406,PneumoKITy,23A
ERR568546,PneumoKITy,5
ERR984258,PneumoKITy,Serogroup_6_(6E)
ERR319333,PneumoKITy,Serogroup_6_(6E)
ERR730943,PneumoKITy,23F
ERR774200,PneumoKITy,23A
ERR13374914,PneumoKITy,15B/15C
ERR750971,PneumoKITy,"Below 70% hit - Poor Sequence quality, variant or non-typeable organism."
ERR600119,PneumoKITy,22F
ERR925163,PneumoKITy,19F
SRR26931838,PneumoKITy,22F
SRR26878713,PneumoKITy,22F
ERR490794,PneumoKITy,3
ERR632911,PneumoKITy,14
ERR600267,PneumoKITy,23B
ERR13365847,PneumoKITy,3
ERR908933,PneumoKITy,12A/12B/44/46
ERR909314,PneumoKITy,21
SRR26878474,PneumoKITy,8
SRR26750030,PneumoKITy,8
SRR26750045,PneumoKITy,12F
ERR2090417,PneumoKITy,12F
ERR13364787,PneumoKITy,22F
ERR13365892,PneumoKITy,10A
ERR714708,PneumoKITy,14
ERR568510,PneumoKITy,14
ERR714319,PneumoKITy,15A/15D
SRR26930868,PneumoKITy,15B/15C
ERR3795755,PneumoKITy,14
ERR876646,PneumoKITy,14
ERR774617,PneumoKITy,6A_6B_6C_6D
ERR2667117,PneumoKITy,19F
SRR26714780,PneumoKITy,23B
ERR600312,PneumoKITy,23F
SRR26879691,PneumoKITy,19A
ERR742750,PneumoKITy,23F
ERR1788314,PneumoKITy,1
SRR26595031,PneumoKITy,12F
SRR26749332,PneumoKITy,10A
SRR26714099,PneumoKITy,12F
ERR956311,PneumoKITy,Serogroup_6_(6E)
ERR3217621,PneumoKITy,"Below 70% hit - Poor Sequence quality, variant or non-typeable organism."
SRR26672976,PneumoKITy,12F
ERR3303436,PneumoKITy,6A/6B
SRR26798006,PneumoKITy,33F/33A
ERR1191851,PneumoKITy,21
ERR925357,PneumoKITy,23F
ERR600247,PneumoKITy,16F
ERR316817,PneumoKITy,23F
ERR600557,PneumoKITy,6A/6B
ERR3796689,PneumoKITy,24F/24B
ERR884339,PneumoKITy,3
ERR1788312,PneumoKITy,14
SRR26910345,PneumoKITy,8
ERR2090372,PneumoKITy,28F/28A
ERR870096,PneumoKITy,12A/12B/44/46
ERR326699,PneumoKITy,14
ERR1065755,PneumoKITy,11A/11D
ERR2668030,PneumoKITy,2
SRR26797330,PneumoKITy,33F/33A
SRR26797967,PneumoKITy,31
SRR26880010,PneumoKITy,22F
SRR26595035,PneumoKITy,15A/15D
ERR2089870,PneumoKITy,14
SRR26834262,PneumoKITy,15A/15D
SRR26930543,PneumoKITy,9N/9L
ERR13365281,PneumoKITy,22F
ERR2667345,PneumoKITy,14
SRR26834223,PneumoKITy,15B/15C
SRR26878421,PneumoKITy,9N/9L
ERR2090725,PneumoKITy,15A/15D
ERR1788323,PneumoKITy,1
SRR26817844,PneumoKITy,12F
SRR26834453,PneumoKITy,22F
ERR908983,PneumoKITy,13
ERR13365617,PneumoKITy,Serogroup_6_(6E)
SRR26797452,PneumoKITy,19F
ERR884554,PneumoKITy,4
SRR26594508,PneumoKITy,15A/15D
ERR979912,PneumoKITy,5
ERR1288970,PneumoKITy,5
SRR26883781,PneumoKITy,9N/9L
ERR2089976,PneumoKITy,1
SRR26797880,PneumoKITy,8
SRR26884215,PneumoKITy,8
SRR26594254,PneumoKITy,7C
SRR26930675,PneumoKITy,22F
ERR2090776,PneumoKITy,16F
SRR26833544,PneumoKITy,35F
ERR1192118,PneumoKITy,12F
ERR13365553,PneumoKITy,18C/18B
SRR26817902,PneumoKITy,6A/6B
SRR26714071,PneumoKITy,19F
SRR26910325,PneumoKITy,8
SRR26789950,PneumoKITy,17F
ERR2091061,PneumoKITy,23F
SRR26714959,PneumoKITy,3
SRR26931873,PneumoKITy,8
SRR26834310,PneumoKITy,15A/15D
ERR2091161,PneumoKITy,33F/33A
ERR2090316,PneumoKITy,19F
SRR26594987,PneumoKITy,9N/9L
SRR26749489,PneumoKITy,8
ERR13365907,PneumoKITy,3
ERR1106624,PneumoKITy,1
ERR13366180,PneumoKITy,14
SRR26879549,PneumoKITy,24F/24B
SRR26884640,PneumoKITy,8
ERR751038,PneumoKITy,7F/7A
ERR913115,PneumoKITy,"Below 70% hit - Poor Sequence quality, variant or non-typeable organism."
SRR26931270,PneumoKITy,3
ERR870248,PneumoKITy,17F
ERR568621,PneumoKITy,9N/9L
SRR26714220,PneumoKITy,8
ERR925143,PneumoKITy,15A/15D
ERR751029,PneumoKITy,5
ERR3899350,PneumoKITy,14
SRR26714821,PneumoKITy,22F
ERR2090743,PneumoKITy,14
ERR884383,PneumoKITy,10A
ERR730431,PneumoKITy,24F/24B
ERR742778,PneumoKITy,4
SRR26910415,PneumoKITy,35B/35D
ERR773902,PneumoKITy,1
ERR900718,PneumoKITy,23F
SRR26911162,PneumoKITy,38
ERR925230,PneumoKITy,19A
ERR1066131,PneumoKITy,Serogroup_6_(6E)
ERR13374955,PneumoKITy,22F
ERR1453717,PneumoKITy,3
ERR3723326,PneumoKITy,14
ERR913137,PneumoKITy,13
ERR869834,PneumoKITy,"Below 70% hit - Poor Sequence quality, variant or non-typeable organism."
ERR1453723,PneumoKITy,29
ERR3796596,PneumoKITy,24F/24B
SRR26931758,PneumoKITy,9N/9L
SRR26884332,PneumoKITy,15A/15D
ERR876682,PneumoKITy,14
ERR925333,PneumoKITy,6A/6B
SRR26749930,PneumoKITy,35B/35D
ERR773975,PneumoKITy,1
SRR26884247,PneumoKITy,7C
ERR13364941,PneumoKITy,16F
ERR7568047,PneumoKITy,4
ERR884429,PneumoKITy,19A
SRR26930967,PneumoKITy,24F/24B
ERR876606,PneumoKITy,14
SRR26878170,PneumoKITy,12F
SRR26797611,PneumoKITy,16F
SRR26714426,PneumoKITy,22F
SRR26789385,PneumoKITy,23B
ERR1065872,PneumoKITy,23F
ERR730318,PneumoKITy,Serogroup_6_(6E)
ERR4501454,PneumoKITy,24F/24B
ERR433687,PneumoKITy,10A
ERR1106631,PneumoKITy,25F/25A
ERR751094,PneumoKITy,19F
ERR433805,PneumoKITy,1
ERR730868,PneumoKITy,23F
SRR26749176,PneumoKITy,15B/15C
SRR26749744,PneumoKITy,8
SRR26673110,PneumoKITy,33F/33A
ERR884691,PneumoKITy,19F
SRR26789314,PneumoKITy,12F
SRR26883765,PneumoKITy,6C/6D
ERR925307,PneumoKITy,15B/15C
ERR13374808,PneumoKITy,16F
ERR2089531,PneumoKITy,19A
ERR2089298,PneumoKITy,18A
SRR26673504,PneumoKITy,22F
SRR26879958,PneumoKITy,15B/15C
ERR979885,PneumoKITy,14
ERR434027,PneumoKITy,23F
SRR26749677,PneumoKITy,"Below 70% hit - Poor Sequence quality, variant or non-typeable organism."
ERR2667562,PneumoKITy,18C/18B
ERR1453515,PneumoKITy,1
SRR26749767,PneumoKITy,19A
ERR490795,PneumoKITy,23F
ERR1066183,PneumoKITy,21
SRR26910713,PneumoKITy,19F
ERR13374918,PneumoKITy,20
SRR26594234,PneumoKITy,17F
SRR26672866,PneumoKITy,10A
ERR913185,PneumoKITy,19A
SRR26797669,PneumoKITy,19A
ERR13374688,PneumoKITy,19A
SRR26931632,PneumoKITy,3
SRR26931827,PneumoKITy,12F
SRR26750048,PneumoKITy,8
ERR997488,PneumoKITy,10A
ERR730412,PneumoKITy,14
SRR26884317,PneumoKITy,10A
ERR1202542,PneumoKITy,2
SRR26789288,PneumoKITy,22F
SRR26910830,PneumoKITy,9N/9L
ERR869832,PneumoKITy,10B
ERR1658144,PneumoKITy,35B/35D
ERR913248,PneumoKITy,14
SRR26797815,PneumoKITy,31
ERR980054,PneumoKITy,9A/9V
ERR913101,PneumoKITy,23F
SRR26797985,PneumoKITy,8
ERR884403,PneumoKITy,19A
SRR26797569,PneumoKITy,8
ERR730421,PneumoKITy,12F
SRR26797683,PneumoKITy,22F
ERR774195,PneumoKITy,19A
ERR1065182,PneumoKITy,9A/9V
SRR26818089,PneumoKITy,8
ERR2667406,PneumoKITy,35B/35D
SRR26673581,PneumoKITy,8
ERR326490,PneumoKITy,23F
ERR913175,PneumoKITy,34
ERR1756393,PneumoKITy,45
SRR26594874,PneumoKITy,15B/15C
ERR1594506,PneumoKITy,12F
SRR26931285,PneumoKITy,22F
SRR26673512,PneumoKITy,"19A_19AF:  wzy not found in isolate, possible variant"
ERR870148,PneumoKITy,12F
SRR26714921,PneumoKITy,7C
SRR26789221,PneumoKITy,12F
SRR26749170,PneumoKITy,22F
ERR1065741,PneumoKITy,7F/7A
ERR742390,PneumoKITy,12F
SRR26931911,PneumoKITy,9N/9L
SRR26818498,PneumoKITy,8
ERR338193,PneumoKITy,7F/7A
SRR26594994,PneumoKITy,8
ERR1214675,PneumoKITy,14
ERR1202621,PneumoKITy,14
SRR26749255,PneumoKITy,8
ERR433549,PneumoKITy,4
ERR3270803,PneumoKITy,1
ERR1106699,PneumoKITy,1
SRR26877789,PneumoKITy,17F
ERR1453587,PneumoKITy,3
SRR26878470,PneumoKITy,22F
ERR8481794,PneumoKITy,38
ERR13364555,PneumoKITy,19F
ERR997504,PneumoKITy,34
ERR9796482,PneumoKITy,19A
ERR13365253,PneumoKITy,19F
SRR26910618,PneumoKITy,20
SRR26797775,PneumoKITy,19A
SRR26595007,PneumoKITy,8
ERR3227802,PneumoKITy,33F/33A
ERR730353,PneumoKITy,Serogroup_6_(6E)
ERR884300,PneumoKITy,14
SRR26931481,PneumoKITy,23B
ERR730841,PneumoKITy,14
SRR26714737,PneumoKITy,8
ERR2091180,PneumoKITy,10B
SRR26797175,PneumoKITy,9N/9L
ERR13365829,PneumoKITy,19F
ERR505921,PneumoKITy,Serogroup_6_(6E)
SRR26750025,PneumoKITy,19A
ERR2089291,PneumoKITy,15A/15D
ERR2089248,PneumoKITy,19F
SRR26750115,PneumoKITy,12F
ERR13374800,PneumoKITy,17F
ERR13365183,PneumoKITy,14
ERR913528,PneumoKITy,11A/11D
ERR2667923,PneumoKITy,1
ERR701812,PneumoKITy,14
ERR1756433,PneumoKITy,19F
ERR1202508,PneumoKITy,1
ERR979987,PneumoKITy,23F
SRR26930315,PneumoKITy,9N/9L
SRR26672921,PneumoKITy,16F
SRR26880105,PneumoKITy,8
SRR26714712,PneumoKITy,8
ERR433850,PneumoKITy,1
ERR13374658,PneumoKITy,35B/35D
SRR26789670,PneumoKITy,12F
SRR26797332,PneumoKITy,9N/9L
SRR26910834,PneumoKITy,23B
SRR26714648,PneumoKITy,12F
ERR742350,PneumoKITy,18C/18B
ERR2853631,PneumoKITy,19A
SRR26833574,PneumoKITy,12F
SRR26818311,PneumoKITy,22F
ERR876654,PneumoKITy,6A/6B
SRR26749879,PneumoKITy,11A/11D
ERR352004,PneumoKITy,5
ERR742575,PneumoKITy,11A/11D
ERR870309,PneumoKITy,28F/28A
ERR13366030,PneumoKITy,19F
ERR773830,PneumoKITy,14
ERR714603,PneumoKITy,6C/6D
SRR26879738,PneumoKITy,22F
SRR26879576,PneumoKITy,8
SRR26879608,PneumoKITy,8
ERR2681307,PneumoKITy,19A
ERR2681142,PneumoKITy,19F
SRR26714347,PneumoKITy,12F
ERR13365654,PneumoKITy,22F
SRR26672892,PneumoKITy,8
ERR730693,PneumoKITy,23F
ERR1202398,PneumoKITy,"Below 70% hit - Poor Sequence quality, variant or non-typeable organism."
ERR13374691,PneumoKITy,7C
ERR1788087,PneumoKITy,8
ERR2089642,PneumoKITy,15B/15C
ERR505686,PneumoKITy,Serogroup_6_(6E)
ERR925084,PneumoKITy,23F
ERR2667428,PneumoKITy,18C/18B
SRR26931707,PneumoKITy,38
ERR2089799,PneumoKITy,1
ERR13365664,PneumoKITy,14
SRR26818524,PneumoKITy,3
ERR3303238,PneumoKITy,7C
ERR774227,PneumoKITy,14
SRR26931715,PneumoKITy,8
ERR774174,PneumoKITy,"Mixed serotypes- {'33B', '33D'}"
ERR326450,PneumoKITy,14
ERR1191897,PneumoKITy,23F
ERR13364550,PneumoKITy,23F
ERR331464,PneumoKITy,1
ERR13364628,PneumoKITy,9A/9V
ERR1065729,PneumoKITy,23F
ERR2680729,PneumoKITy,19F
ERR2090755,PneumoKITy,38
SRR26884157,PneumoKITy,19A
ERR876785,PneumoKITy,14
ERR870059,PneumoKITy,5
SRR26910388,PneumoKITy,3
SRR26594850,PneumoKITy,15A/15D
ERR13364803,PneumoKITy,16F
ERR2667807,PneumoKITy,5
ERR714696,PneumoKITy,Serogroup_6_(6E)
ERR4501325,PneumoKITy,24F/24B
ERR1065414,PneumoKITy,15A/15D
ERR876603,PneumoKITy,6A/6B
SRR26878574,PneumoKITy,20
ERR714582,PneumoKITy,18C/18B
ERR13364387,PneumoKITy,35F
ERR1066359,PneumoKITy,19F
ERR2089793,PneumoKITy,6A/6B
SRR26595149,PneumoKITy,8
ERR2681021,PneumoKITy,19F
ERR2090520,PneumoKITy,8
SRR26930159,PneumoKITy,8
ERR316835,PneumoKITy,4
ERR8481859,PneumoKITy,11A/11D
ERR5336813,PneumoKITy,4
ERR2090147,PneumoKITy,12F
ERR1288915,PneumoKITy,4
ERR862456,PneumoKITy,"Below 70% hit - Poor Sequence quality, variant or non-typeable organism."
ERR2090172,PneumoKITy,1
ERR884694,PneumoKITy,19A
ERR1453310,PneumoKITy,"Below 70% hit - Poor Sequence quality, variant or non-typeable organism."
ERR714162,PneumoKITy,1
ERR13364767,PneumoKITy,7F/7A
ERR714475,PneumoKITy,1
SRR26789298,PneumoKITy,23F
