sample_id,serotype,serotype_confidence,pred_argmax
SRR26931333#8,8,0.917,8
SRR26931333#15,8,0.655,8
SRR26673471#1,19A,0.858,19A
ERR979905#1,19A,0.859,19A
ERR730234#6,10A,0.142,10A
ERR730234#21,10A,0.555,10A
ERR1202491#1,23F,0.676,23F
SRR26797944#5,3,0.955,3
ERR3227796#1,19F,0.69,19F
ERR1202425#2,3,0.431,3
SRR26818646#4,8,0.655,8
SRR26818646#5,8,0.926,8
ERR730145#11,34,0.346,34
ERR730145#13,34,0.779,34
ERR701869#1,6A,0.195,6A
ERR701869#19,6A,0.497,6A
ERR505639#5,14,0.26,14
ERR505639#73,14,0.109,28F
SRR26749318#4,22F,0.592,22F
SRR26749318#9,22F,0.569,22F
SRR26672759#12,23A,0.848,23A
ERR2667549#17,5,0.693,5
ERR2667549#18,5,0.424,5
ERR1453654#4,11A,0.121,6D
ERR1453654#15,11A,0.279,11E
ERR1065378#3,19A,0.867,19A
ERR1788368#15,14,0.756,14
ERR1788368#28,14,0.085,14
ERR909121#15,17F,0.57,17F
ERR909121#17,17F,0.8,17F
SRR26789254#1,10A,0.582,10A
SRR26789254#27,10A,0.461,10A
ERR913213#1,19F,0.169,28A
ERR913213#7,19F,0.672,19F
ERR1065498#4,17F,0.273,9L
ERR1065498#6,17F,0.83,17F
SRR26910923#1,12F,0.504,12F
SRR26910923#10,12F,0.446,12F
SRR26883972#3,8,0.702,8
SRR26883972#8,8,0.839,8
SRR26880231#2,8,0.679,8
SRR26880231#7,8,0.925,8
ERR14653975#4,6B,0.488,6A
ERR1065349#1,11A,0.504,11A
ERR1106757#4,15A,0.648,15A
SRR26880386#2,3,0.955,3
SRR26818319#1,9N,0.649,9N
SRR26818319#5,9N,0.128,9V
ERR1191943#9,6A,0.511,6A
ERR1191943#29,6A,0.114,10A
SRR26883996#3,8,0.655,8
SRR26883996#5,8,0.926,8
ERR1453623#9,6B,0.597,6E
ERR1202133#16,20A,0.419,20A
ERR1202133#35,20A,0.214,20B
SRR26672922#10,3,0.96,3
SRR26818576#2,3,0.96,3
ERR2667830#3,11A,0.461,11A
ERR2089311#1,18C,0.434,18C
ERR884371#1,19F,0.193,19F
ERR884371#4,19F,0.74,19F
SRR26817799#2,8,0.899,8
SRR26834008#2,9N,0.65,9N
SRR26834008#3,9N,0.738,9N
SRR26931756#7,8,0.924,8
SRR26931756#13,8,0.679,8
ERR1214592#1,23F,0.71,23F
ERR13374671#2,33F,0.78,33F
ERR1638463#3,3,0.431,3
SRR26879914#4,8,0.926,8
SRR26879914#12,8,0.655,8
SRR26714589#1,12F,0.494,12F
SRR26714589#10,12F,0.463,12F
ERR979957#1,19F,0.729,19F
ERR979957#36,19F,0.115,28A
ERR845739#1,35F,0.454,35F
ERR845739#7,35F,0.857,35F
ERR1214609#9,35C,0.774,35C
ERR1214609#12,35C,0.291,4
ERR13366082#11,11B,0.691,11B
ERR13366082#16,11B,0.345,11B
SRR26749685#1,8,0.724,8
SRR26749685#9,8,0.926,8
SRR26594809#15,17F,0.797,17F
SRR26594809#55,17F,0.56,17F
SRR26817736#3,16F,0.486,16F
SRR26884345#23,19A,0.865,19A
SRR26673621#7,8,0.924,8
SRR26673621#17,8,0.678,8
ERR751016#2,19F,0.338,19F
ERR751016#12,19F,0.158,19F
SRR26884234#1,10A,0.772,10A
SRR26884234#25,10A,0.461,10A
ERR1202454#1,23F,0.571,23F
ERR2667518#3,27,0.839,27
ERR742520#21,4,0.225,4
ERR742520#27,4,0.626,4
ERR742372#7,6C,0.385,6C
ERR742372#27,6C,0.245,6C
ERR1066353#2,7C,0.429,7C
ERR3796772#5,24F,0.782,24F
ERR925079#2,16F,0.709,16F
ERR774099#1,6A,0.567,6A
ERR425405#13,14,0.691,14
ERR425405#30,14,0.156,48
SRR26817780#1,3,0.955,3
ERR1453535#11,6B,0.154,33D
ERR1453535#20,6B,0.492,6A
SRR26930274#1,31,0.813,31
ERR449165#1,18C,0.353,18C
SRR26910453#11,15A,0.097,15A
SRR26910453#20,15A,0.652,15A
ERR13365328#7,6C,0.641,6C
ERR13365328#23,6C,0.129,19F
SRR26673249#2,8,0.655,8
SRR26673249#6,8,0.926,8
SRR26749969#1,23B,0.905,23B
ERR714403#1,1,0.804,1
ERR714403#3,1,0.834,1
ERR925105#1,31,0.546,31
ERR925105#18,31,0.784,31
ERR316640#2,18C,0.311,18C
ERR316640#45,18C,0.235,18B
SRR26714971#2,8,0.679,8
SRR26714971#7,8,0.925,8
ERR3831144#4,24F,0.78,24F
SRR26878331#1,9N,0.654,9N
SRR26878331#23,9N,0.744,9N
ERR925227#7,4,0.838,4
ERR925227#56,4,0.363,4
SRR26834287#1,3,0.96,3
SRR26789865#2,8,0.673,8
SRR26789865#6,8,0.925,8
SRR26797243#2,8,0.828,8
ERR1422598#2,19A,0.895,19A
SRR26797642#8,8,0.926,8
SRR26797642#12,8,0.655,8
ERR730902#5,16F,0.711,16F
SRR26714144#2,20B,0.47,20B
SRR26714144#7,20B,0.223,20B
ERR2681130#1,6A,0.558,6A
ERR2681130#25,6A,0.066,25A
SRR26879599#2,9N,0.633,9N
SRR26878695#1,35F,0.888,35F
ERR2091226#3,14,0.265,14
ERR2091226#7,14,0.774,14
SRR26817975#2,7C,0.618,7C
SRR26817975#7,7C,0.68,7C
SRR26834082#9,38,0.499,38
SRR26834082#23,38,0.369,25A
ERR913223#1,9V,0.611,9V
ERR600139#3,38,0.442,38
ERR600139#21,38,0.494,25F
ERR1202356#3,6A,0.234,10B
ERR1202356#19,6A,0.515,6A
SRR26884391#7,8,0.905,8
SRR26884391#14,8,0.655,8
ERR3270809#1,6A,0.562,6A
ERR862451#2,16F,0.707,16F
SRR26797303#1,8,0.834,8
SRR26930163#3,19A,0.14,29
SRR26930163#13,19A,0.855,19A
SRR26714725#1,23B,0.396,23B
SRR26789437#4,11A,0.256,11A
SRR26789437#9,11A,0.411,11D
ERR774139#6,6A,0.469,6A
ERR3303239#9,23F,0.586,23F
ERR3303239#11,23F,0.07,9V
SRR26880426#1,3,0.96,3
ERR984284#6,10A,0.164,10A
ERR984284#20,10A,0.606,10A
ERR1540720#1,14,0.451,14
ERR1540720#5,14,0.962,14
SRR26877910#1,19A,0.803,19A
SRR26884552#1,31,0.813,31
SRR26749892#20,8,0.899,8
ERR501475#11,7F,0.235,7F
ERR501475#54,7F,0.475,7F
ERR714541#2,1,0.217,1
ERR714541#23,1,0.843,1
ERR3270822#1,17F,0.645,17F
SRR26883964#5,8,0.899,8
ERR13364597#19,9V,0.339,9V
ERR13364597#34,9V,0.346,9V
ERR750766#10,5,0.756,5
ERR750766#17,5,0.603,5
ERR433695#1,18C,0.454,18C
ERR13364813#8,19F,0.404,19F
ERR13364813#14,19F,0.695,19F
SRR26797868#8,6C,0.354,6C
SRR26834046#1,3,0.955,3
ERR568447#2,1,0.217,1
ERR568447#5,1,0.843,1
ERR980054#5,9V,0.203,9V
ERR980054#34,9V,0.077,10F
ERR1202509#2,4,0.114,19F
ERR1202509#11,4,0.283,4
ERR773904#1,19A,0.868,19A
SRR26834261#2,10A,0.582,10A
SRR26834261#23,10A,0.466,10A
ERR316607#15,9V,0.168,12B
ERR316607#23,9V,0.15,9V
ERR870231#1,33F,0.652,33F
ERR2089419#1,24F,0.775,24F
SRR26833880#2,11A,0.404,9L
SRR26833880#24,11A,0.211,11
SRR26714939#1,19A,0.865,19A
ERR750799#3,6C,0.304,6D
ERR774477#8,19A,0.869,19A
ERR1658086#6,34,0.779,34
SRR26878467#6,9N,0.738,9N
SRR26878467#12,9N,0.654,9N
SRR26789386#9,35B,0.545,35D
ERR505747#8,19A,0.136,29
ERR505747#20,19A,0.122,33F
SRR26911030#1,7C,0.635,7C
SRR26911030#24,7C,0.198,7C
ERR2091237#21,1,0.774,1
ERR2091237#45,1,0.269,1
ERR714384#5,7F,0.734,7F
ERR714384#34,7F,0.327,7F
ERR979995#22,6A,0.463,6A
ERR979995#25,6A,0.145,20B
SRR26930986#3,16F,0.111,28A
SRR26930986#9,16F,0.232,4
ERR884553#11,23F,0.221,23F
ERR884553#16,23F,0.722,23F
ERR876469#16,14,0.7,14
ERR876469#26,14,0.899,14
ERR1106709#22,38,0.101,28F
ERR1106709#50,38,0.36,38
SRR26931674#1,8,0.926,8
SRR26931674#12,8,0.724,8
ERR2667382#3,6B,0.494,6A
ERR870251#10,13,0.944,13
ERR870251#36,13,0.314,13
ERR1066017#14,6A,0.453,6A
ERR1066017#28,6A,0.112,6C
ERR2680811#7,23F,0.687,23F
ERR2090901#5,5,0.179,5
ERR2090901#25,5,0.166,5
SRR26594873#4,8,0.927,8
SRR26594873#15,8,0.679,8
SRR26789321#6,9N,0.651,9N
ERR774019#1,7C,0.727,7C
ERR774019#14,7C,0.204,7C
ERR1106801#1,23B,0.362,23B
SRR26789821#1,23A,0.852,23A
ERR2089355#14,33D,0.441,33D
ERR449193#18,4,0.41,4
ERR449193#27,4,0.47,4
SRR26789450#1,8,0.702,8
SRR26789450#7,8,0.915,8
ERR4501395#1,19A,0.882,19A
ERR730575#2,6B,0.344,6B
ERR730575#3,6B,0.477,6B
SRR26931296#1,22F,0.569,22F
SRR26931296#5,22F,0.587,22F
SRR26818280#1,7C,0.721,7C
ERR13365795#1,23B,0.909,23B
ERR980118#3,11A,0.374,11A
ERR884473#1,39,0.905,39
ERR568706#2,18C,0.118,6D
ERR568706#19,18C,0.526,18B
SRR26673052#2,35B,0.39,35B
SRR26673052#3,35B,0.513,35B
SRR26749696#2,12F,0.502,12F
SRR26749696#9,12F,0.463,12F
ERR1214395#1,15A,0.327,15A
ERR1214395#27,15A,0.109,7F
ERR13365708#1,4,0.617,4
SRR26930594#1,23B,0.741,23B
SRR26930594#37,23B,0.132,23B
ERR3796850#13,24F,0.467,24A
SRR26930956#8,10A,0.695,10A
SRR26930956#29,10A,0.461,10A
ERR1836940#2,28A,0.517,28A
ERR1836940#10,28A,0.261,28A
ERR13365307#2,9N,0.636,9N
ERR13365307#20,9N,0.128,9V
ERR3796488#4,14,0.581,14
ERR3796488#5,14,0.787,14
ERR862383#38,9V,0.352,9V
ERR862383#58,9V,0.125,9V
ERR568713#25,6B,0.134,19F
ERR568713#26,6B,0.379,6A
ERR751065#5,5,0.201,5
ERR751065#19,5,0.222,5
ERR2090818#2,12F,0.323,12F
ERR2090818#6,12F,0.435,12F
ERR750920#2,18C,0.263,18C
ERR750920#14,18C,0.384,18C
SRR26749960#2,3,0.96,3
SRR26910317#20,8,0.57,8
SRR26910317#32,8,0.673,8
ERR909284#1,16F,0.728,16F
SRR26714486#9,12F,0.463,12F
SRR26714486#12,12F,0.502,12F
SRR26834203#3,8,0.724,8
SRR26834203#7,8,0.926,8
SRR26789588#3,8,0.724,8
SRR26789588#6,8,0.926,8
SRR26714721#2,11E,0.367,11D
SRR26714721#3,11E,0.425,11E
SRR26749691#3,12F,0.229,12F
SRR26749691#7,12F,0.332,12F
SRR26931405#2,8,0.655,8
SRR26931405#4,8,0.927,8
ERR1065935#1,16F,0.705,16F
SRR26930154#2,15A,0.351,15A
SRR26930154#14,15A,0.645,15A
ERR425476#5,7F,0.723,7F
ERR425476#58,7F,0.475,7F
ERR876443#1,14,0.787,14
ERR876443#31,14,0.909,14
ERR751130#1,14,0.746,14
ERR751130#6,14,0.173,10A
ERR13364524#1,19F,0.274,20A
ERR13364524#13,19F,0.737,19F
ERR568544#1,3,0.953,3
ERR568437#6,6A,0.277,13
ERR568437#18,6A,0.187,6A
ERR774628#1,33F,0.097,34
ERR774628#5,33F,0.612,33F
ERR1202118#1,13,0.915,13
ERR1288829#2,10B,0.645,10B
ERR1202569#3,3,0.96,3
ERR751160#1,35F,0.885,35F
SRR26879500#5,3,0.955,3
ERR884694#16,19A,0.904,19A
ERR884694#28,19A,0.096,31
ERR1065624#2,1,0.845,1
ERR1065624#4,1,0.181,1
ERR2681302#1,28F,0.391,28F
ERR774481#2,3,0.953,3
SRR26879726#2,8,0.673,8
SRR26879726#5,8,0.925,8
SRR26910962#12,17F,0.795,17F
SRR26910962#20,17F,0.56,17F
SRR26797219#3,22F,0.522,22F
SRR26797219#16,22F,0.375,22F
SRR26833704#1,19F,0.743,19F
SRR26833704#9,19F,0.085,9V
ERR1788043#17,12F,0.33,12F
ERR1788043#22,12F,0.299,12F
ERR984238#2,35B,0.522,35D
SRR26880042#1,8,0.894,8
SRR26594437#2,8,0.687,8
SRR26594437#5,8,0.872,8
SRR26910429#1,19A,0.882,19A
SRR26878326#1,19A,0.865,19A
ERR13365680#1,19F,0.748,19F
ERR13365680#23,19F,0.162,9L
SRR26789398#10,15A,0.751,15A
SRR26789398#25,15A,0.231,15A
SRR26911015#1,15A,0.678,15A
ERR2667901#17,5,0.693,5
ERR2667901#18,5,0.424,5
ERR1065576#3,14,0.96,14
ERR1065576#4,14,0.592,14
ERR2667808#2,4,0.153,4
ERR2667808#7,4,0.572,4
ERR2853516#6,19A,0.866,19A
ERR2667996#3,17F,0.338,17F
ERR2667996#34,17F,0.59,17F
ERR1540817#38,10A,0.178,10A
ERR1540817#80,10A,0.554,10A
ERR845748#12,19F,0.574,19F
ERR845748#49,19F,0.385,19F
SRR26673375#2,19A,0.893,19A
ERR600231#4,22F,0.62,22F
ERR600231#26,22F,0.625,22F
ERR869902#2,14,0.111,33D
ERR869902#5,14,0.942,14
SRR26672907#2,8,0.679,8
SRR26672907#7,8,0.931,8
ERR2853650#1,19A,0.81,19A
ERR1788282#17,19A,0.86,19A
ERR1788282#47,19A,0.358,11C
ERR3270824#2,19A,0.901,19A
ERR3270716#1,21,0.691,21
ERR3270716#19,21,0.504,21
ERR870022#2,19F,0.406,9V
ERR870022#8,19F,0.238,10A
SRR26834183#1,15A,0.751,15A
SRR26834183#8,15A,0.318,15A
SRR26673098#1,7C,0.721,7C
ERR701848#5,6A,0.573,6A
ERR1066002#1,11A,0.504,11A
ERR714578#2,14,0.734,14
ERR714578#25,14,0.839,14
ERR13365402#3,12F,0.223,12B
ERR13365402#21,12F,0.335,12F
ERR870056#5,5,0.165,6D
ERR870056#23,5,0.689,5
SRR26817911#1,8,0.702,8
SRR26817911#7,8,0.872,8
SRR26673662#4,3,0.955,3
ERR714676#5,4,0.838,4
ERR714676#58,4,0.363,4
ERR1453667#3,23F,0.739,23F
ERR742784#3,6A,0.583,6A
SRR26715065#2,3,0.96,3
ERR2213029#4,14,0.722,14
ERR2213029#16,14,0.711,14
SRR26594493#2,8,0.679,8
SRR26594493#7,8,0.924,8
SRR26931437#1,9N,0.606,9N
SRR26789933#3,8,0.702,8
SRR26789933#5,8,0.872,8
ERR13365193#8,7F,0.68,7F
ERR13365193#28,7F,0.303,4
SRR26931820#2,12F,0.502,12F
SRR26931820#9,12F,0.446,12F
ERR433637#2,6C,0.158,6C
ERR433637#10,6C,0.691,6C
ERR13365117#13,23F,0.188,23F
ERR13365117#23,23F,0.118,14
ERR1192022#2,11A,0.37,11A
ERR568715#2,1,0.613,1
ERR568715#5,1,0.773,1
ERR600130#5,6C,0.479,6D
ERR884655#2,15A,0.751,15A
ERR884655#7,15A,0.203,22F
SRR26884719#2,33F,0.546,33F
SRR26884719#3,33F,0.686,33F
ERR2853510#3,19A,0.893,19A
ERR13365134#4,9N,0.61,9N
ERR913335#10,19A,0.716,19A
SRR26931072#4,3,0.955,3
ERR13374969#1,3,0.96,3
SRR26594825#11,17F,0.261,17F
SRR26594825#17,17F,0.562,17F
SRR26818529#5,11E,0.894,3
SRR26878367#23,10A,0.72,10A
SRR26878367#28,10A,0.174,10A
ERR884376#1,23F,0.549,23F
SRR26749387#2,8,0.655,8
SRR26749387#4,8,0.927,8
SRR26930252#3,8,0.724,8
SRR26930252#6,8,0.926,8
SRR26672953#1,8,0.754,8
SRR26833854#7,3,0.739,3
ERR600161#2,19F,0.429,19F
ERR600161#41,19F,0.099,19F
SRR26749901#2,8,0.724,8
SRR26749901#4,8,0.926,8
ERR884399#5,14,0.437,14
ERR884399#8,14,0.766,14
ERR1756487#23,1,0.692,1
ERR1756487#45,1,0.185,1
SRR26878047#1,8,0.268,8
SRR26878047#8,8,0.661,8
ERR2091140#22,1,0.774,1
ERR2091140#43,1,0.269,1
SRR26879781#3,3,0.739,3
ERR980220#2,1,0.804,1
ERR980220#23,1,0.834,1
ERR730403#8,10A,0.142,10A
ERR730403#18,10A,0.555,10A
SRR26749612#1,12F,0.502,12F
SRR26749612#8,12F,0.463,12F
ERR3796372#4,14,0.581,14
ERR3796372#5,14,0.937,14
SRR26797715#2,8,0.702,8
SRR26797715#6,8,0.9,8
ERR13364720#3,22F,0.683,22F
ERR13364720#7,22F,0.531,22F
ERR326700#23,9V,0.109,28F
ERR326700#46,9V,0.353,9V
ERR13365784#3,38,0.582,29
ERR13365784#6,38,0.412,25F
SRR26930964#3,8,0.655,8
SRR26930964#5,8,0.925,8
SRR26930266#5,10A,0.607,10A
SRR26930266#28,10A,0.174,10A
ERR13374688#3,19A,0.88,19A
ERR2090233#1,19F,0.203,19F
ERR2090233#4,19F,0.719,19F
ERR2089459#4,9V,0.753,9V
ERR2089459#16,9V,0.193,1
ERR980187#1,3,0.955,3
SRR26833814#1,16F,0.481,16F
ERR884358#1,23F,0.77,23F
ERR1453684#1,15A,0.194,15A
ERR1453684#6,15A,0.572,15A
ERR2681252#2,11A,0.429,11A
SRR26877759#2,8,0.704,8
SRR26877759#6,8,0.928,8
ERR2667394#1,35B,0.539,35D
ERR884460#1,19A,0.805,19A
SRR26910531#7,8,0.926,8
SRR26910531#15,8,0.724,8
SRR26797017#2,3,0.959,3
SRR26749728#3,8,0.655,8
SRR26749728#5,8,0.926,8
SRR26884016#3,8,0.655,8
SRR26884016#5,8,0.924,8
SRR26884089#4,9V,0.183,25A
SRR26884089#29,9V,0.803,9V
SRR26879656#3,11A,0.279,11E
SRR26879656#9,11A,0.496,11D
ERR1065742#10,23F,0.131,10B
ERR1065742#16,23F,0.692,23F
ERR913554#1,14,0.111,33D
ERR913554#21,14,0.75,14
SRR26879747#3,6C,0.398,6C
SRR26879747#18,6C,0.083,19F
ERR14654001#1,3,0.955,3
SRR26797745#1,23B,0.743,23B
SRR26797745#33,23B,0.129,23B
SRR26714358#1,19A,0.865,19A
ERR2667816#9,14,0.942,14
ERR2667816#13,14,0.781,14
SRR26878507#1,3,0.96,3
SRR26714487#6,22F,0.233,22F
SRR26714487#18,22F,0.594,22F
SRR26594906#3,22F,0.729,22F
SRR26594906#14,22F,0.375,22F
SRR26879902#2,16F,0.111,28A
SRR26879902#12,16F,0.232,4
ERR774136#2,23B,0.503,23B
ERR2853675#1,19A,0.808,19A
ERR2667451#11,13,0.964,13
ERR2667451#31,13,0.126,7F
ERR750820#4,33F,0.65,33F
ERR750820#14,33F,0.069,18F
ERR2089719#3,23F,0.599,23F
SRR26884387#9,35B,0.618,35B
SRR26884387#18,35B,0.106,45
ERR13366179#1,19F,0.743,19F
ERR13366179#12,19F,0.103,48
SRR26931681#2,22F,0.489,22F
SRR26931681#3,22F,0.614,22F
SRR26931782#1,22F,0.569,22F
SRR26931782#5,22F,0.583,22F
ERR2667902#2,3,0.96,3
ERR714461#4,6B,0.448,6B
ERR714461#17,6B,0.339,6B
ERR600142#3,38,0.442,38
ERR600142#20,38,0.746,38
SRR26879456#6,9N,0.653,9N
SRR26879456#51,9N,0.738,9N
ERR913318#1,21,0.15,1
ERR913318#18,21,0.32,21
SRR26594559#1,12F,0.334,12F
SRR26594559#10,12F,0.463,12F
ERR3831139#2,24F,0.764,24F
ERR876686#5,16F,0.528,16F
ERR870015#15,13,0.946,13
ERR870015#29,13,0.22,33D
ERR319313#17,6A,0.314,19A
ERR319313#158,6A,0.177,22F
ERR13365220#5,14,0.69,14
ERR13365220#25,14,0.856,14
ERR3796700#1,24F,0.781,24F
SRR26673104#5,12F,0.438,12F
SRR26673104#9,12F,0.328,12F
ERR13364758#2,14,0.276,14
ERR13364758#14,14,0.563,14
ERR730613#1,9N,0.542,9N
ERR730613#7,9N,0.601,9N
SRR26930371#2,11E,0.403,11E
SRR26930997#5,16F,0.085,6D
SRR26930997#11,16F,0.232,4
ERR980092#1,14,0.748,14
ERR980092#18,14,0.761,14
SRR26931036#1,8,0.899,8
SRR26879810#1,3,0.953,3
SRR26834228#5,35F,0.885,35F
SRR26673663#1,12F,0.332,12F
SRR26673663#9,12F,0.463,12F
ERR1788264#1,6C,0.499,6C
ERR7568020#1,9N,0.6,9N
SRR26834239#2,8,0.704,8
SRR26834239#8,8,0.922,8
SRR26818550#3,3,0.955,3
ERR1065197#9,23A,0.854,23A
ERR1540677#4,19A,0.732,19A
ERR1540677#21,19A,0.554,33D
ERR909103#1,35B,0.399,35D
ERR909103#3,35B,0.687,35B
ERR980161#1,6C,0.432,6C
ERR14653963#4,4,0.257,4
ERR14653963#15,4,0.438,4
SRR26714840#1,12F,0.328,12F
SRR26714840#9,12F,0.438,12F
ERR742353#4,19A,0.145,29
ERR742353#21,19A,0.863,19A
ERR568749#1,1,0.777,1
ERR568749#5,1,0.773,1
ERR1065896#1,19F,0.263,28A
ERR1065896#2,19F,0.667,19F
ERR1066130#1,6B,0.421,6B
ERR1066130#12,6B,0.488,6B
ERR979987#1,23F,0.066,18F
ERR979987#17,23F,0.576,23F
ERR730318#6,6B,0.594,6E
ERR505554#18,19F,0.502,19F
ERR505554#46,19F,0.099,19F
SRR26930474#2,8,0.724,8
SRR26930474#6,8,0.927,8
SRR26789944#3,8,0.702,8
SRR26789944#6,8,0.926,8
SRR26789424#2,22F,0.721,22F
SRR26789424#16,22F,0.454,22F
SRR26749543#1,10A,0.582,10A
SRR26749543#23,10A,0.461,10A
ERR1788375#1,23F,0.605,23F
SRR26880198#1,15A,0.208,15A
SRR26880198#6,15A,0.733,15A
SRR26714973#1,31,0.313,31
SRR26714973#21,31,0.629,31
SRR26879937#2,12F,0.495,12F
SRR26879937#9,12F,0.472,12F
ERR876562#5,14,0.983,14
ERR876562#28,14,0.763,14
ERR505751#2,23B,0.758,23B
ERR505751#32,23B,0.125,23B
ERR2090924#2,20,0.413,20B
ERR2090924#3,20,0.222,20A
ERR2090191#4,18B,0.321,18B
ERR870267#1,20A,0.44,20
ERR1788370#1,3,0.955,3
SRR26749803#10,3,0.957,3
SRR26673171#4,19F,0.168,13
SRR26673171#15,19F,0.48,19F
SRR26594460#3,11A,0.359,11E
ERR568513#9,14,0.57,14
ERR568513#21,14,0.761,14
SRR26931088#3,8,0.933,8
SRR26931088#13,8,0.724,8
SRR26797702#3,11A,0.524,11A
SRR26797702#7,11A,0.262,35F
ERR340842#1,3,0.96,3
ERR3270712#1,19A,0.896,19A
ERR13365618#3,3,0.96,3
SRR26910534#1,15A,0.773,15A
SRR26910534#26,15A,0.187,10A
SRR26714653#1,12F,0.494,12F
SRR26714653#8,12F,0.472,12F
SRR26595141#2,22F,0.729,22F
SRR26595141#3,22F,0.618,22F
ERR1202614#1,14,0.723,14
ERR1202614#22,14,0.731,14
ERR997673#1,48,0.467,48
ERR997673#16,48,0.847,48
ERR2090997#16,9V,0.8,9V
ERR2090997#42,9V,0.362,9V
ERR434027#1,23F,0.397,10B
ERR434027#12,23F,0.718,23F
SRR26884001#2,15A,0.239,7C
SRR26884001#23,15A,0.579,15A
ERR2667317#14,6B,0.511,6A
SRR26880221#7,8,0.93,8
SRR26880221#14,8,0.655,8
SRR26673006#2,22F,0.721,22F
SRR26673006#13,22F,0.454,22F
ERR632975#1,9V,0.29,9V
ERR632975#5,9V,0.352,9V
SRR26880385#1,12F,0.494,12F
SRR26880385#8,12F,0.472,12F
ERR600199#1,10A,0.572,10A
ERR600199#23,10A,0.461,10A
ERR742830#3,6B,0.448,6B
ERR742830#17,6B,0.339,6B
SRR26797113#5,4,0.418,4
SRR26797113#6,4,0.336,4
ERR1065898#6,1,0.26,1
ERR1065898#7,1,0.851,1
ERR568670#3,19A,0.875,19A
ERR600567#1,14,0.33,37
ERR600567#22,14,0.945,14
ERR1065759#2,19F,0.545,19F
ERR1065759#24,19F,0.228,10A
ERR984265#1,39,0.939,39
ERR568574#2,14,0.578,14
ERR568574#16,14,0.585,14
SRR26789661#5,9N,0.738,9N
SRR26789661#11,9N,0.654,9N
ERR14653970#11,6E,0.59,6E
SRR26714269#3,8,0.704,8
SRR26714269#6,8,0.925,8
SRR26714920#5,12F,0.327,12F
SRR26714920#29,12F,0.446,12F
ERR913403#2,6A,0.477,6A
SRR26594835#2,9V,0.377,9V
SRR26594835#15,9V,0.801,9V
ERR1453390#1,19F,0.743,19F
ERR1453390#13,19F,0.088,9V
ERR774024#1,8,0.901,8
ERR1756451#1,19A,0.671,19A
ERR884327#5,14,0.269,14
ERR884327#10,14,0.774,14
ERR490757#1,19A,0.865,19A
SRR26714787#8,19F,0.152,7C
SRR26714787#53,19F,0.318,19F
SRR26880131#22,15A,0.781,15A
SRR26880131#23,15A,0.201,5
SRR26797777#2,8,0.724,8
SRR26797777#6,8,0.926,8
SRR26879772#2,10A,0.772,10A
SRR26879772#23,10A,0.461,10A
ERR2091215#1,5,0.276,33B
ERR2091215#5,5,0.179,5
ERR876518#2,38,0.424,38
ERR876518#19,38,0.73,38
ERR586445#1,19A,0.812,19A
SRR26931599#3,8,0.925,8
SRR26931599#12,8,0.704,8
SRR26884427#1,8,0.899,8
SRR26834241#2,10A,0.625,10A
SRR26834241#24,10A,0.461,10A
SRR26880280#3,16F,0.111,28A
SRR26880280#9,16F,0.232,4
ERR730368#1,14,0.743,14
ERR730368#23,14,0.942,14
ERR884504#2,8,0.131,21
ERR884504#16,8,0.928,8
ERR1202488#2,19F,0.236,10A
ERR1202488#3,19F,0.539,19F
SRR26818242#1,23B,0.911,23B
SRR26797756#1,23A,0.852,23A
SRR26797970#1,8,0.897,8
ERR13374990#1,35B,0.372,35B
ERR433743#3,14,0.961,14
SRR26789319#6,9N,0.738,9N
SRR26789319#12,9N,0.651,9N
ERR568450#1,19A,0.865,19A
ERR1430903#3,11A,0.364,11A
ERR730219#2,6A,0.426,6A
ERR714188#15,12F,0.33,12F
ERR714188#28,12F,0.337,12F
SRR26714780#4,23B,0.747,23B
SRR26714780#34,23B,0.132,23B
ERR319385#6,6C,0.704,6C
ERR662389#4,15A,0.294,15A
ERR662389#57,15A,0.121,33F
SRR26910689#1,11A,0.355,11E
ERR913195#2,19A,0.142,19B
ERR913195#15,19A,0.573,19A
ERR870031#1,6A,0.352,6A
SRR26878308#6,9V,0.377,9V
SRR26878308#24,9V,0.108,4
SRR26910538#1,8,0.903,8
ERR7567948#4,14,0.804,14
ERR7567948#5,14,0.592,14
ERR1214356#22,5,0.905,5
ERR1214356#23,5,0.53,5
ERR316814#2,19F,0.692,19F
ERR316814#7,19F,0.124,28A
SRR26880152#17,9V,0.805,9V
SRR26880152#43,9V,0.621,9V
SRR26789655#15,22F,0.454,22F
SRR26789655#42,22F,0.625,22F
SRR26834487#1,8,0.875,8
ERR876608#11,14,0.075,10A
ERR876608#12,14,0.769,14
ERR568455#2,14,0.595,14
ERR568455#21,14,0.801,14
SRR26594556#1,35F,0.916,35F
ERR701822#2,14,0.572,14
ERR701822#3,14,0.766,14
ERR1422546#4,19F,0.718,19F
ERR1422546#38,19F,0.203,19F
ERR331457#20,1,0.765,1
ERR331457#57,1,0.3,1
ERR13375077#2,3,0.96,3
ERR14653928#3,4,0.257,4
ERR14653928#6,4,0.599,4
ERR1066226#2,8,0.828,8
SRR26714669#2,6C,0.116,19F
SRR26714669#7,6C,0.629,6C
ERR1065480#4,23A,0.854,23A
ERR1214596#1,23F,0.715,23F
SRR26834127#3,8,0.673,8
SRR26834127#6,8,0.925,8
ERR2091141#1,24F,0.784,24F
ERR568485#1,14,0.082,18C
ERR568485#21,14,0.078,15A
ERR13374836#3,35B,0.26,23B
ERR13374836#28,35B,0.543,35B
ERR2853479#8,19A,0.178,12F
ERR2853479#16,19A,0.795,19A
ERR1453607#2,15F,0.657,15F
ERR774135#1,19A,0.813,19A
SRR26877855#6,20B,0.558,20B
SRR26877855#9,20B,0.449,20B
ERR316623#9,9V,0.244,9V
ERR316623#23,9V,0.367,10A
SRR26878351#3,22F,0.555,22F
SRR26878255#2,22F,0.721,22F
SRR26878255#5,22F,0.621,22F
SRR26931657#1,35B,0.392,35B
ERR570405#2,18A,0.364,18A
ERR570405#15,18A,0.415,18A
SRR26884353#1,12F,0.496,12F
SRR26884353#11,12F,0.481,12F
SRR26879868#1,22F,0.22,22F
SRR26879868#3,22F,0.624,22F
ERR909042#5,16F,0.708,16F
ERR1202245#1,19B,0.654,19B
ERR997568#1,14,0.553,14
ERR997568#5,14,0.755,14
ERR3796948#4,24F,0.769,24F
SRR26910466#3,16F,0.107,28A
SRR26910466#5,16F,0.538,16F
SRR26749223#2,12F,0.502,12F
SRR26749223#9,12F,0.463,12F
ERR1191841#4,7F,0.773,7F
ERR13364821#9,3,0.96,3
ERR3332135#1,7B,0.883,7B
ERR13365921#11,3,0.739,3
ERR3796775#1,24F,0.767,24F
SRR26883926#6,20B,0.47,20B
SRR26883926#19,20B,0.474,20B
ERR516630#1,6A,0.497,6A
SRR26817884#2,33F,0.788,33F
SRR26817884#16,33F,0.114,35C
SRR26910513#1,15B,0.447,15B
SRR26910665#2,8,0.704,8
SRR26910665#8,8,0.925,8
ERR3303358#8,7C,0.602,7C
ERR3303358#15,7C,0.146,23F
ERR3303252#1,33B,0.755,33B
SRR26673607#1,10A,0.772,10A
SRR26673607#20,10A,0.463,10A
SRR26714762#25,23A,0.476,22F
SRR26714762#154,23A,0.085,7C
SRR26910870#1,12F,0.327,12F
SRR26910870#28,12F,0.446,12F
ERR1453802#3,18F,0.121,18F
ERR1453802#5,18F,0.675,18F
ERR505756#9,19A,0.863,19A
ERR505756#27,19A,0.136,29
SRR26879955#1,15A,0.773,15A
ERR13364775#5,11A,0.351,11E
ERR2667564#18,5,0.693,5
ERR2667564#19,5,0.432,5
SRR26880297#2,22F,0.603,22F
SRR26880297#9,22F,0.591,22F
ERR750827#4,18A,0.391,24A
ERR750827#5,18A,0.428,18A
SRR26818107#1,33F,0.431,6D
SRR26818107#5,33F,0.518,37
SRR26931787#1,12F,0.495,12F
SRR26931787#8,12F,0.438,12F
SRR26789427#3,4,0.17,4
SRR26789427#5,4,0.575,4
ERR7567890#16,13,0.912,13
ERR7567890#20,13,0.158,13
ERR13364492#1,9N,0.636,9N
ERR13364492#18,9N,0.127,9V
SRR26884615#1,15C,0.206,35C
SRR26884615#6,15C,0.121,15B
SRR26797738#13,4,0.122,19F
SRR26797738#19,4,0.434,4
ERR742394#2,22F,0.22,22F
ERR742394#9,22F,0.387,22F
ERR3303406#4,23A,0.79,23A
ERR7568015#1,7C,0.429,7C
SRR26834394#2,8,0.724,8
SRR26834394#7,8,0.926,8
ERR2681075#6,6A,0.55,6A
ERR2681075#31,6A,0.11,15A
ERR742376#5,22F,0.377,22F
ERR742376#26,22F,0.625,22F
ERR714564#1,23F,0.508,22F
ERR714564#8,23F,0.611,23F
ERR2853423#1,19A,0.779,19A
SRR26877923#3,8,0.655,8
SRR26877923#5,8,0.926,8
ERR319369#33,6A,0.08,46
ERR319369#129,6A,0.146,22F
SRR26818509#2,15A,0.79,15A
ERR600095#2,3,0.96,3
ERR870261#12,25F,0.349,38
ERR870261#27,25F,0.359,25A
SRR26714267#7,38,0.499,38
SRR26714267#24,38,0.369,25A
ERR633051#12,14,0.77,14
ERR633051#27,14,0.075,10A
ERR13364927#1,18C,0.126,33D
ERR13364927#12,18C,0.513,18B
SRR26817828#1,7C,0.721,7C
SRR26817769#2,3,0.96,3
ERR2089169#1,18C,0.434,18C
SRR26789703#2,22F,0.721,22F
SRR26789703#4,22F,0.621,22F
SRR26833897#3,8,0.724,8
SRR26833897#5,8,0.926,8
ERR862374#6,16F,0.639,16F
ERR862374#14,16F,0.252,9L
ERR600099#7,33F,0.792,33F
ERR600099#15,33F,0.546,33F
SRR26818434#1,3,0.957,3
SRR26878095#1,27,0.9,27
SRR26878095#47,27,0.749,27
ERR316905#3,16F,0.707,16F
ERR662350#6,10A,0.57,10A
ERR662350#27,10A,0.461,10A
ERR568700#1,19A,0.091,20B
ERR568700#8,19A,0.916,19A
SRR26884219#2,3,0.955,3
SRR26879471#2,15B,0.437,15B
SRR26594816#1,15C,0.207,15B
SRR26594816#4,15C,0.139,15C
ERR3270833#2,24F,0.602,24F
SRR26879645#6,33F,0.779,33F
ERR13364395#6,35B,0.537,35B
ERR13364395#8,35B,0.399,35D
ERR876748#13,19F,0.627,19F
ERR876748#54,19F,0.392,19F
ERR2091111#1,1,0.628,1
ERR2091111#7,1,0.849,1
SRR26930498#8,6B,0.344,48
SRR26930498#19,6B,0.325,6A
ERR13374720#4,10B,0.357,10B
ERR13374720#5,10B,0.797,10B
ERR1422363#1,19A,0.9,19A
ERR876718#3,14,0.707,14
ERR876718#27,14,0.899,14
SRR26749914#15,23B,0.502,23B
SRR26749914#60,23B,0.132,23B
ERR2090145#2,19F,0.661,19F
SRR26594761#2,33F,0.152,20A
SRR26594761#3,33F,0.788,33F
SRR26834047#2,8,0.655,8
SRR26834047#6,8,0.926,8
ERR2089656#2,1,0.628,1
ERR2089656#6,1,0.849,1
ERR2668039#6,14,0.716,14
ERR2668039#16,14,0.732,14
ERR1065840#1,23B,0.906,23B
SRR26714581#2,8,0.679,8
SRR26714581#9,8,0.925,8
ERR876647#11,14,0.075,10A
ERR876647#12,14,0.766,14
ERR751132#1,15A,0.759,15A
SRR26878322#2,35F,0.885,35F
ERR3270839#1,16F,0.499,16F
ERR774683#1,1,0.804,1
ERR774683#38,1,0.839,1
ERR751187#8,6B,0.594,6E
ERR913290#2,13,0.2,13
ERR913290#12,13,0.409,13
ERR1191872#4,14,0.988,14
ERR1191872#14,14,0.776,14
ERR3796746#3,24F,0.764,24F
ERR2681331#1,6B,0.599,6E
ERR577979#37,19F,0.845,19F
ERR577979#50,19F,0.099,19F
SRR26673244#3,22F,0.729,22F
SRR26673244#15,22F,0.375,22F
ERR913154#1,6A,0.605,6A
ERR714663#1,1,0.804,1
ERR714663#34,1,0.839,1
ERR425406#3,1,0.692,1
ERR425406#64,1,0.269,1
ERR2089455#1,15A,0.756,15A
ERR876754#3,6B,0.407,6E
SRR26797283#2,33F,0.796,33F
ERR1453633#13,6C,0.189,6D
ERR1453633#18,6C,0.563,6C
ERR600196#1,19A,0.782,19A
SRR26879532#5,22F,0.729,22F
SRR26879532#15,22F,0.375,22F
SRR26880360#3,11,0.112,10A
SRR26880360#18,11,0.353,11A
SRR26749693#10,10A,0.202,37
SRR26749693#59,10A,0.461,10A
ERR13366145#12,6E,0.599,6E
ERR701846#1,1,0.744,1
ERR701846#7,1,0.773,1
SRR26673155#8,15A,0.201,5
SRR26673155#21,15A,0.66,15A
ERR862292#14,12F,0.498,12F
ERR862292#24,12F,0.337,12F
SRR26878677#2,3,0.96,3
ERR1066049#2,18C,0.323,18C
SRR26883937#1,33F,0.685,33F
ERR449161#2,23F,0.774,23F
ERR570477#4,19F,0.496,19F
ERR570477#41,19F,0.099,19F
ERR884581#31,3,0.955,3
SRR26789977#15,12F,0.48,12F
SRR26789977#31,12F,0.337,12F
ERR913282#9,23F,0.58,23F
SRR26818103#1,35F,0.885,35F
ERR876454#1,6A,0.54,6A
ERR13374658#1,35B,0.39,35B
ERR13374658#6,35B,0.324,35D
SRR26749720#2,12F,0.229,12F
SRR26749720#10,12F,0.347,46
SRR26594661#13,9N,0.654,9N
SRR26594661#25,9N,0.49,9N
ERR876468#1,19F,0.173,19F
ERR876468#3,19F,0.713,19F
ERR3796936#1,24F,0.781,24F
SRR26797339#1,8,0.884,8
ERR3669268#4,12F,0.437,12B
SRR26880372#3,15A,0.674,15A
ERR742771#1,19F,0.158,19F
ERR742771#4,19F,0.238,10A
ERR3796939#5,24F,0.557,24A
ERR730587#2,1,0.217,1
ERR730587#5,1,0.843,1
ERR1066371#4,19A,0.865,19A
SRR26878126#1,23B,0.904,23B
SRR26818505#1,38,0.511,38
SRR26818505#3,38,0.359,25A
ERR2091009#1,18C,0.455,18C
SRR26790168#11,19F,0.085,9V
SRR26790168#27,19F,0.742,19F
SRR26834049#7,3,0.739,3
ERR2680857#7,23A,0.834,23A
ERR2680857#22,23A,0.418,9L
SRR26931323#1,3,0.957,3
SRR26884303#16,3,0.955,3
ERR3796004#1,14,0.565,14
ERR3796004#6,14,0.941,14
ERR506067#24,7F,0.212,7F
ERR506067#56,7F,0.475,7F
ERR13364934#10,7F,0.32,7F
ERR13364934#48,7F,0.284,7F
SRR26789518#2,38,0.424,38
SRR26789518#22,38,0.359,25A
ERR925123#1,9V,0.158,34
ERR925123#3,9V,0.709,9V
ERR1453638#2,33F,0.477,33F
ERR750845#1,23F,0.68,23F
ERR714522#6,6B,0.375,6B
ERR714522#27,6B,0.488,6B
SRR26789605#1,6C,0.486,6C
SRR26789605#9,6C,0.116,28F
ERR730305#1,11A,0.602,11A
ERR3303166#1,23F,0.689,23F
ERR633038#1,6A,0.588,6A
ERR2089938#1,16F,0.537,16F
ERR2089938#3,16F,0.187,28F
ERR1422377#3,3,0.96,3
ERR3796757#8,24F,0.781,24F
ERR1106657#2,1,0.474,1
ERR1106657#5,1,0.849,1
ERR2667075#4,3,0.955,3
SRR26834265#1,15A,0.786,15A
ERR633041#16,6A,0.5,6A
ERR633041#43,6A,0.127,33D
ERR742529#1,14,0.706,14
ERR742529#24,14,0.899,14
ERR1430876#4,1,0.233,1
ERR1430876#7,1,0.828,1
SRR26910272#1,12F,0.438,12F
SRR26910272#2,12F,0.494,12F
ERR352003#1,23F,0.683,23F
ERR1214674#11,6B,0.599,6E
ERR1202214#2,6B,0.594,6E
SRR26818046#2,31,0.813,31
ERR13364394#7,14,0.251,21
ERR13364394#12,14,0.77,14
ERR316782#1,19A,0.713,19A
SRR26594828#2,33F,0.801,33F
ERR7568077#3,10A,0.768,10A
ERR7568077#18,10A,0.451,10A
SRR26931139#1,8,0.754,8
ERR2090750#2,12F,0.322,12F
ERR2090750#4,12F,0.434,12F
ERR13365515#7,15A,0.778,15A
ERR13365515#24,15A,0.124,10F
ERR750756#1,7F,0.651,7F
SRR26749563#2,8,0.655,8
SRR26749563#6,8,0.926,8
ERR1106731#1,1,0.502,1
ERR1106731#5,1,0.126,4
ERR632960#2,19A,0.893,19A
SRR26673430#1,11E,0.28,11A
ERR1430918#12,34,0.784,34
ERR7567823#1,35B,0.505,35D
ERR1065755#1,11A,0.504,11A
ERR2680966#9,23F,0.687,23F
ERR3796701#2,24F,0.764,24F
ERR730143#2,19A,0.713,19A
ERR1453521#9,1,0.269,1
ERR1453521#29,1,0.849,1
SRR26594277#1,12F,0.496,12F
SRR26594277#33,12F,0.446,12F
SRR26789551#17,6C,0.578,6C
SRR26883869#1,35F,0.886,35F
ERR2089778#1,1,0.628,1
ERR2089778#7,1,0.806,1
ERR600286#1,6A,0.521,6A
SRR26797839#1,4,0.543,4
ERR600251#14,33F,0.787,33F
ERR600251#58,33F,0.546,33F
ERR632899#3,4,0.396,9V
ERR632899#53,4,0.363,4
ERR505689#1,19F,0.738,19F
ERR505689#32,19F,0.084,19F
ERR909315#1,19A,0.864,19A
ERR1066256#10,12F,0.299,12F
ERR1066256#17,12F,0.33,12F
ERR7567800#5,12F,0.437,12B
ERR13364651#1,19F,0.223,19F
ERR13364651#4,19F,0.709,19F
ERR869912#1,1,0.804,1
ERR869912#36,1,0.839,1
ERR1430863#1,1,0.269,1
ERR1430863#5,1,0.851,1
ERR2667899#14,5,0.702,5
ERR2667899#22,5,0.517,5
ERR742570#23,5,0.962,5
ERR742570#25,5,0.603,5
SRR26883943#4,20B,0.129,4
SRR26883943#8,20B,0.368,20A
ERR2091113#2,33F,0.1,6D
ERR2091113#15,33F,0.661,33F
SRR26789587#3,8,0.655,8
SRR26789587#5,8,0.926,8
SRR26878136#17,19A,0.865,19A
SRR26878136#46,19A,0.135,29
ERR1594532#10,12F,0.42,12F
ERR1594532#21,12F,0.48,12F
SRR26910249#1,8,0.724,8
SRR26910249#4,8,0.928,8
ERR2667999#2,1,0.759,1
ERR2667999#50,1,0.269,1
ERR13374820#6,10A,0.104,15B
ERR13374820#16,10A,0.704,10A
ERR1202439#4,23F,0.646,23F
ERR701839#3,6B,0.488,6B
ERR701839#8,6B,0.343,6B
SRR26884152#2,3,0.96,3
ERR2853506#3,19A,0.868,19A
ERR632924#1,6B,0.488,6B
ERR632924#15,6B,0.379,6B
ERR742515#6,6B,0.599,6E
ERR2667883#9,1,0.759,1
ERR2667883#48,1,0.269,1
ERR586458#4,7F,0.706,7F
ERR586458#56,7F,0.475,7F
ERR979922#7,1,0.834,1
ERR979922#19,1,0.804,1
SRR26833870#2,8,0.702,8
SRR26833870#4,8,0.878,8
SRR26911005#1,19A,0.809,19A
ERR751110#4,6A,0.583,6A
ERR750946#1,23F,0.695,23F
ERR568515#1,1,0.217,1
ERR568515#5,1,0.843,1
SRR26883866#15,33F,0.546,33F
SRR26883866#20,33F,0.718,33F
ERR2667539#5,14,0.984,14
ERR2667539#12,14,0.758,14
ERR714597#1,18C,0.466,18C
ERR714597#2,18C,0.104,6D
ERR979947#2,7B,0.884,7B
ERR1453356#7,16F,0.331,17F
ERR1453356#8,16F,0.628,16F
SRR26834366#21,15B,0.386,15B
SRR26834366#43,15B,0.458,15B
SRR26750032#5,33F,0.803,33F
SRR26750032#14,33F,0.546,33F
SRR26910514#2,8,0.702,8
SRR26910514#7,8,0.872,8
SRR26817915#2,35B,0.527,35D
ERR997546#7,14,0.13,28A
ERR997546#8,14,0.716,14
SRR26878156#1,23B,0.907,23B
ERR1422447#1,23A,0.788,23A
SRR26797638#17,15C,0.397,15C
SRR26797638#52,15C,0.194,10A
ERR2090430#7,5,0.179,5
ERR2090430#25,5,0.166,5
SRR26818387#6,8,0.929,8
SRR26818387#14,8,0.702,8
ERR2680585#1,6B,0.599,6E
SRR26911199#1,9N,0.619,9N
SRR26911199#22,9N,0.479,9N
ERR1202323#3,1,0.269,1
ERR1202323#26,1,0.849,1
ERR730193#1,19F,0.743,19F
ERR730193#12,19F,0.103,19F
ERR884661#1,13,0.402,20A
ERR884661#5,13,0.966,13
ERR774722#2,14,0.592,14
ERR774722#31,14,0.948,14
SRR26594478#1,9N,0.654,9N
SRR26594478#6,9N,0.738,9N
SRR26594817#2,8,0.564,8
SRR26594817#5,8,0.952,8
SRR26879784#4,8,0.713,8
SRR26818297#15,17F,0.797,17F
SRR26818297#46,17F,0.56,17F
ERR2667102#10,14,0.801,14
ERR2667102#23,14,0.464,14
SRR26594637#4,8,0.828,8
ERR2089189#1,40,0.882,40
ERR13366035#9,14,0.642,14
ERR13366035#23,14,0.27,25A
ERR433821#5,1,0.834,1
ERR433821#34,1,0.261,1
SRR26834274#16,6C,0.435,6D
ERR311076#4,23F,0.173,38
ERR311076#13,23F,0.656,23F
ERR2089985#9,7C,0.456,7C
ERR2089985#14,7C,0.478,7C
SRR26879483#3,9N,0.744,9N
SRR26879483#4,9N,0.654,9N
ERR600569#1,18C,0.104,6D
ERR600569#18,18C,0.53,18B
ERR2089615#2,14,0.727,14
ERR2089615#7,14,0.287,10A
ERR773966#4,6A,0.419,6A
ERR1756413#2,19F,0.687,19F
ERR774702#1,13,0.92,13
ERR600525#15,19F,0.672,19F
ERR600525#31,19F,0.254,19F
SRR26789307#2,31,0.814,31
ERR3303455#3,19A,0.9,19A
SRR26749928#15,9V,0.803,9V
SRR26749928#44,9V,0.352,9V
ERR1191983#24,5,0.235,5
ERR1191983#25,5,0.53,5
SRR26749931#5,3,0.955,3
SRR26910970#1,11A,0.357,11E
SRR26910537#1,15A,0.79,15A
ERR2680705#27,6B,0.261,6B
ERR9796469#2,11A,0.494,11A
ERR1066179#1,19A,0.865,19A
ERR774192#1,8,0.901,8
SRR26789506#3,10A,0.662,10A
SRR26789506#29,10A,0.174,10A
SRR26877924#4,10A,0.778,10A
SRR26877924#15,10A,0.505,10A
ERR2089427#1,11A,0.379,11A
ERR714364#5,6B,0.597,6E
ERR632923#13,14,0.578,14
ERR632923#25,14,0.944,14
SRR26750146#2,15A,0.2,35C
SRR26750146#18,15A,0.577,15A
ERR714596#8,4,0.838,4
ERR714596#57,4,0.407,4
ERR351998#3,6A,0.49,6A
SRR26834522#7,19A,0.136,29
SRR26834522#15,19A,0.861,19A
SRR26594666#5,3,0.955,3
SRR26673449#8,8,0.928,8
SRR26673449#14,8,0.655,8
SRR26789260#14,12F,0.333,12F
SRR26789260#26,12F,0.312,12F
ERR1106729#5,12F,0.435,12B
SRR26594986#1,35B,0.388,35B
SRR26594986#5,35B,0.545,35B
SRR26749553#7,8,0.925,8
SRR26749553#15,8,0.704,8
ERR1422337#1,1,0.774,1
ERR1422337#64,1,0.253,1
SRR26789948#13,12F,0.33,12F
SRR26789948#28,12F,0.337,12F
ERR1065668#12,19A,0.865,19A
ERR2680964#2,23F,0.682,23F
ERR714641#12,6A,0.61,6A
ERR714641#29,6A,0.078,10A
SRR26750124#19,19A,0.892,19A
ERR1065999#2,34,0.155,33D
ERR1065999#22,34,0.848,34
SRR26877770#2,22F,0.591,22F
SRR26877770#5,22F,0.613,22F
ERR774061#1,8,0.841,8
SRR26930282#1,12F,0.502,12F
SRR26930282#8,12F,0.438,12F
ERR862379#7,21,0.09,33D
ERR862379#30,21,0.529,21
SRR26879472#1,10A,0.656,10A
SRR26879472#28,10A,0.167,10A
ERR1422652#1,19A,0.805,19A
ERR1066071#2,6B,0.421,6B
ERR1066071#14,6B,0.488,6B
ERR2667975#3,6B,0.407,6E
SRR26883985#3,22F,0.721,22F
SRR26883985#5,22F,0.47,22F
SRR26879974#2,8,0.755,8
ERR1288980#2,2,0.89,2
ERR1788391#3,8,0.55,8
ERR1788391#17,8,0.937,8
SRR26594574#4,16F,0.085,6D
SRR26594574#6,16F,0.534,16F
SRR26714333#15,33F,0.239,33F
SRR26714333#16,33F,0.776,33F
ERR1066302#1,8,0.828,8
ERR1288822#3,11A,0.29,11A
ERR1288822#15,11A,0.606,11A
SRR26818326#1,6C,0.495,6C
SRR26931488#1,8,0.754,8
ERR862512#4,23F,0.54,23F
ERR2089461#1,23A,0.851,23A
ERR980208#4,23A,0.521,23A
SRR26883928#2,8,0.899,8
ERR433541#2,23F,0.534,23F
ERR1422374#12,12F,0.299,12F
ERR1422374#17,12F,0.498,12F
ERR3796891#4,24F,0.78,24F
ERR730511#2,1,0.804,1
ERR730511#3,1,0.71,1
SRR26595105#6,8,0.926,8
SRR26595105#13,8,0.655,8
ERR13365217#1,18C,0.077,15F
ERR13365217#13,18C,0.516,18B
SRR26884258#4,19A,0.808,19A
SRR26884258#21,19A,0.594,14
ERR1065976#7,38,0.424,38
ERR1065976#25,38,0.712,38
SRR26931727#23,15A,0.206,15A
SRR26931727#24,15A,0.294,15A
ERR2090072#1,18C,0.439,18C
ERR2090403#3,38,0.375,25A
ERR2090403#16,38,0.487,25A
SRR26797170#2,12F,0.496,12F
SRR26797170#5,12F,0.481,12F
ERR1453467#2,35A,0.771,35A
SRR26750006#1,12F,0.494,12F
SRR26750006#4,12F,0.472,12F
ERR997655#2,16F,0.467,16F
ERR997655#18,16F,0.417,16F
SRR26833818#2,22F,0.417,22F
SRR26833818#16,22F,0.454,22F
SRR26818076#2,22F,0.721,22F
SRR26818076#9,22F,0.454,22F
SRR26883833#2,22F,0.569,22F
SRR26883833#5,22F,0.583,22F
ERR870230#21,5,0.708,5
ERR870230#24,5,0.538,5
ERR884568#14,23B,0.136,3
ERR884568#21,23B,0.24,23F
SRR26789786#2,8,0.567,48
SRR26789786#22,8,0.929,8
ERR3899209#1,6B,0.595,6E
SRR26714447#6,12F,0.438,12F
SRR26714447#23,12F,0.312,12F
SRR26818263#1,8,0.899,8
ERR3796827#6,24F,0.777,24F
ERR2089369#12,7F,0.425,7F
ERR2089369#48,7F,0.513,7F
ERR1453573#5,4,0.425,4
ERR1453573#9,4,0.25,4
ERR1065872#8,23F,0.391,23F
ERR1065872#12,23F,0.287,10B
ERR425393#4,9V,0.377,9V
ERR425393#25,9V,0.109,28F
ERR490706#5,14,0.573,14
ERR490706#25,14,0.944,14
ERR1453690#2,15A,0.764,15A
ERR742706#4,6A,0.583,6A
SRR26930687#5,3,0.955,3
ERR730350#2,6A,0.237,9L
ERR730350#14,6A,0.536,6A
ERR2667237#2,14,0.833,14
ERR2667237#18,14,0.62,14
ERR13365219#2,19F,0.743,19F
ERR13365219#11,19F,0.103,48
ERR340835#2,18C,0.108,15F
ERR340835#12,18C,0.466,18C
ERR742408#3,38,0.442,38
ERR742408#21,38,0.765,38
SRR26910435#2,8,0.724,8
SRR26910435#7,8,0.925,8
ERR2089160#5,5,0.235,5
ERR2089160#25,5,0.53,5
ERR3796761#3,24F,0.755,24F
ERR3303322#3,1,0.328,1
ERR3303322#8,1,0.865,1
SRR26834333#2,8,0.678,8
SRR26834333#4,8,0.925,8
ERR2680698#1,6A,0.557,6A
ERR2680698#30,6A,0.165,15A
SRR26931126#6,8,0.926,8
SRR26931126#13,8,0.655,8
SRR26931725#1,7C,0.71,7C
SRR26931725#11,7C,0.231,7C
ERR13364608#9,14,0.134,10B
ERR13364608#10,14,0.781,14
ERR632996#3,9V,0.252,9V
ERR632996#25,9V,0.29,9V
SRR26911023#8,8,0.925,8
SRR26911023#15,8,0.673,8
ERR730172#11,34,0.346,34
ERR730172#12,34,0.784,34
ERR596408#4,22F,0.454,22F
ERR596408#37,22F,0.625,22F
ERR1453381#2,35B,0.39,35B
ERR1453381#5,35B,0.526,35B
SRR26714711#3,8,0.704,8
SRR26714711#7,8,0.925,8
ERR1191945#33,10A,0.609,10A
ERR1191945#37,10A,0.164,10A
SRR26594683#9,12F,0.438,12F
SRR26594683#19,12F,0.494,12F
SRR26931453#2,6C,0.491,6C
SRR26673002#9,7F,0.526,7F
SRR26673002#55,7F,0.475,7F
SRR26673010#8,20B,0.431,20B
SRR26673010#35,20B,0.105,34
ERR568535#2,1,0.777,1
ERR568535#5,1,0.773,1
ERR2089321#1,21,0.585,21
ERR2089321#15,21,0.414,21
ERR2089208#3,19A,0.732,19A
ERR2089208#28,19A,0.554,33D
ERR2680839#7,6A,0.493,6A
ERR1453680#1,23A,0.783,23A
SRR26833549#1,31,0.809,31
SRR26594813#16,23B,0.611,23B
SRR26594813#20,23B,0.546,23B
SRR26930744#5,8,0.926,8
SRR26930744#13,8,0.724,8
SRR26834030#4,10B,0.221,10B
SRR26834030#12,10B,0.796,10B
ERR884443#2,6B,0.625,6E
ERR516691#1,13,0.898,13
ERR714106#1,1,0.719,1
ERR714106#4,1,0.834,1
SRR26797325#2,8,0.724,8
SRR26797325#4,8,0.926,8
ERR2680878#1,19A,0.808,19A
SRR26834455#4,8,0.673,8
SRR26834455#7,8,0.873,8
ERR13365661#11,14,0.255,14
ERR13365661#13,14,0.857,14
SRR26877990#6,8,0.926,8
SRR26877990#15,8,0.655,8
SRR26789501#2,8,0.724,8
SRR26789501#5,8,0.926,8
ERR3303206#4,10A,0.609,10A
ERR3303206#5,10A,0.128,23B
SRR26834106#2,23A,0.852,23A
ERR1453619#8,6B,0.599,6E
SRR26594223#3,22F,0.22,22F
SRR26594223#13,22F,0.454,22F
SRR26817712#7,22F,0.454,22F
SRR26817712#18,22F,0.625,22F
ERR2090735#6,15A,0.755,15A
SRR26878634#13,23A,0.853,23A
ERR2090693#1,1,0.774,1
ERR2090693#55,1,0.253,1
SRR26797537#2,8,0.724,8
SRR26797537#4,8,0.926,8
ERR2091107#5,9V,0.772,9V
ERR2091107#41,9V,0.362,9V
ERR662406#82,3,0.96,3
ERR13375139#2,11A,0.353,11E
ERR586402#2,35B,0.513,35B
ERR586402#21,35B,0.383,35D
SRR26910844#2,9L,0.449,9L
ERR742382#1,33F,0.546,33F
ERR742382#17,33F,0.787,33F
ERR884539#10,6B,0.595,6E
SRR26817853#1,12F,0.332,12F
SRR26817853#9,12F,0.463,12F
SRR26878239#1,15A,0.454,22F
SRR26878239#26,15A,0.158,11C
ERR13366107#7,14,0.235,28A
ERR13366107#13,14,0.722,14
ERR730206#1,11A,0.604,11A
ERR2089956#1,19F,0.548,19F
ERR13365607#4,12F,0.409,46
ERR13365607#6,12F,0.4,21
ERR730203#1,19A,0.864,19A
SRR26594837#3,8,0.655,8
SRR26594837#5,8,0.929,8
ERR984246#1,48,0.383,48
ERR984246#15,48,0.231,48
ERR862454#1,22F,0.575,22F
ERR751124#3,19A,0.864,19A
SRR26880022#5,3,0.955,3
SRR26910428#8,10A,0.174,10A
SRR26910428#16,10A,0.495,10A
ERR730767#1,3,0.96,3
ERR600092#16,15A,0.753,15A
ERR600092#26,15A,0.294,15A
ERR13366100#1,23A,0.854,23A
ERR505797#1,23B,0.761,23B
ERR505797#44,23B,0.124,23B
ERR9796511#1,15A,0.575,15A
SRR26931081#4,16F,0.07,16F
SRR26931081#13,16F,0.112,45
ERR13365063#1,19A,0.808,19A
ERR13365920#1,9N,0.61,9N
SRR26749774#13,15A,0.334,15C
SRR26749774#20,15A,0.404,19A
SRR26594294#16,19F,0.761,19F
SRR26594294#55,19F,0.318,19F
SRR26749956#5,3,0.955,3
SRR26817746#1,19F,0.392,19F
SRR26817746#8,19F,0.082,9V
SRR26594168#3,22F,0.22,22F
SRR26594168#13,22F,0.454,22F
SRR26833605#6,8,0.922,8
SRR26833605#14,8,0.724,8
ERR2667771#1,19A,0.865,19A
ERR316898#6,5,0.89,5
ERR316898#19,5,0.222,5
ERR433605#11,7F,0.526,7F
ERR433605#53,7F,0.475,7F
ERR1202484#1,23F,0.679,23F
ERR773834#3,20A,0.519,20A
ERR2090435#21,1,0.774,1
ERR2090435#47,1,0.249,1
ERR3303420#3,7F,0.782,7F
SRR26595101#2,22F,0.729,22F
SRR26595101#15,22F,0.351,22F
ERR2667798#2,14,0.721,14
ERR2667798#28,14,0.176,20A
SRR26714745#1,46,0.072,33B
SRR26714745#5,46,0.244,46
ERR2681285#8,23F,0.687,23F
ERR600492#3,19F,0.551,19F
ERR600492#6,19F,0.158,19F
ERR1422663#3,14,0.773,14
ERR1422663#24,14,0.164,48
ERR870062#20,5,0.89,5
ERR870062#22,5,0.603,5
SRR26817926#1,19A,0.858,19A
SRR26817926#13,19A,0.099,6D
SRR26672748#18,35F,0.909,35F
SRR26879622#1,33F,0.558,33F
SRR26879622#5,33F,0.789,33F
ERR1214689#7,6B,0.599,6E
ERR1788542#5,14,0.988,14
ERR1788542#17,14,0.782,14
ERR774050#1,8,0.901,8
SRR26714752#4,3,0.955,3
SRR26910380#1,19F,0.149,13
SRR26910380#14,19F,0.551,19F
SRR26595043#9,12F,0.472,12F
SRR26595043#17,12F,0.494,12F
ERR13365702#1,9N,0.61,9N
ERR2089536#3,4,0.115,19F
ERR2089536#22,4,0.351,4
SRR26879785#1,23B,0.909,23B
ERR13365417#4,9N,0.601,9N
ERR5262746#1,4,0.197,4
ERR5262746#4,4,0.297,4
SRR26930625#2,8,0.899,8
ERR2681004#4,35F,0.871,35F
SRR26833816#2,8,0.884,8
ERR909122#6,6A,0.576,6A
ERR909122#48,6A,0.105,4
ERR316858#6,9V,0.709,9V
ERR316858#46,9V,0.209,33D
ERR730949#3,6A,0.572,6A
ERR980166#10,6B,0.488,6B
ERR980166#23,6B,0.246,6D
SRR26878576#2,19F,0.168,13
SRR26878576#12,19F,0.466,19F
ERR1594516#5,12F,0.321,21
ERR1594516#10,12F,0.332,12F
ERR750829#10,5,0.831,5
ERR750829#19,5,0.444,5
ERR570383#2,14,0.33,37
ERR570383#20,14,0.944,14
ERR701852#1,3,0.953,3
ERR1422417#7,5,0.905,5
ERR1422417#25,5,0.53,5
ERR632879#16,38,0.52,25A
ERR632879#18,38,0.359,25A
ERR980258#5,6B,0.472,6A
SRR26789363#1,19A,0.803,19A
ERR568628#3,3,0.96,3
SRR26931899#4,8,0.702,8
SRR26931899#6,8,0.929,8
ERR925333#3,6A,0.093,10F
ERR925333#12,6A,0.623,6A
SRR26594842#2,15B,0.44,15B
ERR925336#6,21,0.619,21
ERR925336#25,21,0.529,21
SRR26595044#1,9N,0.607,9N
SRR26817983#1,23B,0.909,23B
ERR2667461#2,9V,0.683,9V
ERR1202239#5,16F,0.138,10A
ERR1202239#13,16F,0.748,16F
ERR13365854#2,10A,0.518,10A
ERR13365854#27,10A,0.493,10A
ERR1799744#1,6A,0.424,6A
SRR26834018#2,22F,0.721,22F
SRR26834018#13,22F,0.529,22F
SRR26910295#3,12F,0.446,12F
SRR26910295#23,12F,0.181,12B
ERR774161#1,10F,0.28,19A
ERR774161#3,10F,0.568,10F
ERR913156#4,19A,0.393,19A
ERR1202590#1,19A,0.554,19A
ERR730787#7,6B,0.335,6B
ERR730787#36,6B,0.127,33D
ERR13364518#6,19A,0.192,7F
ERR13364518#16,19A,0.794,19A
ERR13365044#12,7F,0.354,7F
ERR13365044#48,7F,0.353,7F
ERR568614#1,18C,0.104,6D
ERR568614#15,18C,0.469,18C
SRR26749312#3,22F,0.618,22F
SRR26749312#27,22F,0.261,22F
SRR26834213#20,12F,0.323,12F
SRR26834213#32,12F,0.472,12F
ERR1065369#16,23F,0.692,23F
ERR1065369#22,23F,0.185,10B
SRR26910555#1,7C,0.618,7C
SRR26910555#6,7C,0.792,7C
ERR3796672#2,24F,0.765,24F
ERR730469#1,19F,0.094,16F
ERR730469#3,19F,0.638,19F
SRR26789237#3,8,0.724,8
SRR26789237#7,8,0.878,8
ERR2089251#1,23F,0.58,23F
SRR26879906#1,12F,0.314,12F
SRR26879906#6,12F,0.422,12F
ERR2091108#1,6B,0.409,6E
SRR26877962#5,3,0.955,3
SRR26878094#6,19F,0.692,19F
SRR26714927#5,22F,0.623,22F
SRR26714927#28,22F,0.625,22F
ERR3655122#2,19A,0.81,19A
ERR3655122#7,19A,0.147,12F
ERR730169#3,16F,0.418,16F
ERR730169#6,16F,0.417,16F
ERR505651#1,19F,0.738,19F
ERR505651#9,19F,0.103,19F
ERR1756415#3,19F,0.654,19F
SRR26884581#1,10A,0.772,10A
SRR26884581#5,10A,0.461,10A
ERR505912#4,6A,0.583,6A
SRR26833961#2,22F,0.729,22F
SRR26833961#4,22F,0.375,22F
ERR8481660#2,15A,0.764,15A
SRR26594684#1,23B,0.745,23B
SRR26594684#29,23B,0.099,28A
ERR2091170#1,10A,0.636,10A
ERR2091170#19,10A,0.532,10A
SRR26749208#1,16F,0.232,4
SRR26749208#3,16F,0.635,16F
SRR26714631#7,15B,0.109,15C
SRR26714631#8,15B,0.352,15B
SRR26878403#1,12F,0.502,12F
SRR26878403#9,12F,0.463,12F
ERR13365908#4,3,0.96,3
SRR26797658#1,23B,0.908,23B
SRR26750001#7,3,0.955,3
ERR2667132#2,3,0.955,3
ERR2667448#1,6A,0.562,6A
ERR2667448#24,6A,0.077,15A
SRR26789898#3,10A,0.671,10A
SRR26789898#28,10A,0.174,10A
ERR3796637#1,24F,0.781,24F
SRR26878439#6,8,0.929,8
SRR26878439#14,8,0.655,8
ERR13366078#7,15B,0.439,15B
ERR326541#94,9V,0.305,9V
ERR326541#134,9V,0.076,28F
SRR26930204#2,22F,0.729,22F
SRR26930204#3,22F,0.621,22F
ERR600449#1,19F,0.384,19F
ERR751151#15,6B,0.478,6B
ERR751151#17,6B,0.378,6B
ERR13366011#2,10A,0.774,10A
ERR13366011#22,10A,0.465,10A
SRR26910385#1,3,0.96,3
ERR1066077#1,19A,0.865,19A
ERR742402#12,7F,0.29,7F
ERR742402#51,7F,0.475,7F
SRR26594735#1,12F,0.328,12F
SRR26594735#7,12F,0.438,12F
SRR26817768#1,10A,0.772,10A
SRR26817768#4,10A,0.461,10A
ERR2667484#1,6A,0.572,6A
ERR2667484#25,6A,0.077,15A
SRR26594814#7,8,0.872,8
SRR26594814#13,8,0.702,8
SRR26818095#2,8,0.723,8
SRR26818095#4,8,0.926,8
ERR3723883#1,14,0.592,14
ERR3723883#6,14,0.804,14
ERR751128#5,6A,0.59,6A
ERR750901#3,29,0.887,29
ERR750901#21,29,0.104,48
ERR714714#27,25F,0.532,25F
ERR714714#28,25F,0.719,25F
SRR26834286#2,8,0.679,8
SRR26834286#7,8,0.931,8
ERR997589#1,19A,0.864,19A
ERR774612#1,13,0.895,13
ERR1453412#2,35B,0.523,35D
SRR26818059#2,31,0.325,31
SRR26818059#20,31,0.624,31
ERR433597#4,14,0.701,14
ERR433597#27,14,0.899,14
SRR26910236#4,15B,0.361,15B
SRR26910236#28,15B,0.206,35C
SRR26834116#4,8,0.899,8
ERR1065141#9,4,0.863,4
ERR1065141#41,4,0.382,4
ERR884622#18,19A,0.206,23F
ERR884622#112,19A,0.111,20B
ERR433855#1,1,0.217,1
ERR433855#4,1,0.146,4
ERR870297#22,3,0.951,3
SRR26817894#8,35F,0.36,35F
SRR26817894#20,35F,0.948,35F
SRR26818151#2,38,0.499,38
SRR26818151#25,38,0.369,25A
SRR26880438#3,22F,0.729,22F
SRR26880438#5,22F,0.614,22F
ERR1795475#5,14,0.988,14
ERR1795475#18,14,0.759,14
ERR340833#21,9V,0.271,9V
ERR340833#43,9V,0.328,9V
ERR884350#6,23F,0.716,23F
ERR1422442#2,19F,0.098,5
ERR1422442#10,19F,0.106,15C
ERR925349#17,37,0.77,37
ERR925349#32,37,0.646,37
ERR2090022#1,16F,0.544,16F
ERR2090022#5,16F,0.187,28F
ERR14653932#2,3,0.955,3
ERR2090006#5,6B,0.596,6E
ERR730311#3,6A,0.426,6A
SRR26594164#8,33F,0.733,33F
SRR26594164#15,33F,0.511,33F
SRR26880420#2,3,0.96,3
ERR730683#1,19A,0.865,19A
SRR26818349#1,15A,0.667,15A
ERR1066289#1,35B,0.399,35D
ERR1066289#4,35B,0.472,35B
SRR26673719#34,16F,0.084,9V
SRR26673719#38,16F,0.199,4
ERR8481549#2,34,0.784,34
ERR568481#4,1,0.791,1
ERR568481#5,1,0.773,1
ERR506023#2,19A,0.145,29
ERR506023#16,19A,0.864,19A
ERR980010#1,39,0.94,39
ERR2667756#1,19A,0.865,19A
ERR714203#22,5,0.893,5
ERR714203#25,5,0.689,5
ERR1065387#1,11A,0.504,11A
ERR2667805#9,14,0.984,14
ERR2667805#13,14,0.513,14
ERR3796938#3,24F,0.78,24F
SRR26879506#2,8,0.673,8
SRR26879506#7,8,0.952,8
ERR3669261#2,4,0.557,4
SRR26879498#2,8,0.655,8
SRR26879498#5,8,0.926,8
ERR1066117#1,19A,0.865,19A
SRR26594547#2,8,0.704,8
SRR26594547#5,8,0.933,8
ERR2090543#1,1,0.628,1
ERR2090543#4,1,0.806,1
ERR13375026#2,23B,0.245,17F
ERR13375026#26,23B,0.41,19A
ERR1214446#3,28A,0.261,28A
ERR1214446#4,28A,0.517,28A
ERR3303347#2,17F,0.439,17F
ERR662449#11,7C,0.603,7C
ERR662449#41,7C,0.337,5
ERR884682#18,19A,0.868,19A
SRR26789763#2,12F,0.502,12F
SRR26789763#9,12F,0.481,12F
ERR2091020#25,1,0.774,1
ERR2091020#46,1,0.28,1
SRR26880186#4,3,0.955,3
ERR505544#6,9N,0.654,9N
ERR505544#7,9N,0.738,9N
SRR26715007#5,3,0.955,3
ERR884299#13,7F,0.526,7F
ERR884299#53,7F,0.475,7F
ERR730635#19,12F,0.337,12F
ERR730635#37,12F,0.115,21
ERR845766#8,14,0.075,10A
ERR845766#10,14,0.785,14
ERR13364876#4,21,0.235,5
ERR13364876#7,21,0.754,21
ERR13365523#6,3,0.965,3
ERR742709#1,14,0.732,14
ERR742709#22,14,0.942,14
ERR633092#1,23B,0.907,23B
ERR908859#4,20A,0.475,20A
ERR13364522#8,14,0.631,14
ERR13364522#26,14,0.96,14
SRR26594773#1,12F,0.494,12F
SRR26594773#7,12F,0.438,12F
ERR3899502#2,1,0.788,1
ERR3899502#7,1,0.787,1
SRR26884207#1,19A,0.872,19A
SRR26910708#3,12F,0.235,12F
SRR26910708#9,12F,0.334,12F
ERR1788053#2,14,0.766,14
ERR1788053#22,14,0.982,14
ERR980079#1,23F,0.689,23F
ERR1065751#2,16F,0.534,16F
ERR1065751#7,16F,0.627,16F
SRR26910610#2,8,0.655,8
SRR26910610#5,8,0.927,8
ERR3303158#6,1,0.858,1
ERR3303158#19,1,0.328,1
SRR26834301#4,3,0.955,3
ERR2090648#2,22F,0.728,22F
ERR2090648#4,22F,0.624,22F
SRR26884480#22,15A,0.208,5
SRR26884480#28,15A,0.326,19A
ERR2089392#7,12F,0.09,27
ERR2089392#13,12F,0.101,6C
SRR26790167#3,15B,0.418,15B
SRR26790167#47,15B,0.206,35C
ERR876690#1,23F,0.772,23F
SRR26880165#1,18C,0.442,18C
SRR26834024#2,1,0.252,1
SRR26834024#10,1,0.833,1
ERR662415#8,7F,0.212,7F
ERR662415#67,7F,0.475,7F
SRR26880110#2,15C,0.171,10B
SRR26880110#4,15C,0.436,15C
ERR3796837#4,24F,0.782,24F
ERR884472#1,19A,0.809,19A
SRR26878568#5,8,0.902,8
SRR26910338#14,31,0.783,31
SRR26910338#25,31,0.151,31
SRR26714489#1,22F,0.591,22F
SRR26714489#2,22F,0.813,22F
SRR26594910#1,23A,0.856,23A
ERR2090016#2,15A,0.644,15A
ERR909085#5,6A,0.5,6A
ERR909085#6,6A,0.169,6A
SRR26877983#1,35F,0.913,35F
ERR13365878#2,17F,0.454,17F
ERR2667521#18,1,0.744,1
ERR2667521#37,1,0.342,1
ERR925270#5,23A,0.855,23A
ERR316659#3,9L,0.493,9L
ERR316659#30,9L,0.172,6D
ERR600241#4,7F,0.704,7F
ERR600241#55,7F,0.475,7F
SRR26594520#17,17F,0.796,17F
SRR26594520#21,17F,0.562,17F
ERR736907#4,14,0.943,14
ERR736907#33,14,0.065,33B
SRR26594933#1,3,0.955,3
SRR26789383#2,9N,0.633,9N
ERR433551#2,23F,0.76,23F
SRR26594210#3,11A,0.355,11E
SRR26673702#19,23A,0.754,23A
SRR26673702#24,23A,0.868,9V
ERR1192034#3,19F,0.175,28A
ERR1192034#6,19F,0.678,19F
SRR26673080#7,10A,0.166,10A
SRR26673080#24,10A,0.461,10A
SRR26834006#7,3,0.96,3
ERR884390#1,6B,0.625,6E
ERR3899358#3,22F,0.513,22F
ERR2680960#4,6A,0.478,6A
ERR600368#3,9V,0.442,9V
SRR26930250#1,3,0.96,3
ERR1066324#2,6A,0.515,6A
ERR2089680#1,1,0.628,1
ERR2089680#5,1,0.849,1
ERR774202#1,35D,0.399,35D
ERR774202#2,35D,0.567,35B
SRR26797779#11,19A,0.852,19A
SRR26797779#28,19A,0.136,29
ERR714171#13,34,0.346,34
ERR714171#14,34,0.782,34
SRR26714913#1,6C,0.403,6C
ERR2612059#1,35B,0.388,35B
ERR2612059#6,35B,0.691,35B
SRR26880168#2,8,0.724,8
SRR26880168#7,8,0.925,8
ERR632950#2,19F,0.351,19F
ERR632950#28,19F,0.727,19F
SRR26749586#1,3,0.96,3
SRR26878103#5,20B,0.46,20B
SRR26878103#23,20B,0.17,20B
SRR26818540#3,16F,0.111,28A
SRR26818540#10,16F,0.232,4
ERR925179#1,19F,0.158,19F
ERR925179#2,19F,0.686,19F
ERR600328#9,14,0.772,14
ERR600328#34,14,0.075,10A
SRR26833965#1,9N,0.649,9N
SRR26833965#28,9N,0.743,9N
ERR980126#1,23F,0.066,18F
ERR980126#3,23F,0.694,23F
SRR26879805#18,15A,0.672,15A
SRR26931891#1,9N,0.654,9N
SRR26931891#5,9N,0.744,9N
ERR701784#24,38,0.53,38
ERR701784#26,38,0.748,38
ERR467045#2,1,0.217,1
ERR467045#5,1,0.848,1
ERR1453564#1,19F,0.394,21
ERR1453564#4,19F,0.3,48
ERR2668149#1,6B,0.511,6A
SRR26749873#1,19A,0.858,19A
ERR751073#6,5,0.201,5
ERR751073#25,5,0.611,5
ERR1192027#4,34,0.784,34
ERR2091286#2,12F,0.323,12F
ERR2091286#4,12F,0.451,12F
SRR26673043#2,12F,0.323,12F
SRR26673043#26,12F,0.472,12F
ERR433508#23,16F,0.951,45
ERR433508#63,16F,0.232,4
ERR913476#12,8,0.596,8
ERR913476#21,8,0.929,8
SRR26790184#1,12F,0.496,12F
SRR26790184#9,12F,0.481,12F
SRR26672796#1,12F,0.334,12F
SRR26672796#9,12F,0.463,12F
ERR3796626#2,24F,0.769,24F
SRR26883914#1,10A,0.772,10A
SRR26883914#21,10A,0.461,10A
ERR751169#1,19A,0.807,19A
SRR26884667#5,16F,0.111,28A
SRR26884667#10,16F,0.232,4
ERR3796791#9,24F,0.777,24F
SRR26790104#2,8,0.884,8
SRR26884059#2,8,0.655,8
SRR26884059#4,8,0.926,8
ERR13364945#1,6B,0.493,6A
SRR26818008#1,8,0.899,8
SRR26880362#1,12F,0.328,12F
SRR26880362#8,12F,0.438,12F
SRR26880171#2,12F,0.218,21
SRR26880171#7,12F,0.332,46
ERR600515#10,13,0.335,13
ERR600515#46,13,0.125,13
ERR2681101#11,6A,0.554,6A
ERR2681101#33,6A,0.11,15A
SRR26594354#1,10A,0.631,10A
SRR26594354#29,10A,0.463,10A
ERR13366225#11,14,0.973,14
ERR13366225#13,14,0.773,14
ERR1066304#2,1,0.233,1
ERR1066304#7,1,0.848,1
ERR1202302#5,10B,0.584,10B
SRR26714737#2,8,0.679,8
SRR26714737#5,8,0.929,8
SRR26594719#1,9N,0.657,9N
SRR26594719#23,9N,0.12,9V
SRR26715034#1,22F,0.618,22F
SRR26715034#15,22F,0.454,22F
SRR26594401#1,12F,0.494,12F
SRR26594401#8,12F,0.472,12F
SRR26797041#1,3,0.96,3
SRR26834432#7,8,0.929,8
SRR26834432#16,8,0.655,8
ERR2090059#10,12F,0.299,12F
ERR2090059#15,12F,0.33,12F
ERR984280#1,11A,0.364,11A
SRR26749818#1,15B,0.391,15B
SRR26749818#6,15B,0.357,15B
ERR3270719#1,6A,0.568,6A
ERR331163#14,6C,0.696,6C
ERR331163#48,6C,0.296,6C
ERR2680991#1,6A,0.567,6A
ERR2680991#25,6A,0.11,15A
ERR2091044#3,5,0.364,5
ERR2091044#22,5,0.199,5
ERR449260#25,1,0.758,1
ERR449260#64,1,0.269,1
SRR26749319#2,10A,0.772,10A
SRR26749319#24,10A,0.461,10A
ERR13365879#3,3,0.96,3
ERR2667817#6,7F,0.731,7F
SRR26749352#1,15C,0.458,15C
ERR900700#2,12F,0.116,33F
ERR900700#3,12F,0.289,21
ERR1065503#2,16F,0.706,16F
SRR26797231#11,9N,0.654,9N
SRR26797231#26,9N,0.738,9N
ERR3669296#7,6C,0.308,6D
ERR774173#9,23F,0.162,10B
ERR774173#17,23F,0.712,23F
SRR26818129#1,8,0.884,8
SRR26594739#2,9N,0.598,9N
SRR26594739#11,9N,0.391,11C
SRR26930975#18,33F,0.408,33F
SRR26930975#20,33F,0.8,33F
SRR26930241#2,8,0.704,8
SRR26930241#7,8,0.925,8
ERR7567861#3,1,0.28,1
ERR7567861#6,1,0.803,1
ERR2089713#1,18B,0.322,18B
ERR774368#1,16F,0.71,16F
SRR26714601#1,12F,0.332,12F
SRR26714601#11,12F,0.481,12F
SRR26797058#2,22F,0.721,22F
SRR26797058#16,22F,0.454,22F
SRR26930999#3,8,0.655,8
SRR26930999#5,8,0.926,8
ERR1430803#2,19A,0.713,19A
SRR26714383#2,8,0.884,8
ERR1202611#1,14,0.732,14
ERR1202611#3,14,0.227,10A
SRR26594309#3,3,0.96,3
ERR714360#11,46,0.19,46
ERR714360#12,46,0.078,7F
SRR26834484#7,8,0.873,8
SRR26834484#15,8,0.673,8
ERR13365012#1,9N,0.61,9N
ERR13365600#8,4,0.307,9V
ERR13365600#9,4,0.121,27
SRR26931849#4,8,0.679,8
SRR26931849#7,8,0.925,8
SRR26884218#8,8,0.926,8
SRR26884218#16,8,0.655,8
ERR997499#37,10A,0.142,10A
ERR997499#51,10A,0.55,10A
SRR26749467#6,7C,0.187,1
SRR26749467#25,7C,0.606,7C
ERR13364463#11,10A,0.633,10A
ERR13364463#27,10A,0.499,10A
SRR26931675#2,8,0.655,8
SRR26931675#5,8,0.926,8
ERR909102#2,7C,0.492,7C
ERR909102#32,7C,0.175,7C
SRR26930850#1,8,0.884,8
ERR1065146#1,11A,0.497,11A
SRR26789985#1,23A,0.852,23A
SRR26789932#15,23A,0.779,23A
SRR26789932#21,23A,0.357,23A
SRR26673078#1,35F,0.885,35F
ERR925272#1,8,0.828,8
ERR433971#11,7F,0.526,7F
ERR433971#51,7F,0.475,7F
ERR433804#2,1,0.217,1
ERR433804#4,1,0.843,1
ERR1066308#2,10A,0.575,10A
ERR1066308#22,10A,0.099,15C
ERR7567995#1,16F,0.474,16F
ERR7567995#8,16F,0.586,16F
SRR26834442#2,3,0.96,3
SRR26879641#3,17F,0.562,17F
SRR26879641#15,17F,0.796,17F
ERR908931#17,6B,0.378,6B
ERR908931#29,6B,0.488,6B
ERR570403#2,13,0.123,13
ERR570403#11,13,0.963,13
ERR730755#1,16F,0.706,16F
SRR26672860#1,23B,0.907,23B
SRR26818627#1,23B,0.91,23B
ERR750979#6,5,0.89,5
ERR750979#15,5,0.222,5
SRR26834303#1,23A,0.852,23A
ERR568669#1,23F,0.652,23F
SRR26910390#2,17F,0.708,17F
SRR26749904#2,10A,0.772,10A
SRR26749904#21,10A,0.461,10A
ERR633028#9,14,0.781,14
ERR633028#31,14,0.075,10A
ERR730362#1,19A,0.881,19A
ERR2667532#18,5,0.693,5
ERR2667532#20,5,0.432,5
ERR774274#1,6A,0.582,6A
SRR26879524#1,12F,0.328,12F
SRR26879524#6,12F,0.438,12F
ERR1795453#3,14,0.932,14
ERR1795453#17,14,0.776,14
ERR2090773#3,2,0.889,2
ERR1066149#1,16F,0.706,16F
SRR26789611#3,3,0.955,3
SRR26714382#2,9N,0.634,9N
ERR730486#1,19A,0.711,19A
SRR26797066#11,15C,0.476,15C
ERR505593#11,19F,0.099,19F
ERR505593#17,19F,0.697,19F
SRR26880274#3,9N,0.65,9N
SRR26833947#1,15A,0.751,15A
SRR26833947#9,15A,0.318,15A
SRR26910368#1,8,0.713,8
SRR26714090#32,8,0.673,8
SRR26714090#71,8,0.639,4
SRR26818036#8,3,0.739,3
SRR26911209#6,19F,0.641,19F
SRR26911209#44,19F,0.091,8
ERR980292#12,21,0.137,21
ERR980292#24,21,0.192,21
ERR13374831#21,22F,0.508,22F
ERR13374831#31,22F,0.657,22F
ERR3669346#2,16F,0.092,4
ERR3669346#3,16F,0.539,16F
SRR26910467#2,15A,0.351,15A
SRR26910467#15,15A,0.778,15A
SRR26595010#3,33F,0.123,6D
SRR26595010#20,33F,0.655,33F
ERR714226#1,1,0.288,1
ERR714226#3,1,0.833,1
ERR1202399#8,46,0.268,12B
ERR1202399#24,46,0.332,12B
SRR26878420#4,8,0.931,8
SRR26878420#6,8,0.679,8
ERR568678#1,19A,0.865,19A
ERR701843#10,19F,0.153,37
ERR701843#17,19F,0.631,19F
SRR26714266#2,12F,0.321,12F
SRR26714266#24,12F,0.438,12F
ERR501551#24,6B,0.474,6A
SRR26789776#1,15A,0.776,15A
ERR3796760#4,24F,0.767,24F
SRR26714959#2,3,0.96,3
ERR425483#4,8,0.596,8
ERR425483#5,8,0.88,8
ERR4289072#3,16F,0.22,9V
ERR4289072#5,16F,0.472,16F
SRR26930289#23,19F,0.566,19F
SRR26930289#57,19F,0.311,19F
ERR319328#27,6B,0.21,48
ERR319328#131,6B,0.205,22F
SRR26714783#3,8,0.724,8
SRR26714783#5,8,0.926,8
SRR26910779#2,22F,0.743,22F
SRR26910779#8,22F,0.399,22F
SRR26789747#4,8,0.499,8
SRR26789747#8,8,0.924,8
ERR742638#7,19A,0.141,29
ERR742638#11,19A,0.861,19A
ERR331396#3,19A,0.78,19A
ERR2089029#1,19F,0.749,19F
ERR2089029#12,19F,0.105,15C
ERR13366246#2,8,0.789,8
SRR26714235#2,8,0.679,8
SRR26714235#4,8,0.764,8
ERR884316#1,1,0.765,1
ERR884316#68,1,0.201,1
ERR980236#8,17F,0.522,17F
ERR980236#28,17F,0.797,17F
ERR913089#1,9N,0.469,9L
ERR913089#2,9N,0.384,7C
ERR8481871#2,19A,0.898,19A
ERR311099#11,23A,0.515,23A
ERR884405#7,9V,0.656,9V
ERR884405#25,9V,0.271,9V
ERR326570#27,14,0.09,15C
ERR326570#104,14,0.183,22F
SRR26884684#2,8,0.724,8
SRR26884684#4,8,0.926,8
SRR26594756#1,19A,0.791,19A
ERR13365897#2,3,0.96,3
SRR26879801#4,33F,0.123,6D
SRR26879801#18,33F,0.663,33F
ERR600405#2,14,0.572,14
ERR600405#22,14,0.948,14
ERR900686#1,6A,0.116,6C
ERR900686#15,6A,0.5,6A
ERR1430870#4,1,0.233,1
ERR1430870#7,1,0.828,1
ERR862448#11,14,0.111,33D
ERR862448#19,14,0.943,14
SRR26817868#1,8,0.895,8
ERR2667994#3,12F,0.399,46
SRR26884618#2,8,0.895,8
SRR26834167#8,16F,0.528,16F
ERR1453346#2,21,0.074,33D
ERR1453346#39,21,0.16,21
ERR862378#8,21,0.09,33D
ERR862378#30,21,0.529,21
ERR13365892#2,10A,0.765,10A
ERR13365892#18,10A,0.551,10A
ERR730162#1,21,0.15,1
ERR730162#25,21,0.66,21
ERR908993#5,18C,0.407,18B
ERR908993#13,18C,0.384,18C
ERR600112#2,22F,0.629,22F
ERR600112#27,22F,0.625,22F
ERR7568037#1,8,0.845,8
ERR979907#3,1,0.321,45
ERR979907#37,1,0.193,1
SRR26594544#3,22F,0.729,22F
SRR26594544#10,22F,0.623,22F
ERR316835#6,4,0.28,4
ERR316835#16,4,0.506,4
ERR773859#7,6A,0.587,6A
SRR26878446#1,33F,0.796,33F
SRR26594691#5,3,0.955,3
ERR980343#1,6A,0.562,6A
ERR2667106#2,3,0.737,3
SRR26878280#2,9N,0.738,9N
SRR26878280#11,9N,0.675,9N
SRR26797789#1,3,0.96,3
ERR2667906#2,19F,0.743,19F
ERR2667906#29,19F,0.095,19F
SRR26879915#3,35F,0.881,35F
SRR26790209#2,8,0.724,8
SRR26790209#4,8,0.922,8
ERR2089811#1,5,0.401,5
ERR2089811#24,5,0.53,5
ERR870283#1,23F,0.588,23F
ERR2681176#1,6A,0.562,6A
ERR2681176#26,6A,0.11,15A
ERR862366#1,13,0.917,13
ERR862501#7,34,0.193,34
ERR862501#33,34,0.797,34
ERR646595#9,6B,0.6,6E
ERR751193#13,6B,0.437,6A
SRR26673260#4,8,0.867,8
ERR13375047#1,8,0.723,8
ERR773971#1,8,0.824,8
ERR331144#13,6B,0.892,21
ERR331144#18,6B,0.168,23F
ERR913374#2,1,0.288,1
ERR913374#3,1,0.834,1
ERR1191941#8,3,0.431,3
SRR26833656#1,8,0.827,8
ERR773987#1,18A,0.794,18A
ERR2612091#1,19A,0.865,19A
ERR908933#3,12B,0.421,12B
ERR338242#1,1,0.765,1
ERR338242#68,1,0.201,1
ERR714162#2,1,0.804,1
ERR714162#6,1,0.834,1
SRR26910583#2,3,0.96,3
ERR1065249#6,4,0.358,4
ERR1065249#17,4,0.153,4
ERR2667853#6,3,0.955,3
SRR26789738#1,7C,0.618,7C
SRR26789738#5,7C,0.792,7C
ERR773979#2,14,0.578,14
ERR773979#32,14,0.943,14
ERR2089859#1,23F,0.686,23F
ERR750824#4,6B,0.671,6E
ERR750824#20,6B,0.1,6D
ERR13364661#2,3,0.431,3
SRR26931755#1,28A,0.472,28A
ERR3796908#2,24F,0.764,24F
ERR913262#4,19A,0.728,19A
ERR913262#28,19A,0.381,33D
ERR997544#1,11A,0.602,11A
SRR26834277#2,35B,0.305,11C
SRR26834277#6,35B,0.513,35B
SRR26931677#1,35B,0.126,6E
SRR26931677#8,35B,0.581,35B
ERR2089791#6,5,0.179,5
ERR2089791#24,5,0.166,5
ERR2681084#1,19A,0.808,19A
ERR2667500#2,6B,0.599,6E
ERR600576#5,23F,0.676,23F
SRR26749349#35,8,0.679,8
SRR26749349#67,8,0.913,8
ERR1065151#1,16F,0.706,16F
SRR26789404#1,3,0.96,3
ERR13365436#20,19A,0.905,19A
ERR13365436#69,19A,0.094,6D
ERR870262#1,1,0.804,1
ERR870262#3,1,0.834,1
SRR26930909#2,10A,0.772,10A
SRR26930909#13,10A,0.461,10A
ERR433511#2,12F,0.218,21
ERR433511#10,12F,0.451,46
ERR13364760#8,7F,0.667,7F
ERR13364760#43,7F,0.381,7F
SRR26714938#2,33F,0.546,33F
SRR26714938#7,33F,0.803,33F
SRR26673184#1,3,0.96,3
SRR26878340#1,12F,0.502,12F
SRR26878340#8,12F,0.463,12F
ERR2091208#2,12F,0.486,12F
ERR2091208#3,12F,0.451,12F
ERR2090513#17,9V,0.803,9V
ERR2090513#42,9V,0.362,9V
SRR26931643#6,33F,0.792,33F
SRR26931643#15,33F,0.581,33F
ERR433523#2,18C,0.111,15F
ERR433523#13,18C,0.453,18C
SRR26930265#1,9N,0.651,9N
ERR13374614#6,3,0.747,3
ERR316700#18,19F,0.086,19F
ERR316700#22,19F,0.124,28A
ERR13365547#2,20A,0.223,20A
ERR13365547#19,20A,0.469,20A
SRR26931729#16,31,0.782,31
SRR26931729#23,31,0.103,18F
ERR505958#15,19F,0.659,19F
ERR505958#31,19F,0.254,19F
SRR26673181#3,8,0.926,8
SRR26673181#15,8,0.655,8
ERR774333#1,35B,0.4,35D
ERR774333#2,35B,0.684,35B
ERR13365254#1,3,0.96,3
SRR26797400#2,8,0.888,8
ERR3303404#4,1,0.328,1
ERR3303404#20,1,0.865,1
SRR26910554#1,11A,0.354,11E
ERR316737#34,6B,0.074,15C
ERR316737#58,6B,0.488,6B
ERR3303278#1,24A,0.513,24A
SRR26884266#5,33F,0.726,33F
SRR26884266#15,33F,0.54,33F
SRR26878571#2,8,0.865,8
ERR1065178#2,6B,0.374,6B
ERR1065178#43,6B,0.472,6B
ERR3796621#4,24F,0.783,24F
SRR26834148#1,11A,0.286,11E
SRR26714192#1,10A,0.772,10A
SRR26714192#23,10A,0.461,10A
ERR2089224#6,6B,0.596,6E
ERR326354#27,6B,0.192,15A
ERR326354#120,6B,0.062,6C
ERR2090231#1,6D,0.115,6D
ERR2090231#2,6D,0.499,6D
SRR26930925#2,15A,0.351,15A
SRR26930925#14,15A,0.778,15A
SRR26749501#2,22F,0.429,22F
SRR26749501#16,22F,0.454,22F
ERR1065641#1,35B,0.405,35D
ERR1065641#6,35B,0.458,35B
SRR26818247#2,8,0.724,8
SRR26818247#4,8,0.926,8
SRR26818224#4,9N,0.738,9N
SRR26818224#11,9N,0.654,9N
SRR26910632#4,3,0.955,3
SRR26797382#2,19F,0.073,1
SRR26797382#11,19F,0.092,10F
SRR26879751#14,22F,0.729,22F
SRR26879751#18,22F,0.375,22F
SRR26910721#4,19A,0.338,37
SRR26910721#19,19A,0.922,19A
SRR26930782#2,9N,0.633,9N
ERR13365999#1,3,0.739,3
ERR730782#3,9V,0.709,9V
ERR730782#22,9V,0.125,9V
SRR26789380#1,12F,0.497,12F
SRR26789380#10,12F,0.481,12F
SRR26930315#3,9N,0.64,9N
SRR26930315#23,9N,0.118,9V
SRR26880276#3,8,0.67,8
SRR26880276#5,8,0.929,8
ERR2091234#5,9V,0.623,9V
ERR2091234#16,9V,0.807,9V
ERR1788311#1,19F,0.156,19F
ERR1788311#7,19F,0.723,19F
ERR2089599#1,23B,0.892,23B
ERR751038#1,7F,0.638,7F
ERR13366104#1,23B,0.229,17F
ERR13366104#9,23B,0.796,23B
ERR13374624#11,14,0.255,14
ERR13374624#13,14,0.772,14
SRR26884321#2,11A,0.362,11E
SRR26834419#3,8,0.679,8
SRR26834419#4,8,0.925,8
ERR2089988#2,14,0.737,14
ERR2089988#4,14,0.956,14
ERR1202447#1,19A,0.865,19A
SRR26910526#1,9N,0.651,9N
ERR13364568#2,4,0.626,4
ERR2090981#20,9V,0.8,9V
ERR2090981#38,9V,0.362,9V
ERR2090895#1,2,0.892,2
SRR26884214#1,8,0.165,4
SRR26884214#3,8,0.724,8
ERR714692#1,14,0.592,14
ERR714692#23,14,0.771,14
SRR26931635#5,11A,0.112,10A
SRR26931635#17,11A,0.358,11A
SRR26884691#3,8,0.195,8
SRR26884691#7,8,0.831,8
SRR26931356#1,3,0.96,3
ERR13365513#1,6C,0.695,6C
ERR736932#16,12F,0.33,12F
ERR736932#20,12F,0.337,12F
ERR2090675#3,12F,0.323,12F
ERR2090675#4,12F,0.451,12F
ERR13365017#6,3,0.739,3
ERR13375057#2,6A,0.455,6A
ERR2667201#2,24F,0.762,24F
ERR884466#3,19A,0.808,19A
SRR26910851#1,9N,0.654,9N
SRR26910851#5,9N,0.743,9N
ERR730419#1,23F,0.688,23F
ERR646573#4,6B,0.294,3
ERR646573#6,6B,0.338,6B
SRR26797721#2,12F,0.502,12F
SRR26797721#8,12F,0.481,12F
SRR26714613#1,12F,0.333,12F
SRR26714613#7,12F,0.438,12F
ERR505888#13,7F,0.526,7F
ERR505888#51,7F,0.475,7F
ERR331166#21,6B,0.168,23F
ERR331166#23,6B,0.127,14
SRR26817860#1,16F,0.492,16F
ERR3899371#1,22F,0.514,22F
ERR586391#1,19A,0.805,19A
SRR26879779#4,8,0.704,8
SRR26879779#7,8,0.925,8
ERR425439#23,9V,0.266,9V
ERR425439#40,9V,0.353,9V
SRR26930716#3,8,0.926,8
SRR26930716#15,8,0.655,8
ERR505983#8,14,0.985,14
ERR505983#18,14,0.748,14
SRR26714401#2,19F,0.073,1
SRR26714401#7,19F,0.079,9V
ERR1214341#2,11A,0.096,33D
ERR1214341#21,11A,0.337,11E
ERR997549#4,6B,0.597,6E
SRR26833727#1,10A,0.582,10A
SRR26833727#30,10A,0.461,10A
SRR26714720#1,3,0.96,3
ERR8481613#2,15F,0.327,48
ERR8481613#5,15F,0.788,15F
ERR14653923#7,23F,0.714,23F
ERR2667522#2,22F,0.571,22F
ERR505486#4,28A,0.552,28A
ERR505486#10,28A,0.438,28A
ERR2667211#2,24F,0.763,24F
SRR26884662#2,8,0.724,8
SRR26884662#4,8,0.922,8
ERR1202208#6,19A,0.772,19A
ERR1202208#27,19A,0.612,33D
SRR26817873#12,9N,0.654,9N
SRR26817873#26,9N,0.738,9N
ERR13365250#8,21,0.701,21
ERR13365250#26,21,0.753,21
ERR326403#14,6C,0.696,6C
ERR326403#48,6C,0.275,6C
ERR13364388#4,3,0.96,3
SRR26818153#8,3,0.739,3
ERR876462#23,6B,0.249,7C
ERR876462#26,6B,0.488,6B
SRR26790155#2,8,0.683,8
SRR26790155#5,8,0.925,8
ERR340896#29,6B,0.12,22F
ERR340896#32,6B,0.377,6A
ERR1788067#3,18C,0.448,18C
SRR26877909#1,12F,0.502,12F
SRR26877909#8,12F,0.446,12F
SRR26714838#5,3,0.955,3
ERR2667327#2,19A,0.85,19A
ERR1756477#21,8,0.802,8
ERR1658131#1,7B,0.897,7B
SRR26884516#1,23B,0.905,23B
ERR884577#22,7F,0.501,7F
ERR884577#78,7F,0.577,7F
ERR632976#1,23F,0.508,22F
ERR632976#9,23F,0.611,23F
ERR2667310#3,14,0.667,14
ERR2667310#7,14,0.228,11C
SRR26714295#1,11A,0.354,11E
SRR26878196#5,7F,0.72,7F
ERR505490#7,23F,0.827,9V
ERR505490#25,23F,0.173,38
ERR876463#13,14,0.708,14
ERR876463#29,14,0.901,14
ERR1192061#8,11A,0.602,11A
ERR1192061#20,11A,0.29,11A
ERR1422613#2,23F,0.581,23F
ERR773819#4,38,0.763,38
ERR773819#7,38,0.511,38
ERR2090819#2,12F,0.327,12F
ERR2090819#4,12F,0.451,12F
ERR13374856#7,23F,0.737,23F
ERR13374856#26,23F,0.073,4
SRR26714132#1,3,0.96,3
ERR13365439#1,15B,0.431,15B
ERR1065504#2,23F,0.245,48
ERR1065504#18,23F,0.692,23F
SRR26880157#5,8,0.929,8
SRR26880157#11,8,0.655,8
SRR26749419#3,17F,0.56,17F
SRR26749419#20,17F,0.273,24A
ERR2089275#2,6A,0.477,6A
SRR26910654#4,15A,0.073,28F
SRR26910654#36,15A,0.127,9L
ERR13365566#19,3,0.739,3
SRR26931211#29,19A,0.085,10A
SRR26931211#34,19A,0.779,19A
SRR26879571#2,23B,0.744,23B
SRR26879571#37,23B,0.129,23B
SRR26594701#1,31,0.815,31
ERR596409#29,19A,0.085,10A
ERR596409#46,19A,0.194,9L
ERR13366073#1,3,0.96,3
SRR26834436#7,15C,0.529,15C
SRR26834436#15,15C,0.085,15B
SRR26910409#3,9N,0.128,9V
SRR26910409#4,9N,0.649,9N
ERR568691#3,19F,0.496,19F
ERR568691#43,19F,0.099,19F
ERR438978#1,1,0.217,1
ERR438978#5,1,0.843,1
SRR26749454#2,15B,0.206,35C
SRR26749454#8,15B,0.129,15C
ERR1065920#3,13,0.936,13
ERR1106692#1,9V,0.662,9V
ERR979971#1,22F,0.503,22F
ERR600547#1,6B,0.488,6B
ERR600547#13,6B,0.379,6B
SRR26789958#2,3,0.96,3
SRR26930313#11,21,0.499,21
SRR26930313#26,21,0.529,21
SRR26878402#1,23B,0.911,23B
ERR2090861#6,12F,0.321,12F
ERR2090861#27,12F,0.435,12F
ERR2091265#2,38,0.352,38
ERR2091265#3,38,0.375,25A
ERR13364548#2,38,0.424,38
ERR13364548#5,38,0.352,25A
ERR1202600#1,1,0.474,1
ERR1202600#8,1,0.849,1
ERR13364635#25,14,0.165,48
ERR13364635#39,14,0.276,14
ERR751101#21,6B,0.116,20B
ERR751101#24,6B,0.379,6A
SRR26878621#3,9N,0.487,9N
SRR26789216#1,12F,0.494,12F
SRR26789216#8,12F,0.481,12F
ERR2090241#1,4,0.501,4
ERR2090241#6,4,0.371,4
SRR26834276#1,38,0.511,38
SRR26834276#3,38,0.359,25A
ERR2091016#20,1,0.774,1
ERR2091016#46,1,0.329,1
SRR26797578#5,3,0.955,3
SRR26789853#5,9N,0.738,9N
SRR26789853#11,9N,0.534,9N
ERR13374748#6,6C,0.697,6C
ERR13374748#32,6C,0.298,6C
ERR1795492#3,1,0.114,18F
ERR1795492#9,1,0.803,1
SRR26911176#5,8,0.783,8
SRR26911176#7,8,0.17,15F
ERR1788248#2,6A,0.549,6A
ERR1065230#27,34,0.252,25A
ERR884401#11,14,0.591,14
ERR884401#26,14,0.129,10A
ERR505589#21,23F,0.715,23F
ERR505589#26,23F,0.192,10B
SRR26790081#1,3,0.96,3
ERR1430842#2,1,0.269,1
ERR1430842#6,1,0.851,1
ERR2091046#1,5,0.401,5
ERR2091046#24,5,0.53,5
SRR26715026#5,3,0.955,3
ERR742729#1,6A,0.105,4
ERR742729#14,6A,0.437,6A
ERR3899476#9,14,0.716,14
ERR3899476#14,14,0.732,14
ERR3164125#2,14,0.588,14
ERR3164125#7,14,0.804,14
SRR26714492#2,15A,0.79,15A
ERR600269#1,1,0.685,1
ERR600269#74,1,0.201,1
ERR862340#2,4,0.129,19F
ERR862340#12,4,0.162,11C
SRR26884394#10,9N,0.654,9N
SRR26884394#24,9N,0.738,9N
ERR730758#8,6C,0.388,6C
ERR730758#44,6C,0.31,6C
SRR26818246#5,8,0.884,8
SRR26911049#10,19A,0.892,19A
ERR1065699#4,14,0.588,14
ERR1065699#23,14,0.98,14
ERR2089589#1,14,0.722,14
ERR2089589#9,14,0.619,14
ERR13374945#1,9N,0.601,9N
SRR26817764#5,33F,0.726,33F
SRR26817764#14,33F,0.54,33F
ERR13374830#1,23F,0.548,23F
ERR13374830#23,23F,0.145,7C
ERR4501357#1,24F,0.831,24F
ERR4501357#16,24F,0.113,7F
ERR2089067#1,11B,0.554,11B
ERR884396#5,14,0.713,14
ERR884396#25,14,0.905,14
ERR433930#14,21,0.168,33D
ERR433930#23,21,0.529,21
SRR26818686#1,31,0.814,31
SRR26884216#6,15A,0.351,15A
SRR26884216#18,15A,0.181,19A
SRR26879848#2,38,0.494,25F
SRR26879848#8,38,0.511,38
ERR3669300#5,11A,0.466,11A
ERR13365504#1,4,0.499,4
ERR13365504#28,4,0.638,4
ERR870196#2,17F,0.224,17F
ERR870196#6,17F,0.835,17F
SRR26749619#5,9N,0.649,9N
SRR26749619#25,9N,0.128,9V
SRR26834256#6,8,0.926,8
SRR26834256#14,8,0.655,8
ERR1453778#1,7C,0.697,7C
ERR1453778#8,7C,0.169,7C
ERR2853695#1,19A,0.554,19A
SRR26789856#3,19A,0.155,7F
SRR26789856#11,19A,0.855,19A
SRR26931600#14,15A,0.208,5
SRR26931600#23,15A,0.787,15A
SRR26880126#5,9N,0.738,9N
SRR26880126#8,9N,0.654,9N
ERR913259#1,23F,0.681,23F
ERR3270862#1,11A,0.363,11A
SRR26878406#4,19F,0.593,19F
SRR26878406#42,19F,0.318,19F
ERR1065277#1,11A,0.49,11A
ERR730370#18,19F,0.589,19F
ERR730370#30,19F,0.397,37
ERR13374725#1,23F,0.534,23F
SRR26911154#2,35F,0.888,35F
ERR490725#232,3,0.917,3
ERR1430811#3,19A,0.787,19A
ERR1430811#14,19A,0.295,33D
SRR26797180#4,22F,0.429,22F
SRR26797180#14,22F,0.454,22F
ERR3270843#1,33B,0.781,33B
ERR340829#1,8,0.846,8
SRR26673425#3,12F,0.235,12F
SRR26673425#7,12F,0.332,12F
ERR2090102#4,19A,0.732,19A
ERR2090102#17,19A,0.554,33D
ERR2853437#2,19A,0.893,19A
SRR26930526#3,19F,0.731,19F
ERR774079#1,35B,0.684,35B
ERR774079#2,35B,0.399,35D
ERR1756399#1,28F,0.484,28F
ERR2091109#6,23F,0.584,23F
ERR909002#1,15A,0.167,35C
ERR909002#8,15A,0.294,15A
ERR1202075#6,5,0.719,5
ERR1202075#23,5,0.53,5
ERR501496#5,23F,0.684,23F
ERR984252#1,22A,0.772,22A
ERR331444#21,5,0.201,5
ERR331444#22,5,0.16,20A
SRR26818237#3,16F,0.107,28A
SRR26818237#11,16F,0.257,4
ERR1788304#2,3,0.955,3
SRR26749988#18,33F,0.166,11C
SRR26749988#24,33F,0.797,33F
ERR13365464#1,8,0.571,8
ERR13365464#7,8,0.882,8
ERR4501425#1,19A,0.896,19A
ERR925091#1,19F,0.158,19F
ERR925091#8,19F,0.238,10A
ERR3899415#2,9L,0.292,9L
SRR26594678#19,12F,0.5,12F
SRR26594678#76,12F,0.324,12F
ERR13366231#1,46,0.392,12B
ERR1191985#1,16F,0.473,16F
ERR2090504#1,14,0.732,14
ERR2090504#23,14,0.612,14
ERR1065374#1,16F,0.706,16F
SRR26594207#2,1,0.927,1
SRR26594207#61,1,0.201,1
ERR730567#9,14,0.953,14
ERR730567#10,14,0.78,14
SRR26798004#2,8,0.884,8
ERR2090196#20,14,0.959,14
ERR2090196#21,14,0.742,14
ERR501525#5,7C,0.429,7C
ERR1788501#8,19F,0.743,19F
ERR1788501#14,19F,0.085,9V
ERR316790#19,34,0.866,34
ERR316790#31,34,0.108,20B
SRR26817852#3,8,0.702,8
SRR26817852#6,8,0.926,8
ERR730380#6,5,0.893,5
ERR730380#24,5,0.689,5
ERR13365536#2,22F,0.602,22F
ERR13365536#5,22F,0.589,22F
ERR4501351#2,24F,0.764,24F
ERR1214578#2,19F,0.203,19F
ERR1214578#5,19F,0.716,19F
ERR433792#1,22A,0.776,22A
ERR1658171#6,46,0.577,46
SRR26797752#2,34,0.138,33F
SRR26797752#21,34,0.783,34
SRR26878119#1,12F,0.502,12F
SRR26878119#11,12F,0.463,12F
ERR2090950#1,19F,0.748,19F
ERR2090184#1,7B,0.883,7B
SRR26878064#1,31,0.726,31
ERR742832#1,24F,0.601,24F
ERR568594#3,6B,0.477,6B
ERR568594#22,6B,0.099,6B
SRR26715006#1,35B,0.521,35D
ERR730771#4,38,0.53,38
ERR730771#25,38,0.748,38
ERR13364447#1,3,0.955,3
ERR701790#32,9V,0.365,46
ERR701790#46,9V,0.353,9V
ERR3831141#1,24F,0.769,24F
SRR26749321#2,22F,0.721,22F
SRR26749321#15,22F,0.454,22F
ERR925274#10,34,0.862,34
ERR925274#23,34,0.093,7F
ERR913433#10,34,0.782,34
ERR913433#17,34,0.346,34
SRR26930531#14,12F,0.33,12F
SRR26930531#27,12F,0.337,12F
ERR13365809#1,35F,0.886,35F
SRR26818047#8,15C,0.416,15B
ERR1788152#1,9N,0.654,9N
ERR1788152#10,9N,0.766,9N
SRR26878741#2,22F,0.721,22F
SRR26878741#9,22F,0.623,22F
ERR2089958#1,21,0.266,25F
ERR2089958#15,21,0.414,21
SRR26833540#12,15A,0.68,15A
ERR1065607#6,6B,0.169,6D
ERR1065607#8,6B,0.488,6B
ERR600111#6,23B,0.909,23B
ERR714484#9,19F,0.386,19F
ERR714484#19,19F,0.648,19F
SRR26749306#1,3,0.96,3
ERR2680955#1,1,0.474,1
ERR2680955#4,1,0.849,1
ERR1422507#9,35F,0.823,35F
ERR870049#11,12F,0.337,12F
ERR870049#16,12F,0.33,12F
ERR2089728#1,6B,0.645,6E
ERR7567982#2,22F,0.576,22F
ERR1658189#4,6A,0.253,48
ERR1658189#18,6A,0.545,6A
ERR433775#8,6B,0.436,6A
ERR2089336#1,29,0.848,29
ERR742845#19,5,0.444,5
ERR742845#24,5,0.587,5
ERR3303440#1,23F,0.693,23F
SRR26817836#2,3,0.96,3
ERR326691#2,8,0.724,8
ERR326691#5,8,0.824,8
SRR26931475#1,12F,0.498,12F
SRR26931475#9,12F,0.481,12F
SRR26910872#2,23B,0.909,23B
ERR1430894#1,23F,0.23,7C
ERR1430894#13,23F,0.675,23F
ERR742866#1,7F,0.638,7F
SRR26878076#2,22F,0.721,22F
SRR26878076#4,22F,0.624,22F
ERR331453#19,4,0.41,4
ERR331453#61,4,0.332,4
ERR3899505#1,19F,0.656,19F
ERR2853519#2,19A,0.868,19A
ERR13364746#8,4,0.635,4
ERR13364746#23,4,0.137,4
ERR913530#6,38,0.399,25A
ERR913530#7,38,0.536,38
ERR730856#1,16F,0.45,16F
ERR730856#7,16F,0.628,16F
ERR1065342#1,6A,0.51,6A
SRR26797452#6,19F,0.224,13
SRR26797452#53,19F,0.318,19F
ERR1799703#2,1,0.229,1
ERR1799703#21,1,0.848,1
ERR773986#13,12F,0.498,12F
ERR773986#28,12F,0.337,12F
SRR26749297#22,12F,0.096,12A
SRR26749297#84,12F,0.599,33D
SRR26714258#1,9N,0.654,9N
SRR26714258#5,9N,0.738,9N
ERR8481756#2,9N,0.569,9N
SRR26817869#1,34,0.738,34
ERR331117#11,6C,0.701,6C
ERR331117#31,6C,0.25,6C
ERR3270744#2,33F,0.133,10B
ERR3270744#3,33F,0.692,33F
ERR2089319#2,19A,0.713,19A
SRR26797538#1,8,0.746,8
SRR26797143#15,15B,0.504,15C
SRR26797143#54,15B,0.07,11B
SRR26931670#1,8,0.704,8
SRR26931670#5,8,0.925,8
SRR26749966#2,8,0.892,8
SRR26931882#3,8,0.899,8
SRR26931611#2,19A,0.141,29
SRR26931611#19,19A,0.122,33F
SRR26878572#2,3,0.96,3
SRR26930420#1,9N,0.765,11C
SRR26930420#6,9N,0.618,9N
SRR26817811#1,31,0.781,31
SRR26817811#24,31,0.133,28A
ERR1540718#1,19F,0.129,19F
ERR1540718#5,19F,0.719,19F
ERR3303332#4,6B,0.383,6B
ERR3303332#17,6B,0.488,6B
ERR2089476#4,22F,0.608,22F
ERR2089476#5,22F,0.601,22F
ERR1214556#1,18C,0.113,15F
ERR1214556#3,18C,0.517,18B
SRR26911203#1,23B,0.905,23B
ERR869955#1,13,0.917,13
ERR773994#21,6B,0.477,6B
ERR773994#25,6B,0.16,28F
SRR26750066#2,22F,0.721,22F
SRR26750066#7,22F,0.454,22F
ERR979982#13,6A,0.625,6A
ERR979982#25,6A,0.097,38
ERR1422649#17,19A,0.857,19A
ERR425378#2,14,0.707,14
ERR425378#26,14,0.899,14
ERR750892#3,6B,0.358,6B
ERR750892#39,6B,0.488,6B
ERR862405#7,6B,0.49,6B
ERR862405#38,6B,0.099,6B
ERR1453391#5,6B,0.695,6E
ERR1453391#9,6B,0.135,7C
SRR26884285#3,19A,0.347,37
SRR26884285#20,19A,0.911,19A
ERR1214410#1,6A,0.427,6A
SRR26749390#2,8,0.713,8
ERR730327#4,19A,0.393,19A
ERR870160#1,6B,0.583,6E
SRR26673364#17,33F,0.574,33F
SRR26673364#19,33F,0.788,33F
ERR900703#1,19F,0.33,19F
ERR900703#6,19F,0.706,19F
ERR568458#1,6B,0.375,6B
ERR568458#2,6B,0.477,6B
SRR26834207#3,35B,0.111,35B
SRR26834207#5,35B,0.365,35B
SRR26797837#1,12F,0.384,12B
SRR26797837#8,12F,0.463,12F
SRR26797819#1,17F,0.71,17F
ERR2667698#1,6B,0.408,6E
SRR26594989#1,21,0.19,37
SRR26594989#22,21,0.225,21
SRR26714923#5,6D,0.452,6C
SRR26750076#1,12F,0.332,12F
SRR26750076#10,12F,0.481,12F
ERR13364826#11,16F,0.21,4
ERR13364826#25,16F,0.075,9V
SRR26930491#1,23B,0.905,23B
SRR26910862#4,22F,0.621,22F
SRR26910862#42,22F,0.625,22F
ERR13374622#2,14,0.713,14
ERR13374622#28,14,0.879,14
ERR870180#3,18C,0.531,18B
ERR870180#13,18C,0.083,16F
SRR26789899#1,20B,0.525,20B
SRR26789899#5,20B,0.548,20B
SRR26594655#1,7B,0.879,7B
ERR2680835#1,19B,0.295,10B
ERR2680835#16,19B,0.786,19B
SRR26910422#2,8,0.702,8
SRR26910422#4,8,0.847,8
SRR26930874#5,31,0.813,31
SRR26833967#2,8,0.704,8
SRR26833967#7,8,0.925,8
SRR26797972#1,23B,0.909,23B
ERR438985#4,5,0.893,5
ERR438985#27,5,0.689,5
ERR870131#6,5,0.89,5
ERR870131#21,5,0.507,5
ERR2667769#8,14,0.984,14
ERR2667769#14,14,0.762,14
ERR600245#3,22F,0.619,22F
ERR600245#27,22F,0.625,22F
SRR26818606#4,9N,0.738,9N
SRR26818606#7,9N,0.654,9N
SRR26910744#14,19A,0.096,31
SRR26910744#27,19A,0.914,19A
ERR730480#25,15A,0.284,6D
ERR730480#26,15A,0.621,15A
ERR13374796#21,23A,0.137,28A
ERR13374796#49,23A,0.61,22F
SRR26834032#8,35B,0.291,35B
SRR26834032#22,35B,0.7,35D
ERR913452#18,6A,0.582,6A
ERR913452#47,6A,0.267,48
ERR433727#1,23F,0.733,23F
ERR751025#6,9V,0.244,9V
ERR751025#26,9V,0.224,10A
ERR7567873#3,16F,0.541,16F
ERR7567873#21,16F,0.093,28F
SRR26931790#1,8,0.704,8
SRR26931790#9,8,0.88,8
SRR26883842#12,22F,0.454,22F
SRR26883842#28,22F,0.22,22F
SRR26789360#1,38,0.391,38
SRR26789360#22,38,0.359,25A
ERR600411#20,6A,0.335,6B
ERR600411#26,6A,0.457,6B
SRR26817816#2,11A,0.399,11A
SRR26673591#1,16F,0.134,28A
SRR26673591#19,16F,0.186,21
ERR1788109#5,18C,0.45,18C
ERR1540700#6,23B,0.91,23B
SRR26817760#1,23B,0.91,23B
ERR577986#39,6B,0.712,6E
ERR577986#60,6B,0.099,6B
ERR2089772#8,6B,0.608,6B
ERR2089772#15,6B,0.328,6B
ERR2667280#13,12B,0.446,12B
SRR26797464#1,35B,0.39,35B
SRR26797464#6,35B,0.533,35B
ERR751085#7,33D,0.737,33D
ERR751085#19,33D,0.662,33D
SRR26789774#2,8,0.702,8
SRR26789774#4,8,0.926,8
ERR908879#17,19A,0.864,19A
SRR26749578#11,6C,0.362,6D
SRR26749578#16,6C,0.152,20B
SRR26594569#9,3,0.739,3
ERR326337#17,22F,0.625,22F
ERR326337#110,22F,0.839,18A
ERR1065680#2,23B,0.911,23B
SRR26714391#1,8,0.755,8
ERR2089110#1,3,0.955,3
ERR2681262#1,23F,0.687,23F
ERR980029#4,18C,0.437,18C
ERR774475#2,19F,0.158,19F
ERR774475#3,19F,0.238,10A
SRR26930746#2,8,0.754,8
ERR869932#4,19F,0.238,10A
ERR869932#28,19F,0.158,19F
ERR997474#1,1,0.804,1
ERR997474#30,1,0.839,1
SRR26594585#17,15A,0.776,15A
ERR326596#19,22F,0.625,22F
ERR326596#131,22F,0.454,22F
ERR2667647#7,14,0.984,14
ERR2667647#15,14,0.759,14
ERR1202099#6,5,0.719,5
ERR1202099#24,5,0.53,5
SRR26797136#1,9N,0.65,9N
ERR1202327#6,5,0.719,5
ERR1202327#25,5,0.53,5
SRR26797073#2,12F,0.332,12F
SRR26797073#9,12F,0.481,12F
ERR2667713#2,24F,0.761,24F
SRR26880375#16,10A,0.555,10A
SRR26880375#28,10A,0.463,10A
ERR2612124#25,6B,0.419,6A
ERR730405#9,12F,0.337,12F
ERR730405#14,12F,0.33,12F
ERR1066019#1,16F,0.375,16F
ERR1066019#7,16F,0.643,16F
ERR750940#6,4,0.669,4
ERR750940#20,4,0.375,4
ERR319335#13,6B,0.144,3
ERR319335#25,6B,0.508,25F
ERR980151#1,8,0.141,15F
ERR980151#21,8,0.879,8
SRR26818498#5,8,0.679,8
SRR26818498#7,8,0.925,8
ERR13364706#20,11A,0.485,11A
ERR13364706#21,11A,0.226,9V
SRR26833969#6,16F,0.536,16F
ERR774073#5,16F,0.638,16F
ERR774073#19,16F,0.223,17F
ERR14653972#2,35C,0.717,35C
ERR2089190#9,3,0.955,3
ERR997681#1,19B,0.24,10B
ERR997681#16,19B,0.584,19B
ERR997687#13,34,0.346,34
ERR997687#14,34,0.782,34
ERR632986#5,9V,0.619,9V
ERR632986#22,9V,0.271,9V
ERR774710#2,35B,0.106,19F
ERR774710#6,35B,0.687,35B
ERR1453720#2,3,0.959,3
ERR774547#3,17F,0.27,20A
ERR774547#4,17F,0.117,13
SRR26911003#1,22F,0.569,22F
SRR26911003#4,22F,0.583,22F
ERR909193#1,19F,0.158,19F
ERR909193#4,19F,0.238,10A
SRR26931673#30,19A,0.119,10A
SRR26931673#50,19A,0.194,9L
ERR338205#28,4,0.332,4
ERR338205#31,4,0.368,4
SRR26833621#5,19A,0.809,19A
SRR26878554#1,16F,0.497,16F
SRR26594258#10,12F,0.332,12F
SRR26594258#11,12F,0.463,12F
ERR913380#2,35B,0.39,35B
ERR913380#7,35B,0.603,35B
ERR2091221#1,5,0.397,5
ERR2091221#25,5,0.53,5
ERR2091100#1,23F,0.773,23F
SRR26834176#4,10A,0.766,10A
SRR26834176#29,10A,0.167,10A
ERR2667855#2,12F,0.403,46
SRR26878516#9,8,0.807,8
SRR26878516#22,8,0.291,11C
ERR7567864#3,17F,0.529,17F
ERR600410#11,7C,0.675,7C
ERR600410#19,7C,0.664,7C
ERR774219#16,6A,0.499,6A
ERR774219#45,6A,0.127,33D
ERR997565#2,16F,0.418,16F
ERR997565#17,16F,0.417,16F
ERR1453510#2,35B,0.399,35D
ERR1453510#6,35B,0.458,35B
ERR326732#22,4,0.41,4
ERR326732#29,4,0.861,4
ERR13375089#2,3,0.963,3
ERR326703#1,19F,0.269,20A
ERR326703#25,19F,0.126,13
ERR2090087#5,6A,0.604,6A
SRR26879616#1,23B,0.904,23B
SRR26911158#1,22F,0.618,22F
SRR26911158#9,22F,0.529,22F
ERR516679#2,5,0.801,5
ERR516679#26,5,0.603,5
ERR3217506#2,14,0.727,14
ERR3217506#5,14,0.941,14
ERR2090939#2,23F,0.773,23F
SRR26883769#3,8,0.169,15F
SRR26883769#4,8,0.927,8
SRR26930897#1,9N,0.65,9N
ERR3796934#5,24F,0.78,24F
SRR26878089#5,11A,0.374,11D
SRR26878089#9,11A,0.456,11D
ERR2089093#5,11A,0.364,11A
SRR26910928#12,19A,0.868,19A
SRR26878347#12,22F,0.22,22F
SRR26878347#33,22F,0.454,22F
ERR13374823#1,15A,0.751,15A
ERR13374823#38,15A,0.243,15A
ERR13365346#3,23A,0.852,23A
SRR26749399#1,19A,0.865,19A
ERR773972#1,23F,0.679,23F
ERR2680923#5,35A,0.82,35A
ERR2089280#4,34,0.784,34
ERR1065814#2,35A,0.76,35A
SRR26749932#12,19A,0.857,19A
SRR26749932#29,19A,0.141,29
ERR2681320#2,15A,0.748,15A
ERR13366201#12,6E,0.6,6E
SRR26880422#7,8,0.926,8
SRR26880422#11,8,0.702,8
ERR1066307#1,31,0.795,31
ERR568705#11,23F,0.221,23F
ERR568705#20,23F,0.686,23F
SRR26910364#1,17F,0.562,17F
SRR26910364#14,17F,0.484,17F
ERR913392#5,6B,0.597,6E
ERR980260#3,6B,0.375,6B
ERR980260#11,6B,0.488,6B
SRR26797922#5,8,0.754,8
ERR774146#4,12F,0.307,12F
ERR774146#6,12F,0.396,20B
ERR13374992#1,19A,0.893,19A
ERR3796871#3,24F,0.777,24F
SRR26797734#11,9N,0.555,9N
SRR26797734#25,9N,0.738,9N
ERR1202212#6,9V,0.789,9V
ERR884346#2,6C,0.412,6C
ERR449125#2,6A,0.601,6E
ERR316661#2,19F,0.158,19F
ERR316661#60,19F,0.115,10A
ERR600105#17,31,0.695,31
ERR600105#28,31,0.499,31
ERR2091012#2,1,0.628,1
ERR2091012#6,1,0.806,1
ERR913119#1,35B,0.399,35D
ERR913119#2,35B,0.674,35B
SRR26797792#2,8,0.655,8
SRR26797792#9,8,0.886,8
SRR26833734#1,12F,0.496,12F
SRR26833734#8,12F,0.463,12F
ERR2090234#1,4,0.539,4
ERR2090234#6,4,0.371,4
ERR979963#1,6A,0.559,6A
ERR505794#1,19A,0.778,19A
SRR26818165#1,7C,0.618,7C
SRR26818165#5,7C,0.792,7C
SRR26594602#4,8,0.926,8
SRR26594602#11,8,0.673,8
ERR1214365#8,23F,0.738,23F
ERR1214365#25,23F,0.079,4
ERR3899244#3,6B,0.598,6E
ERR568492#1,9V,0.446,9V
ERR845747#13,16F,0.587,16F
ERR845747#20,16F,0.093,16F
ERR1788098#20,35B,0.289,35B
ERR1788098#22,35B,0.526,35B
ERR2853591#1,19A,0.808,19A
ERR13374878#4,3,0.955,3
SRR26797586#1,9N,0.637,9N
SRR26714312#3,12F,0.229,12F
SRR26714312#11,12F,0.332,46
ERR1065528#1,29,0.825,29
ERR2090824#2,12F,0.319,12F
ERR2090824#3,12F,0.451,12F
ERR326396#14,6B,0.168,23F
ERR326396#28,6B,0.099,6B
ERR13364401#9,14,0.973,14
ERR13364401#11,14,0.785,14
SRR26789305#2,38,0.511,38
SRR26789305#22,38,0.359,25A
ERR714172#5,9L,0.487,9L
ERR2667903#14,9V,0.803,9V
ERR2667903#27,9V,0.346,9V
SRR26789868#3,23B,0.743,23B
SRR26789868#36,23B,0.129,23B
SRR26749487#2,22F,0.721,22F
SRR26749487#16,22F,0.454,22F
ERR434057#5,6B,0.597,6E
ERR2090984#9,14,0.984,14
ERR2090984#10,14,0.773,14
ERR2089200#5,15A,0.715,15A
ERR2089200#24,15A,0.295,6D
ERR884329#4,17F,0.131,19B
ERR884329#15,17F,0.82,17F
ERR701867#6,33D,0.71,33D
ERR701867#19,33D,0.502,33D
SRR26879544#1,10A,0.68,10A
SRR26879544#7,10A,0.174,10A
SRR26749522#2,11A,0.355,11E
ERR2667806#2,19A,0.896,19A
ERR1191942#7,10A,0.164,10A
ERR1191942#42,10A,0.616,10A
ERR2667272#5,5,0.693,5
ERR2667272#20,5,0.528,5
ERR909174#1,35B,0.402,35D
ERR909174#8,35B,0.685,35B
ERR1214692#8,14,0.278,14
ERR1214692#39,14,0.085,4
ERR600123#4,22F,0.62,22F
ERR600123#27,22F,0.625,22F
SRR26714655#1,35B,0.37,22F
SRR26714655#5,35B,0.702,35B
ERR13374819#1,35F,0.913,35F
ERR3270813#1,8,0.795,8
ERR4289077#6,11A,0.366,11A
ERR913529#11,19A,0.864,19A
ERR1202631#7,6A,0.154,33D
ERR1202631#23,6A,0.541,6A
SRR26930174#2,33F,0.788,33F
SRR26930174#15,33F,0.574,33F
ERR774622#9,9V,0.709,9V
ERR774622#20,9V,0.187,34
SRR26789317#3,8,0.288,8
SRR26789317#8,8,0.727,8
ERR2667932#1,19A,0.871,19A
SRR26931431#4,33F,0.574,33F
SRR26931431#10,33F,0.792,33F
ERR3796585#5,24F,0.78,24F
SRR26834289#1,23B,0.909,23B
ERR13365521#5,8,0.83,8
SRR26714379#23,12F,0.336,12F
SRR26714379#82,12F,0.446,12F
ERR1788500#5,14,0.199,10B
ERR1788500#19,14,0.759,14
SRR26594541#1,8,0.761,8
ERR2680567#1,6B,0.599,6E
ERR908967#1,19F,0.778,19F
ERR908967#59,19F,0.158,19F
SRR26749650#12,7F,0.526,7F
SRR26749650#55,7F,0.475,7F
ERR2681376#3,34,0.155,33F
ERR2681376#17,34,0.791,34
SRR26797429#5,8,0.724,8
SRR26797429#7,8,0.925,8
SRR26884405#3,20B,0.109,34
SRR26884405#8,20B,0.429,20B
ERR862422#5,16F,0.631,16F
ERR862422#17,16F,0.252,9L
ERR730546#1,19A,0.904,19A
ERR1288838#2,9L,0.502,9L
ERR909220#33,13,0.335,13
ERR909220#46,13,0.125,13
ERR913314#3,7F,0.501,7F
ERR913314#37,7F,0.406,7F
SRR26911050#1,8,0.679,8
SRR26911050#3,8,0.939,8
ERR1191884#1,19A,0.882,19A
ERR774159#1,8,0.45,8
ERR774159#7,8,0.879,8
ERR1453614#10,3,0.766,3
SRR26594744#1,35F,0.909,35F
SRR26884550#2,12F,0.082,33F
SRR26884550#10,12F,0.463,12F
ERR568549#34,6A,0.133,34
ERR568549#38,6A,0.524,6A
ERR3669263#1,17F,0.661,17F
ERR1288883#2,7C,0.423,7C
ERR2681063#12,34,0.119,34
ERR2681063#23,34,0.791,34
ERR2853492#1,19A,0.804,19A
SRR26673399#1,23B,0.516,23B
SRR26673399#18,23B,0.585,23B
ERR730525#2,6A,0.195,6A
ERR730525#5,6A,0.502,6A
ERR505774#1,19A,0.108,20B
ERR505774#3,19A,0.775,19A
SRR26818206#7,9N,0.654,9N
SRR26818206#26,9N,0.744,9N
SRR26883791#4,3,0.955,3
ERR13365732#2,38,0.424,38
ERR13365732#3,38,0.468,38
ERR884470#1,23A,0.676,23A
ERR925207#1,19F,0.158,19F
ERR925207#9,19F,0.115,10A
SRR26834430#15,33F,0.546,33F
SRR26834430#16,33F,0.803,33F
SRR26884111#2,8,0.702,8
SRR26884111#6,8,0.879,8
SRR26797859#4,9N,0.645,9N
ERR501574#4,23F,0.684,23F
ERR913255#1,6A,0.476,6A
ERR2667206#6,9N,0.598,9N
ERR2667206#17,9N,0.658,9N
ERR586382#8,19A,0.073,11
ERR586382#13,19A,0.817,19A
ERR774216#12,18C,0.389,18C
ERR774216#24,18C,0.407,18B
ERR1202316#17,1,0.269,1
ERR1202316#31,1,0.849,1
ERR13397680#8,20A,0.478,20B
ERR13397680#15,20A,0.476,20B
ERR774265#1,1,0.804,1
ERR774265#35,1,0.839,1
SRR26930741#14,6C,0.369,6C
SRR26930741#20,6C,0.638,45
SRR26930789#3,6C,0.494,6C
ERR7567888#1,8,0.84,8
SRR26818662#2,8,0.655,8
SRR26818662#7,8,0.926,8
ERR913172#2,35B,0.522,35D
SRR26750037#2,9N,0.65,9N
ERR1788117#11,6C,0.665,5
ERR1788117#21,6C,0.169,6D
ERR869872#1,35F,0.518,35F
SRR26930267#7,14,0.707,14
SRR26930267#30,14,0.156,48
ERR2680659#1,19A,0.812,19A
ERR774325#2,12F,0.316,12F
ERR774325#3,12F,0.289,21
ERR751030#15,6B,0.377,6B
ERR751030#30,6B,0.488,6B
SRR26910252#2,19A,0.854,19A
SRR26910252#4,19A,0.334,28A
ERR13365313#3,9N,0.61,9N
ERR884332#25,4,0.562,4
ERR884332#69,4,0.375,4
SRR26884338#1,8,0.894,8
ERR3655418#2,14,0.694,14
ERR3655418#3,14,0.724,14
ERR632871#19,38,0.52,25A
ERR632871#21,38,0.359,25A
ERR913202#7,14,0.13,28A
ERR913202#8,14,0.716,14
ERR742648#1,3,0.955,3
ERR646560#7,33D,0.71,33D
ERR646560#18,33D,0.414,33D
ERR568685#5,4,0.495,4
ERR568685#19,4,0.181,4
ERR730704#1,19A,0.865,19A
ERR1430935#6,34,0.784,34
SRR26884664#2,35B,0.524,35D
ERR2089668#2,19A,0.895,19A
SRR26594377#18,6C,0.307,6D
ERR13374839#3,23B,0.682,23B
ERR13374839#25,23B,0.114,11B
SRR26594638#4,12F,0.414,12F
SRR26594638#67,12F,0.084,33F
ERR2091248#1,19A,0.865,19A
SRR26714744#1,38,0.499,38
SRR26714744#25,38,0.369,25A
SRR26834137#1,23A,0.84,23A
SRR26714835#9,3,0.739,3
SRR26797028#2,8,0.702,8
SRR26797028#4,8,0.926,8
ERR13366040#1,8,0.427,8
ERR13366040#5,8,0.817,8
ERR501632#1,6A,0.53,6A
ERR1658084#2,7B,0.883,7B
SRR26879668#17,33F,0.464,33F
SRR26879668#18,33F,0.793,33F
ERR1065254#10,6B,0.6,6E
ERR13365224#3,14,0.696,14
ERR13365224#23,14,0.873,14
ERR433549#2,4,0.401,4
ERR433549#18,4,0.41,4
SRR26672912#1,8,0.846,8
ERR909124#2,19A,0.864,19A
SRR26877794#1,31,0.813,31
SRR26883826#4,8,0.926,8
SRR26883826#11,8,0.655,8
ERR2681085#1,6B,0.143,20B
ERR2681085#15,6B,0.373,6E
ERR742622#5,19A,0.136,29
ERR742622#12,19A,0.861,19A
ERR13364588#1,4,0.137,4
ERR13364588#7,4,0.907,4
SRR26834431#12,10A,0.68,10A
SRR26834431#25,10A,0.174,10A
ERR1065671#2,19F,0.2,9V
ERR1065671#4,19F,0.677,19F
ERR316583#1,6B,0.216,6B
SRR26714497#7,8,0.925,8
SRR26714497#14,8,0.704,8
ERR2667721#2,2,0.889,2
ERR730150#8,23F,0.58,23F
ERR750991#8,4,0.838,4
ERR750991#54,4,0.363,4
ERR331462#22,9V,0.266,9V
ERR331462#37,9V,0.353,9V
ERR1202630#3,3,0.739,3
SRR26834197#128,16F,0.084,9V
SRR26834197#130,16F,0.216,4
SRR26594788#1,15A,0.79,15A
SRR26594331#2,8,0.925,8
SRR26594331#14,8,0.679,8
ERR714425#3,4,0.341,4
ERR714425#24,4,0.11,34
SRR26930790#20,15A,0.781,15A
SRR26930790#21,15A,0.097,15A
ERR2091102#1,19F,0.746,19F
SRR26834407#1,15A,0.206,15A
SRR26834407#16,15A,0.708,15A
ERR869887#2,6B,0.218,6E
ERR869887#16,6B,0.107,19F
ERR1788025#4,12F,0.27,4
ERR1788025#11,12F,0.299,12F
SRR26714576#1,19F,0.374,37
SRR26714576#18,19F,0.681,19F
ERR2090988#2,1,0.628,1
ERR2090988#7,1,0.806,1
ERR1066202#2,23F,0.383,23F
ERR1066202#4,23F,0.259,20A
ERR742594#1,3,0.96,3
ERR3796928#5,24F,0.779,24F
ERR742421#1,14,0.797,14
ERR742421#29,14,0.909,14
ERR730921#6,14,0.844,14
ERR730921#23,14,0.944,14
ERR742564#1,3,0.96,3
SRR26817995#3,8,0.655,8
SRR26817995#5,8,0.925,8
SRR26911012#5,3,0.955,3
ERR1288905#1,23F,0.708,23F
SRR26749215#4,8,0.928,8
SRR26749215#12,8,0.655,8
SRR26749660#23,23B,0.502,23B
SRR26749660#77,23B,0.132,23B
SRR26884335#14,17F,0.796,17F
SRR26884335#45,17F,0.562,17F
ERR490799#3,9V,0.412,9V
ERR490799#9,9V,0.252,9V
ERR714456#2,22F,0.576,22F
ERR730251#1,19A,0.866,19A
ERR925370#1,34,0.346,34
ERR925370#51,34,0.728,34
ERR1453711#4,6C,0.552,6C
ERR13374800#2,17F,0.172,21
ERR13374800#4,17F,0.552,17F
SRR26884520#2,8,0.673,8
SRR26884520#7,8,0.925,8
SRR26789914#2,22F,0.721,22F
SRR26789914#17,22F,0.454,22F
ERR980182#5,38,0.359,25A
ERR980182#16,38,0.445,25A
ERR13365323#14,4,0.139,4
ERR13365323#27,4,0.904,4
SRR26672801#4,3,0.955,3
ERR331469#2,27,0.841,27
ERR326696#20,1,0.765,1
ERR326696#60,1,0.3,1
SRR26878353#4,9N,0.738,9N
SRR26878353#11,9N,0.654,9N
ERR1788183#1,6B,0.365,6E
SRR26910524#2,8,0.704,8
SRR26910524#5,8,0.921,8
ERR1658188#2,19F,0.743,19F
ERR1658188#11,19F,0.093,9V
SRR26879965#1,23A,0.852,23A
ERR568720#1,19A,0.865,19A
SRR26673583#1,8,0.892,8
SRR26673583#26,8,0.704,8
ERR2667735#2,1,0.315,1
ERR2667735#8,1,0.838,1
ERR1214537#1,3,0.955,3
ERR1756438#1,35A,0.444,35A
ERR925083#1,6A,0.572,6A
SRR26878074#3,8,0.702,8
SRR26878074#4,8,0.872,8
SRR26834437#1,3,0.96,3
ERR750805#9,6A,0.548,6A
SRR26749166#2,22F,0.429,22F
SRR26749166#6,22F,0.454,22F
ERR1453537#12,23F,0.215,10B
ERR1453537#17,23F,0.699,23F
ERR862449#2,6B,0.395,6B
ERR2853540#1,19A,0.858,19A
ERR869920#17,17F,0.838,17F
ERR869920#22,17F,0.329,17F
ERR600170#5,15A,0.294,15A
ERR600170#16,15A,0.778,15A
ERR600438#10,14,0.781,14
ERR600438#31,14,0.075,10A
ERR9796520#1,19A,0.882,19A
ERR2668124#1,6C,0.474,6C
ERR2667911#6,7F,0.726,7F
ERR331116#10,6B,0.144,3
ERR331116#21,6B,0.099,6B
SRR26884009#2,17F,0.562,17F
SRR26884009#11,17F,0.292,17F
SRR26910483#1,8,0.903,8
ERR340839#1,3,0.96,3
SRR26673199#2,11A,0.588,11C
SRR26673199#30,11A,0.273,9N
ERR1066191#4,35A,0.76,35A
SRR26749546#8,19F,0.692,19F
SRR26749546#25,19F,0.152,9V
ERR1453408#6,6B,0.597,6E
ERR714125#22,4,0.881,4
ERR714125#52,4,0.214,4
SRR26931083#1,9N,0.65,9N
ERR3831149#3,24F,0.764,24F
ERR913443#1,34,0.364,34
ERR913443#12,34,0.782,34
ERR2089359#3,7C,0.713,7C
SRR26789429#3,23A,0.246,48
SRR26789429#14,23A,0.472,23A
ERR2089758#2,18C,0.448,18C
ERR13365819#1,8,0.83,8
ERR1106788#6,11A,0.368,11A
SRR26789680#2,8,0.655,8
SRR26789680#3,8,0.926,8
ERR13364868#1,18C,0.359,18C
SRR26673502#2,11A,0.251,11
SRR26673502#29,11A,0.536,11C
SRR26910704#1,12F,0.332,12F
SRR26910704#8,12F,0.472,12F
ERR13365673#1,20A,0.439,20B
ERR925369#1,19F,0.158,19F
ERR925369#3,19F,0.238,10A
ERR714534#1,23F,0.284,22F
ERR714534#9,23F,0.618,23F
SRR26749380#3,23B,0.74,23B
SRR26749380#28,23B,0.129,23B
ERR730475#1,19F,0.169,28A
ERR730475#4,19F,0.668,19F
ERR662429#2,22F,0.454,22F
ERR662429#43,22F,0.625,22F
SRR26834474#15,15A,0.653,15A
SRR26789945#3,8,0.702,8
SRR26789945#5,8,0.873,8
ERR505713#1,19F,0.645,19A
ERR505713#7,19F,0.339,48
ERR13374938#2,8,0.919,8
ERR13374938#8,8,0.673,8
SRR26834051#5,9N,0.744,9N
SRR26834051#7,9N,0.654,9N
ERR742528#1,18C,0.454,18C
ERR13365109#5,38,0.352,25A
ERR13365109#17,38,0.389,38
SRR26883965#10,13,0.198,13
SRR26883965#26,13,0.914,13
ERR2612050#18,9V,0.803,9V
ERR2612050#39,9V,0.369,9V
ERR2089174#2,13,0.96,13
ERR2089174#7,13,0.353,13
ERR1202522#3,18C,0.249,18C
ERR331115#20,6C,0.378,6C
ERR331115#95,6C,0.106,5
SRR26878214#1,9N,0.738,9N
SRR26878214#11,9N,0.654,9N
SRR26880133#1,37,0.646,37
SRR26880133#18,37,0.844,37
ERR1788242#5,14,0.265,14
ERR1788242#29,14,0.774,14
ERR2089573#1,23F,0.58,23F
SRR26749229#4,22F,0.729,22F
SRR26749229#5,22F,0.399,22F
ERR505901#13,23F,0.192,10B
ERR505901#14,23F,0.674,23F
ERR2089155#2,1,0.269,1
ERR2089155#5,1,0.851,1
SRR26910906#12,10A,0.555,10A
SRR26910906#25,10A,0.463,10A
SRR26911200#38,23A,0.276,23A
SRR26911200#40,23A,0.704,23A
ERR1422588#2,19F,0.657,6E
ERR1422588#6,19F,0.641,19A
SRR26749441#2,8,0.673,8
SRR26749441#3,8,0.925,8
ERR773949#2,1,0.613,1
ERR773949#5,1,0.773,1
ERR1788217#1,19F,0.203,19F
ERR1788217#4,19F,0.727,19F
ERR1658110#1,23B,0.909,23B
SRR26797167#2,8,0.679,8
SRR26797167#4,8,0.925,8
SRR26878462#4,3,0.955,3
SRR26818331#1,9N,0.648,9N
ERR433643#2,19F,0.502,19F
ERR433643#44,19F,0.099,19F
SRR26930614#2,15B,0.438,15B
ERR2818759#1,19A,0.893,19A
ERR909051#1,35B,0.403,35D
ERR909051#3,35B,0.674,35B
ERR633059#7,4,0.804,4
ERR633059#53,4,0.363,4
ERR730495#5,5,0.201,5
ERR730495#23,5,0.507,5
SRR26673452#12,12F,0.304,12F
SRR26673452#29,12F,0.478,12F
ERR714704#4,14,0.844,14
ERR714704#23,14,0.947,14
ERR1453343#1,21,0.581,21
ERR1453343#14,21,0.414,21
ERR1788531#4,5,0.905,5
ERR1788531#22,5,0.53,5
ERR2681151#1,6A,0.549,6A
ERR2681151#28,6A,0.11,15A
SRR26673638#8,20B,0.548,20B
SRR26673638#20,20B,0.17,20B
ERR2090205#7,6A,0.562,6A
ERR2090205#21,6A,0.16,10A
ERR1214651#12,6C,0.257,6D
ERR1214651#21,6C,0.548,6C
ERR1192003#7,6A,0.557,6E
SRR26789820#9,21,0.616,21
SRR26789820#31,21,0.529,21
SRR26673138#13,38,0.499,38
SRR26673138#21,38,0.738,38
ERR714623#1,18C,0.118,6D
ERR714623#2,18C,0.466,18C
ERR13365725#1,23A,0.852,23A
ERR340880#1,23F,0.54,23F
ERR984273#1,19F,0.552,19F
ERR3303405#11,19B,0.669,19B
ERR1788474#3,6B,0.404,6E
ERR2089871#1,6A,0.47,6A
ERR1214444#2,22F,0.728,22F
ERR1214444#3,22F,0.624,22F
ERR876547#1,6A,0.505,6A
ERR4289080#2,6A,0.541,6A
ERR4289080#6,6A,0.105,15B
ERR997626#2,6A,0.426,6A
ERR742389#6,19A,0.85,19A
ERR862338#8,6B,0.488,6B
ERR862338#12,6B,0.074,15C
ERR2680709#1,6A,0.554,6A
ERR2680709#32,6A,0.066,25A
ERR1453808#2,45,0.586,45
ERR1453808#5,45,0.759,45
ERR913250#1,14,0.748,14
ERR913250#22,14,0.75,14
SRR26930319#2,22F,0.721,22F
SRR26930319#16,22F,0.454,22F
SRR26789634#9,7F,0.526,7F
SRR26789634#57,7F,0.475,7F
ERR909215#1,9N,0.301,9N
ERR909215#12,9N,0.49,9N
ERR714380#1,3,0.953,3
ERR505935#7,6A,0.572,6A
ERR3796013#2,14,0.592,14
ERR3796013#7,14,0.941,14
SRR26883825#1,3,0.96,3
ERR980186#1,3,0.953,3
ERR2089813#1,18C,0.434,18C
SRR26878101#1,37,0.314,37
SRR26878101#19,37,0.844,37
SRR26879814#2,22F,0.788,22F
SRR26879814#14,22F,0.454,22F
SRR26595033#2,8,0.704,8
SRR26595033#6,8,0.925,8
ERR1638456#21,20,0.453,20B
ERR1638456#66,20,0.12,34
ERR2090633#11,6B,0.595,6E
ERR980219#1,1,0.804,1
ERR980219#5,1,0.834,1
SRR26817784#1,12F,0.332,12F
SRR26817784#9,12F,0.463,12F
SRR26878474#1,8,0.899,8
SRR26818408#1,12F,0.502,12F
SRR26818408#6,12F,0.481,12F
ERR2352167#1,23A,0.695,23A
ERR2090791#29,19A,0.906,19A
ERR2090791#54,19A,0.065,6D
SRR26797297#6,8,0.872,8
SRR26797297#14,8,0.702,8
ERR13365570#1,3,0.96,3
ERR908935#1,34,0.364,34
ERR908935#20,34,0.791,34
SRR26749620#1,7C,0.618,7C
SRR26749620#6,7C,0.792,7C
ERR13364505#5,11A,0.368,11A
ERR884512#15,14,0.636,14
ERR884512#22,14,0.288,11C
SRR26797846#1,19A,0.865,19A
ERR13364971#25,4,0.373,4
ERR13364971#26,4,0.499,4
ERR3164269#8,14,0.284,11C
ERR3164269#13,14,0.498,14
ERR1214607#2,33B,0.103,5
ERR1214607#8,33B,0.68,33B
ERR773867#2,22F,0.519,22F
ERR773867#21,22F,0.061,13
ERR1214423#2,14,0.733,14
ERR1214423#3,14,0.22,20B
SRR26673710#17,22F,0.687,22F
SRR26673710#37,22F,0.408,22F
ERR8481723#1,8,0.846,8
ERR338232#9,19A,0.893,19A
ERR1202578#1,19A,0.513,19A
ERR632926#7,6A,0.505,6A
ERR632926#12,6A,0.116,6C
SRR26789376#1,15A,0.751,15A
SRR26789376#23,15A,0.082,10A
SRR26594808#2,3,0.96,3
ERR2853424#5,19A,0.866,19A
ERR2091152#6,7F,0.76,7F
ERR2091152#30,7F,0.575,7F
ERR1453404#1,13,0.923,13
ERR1453404#14,13,0.372,13
ERR913384#1,23B,0.377,23B
ERR1065895#1,19A,0.864,19A
ERR750758#5,35A,0.388,35A
SRR26594799#3,8,0.532,8
SRR26594799#7,8,0.926,8
ERR600606#1,14,0.738,14
ERR600606#3,14,0.086,15A
ERR568613#9,14,0.983,14
ERR568613#10,14,0.78,14
ERR2680999#1,19A,0.782,19A
SRR26714415#1,8,0.899,8
ERR1788317#5,14,0.248,10B
ERR1788317#17,14,0.774,14
SRR26879644#1,8,0.884,8
SRR26884191#3,8,0.702,8
SRR26884191#22,8,0.644,8
ERR13374753#4,9N,0.649,9N
ERR13374753#21,9N,0.722,9N
SRR26883998#1,35F,0.887,35F
SRR26910857#10,12F,0.438,12F
SRR26910857#16,12F,0.494,12F
ERR714490#2,14,0.578,14
ERR714490#22,14,0.948,14
ERR913211#2,1,0.804,1
ERR913211#3,1,0.834,1
ERR326587#19,23F,0.355,38
ERR326587#127,23F,0.657,22F
ERR742465#6,19A,0.126,29
ERR742465#11,19A,0.851,19A
ERR1214437#14,35B,0.375,35B
ERR2089098#2,19F,0.233,28A
ERR2089098#7,19F,0.677,19F
SRR26749985#1,20B,0.157,6D
SRR26749985#2,20B,0.43,20B
SRR26714760#1,8,0.708,8
SRR26789502#2,35B,0.521,35D
ERR714598#3,15A,0.555,15A
ERR714598#22,15A,0.288,7C
ERR13365810#2,33F,0.793,33F
ERR742828#21,5,0.587,5
ERR742828#24,5,0.507,5
SRR26883999#2,3,0.957,3
ERR730842#6,4,0.149,15A
ERR730842#20,4,0.213,4
ERR714721#14,6A,0.5,6A
ERR714721#44,6A,0.127,33D
ERR2090948#2,6A,0.471,6A
SRR26818674#2,10A,0.772,10A
SRR26818674#22,10A,0.461,10A
ERR701866#1,6B,0.488,6B
ERR701866#6,6B,0.389,6B
ERR4501329#1,24F,0.77,24F
ERR3655298#7,6B,0.406,6E
SRR26880175#3,17F,0.124,19B
SRR26880175#17,17F,0.823,17F
ERR997516#1,20A,0.435,20
ERR2667322#4,5,0.693,5
ERR2667322#9,5,0.495,5
ERR742743#1,19F,0.694,19F
ERR742743#7,19F,0.158,19F
ERR730844#12,6A,0.624,6A
ERR730844#31,6A,0.078,10A
ERR600546#2,4,0.407,4
ERR997683#1,6A,0.619,6A
SRR26818546#1,23B,0.911,23B
ERR13365643#8,14,0.951,14
ERR13365643#11,14,0.77,14
ERR1288969#3,5,0.373,5
ERR1288969#24,5,0.53,5
SRR26594793#2,3,0.955,3
ERR600315#3,1,0.217,1
ERR600315#13,1,0.829,1
ERR1192125#1,1,0.269,1
ERR1192125#5,1,0.851,1
ERR13364426#18,3,0.739,3
ERR751050#1,14,0.729,14
ERR751050#10,14,0.086,15A
SRR26877932#1,35F,0.887,35F
SRR26749678#2,19A,0.155,7F
SRR26749678#32,19A,0.112,4
SRR26749216#1,9N,0.654,9N
SRR26749216#2,9N,0.744,9N
SRR26789742#18,4,0.41,4
SRR26789742#25,4,0.701,4
ERR13364639#13,19A,0.7,19A
SRR26833712#11,3,0.96,3
SRR26790071#1,35B,0.464,35D
ERR13364449#2,23A,0.853,23A
ERR730383#1,23F,0.642,7C
ERR730383#4,23F,0.707,23F
SRR26931706#1,7C,0.514,7C
SRR26931706#7,7C,0.68,7C
ERR913121#1,19A,0.864,19A
ERR316631#1,6A,0.572,6A
ERR600222#1,19A,0.808,19A
ERR1065722#4,23F,0.732,23F
SRR26673561#2,12F,0.493,12F
SRR26673561#6,12F,0.478,12F
ERR913236#1,19A,0.857,19A
ERR633019#1,19A,0.865,19A
SRR26797328#2,11A,0.356,11E
SRR26911088#1,8,0.899,8
ERR742595#7,6B,0.599,6E
SRR26880137#8,15C,0.529,15C
SRR26880137#20,15C,0.077,15B
ERR5104415#1,4,0.499,4
ERR5104415#29,4,0.638,4
ERR1106776#1,4,0.216,4
ERR1106776#7,4,0.402,4
SRR26879886#2,8,0.931,8
SRR26879886#14,8,0.679,8
ERR750851#1,2,0.801,2
ERR13374728#1,19F,0.274,20A
ERR13374728#8,19F,0.738,19F
ERR1065848#1,15A,0.746,15A
SRR26931418#7,8,0.926,8
SRR26931418#12,8,0.724,8
SRR26714112#3,8,0.821,8
SRR26594750#1,15C,0.265,15C
SRR26594750#11,15C,0.091,6D
ERR900659#1,13,0.123,13
ERR900659#8,13,0.963,13
SRR26714921#8,7C,0.541,7C
SRR26714921#23,7C,0.231,7C
SRR26911035#5,3,0.955,3
ERR997570#7,6A,0.51,6E
ERR8481559#4,15B,0.335,15C
SRR26673117#7,7F,0.677,7F
SRR26673117#34,7F,0.209,7F
SRR26715059#2,8,0.673,8
SRR26715059#7,8,0.925,8
ERR438980#2,1,0.669,1
ERR438980#5,1,0.777,1
ERR433991#1,19A,0.805,19A
SRR26910964#1,3,0.96,3
ERR730429#2,1,0.804,1
ERR730429#3,1,0.834,1
ERR876636#9,14,0.521,14
ERR876636#37,14,0.075,10A
ERR773974#1,6A,0.413,6A
ERR1430968#7,34,0.784,34
ERR4501339#2,24F,0.764,24F
SRR26880256#20,10A,0.772,10A
SRR26880256#25,10A,0.461,10A
ERR913251#1,14,0.217,12A
ERR913251#8,14,0.457,14
SRR26910269#1,11A,0.34,11E
ERR925129#8,21,0.246,37
ERR925129#25,21,0.529,21
SRR26789707#1,15A,0.79,15A
SRR26594700#16,15A,0.749,15A
SRR26594700#51,15A,0.096,15A
ERR876551#4,4,0.47,4
ERR876551#20,4,0.225,4
ERR1214561#2,18C,0.415,18B
ERR505988#2,3,0.96,3
ERR13365326#3,10A,0.684,10A
ERR13365326#23,10A,0.473,10A
ERR13375042#4,22F,0.613,22F
ERR13375042#8,22F,0.683,22F
ERR13365860#1,35F,0.886,35F
ERR600255#1,9N,0.573,9N
SRR26833819#2,3,0.955,3
SRR26789210#4,8,0.922,8
SRR26789210#14,8,0.724,8
ERR13365751#2,3,0.96,3
ERR908974#2,6A,0.511,6A
ERR2090415#1,1,0.821,3
ERR714523#15,6A,0.542,6A
ERR750755#17,46,0.349,12F
ERR750755#22,46,0.188,12F
ERR2680609#9,23F,0.687,23F
SRR26594629#1,35B,0.355,35B
ERR1453617#3,3,0.955,3
ERR2667285#2,2,0.895,2
ERR1658163#6,34,0.784,34
SRR26714883#1,19A,0.863,19A
ERR742562#2,23F,0.535,23F
SRR26834025#2,17F,0.599,17F
SRR26834025#14,17F,0.793,17F
ERR1214565#2,18C,0.113,15F
ERR1214565#4,18C,0.517,18B
SRR26931424#1,23B,0.896,23B
ERR730269#1,23F,0.679,23F
SRR26880392#1,12F,0.494,12F
SRR26880392#8,12F,0.438,12F
ERR742651#3,3,0.96,3
SRR26878226#2,8,0.655,8
SRR26878226#4,8,0.928,8
SRR26878500#23,17F,0.628,24A
SRR26878500#35,17F,0.56,17F
SRR26673110#7,33F,0.766,33F
SRR26673110#15,33F,0.464,33F
ERR13365700#3,10B,0.827,10B
ERR1214691#2,23F,0.71,23F
SRR26930509#10,7F,0.512,7F
SRR26930509#25,7F,0.664,7F
SRR26749613#2,31,0.813,31
SRR26880037#15,21,0.302,34
SRR26880037#33,21,0.587,21
SRR26594558#1,3,0.96,3
SRR26797596#1,9N,0.649,9N
ERR14653973#2,23F,0.706,23F
ERR1788100#5,7F,0.729,7F
ERR1202585#4,19A,0.148,29
ERR1202585#11,19A,0.862,19A
ERR714408#1,23F,0.582,23F
SRR26910270#1,23A,0.852,23A
SRR26833996#1,11E,0.393,11E
ERR1422618#8,5,0.235,5
ERR1422618#19,5,0.325,5
ERR7567744#2,8,0.743,8
SRR26818020#1,31,0.813,31
SRR26790060#5,22F,0.454,22F
SRR26790060#47,22F,0.625,22F
ERR714638#1,19A,0.864,19A
ERR326738#1,23F,0.761,23F
ERR742610#4,19A,0.145,29
ERR742610#18,19A,0.861,19A
ERR13374824#2,3,0.96,3
SRR26749858#10,15A,0.201,5
SRR26749858#23,15A,0.781,15A
ERR13365707#2,19A,0.792,19A
ERR13365707#5,19A,0.148,7F
ERR884448#1,19A,0.808,19A
ERR750930#2,6B,0.407,6E
SRR26930648#1,11A,0.351,11E
ERR3899236#14,6A,0.144,16F
ERR3899236#19,6A,0.496,6A
ERR3796686#3,24F,0.78,24F
ERR1202471#1,35B,0.4,35D
ERR1202471#6,35B,0.472,35B
ERR1788381#3,3,0.955,3
ERR925162#1,7C,0.428,7C
ERR1658141#5,34,0.784,34
ERR2612086#2,14,0.988,14
ERR2612086#18,14,0.766,14
SRR26797334#1,7C,0.721,7C
ERR1065953#5,7C,0.429,7C
ERR1788452#1,23F,0.605,23F
SRR26672762#4,19F,0.63,19F
SRR26672762#47,19F,0.305,19F
ERR909184#2,13,0.207,13
ERR909184#9,13,0.965,13
SRR26789292#12,8,0.655,8
SRR26789292#18,8,0.929,8
SRR26673327#6,8,0.929,8
SRR26673327#24,8,0.655,8
ERR13365227#4,9V,0.608,9V
ERR13365227#17,9V,0.339,9V
SRR26594832#4,15A,0.211,15A
SRR26594832#10,15A,0.318,15A
ERR1065116#1,15A,0.612,15A
ERR2090299#10,31,0.774,31
ERR742558#5,22F,0.39,22F
ERR742558#27,22F,0.625,22F
SRR26879714#11,3,0.96,3
SRR26879552#1,12F,0.502,12F
SRR26879552#8,12F,0.463,12F
SRR26715014#1,3,0.955,3
SRR26715030#2,12F,0.334,12F
SRR26715030#8,12F,0.493,12F
SRR26883795#1,22F,0.569,22F
SRR26883795#4,22F,0.583,22F
ERR774102#2,19A,0.869,19A
SRR26817781#2,19A,0.86,19A
SRR26673658#1,19A,0.809,19A
ERR13374880#1,10A,0.771,10A
ERR13374880#32,10A,0.491,10A
SRR26789803#2,8,0.655,8
SRR26789803#4,8,0.926,8
ERR884419#25,6B,0.183,19F
ERR884419#28,6B,0.414,6A
SRR26834058#2,12F,0.218,10B
SRR26834058#7,12F,0.463,12F
ERR2089527#2,19F,0.151,6C
ERR2089527#10,19F,0.546,19F
ERR1422459#1,35F,0.87,35F
ERR506065#11,7F,0.526,7F
ERR506065#55,7F,0.438,7F
ERR3303379#2,19B,0.659,19B
ERR1065438#2,28F,0.454,28F
ERR2667207#6,9N,0.598,9N
ERR2667207#18,9N,0.658,9N
ERR742340#16,6C,0.541,6C
ERR1214359#9,6B,0.449,6B
SRR26930738#8,8,0.927,8
SRR26930738#15,8,0.234,8
ERR979986#20,35B,0.55,20A
ERR979986#24,35B,0.558,35B
SRR26790073#2,8,0.702,8
SRR26790073#4,8,0.93,8
ERR884536#1,19A,0.808,19A
ERR13366101#14,22F,0.4,22F
ERR13366101#28,22F,0.73,22F
ERR3796656#5,24F,0.782,24F
ERR433964#2,1,0.217,1
ERR433964#5,1,0.843,1
ERR3796941#2,24F,0.77,24F
ERR570377#1,6A,0.195,6A
ERR570377#16,6A,0.498,6A
SRR26714113#2,23B,0.748,23B
SRR26714113#33,23B,0.124,23B
ERR3655264#10,6A,0.47,6E
ERR1788114#5,9N,0.766,9N
ERR1788114#10,9N,0.678,9N
SRR26878248#5,3,0.955,3
ERR505975#1,3,0.953,3
ERR1106800#10,12F,0.299,12F
ERR1106800#15,12F,0.33,12F
ERR449142#14,14,0.759,14
ERR449142#30,14,0.116,48
ERR2089226#3,6A,0.428,6A
SRR26818361#1,12F,0.332,12F
SRR26818361#7,12F,0.446,12F
ERR1065267#3,9N,0.542,9N
ERR1065267#5,9N,0.642,9N
SRR26878489#5,8,0.926,8
SRR26878489#13,8,0.655,8
ERR980214#3,8,0.861,8
ERR980214#8,8,0.508,7F
SRR26790005#1,12F,0.328,12F
SRR26790005#9,12F,0.438,12F
ERR1788376#6,19A,0.797,19A
SRR26911022#1,8,0.899,8
ERR1065772#1,7C,0.817,7C
ERR1065772#11,7C,0.703,7C
ERR13364941#11,16F,0.632,16F
SRR26789943#1,3,0.96,3
ERR1192005#8,28F,0.114,28A
ERR1192005#21,28F,0.141,28F
ERR773829#1,6A,0.195,6A
ERR773829#14,6A,0.45,6A
ERR8481719#2,19A,0.868,19A
SRR26673374#1,22F,0.591,22F
SRR26673374#4,22F,0.608,22F
ERR316701#1,13,0.124,33B
ERR316701#14,13,0.967,13
SRR26714129#1,7C,0.618,7C
SRR26714129#12,7C,0.231,7C
ERR2680641#2,24A,0.603,24A
ERR2680641#6,24A,0.239,48
SRR26883768#1,10A,0.582,10A
SRR26883768#27,10A,0.461,10A
ERR433793#2,1,0.217,1
ERR433793#5,1,0.848,1
SRR26879969#1,3,0.96,3
SRR26672760#1,23A,0.85,23A
ERR326493#29,6B,0.155,28A
ERR326493#122,6B,0.275,6C
ERR505892#1,6A,0.57,6A
SRR26797646#2,15A,0.674,15A
ERR925172#1,19F,0.158,19F
ERR925172#14,19F,0.238,10A
ERR600495#1,8,0.827,8
SRR26833912#1,12F,0.495,12F
SRR26833912#10,12F,0.438,12F
SRR26910367#1,23B,0.909,23B
ERR13365308#1,15A,0.763,15A
ERR3303403#1,33B,0.781,33B
ERR13365848#10,35B,0.569,35B
ERR13365848#15,35B,0.263,11C
ERR1065640#1,35B,0.416,35D
ERR1065640#17,35B,0.458,35B
ERR1453587#2,3,0.955,3
ERR2853474#1,19A,0.873,19A
ERR2680729#1,19F,0.129,19F
ERR2680729#5,19F,0.714,19F
SRR26911000#2,3,0.739,3
ERR13374812#2,8,0.226,15F
ERR13374812#6,8,0.905,8
SRR26714421#1,19F,0.816,19F
SRR26714421#25,19F,0.214,37
SRR26797960#6,6C,0.338,6C
ERR9796536#3,19F,0.588,7C
ERR9796536#8,19F,0.136,15B
SRR26673630#1,12F,0.494,12F
SRR26673630#7,12F,0.472,12F
SRR26673332#5,19A,0.136,29
SRR26673332#12,19A,0.861,19A
SRR26817937#1,15B,0.206,35C
SRR26817937#16,15B,0.357,15B
SRR26789212#6,12F,0.415,46
SRR26789212#16,12F,0.229,12F
SRR26749478#11,19A,0.894,19A
ERR13375021#1,23B,0.232,23B
ERR13375021#44,23B,0.152,11B
ERR730348#1,14,0.149,33D
ERR730348#5,14,0.942,14
ERR862407#5,16F,0.722,16F
ERR862407#19,16F,0.429,16F
SRR26879441#1,8,0.895,8
SRR26833722#5,8,0.884,8
SRR26673004#3,20B,0.36,20
ERR1795451#14,7F,0.291,7F
ERR1795451#26,7F,0.666,7F
SRR26911060#4,20B,0.083,7C
SRR26911060#34,20B,0.455,20A
ERR2090736#3,6C,0.696,6C
SRR26931533#2,8,0.724,8
SRR26931533#4,8,0.929,8
ERR2667938#2,1,0.759,1
ERR2667938#47,1,0.269,1
ERR331110#2,6B,0.197,23F
ERR331110#25,6B,0.176,5
ERR1202515#2,9L,0.486,9L
ERR13365761#6,4,0.104,28F
ERR13365761#20,4,0.305,4
ERR13364668#1,18C,0.45,18C
SRR26878045#2,3,0.96,3
ERR570479#1,19F,0.69,19F
ERR570479#11,19F,0.17,7C
SRR26884278#4,3,0.955,3
ERR2681391#2,35A,0.82,35A
ERR908977#1,13,0.182,20A
ERR908977#10,13,0.964,13
SRR26714176#4,33F,0.757,33F
SRR26714176#17,33F,0.574,33F
ERR2680942#1,6A,0.562,6A
ERR2680942#23,6A,0.11,15A
ERR2667915#2,19A,0.865,19A
ERR1288835#14,18A,0.364,18A
ERR1288835#15,18A,0.407,18A
SRR26884092#5,3,0.955,3
ERR925383#1,10A,0.703,10A
ERR925383#6,10A,0.576,10A
ERR586440#5,19A,0.48,19A
ERR586440#15,19A,0.393,37
ERR1065654#2,18C,0.437,18C
ERR2090084#1,10A,0.609,10A
ERR2090084#7,10A,0.164,10A
ERR1540734#10,14,0.983,14
ERR1540734#11,14,0.766,14
ERR1192090#9,21,0.293,12F
ERR1192090#19,21,0.307,5
ERR884336#4,14,0.228,14
ERR884336#8,14,0.754,14
SRR26883920#3,22F,0.618,22F
SRR26883920#6,22F,0.429,22F
SRR26910993#1,15A,0.164,14
SRR26910993#32,15A,0.773,15A
ERR3227820#1,24F,0.781,24F
ERR326351#23,35F,0.074,28A
ERR326351#35,35F,0.933,35F
ERR1106796#4,19A,0.758,19A
ERR1106796#22,19A,0.554,33D
ERR701861#12,6B,0.342,6B
ERR701861#28,6B,0.488,6B
ERR862517#2,13,0.22,33D
ERR862517#14,13,0.946,13
ERR2090563#1,1,0.628,1
ERR2090563#7,1,0.849,1
SRR26878324#4,12F,0.438,12F
SRR26878324#7,12F,0.489,12F
SRR26910321#1,19A,0.893,19A
ERR3796201#4,14,0.804,14
ERR3796201#6,14,0.585,14
ERR714685#7,6C,0.388,6C
ERR714685#40,6C,0.214,6C
SRR26714353#1,20B,0.449,20B
SRR26714353#4,20B,0.47,20B
ERR2090774#2,12F,0.323,12F
ERR2090774#4,12F,0.451,12F
SRR26595116#3,12F,0.439,21
SRR26595116#8,12F,0.332,12F
ERR8481859#1,11A,0.504,11A
ERR909068#2,34,0.364,34
ERR909068#18,34,0.782,34
SRR26789929#6,3,0.955,3
SRR26818173#9,10A,0.772,10A
SRR26818173#24,10A,0.461,10A
SRR26595015#2,22F,0.721,22F
SRR26595015#16,22F,0.454,22F
SRR26884105#2,22F,0.429,22F
SRR26884105#3,22F,0.618,22F
ERR1106809#1,40,0.882,40
ERR1106748#6,10A,0.164,10A
ERR1106748#21,10A,0.554,10A
SRR26750012#5,3,0.955,3
ERR774726#16,19F,0.672,19F
ERR774726#30,19F,0.391,19F
ERR884412#17,14,0.7,14
ERR884412#27,14,0.117,15B
ERR1788564#2,40,0.922,40
ERR1788564#11,40,0.187,10F
SRR26910954#1,9N,0.654,9N
SRR26910954#22,9N,0.738,9N
ERR1202140#1,13,0.918,13
SRR26834479#14,23A,0.852,23A
ERR2091096#2,5,0.401,5
ERR2091096#25,5,0.53,5
SRR26818332#4,3,0.955,3
ERR2680886#1,14,0.716,14
ERR2680886#3,14,0.227,10A
ERR1065696#1,19F,0.654,19F
ERR884610#26,6B,0.619,6B
ERR884610#86,6B,0.6,45
ERR8481738#1,13,0.953,13
ERR2680971#1,14,0.736,14
ERR2680971#22,14,0.243,10A
ERR750759#5,23F,0.702,23F
SRR26673655#2,8,0.679,8
SRR26673655#7,8,0.925,8
ERR730738#2,1,0.217,1
ERR730738#6,1,0.843,1
ERR13365349#32,6B,0.453,6A
ERR13365349#81,6B,0.088,46
SRR26878306#2,22F,0.732,22F
SRR26878306#15,22F,0.454,22F
SRR26879660#9,15A,0.134,9L
SRR26879660#54,15A,0.225,35C
ERR1540702#1,23B,0.91,23B
SRR26931699#1,3,0.96,3
ERR632869#1,14,0.592,14
ERR632869#2,14,0.944,14
ERR980083#1,11A,0.128,31
ERR980083#16,11A,0.471,11A
ERR2090227#4,14,0.221,20B
ERR2090227#9,14,0.736,14
ERR340826#1,23F,0.773,23F
ERR913217#2,3,0.676,3
ERR3227778#3,14,0.741,14
ERR3227778#6,14,0.62,14
ERR326457#7,24F,0.734,24F
ERR326457#126,24F,0.321,37
ERR13374965#2,3,0.955,3
SRR26749479#6,21,0.708,21
SRR26749479#28,21,0.529,21
ERR646576#1,19F,0.524,19F
ERR646576#39,19F,0.099,19F
SRR26834404#7,6C,0.584,45
SRR26834404#12,6C,0.26,6C
SRR26878496#1,12F,0.338,12F
SRR26878496#8,12F,0.213,25F
ERR1788185#1,19F,0.187,37
ERR1788185#7,19F,0.1,29
SRR26880389#1,15A,0.775,15A
ERR2090278#1,18A,0.325,18A
ERR2090278#3,18A,0.414,21
ERR14654047#2,3,0.955,3
ERR2091184#2,12F,0.327,12F
ERR2091184#6,12F,0.435,12F
ERR2667486#6,6A,0.567,6A
ERR2667486#24,6A,0.077,15A
ERR13365675#21,1,0.773,1
ERR13365675#49,1,0.342,1
ERR433545#3,12F,0.218,21
ERR433545#8,12F,0.451,46
ERR1788186#3,19F,0.538,19F
SRR26930527#1,22F,0.482,22F
SRR26930527#3,22F,0.618,22F
SRR26749614#6,33F,0.797,33F
SRR26749614#16,33F,0.546,33F
SRR26749981#4,12F,0.326,12F
SRR26749981#27,12F,0.438,12F
ERR2667924#2,14,0.59,14
ERR2667924#8,14,0.124,11
SRR26884705#1,7C,0.618,7C
SRR26884705#6,7C,0.813,7C
ERR730573#17,5,0.603,5
ERR730573#23,5,0.89,5
SRR26834252#1,3,0.96,3
ERR2090215#6,6B,0.212,6E
ERR2090215#29,6B,0.134,19F
SRR26818015#3,19A,0.141,29
SRR26818015#14,19A,0.863,19A
ERR1799701#7,10F,0.482,10F
ERR1799701#10,10F,0.682,10F
ERR2681235#2,14,0.719,14
ERR2681235#5,14,0.227,10A
SRR26930636#1,10A,0.772,10A
SRR26930636#4,10A,0.461,10A
ERR1453313#11,6B,0.597,6E
ERR338202#1,19F,0.733,19F
ERR338202#11,19F,0.085,9V
ERR600240#2,8,0.077,5
ERR600240#3,8,0.927,8
ERR2091251#5,12F,0.439,12B
ERR730332#2,9V,0.611,9V
ERR774499#1,8,0.655,8
ERR774499#7,8,0.879,8
SRR26880108#1,8,0.898,8
SRR26878418#1,7C,0.721,7C
ERR908929#2,19F,0.158,19F
ERR908929#3,19F,0.562,19F
SRR26749622#1,7C,0.618,7C
SRR26749622#6,7C,0.792,7C
ERR7567741#3,8,0.661,8
ERR7567741#8,8,0.884,8
ERR742422#14,6B,0.437,6A
ERR2089107#5,19A,0.732,19A
ERR2089107#20,19A,0.633,33D
SRR26714860#1,6C,0.706,6C
ERR2680637#2,34,0.119,34
ERR2680637#20,34,0.791,34
ERR3164327#2,14,0.716,14
ERR3164327#20,14,0.804,14
ERR909179#2,6A,0.21,6A
ERR909179#5,6A,0.5,6A
ERR730442#2,19A,0.713,19A
ERR774183#10,21,0.622,21
ERR774183#40,21,0.529,21
SRR26749363#16,22F,0.454,22F
SRR26749363#46,22F,0.625,22F
SRR26673146#1,8,0.884,8
ERR2089054#1,24F,0.586,24F
ERR586414#22,19A,0.808,19A
ERR1756476#3,9V,0.322,9V
ERR1756476#15,9V,0.519,9V
ERR979920#6,1,0.834,1
ERR979920#18,1,0.804,1
ERR3227810#1,23A,0.779,23A
ERR1065662#2,14,0.833,14
ERR1065662#3,14,0.404,14
ERR2089475#3,6A,0.444,6A
SRR26797254#1,9N,0.639,9N
ERR568526#16,6B,0.342,6B
ERR568526#23,6B,0.457,6B
ERR714437#3,19A,0.751,19A
ERR714437#23,19A,0.403,33D
ERR662327#1,3,0.955,3
ERR1202148#1,19F,0.555,19F
ERR1202148#19,19F,0.228,10A
ERR1288934#1,7F,0.642,7F
SRR26884426#2,10A,0.772,10A
SRR26884426#23,10A,0.463,10A
ERR632929#1,1,0.982,1
SRR26790204#2,12F,0.494,12F
SRR26790204#9,12F,0.463,12F
SRR26879702#114,3,0.957,3
ERR1065422#1,8,0.83,8
SRR26714140#1,19A,0.864,19A
SRR26879626#3,33F,0.778,33F
SRR26879626#16,33F,0.464,33F
ERR913232#1,19A,0.857,19A
SRR26879574#3,4,0.415,4
SRR26879574#21,4,0.267,4
SRR26884220#35,4,0.245,4
SRR26884220#132,4,0.502,4
SRR26749641#7,8,0.905,8
SRR26749641#15,8,0.724,8
ERR774352#1,8,0.828,8
ERR714497#1,34,0.364,34
ERR714497#20,34,0.779,34
ERR1430802#2,6B,0.594,6E
ERR742674#1,25F,0.332,38
ERR742674#26,25F,0.646,25F
ERR425369#8,14,0.116,48
ERR425369#10,14,0.783,14
ERR730757#9,23F,0.221,23F
ERR730757#28,23F,0.708,23F
SRR26594341#29,3,0.96,3
ERR2089682#2,1,0.628,1
ERR2089682#5,1,0.849,1
SRR26789356#7,33F,0.787,33F
SRR26789356#15,33F,0.534,33F
ERR438951#1,3,0.96,3
SRR26930714#1,31,0.813,31
ERR980350#3,3,0.955,3
SRR26834380#2,28A,0.472,28A
ERR2090970#1,1,0.774,1
ERR2090970#59,1,0.253,1
SRR26931372#3,8,0.679,8
SRR26931372#21,8,0.93,8
SRR26817969#2,8,0.736,8
ERR570445#1,14,0.088,18C
ERR570445#7,14,0.75,14
ERR2225398#1,24F,0.633,24F
ERR3796623#4,24F,0.78,24F
SRR26880242#2,7C,0.721,7C
ERR913418#2,19A,0.713,19A
SRR26884161#1,11A,0.356,11E
SRR26884665#18,3,0.955,3
ERR884430#1,6B,0.617,6E
SRR26818024#1,20B,0.533,20B
SRR26818024#4,20B,0.548,20B
ERR1422333#12,9L,0.309,28F
ERR1422333#17,9L,0.247,9L
ERR13365885#5,15B,0.098,15B
ERR13365885#9,15B,0.48,15C
SRR26884392#1,12F,0.328,12F
SRR26884392#5,12F,0.438,12F
ERR1214683#5,14,0.202,48
ERR1214683#34,14,0.218,22F
ERR13365550#11,22F,0.534,22F
ERR13365550#30,22F,0.728,22F
ERR1788470#2,14,0.988,14
ERR1788470#17,14,0.784,14
SRR26594319#6,8,0.926,8
SRR26594319#11,8,0.702,8
ERR751002#2,10A,0.693,10A
ERR751002#5,10A,0.574,10A
ERR13365865#32,19A,0.862,19A
ERR13365865#37,19A,0.084,28A
ERR869971#7,16F,0.629,16F
ERR869971#20,16F,0.102,16F
ERR13374749#2,8,0.673,8
ERR13374749#5,8,0.89,8
ERR997519#2,23F,0.586,23F
ERR997587#2,6A,0.42,6A
ERR433674#23,14,0.271,9V
ERR433674#46,14,0.916,14
ERR862277#22,29,0.744,29
ERR862277#27,29,0.102,20A
ERR956297#3,3,0.955,3
SRR26789336#17,33F,0.167,6D
SRR26789336#21,33F,0.644,33F
ERR1202573#12,7F,0.291,7F
ERR1202573#49,7F,0.513,7F
ERR13364549#1,19A,0.805,19A
ERR1065823#7,20A,0.433,20A
ERR1065823#17,20A,0.193,45
ERR862486#2,6B,0.455,6B
ERR862486#5,6B,0.35,6B
ERR2667959#2,38,0.352,25A
ERR2667959#25,38,0.52,25A
ERR3655141#2,14,0.739,14
ERR3655141#9,14,0.6,14
ERR316724#1,10A,0.328,10A
ERR316724#6,10A,0.298,21
ERR870256#10,9V,0.68,9V
ERR316727#4,15A,0.579,15A
ERR316727#28,15A,0.206,35C
ERR326373#20,6C,0.41,6C
ERR326373#94,6C,0.275,6C
ERR900661#12,6B,0.488,6B
ERR900661#17,6B,0.344,6B
SRR26789638#3,12F,0.327,12F
SRR26789638#5,12F,0.481,12F
SRR26884049#1,12F,0.316,12F
SRR26884049#5,12F,0.446,12F
ERR433941#5,7F,0.15,7F
ERR433941#47,7F,0.475,7F
ERR2681033#1,6A,0.547,6A
ERR2681033#25,6A,0.066,25A
ERR742741#1,9L,0.342,9L
ERR742741#18,9L,0.688,9L
ERR1192153#2,6B,0.519,6E
ERR490729#2,19F,0.158,19F
ERR490729#4,19F,0.684,19F
SRR26878618#2,22F,0.417,22F
SRR26878618#6,22F,0.454,22F
SRR26797491#1,8,0.702,8
SRR26797491#7,8,0.926,8
ERR326565#36,14,0.078,9V
ERR326565#37,14,0.237,22F
ERR1594518#5,12F,0.429,12B
ERR3899332#1,18C,0.432,18C
SRR26789553#11,12F,0.463,12F
SRR26789553#14,12F,0.328,12F
ERR909058#1,19A,0.864,19A
ERR1453609#1,3,0.955,3
ERR2090953#1,6B,0.407,6E
SRR26818658#1,35F,0.886,35F
SRR26797313#1,12F,0.332,12F
SRR26797313#10,12F,0.463,12F
ERR13374976#7,8,0.921,8
ERR13374976#34,8,0.673,8
SRR26818482#2,4,0.389,4
ERR3899350#7,14,0.157,10A
ERR3899350#11,14,0.723,14
ERR1788469#25,1,0.774,1
ERR1788469#50,1,0.249,1
ERR1065126#2,16F,0.493,16F
SRR26910394#1,35F,0.913,35F
ERR2089201#3,24F,0.607,24F
ERR2089201#21,24F,0.151,28F
ERR3303317#2,23B,0.454,23B
SRR26910949#1,19F,0.168,23F
SRR26910949#22,19F,0.103,19F
ERR8481896#1,15B,0.472,15B
SRR26834514#1,12F,0.328,12F
SRR26834514#8,12F,0.472,12F
SRR26834126#1,23B,0.909,23B
SRR26818033#2,12F,0.328,12F
SRR26818033#10,12F,0.463,12F
SRR26749204#4,33F,0.733,33F
SRR26749204#14,33F,0.54,33F
ERR600208#4,10A,0.155,10A
ERR600208#18,10A,0.153,10F
ERR1658182#8,5,0.905,5
ERR1658182#23,5,0.53,5
ERR2090341#1,17F,0.636,17F
SRR26884276#1,12F,0.332,12F
SRR26884276#9,12F,0.463,12F
ERR1066052#4,14,0.96,14
ERR1066052#13,14,0.248,37
ERR2091003#16,19A,0.794,19A
ERR2091003#20,19A,0.099,11C
ERR1788244#19,9V,0.684,9V
ERR2667377#5,4,0.41,4
ERR2667377#10,4,0.333,48
ERR2090213#2,35B,0.469,35B
ERR13365727#2,22F,0.423,48
ERR13365727#27,22F,0.702,22F
ERR8481829#2,19A,0.865,19A
SRR26910540#1,35F,0.886,35F
ERR600319#1,23F,0.284,22F
ERR600319#10,23F,0.61,23F
SRR26930300#1,23B,0.908,23B
ERR13365924#16,3,0.739,3
SRR26931868#2,8,0.704,8
SRR26931868#5,8,0.925,8
ERR2668116#5,5,0.905,5
ERR2668116#9,5,0.528,5
ERR1065942#1,11A,0.504,11A
SRR26789750#11,19A,0.328,37
SRR26789750#22,19A,0.922,19A
SRR26833957#2,11A,0.221,11C
SRR26833957#3,11A,0.357,11
ERR1202561#1,23B,0.91,23B
ERR3796863#9,24F,0.781,24F
ERR980059#1,14,0.172,9L
ERR980059#23,14,0.188,10A
ERR13365293#1,23A,0.852,23A
ERR742420#1,12F,0.107,24A
ERR742420#16,12F,0.446,46
SRR26884036#3,12F,0.229,12F
SRR26884036#10,12F,0.336,12F
ERR730896#1,7C,0.7,7C
ERR730896#10,7C,0.765,7C
SRR26880013#4,9N,0.121,9V
SRR26880013#7,9N,0.636,9N
ERR1540762#1,14,0.458,14
ERR1540762#5,14,0.962,14
ERR352029#8,35D,0.399,35D
ERR352029#40,35D,0.387,35D
ERR773815#5,3,0.739,3
SRR26910809#3,22F,0.721,22F
SRR26910809#14,22F,0.454,22F
ERR1658146#4,15A,0.645,15A
ERR338225#5,9V,0.246,9V
ERR338225#23,9V,0.271,9V
SRR26878411#4,3,0.739,3
SRR26714890#2,8,0.702,8
SRR26714890#5,8,0.875,8
ERR774504#1,8,0.901,8
SRR26714568#4,8,0.646,8
SRR26714568#20,8,0.261,45
ERR913480#8,23F,0.586,23F
SRR26910663#1,12F,0.332,12F
SRR26910663#8,12F,0.446,12F
ERR2668099#2,2,0.891,2
ERR1065455#5,18C,0.439,18C
ERR338212#1,23F,0.581,23F
ERR505930#2,19F,0.496,19F
ERR505930#40,19F,0.099,19F
SRR26750051#23,8,0.759,8
SRR26750051#34,8,0.704,8
ERR2667570#13,9N,0.209,9L
ERR2667570#16,9N,0.362,9L
SRR26673302#2,8,0.679,8
SRR26673302#4,8,0.924,8
ERR730176#2,6A,0.426,6A
ERR8481877#1,23B,0.511,23B
ERR1066073#1,16F,0.706,16F
ERR750935#1,23F,0.695,23F
ERR925341#2,17F,0.803,17F
ERR925341#3,17F,0.366,17F
SRR26673584#2,11A,0.493,11
SRR26673584#11,11A,0.566,11C
ERR774497#2,19A,0.865,19A
ERR751131#4,5,0.201,5
ERR751131#20,5,0.603,5
ERR2089235#4,13,0.914,13
ERR2089235#11,13,0.163,13
SRR26714912#1,33F,0.167,6D
SRR26714912#21,33F,0.646,33F
ERR869925#1,19F,0.406,9V
ERR869925#4,19F,0.238,10A
SRR26931066#1,19A,0.858,19A
SRR26834520#6,16F,0.111,28A
SRR26834520#7,16F,0.533,16F
SRR26931610#6,8,0.926,8
SRR26931610#14,8,0.702,8
ERR2091018#1,1,0.628,1
ERR2091018#7,1,0.806,1
ERR1214621#6,6A,0.508,6A
ERR1214327#14,34,0.764,34
ERR632998#1,8,0.826,8
ERR913078#1,19F,0.456,9V
ERR913078#13,19F,0.238,10A
SRR26818145#2,22F,0.729,22F
SRR26818145#7,22F,0.375,22F
SRR26673095#1,23B,0.909,23B
ERR1799721#4,6B,0.627,6E
SRR26878057#2,8,0.884,8
SRR26930533#1,7C,0.696,7C
SRR26930533#11,7C,0.231,7C
ERR730221#2,35D,0.604,35D
ERR3303205#3,6B,0.383,6B
ERR3303205#14,6B,0.488,6B
ERR913536#1,6A,0.568,6A
ERR319330#14,6B,0.099,6B
ERR319330#26,6B,0.168,23F
ERR925120#2,19A,0.865,19A
ERR2090892#1,13,0.794,13
SRR26878495#1,23A,0.852,23A
ERR1795485#1,20B,0.225,20A
ERR1795485#7,20B,0.277,20
ERR876461#13,14,0.759,14
ERR876461#31,14,0.116,48
SRR26594660#9,3,0.747,3
ERR845780#1,18C,0.515,18B
ERR845780#3,18C,0.093,4
ERR909129#1,31,0.546,31
ERR909129#17,31,0.784,31
ERR730948#4,6B,0.311,6A
SRR26880393#2,22F,0.729,22F
SRR26880393#14,22F,0.375,22F
ERR4501337#2,24F,0.765,24F
ERR1065626#1,15A,0.656,15A
ERR1065725#9,16F,0.538,16F
ERR1065725#10,16F,0.623,16F
ERR7567947#1,8,0.846,8
SRR26749849#5,23F,0.121,10F
SRR26749849#12,23F,0.74,23F
SRR26797183#21,15A,0.754,15A
SRR26797183#22,15A,0.201,5
ERR505933#11,23F,0.168,23F
ERR505933#15,23F,0.683,23F
SRR26673455#2,9N,0.176,9V
SRR26673455#25,9N,0.654,9N
ERR1764059#8,12F,0.436,12B
SRR26714554#2,8,0.655,8
SRR26714554#5,8,0.928,8
SRR26749941#2,3,0.739,3
ERR2680762#20,19B,0.209,20B
ERR2680762#23,19B,0.295,10B
ERR1540679#2,35B,0.39,35B
ERR1540679#4,35B,0.511,35B
SRR26818403#2,12F,0.229,12F
SRR26818403#8,12F,0.332,46
ERR1106782#2,19A,0.711,19A
SRR26749977#2,22F,0.721,22F
SRR26749977#14,22F,0.454,22F
SRR26879548#3,35B,0.31,35B
SRR26879548#7,35B,0.618,35B
SRR26749566#2,22F,0.729,22F
SRR26749566#15,22F,0.624,22F
SRR26879519#1,10A,0.772,10A
SRR26879519#19,10A,0.461,10A
ERR742338#5,6C,0.479,6D
ERR774495#1,8,0.489,8
ERR862431#12,13,0.947,13
ERR862431#28,13,0.22,33D
ERR2089832#9,6B,0.599,6E
ERR1430839#2,1,0.502,1
ERR1430839#10,1,0.136,28F
ERR1202615#3,19A,0.863,19A
SRR26910343#1,9N,0.654,9N
SRR26910343#6,9N,0.738,9N
SRR26834250#2,12F,0.322,12F
SRR26834250#7,12F,0.463,12F
ERR3303189#2,3,0.953,3
ERR13365475#1,35B,0.391,35B
ERR1788322#3,19F,0.547,19F
SRR26884433#2,8,0.673,8
SRR26884433#6,8,0.921,8
ERR14653968#1,19A,0.808,19A
ERR2089358#7,13,0.143,7F
ERR2089358#14,13,0.959,13
ERR925296#6,10B,0.315,21
ERR925296#22,10B,0.316,10B
SRR26930386#18,3,0.955,3
SRR26878288#2,22F,0.721,22F
SRR26878288#4,22F,0.614,22F
SRR26883816#18,3,0.955,3
ERR662442#2,11A,0.351,11E
ERR1756395#2,8,0.799,8
ERR730602#2,18C,0.407,18B
ERR730602#14,18C,0.389,18C
SRR26594433#1,23B,0.909,23B
ERR13397686#1,22F,0.412,48
ERR13397686#48,22F,0.707,22F
SRR26884196#2,3,0.96,3
ERR662317#8,7F,0.29,7F
ERR662317#60,7F,0.475,7F
ERR2667439#3,34,0.074,22A
ERR2667439#7,34,0.887,34
SRR26879913#1,8,0.291,11C
SRR26879913#8,8,0.953,8
SRR26910323#8,19F,0.534,19F
SRR26910323#79,19F,0.305,19F
ERR2089328#1,23F,0.586,23F
ERR1191840#2,19A,0.697,19A
ERR730721#2,19A,0.859,19A
SRR26911034#7,15C,0.567,15C
SRR26911034#8,15C,0.077,15B
ERR1756486#2,16F,0.507,16F
ERR730358#1,34,0.812,34
ERR13364406#5,14,0.091,14
ERR13364406#25,14,0.339,9V
ERR913284#1,19A,0.096,31
ERR913284#5,19A,0.904,19A
SRR26818692#2,22F,0.721,22F
SRR26818692#9,22F,0.454,22F
ERR714239#1,1,0.719,1
ERR714239#3,1,0.897,1
ERR4289155#6,11A,0.366,11A
ERR1422541#1,15A,0.655,15A
ERR774358#4,19A,0.897,19A
SRR26930357#1,31,0.812,31
ERR8481852#5,19A,0.865,19A
SRR26878594#10,9N,0.654,9N
SRR26878594#25,9N,0.738,9N
ERR1756408#13,23F,0.187,23F
ERR1756408#19,23F,0.699,23F
SRR26877941#1,12F,0.502,12F
SRR26877941#10,12F,0.481,12F
ERR2089372#1,19A,0.808,19A
ERR876619#1,8,0.23,37
ERR876619#5,8,0.807,8
ERR14653934#3,19F,0.562,19F
ERR750817#1,2,0.801,2
ERR1453433#1,9V,0.611,9V
ERR1214671#2,18C,0.113,15F
ERR1214671#3,18C,0.514,18B
ERR438967#21,4,0.41,4
ERR438967#25,4,0.856,4
ERR980323#17,19B,0.691,19B
ERR980323#26,19B,0.359,35C
ERR2089331#1,22A,0.776,22A
SRR26749714#26,15A,0.107,19F
SRR26749714#40,15A,0.066,7F
SRR26673534#1,23B,0.761,23B
SRR26673534#35,23B,0.122,23B
ERR2667120#3,19F,0.688,19F
SRR26714757#2,8,0.679,8
SRR26714757#8,8,0.925,8
ERR913464#14,13,0.858,13
ERR913464#26,13,0.21,13
SRR26818563#1,33F,0.801,33F
ERR2090602#1,24F,0.781,24F
ERR2091187#3,21,0.653,21
ERR2091187#7,21,0.493,21
ERR505608#1,23F,0.706,23F
SRR26930732#3,8,0.655,8
SRR26930732#5,8,0.926,8
ERR1202371#5,18C,0.317,18B
SRR26789396#2,35F,0.886,35F
SRR26818580#1,19A,0.777,19A
ERR2667503#1,19F,0.688,19F
SRR26714661#1,12F,0.494,12F
SRR26714661#10,12F,0.438,12F
ERR870210#2,1,0.804,1
ERR870210#3,1,0.834,1
SRR26797477#2,8,0.655,8
SRR26797477#4,8,0.929,8
ERR1453466#3,15A,0.645,15A
ERR2667418#10,13,0.958,13
ERR2667418#14,13,0.072,23F
SRR26878082#12,23A,0.852,23A
ERR1106807#1,14,0.732,14
ERR1106807#4,14,0.175,15A
SRR26878736#5,3,0.957,3
ERR884637#19,24A,0.711,11C
ERR884637#125,24A,0.105,28F
SRR26931446#1,12F,0.502,12F
SRR26931446#7,12F,0.463,12F
ERR1214473#10,10B,0.352,10B
ERR1214473#14,10B,0.138,10F
ERR505778#1,19A,0.807,19A
ERR997480#1,22A,0.776,22A
ERR2667527#8,14,0.984,14
ERR2667527#14,14,0.762,14
SRR26931472#2,35F,0.886,35F
SRR26749616#1,10A,0.656,10A
SRR26749616#25,10A,0.167,10A
ERR3227725#2,15A,0.781,15A
SRR26834151#1,16F,0.161,28A
SRR26834151#4,16F,0.536,16F
ERR1756414#2,33F,0.594,33F
ERR1756414#15,33F,0.107,10B
ERR326327#25,6B,0.168,23F
ERR326327#31,6B,0.099,6B
ERR1214549#8,14,0.983,14
ERR1214549#10,14,0.759,14
ERR1214532#1,3,0.955,3
SRR26879480#1,7C,0.618,7C
SRR26879480#11,7C,0.231,7C
ERR2090514#2,19A,0.865,19A
SRR26930563#4,9N,0.128,9V
SRR26930563#17,9N,0.649,9N
SRR26910328#2,8,0.724,8
SRR26910328#10,8,0.623,8
ERR632991#2,1,0.613,1
ERR632991#5,1,0.777,1
SRR26797493#1,10A,0.772,10A
SRR26797493#25,10A,0.461,10A
ERR730944#3,19F,0.496,19F
ERR730944#38,19F,0.099,19F
SRR26931295#2,22F,0.541,22F
SRR26931295#16,22F,0.454,22F
ERR2091252#1,5,0.364,5
ERR2091252#27,5,0.491,5
ERR433672#3,19F,0.502,19F
ERR433672#42,19F,0.099,19F
ERR13365787#3,3,0.96,3
SRR26878534#5,16F,0.111,28A
SRR26878534#10,16F,0.232,4
SRR26749303#8,3,0.739,3
ERR1788177#2,1,0.266,1
ERR1788177#22,1,0.839,1
SRR26879689#3,19A,0.14,29
SRR26879689#4,19A,0.679,19A
ERR326692#29,9V,0.109,28F
ERR326692#51,9V,0.353,9V
ERR1453544#7,14,0.148,10A
ERR1453544#38,14,0.085,4
ERR1288821#2,16F,0.707,16F
ERR2089080#1,10A,0.572,10A
ERR2089080#25,10A,0.121,10A
ERR3831132#6,24F,0.739,24A
ERR3831132#7,24F,0.157,19F
ERR340834#1,1,0.765,1
ERR340834#69,1,0.201,1
ERR1065762#2,6A,0.558,6A
ERR2667399#9,6D,0.446,6D
ERR13364915#2,19F,0.274,20A
ERR13364915#17,19F,0.729,19F
ERR774299#1,11A,0.506,11A
ERR4501449#2,24F,0.764,24F
ERR925290#13,23F,0.221,23F
ERR925290#16,23F,0.718,23F
ERR3270721#1,22F,0.276,22F
ERR870137#2,1,0.804,1
ERR870137#4,1,0.834,1
SRR26931646#1,3,0.96,3
SRR26931375#5,3,0.955,3
ERR774217#6,5,0.89,5
ERR774217#18,5,0.222,5
ERR1214573#1,19F,0.175,28A
ERR1214573#10,19F,0.703,19F
ERR1540745#2,6A,0.446,6A
ERR730155#1,19A,0.096,31
ERR730155#7,19A,0.904,19A
ERR326470#23,14,0.128,9V
ERR326470#126,14,0.217,22F
ERR1066204#5,7F,0.792,7F
ERR633026#10,23F,0.168,23F
ERR633026#16,23F,0.683,23F
ERR1066347#2,12F,0.317,12F
ERR1066347#6,12F,0.824,25F
ERR1191850#3,23B,0.356,23B
ERR925358#1,19F,0.369,19F
ERR925358#32,19F,0.636,19F
ERR1788078#5,14,0.699,14
ERR1788078#24,14,0.976,14
SRR26818086#3,23B,0.726,23B
SRR26818086#35,23B,0.129,23B
SRR26749453#1,9N,0.277,12A
SRR26749453#2,9N,0.654,9N
ERR997579#3,19A,0.724,19A
ERR997579#26,19A,0.316,33D
ERR1430921#1,16F,0.524,16F
ERR1430921#16,16F,0.42,16F
ERR925401#1,35B,0.402,35D
ERR925401#2,35B,0.16,35D
ERR2853489#7,19A,0.867,19A
ERR1065899#10,12F,0.299,12F
ERR1065899#18,12F,0.337,12F
ERR490788#1,19F,0.089,28A
ERR490788#24,19F,0.158,19F
SRR26834171#2,22F,0.721,22F
SRR26834171#15,22F,0.454,22F
SRR26878325#2,23A,0.857,23A
SRR26817755#10,19A,0.141,29
SRR26817755#17,19A,0.853,19A
ERR338173#11,14,0.709,14
ERR338173#22,14,0.886,14
ERR1065547#2,20A,0.472,20A
ERR997476#11,13,0.89,13
ERR997476#26,13,0.21,13
ERR1540755#3,23F,0.745,23F
SRR26911070#3,22F,0.624,22F
SRR26911070#9,22F,0.729,22F
ERR742342#6,14,0.694,14
ERR742342#40,14,0.066,15C
SRR26833590#1,22F,0.543,22F
SRR26833590#3,22F,0.61,22F
ERR2090859#1,20,0.482,20B
ERR2090859#7,20,0.472,20B
ERR2089982#1,23F,0.584,23F
ERR338189#2,1,0.765,1
ERR338189#64,1,0.201,1
ERR1422477#2,6B,0.74,6E
ERR1422477#12,6B,0.127,28F
ERR730894#2,6A,0.195,6A
ERR730894#16,6A,0.499,6A
ERR2089570#3,22F,0.608,22F
ERR2089570#4,22F,0.608,22F
ERR449225#2,22F,0.77,22F
ERR449225#4,22F,0.621,22F
ERR13375147#3,3,0.955,3
SRR26714917#1,23A,0.853,23A
SRR26878198#1,3,0.96,3
ERR13365571#1,9N,0.596,9N
SRR26931444#3,10A,0.77,10A
SRR26931444#47,10A,0.463,10A
ERR2089393#1,20B,0.482,20B
ERR2089393#9,20B,0.325,20
ERR908891#2,3,0.953,3
ERR2089353#4,9V,0.611,9V
ERR1202297#6,5,0.905,5
ERR1202297#22,5,0.53,5
ERR730436#1,14,0.078,18C
ERR730436#8,14,0.144,15A
ERR2667403#1,19F,0.69,19F
SRR26797294#1,15A,0.779,15A
ERR7567989#2,7C,0.429,7C
ERR3723344#2,14,0.834,14
ERR3723344#6,14,0.804,14
ERR632973#1,8,0.824,8
ERR1065280#9,3,0.739,3
SRR26878667#1,35B,0.193,35B
SRR26878667#2,35B,0.314,35B
ERR1788142#1,4,0.329,4
ERR1788142#5,4,0.741,4
ERR1453724#1,34,0.786,34
ERR1453724#13,34,0.337,11
ERR2089103#2,23B,0.358,23B
ERR751031#5,5,0.579,5
ERR751031#26,5,0.611,5
SRR26673388#2,9N,0.643,9N
SRR26673388#27,9N,0.738,9N
ERR13366241#11,14,0.134,10B
ERR13366241#12,14,0.77,14
ERR862299#6,5,0.89,5
ERR862299#22,5,0.507,5
ERR13364729#8,19F,0.653,19F
ERR2667495#9,23F,0.687,23F
ERR600090#5,7F,0.726,7F
SRR26672879#1,8,0.899,8
ERR1202071#1,1,0.269,1
ERR1202071#28,1,0.76,1
ERR14653946#2,14,0.454,14
ERR14653946#6,14,0.787,14
ERR1422664#20,6B,0.448,6A
ERR8481542#2,19F,0.258,10A
ERR8481542#3,19F,0.568,19F
ERR1192120#2,19F,0.55,19F
SRR26884428#4,6C,0.494,6C
SRR26883864#2,8,0.83,8
SRR26749562#1,3,0.955,3
ERR2667607#6,14,0.984,14
ERR2667607#16,14,0.759,14
ERR2089754#2,23F,0.589,23F
SRR26749920#29,11A,0.535,11C
SRR26749920#58,11A,0.427,11
SRR26931332#1,23A,0.852,23A
ERR8481851#2,19F,0.221,10A
ERR8481851#22,19F,0.561,19F
ERR774651#1,22F,0.184,23B
ERR774651#5,22F,0.65,22F
ERR1453698#1,15A,0.194,15A
ERR1453698#17,15A,0.476,15A
ERR316636#1,23F,0.677,23F
SRR26749710#1,15C,0.522,15C
ERR3796662#1,24F,0.781,24F
ERR913234#1,39,0.939,39
SRR26833610#1,12F,0.502,12F
SRR26833610#7,12F,0.463,12F
ERR2667828#2,18C,0.454,18C
SRR26818696#1,8,0.899,8
ERR870044#1,19F,0.394,21
ERR870044#5,19F,0.668,19F
SRR26911004#217,19A,0.14,29
SRR26911004#257,19A,0.28,48
ERR1430857#1,20A,0.438,20
ERR979940#2,15A,0.653,15A
ERR1422648#1,19A,0.803,19A
ERR449139#3,19F,0.696,19F
ERR13365676#2,23A,0.862,23A
ERR316658#3,23A,0.516,23A
ERR331403#1,23F,0.535,23F
ERR3796945#2,24F,0.764,24F
SRR26931772#2,19F,0.687,19F
SRR26931772#25,19F,0.207,37
ERR913534#6,19F,0.524,19F
ERR913534#40,19F,0.147,19F
ERR2089776#1,8,0.829,8
SRR26749810#2,22F,0.721,22F
SRR26749810#8,22F,0.454,22F
SRR26910787#1,9N,0.272,12A
SRR26910787#12,9N,0.654,9N
SRR26884639#3,4,0.184,4
SRR26884639#23,4,0.575,4
SRR26911016#2,8,0.288,8
SRR26911016#7,8,0.787,8
ERR730679#3,6A,0.444,6A
SRR26878208#1,19A,0.18,37
SRR26878208#5,19A,0.913,19A
ERR13375073#1,15B,0.25,15C
ERR13375073#3,15B,0.386,15B
SRR26714209#4,20B,0.472,20B
SRR26714209#20,20B,0.474,20B
SRR26594731#1,19A,0.865,19A
SRR26714445#3,16F,0.107,28A
SRR26714445#10,16F,0.257,4
ERR1214558#2,18C,0.18,22A
ERR1214558#13,18C,0.368,18B
ERR2090039#2,7B,0.882,7B
ERR13364830#5,33F,0.622,8
ERR13364830#7,33F,0.113,18F
SRR26797188#6,33F,0.803,33F
SRR26797188#15,33F,0.546,33F
SRR26750046#2,11A,0.382,11D
SRR26750046#6,11A,0.277,11
SRR26673464#3,20B,0.319,9L
SRR26673464#19,20B,0.449,20B
SRR26789764#1,35F,0.884,35F
ERR2089965#3,19A,0.728,19A
ERR2089965#6,19A,0.554,33D
SRR26884478#1,19A,0.858,19A
SRR26879636#1,15A,0.211,15A
SRR26879636#7,15A,0.294,15A
ERR742377#1,19A,0.808,19A
ERR2089801#2,33F,0.668,33F
SRR26910832#8,23B,0.707,23B
SRR26910832#45,23B,0.111,23B
ERR870258#1,18C,0.429,18C
ERR433699#56,7F,0.526,7F
ERR433699#67,7F,0.475,7F
SRR26789850#11,9N,0.654,9N
SRR26789850#24,9N,0.738,9N
ERR13365800#1,9N,0.654,9N
ERR13365800#9,9N,0.598,9N
SRR26714579#1,23B,0.909,23B
ERR3303464#10,34,0.784,34
ERR1453646#1,19A,0.893,19A
ERR1288932#6,5,0.719,5
ERR1288932#23,5,0.53,5
ERR501629#1,1,0.804,1
ERR501629#39,1,0.83,1
ERR1202108#6,5,0.719,5
ERR1202108#24,5,0.53,5
SRR26877769#5,9N,0.738,9N
SRR26877769#11,9N,0.654,9N
ERR1106698#1,1,0.474,1
ERR1106698#10,1,0.136,28F
ERR862404#7,21,0.585,21
ERR862404#37,21,0.163,12F
ERR1422534#1,34,0.817,34
SRR26880189#1,9N,0.654,9N
SRR26880189#27,9N,0.743,9N
ERR997618#2,6A,0.426,6A
SRR26714867#3,15A,0.211,15A
SRR26714867#8,15A,0.294,15A
SRR26714343#6,19F,0.171,19F
SRR26714343#73,19F,0.583,24A
SRR26714434#6,33F,0.776,33F
SRR26714434#14,33F,0.23,33F
SRR26594376#9,3,0.96,3
SRR26797592#2,8,0.789,8
ERR2090037#4,34,0.784,34
ERR714339#1,45,0.523,45
ERR714339#3,45,0.378,45
SRR26834268#1,8,0.884,8
SRR26930361#1,3,0.96,3
SRR26930560#9,8,0.873,8
SRR26930560#13,8,0.673,8
ERR909248#1,6A,0.571,6A
ERR3796588#1,24F,0.779,24F
ERR568650#1,9N,0.738,9N
ERR568650#2,9N,0.652,9N
ERR870313#2,23F,0.586,23F
ERR1065863#10,12F,0.299,12F
ERR1065863#18,12F,0.33,12F
ERR13374758#1,3,0.96,3
SRR26879485#1,35B,0.309,11C
SRR26879485#6,35B,0.513,35B
ERR956293#6,14,0.126,14
ERR956293#22,14,0.271,9V
ERR774000#1,6B,0.466,6B
ERR774000#3,6B,0.344,6B
ERR13365491#3,35F,0.888,35F
SRR26833649#1,12F,0.494,12F
SRR26833649#7,12F,0.438,12F
ERR600340#4,4,0.669,4
ERR600340#21,4,0.379,4
ERR925107#16,6B,0.379,6B
ERR925107#18,6B,0.488,6B
SRR26883838#2,3,0.955,3
SRR26880323#3,16F,0.587,16F
SRR26880323#17,16F,0.121,16F
ERR1065453#1,19A,0.865,19A
ERR3270724#2,6A,0.548,6A
SRR26884349#2,8,0.703,8
SRR26884162#1,11A,0.459,11A
SRR26878525#1,35B,0.521,35D
ERR1191864#1,19A,0.71,19A
ERR1756448#1,6B,0.752,6E
ERR1756448#41,6B,0.217,38
ERR908947#2,19A,0.864,19A
ERR909005#2,34,0.351,34
ERR909005#19,34,0.782,34
SRR26884398#1,3,0.96,3
ERR338181#19,1,0.765,1
ERR338181#59,1,0.269,1
ERR2667352#2,6B,0.511,6A
ERR13365477#2,3,0.96,3
ERR600183#2,22F,0.617,22F
ERR600183#28,22F,0.625,22F
ERR600519#2,6A,0.195,6A
ERR600519#7,6A,0.5,6A
ERR742462#1,34,0.132,33F
ERR742462#19,34,0.866,34
SRR26930275#5,3,0.955,3
SRR26931826#1,12F,0.496,12F
SRR26931826#9,12F,0.463,12F
ERR13365817#1,9N,0.61,9N
ERR2091062#1,8,0.829,8
SRR26714237#3,11A,0.736,11E
SRR26714237#6,11A,0.386,11D
ERR900669#2,6A,0.165,6A
ERR900669#15,6A,0.499,6A
ERR13366152#7,9V,0.36,38
ERR13366152#38,9V,0.346,9V
ERR13365300#2,3,0.955,3
ERR568695#4,9V,0.352,9V
ERR568695#29,9V,0.141,28A
ERR3655292#2,34,0.813,34
ERR1422433#3,35A,0.086,48
ERR1422433#5,35A,0.541,35C
ERR730274#1,23B,0.362,23B
SRR26877872#12,19A,0.863,19A
SRR26877872#21,19A,0.141,29
ERR2681240#1,19A,0.808,19A
SRR26884371#5,8,0.899,8
ERR2668029#2,19F,0.688,19F
SRR26879786#9,3,0.957,3
ERR3796796#4,24F,0.78,24F
SRR26879767#5,3,0.957,3
ERR2090709#1,5,0.401,5
ERR2090709#8,5,0.182,13
ERR568777#23,6C,0.694,6C
ERR568777#30,6C,0.125,6C
SRR26911179#3,15A,0.223,22F
SRR26911179#12,15A,0.778,15A
SRR26714712#1,8,0.702,8
SRR26714712#8,8,0.872,8
ERR1066340#2,8,0.893,8
ERR3303241#1,1,0.328,1
ERR3303241#7,1,0.865,1
SRR26790072#11,15B,0.436,15B
ERR870282#1,6A,0.267,48
ERR870282#16,6A,0.561,6A
SRR26797458#1,23A,0.841,23A
SRR26910650#12,15A,0.201,5
SRR26910650#23,15A,0.64,15A
ERR876786#13,7F,0.526,7F
ERR876786#52,7F,0.475,7F
SRR26931378#2,22F,0.721,22F
SRR26931378#21,22F,0.618,22F
SRR26594179#1,19A,0.865,19A
SRR26750108#2,8,0.679,8
SRR26750108#5,8,0.928,8
ERR13365973#5,22F,0.621,22F
ERR13365973#31,22F,0.73,22F
SRR26594751#2,22F,0.729,22F
SRR26594751#4,22F,0.62,22F
ERR980030#8,14,0.75,14
ERR980030#20,14,0.065,33B
ERR869943#2,19A,0.859,19A
ERR7567854#1,35B,0.514,35D
ERR2680919#2,35A,0.819,35A
ERR326360#12,19A,0.814,19A
ERR326360#19,19A,0.123,10B
ERR2089501#5,15A,0.772,15A
ERR2089501#23,15A,0.095,28A
SRR26673483#1,19A,0.865,19A
SRR26834120#3,8,0.926,8
SRR26834120#14,8,0.724,8
SRR26817792#1,23B,0.906,23B
ERR433847#2,1,0.217,1
ERR433847#4,1,0.848,1
ERR730261#1,22A,0.823,22A
ERR730261#27,22A,0.127,22A
SRR26878602#1,19A,0.86,19A
ERR1066350#1,16F,0.732,16F
ERR1065745#1,19A,0.864,19A
SRR26749986#5,22F,0.454,22F
SRR26749986#26,22F,0.625,22F
SRR26910699#2,17F,0.599,17F
SRR26910699#17,17F,0.793,17F
ERR913508#1,19A,0.865,19A
ERR774627#13,6B,0.061,13
ERR774627#27,6B,0.471,6E
ERR2680937#1,1,0.474,1
ERR2680937#5,1,0.789,1
ERR750770#1,3,0.955,3
SRR26834163#3,20B,0.463,20B
SRR26834163#19,20B,0.449,20B
SRR26931492#1,19A,0.802,19A
SRR26878375#1,22F,0.569,22F
SRR26878375#4,22F,0.616,22F
SRR26878400#11,23A,0.847,23A
SRR26878400#43,23A,0.497,22F
ERR1192198#2,3,0.953,3
ERR3796857#5,24F,0.78,24F
ERR714558#1,19A,0.865,19A
ERR714723#1,35B,0.399,35D
ERR714723#2,35B,0.688,35B
ERR7567910#3,13,0.947,13
ERR3669267#6,4,0.828,4
ERR3669267#8,4,0.554,4
ERR326415#30,6A,0.161,28F
ERR326415#108,6A,0.173,5
SRR26910854#2,8,0.702,8
SRR26910854#4,8,0.864,8
ERR773844#18,5,0.444,5
ERR773844#24,5,0.89,5
ERR506026#58,7F,0.225,7F
ERR506026#63,7F,0.475,7F
SRR26714851#1,3,0.96,3
SRR26834490#2,8,0.655,8
SRR26834490#4,8,0.929,8
ERR646537#12,23F,0.221,23F
ERR646537#15,23F,0.691,23F
SRR26818625#2,15A,0.351,15A
SRR26818625#15,15A,0.776,15A
SRR26930558#1,23B,0.909,23B
SRR26749481#1,8,0.679,8
SRR26749481#3,8,0.927,8
SRR26595146#6,12F,0.323,12F
SRR26595146#26,12F,0.438,12F
ERR1192081#1,23A,0.787,23A
SRR26714584#1,9N,0.607,9N
ERR516626#7,6A,0.577,6A
ERR516626#21,6A,0.106,4
ERR2089225#2,5,0.368,5
ERR2089225#22,5,0.53,5
SRR26749182#6,8,0.925,8
SRR26749182#9,8,0.679,8
ERR505876#13,17F,0.797,17F
ERR505876#52,17F,0.562,17F
SRR26910651#1,7C,0.618,7C
SRR26910651#10,7C,0.17,10A
SRR26789969#14,10A,0.62,10A
SRR26789969#39,10A,0.363,10A
ERR438991#1,23F,0.683,23F
SRR26931829#3,8,0.702,8
SRR26931829#5,8,0.872,8
ERR913131#1,19F,0.158,19F
ERR913131#5,19F,0.238,10A
SRR26931224#1,23B,0.911,23B
SRR26884098#3,8,0.655,8
SRR26884098#4,8,0.926,8
SRR26797616#2,3,0.955,3
SRR26594260#5,3,0.955,3
SRR26884710#1,23A,0.497,22F
SRR26884710#23,23A,0.482,23A
ERR1788491#1,23F,0.605,23F
ERR714503#1,7C,0.7,7C
ERR714503#9,7C,0.765,7C
ERR7567999#3,35B,0.124,13
ERR7567999#7,35B,0.333,35D
SRR26673226#30,8,0.704,8
SRR26673226#61,8,0.789,8
SRR26833628#1,23A,0.852,23A
SRR26673154#1,3,0.96,3
ERR2667304#4,14,0.707,14
ERR2667304#24,14,0.874,14
SRR26834382#4,3,0.957,3
SRR26714608#19,6C,0.432,6C
SRR26714608#27,6C,0.285,6C
SRR26834186#1,15A,0.779,15A
SRR26877900#4,3,0.955,3
ERR2667777#3,6A,0.548,6A
ERR2667753#1,1,0.759,1
ERR2667753#51,1,0.269,1
ERR1788047#1,12F,0.402,46
ERR13365159#4,3,0.96,3
SRR26594262#2,8,0.702,8
SRR26594262#6,8,0.926,8
ERR2090631#19,1,0.774,1
ERR2090631#47,1,0.269,1
ERR434000#1,6C,0.275,6C
ERR434000#9,6C,0.693,6C
ERR14654051#1,10B,0.792,10B
ERR13374933#1,4,0.204,4
ERR13374933#3,4,0.44,4
ERR13375151#1,3,0.955,3
SRR26797917#1,9N,0.646,9N
ERR568728#25,6B,0.12,22F
ERR568728#38,6B,0.193,6B
ERR730264#1,6A,0.486,6A
ERR909204#1,11A,0.504,11A
SRR26673549#16,22F,0.375,22F
SRR26673549#38,22F,0.261,22F
ERR925200#3,16F,0.706,16F
SRR26673265#22,35F,0.36,35F
SRR26673265#111,35F,0.143,19F
SRR26797515#7,12F,0.463,12F
SRR26797515#17,12F,0.51,12F
ERR730932#2,6A,0.565,6A
SRR26931711#1,8,0.898,8
ERR600363#2,9V,0.446,9V
ERR326390#30,19A,0.196,7F
ERR326390#105,19A,0.114,33F
ERR2089690#1,1,0.628,1
ERR2089690#6,1,0.849,1
SRR26878461#8,8,0.922,8
SRR26878461#16,8,0.655,8
SRR26673440#2,8,0.899,8
SRR26833677#1,3,0.955,3
ERR2090936#8,14,0.983,14
ERR2090936#9,14,0.775,14
ERR13364417#1,19F,0.657,19F
ERR1453795#4,15A,0.76,15A
SRR26911206#7,8,0.93,8
SRR26911206#13,8,0.679,8
ERR870108#1,6A,0.486,6A
SRR26910686#2,8,0.655,8
SRR26910686#6,8,0.926,8
ERR736916#16,6A,0.514,45
ERR736916#64,6A,0.125,6A
SRR26880099#1,3,0.96,3
SRR26594280#1,15B,0.48,15B
ERR2090665#2,12F,0.322,12F
ERR2090665#3,12F,0.435,12F
ERR14653937#2,3,0.955,3
SRR26749758#1,12F,0.5,12F
SRR26749758#12,12F,0.481,12F
ERR352011#3,6A,0.49,6A
ERR1202300#8,5,0.235,5
ERR1202300#25,5,0.53,5
ERR1065901#3,23A,0.852,23A
SRR26879778#15,33F,0.464,33F
SRR26879778#16,33F,0.788,33F
ERR1202370#8,17F,0.32,17F
ERR1202370#14,17F,0.839,17F
ERR1202551#1,1,0.269,1
ERR1202551#29,1,0.849,1
SRR26930434#1,3,0.96,3
ERR13365927#17,19A,0.731,19A
ERR13365927#25,19A,0.248,33D
ERR730425#31,29,0.223,7C
ERR730425#32,29,0.193,25A
ERR1788392#13,24F,0.782,24F
ERR2612073#1,6A,0.548,6A
SRR26797286#6,3,0.955,3
ERR13364508#8,4,0.621,4
ERR2090392#3,19F,0.659,19F
ERR2680885#1,6B,0.599,6E
ERR1202498#7,10B,0.778,10B
ERR13365090#3,1,0.759,1
ERR13365090#52,1,0.269,1
ERR13375061#1,33F,0.793,33F
ERR2681247#1,19F,0.203,19F
ERR2681247#2,19F,0.719,19F
SRR26833945#3,8,0.605,8
SRR26833945#12,8,0.724,8
ERR1202387#1,6A,0.609,6A
ERR1202387#3,6A,0.246,21
SRR26714758#14,33F,0.464,33F
SRR26714758#16,33F,0.775,33F
SRR26797281#1,3,0.96,3
ERR1065313#7,31,0.509,31
ERR1065313#20,31,0.787,31
ERR913136#1,6B,0.583,6E
SRR26789833#6,19A,0.894,19A
ERR1065780#3,14,0.164,19F
ERR1065780#4,14,0.96,14
ERR331409#1,9N,0.444,9N
ERR1065945#4,23A,0.854,23A
SRR26714981#1,9N,0.743,9N
SRR26714981#5,9N,0.648,9N
ERR425501#2,6B,0.286,6B
ERR425501#13,6B,0.472,6B
ERR433606#7,22F,0.377,22F
ERR433606#26,22F,0.625,22F
ERR2667998#1,18A,0.705,18A
ERR1422522#1,6B,0.74,6E
ERR1422522#25,6B,0.127,28F
SRR26594297#2,23A,0.852,23A
ERR3303445#2,5,0.492,5
ERR3303445#12,5,0.693,5
SRR26673238#9,15A,0.272,15A
SRR26673238#13,15A,0.755,15A
SRR26879728#11,19F,0.091,19F
SRR26879728#20,19F,0.073,1
ERR2090955#3,23F,0.595,23F
SRR26594584#1,9V,0.675,9V
ERR773946#14,6A,0.542,6A
ERR876585#13,23F,0.742,23F
ERR876585#46,23F,0.613,22F
ERR714677#16,6B,0.437,6A
SRR26797594#2,12F,0.502,12F
SRR26797594#9,12F,0.463,12F
ERR714191#12,12F,0.462,12F
ERR714191#16,12F,0.33,12F
SRR26817961#2,12F,0.323,12F
SRR26817961#25,12F,0.438,12F
SRR26749755#1,8,0.679,8
SRR26749755#10,8,0.667,8
ERR13374650#8,14,0.255,14
ERR13374650#10,14,0.773,14
ERR2668107#1,8,0.627,8
SRR26749615#3,3,0.957,3
SRR26673017#2,12F,0.502,12F
SRR26673017#10,12F,0.463,12F
SRR26930624#2,9N,0.654,9N
SRR26930624#23,9N,0.738,9N
ERR997551#5,6B,0.597,6E
ERR869984#1,13,0.917,13
ERR1795467#15,14,0.775,14
ERR1795467#23,14,0.942,14
ERR13366133#1,8,0.846,8
SRR26594650#2,10A,0.62,10A
SRR26594650#8,10A,0.463,10A
SRR26789543#2,8,0.702,8
SRR26789543#6,8,0.872,8
ERR862455#5,23F,0.684,23F
SRR26931331#1,9N,0.646,9N
SRR26931331#4,9N,0.738,9N
ERR2089023#1,19F,0.748,19F
ERR2089023#13,19F,0.105,15C
ERR2089868#4,10A,0.173,37
ERR2089868#18,10A,0.398,10A
SRR26878423#1,23B,0.909,23B
ERR434003#2,3,0.96,3
SRR26594237#2,23B,0.743,23B
SRR26594237#34,23B,0.124,23B
ERR3270696#3,23F,0.687,23F
ERR1422539#1,10B,0.798,10B
ERR1422539#5,10B,0.587,10B
SRR26714812#4,16F,0.327,21
SRR26714812#124,16F,0.113,10A
SRR26833913#3,8,0.884,8
ERR316713#4,23F,0.704,23F
ERR316713#45,23F,0.143,19F
SRR26797150#5,3,0.957,3
ERR730802#1,19F,0.162,12A
ERR730802#2,19F,0.477,19F
SRR26877976#3,38,0.513,25F
SRR26877976#9,38,0.511,38
ERR900711#22,6B,0.34,6B
ERR900711#33,6B,0.488,6B
SRR26880075#5,9N,0.738,9N
SRR26880075#11,9N,0.654,9N
SRR26797998#2,22F,0.721,22F
SRR26797998#16,22F,0.454,22F
ERR633104#2,1,0.217,1
ERR633104#4,1,0.126,4
ERR1540782#2,35B,0.39,35B
ERR1540782#4,35B,0.511,35B
ERR701850#1,6A,0.58,6A
SRR26884015#2,11A,0.355,11E
ERR1288920#3,19A,0.865,19A
ERR870224#3,1,0.834,1
ERR870224#20,1,0.804,1
SRR26789594#1,7C,0.753,7C
SRR26789594#9,7C,0.462,7B
SRR26834451#22,19A,0.922,19A
SRR26834451#27,19A,0.347,37
SRR26910563#12,8,0.702,8
SRR26910563#21,8,0.926,8
SRR26714562#4,8,0.573,4
SRR26714562#21,8,0.294,11C
ERR884555#8,6B,0.595,6E
ERR900734#5,13,0.207,13
ERR900734#17,13,0.963,13
SRR26673149#51,17F,0.266,17F
SRR26673149#75,17F,0.562,17F
SRR26833583#1,9N,0.605,9N
ERR742722#3,19F,0.415,9V
ERR742722#4,19F,0.238,10A
ERR870192#11,34,0.346,34
ERR870192#12,34,0.78,34
ERR8481880#1,8,0.853,8
ERR1788490#2,14,0.988,14
ERR1788490#14,14,0.784,14
ERR750816#2,18C,0.083,16F
ERR750816#3,18C,0.475,18C
ERR750999#1,7F,0.645,7F
ERR730905#1,6B,0.488,6B
ERR730905#15,6B,0.257,6E
SRR26910301#3,3,0.96,3
ERR701853#2,14,0.592,14
ERR701853#22,14,0.761,14
ERR2667894#1,1,0.744,1
ERR2667894#46,1,0.269,1
ERR1065951#4,17F,0.276,16F
ERR1065951#6,17F,0.459,17F
ERR2090850#12,16F,0.637,16F
ERR2090850#20,16F,0.082,10A
ERR516659#7,16F,0.15,10A
ERR516659#10,16F,0.748,16F
SRR26931655#3,8,0.17,45
SRR26931655#4,8,0.925,8
ERR3795702#1,14,0.592,14
ERR3795702#8,14,0.804,14
ERR714588#2,6A,0.116,6C
ERR714588#16,6A,0.5,6A
SRR26714200#2,8,0.928,8
SRR26714200#14,8,0.655,8
ERR908982#1,11A,0.161,16F
ERR908982#7,11A,0.433,11A
ERR2090810#1,9N,0.654,9N
ERR2090810#22,9N,0.766,9N
SRR26789731#2,22F,0.721,22F
SRR26789731#7,22F,0.454,22F
ERR3899318#4,14,0.734,14
ERR3899318#9,14,0.297,14
ERR331426#24,1,0.765,1
ERR331426#55,1,0.294,1
ERR7568074#3,17F,0.532,17F
ERR13366147#1,23A,0.788,23A
SRR26878712#11,9N,0.654,9N
SRR26878712#25,9N,0.738,9N
ERR714502#1,1,0.613,1
ERR714502#5,1,0.773,1
ERR1658119#14,10F,0.384,10F
ERR1658119#35,10F,0.83,10F
SRR26878716#11,7F,0.512,7F
SRR26878716#53,7F,0.485,7F
ERR2667608#1,18A,0.705,18A
ERR326410#24,6B,0.21,48
ERR326410#127,6B,0.177,22F
ERR774513#13,23F,0.168,23F
ERR774513#17,23F,0.683,23F
ERR4289095#2,10A,0.289,10A
ERR1192001#1,19A,0.468,33D
ERR1192001#3,19A,0.74,19A
SRR26878141#15,10A,0.772,10A
SRR26878141#24,10A,0.461,10A
SRR26911125#2,35B,0.391,35B
SRR26817906#1,34,0.737,34
SRR26714115#4,3,0.955,3
ERR1788572#2,14,0.988,14
ERR1788572#17,14,0.491,14
SRR26789902#4,8,0.724,8
SRR26789902#6,8,0.926,8
ERR1540763#2,19F,0.568,19F
ERR2089666#2,1,0.628,1
ERR2089666#5,1,0.849,1
SRR26910294#1,15A,0.43,15B
SRR26910294#17,15A,0.68,15A
SRR26790008#3,8,0.724,8
SRR26790008#6,8,0.929,8
SRR26879869#22,22F,0.624,22F
SRR26879869#28,22F,0.687,22F
ERR13374949#3,9N,0.764,9N
ERR13374949#4,9N,0.357,9L
ERR3899228#2,23F,0.575,23F
ERR1422687#3,21,0.659,21
ERR1422687#18,21,0.08,33D
ERR319357#33,6B,0.444,19A
ERR319357#131,6B,0.188,22F
ERR2853541#1,19A,0.8,19A
ERR774484#1,33F,0.627,33F
ERR2612092#1,1,0.628,1
ERR2612092#6,1,0.806,1
ERR774490#1,31,0.131,6C
ERR774490#18,31,0.794,31
SRR26594716#1,8,0.745,8
SRR26879942#2,8,0.679,8
SRR26879942#5,8,0.917,8
SRR26797565#3,8,0.724,8
SRR26797565#5,8,0.928,8
ERR3164413#2,14,0.587,14
ERR3164413#8,14,0.804,14
ERR13364589#2,19F,0.479,6B
ERR13364589#8,19F,0.095,19F
ERR1422460#5,11A,0.156,21
ERR1422460#8,11A,0.451,11A
SRR26789910#5,9N,0.651,9N
ERR773853#5,35B,0.494,35D
ERR773853#21,35B,0.156,28A
ERR714352#3,1,0.777,1
ERR714352#6,1,0.777,1
SRR26594797#1,23A,0.852,23A
SRR26673498#3,8,0.724,8
SRR26673498#7,8,0.929,8
ERR1756434#1,19A,0.857,19A
SRR26931844#1,35B,0.383,35B
SRR26879825#2,8,0.655,8
SRR26879825#6,8,0.924,8
ERR600467#1,23F,0.57,23F
ERR2612104#3,4,0.131,19F
ERR2612104#11,4,0.331,4
SRR26790189#2,3,0.96,3
SRR26797525#3,13,0.205,13
SRR26797525#9,13,0.901,13
ERR2853418#1,19A,0.808,19A
ERR13365166#5,22F,0.62,22F
ERR13365166#10,22F,0.21,22F
ERR2090112#1,19F,0.685,19F
SRR26833924#5,20B,0.471,20B
SRR26833924#20,20B,0.474,20B
ERR750953#6,6B,0.516,6E
ERR13366189#11,14,0.134,10B
ERR13366189#12,14,0.781,14
ERR425500#2,14,0.431,14
ERR425500#21,14,0.109,28F
SRR26594942#14,17F,0.707,17F
ERR742867#4,14,0.944,14
ERR742867#11,14,0.149,33D
SRR26715058#29,11A,0.535,11C
SRR26715058#87,11A,0.132,11C
ERR662433#8,35B,0.526,35D
SRR26714987#1,8,0.679,8
SRR26714987#9,8,0.924,8
ERR3796644#1,24F,0.782,24F
ERR490752#5,5,0.89,5
ERR490752#18,5,0.603,5
SRR26749372#1,31,0.499,31
SRR26749372#20,31,0.682,31
ERR13365407#3,19A,0.187,7F
ERR13365407#9,19A,0.177,19F
SRR26594615#1,9N,0.654,9N
SRR26594615#5,9N,0.316,25A
ERR13374900#4,9N,0.598,9N
ERR13374900#21,9N,0.654,9N
SRR26910223#2,9N,0.654,9N
SRR26910223#4,9N,0.738,9N
ERR1202097#5,5,0.806,5
ERR1202097#22,5,0.53,5
SRR26883878#2,8,0.655,8
SRR26883878#4,8,0.926,8
SRR26931562#4,23B,0.726,23B
SRR26931562#17,23B,0.516,23B
SRR26818216#1,8,0.899,8
SRR26910929#23,17F,0.084,15A
SRR26910929#41,17F,0.562,17F
SRR26834461#2,27,0.894,27
SRR26834461#39,27,0.748,27
SRR26595059#1,6E,0.603,6E
ERR884498#1,19F,0.099,19F
ERR884498#2,19F,0.706,19F
ERR1453358#1,19F,0.616,19F
SRR26714828#163,8,0.133,46
SRR26714828#170,8,0.704,8
SRR26878497#1,8,0.88,8
SRR26714309#1,22F,0.77,22F
SRR26714309#16,22F,0.454,22F
ERR1192016#5,6B,0.597,6E
ERR925347#2,10A,0.331,10A
ERR925347#36,10A,0.237,10A
ERR2091025#3,14,0.988,14
ERR2091025#16,14,0.784,14
ERR2089820#1,9V,0.683,9V
ERR730452#1,23A,0.854,23A
ERR714643#5,33D,0.723,33D
ERR714643#17,33D,0.423,33D
SRR26818626#1,8,0.288,8
SRR26818626#3,8,0.813,8
ERR1065250#1,15A,0.74,15A
SRR26817749#1,23B,0.909,23B
ERR3227802#5,33F,0.621,33F
ERR3227802#16,33F,0.133,10B
ERR1066042#3,7C,0.432,7C
ERR1066042#52,7C,0.581,19A
SRR26797228#1,22F,0.618,22F
SRR26797228#7,22F,0.454,22F
ERR1214586#1,23A,0.708,23A
ERR13364818#1,19A,0.808,19A
SRR26797389#6,19A,0.141,29
SRR26797389#16,19A,0.853,19A
ERR714691#6,9V,0.253,9V
ERR714691#16,9V,0.786,9V
ERR326343#37,6B,0.084,28A
ERR326343#127,6B,0.168,23F
ERR8481746#11,15B,0.439,15B
SRR26833659#1,15B,0.439,15B
SRR26673130#2,33F,0.793,33F
ERR1066349#1,16F,0.493,16F
ERR1066349#8,16F,0.637,16F
SRR26931001#1,3,0.96,3
ERR2089706#17,19A,0.865,19A
ERR316715#1,23F,0.568,23F
SRR26880112#16,23A,0.855,23A
ERR2853566#1,19A,0.893,19A
SRR26749962#5,6E,0.658,25F
SRR26749962#9,6E,0.575,6E
ERR2667827#2,6B,0.407,6E
SRR26797315#13,23A,0.855,23A
ERR1799729#1,23F,0.701,23F
SRR26931049#1,7C,0.788,7C
SRR26931049#11,7C,0.198,7C
SRR26930991#1,3,0.96,3
ERR1795498#1,9N,0.622,9N
ERR13364892#14,22F,0.419,22F
ERR13364892#30,22F,0.657,22F
ERR997574#12,34,0.346,34
ERR997574#13,34,0.782,34
SRR26672946#3,22F,0.616,22F
SRR26672946#7,22F,0.721,22F
ERR984293#14,34,0.419,34
ERR984293#16,34,0.775,34
SRR26878200#2,8,0.724,8
SRR26878200#6,8,0.924,8
ERR742417#28,14,0.53,14
ERR742417#36,14,0.935,14
SRR26818180#5,35F,0.887,35F
ERR884406#1,19A,0.808,19A
ERR632952#1,18A,0.728,18A
ERR632952#9,18A,0.103,7C
ERR505858#17,35B,0.413,35B
ERR505858#23,35B,0.603,35B
ERR1106712#2,10A,0.183,37
ERR1106712#22,10A,0.121,10A
SRR26673150#20,8,0.223,11C
SRR26673150#129,8,0.106,46
ERR2089912#1,9V,0.614,9V
ERR2091010#1,15A,0.755,15A
ERR2667170#18,5,0.424,5
ERR2667170#23,5,0.693,5
SRR26884249#7,8,0.926,8
SRR26884249#14,8,0.655,8
SRR26930766#1,12F,0.494,12F
SRR26930766#9,12F,0.472,12F
SRR26833977#12,19F,0.58,19F
SRR26833977#51,19F,0.318,19F
SRR26817945#1,19A,0.858,19A
SRR26595025#1,19A,0.803,19A
ERR8481546#3,13,0.917,13
ERR925380#1,19F,0.158,19F
ERR925380#6,19F,0.69,19F
ERR925216#1,35B,0.402,35D
ERR925216#3,35B,0.685,35B
ERR1422412#1,19A,0.817,19A
ERR1422412#6,19A,0.128,11
ERR701827#1,11A,0.334,11E
ERR2089348#1,19A,0.246,19A
ERR2089348#31,19A,0.554,33D
SRR26749502#2,22F,0.721,22F
SRR26749502#8,22F,0.454,22F
SRR26884243#2,19A,0.893,19A
SRR26790176#2,8,0.655,8
SRR26790176#6,8,0.866,8
SRR26714337#4,34,0.766,34
ERR13364897#3,14,0.687,14
ERR13364897#26,14,0.291,48
ERR505545#1,19F,0.55,19F
SRR26883766#10,7F,0.512,7F
SRR26883766#26,7F,0.674,7F
SRR26877862#2,31,0.499,31
SRR26877862#18,31,0.786,31
SRR26789335#2,11A,0.355,11E
SRR26673254#5,22F,0.534,22F
SRR26673254#8,22F,0.261,22F
ERR340889#11,7F,0.235,7F
ERR340889#52,7F,0.475,7F
ERR4289090#2,14,0.733,14
ERR4289090#9,14,0.62,14
ERR751057#2,19F,0.456,9V
ERR751057#4,19F,0.684,19F
ERR2668144#7,4,0.552,9V
ERR2668144#23,4,0.197,4
ERR714460#13,6B,0.347,6B
ERR714460#28,6B,0.488,6B
ERR876760#2,1,0.765,1
ERR876760#70,1,0.201,1
ERR714628#4,1,0.832,1
ERR714628#42,1,0.261,1
ERR1065829#2,16F,0.705,16F
SRR26931743#2,8,0.702,8
SRR26931743#4,8,0.872,8
ERR1065335#3,19A,0.865,19A
ERR13374619#6,5,0.587,5
ERR13374619#23,5,0.432,5
ERR751179#3,19A,0.784,19A
ERR751179#23,19A,0.128,13
SRR26878223#12,16F,0.685,16F
ERR8481717#2,3,0.96,3
ERR2680651#1,19F,0.129,19F
ERR2680651#4,19F,0.719,19F
SRR26884686#5,33F,0.787,33F
SRR26884686#17,33F,0.534,33F
ERR1214461#1,11A,0.297,11
ERR925322#3,19F,0.339,9V
ERR925322#4,19F,0.067,16F
ERR2680876#13,6B,0.599,6E
ERR730699#15,6B,0.379,6B
ERR730699#25,6B,0.488,6B
ERR326758#1,3,0.96,3
ERR774108#2,12F,0.116,33F
ERR774108#7,12F,0.842,25F
SRR26818538#4,16F,0.113,10A
SRR26818538#9,16F,0.232,4
SRR26910932#1,17F,0.796,17F
SRR26910932#47,17F,0.562,17F
SRR26797388#2,15A,0.79,15A
ERR913527#2,19F,0.181,19F
ERR913527#3,19F,0.566,19F
ERR845787#1,16F,0.239,16F
ERR1202164#1,11A,0.347,11E
ERR1192025#2,14,0.732,14
ERR1192025#5,14,0.175,15A
SRR26714500#4,3,0.955,3
ERR13364440#3,22F,0.665,22F
ERR13364440#5,22F,0.621,22F
SRR26714243#5,19F,0.565,19F
SRR26714243#56,19F,0.311,19F
SRR26880154#4,19F,0.743,19F
SRR26880154#28,19F,0.085,9V
ERR909335#29,28F,0.135,33D
ERR909335#42,28F,0.655,28F
SRR26594540#1,8,0.752,8
ERR2090708#2,22F,0.728,22F
ERR2090708#4,22F,0.411,22F
ERR1453439#2,35B,0.396,35B
ERR1453439#5,35B,0.526,35B
ERR2681236#2,35A,0.82,35A
SRR26931038#1,8,0.903,8
ERR774370#5,23F,0.673,23F
ERR3831133#2,24F,0.764,24F
SRR26883966#1,8,0.754,8
ERR884518#1,19A,0.808,19A
SRR26594188#7,3,0.955,3
ERR3303457#3,23A,0.787,23A
SRR26797864#10,7F,0.282,7F
SRR26797864#53,7F,0.485,7F
ERR2681184#1,6B,0.598,6E
SRR26834414#3,3,0.739,3
ERR2667442#1,19A,0.809,19A
ERR2667933#2,19A,0.865,19A
ERR13364800#4,22F,0.21,22F
ERR13364800#7,22F,0.525,22F
ERR13365735#4,7F,0.685,7F
ERR505500#1,19F,0.732,19F
ERR505500#10,19F,0.106,19F
SRR26833780#2,8,0.702,8
SRR26833780#3,8,0.926,8
ERR1202223#2,13,0.282,33D
ERR1202223#15,13,0.945,13
ERR730254#7,14,0.13,28A
ERR730254#9,14,0.721,14
ERR13374972#1,17F,0.341,17F
SRR26750097#2,15A,0.782,15A
ERR3655311#3,3,0.955,3
ERR909126#2,19F,0.158,19F
ERR909126#4,19F,0.679,19F
ERR1191969#3,19F,0.632,19F
ERR1191969#29,19F,0.074,16F
SRR26880095#1,16F,0.236,4
SRR26880095#11,16F,0.128,28A
ERR773948#24,5,0.712,5
ERR773948#27,5,0.603,5
ERR751060#22,5,0.579,5
ERR751060#24,5,0.603,5
ERR1214553#6,14,0.176,21
ERR1214553#39,14,0.085,4
ERR909161#1,19F,0.158,19F
ERR909161#3,19F,0.69,19F
SRR26790089#5,9N,0.651,9N
SRR26672752#1,12F,0.332,12F
SRR26672752#7,12F,0.478,12F
SRR26910430#7,9N,0.65,9N
ERR1453350#5,34,0.784,34
SRR26878102#6,15A,0.294,15A
SRR26878102#30,15A,0.751,15A
ERR2090170#1,13,0.935,13
ERR876561#3,9V,0.377,9V
ERR876561#24,9V,0.271,9V
ERR10419733#1,19A,0.9,19A
ERR8481845#2,15A,0.758,15A
ERR3899326#4,23F,0.707,23F
SRR26931888#1,8,0.884,8
SRR26880065#15,6C,0.37,6D
SRR26880065#18,6C,0.152,20B
SRR26884505#1,19A,0.893,19A
SRR26672920#2,8,0.724,8
SRR26672920#5,8,0.926,8
ERR876673#21,3,0.951,3
ERR876709#1,2,0.89,2
ERR870263#1,11B,0.528,11B
ERR870263#25,11B,0.525,11C
SRR26595042#2,8,0.679,8
SRR26595042#5,8,0.925,8
ERR701840#1,18F,0.353,18F
ERR2089694#1,17F,0.703,17F
ERR1453395#2,17F,0.708,17F
SRR26797671#1,23B,0.905,23B
SRR26797139#1,8,0.763,8
ERR433862#1,19F,0.719,19F
SRR26714864#2,15B,0.119,35C
SRR26714864#7,15B,0.357,15B
ERR870311#3,2,0.886,2
ERR751045#7,6A,0.582,6A
ERR751045#26,6A,0.121,5
ERR2089925#2,8,0.547,8
ERR2089925#11,8,0.933,8
ERR1065315#4,20A,0.473,20A
ERR326492#32,6B,0.084,28A
ERR326492#105,6B,0.168,23F
ERR1065288#1,35F,0.878,35F
ERR2089417#38,38,0.375,25A
ERR2089417#54,38,0.529,25A
ERR1065394#12,16F,0.706,16F
SRR26818530#2,22F,0.721,22F
SRR26818530#9,22F,0.399,22F
ERR2090965#22,1,0.663,1
ERR2090965#43,1,0.269,1
ERR870271#1,14,0.088,18C
ERR870271#7,14,0.942,14
ERR13365490#2,19F,0.741,19F
ERR13365490#11,19F,0.096,10F
SRR26715040#12,19A,0.863,19A
SRR26715040#19,19A,0.155,7F
ERR3796895#2,24F,0.769,24F
ERR1065797#5,12F,0.427,12B
ERR8481636#3,15C,0.474,15C
ERR13365042#2,33F,0.78,33F
SRR26878628#5,9N,0.738,9N
SRR26878628#11,9N,0.65,9N
ERR2090870#5,4,0.214,4
ERR2090870#20,4,0.258,4
ERR13365138#1,19F,0.468,19F
ERR490793#1,19F,0.456,9V
ERR490793#3,19F,0.19,10A
ERR1422405#25,5,0.905,5
ERR1422405#44,5,0.53,5
SRR26834519#1,8,0.899,8
SRR26797125#1,9N,0.659,9N
SRR26797125#5,9N,0.738,9N
SRR26884163#1,7C,0.618,7C
SRR26884163#24,7C,0.231,7C
ERR2853642#1,19A,0.807,19A
SRR26797919#4,10A,0.72,10A
SRR26797919#29,10A,0.174,10A
ERR997489#1,18C,0.437,18C
