sample,GPSC
SAMEA1025815,1
SAMEA112486589,1
SAMEA1029272,1
SAMEA112486535,1
SAMEA1032469,1
SAMEA114490222,1
SAMEA1028635,1
SAMEA114276658,1
SAMEA114276789,1
SAMEA112824351,1
SAMEA1020146,1
SAMEA112824154,1
SAMEA114341944,1
SAMEA104343819,1
SAMEA1028718,1
SAMEA104154828,1
SAMEA112486517,1
SAMEA1019964,1
SAMEA1020704,1
SAMEA1025535,1
SAMEA1025425,1
SAMEA1026069,1
SAMEA1029200,1
SAMEA114346237,1
SAMEA111457397,1
SAMEA114490115,1
SAMEA1025185,1
SAMEA112653998,1
SAMEA103953409,1
SAMEA114479090,1
SAMEA112485883,1
SAMEA1028795,1
SAMEA1025475,1
SAMEA104141825,1
SAMEA112960826,1
SAMEA1029374,1
SAMEA104141932,1
SAMEA112960886,1
SAMEA114211891,1
SAMEA111457507,1
SAMEA114375406,1
SAMEA112126351,1
SAMD00284823,1
SAMEA112486089,1
SAMEA112485833,1
SAMD00284833,1
SAMEA111457527,1
SAMEA104141841,1
SAMEA104141975,1
SAMEA112485855,1
SAMEA10254758,1
SAMEA104141965,1
SAMEA104141883,1
SAMEA10427141,1
SAMEA114375633,1
SAMEA104141928,1
SAMEA112960776,1
SAMEA114375725,1
SAMEA104141624,1
SAMEA114346110,1
SAMEA1026029,1
SAMEA1024095,1
SAMEA1024835,1
SAMEA112486591,1
SAMEA1024586,1
SAMEA1025675,1
SAMEA104141919,1
SAMEA1026254,1
SAMEA111457449,1
SAMEA112654026,1
SAMEA112960809,1
SAMEA112485913,1
SAMEA114408124,1
SAMEA104141515,1
SAMEA112299428,1
SAMEA114211890,1
SAMEA112486287,1
SAMEA1020269,1
SAMEA114346146,1
SAMEA10427452,1
SAMEA1025045,1
SAMEA112824129,1
SAMEA104141949,1
SAMEA112486705,1
SAMEA1025925,1
SAMEA112960675,1
SAMEA114478753,1
SAMEA114242251,1
SAMEA1029143,1
SAMD00085787,1
SAMEA112184083,1
SAMEA104456095,1
SAMEA1026198,1
SAMEA111457410,1
SAMEA1024869,1
SAMEA112960811,1
SAMEA104141827,1
SAMEA114479008,1
SAMEA1020564,1
SAMEA1025674,1
SAMEA1024680,1
SAMEA104141644,1
SAMEA104141781,1
SAMEA114036839,1
SAMEA1029270,1
SAMEA114346247,1
SAMEA112486034,1
SAMEA1026211,1
SAMEA114490161,1
SAMEA111457459,1
SAMEA112960918,1
SAMEA111457531,1
SAMEA1020145,1
SAMEA111457412,1
SAMEA114346106,1
SAMEA1024889,1
SAMD00224626,1
SAMEA104141820,1
SAMEA1026241,1
SAMEA1028870,1
SAMD00284851,1
SAMEA111457525,1
SAMEA104141776,1
SAMEA112960745,1
SAMEA114309474,1
SAMEA1020730,1
SAMEA114375766,1
SAMEA112485874,1
SAMEA1025871,1
SAMEA114346008,1
SAMEA113533836,1
SAMEA112485909,1
SAMEA112960869,1
SAMEA114375531,1
SAMEA112960821,1
SAMEA112889734,1
SAMEA114392949,1
SAMEA10254817,1
SAMEA112485961,1
SAMEA1020575,1
SAMEA104154742,1
SAMEA1025868,1
SAMD00085795,1
SAMEA114341828,1
SAMEA111457500,1
SAMEA1020323,1
SAMEA1025501,1
SAMEA1029059,1
SAMEA1020242,1
SAMEA10254865,1
SAMEA112654000,1
SAMEA114211831,1
SAMD00085792,1
SAMEA112486625,1
SAMEA112299501,1
SAMEA104343831,1
SAMEA104141681,1
SAMEA1024645,1
SAMEA104343821,1
SAMEA1024865,1
SAMEA112486676,1
SAMEA114441586,1
SAMEA104343823,1
SAMEA104154363,1
SAMEA104343833,1
SAMEA114228343,1
SAMEA114375614,1
SAMEA111457476,1
SAMEA114375310,1
SAMEA111457444,1
SAMEA1026212,1
SAMEA104343725,1
SAMEA104141879,1
SAMEA112960893,1
SAMEA114211925,1
SAMEA114088771,1
SAMEA112960782,1
SAMEA114392661,1
SAMEA104456103,1
SAMEA104141802,1
SAMEA112889692,1
SAMD00284852,1
SAMEA114326188,1
SAMEA1025939,1
SAMEA112960857,1
SAMEA1020284,1
SAMEA1025812,1
SAMEA104343768,1
SAMEA114313583,1
SAMEA110129195,1
SAMEA1024899,1
SAMEA114490099,1
SAMEA1029317,1
SAMEA104141591,1
SAMEA112486491,1
SAMEA112486505,1
SAMEA114313528,1
SAMEA1026040,1
SAMD00284854,1
SAMEA103953471,1
SAMEA114346160,1
SAMEA114375509,1
SAMEA1026197,1
SAMEA1020711,1
SAMEA114341941,1
SAMEA112960766,1
SAMD00284845,1
SAMEA111457487,1
SAMEA1026161,1
SAMEA1028784,1
SAMEA1025410,1
SAMEA111457365,1
SAMEA1024663,1
SAMEA111457441,1
SAMD00284839,1
SAMEA1026085,1
SAMEA112960698,1
SAMEA110129235,1
SAMEA1025047,1
SAMD00284867,1
SAMEA1024990,1
SAMEA111457489,1
SAMEA1025729,1
SAMEA1029313,1
SAMEA114276763,1
SAMEA104343870,1
SAMEA1025723,1
SAMEA112960779,1
SAMEA114375776,1
SAMEA10427341,1
SAMEA104141881,1
SAMEA112485955,1
SAMEA112960924,1
SAMD00284853,1
SAMEA1025654,1
SAMEA114326417,1
SAMEA114375526,1
SAMEA1025426,1
SAMEA1029445,1
SAMEA112486503,1
SAMEA104141903,1
SAMEA1025937,1
SAMEA104456172,1
SAMEA114036678,1
SAMEA114520650,1
SAMD00284855,1
SAMEA112960868,1
SAMEA1020025,1
SAMEA114345978,1
SAMEA110666060,1
SAMEA1024953,1
SAMEA1026090,1
SAMEA104343868,1
SAMD00284826,1
SAMEA10427525,1
SAMEA1028971,1
SAMEA1032746,1
SAMEA102263668,1
SAMEA110665886,1
SAMEA1020162,1
SAMEA1024583,1
SAMEA1028623,1
SAMEA112960852,1
SAMEA112486214,1
SAMEA104456008,1
SAMEA113533809,1
SAMEA104141828,1
SAMEA1026024,1
SAMEA114375765,1
SAMEA1020769,1
SAMEA1025991,1
SAMEA112960777,1
SAMEA1024763,1
SAMEA104456059,1
SAMEA1025700,1
SAMEA114375419,1
SAMEA1025071,1
SAMEA104141764,1
SAMEA114088619,1
SAMEA112486012,1
SAMEA112960751,1
SAMEA1025361,1
SAMEA114036924,1
SAMEA104141651,1
SAMEA114088724,1
SAMEA1029072,1
SAMEA111457371,1
SAMEA103953517,1
SAMEA10427975,1
SAMEA114375410,1
SAMEA1020333,1
SAMEA1024730,1
SAMEA114346078,1
SAMEA112889725,1
SAMEA10254915,1
SAMEA112485831,1
SAMEA1025565,1
SAMEA1020577,1
SAMEA112653994,1
SAMEA114375599,1
SAMEA114346249,1
SAMEA1020560,1
SAMEA112184078,1
SAMEA114346205,1
SAMEA1025919,1
SAMEA1028762,1
SAMEA112654027,1
SAMEA112960714,1
SAMEA114490405,1
SAMEA112960668,1
SAMEA104141640,1
SAMEA114088622,1
SAMEA114479392,1
SAMEA1025859,1
SAMEA1028738,1
SAMEA114346077,1
SAMEA111457539,1
SAMEA112486039,1
SAMEA112824153,1
SAMEA1032641,1
SAMEA112960844,1
SAMEA104141945,1
SAMEA1029062,1
SAMEA1028877,1
SAMD00085774,1
SAMEA1024642,1
SAMEA112486072,1
SAMEA111457522,1
SAMEA1025317,1
SAMEA114407982,1
SAMEA111457454,1
SAMEA112486054,1
SAMEA114346085,1
SAMEA112486433,1
SAMEA1024659,1
SAMEA111457435,1
SAMEA114346158,1
SAMEA112960708,1
SAMEA1020478,1
SAMEA112486276,1
SAMEA112184079,1
SAMEA112486147,1
SAMEA1029197,1
SAMEA104141655,1
SAMEA1026148,1
SAMEA112184080,1
SAMEA112486639,1
SAMEA114346061,1
SAMEA114375262,1
SAMEA1020016,1
SAMEA1024710,1
SAMEA104141864,1
SAMEA104343829,1
SAMEA104154700,1
SAMEA1020165,1
SAMEA1023842,1
SAMEA114341791,1
SAMEA112486124,1
SAMEA1024159,1
SAMEA112486462,1
SAMEA114313246,1
SAMEA112960839,1
SAMEA104343771,1
SAMEA110665967,1
SAMEA114346118,1
SAMEA112960688,1
SAMD00284869,1
SAMEA112960693,1
SAMEA114229954,1
SAMEA112486673,1
SAMEA114345984,1
SAMEA111457551,1
SAMEA112824300,1
SAMEA10254855,1
SAMD00284834,1
SAMEA104141836,1
SAMEA114520420,1
SAMEA104141789,1
SAMEA112485897,1
SAMEA114375654,1
SAMEA111457543,1
SAMEA111441699,1
SAMEA114346220,1
SAMEA1024661,1
SAMEA1020202,1
SAMEA114375449,1
SAMEA104141958,1
SAMEA112647494,1
SAMEA112486486,1
SAMEA1020556,1
SAMEA104154778,1
SAMEA112485902,1
SAMEA104343865,1
SAMD00284837,1
SAMEA112486140,1
SAMEA112299517,1
SAMEA1028703,1
SAMEA112486489,1
SAMEA111457356,1
SAMEA104141849,1
SAMEA104343736,1
SAMEA103953441,1
SAMEA1025300,1
SAMEA104142014,1
SAMEA112486540,1
SAMEA1028996,1
SAMEA1025893,1
SAMEA112486033,1
SAMEA1028864,1
SAMEA112486259,1
SAMEA111457406,1
SAMEA114463294,1
SAMEA1024929,1
SAMEA1024568,1
SAMEA112143479,1
SAMEA112824148,1
SAMEA112824323,1
SAMEA111457495,1
SAMEA112960838,1
SAMEA1025940,1
SAMEA114036716,1
SAMEA10254904,1
SAMD00284868,1
SAMEA1024987,1
SAMEA114313217,1
SAMEA114346099,1
SAMEA112184091,1
SAMEA103953425,1
SAMEA1024866,1
SAMEA114346069,1
SAMEA104141877,1
SAMD00284819,1
SAMEA1025746,1
SAMEA104141517,1
SAMEA112486581,1
SAMEA114212018,1
SAMEA112824144,1
SAMEA114088626,1
SAMEA1020603,1
SAMEA110129194,1
SAMEA114242143,1
SAMEA111457451,1
SAMEA1020849,1
SAMEA112960808,1
SAMEA1025222,1
SAMEA104141866,1
SAMEA114341876,1
SAMEA114345992,1
SAMEA1026032,1
SAMEA1025989,1
SAMEA1025680,1
SAMEA112960803,1
SAMEA1028966,1
SAMEA1028769,1
SAMEA1025393,1
SAMEA112960828,1
SAMEA1023976,1
SAMEA114309738,1
SAMEA114326118,1
SAMEA114520600,1
SAMEA114341928,1
SAMD00224651,1
SAMEA112824127,1
SAMEA1026131,1
SAMEA1029356,1
SAMEA112486730,1
SAMEA114463214,1
SAMEA1026080,1
SAMEA112486351,1
SAMEA1024811,1
SAMEA10427872,1
SAMEA104343866,1
SAMEA111457475,1
SAMEA1025040,1
SAMD00284856,1
SAMEA1032501,1
SAMEA114276726,1
SAMEA112486104,1
SAMD00284844,1
SAMEA104141837,1
SAMD00284866,1
SAMEA112184088,1
SAMEA114520656,1
SAMEA114375832,1
SAMEA104141768,1
SAMEA104035130,1
SAMEA110129182,1
SAMEA1025597,1
SAMEA112960770,1
SAMEA1025647,1
SAMEA114242261,1
SAMEA1029278,1
SAMEA103953433,1
SAMEA114212312,1
SAMEA104154702,1
SAMEA111503956,1
SAMEA104141826,1
SAMEA104141684,1
SAMEA114408309,1
SAMEA1025273,1
SAMEA10254794,1
SAMEA112960834,1
SAMEA103953497,1
SAMEA1025921,1
SAMEA104141818,1
SAMEA1024082,1
SAMD00284825,1
SAMEA104141930,1
SAMEA104154749,1
SAMEA104141943,1
SAMEA104343744,1
SAMEA114211876,1
SAMD00085803,1
SAMEA1029416,1
SAMEA104035576,1
SAMEA112486627,1
SAMEA1028666,1
SAMEA1025826,1
SAMD00284864,1
SAMEA1025964,1
SAMEA114346071,1
SAMEA103953602,1
SAMEA114375556,1
SAMD00284865,1
SAMEA1024606,1
SAMEA114036807,1
SAMEA1025800,1
SAMEA110129201,1
SAMEA112486396,1
SAMEA1020110,1
SAMEA112960699,1
SAMEA104455860,1
SAMEA111457427,1
SAMEA112824226,1
SAMEA112485838,1
SAMEA111457411,1
SAMEA112486630,1
SAMEA1024794,1
SAMEA114346002,1
SAMEA10427802,1
SAMEA104456034,1
SAMEA112486144,1
SAMEA103953541,1
SAMEA104141858,1
SAMEA114036704,1
SAMEA114346230,1
SAMEA104035587,1
SAMEA1025822,1
SAMEA112960783,1
SAMEA111457391,1
SAMEA104343766,1
SAMEA112486037,1
SAMEA114242202,1
SAMEA114341816,1
SAMEA1028620,1
SAMEA104343763,1
SAMEA1025891,1
SAMEA111457492,1
SAMEA114479494,1
SAMEA104141793,1
SAMD00284821,1
SAMD00284863,1
SAMEA1025280,1
SAMEA111457484,1
SAMEA114441420,1
SAMEA104141708,1
SAMEA111378891,1
SAMEA114408020,1
SAMEA111457418,1
SAMEA1023803,1
SAMEA1025805,1
SAMEA104343864,1
SAMEA112486066,1
SAMEA1028857,1
SAMEA1020331,1
SAMEA114313305,1
SAMEA104141940,1
SAMEA114313312,1
SAMEA112486193,1
SAMEA1024117,1
SAMEA1029094,1
SAMD00284859,1
SAMEA114326273,1
SAMEA1026100,1
SAMEA104141976,1
SAMEA104343769,1
SAMEA114088731,1
SAMEA104141886,1
SAMEA111457516,1
SAMEA114441453,1
SAMEA1024820,1
SAMEA1020138,1
SAMEA1026106,1
SAMEA111457433,1
SAMEA104141581,1
SAMEA111457383,1
SAMEA114375452,1
SAMEA10254617,1
SAMEA114346103,1
SAMEA111457431,1
SAMEA1020482,1
SAMEA114211974,1
SAMEA1025228,1
SAMEA104142012,1
SAMEA114375456,1
SAMEA1024707,1
SAMEA104343822,1
SAMEA114036810,1
SAMEA110665963,1
SAMEA111503957,1
SAMEA104141653,1
SAMEA104456147,1
SAMEA112299383,1
SAMEA112299477,1
SAMEA114309836,1
SAMEA112960731,1
SAMEA103953428,1
SAMEA1024580,1
SAMEA1028926,1
SAMEA114490072,1
SAMEA114441741,1
SAMEA104141885,1
SAMD00284841,1
SAMEA114241819,1
SAMEA104343726,1
SAMD00284847,1
SAMEA10427876,1
SAMEA1025001,1
SAMEA111457416,1
SAMEA1025865,1
SAMEA114211883,1
SAMEA1029436,1
SAMEA1020510,1
SAMEA1020605,1
SAMEA104343728,1
SAMEA112960780,1
SAMEA112486143,1
SAMEA1020625,1
SAMEA1025960,1
SAMEA1025885,1
SAMEA104141667,1
SAMEA10254625,1
SAMEA112960825,1
SAMEA1025218,1
SAMEA10254827,1
SAMEA1025244,1
SAMEA1020578,1
SAMEA1028830,1
SAMEA10254519,1
SAMEA111457524,1
SAMEA1020464,1
SAMEA1025478,1
SAMEA112199491,1
SAMEA1024030,1
SAMEA1025915,1
SAMEA1029340,1
SAMEA112485879,1
SAMEA104456079,1
SAMEA1024735,1
SAMEA104141696,1
SAMEA1020678,1
SAMEA1025731,1
SAMEA1026048,1
SAMEA104456500,1
SAMEA114211950,1
SAMEA114346091,1
SAMEA114346250,1
SAMEA10254585,1
SAMEA104154291,1
SAMEA114326174,1
SAMEA112486808,1
SAMEA112486228,1
SAMEA112960764,1
SAMEA114478913,1
SAMEA10427150,1
SAMEA114490185,1
SAMEA112486078,1
SAMEA112486421,1
SAMEA1029122,1
SAMEA111457380,1
SAMEA114211743,1
SAMEA114490130,1
SAMEA103953439,1
SAMEA112486260,1
SAMEA112184093,1
SAMEA112485891,1
SAMEA104141650,1
SAMEA112486157,1
SAMEA111457434,1
SAMEA1028793,1
SAMEA114313527,1
SAMEA112960801,1
SAMD00284824,1
SAMEA1025518,1
SAMEA114346214,1
SAMEA114520398,1
SAMEA112486225,1
SAMEA1024915,1
SAMEA1020772,1
SAMEA114242215,1
SAMEA112960752,1
SAMEA114442065,1
SAMEA1025179,1
SAMEA1032509,1
SAMEA114341945,1
SAMEA114441717,1
SAMEA1028633,1
SAMEA104141890,1
SAMEA1025113,1
SAMEA104141946,1
SAMD00284830,1
SAMEA112486291,1
SAMEA112486090,1
SAMEA1019955,1
SAMEA1024905,1
SAMEA1028755,1
SAMEA114346202,1
SAMEA112486708,1
SAMEA114309552,1
SAMEA114241777,1
SAMEA1025429,1
SAMEA1029399,1
SAMEA1029243,1
SAMEA1025127,1
SAMEA111457462,1
SAMD00284848,1
SAMEA1025494,1
SAMEA104154800,1
SAMEA104455906,1
SAMEA112486154,1
SAMEA112839782,1
SAMEA112126339,1
SAMEA112486493,1
SAMEA112960875,1
SAMEA114241916,1
SAMD00284828,1
SAMEA104343739,1
SAMEA114345993,1
SAMEA112486553,1
SAMEA1024625,1
SAMEA104154636,1
SAMD00284822,1
SAMEA114313301,1
SAMD00224680,1
SAMEA104141780,1
SAMEA112299364,1
SAMEA103953581,1
SAMEA10254858,1
SAMEA114375502,1
SAMEA112485968,1
SAMEA10427183,1
SAMEA114036634,1
SAMEA1025982,1
SAMEA112485982,1
SAMEA112485830,1
SAMEA1020852,1
SAMEA104456297,1
SAMEA1025042,1
SAMD00284831,1
SAMEA1020055,1
SAMEA1024812,1
SAMEA112486512,1
SAMEA1024705,1
SAMEA1020437,1
SAMEA114313522,1
SAMEA1025502,1
SAMEA111457528,1
SAMEA112486403,1
SAMEA111457538,1
SAMEA1024969,1
SAMEA104141905,1
SAMEA10254584,1
SAMEA114341870,1
SAMEA1024796,1
SAMEA112184076,1
SAMEA1024791,1
SAMEA1025642,1
SAMEA114313297,1
SAMEA114346234,1
SAMEA112486126,1
SAMEA1026204,1
SAMEA104141994,1
SAMEA114036645,1
SAMEA104455870,1
SAMEA112486107,1
SAMEA114211913,1
SAMEA1020266,1
SAMEA104456104,1
SAMEA104141632,1
SAMEA114375425,1
SAMEA104155116,1
SAMEA104141718,1
SAMEA114479591,1
SAMEA10254893,1
SAMEA112960872,1
SAMEA112960750,1
SAMEA1025632,1
SAMEA1026141,1
SAMEA104141829,1
SAMEA114341872,1
SAMD00085810,1
SAMEA104141824,1
SAMEA112486654,1
SAMEA1025914,1
SAMEA1025339,1
SAMEA1029134,1
SAMEA1025649,1
SAMEA104141598,1
SAMEA1028731,1
SAMEA1024778,1
SAMEA114326433,1
SAMEA112486023,1
SAMEA104141941,1
SAMEA1029310,1
SAMEA110666008,1
SAMEA1024619,1
SAMEA1025887,1
SAMEA104141675,1
SAMEA112486045,1
SAMEA114036670,1
SAMEA112486459,1
SAMEA114441400,1
SAMEA114346239,1
SAMEA112485943,1
SAMEA1032578,1
SAMEA1028665,1
SAMEA10254829,1
SAMEA1029423,1
SAMEA1028955,1
SAMEA104141614,1
SAMEA112486530,1
SAMEA1020126,1
SAMEA1025052,1
SAMEA112960859,1
SAMEA1028617,1
SAMEA1028697,1
SAMEA1020243,1
SAMEA114346203,1
SAMEA1028814,1
SAMEA1020235,1
SAMEA114228302,1
SAMEA112824091,1
SAMEA114479307,1
SAMEA103953525,1
SAMEA114313426,1
SAMEA112486137,1
SAMEA104141637,1
SAMEA112486723,1
SAMEA112960667,1
SAMEA1026155,1
SAMD00224684,1
SAMEA1029277,1
SAMEA114242368,1
SAMEA114490309,1
SAMD00284838,1
SAMEA104142023,1
SAMEA1026248,1
SAMEA114212307,1
SAMEA103953715,1
SAMD00224640,1
SAMEA104141766,1
SAMEA112486063,1
SAMEA112960905,1
SAMEA103953461,1
SAMEA1025257,1
SAMEA1028787,1
SAMEA104035217,1
SAMEA104141777,1
SAMEA1026256,1
SAMEA1024850,1
SAMEA1028786,1
SAMEA112486809,1
SAMEA1029413,1
SAMEA1024676,1
SAMEA112824095,1
SAMEA104141991,1
SAMEA1025359,1
SAMEA111457490,1
SAMEA1028610,1
SAMEA103953422,1
SAMEA114341938,1
SAMEA104141882,1
SAMD00224641,1
SAMEA114479216,1
SAMEA1020608,1
SAMEA110665996,1
SAMEA1024918,1
SAMEA104343781,1
SAMEA1025733,1
SAMEA110129200,1
SAMEA104141850,1
SAMEA112960876,1
SAMEA111457388,1
SAMEA104456023,1
SAMEA114407850,1
SAMEA104141794,1
SAMEA104141840,1
SAMEA112960829,1
SAMEA114442052,1
SAMEA104343832,1
SAMEA1028943,1
SAMEA114346119,1
SAMEA112960861,1
SAMEA113447767,1
SAMEA10254850,1
SAMEA1024784,1
SAMEA110666074,1
SAMEA112486327,1
SAMEA112824130,1
SAMEA114345970,1
SAMEA103953688,1
SAMEA10254792,1
SAMEA112486431,1
SAMEA112960833,1
SAMEA1020142,1
SAMEA112889694,1
SAMEA114346040,1
SAMEA1025926,1
SAMEA1032568,1
SAMEA1025555,1
SAMEA1028939,1
SAMEA114212296,1
SAMEA114346016,1
SAMEA1025499,1
SAMEA1024632,1
SAMEA111457548,1
SAMEA112486087,1
SAMEA112485849,1
SAMEA112486790,1
SAMEA1025128,1
SAMEA1026113,1
SAMEA1032659,1
SAMEA111457520,1
SAMEA10254717,1
SAMEA1029230,1
SAMD00284836,1
SAMD00284842,1
SAMEA1026075,1
SAMEA114346122,1
SAMD00224637,1
SAMEA112960840,1
SAMEA1020201,1
SAMEA114341851,1
SAMEA1025060,1
SAMEA1025441,1
SAMEA104035945,1
SAMEA1020322,1
SAMEA104343834,1
SAMEA114375736,1
SAMEA112960925,1
SAMEA104343867,1
SAMEA111457372,1
SAMEA1024041,1
SAMEA1024631,1
SAMEA10254729,1
SAMEA1028750,1
SAMEA1025924,1
SAMEA112485977,1
SAMEA112485994,1
SAMEA112486071,1
SAMEA114036631,1
SAMEA104141868,1
SAMEA114375545,1
SAMEA104343869,1
SAMEA104141767,1
SAMEA1025721,1
SAMEA1025055,1
SAMEA104343770,1
SAMEA114036734,1
SAMEA1029034,1
SAMEA112486194,1
SAMEA112486097,1
SAMEA1024566,1
SAMEA103953480,1
SAMEA113447771,1
SAMEA114375270,1
SAMEA104343740,1
SAMEA114212017,1
SAMEA104141896,1
SAMEA1029004,1
SAMEA104141726,1
SAMEA114211823,1
SAMEA112960785,1
SAMEA114241817,1
SAMEA1024154,1
SAMEA114375539,1
SAMEA1024777,1
SAMEA1032577,1
SAMEA114441926,1
SAMEA114479467,1
SAMEA1024996,1
SAMEA112486244,1
SAMEA114375758,1
SAMEA114341787,1
SAMEA112184074,1
SAMEA112960878,1
SAMEA114441874,1
SAMEA112184095,1
SAMD00284840,1
SAMEA114375388,1
SAMEA112486633,1
SAMEA104141839,1
SAMEA1032498,1
SAMEA104456281,1
SAMEA112486149,1
SAMEA104141633,1
SAMEA10254619,1
SAMEA112654016,1
SAMEA112486176,1
SAMEA112485894,1
SAMEA112486096,1
SAMEA1025215,1
SAMEA112960913,1
SAMEA112960711,1
SAMEA114276644,1
SAMEA114313220,1
SAMEA112647400,1
SAMEA112960849,1
SAMEA114375785,1
SAMEA112486619,1
SAMEA114088736,1
SAMEA114441299,1
SAMEA111457453,1
SAMEA112485845,1
SAMEA10427976,1
SAMEA1025078,1
SAMEA104141735,1
SAMEA1029311,1
SAMEA112486061,1
SAMEA1025757,1
SAMEA1025326,1
SAMD00224629,1
SAMEA1024722,1
SAMEA1025295,1
SAMEA112960830,1
SAMEA114341797,1
SAMEA114346107,1
SAMEA104154689,1
SAMEA1029007,1
SAMEA1025380,1
SAMEA111457532,1
SAMEA1029047,1
SAMEA112486128,1
SAMEA1025296,1
SAMEA1025284,1
SAMEA111457486,1
SAMEA1020285,1
SAMEA1029133,1
SAMEA114341932,1
SAMEA114309457,1
SAMEA114375768,1
SAMEA1026121,1
SAMEA114479539,1
SAMEA112485899,1
SAMEA112184086,1
SAMEA10428026,1
SAMEA1020231,1
SAMEA1025138,1
SAMEA104455819,1
SAMEA114375636,1
SAMEA114408132,1
SAMEA114346021,1
SAMEA1026039,1
SAMEA1024599,1
SAMEA1025384,1
SAMEA104141775,1
SAMEA114441322,1
SAMEA1024984,1
SAMEA10254866,1
SAMEA1026259,1
SAMEA114309622,1
SAMEA104343729,1
SAMEA114036699,1
SAMEA112960874,1
SAMEA111457529,1
SAMEA112824331,1
SAMEA104141691,1
SAMEA1020187,1
SAMEA114088756,1
SAMEA1024674,1
SAMEA1025422,1
SAMEA104141628,1
SAMEA1025167,1
SAMEA111457379,1
SAMD00284843,1
SAMEA1026143,1
SAMEA114392853,1
SAMEA112960842,1
SAMEA104141683,1
SAMEA1020433,1
SAMEA114392763,1
SAMEA10254838,1
SAMEA114036870,1
SAMD00284861,1
SAMEA112486127,1
SAMEA112485889,1
SAMEA114341829,1
SAMEA112485948,1
SAMEA104141727,1
SAMEA114375423,1
SAMEA114375591,1
SAMEA114375530,1
SAMEA10254583,1
SAMEA114276822,1
SAMEA1025996,1
SAMEA114442039,1
SAMEA1020559,1
SAMD00284857,1
SAMEA110666061,1
SAMEA1028701,1
SAMEA1025834,1
SAMEA114408408,1
SAMEA114036708,1
SAMEA1024618,1
SAMEA114211892,1
SAMEA111457464,1
SAMEA114326299,1
SAMEA114442062,1
SAMEA112299415,1
SAMEA104154797,1
SAMEA112647413,1
SAMEA114326290,1
SAMEA1024916,1
SAMEA103953656,1
SAMEA111457519,1
SAMEA1020124,1
SAMEA104456277,1
SAMEA114375532,1
SAMEA114212069,1
SAMEA112960917,1
SAMEA111457465,1
SAMEA114228332,1
SAMEA1020558,1
SAMEA1026057,1
SAMEA10254773,1
SAMEA104343737,1
SAMEA1029350,1
SAMEA104456130,1
SAMEA114346148,1
SAMEA104141769,1
SAMEA1020784,1
SAMEA1029251,1
SAMEA1032569,1
SAMEA1029452,1
SAMEA1024059,1
SAMEA112486401,1
SAMEA112960781,1
SAMEA1024629,1
SAMEA104154584,1
SAMEA114520586,1
SAMEA112654025,1
SAMEA104141784,1
SAMD00224628,1
SAMEA112486622,1
SAMEA114408303,1
SAMEA112486175,1
SAMEA114341789,1
SAMEA112486364,1
SAMEA114375739,1
SAMEA114479386,1
SAMEA114313526,1
SAMEA114211759,1
SAMEA104155017,1
SAMEA104343730,1
SAMEA111457402,1
SAMEA1020516,1
SAMEA1032719,1
SAMEA112486550,1
SAMEA112824347,1
SAMEA104141871,1
SAMEA1025275,1
SAMEA1024615,1
SAMEA110129202,1
SAMEA114375519,1
SAMEA114211949,1
SAMEA1025412,1
SAMEA104456143,1
SAMEA112824147,1
SAMEA1025399,1
SAMEA114313534,1
SAMEA1025544,1
SAMEA104155117,1
SAMEA114313609,1
SAMEA114345953,1
SAMD00284862,1
SAMD00284829,1
SAMEA114346019,1
SAMEA114346211,1
SAMEA114346081,1
SAMEA104343830,1
SAMD00085775,1
SAMEA1025139,1
SAMEA104035505,1
SAMEA111457400,1
SAMEA1024873,1
SAMEA114520494,1
SAMEA1028667,1
SAMEA112485925,1
SAMEA114375731,1
SAMEA114088789,1
SAMEA1024537,1
SAMEA114326435,1
SAMEA1020860,1
SAMEA1020049,1
SAMEA112654012,1
SAMEA1025341,1
SAMD00284858,1
SAMEA1026173,1
SAMEA114375770,1
SAMEA1020550,1
SAMEA1029192,1
SAMEA111457483,1
SAMEA104141713,1
SAMEA112960701,1
SAMEA112960824,1
SAMEA114479104,1
SAMEA104141915,1
SAMEA112486471,1
SAMEA114392695,1
SAMEA112960897,1
SAMEA112960800,1
SAMEA112486760,1
SAMEA112960884,1
SAMEA112199483,1
SAMEA114345896,1
SAMEA104141730,1
SAMEA112486460,1
SAMEA104343836,1
SAMEA111457393,1
SAMEA103953670,1
SAMEA112960728,1
SAMEA112824104,1
SAMEA1026103,1
SAMEA114211905,1
SAMEA1024924,1
SAMEA1024725,1
SAMEA104141804,1
SAMEA104155023,1
SAMEA10427946,1
SAMEA112960831,1
SAMEA104141847,1
SAMEA1024943,1
SAMEA112960810,1
SAMEA112960916,1
SAMEA114212188,1
SAMEA112485947,1
SAMEA1028682,1
SAMEA112486082,1
SAMEA1023738,1
SAMD00267517,1
SAMEA114241959,1
SAMEA104343767,1
SAMEA114375422,1
SAMEA1026156,1
SAMEA104141963,1
SAMEA104456328,1
SAMEA112485827,1
SAMD00284870,1
SAMEA1032538,1
SAMEA112299467,1
SAMEA114241928,1
SAMEA10254892,1
SAMEA114520686,1
SAMD00284849,1
SAMD00267518,1
SAMEA1024872,1
SAMEA1028798,1
SAMEA112486626,1
SAMEA112824108,1
SAMEA1019974,1
SAMD00284835,1
SAMEA111457509,1
SAMEA114346033,1
SAMEA104141937,1
SAMEA114478825,1
SAMEA112485890,1
SAMEA112486560,1
SAMEA1020169,1
SAMEA112824115,1
SAMEA112485823,1
SAMEA112485881,1
SAMEA114375379,1
SAMEA1025158,1
SAMEA112486442,1
SAMEA112485950,1
SAMEA1020020,1
SAMEA1023755,1
SAMEA112486301,1
SAMEA111457398,1
SAMEA1026234,1
SAMEA1020414,1
SAMEA112126338,1
SAMEA112485991,1
SAMEA114242006,1
SAMEA114341848,1
SAMEA103953570,1
SAMEA1024808,1
SAMEA114326380,1
SAMEA112485946,1
SAMEA104141677,1
SAMEA114479230,1
SAMEA114326111,1
SAMEA1029040,1
SAMEA1026099,1
SAMEA112184085,1
SAMEA114036785,1
SAMEA104141676,1
SAMEA112486422,1
SAMEA114211834,1
SAMEA114407904,1
SAMEA112486623,1
SAMEA1029305,1
SAMEA1029378,1
SAMEA1025612,1
SAMEA114346157,1
SAMEA10254708,1
SAMEA1026190,1
SAMEA1029210,1
SAMEA114313531,1
SAMEA112960671,1
SAMEA1020619,1
SAMEA104343727,1
SAMEA111457455,1
SAMEA111457405,1
SAMEA112486629,1
SAMEA114375372,1
SAMEA112486173,1
SAMEA104141630,1
SAMEA112486674,1
SAMEA1025391,1
SAMD00284860,1
SAMEA112486490,1
SAMEA104141627,1
SAMEA111457390,1
SAMEA111457448,1
SAMEA114375325,1
SAMEA104141854,1
SAMEA112486495,1
SAMEA1025306,1
SAMEA112485861,1
SAMD00224667,1
SAMEA112960894,1
SAMEA114036638,1
SAMEA114346135,1
SAMEA112486076,1
SAMEA1020459,1
SAMEA104141792,1
SAMEA114375784,1
SAMEA1029312,1
SAMEA112486650,1
SAMEA112486131,1
SAMEA103953420,1
SAMEA1028905,1
SAMEA112485923,1
SAMEA1029180,1
SAMEA112486387,1
SAMEA112485893,1
SAMEA114036903,1
SAMEA104343743,1
SAMEA114346131,1
SAMEA1025083,1
SAMEA1024653,1
SAMEA112960807,1
SAMEA111457536,1
SAMEA114326209,1
SAMEA114242253,1
SAMEA112486548,1
SAMEA104141938,1
SAMEA112485969,1
SAMD00284820,1
SAMEA112485970,1
SAMEA1029100,1
SAMEA114241803,1
SAMEA114036866,1
SAMEA114313438,1
SAMD00284832,1
SAMEA1020675,1
SAMEA114375339,1
SAMEA112960724,1
SAMEA114309646,1
SAMEA112486183,1
SAMEA112486200,1
SAMEA112824193,1
SAMEA114313231,1
SAMEA112486357,1
SAMEA10428081,1
SAMEA104141993,1
SAMEA104343738,1
SAMEA114346045,1
SAMEA112486092,1
SAMEA104154821,1
SAMEA112486032,1
SAMEA112486025,1
SAMEA104141992,1
SAMEA1024124,1
SAMEA114036769,1
SAMEA114346095,1
SAMEA1028696,1
SAMEA1028872,1
SAMEA112184082,1
SAMEA1032648,1
SAMEA103953624,1
SAMEA1025792,1
SAMEA1029302,1
SAMEA1032556,1
SAMEA103953454,1
SAMEA114326333,1
SAMEA104141912,1
SAMEA112486088,1
SAMEA112486494,1
SAMEA1020618,1
SAMEA1028687,1
SAMEA104343818,1
SAMEA1024572,1
SAMEA1026242,1
SAMEA1025974,1
SAMEA104455903,1
SAMEA104343777,1
SAMEA1020004,1
SAMEA114490320,1
SAMEA111457385,1
SAMEA1026260,1
SAMEA1028931,1
SAMEA104035320,1
SAMEA1028976,1
SAMEA114346105,1
SAMEA112960820,1
SAMEA112960881,1
SAMEA1024564,1
SAMEA114036788,1
SAMEA112299346,1
SAMEA114211977,1
SAMEA1029354,1
SAMEA1020597,1
SAMEA112486067,1
SAMEA114242107,1
SAMEA111457386,1
SAMEA1025801,1
SAMEA114408365,1
SAMEA104154930,1
SAMEA1026183,1
SAMEA103953426,1
SAMEA104141917,1
SAMEA10428080,1
SAMEA112960889,1
SAMEA114242113,1
SAMEA10254745,1
SAMEA112485839,1
SAMEA1024951,1
SAMEA1025277,1
SAMEA112486261,1
SAMEA1020646,1
SAMEA114346147,1
SAMEA112960819,1
SAMD00224646,1
SAMEA112486075,1
SAMEA112960686,1
SAMEA1026142,1
SAMEA114313221,1
SAMEA104141889,1
SAMEA1024700,1
SAMEA1028835,1
SAMEA112485832,1
SAMEA114375782,1
SAMD00284827,1
SAMEA1025593,1
SAMEA114375458,1
SAMEA114375440,1
SAMEA112184090,1
SAMEA114490021,1
SAMD00284850,1
SAMEA104141616,1
SAMEA112960909,1
SAMEA112486265,1
SAMEA1020102,1
SAMEA112889720,1
SAMEA114345956,1
SAMEA114212090,1
SAMEA10254935,1
SAMEA1026144,1
SAMEA10427285,1
SAMEA1029160,1
SAMEA104141914,1
SAMEA114441235,1
SAMD00284846,1
SAMEA112486232,1
SAMEA10254622,1
SAMEA114242247,1
SAMEA1024801,1
SAMEA112960865,1
SAMEA114478888,3
SAMEA112467248,3
SAMEA10427440,3
SAMEA114479482,3
SAMEA10427069,3
SAMEA104034732,3
SAMEA10427881,3
SAMEA110665119,3
SAMEA104177240,3
SAMEA114441587,3
SAMEA114229969,3
SAMEA111441681,3
SAMEA111351903,3
SAMEA112647481,3
SAMEA10427308,3
SAMEA114346068,3
SAMEA114479343,3
SAMEA10427608,3
SAMEA112299485,3
SAMEA104034622,3
SAMEA10428031,3
SAMEA114441728,3
SAMEA112299347,3
SAMEA104154641,3
SAMEA104456652,3
SAMEA111352027,3
SAMEA114520439,3
SAMEA112299450,3
SAMEA112299462,3
SAMEA111457362,3
SAMEA114242270,3
SAMEA104034976,3
SAMEA1026456,3
SAMEA114520735,3
SAMEA112299418,3
SAMEA114489976,3
SAMEA10427744,3
SAMEA114326458,3
SAMEA112299393,3
SAMEA112467249,3
SAMEA10427307,3
SAMEA104456576,3
SAMEA10427142,3
SAMEA114313374,3
SAMEA114479192,3
SAMEA10427125,3
SAMEA112299429,3
SAMEA104177301,3
SAMEA114490334,3
SAMEA104221963,3
SAMEA111351811,3
SAMEA112647474,3
SAMEA114479079,3
SAMEA114441932,3
SAMEA112299470,3
SAMEA111351797,3
SAMEA114520677,3
SAMEA10427279,3
SAMEA104177293,3
SAMEA114479348,3
SAMEA114212095,3
SAMEA104177322,3
SAMEA114478850,3
SAMEA1026810,3
SAMEA104456065,3
SAMEA10427064,3
SAMEA10427990,3
SAMEA10427908,3
SAMEA10428055,3
SAMEA114241855,3
SAMEA114341893,3
SAMEA10427287,3
SAMEA112647419,3
SAMEA114309581,3
SAMEA104035058,3
SAMEA114229948,3
SAMEA1032586,3
SAMEA112299422,3
SAMEA112299468,3
SAMEA114520691,3
SAMEA111441649,3
SAMEA114441844,3
SAMEA114276560,3
SAMEA114520701,3
SAMEA10427599,3
SAMEA114479085,3
SAMEA104177182,3
SAMEA10427223,3
SAMEA104034578,3
SAMEA111351793,3
SAMEA111352079,3
SAMEA111352129,3
SAMEA111441648,3
SAMEA104154699,3
SAMEA10427443,3
SAMEA104034562,3
SAMEA114442045,3
SAMEA104035890,3
SAMEA104034907,3
SAMEA112647461,3
SAMEA10427987,3
SAMEA10427248,3
SAMEA112467257,3
SAMEA112299516,3
SAMEA1032655,3
SAMEA10427080,3
SAMEA114479306,3
SAMEA114479067,3
SAMEA10427673,3
SAMEA114479536,3
SAMEA114479442,3
SAMEA114490029,3
SAMEA112467252,3
SAMEA114479498,3
SAMEA111352072,3
SAMEA114490202,3
SAMEA111441692,3
SAMEA114490116,3
SAMEA114229924,3
SAMEA112467254,3
SAMEA104177295,3
SAMEA10427630,3
SAMEA114229914,3
SAMEA104456852,3
SAMEA10427890,3
SAMEA111352067,3
SAMEA104177178,3
SAMEA112647426,3
SAMEA111351890,3
SAMEA111351806,3
SAMEA114520354,3
SAMEA114441996,3
SAMEA114478727,3
SAMEA114520500,3
SAMEA114088629,3
SAMEA1026691,3
SAMEA114442012,3
SAMEA114490205,3
SAMEA104177261,3
SAMEA1026723,3
SAMEA114241955,3
SAMEA114441928,3
SAMEA1026354,3
SAMEA114479247,3
SAMEA111351987,3
SAMEA10426992,3
SAMEA1026522,3
SAMEA112299469,3
SAMEA114441735,3
SAMEA114479368,3
SAMEA114479533,3
SAMEA112299385,3
SAMEA114520726,3
SAMEA112824217,3
SAMEA114490019,3
SAMEA104154914,3
SAMEA10427653,3
SAMEA114490257,3
SAMEA104177364,3
SAMEA1032406,3
SAMEA111328344,3
SAMEA114441901,3
SAMEA114520585,3
SAMEA112299474,3
SAMEA114332646,3
SAMEA114490357,3
SAMEA114490234,3
SAMEA104034722,3
SAMEA104034766,3
SAMEA104035687,3
SAMEA114520563,3
SAMEA112126404,3
SAMEA114441804,3
SAMEA111441704,3
SAMEA1032734,3
SAMEA10428002,3
SAMEA104177349,3
SAMEA112299387,3
SAMEA114036650,3
SAMEA114478879,3
SAMEA113533853,3
SAMEA1026314,3
SAMEA114479355,3
SAMEA114520730,3
SAMEA104141740,3
SAMEA104034586,3
SAMEA114479495,3
SAMEA104035410,3
SAMEA10427997,3
SAMEA114479430,3
SAMEA111352143,3
SAMEA114441710,3
SAMEA112647458,3
SAMEA114520603,3
SAMEA114479325,3
SAMEA114520411,3
SAMEA114346101,3
SAMEA104456305,3
SAMEA104177185,3
SAMEA114520570,3
SAMEA112647434,3
SAMEA111352064,3
SAMEA112647468,3
SAMEA114212161,3
SAMEA114241763,3
SAMEA114441776,3
SAMEA112824260,3
SAMEA104035499,3
SAMEA114313524,3
SAMEA114441947,3
SAMEA111352063,3
SAMEA111351836,3
SAMEA104035678,3
SAMEA114442007,3
SAMEA114212009,3
SAMEA104154750,3
SAMEA112299486,3
SAMEA114212086,3
SAMEA104177192,3
SAMEA10427111,3
SAMEA104154968,3
SAMEA1032622,3
SAMEA114520361,3
SAMEA114309627,3
SAMEA10427020,3
SAMEA111352070,3
SAMEA104221952,3
SAMEA114479021,3
SAMEA10427197,3
SAMEA104221969,3
SAMEA10428039,3
SAMEA104456379,3
SAMEA114490398,3
SAMEA114478784,3
SAMEA114478805,3
SAMEA1032728,3
SAMEA112155318,3
SAMEA104035636,3
SAMEA1020185,3
SAMEA114441865,3
SAMEA111351889,3
SAMEA104034520,3
SAMEA1026404,3
SAMEA10428023,3
SAMEA1026495,3
SAMEA104177245,3
SAMEA1026651,3
SAMEA112647428,3
SAMEA111351979,3
SAMEA10427906,3
SAMEA104035192,3
SAMEA114490351,3
SAMEA112647453,3
SAMEA114520590,3
SAMEA1032682,3
SAMEA114326105,3
SAMEA1032584,3
SAMEA114478880,3
SAMEA111351966,3
SAMEA104035501,3
SAMEA114479171,3
SAMEA1026639,3
SAMEA10427961,3
SAMEA104034935,3
SAMEA10427533,3
SAMEA114479199,3
SAMEA104034546,3
SAMEA104455761,3
SAMEA114441924,3
SAMEA104177239,3
SAMEA114479365,3
SAMEA104035172,3
SAMEA110666136,3
SAMEA110665917,3
SAMEA114442053,3
SAMEA114441625,3
SAMEA114229971,3
SAMEA114441640,3
SAMEA1032575,3
SAMEA104155066,3
SAMEA104035226,3
SAMEA104038605,3
SAMEA114441692,3
SAMEA1032717,3
SAMEA1026827,3
SAMEA104034561,3
SAMEA114490053,3
SAMEA104035355,3
SAMEA112647564,3
SAMEA1032749,3
SAMEA10427198,3
SAMEA114478741,3
SAMEA10254618,3
SAMEA114088614,3
SAMEA104456637,3
SAMEA114520652,3
SAMEA104177207,3
SAMEA112299508,3
SAMEA1026729,3
SAMEA104034933,3
SAMEA112467246,3
SAMEA104034630,3
SAMEA112299488,3
SAMEA104034637,3
SAMEA104034929,3
SAMEA112155320,3
SAMEA114478883,3
SAMEA104034664,3
SAMEA112824142,3
SAMEA104177256,3
SAMEA104177345,3
SAMEA114441800,3
SAMEA104456341,3
SAMEA112299396,3
SAMEA112647516,3
SAMEA114212268,3
SAMEA111352154,3
SAMEA114520350,3
SAMEA112839787,3
SAMEA114520604,3
SAMEA112647540,3
SAMEA10427719,3
SAMEA114490032,3
SAMEA114341911,3
SAMEA114490189,3
SAMEA114036853,3
SAMEA114490013,3
SAMEA10428102,3
SAMEA104034666,3
SAMEA114478737,3
SAMEA114313406,3
SAMEA104034620,3
SAMEA114478862,3
SAMEA114490035,3
SAMEA10427278,3
SAMEA111441647,3
SAMEA1026457,3
SAMEA10427139,3
SAMEA10427426,3
SAMEA114490361,3
SAMEA114490296,3
SAMEA114479160,3
SAMEA114441949,3
SAMEA114520525,3
SAMEA112299514,3
SAMEA114442018,3
SAMEA114520644,3
SAMEA114520424,3
SAMEA112299373,3
SAMEA114441688,3
SAMEA114441913,3
SAMEA114212266,3
SAMEA10427959,3
SAMEA104034934,3
SAMEA114479519,3
SAMEA104177280,3
SAMEA114479060,3
SAMEA111351837,3
SAMEA111351908,3
SAMEA104154748,3
SAMEA114479076,3
SAMEA114441768,3
SAMEA114212195,3
SAMEA114520643,3
SAMEA10427283,3
SAMEA113533826,3
SAMEA10427886,3
SAMEA10427497,3
SAMEA114442043,3
SAMEA104456600,3
SAMEA10427856,3
SAMEA114478726,3
SAMEA114520589,3
SAMEA104035018,3
SAMEA1032693,3
SAMEA111351786,3
SAMEA10427505,3
SAMEA114520595,3
SAMEA1032441,3
SAMEA114441898,3
SAMEA114441676,3
SAMEA104155090,3
SAMEA104034738,3
SAMEA104035104,3
SAMEA104034649,3
SAMEA114479394,3
SAMEA114490193,3
SAMEA1026601,3
SAMEA112299475,3
SAMEA1026577,3
SAMEA104035068,3
SAMEA114229945,3
SAMEA1026709,3
SAMEA104155111,3
SAMEA114212317,3
SAMEA112467255,3
SAMEA114478777,3
SAMEA10427878,3
SAMEA104177291,3
SAMEA114520593,3
SAMEA114346093,3
SAMEA114478782,3
SAMEA111352084,3
SAMEA114478748,3
SAMEA104034986,3
SAMEA114212123,3
SAMEA114520591,3
SAMEA114212116,3
SAMEA104455849,3
SAMEA114478797,3
SAMEA1026558,3
SAMEA10427170,3
SAMEA114479243,3
SAMEA111352037,3
SAMEA114490127,3
SAMEA10978668,3
SAMEA104177325,3
SAMEA114478838,3
SAMEA104035067,3
SAMEA114479266,3
SAMEA1026500,3
SAMEA112299472,3
SAMEA114479078,3
SAMEA1032688,3
SAMEA114520539,3
SAMEA114520318,3
SAMEA114479534,3
SAMEA1026347,3
SAMEA104035098,3
SAMEA104034539,3
SAMEA114441760,3
SAMEA111351816,3
SAMEA114212145,3
SAMEA114479088,3
SAMEA111351953,3
SAMEA114212201,3
SAMEA111441691,3
SAMEA114441577,3
SAMEA112126388,3
SAMEA104035608,3
SAMEA111351952,3
SAMEA114479583,3
SAMEA114212236,3
SAMEA114309599,3
SAMEA104177266,3
SAMEA114479099,3
SAMEA114441955,3
SAMEA104177341,3
SAMEA114479406,3
SAMEA104034772,3
SAMEA104177229,3
SAMEA114346080,3
SAMEA104154756,3
SAMEA1026533,3
SAMEA114490373,3
SAMEA114441796,3
SAMEA114441884,3
SAMEA114490012,3
SAMEA114441615,3
SAMEA104456733,3
SAMEA104035540,3
SAMEA114441830,3
SAMEA114478990,3
SAMEA112647571,3
SAMEA1026739,3
SAMEA114313477,3
SAMEA114520554,3
SAMEA114520627,3
SAMEA112647402,3
SAMEA111352076,3
SAMEA114479579,3
SAMEA114242025,3
SAMEA10427378,3
SAMEA1032500,3
SAMEA111352055,3
SAMEA112647530,3
SAMEA114489934,3
SAMEA112299378,3
SAMEA1026525,3
SAMEA111352066,3
SAMEA112299380,3
SAMEA104456477,3
SAMEA114490401,3
SAMEA112647451,3
SAMEA104035120,3
SAMEA10427091,3
SAMEA112155317,3
SAMEA10427273,3
SAMEA112299398,3
SAMEA104034794,3
SAMEA114478733,3
SAMEA114520438,3
SAMEA104455975,3
SAMEA104035094,3
SAMEA114441877,3
SAMEA104034579,3
SAMEA111351981,3
SAMEA104177323,3
SAMEA114441672,3
SAMEA114490289,3
SAMEA114441773,3
SAMEA114441606,3
SAMEA114520594,3
SAMEA112299502,3
SAMEA104456531,3
SAMEA114520634,3
SAMEA114490174,3
SAMEA114211810,3
SAMEA114441952,3
SAMEA10427591,3
SAMEA112299424,3
SAMEA112126359,3
SAMEA112299500,3
SAMEA1026822,3
SAMEA104034779,3
SAMEA114490008,3
SAMEA10427998,3
SAMEA114490275,3
SAMEA104177268,3
SAMEA104222033,3
SAMEA112126422,3
SAMEA10428075,3
SAMEA114441756,3
SAMEA114212162,3
SAMEA111351809,3
SAMEA114326127,3
SAMEA114228286,3
SAMEA114212235,3
SAMEA114441666,3
SAMEA104456108,3
SAMEA114490028,3
SAMEA114490058,3
SAMEA112647406,3
SAMEA114313240,3
SAMEA10427918,3
SAMEA114479275,3
SAMEA1026477,3
SAMEA114478796,3
SAMEA1032632,3
SAMEA114479364,3
SAMEA114490325,3
SAMEA114479163,3
SAMEA114441758,3
SAMEA10427943,3
SAMEA1026562,3
SAMEA114479229,3
SAMEA10427315,3
SAMEA112155319,3
SAMEA112824344,3
SAMEA112155316,3
SAMEA112753918,3
SAMEA111351861,3
SAMEA10427424,3
SAMEA114441895,3
SAMEA104456300,3
SAMEA1026482,3
SAMEA112299449,3
SAMEA114520536,3
SAMEA114489943,3
SAMEA114211978,3
SAMEA114341826,3
SAMEA10427245,3
SAMEA1026629,3
SAMEA10427297,3
SAMEA114520759,3
SAMEA112126439,3
SAMEA112647565,3
SAMEA112647525,3
SAMEA111351978,3
SAMEA104455880,3
SAMEA104035742,3
SAMEA112299436,3
SAMEA112299518,3
SAMEA112647436,3
SAMEA10427643,3
SAMEA10428086,3
SAMEA112647493,3
SAMEA104456891,3
SAMEA114346003,3
SAMEA114520688,3
SAMEA114479527,3
SAMEA114489939,3
SAMEA111351773,3
SAMEA111351995,3
SAMEA104456743,3
SAMEA104177202,3
SAMEA1026707,3
SAMEA112299389,3
SAMEA1026539,3
SAMEA104034667,3
SAMEA104155059,3
SAMEA104035383,3
SAMEA114489983,3
SAMEA114520432,3
SAMEA114479321,3
SAMEA114520718,3
SAMEA10427214,3
SAMEA114441982,3
SAMEA104034591,3
SAMEA114309560,3
SAMEA112647513,3
SAMEA114479360,3
SAMEA114490381,3
SAMEA112299533,3
SAMEA114479488,3
SAMEA10427773,3
SAMEA114490353,3
SAMEA114479318,3
SAMEA104034648,3
SAMEA104456354,3
SAMEA114229966,3
SAMEA111352075,3
SAMEA114479562,3
SAMEA114489948,3
SAMEA1032473,3
SAMEA104034930,3
SAMEA114441725,3
SAMEA112299442,3
SAMEA112647501,3
SAMEA112299413,3
SAMEA112467245,3
SAMEA104155131,3
SAMEA112647443,3
SAMEA10427689,3
SAMEA1026790,3
SAMEA114479073,3
SAMEA10427708,3
SAMEA111441642,3
SAMEA112299433,3
SAMEA114441798,3
SAMEA10427192,3
SAMEA114276684,3
SAMEA114479544,3
SAMEA104456707,3
SAMEA111441694,3
SAMEA10427103,3
SAMEA114313419,3
SAMEA114520684,3
SAMEA114490238,3
SAMEA104456895,3
SAMEA114490076,3
SAMEA104034702,3
SAMEA112647470,3
SAMEA114313194,3
SAMEA104035245,3
SAMEA104177331,3
SAMEA114441896,3
SAMEA114490200,3
SAMEA1026796,3
SAMEA104177216,3
SAMEA114228268,3
SAMEA114229916,3
SAMEA10427322,3
SAMEA104034553,3
SAMEA104034768,3
SAMEA114229912,3
SAMEA111351970,3
SAMEA104034903,3
SAMEA112299375,3
SAMEA114036675,3
SAMEA104035032,3
SAMEA10427098,3
SAMEA114212130,3
SAMEA110665551,3
SAMEA10427288,3
SAMEA10427093,3
SAMEA112647450,3
SAMEA112647417,3
SAMEA10427060,3
SAMEA113971211,3
SAMEA10201669,3
SAMEA1032411,3
SAMEA114479048,3
SAMEA114490345,3
SAMEA112299354,3
SAMEA104154780,3
SAMEA114276771,3
SAMEA112299404,3
SAMEA114479412,3
SAMEA10428017,3
SAMEA114479456,3
SAMEA112299524,3
SAMEA114479543,3
SAMEA1032585,3
SAMEA114479400,3
SAMEA114490060,3
SAMEA104455997,3
SAMEA111351902,3
SAMEA114441724,3
SAMEA114520523,3
SAMEA114242134,3
SAMEA111352112,3
SAMEA1026339,3
SAMEA114520549,3
SAMEA111352095,3
SAMEA104177232,3
SAMEA114479374,3
SAMEA111351829,3
SAMEA114441793,3
SAMEA114520583,3
SAMEA112753922,3
SAMEA114490194,3
SAMEA114478915,3
SAMEA10427953,3
SAMEA1026451,3
SAMEA104035485,3
SAMEA104035358,3
SAMEA104456066,3
SAMEA114229963,3
SAMEA112299480,3
SAMEA114441794,3
SAMEA1032450,3
SAMEA1026327,3
SAMEA10427031,3
SAMEA111441665,3
SAMEA114478740,3
SAMEA104035015,3
SAMEA104177336,3
SAMEA114490232,3
SAMEA114520618,3
SAMEA114490037,3
SAMEA10427633,3
SAMEA114520384,3
SAMEA114490094,3
SAMEA112647575,3
SAMEA114441744,3
SAMEA1026838,3
SAMEA104456577,3
SAMEA114313472,3
SAMEA10427374,3
SAMEA104035396,3
SAMEA104177235,3
SAMEA114479408,3
SAMEA1026630,3
SAMEA104154697,3
SAMEA104456799,3
SAMEA114242231,3
SAMEA113533844,3
SAMEA111351892,3
SAMEA114478803,3
SAMEA104456413,3
SAMEA1026595,3
SAMEA114520675,3
SAMEA114520470,3
SAMEA114441786,3
SAMEA114479270,3
SAMEA1026487,3
SAMEA112889684,3
SAMEA1026829,3
SAMEA114479135,3
SAMEA1026686,3
SAMEA10427883,3
SAMEA10428042,3
SAMEA111441682,3
SAMEA1032604,3
SAMEA1026823,3
SAMEA114441646,3
SAMEA10426990,3
SAMEA112299434,3
SAMEA104034814,3
SAMEA10426994,3
SAMEA114479194,3
SAMEA112839785,3
SAMEA114478859,3
SAMEA114490365,3
SAMEA10428009,3
SAMEA104034528,3
SAMEA10427168,3
SAMEA104456826,3
SAMEA114479149,3
SAMEA104034720,3
SAMEA104038606,3
SAMEA104034792,3
SAMEA104177254,3
SAMEA114211780,3
SAMEA104034508,3
SAMEA112647464,3
SAMEA10427313,3
SAMEA10427570,3
SAMEA112299381,3
SAMEA111352132,3
SAMEA104035084,3
SAMEA10427598,3
SAMEA114478834,3
SAMEA114479440,3
SAMEA114479173,3
SAMEA114212166,3
SAMEA114313490,3
SAMEA114490347,3
SAMEA114520596,3
SAMEA104456769,3
SAMEA112647527,3
SAMEA104034866,3
SAMEA112299491,3
SAMEA114490098,3
SAMEA114441909,3
SAMEA104034621,3
SAMEA114346216,3
SAMEA104035597,3
SAMEA113971215,3
SAMEA114478877,3
SAMEA114479013,3
SAMEA1032628,3
SAMEA114341770,3
SAMEA114441912,3
SAMEA112299384,3
SAMEA10427362,3
SAMEA1032670,3
SAMEA114520612,3
SAMEA114490014,3
SAMEA114346031,3
SAMEA114478878,3
SAMEA114479426,3
SAMEA10427173,3
SAMEA104456591,3
SAMEA104034817,3
SAMEA10427932,3
SAMEA112299386,3
SAMEA104034963,3
SAMEA112299374,3
SAMEA112647552,3
SAMEA114479138,3
SAMEA1026364,3
SAMEA114478982,3
SAMEA114441585,3
SAMEA114520457,3
SAMEA114242013,3
SAMEA112299419,3
SAMEA112299382,3
SAMEA114479338,3
SAMEA104456225,3
SAMEA104035324,3
SAMEA112647590,3
SAMEA1032593,3
SAMEA114313468,3
SAMEA114478996,3
SAMEA110665873,3
SAMEA104456860,3
SAMEA114441992,3
SAMEA112647462,3
SAMEA111351765,3
SAMEA1032409,3
SAMEA114479052,3
SAMEA112299444,3
SAMEA114313210,3
SAMEA10428094,3
SAMEA114520426,3
SAMEA10427619,3
SAMEA114478867,3
SAMEA104034767,3
SAMEA114478764,3
SAMEA111351852,3
SAMEA114441887,3
SAMEA114313339,3
SAMEA104034760,3
SAMEA104177220,3
SAMEA112299400,3
SAMEA104034737,3
SAMEA114479095,3
SAMEA114088654,3
SAMEA104034770,3
SAMEA114442016,3
SAMEA114479066,3
SAMEA114478832,3
SAMEA114520685,3
SAMEA114489973,3
SAMEA104034777,3
SAMEA10427996,3
SAMEA114520553,3
SAMEA114212144,3
SAMEA112647449,3
SAMEA112647485,3
SAMEA104035491,3
SAMEA114478956,3
SAMEA104035567,3
SAMEA114212115,3
SAMEA114212299,3
SAMEA113533816,3
SAMEA104035037,3
SAMEA104177297,3
SAMEA112126451,3
SAMEA114520629,3
SAMEA114441767,3
SAMEA104034917,3
SAMEA113971212,3
SAMEA114490348,3
SAMEA114346024,3
SAMEA114441589,3
SAMEA10427537,3
SAMEA104035014,3
SAMEA114479397,3
SAMEA112299482,3
SAMEA112299438,3
SAMEA112647587,3
SAMEA112753919,3
SAMEA114479222,3
SAMEA10427967,3
SAMEA104177358,3
SAMEA1026718,3
SAMEA104035583,3
SAMEA114441935,3
SAMEA10428000,3
SAMEA114490335,3
SAMEA114441598,3
SAMEA110665143,3
SAMEA104177221,3
SAMEA110665925,3
SAMEA114441682,3
SAMEA114520579,3
SAMEA114490340,3
SAMEA104035090,3
SAMEA114520451,3
SAMEA104456697,3
SAMEA112155321,3
SAMEA114242295,3
SAMEA112299416,3
SAMEA10427277,3
SAMEA114211991,3
SAMEA114212254,3
SAMEA104177237,3
SAMEA114478780,3
SAMEA10427399,3
SAMEA114479209,3
SAMEA111504675,3
SAMEA10427145,3
SAMEA104035043,3
SAMEA110666162,3
SAMEA1026375,3
SAMEA1026776,3
SAMEA114276631,3
SAMEA114489974,3
SAMEA1026620,3
SAMEA112753920,3
SAMEA1032623,3
SAMEA1032460,3
SAMEA114479011,3
SAMEA104154988,3
SAMEA104455955,3
SAMEA112824271,3
SAMEA114489942,3
SAMEA10427764,3
SAMEA104222001,3
SAMEA114478874,3
SAMEA10427358,3
SAMEA114478994,3
SAMEA114441890,3
SAMEA104177242,3
SAMEA1026422,3
SAMEA114441675,3
SAMEA1026458,3
SAMEA104034743,3
SAMEA104177274,3
SAMEA10427430,3
SAMEA114478774,3
SAMEA114228267,3
SAMEA114478750,3
SAMEA114479153,3
SAMEA114479332,3
SAMEA104034769,3
SAMEA114479530,3
SAMEA112647518,3
SAMEA112299510,3
SAMEA113533788,3
SAMEA10427693,3
SAMEA104177258,3
SAMEA114442056,3
SAMEA104456750,3
SAMEA114478989,3
SAMEA114478808,3
SAMEA112299487,3
SAMEA10427104,3
SAMEA112299426,3
SAMEA112839783,3
SAMEA114212180,3
SAMEA114212316,3
SAMEA114520466,3
SAMEA112299520,3
SAMEA114490228,3
SAMEA10427882,3
SAMEA104177272,3
SAMEA112299403,3
SAMEA111351778,3
SAMEA112647425,3
SAMEA112299371,3
SAMEA10428061,3
SAMEA104034964,3
SAMEA110665952,3
SAMEA112299369,3
SAMEA10427818,3
SAMEA110665112,3
SAMEA114345937,3
SAMEA114309481,3
SAMEA111441655,3
SAMEA114479463,3
SAMEA112647423,3
SAMEA114490187,3
SAMEA1032562,3
SAMEA114490358,3
SAMEA10427227,3
SAMEA114212288,3
SAMEA104034538,3
SAMEA114520630,3
SAMEA114478924,3
SAMEA10427660,3
SAMEA1026698,3
SAMEA104455855,3
SAMEA104154690,3
SAMEA10427905,3
SAMEA114490311,3
SAMEA10427045,3
SAMEA111351823,3
SAMEA114309554,3
SAMEA1026567,3
SAMEA114479147,3
SAMEA10427412,3
SAMEA114489950,3
SAMEA10427176,3
SAMEA10427581,3
SAMEA104034859,3
SAMEA114441635,3
SAMEA10427733,3
SAMEA114479491,3
SAMEA1026633,3
SAMEA104154655,3
SAMEA112647405,3
SAMEA114309371,3
SAMEA104154775,3
SAMEA114442049,3
SAMEA114479281,3
SAMEA114441882,3
SAMEA104034867,3
SAMEA114478941,3
SAMEA104154907,3
SAMEA114228323,3
SAMEA114479580,3
SAMEA10427737,3
SAMEA112299407,3
SAMEA104177196,3
SAMEA104154811,3
SAMEA114479470,3
SAMEA104034972,3
SAMEA104456881,3
SAMEA1032426,3
SAMEA114520707,3
SAMEA1026507,3
SAMEA104154837,3
SAMEA114520496,3
SAMEA111441693,3
SAMEA114242200,3
SAMEA112126372,3
SAMEA114212334,3
SAMEA10428013,3
SAMEA114479217,3
SAMEA10427108,3
SAMEA104034757,3
SAMEA114309479,3
SAMEA114479233,3
SAMEA114490064,3
SAMEA104035695,3
SAMEA114345877,3
SAMEA104035921,3
SAMEA114309395,6
SAMEA114309437,6
SAMEA1020137,6
SAMEA112768487,6
SAMEA1020442,6
SAMEA104154721,6
SAMEA1020039,6
SAMEA1020245,6
SAMEA114490388,6
SAMEA1032675,6
SAMEA112960713,6
SAMEA114490175,6
SAMEA104154774,6
SAMEA1020063,6
SAMEA114313610,6
SAMEA114313219,6
SAMEA114313566,6
SAMEA1020825,6
SAMEA1020287,6
SAMEA114326357,6
SAMEA114326352,6
SAMEA1020069,6
SAMEA1020507,6
SAMEA111351795,6
SAMEA114441967,6
SAMEA112768483,6
SAMEA104035431,6
SAMEA104589926,6
SAMEA104589954,6
SAMEA112143483,6
SAMEA112143493,6
SAMEA112143506,6
SAMEA1020812,6
SAMEA114341775,6
SAMEA10254867,6
SAMEA1020045,6
SAMEA1020214,6
SAMEA104035899,6
SAMD00638207,6
SAMEA104589924,6
SAMEA112126379,6
SAMEA1020699,6
SAMEA114326169,6
SAMEA1020082,6
SAMEA1020693,6
SAMEA1020734,6
SAMEA1020317,6
SAMEA114341907,6
SAMEA1020690,6
SAMEA112824102,6
SAMEA104141621,6
SAMEA1020104,6
SAMEA1020483,6
SAMEA1020654,6
SAMEA114313536,6
SAMEA1020147,6
SAMEA114345979,6
SAMEA112486661,6
SAMEA114346221,6
SAMEA114478975,6
SAMEA1020218,6
SAMEA1032634,6
SAMEA1020781,6
SAMEA1020081,6
SAMEA111352060,6
SAMEA114341792,6
SAMEA112889708,6
SAMEA104035858,6
SAMEA114309391,6
SAMEA1020710,6
SAMEA114326358,6
SAMEA1020096,6
SAMEA1020112,6
SAMEA1020340,6
SAMEA103953648,6
SAMEA114326213,6
SAMEA1020026,6
SAMEA114326314,6
SAMEA114313247,6
SAMEA112768485,6
SAMEA104035715,6
SAMEA104589962,6
SAMEA1020707,6
SAMEA1020776,6
SAMEA1020405,6
SAMEA113533838,6
SAMEA112143464,6
SAMEA1020810,6
SAMEA111352030,6
SAMEA1020263,6
SAMEA104589937,6
SAMEA111441672,6
SAMEA112824301,6
SAMEA1024088,6
SAMEA114479328,6
SAMEA104035854,6
SAMEA114211751,6
SAMEA114490255,6
SAMEA114212128,6
SAMEA1020458,6
SAMEA114326377,6
SAMEA1020107,6
SAMEA1020001,6
SAMEA114520699,6
SAMEA112486370,6
SAMEA112143494,6
SAMD00638210,6
SAMEA104035795,6
SAMEA114088713,6
SAMEA112824316,6
SAMEA114346100,6
SAMEA112126356,6
SAMEA112486391,6
SAMEA104035964,6
SAMEA112960867,6
SAMEA1020337,6
SAMEA114479427,6
SAMEA1019967,6
SAMEA114088777,6
SAMEA111352121,6
SAMEA112126398,6
SAMEA111352017,6
SAMEA1025521,6
SAMEA114036879,6
SAMEA114341804,6
SAMEA114490121,6
SAMEA114520758,6
SAMEA112486666,6
SAMEA1020432,6
SAMEA104589960,6
SAMEA112126393,6
SAMEA104035799,6
SAMEA1020788,6
SAMEA111351792,6
SAMEA112486404,6
SAMEA114326210,6
SAMEA114520522,6
SAMEA10254793,6
SAMEA1024563,6
SAMEA114341860,6
SAMEA103953562,6
SAMEA1020614,6
SAMEA1020352,6
SAMEA114490067,6
SAMEA112486108,6
SAMEA104035967,6
SAMEA114326170,6
SAMEA1020208,6
SAMEA114478936,6
SAMEA111457506,6
SAMEA112486450,6
SAMEA104155020,6
SAMEA114326132,6
SAMEA104154691,6
SAMEA1023845,6
SAMEA104154654,6
SAMEA1026590,6
SAMEA104177324,6
SAMEA103953493,6
SAMEA114313541,6
SAMEA10254799,6
SAMEA112486727,6
SAMEA1020515,6
SAMEA114326253,6
SAMEA111352003,6
SAMEA1020621,6
SAMEA1020240,6
SAMEA1020778,6
SAMEA1020555,6
SAMEA114520607,6
SAMEA114326203,6
SAMEA1020689,6
SAMEA10254812,6
SAMEA112143458,6
SAMEA114212063,6
SAMEA1032660,6
SAMEA114326137,6
SAMEA114520703,6
SAMEA104035884,6
SAMEA10254872,6
SAMEA1020244,6
SAMEA1026092,6
SAMEA1020270,6
SAMEA111352116,6
SAMEA1020011,6
SAMEA112486511,6
SAMEA114326247,6
SAMEA114326378,6
SAMEA1020318,6
SAMEA114326109,6
SAMEA1020593,6
SAMEA114326460,6
SAMEA112143457,6
SAMEA114479471,6
SAMEA114326313,6
SAMEA103953554,6
SAMEA112824259,6
SAMEA1026833,6
SAMEA1020463,6
SAMEA112143471,6
SAMEA104154918,6
SAMEA10254761,6
SAMEA1020551,6
SAMEA1020343,6
SAMEA104154629,6
SAMEA104589941,6
SAMEA1020762,6
SAMEA1020565,6
SAMEA114479554,6
SAMEA112824157,6
SAMEA1020764,6
SAMEA1020072,6
SAMEA114326438,6
SAMEA114441605,6
SAMEA114341811,6
SAMEA1020247,6
SAMEA1026794,6
SAMEA104589946,6
SAMEA104589949,6
SAMEA112486354,6
SAMEA1020867,6
SAMEA104177217,6
SAMEA104035170,6
SAMEA104589919,6
SAMEA114479276,6
SAMEA1020835,6
SAMEA1020697,6
SAMEA104589935,6
SAMEA114313245,6
SAMEA114520448,6
SAMEA10254522,6
SAMEA112960734,6
SAMEA104589950,6
SAMEA111351940,6
SAMEA114309409,6
SAMEA114479228,6
SAMEA112960707,6
SAMEA111457534,6
SAMEA114326348,6
SAMEA1020634,6
SAMEA112486482,6
SAMEA113533862,6
SAMEA114479387,6
SAMEA114326192,6
SAMEA114313340,6
SAMEA104155123,6
SAMEA114326265,6
SAMEA103953529,6
SAMEA114326383,6
SAMEA1020344,6
SAMEA1026812,6
SAMEA104589942,6
SAMEA114326389,6
SAMEA112486759,6
SAMEA114341813,6
SAMEA112647573,6
SAMEA1020085,6
SAMEA104034923,6
SAMEA114479042,6
SAMEA104589959,6
SAMEA114326443,6
SAMEA112486355,6
SAMEA114313215,6
SAMEA104038614,6
SAMEA114326262,6
SAMEA114211785,6
SAMEA1020086,6
SAMEA1020259,6
SAMEA112824149,6
SAMEA111352128,6
SAMEA112486373,6
SAMEA104154677,6
SAMEA1020373,6
SAMEA112486655,6
SAMEA1032625,6
SAMEA114441629,6
SAMEA114212136,6
SAMEA112960822,6
SAMEA1020792,6
SAMEA1020050,6
SAMEA1020213,6
SAMEA104035423,6
SAMEA112824308,6
SAMEA112960672,6
SAMEA104038615,6
SAMEA114313567,6
SAMEA114309426,6
SAMEA1020267,6
SAMEA114313248,6
SAMEA112824096,6
SAMEA112486202,6
SAMEA1020748,6
SAMEA1020718,6
SAMEA10254813,6
SAMEA1026492,6
SAMEA104035781,6
SAMEA104035926,6
SAMEA111351870,6
SAMEA104589947,6
SAMEA1019944,6
SAMEA104155024,6
SAMEA114313244,6
SAMEA1026571,6
SAMEA114441655,6
SAMEA104589951,6
SAMEA104154709,6
SAMEA104034646,6
SAMEA104154712,6
SAMEA104038598,6
SAMEA112889718,6
SAMEA1032548,6
SAMEA112653989,6
SAMEA1020755,6
SAMEA104035268,6
SAMEA1020291,6
SAMEA112486599,6
SAMEA104035651,6
SAMEA1020468,6
SAMEA104154920,6
SAMEA1020010,6
SAMEA114520401,6
SAMEA1020092,6
SAMEA1020725,6
SAMEA104035720,6
SAMEA114212081,6
SAMEA114326441,6
SAMEA114212239,6
SAMEA104154644,6
SAMEA114478760,6
SAMEA104177215,6
SAMEA112143465,6
SAMEA112486667,6
SAMEA114341795,6
SAMEA114341817,6
SAMEA1026548,6
SAMEA104589930,6
SAMEA10427335,6
SAMEA114326198,6
SAMEA10254715,6
SAMEA112143485,6
SAMEA1028896,6
SAMEA114490356,6
SAMEA1026683,6
SAMEA104589957,6
SAMEA114441632,6
SAMEA114479059,6
SAMEA112143518,6
SAMEA114313353,6
SAMEA104035828,6
SAMEA114479459,6
SAMEA1020523,6
SAMEA112126394,6
SAMEA1020029,6
SAMEA111351991,6
SAMEA104035496,6
SAMEA1020493,6
SAMEA112143488,6
SAMEA114479043,6
SAMEA104035066,6
SAMEA1020553,6
SAMEA1020683,6
SAMEA1020342,6
SAMEA114309433,6
SAMEA114441972,6
SAMEA114212001,6
SAMEA104035852,6
SAMEA104154716,6
SAMEA114479055,6
SAMEA1020607,6
SAMEA114326297,6
SAMEA1023812,6
SAMEA114341866,6
SAMEA114479388,6
SAMEA114326399,6
SAMEA114341846,6
SAMEA114326149,6
SAMEA112960853,6
SAMEA114441925,6
SAMEA104589958,6
SAMEA114441681,6
SAMEA112654019,6
SAMEA114326315,6
SAMEA1020777,6
SAMEA1020019,6
SAMEA114313562,6
SAMEA104589921,6
SAMEA112768482,6
SAMEA104154696,6
SAMEA114520597,6
SAMEA114212262,6
SAMEA1020474,6
SAMEA112486662,6
SAMEA112299352,6
SAMEA112485957,6
SAMEA112486325,6
SAMEA1020767,6
SAMEA114326338,6
SAMEA114520690,6
SAMD00638209,6
SAMEA114520483,6
SAMEA1020387,6
SAMEA10254873,6
SAMEA1020833,6
SAMEA1020600,6
SAMEA1020592,6
SAMEA112824313,6
SAMEA1020549,6
SAMEA114479181,6
SAMEA1020677,6
SAMEA114479030,6
SAMEA114520534,6
SAMEA1020823,6
SAMEA10254783,6
SAMEA112299406,6
SAMEA111351931,6
SAMEA112143467,6
SAMEA104035825,6
SAMEA104035946,6
SAMEA1024590,6
SAMEA114490224,6
SAMEA114326450,6
SAMEA114479218,6
SAMEA112486392,6
SAMEA114326442,6
SAMEA1020375,6
SAMEA114441828,6
SAMEA114345975,6
SAMEA114313183,6
SAMEA1020186,6
SAMEA1020451,6
SAMEA114326151,6
SAMEA104589948,6
SAMEA114442005,6
SAMEA114520669,6
SAMEA104035829,6
SAMEA1020420,6
SAMEA112299507,6
SAMEA112486577,6
SAMEA112486349,6
SAMEA112199488,6
SAMEA104589961,6
SAMEA114341799,6
SAMEA104035898,6
SAMEA114326355,6
SAMEA114326364,6
SAMEA104035851,6
SAMEA114341781,6
SAMEA114341805,6
SAMEA114341847,6
SAMEA114313608,6
SAMEA114313511,6
SAMEA114479545,6
SAMEA114326222,6
SAMEA104035203,6
SAMEA114479172,6
SAMEA104589928,6
SAMEA1020030,6
SAMEA114326451,6
SAMEA1020511,6
SAMEA114346063,6
SAMEA1020132,6
SAMEA114326097,6
SAMEA1024837,6
SAMEA114479351,6
SAMEA1020125,6
SAMEA114313588,6
SAMEA1020455,6
SAMEA112486822,6
SAMEA114478765,6
SAMEA1020819,6
SAMEA104589952,6
SAMEA111457474,6
SAMEA112299372,6
SAMEA112824155,6
SAMEA114313546,6
SAMEA1020229,6
SAMEA111441657,6
SAMEA1020123,6
SAMEA104589953,6
SAMEA114088788,6
SAMEA113533787,6
SAMEA111351857,6
SAMEA114326258,6
SAMEA111351863,6
SAMEA112485864,6
SAMEA114490337,6
SAMEA1020392,6
SAMEA1020436,6
SAMEA114309439,6
SAMEA10428064,6
SAMEA1020257,6
SAMEA104589938,6
SAMEA114341881,6
SAMEA104177334,6
SAMEA104154752,6
SAMEA104589931,6
SAMEA104035769,6
SAMD00638208,6
SAMEA114478959,6
SAMEA1020804,6
SAMEA1020569,6
SAMEA1020746,6
SAMEA112653990,6
SAMEA1020378,6
SAMEA1020000,6
SAMEA112126374,6
SAMEA114346121,6
SAMEA104035726,6
SAMEA1019986,6
SAMEA114490378,6
SAMEA10254840,6
SAMEA1026700,6
SAMEA112486704,6
SAMEA114326112,6
SAMEA114326321,6
SAMEA114479128,6
SAMEA112126354,6
SAMEA112768484,6
SAMEA114326172,6
SAMEA111441661,6
SAMEA1020591,6
SAMEA114346200,6
SAMEA111441670,6
SAMEA112960890,6
SAMEA1020151,6
SAMEA1020538,6
SAMEA1020766,6
SAMEA1020021,6
SAMEA114211966,6
SAMEA114313396,6
SAMEA114309408,6
SAMEA114490233,6
SAMEA114490157,6
SAMEA1020068,6
SAMEA104154679,6
SAMEA1020192,6
SAMEA114326242,6
SAMEA112824352,6
SAMEA10254811,6
SAMEA114520503,6
SAMEA114341810,6
SAMEA1020503,6
SAMEA1020038,6
SAMEA1020789,6
SAMEA114212071,6
SAMEA114313272,6
SAMEA114313591,6
SAMEA10254881,6
SAMEA114346197,6
SAMEA114441857,6
SAMEA104035513,6
SAMEA114375724,6
SAMEA114346044,6
SAMEA104035778,6
SAMEA1020422,6
SAMEA114479005,6
SAMEA112486637,6
SAMEA1020426,6
SAMEA114326317,6
SAMEA1020738,6
SAMEA1020400,6
SAMEA112486204,6
SAMEA1020456,6
SAMEA104035824,6
SAMEA1020731,6
SAMEA104141685,6
SAMEA114520504,6
SAMEA104589932,6
SAMD00110693,6
SAMEA104035885,6
SAMEA104154976,6
SAMEA114313173,6
SAMEA112486605,6
SAMEA114479273,6
SAMEA104035891,6
SAMEA112486348,6
SAMEA112824131,6
SAMEA114313218,6
SAMEA1020065,6
SAMEA104034600,6
SAMEA112768486,6
SAMEA111352083,6
SAMEA114211958,6
SAMEA1020494,6
SAMEA1020461,6
SAMEA114441880,6
SAMEA1020159,6
SAMEA114441709,6
SAMEA114478899,6
SAMEA104035881,6
SAMEA114441906,6
SAMEA104034980,6
SAMEA104589940,6
SAMEA104154671,6
SAMEA114392669,6
SAMEA114490266,6
SAMEA104035589,6
SAMD00110692,6
SAMEA1020524,6
SAMEA111351898,6
SAMEA112486213,6
SAMEA1019996,6
SAMEA114326144,6
SAMEA114341920,6
SAMEA1020054,6
SAMEA104154648,6
SAMEA1020057,6
SAMEA114479576,6
SAMEA112486179,6
SAMEA10254677,6
SAMEA110129217,6
SAMEA114326284,6
SAMEA114346134,6
SAMEA114212110,6
SAMEA1020302,6
SAMEA112653988,6
SAMEA104177317,6
SAMEA114212220,6
SAMEA1020031,6
SAMEA1020703,6
SAMEA104589920,6
SAMEA114326407,6
SAMEA104035236,6
SAMEA1020863,6
SAMEA104589922,6
SAMEA114490069,6
SAMEA114479053,6
SAMEA114309444,6
SAMEA104154681,6
SAMEA114211898,6
SAMEA104035830,6
SAMEA112824317,6
SAMEA1020120,6
SAMEA112126361,6
SAMEA1020736,6
SAMD00638211,6
SAMEA112960697,6
SAMEA112647422,6
SAMEA1019970,6
SAMEA114479227,6
SAMEA104035966,6
SAMEA1020415,6
SAMEA112486767,6
SAMEA104589929,6
SAMEA112126401,6
SAMEA114326466,6
SAMEA1020521,6
SAMEA112960818,6
SAMEA112654011,6
SAMEA114346136,6
SAMD00638206,6
SAMEA114088735,6
SAMEA104589927,6
SAMEA1020857,6
SAMEA114341857,6
SAMEA104035862,6
SAMEA114313207,6
SAMEA112299343,6
SAMEA111351835,6
SAMEA111352082,6
SAMEA1020103,6
SAMEA114313313,6
SAMEA112824282,6
SAMEA104589955,6
SAMEA114313555,6
SAMEA112824160,6
SAMEA1020382,6
SAMEA114520364,6
SAMEA112486782,6
SAMEA114341850,6
SAMEA114441664,6
SAMEA114489979,6
SAMEA1019979,6
SAMEA112889723,6
SAMEA112824264,6
SAMEA112654013,6
SAMEA114479017,6
SAMEA1019952,6
SAMEA112486165,6
SAMEA114326301,6
SAMEA114520477,6
SAMEA1020035,6
SAMEA111351923,6
SAMEA114313575,6
SAMEA114341794,6
SAMEA112486410,6
SAMEA1020691,6
SAMEA112143459,6
SAMEA112486703,6
SAMEA112143498,6
SAMEA114326408,6
SAMEA114479372,6
SAMEA1020385,6
SAMEA114346241,6
SAMEA1020403,6
SAMEA1020299,6
SAMEA104154969,6
SAMEA111352047,6
SAMEA114309430,6
SAMEA114036729,6
SAMEA114346188,6
SAMEA1020009,6
SAMEA104177264,6
SAMEA114326287,6
SAMEA114313560,6
SAMEA1019975,6
SAMEA104035857,6
SAMEA114478866,6
SAMEA1020003,6
SAMEA1020586,6
SAMEA114326422,6
SAMEA114326445,6
SAMEA104155058,6
SAMEA114212305,6
SAMEA1020737,6
SAMEA114479206,6
SAMEA1020431,6
SAMEA112299342,6
SAMEA1029011,6
SAMEA1020412,6
SAMEA10254864,6
SAMEA112824320,6
SAMEA114441702,6
SAMEA104589933,6
SAMEA113533864,6
SAMEA114313351,6
SAMEA114441683,6
SAMEA1020418,6
SAMEA114326453,6
SAMEA111352078,6
SAMEA1019966,6
SAMEA114326274,6
SAMEA104035808,6
SAMEA111352139,6
SAMEA104035318,6
SAMEA114479454,6
SAMEA112486698,6
SAMEA114375755,6
SAMEA104154975,6
SAMEA114442032,6
SAMEA114489988,6
SAMEA111352008,6
SAMEA111457508,6
SAMEA104589945,6
SAMEA114313142,6
SAMEA104035955,6
SAMEA1026542,6
SAMEA1020042,6
SAMEA114490262,6
SAMEA112824205,6
SAMEA114341772,6
SAMEA111352001,6
SAMEA112485900,6
SAMEA10427942,6
SAMEA112486531,6
SAMEA112824117,6
SAMEA114326141,6
SAMEA10254835,6
SAMEA114326157,6
SAMEA114441719,6
SAMEA1020264,6
SAMEA1028851,6
SAMEA114326104,6
SAMEA114326332,6
SAMEA114326302,6
SAMEA114313584,6
SAMEA111352016,6
SAMEA114326397,6
SAMEA111352014,6
SAMEA112486350,6
SAMEA104589943,6
SAMEA111352059,6
SAMEA112654017,6
SAMEA1020676,6
SAMEA114313521,6
SAMEA104177209,6
SAMEA114479477,6
SAMEA104034645,6
SAMEA112486046,6
SAMEA114088696,6
SAMEA114490386,6
SAMEA114478806,6
SAMEA104035329,6
SAMEA1020790,6
SAMEA10254725,6
SAMEA114326300,6
SAMEA114479221,6
SAMEA112126441,6
SAMEA112824327,6
SAMEA104035803,6
SAMEA114088709,6
SAMEA114313310,6
SAMEA1019982,6
SAMEA104589944,6
SAMEA1029032,6
SAMEA112143492,6
SAMEA112889687,6
SAMEA112486426,6
SAMEA1019978,6
SAMEA112486463,6
SAMEA112889707,6
SAMEA114326256,6
SAMEA114520616,6
SAMEA1020289,6
SAMEA112486461,6
SAMEA1026746,6
SAMEA111351807,6
SAMEA114520543,6
SAMEA104035544,6
SAMEA114478855,6
SAMEA112486671,6
SAMEA1020541,6
SAMEA104038591,6
SAMEA1020015,6
SAMEA111457381,6
SAMEA104589956,6
SAMEA111351990,6
SAMEA114326306,6
SAMEA111351832,6
SAMEA113971213,6
SAMEA1020865,6
SAMEA104589963,6
SAMEA1020367,6
SAMEA1019956,6
SAMEA114441858,6
SAMEA114375769,6
SAMEA1020349,6
SAMEA112647431,6
SAMEA114313293,6
SAMEA1020726,6
SAMEA112486085,6
SAMEA114326474,6
SAMEA114326194,6
SAMEA104589923,6
SAMEA104035951,6
SAMEA10254856,6
SAMEA112824266,6
SAMEA114326212,6
SAMEA104035059,6
SAMEA104154647,6
SAMEA112889709,6
SAMEA1032726,6
SAMEA1020363,6
SAMEA111352019,6
SAMEA114326168,6
SAMEA1020758,6
SAMEA112486407,6
SAMEA114489965,6
SAMEA1020639,6
SAMEA112486458,6
SAMEA1020438,6
SAMEA111351788,6
SAMEA1020525,6
SAMEA114326101,6
SAMEA110129253,6
SAMEA114490191,6
SAMEA1032573,6
SAMEA114478919,6
SAMEA112824290,6
SAMEA114326160,6
SAMEA114520731,6
SAMEA112143475,6
SAMEA112824152,6
SAMEA114326286,6
SAMEA114326307,6
SAMEA114326391,6
SAMEA1020143,6
SAMEA112486765,6
SAMEA104035566,6
SAMEA1020441,6
SAMEA114479231,6
SAMEA1020519,6
SAMEA111351965,6
SAMEA111351794,6
SAMEA112199503,6
SAMEA112199490,6
SAMEA1020006,6
SAMEA1032705,6
SAMEA114313565,6
SAMEA112299351,6
SAMEA111352010,6
SAMEA1020368,6
SAMEA104155034,6
SAMEA112647500,6
SAMEA112960846,6
SAMEA114520347,6
SAMEA114489932,6
SAMEA112485962,6
SAMEA114313141,6
SAMEA104155029,6
SAMEA114341806,6
SAMEA112486780,6
SAMEA112960771,6
SAMEA104035786,6
SAMEA1020261,6
SAMEA114326318,6
SAMEA114341796,6
SAMEA1020771,6
SAMEA1020075,6
SAMEA104177214,6
SAMEA112824156,6
SAMEA112143490,6
SAMEA114088778,6
SAMEA114212248,6
SAMEA112485981,6
SAMEA1026669,6
SAMEA112486525,6
SAMEA104589918,6
SAMEA1020345,6
SAMEA114326449,6
SAMEA113533812,6
SAMEA1019997,6
SAMEA114341807,6
SAMEA104589939,6
SAMEA114341809,6
SAMEA114520622,6
SAMEA10254804,6
SAMEA104589936,6
SAMEA104035716,6
SAMEA1020845,6
SAMEA112960749,6
SAMEA10254823,6
SAMEA104035814,6
SAMEA112960817,6
SAMEA1020663,6
SAMEA1020119,6
SAMEA114478958,6
SAMEA114346050,6
SAMEA1020305,6
SAMEA114309434,6
SAMEA114326093,6
SAMEA114479166,6
SAMEA10254806,6
SAMEA104035949,6
SAMEA1020450,6
SAMEA1020650,6
SAMEA104589934,6
SAMEA114326148,6
SAMEA114313228,6
SAMEA104155042,6
SAMEA114441856,6
SAMEA104035317,6
SAMEA104038608,6
SAMEA104589925,6
SAMEA104154693,6
SAMEA1020321,6
SAMEA1020376,6
SAMEA1020687,6
SAMEA104154661,6
SAMEA114479185,6
SAMEA114313335,6
SAMEA112647408,6
SAMEA114313589,6
SAMEA114346154,6
SAMEA104154668,6
SAMEA104035968,6
SAMEA113533860,6
SAMEA1020216,6
SAMEA112143514,6
SAMEA114479162,6
SAMEA1019981,6
SAMEA104035188,6
SAMEA114326350,6
SAMEA104038599,5
SAMEA114242121,5
SAMEA114309443,5
SAMEA104155015,5
SAMEA114309570,5
SAMEA1026459,5
SAMEA114341925,5
SAMEA112647460,5
SAMEA112486400,5
SAMEA114228298,5
SAMEA114036640,5
SAMEA10428021,5
SAMEA112824342,5
SAMEA114345938,5
SAMEA114212292,5
SAMEA114241899,5
SAMEA104035239,5
SAMEA114212076,5
SAMEA114211952,5
SAMEA104177354,5
SAMEA104154630,5
SAMEA1029053,5
SAMEA112143470,5
SAMEA114036642,5
SAMEA111441644,5
SAMEA114313249,5
SAMEA104035757,5
SAMEA104035980,5
SAMEA1025779,5
SAMEA114088757,5
SAMEA114242052,5
SAMEA114375521,5
SAMEA111352006,5
SAMEA114375620,5
SAMEA104154861,5
SAMEA104154878,5
SAMEA111378868,5
SAMEA114375525,5
SAMEA112299445,5
SAMEA1033933,5
SAMEA104355769,5
SAMEA114036811,5
SAMEA114211870,5
SAMEA104035221,5
SAMEA112126377,5
SAMEA114375392,5
SAMEA114309445,5
SAMEA114345942,5
SAMEA104456456,5
SAMEA104177342,5
SAMEA104035942,5
SAMEA114211843,5
SAMEA114211757,5
SAMEA110665662,5
SAMEA114313457,5
SAMEA114313316,5
SAMEA104456449,5
SAMEA110654377,5
SAMEA1025567,5
SAMEA111352125,5
SAMEA114242223,5
SAMEA111457502,5
SAMEA114313425,5
SAMEA1025833,5
SAMEA114441641,5
SAMEA114211894,5
SAMEA1029249,5
SAMEA114520727,5
SAMEA104456521,5
SAMEA10427929,5
SAMEA114309670,5
SAMEA10427397,5
SAMEA114313429,5
SAMEA114313323,5
SAMEA114036727,5
SAMEA114241822,5
SAMEA10427589,5
SAMEA114479370,5
SAMEA114441599,5
SAMEA104034836,5
SAMEA111352147,5
SAMEA114309400,5
SAMEA104456722,5
SAMEA114441810,5
SAMEA111441654,5
SAMEA104177362,5
SAMEA104035837,5
SAMEA10428029,5
SAMEA104456523,5
SAMEA110666165,5
SAMEA114408481,5
SAMEA1033922,5
SAMEA104035859,5
SAMEA10427204,5
SAMEA114242061,5
SAMEA104035263,5
SAMEA114479212,5
SAMEA1022839,5
SAMEA104035867,5
SAMEA112824214,5
SAMEA1022834,5
SAMEA114313428,5
SAMEA114242234,5
SAMEA112486021,5
SAMEA10427109,5
SAMEA114211983,5
SAMEA112839784,5
SAMEA114326158,5
SAMEA112824090,5
SAMEA104035560,5
SAMEA1025927,5
SAMEA104154971,5
SAMEA112486307,5
SAMEA114276540,5
SAMEA114309469,5
SAMEA104035873,5
SAMEA114309690,5
SAMEA1026771,5
SAMEA104035801,5
SAMEA112299531,5
SAMEA111441640,5
SAMEA112824199,5
SAMEA102169918,5
SAMEA104403642,5
SAMEA114375560,5
SAMEA114375497,5
SAMEA112486565,5
SAMEA104154772,5
SAMEA114346145,5
SAMEA104456601,5
SAMEA104403630,5
SAMEA114346037,5
SAMEA114490241,5
SAMEA112960739,5
SAMEA10427235,5
SAMEA1024959,5
SAMEA112647548,5
SAMEA114490046,5
SAMEA114036858,5
SAMEA1028818,5
SAMEA104456024,5
SAMEA104154901,5
SAMEA114309729,5
SAMEA114309580,5
SAMEA111351825,5
SAMEA1033953,5
SAMEA102213418,5
SAMEA104154919,5
SAMEA112824310,5
SAMEA1023731,5
SAMEA112486752,5
SAMEA111457420,5
SAMEA114375414,5
SAMEA1023723,5
SAMEA110665920,5
SAMEA1023667,5
SAMEA114375462,5
SAMEA114242276,5
SAMEA104154860,5
SAMEA114375484,5
SAMEA104177351,5
SAMEA114375405,5
SAMEA1026411,5
SAMEA114441746,5
SAMEA104035214,5
SAMEA1025784,5
SAMEA104154703,5
SAMEA114375522,5
SAMEA104456593,5
SAMEA111352090,5
SAMEA104456514,5
SAMEA114036623,5
SAMEA104035389,5
SAMEA111457545,5
SAMEA111351775,5
SAMEA112960866,5
SAMEA10427982,5
SAMEA104155125,5
SAMEA113533819,5
SAMEA104035265,5
SAMEA114313407,5
SAMEA114375715,5
SAMEA104456197,5
SAMEA10427158,5
SAMEA1023759,5
SAMEA111351800,5
SAMEA114229931,5
SAMEA104456249,5
SAMEA104154783,5
SAMEA114211813,5
SAMEA10427841,5
SAMEA10427171,5
SAMEA114479065,5
SAMEA10427968,5
SAMEA104035779,5
SAMEA114478953,5
SAMEA114242122,5
SAMEA111441697,5
SAMEA114309689,5
SAMEA10427092,5
SAMEA104154973,5
SAMEA111351824,5
SAMEA102203668,5
SAMEA104456598,5
SAMEA114241794,5
SAMEA10428091,5
SAMEA114212285,5
SAMEA1025415,5
SAMEA114242255,5
SAMEA104177338,5
SAMEA112299363,5
SAMEA104154841,5
SAMEA110665894,5
SAMEA104177339,5
SAMEA114211760,5
SAMEA114242083,5
SAMEA1028681,5
SAMEA114036854,5
SAMEA104155048,5
SAMEA114241933,5
SAMEA1033625,5
SAMEA114212189,5
SAMEA114313394,5
SAMEA104154819,5
SAMEA104154631,5
SAMEA114313314,5
SAMEA114520734,5
SAMEA112486340,5
SAMEA114276668,5
SAMEA111352105,5
SAMEA111457426,5
SAMEA114313523,5
SAMEA114478732,5
SAMEA104456332,5
SAMEA114211960,5
SAMEA114241731,5
SAMEA110665599,5
SAMEA114088734,5
SAMEA114211825,5
SAMEA104154585,5
SAMEA110666144,5
SAMEA114313455,5
SAMEA104035789,5
SAMEA102231418,5
SAMEA114036621,5
SAMEA114375565,5
SAMEA112824112,5
SAMEA114441743,5
SAMEA104034543,5
SAMEA114241838,5
SAMEA104034983,5
SAMEA10427320,5
SAMEA114242163,5
SAMEA110665842,5
SAMEA114241958,5
SAMEA110665383,5
SAMEA112647418,5
SAMEA114313417,5
SAMEA114228310,5
SAMEA114241832,5
SAMEA10427345,5
SAMEA111351772,5
SAMEA112647448,5
SAMEA112299489,5
SAMEA111351894,5
SAMEA114036664,5
SAMEA114441805,5
SAMEA114088628,5
SAMEA104154635,5
SAMEA112889712,5
SAMEA114036690,5
SAMEA1023705,5
SAMEA1028609,5
SAMEA10427051,5
SAMEA104456119,5
SAMEA104154867,5
SAMEA114479569,5
SAMEA10427624,5
SAMEA112486469,5
SAMEA1024936,5
SAMEA114212214,5
SAMEA114241732,5
SAMEA114309785,5
SAMEA112889696,5
SAMEA1033834,5
SAMEA104154884,5
SAMEA104035531,5
SAMEA112824184,5
SAMEA114490184,5
SAMEA114212074,5
SAMEA104155014,5
SAMEA1028751,5
SAMEA10427353,5
SAMEA114242057,5
SAMEA114241967,5
SAMEA111351787,5
SAMEA114211946,5
SAMEA114375733,5
SAMEA114242281,5
SAMEA114346201,5
SAMEA114478840,5
SAMEA1028840,5
SAMEA104355689,5
SAMEA10427480,5
SAMEA1025023,5
SAMEA114036695,5
SAMEA114326291,5
SAMEA114375688,5
SAMEA112647477,5
SAMEA10427401,5
SAMEA114309706,5
SAMEA114241882,5
SAMEA104035839,5
SAMEA1023718,5
SAMEA104154927,5
SAMEA114211729,5
SAMEA104456615,5
SAMEA104034763,5
SAMEA114241961,5
SAMEA114036930,5
SAMEA1025043,5
SAMEA114313161,5
SAMEA104038564,5
SAMEA1029269,5
SAMEA104456547,5
SAMEA114211839,5
SAMEA103953523,5
SAMD00602885,5
SAMEA104455956,5
SAMEA112960765,5
SAMEA114479134,5
SAMEA10427233,5
SAMEA114242140,5
SAMEA114375623,5
SAMEA114088697,5
SAMEA114309691,5
SAMEA114036680,5
SAMEA114088655,5
SAMEA114212129,5
SAMEA104035346,5
SAMEA114346128,5
SAMEA114241752,5
SAMD00602884,5
SAMEA114276654,5
SAMEA104154843,5
SAMEA112647563,5
SAMD00224682,5
SAMEA114441711,5
SAMEA114375534,5
SAMEA114211815,5
SAMEA114276732,5
SAMEA104456494,5
SAMEA111352114,5
SAMEA114490368,5
SAMEA114211749,5
SAMEA114242291,5
SAMEA111441687,5
SAMEA114309781,5
SAMEA104154565,5
SAMEA111378898,5
SAMEA114375777,5
SAMEA1025243,5
SAMEA114242043,5
SAMEA111352124,5
SAMEA10427234,5
SAMEA10427472,5
SAMEA114341827,5
SAMEA114313365,5
SAMEA104038567,5
SAMEA1029253,5
SAMEA1033776,5
SAMEA114309742,5
SAMEA111352074,5
SAMEA1025751,5
SAMEA104035471,5
SAMEA104456586,5
SAMEA114479450,5
SAMEA111351921,5
SAMEA104035646,5
SAMEA111351925,5
SAMEA112824241,5
SAMEA112486817,5
SAMEA114211899,5
SAMEA111351827,5
SAMEA112299527,5
SAMEA104155115,5
SAMEA114211907,5
SAMEA104456754,5
SAMEA114345950,5
SAMEA114211842,5
SAMEA104456485,5
SAMEA114341862,5
SAMEA111378850,5
SAMEA111351920,5
SAMEA112824192,5
SAMEA1028903,5
SAMEA110665946,5
SAMEA114228311,5
SAMEA114228328,5
SAMEA114309633,5
SAMEA112647401,5
SAMEA114478772,5
SAMEA10427960,5
SAMEA114441754,5
SAMEA1023954,5
SAMEA104035467,5
SAMEA10427641,5
SAMEA104035212,5
SAMEA114036659,5
SAMEA1032423,5
SAMEA10427349,5
SAMEA112647403,5
SAMEA114346129,5
SAMEA104035559,5
SAMEA111351821,5
SAMEA110665208,5
SAMEA114520311,5
SAMEA112486481,5
SAMEA114212150,5
SAMEA114313451,5
SAMEA112486556,5
SAMEA1025615,5
SAMEA104355620,5
SAMEA114346043,5
SAMEA1028824,5
SAMEA114375334,5
SAMEA114408480,5
SAMEA111351872,5
SAMEA114441670,5
SAMEA104456504,5
SAMEA104154883,5
SAMEA104155021,5
SAMEA114442064,5
SAMEA114479132,5
SAMEA114313552,5
SAMEA10427243,5
SAMEA114241727,5
SAMEA10427938,5
SAMEA114490131,5
SAMEA1033738,5
SAMEA104035216,5
SAMEA112486312,5
SAMEA114242114,5
SAMEA10427101,5
SAMEA114375299,5
SAMEA114346005,5
SAMEA104154831,5
SAMEA111457510,5
SAMEA114489958,5
SAMEA111351876,5
SAMEA111351785,5
SAMEA112960891,5
SAMEA114036728,5
SAMEA104155078,5
SAMEA111378853,5
SAMEA114309703,5
SAMEA114036677,5
SAMEA114341874,5
SAMEA114375427,5
SAMEA114242042,5
SAMEA114309446,5
SAMEA111441653,5
SAMEA104356017,5
SAMEA114212291,5
SAMEA114211811,5
SAMEA114313153,5
SAMEA112143484,5
SAMEA114408387,5
SAMEA114441634,5
SAMEA104456076,5
SAMEA104035088,5
SAMEA114309405,5
SAMEA114375260,5
SAMEA114309477,5
SAMEA112960862,5
SAMEA112486585,5
SAMEA10427966,5
SAMEA112824297,5
SAMEA104038575,5
SAMEA114276544,5
SAMEA1029174,5
SAMEA114375443,5
SAMEA1025764,5
SAMEA111351845,5
SAMEA104035933,5
SAMEA112647576,5
SAMEA114036684,5
SAMEA10427700,5
SAMEA114211803,5
SAMEA114228303,5
SAMEA114520407,5
SAMEA104154926,5
SAMEA104035249,5
SAMEA112486811,5
SAMEA114036618,5
SAMEA112126375,5
SAMEA1026035,5
SAMEA114520371,5
SAMEA1033981,5
SAMEA114228295,5
SAMEA114212237,5
SAMEA114242109,5
SAMEA114242086,5
SAMEA114479453,5
SAMEA104154760,5
SAMEA114309805,5
SAMEA104177310,5
SAMEA1024675,5
SAMEA112486341,5
SAMEA112486250,5
SAMEA1025031,5
SAMEA1032442,5
SAMEA114036877,5
SAMEA114479356,5
SAMEA102143668,5
SAMEA104154789,5
SAMEA10427804,5
SAMEA104035445,5
SAMEA104035500,5
SAMEA114520381,5
SAMEA114211986,5
SAMEA104456113,5
SAMEA114309743,5
SAMEA114211922,5
SAMEA104035631,5
SAMEA1032523,5
SAMEA1025517,5
SAMEA111352046,5
SAMEA111351846,5
SAMEA114211764,5
SAMEA1028915,5
SAMEA104155124,5
SAMEA104155032,5
SAMEA104177308,5
SAMEA112824200,5
SAMEA10427383,5
SAMEA114211869,5
SAMEA1025169,5
SAMEA110666047,5
SAMEA114375651,5
SAMEA110665171,5
SAMEA114441757,5
SAMEA1033872,2
SAMEA10254931,2
SAMEA114441466,2
SAMEA114441513,2
SAMEA104154887,2
SAMEA104355794,2
SAMEA1012548,2
SAMEA10254691,2
SAMEA10254762,2
SAMEA102205918,2
SAMEA104154476,2
SAMEA104355896,2
SAMEA1033544,2
SAMEA114441557,2
SAMEA104035207,2
SAMEA1012555,2
SAMEA104355790,2
SAMEA10254632,2
SAMEA114441352,2
SAMEA114326425,2
SAMEA104155133,2
SAMEA10254524,2
SAMEA114326136,2
SAMEA104355601,2
SAMEA104155062,2
SAMEA1033506,2
SAMEA104154896,2
SAMEA10254571,2
SAMEA1012479,2
SAMEA104035580,2
SAMEA104035273,2
SAMEA104035123,2
SAMEA112824213,2
SAMEA104355603,2
SAMEA104355719,2
SAMEA104154950,2
SAMEA1033577,2
SAMEA1033937,2
SAMEA1012538,2
SAMEA114441550,2
SAMEA10254699,2
SAMEA104035440,2
SAMEA104355635,2
SAMEA104155008,2
SAMEA104035261,2
SAMEA104355874,2
SAMEA104355847,2
SAMEA10254643,2
SAMEA10427652,2
SAMEA104355767,2
SAMEA104355673,2
SAMEA10254518,2
SAMEA104154948,2
SAMEA10254663,2
SAMEA10254702,2
SAMEA104038595,2
SAMEA104356042,2
SAMEA1034005,2
SAMEA10254560,2
SAMEA104035210,2
SAMEA10254557,2
SAMEA1012550,2
SAMEA10254559,2
SAMEA104154509,2
SAMEA114441551,2
SAMEA114326285,2
SAMEA104355743,2
SAMEA1033826,2
SAMEA104355850,2
SAMEA112824221,2
SAMEA114490403,2
SAMEA104155041,2
SAMEA10427115,2
SAMEA1023905,2
SAMEA104154935,2
SAMEA114326117,2
SAMEA1033888,2
SAMEA10254731,2
SAMEA10427585,2
SAMEA104035189,2
SAMEA10254580,2
SAMEA1012518,2
SAMEA104038573,2
SAMEA114441556,2
SAMEA104154955,2
SAMEA104035874,2
SAMEA114326354,2
SAMEA10254638,2
SAMEA104155063,2
SAMEA104355783,2
SAMEA104355688,2
SAMEA104035308,2
SAMEA1033633,2
SAMEA114313547,2
SAMEA10254805,2
SAMEA10427606,2
SAMEA1012619,2
SAMEA102199918,2
SAMEA1012466,2
SAMEA114326356,2
SAMEA114326240,2
SAMEA10254556,2
SAMEA10427039,2
SAMEA114441515,2
SAMEA104154949,2
SAMEA114341871,2
SAMEA104035330,2
SAMEA114441512,2
SAMEA1033708,2
SAMEA104035759,2
SAMEA1012436,2
SAMEA1012632,2
SAMEA104035444,2
SAMEA10254744,2
SAMEA1012576,2
SAMEA104035322,2
SAMEA114313553,2
SAMEA104035958,2
SAMEA114341863,2
SAMEA10427898,2
SAMEA104035196,2
SAMEA104035169,2
SAMEA114326204,2
SAMEA104155051,2
SAMEA1033979,2
SAMEA10254933,2
SAMEA104154991,2
SAMEA104154951,2
SAMEA104035202,2
SAMEA114441555,2
SAMEA114341887,2
SAMEA104154916,2
SAMEA10254920,2
SAMEA103953504,2
SAMEA1012476,2
SAMEA1012521,2
SAMEA104035763,2
SAMEA104355908,2
SAMEA114326125,2
SAMEA10254750,2
SAMEA104035414,2
SAMEA104355606,2
SAMEA10254544,2
SAMEA104154523,2
SAMEA104154947,2
SAMEA112824174,2
SAMEA114441384,2
SAMEA104035126,2
SAMEA1012599,2
SAMEA114313146,2
SAMEA114408427,2
SAMEA1033598,2
SAMEA104355914,2
SAMEA104154486,2
SAMEA1012607,2
SAMEA104035139,2
SAMEA104154923,2
SAMEA114441465,2
SAMEA1012516,2
SAMEA114441567,2
SAMEA104035128,2
SAMEA104035301,2
SAMEA104154986,2
SAMEA114441560,2
SAMEA104035193,2
SAMEA104154900,2
SAMEA114326238,2
SAMEA10254627,2
SAMEA114212043,2
SAMEA10254676,2
SAMEA1025488,2
SAMEA104035697,2
SAMEA104155052,2
SAMEA104035185,2
SAMEA104355627,2
SAMEA104035718,2
SAMEA104154489,2
SAMEA104355823,2
SAMEA104155003,2
SAMEA102208168,2
SAMEA1012561,2
SAMEA10254672,2
SAMEA114441427,2
SAMEA104154932,2
SAMEA111378871,2
SAMEA1012498,2
SAMEA1024617,2
SAMEA114441523,2
SAMEA10254604,2
SAMEA104035160,2
SAMEA114441563,2
SAMEA104355884,2
SAMEA104154473,2
SAMEA1012564,2
SAMEA1012628,2
SAMEA1012565,2
SAMEA104355966,2
SAMEA114326296,2
SAMEA114326162,2
SAMEA114441561,2
SAMEA114313585,2
SAMEA114441568,2
SAMEA1033802,2
SAMEA10254687,2
SAMEA10254561,2
SAMEA104035427,2
SAMEA104355883,2
SAMEA10254674,2
SAMEA1012546,2
SAMEA104035208,2
SAMEA1033562,2
SAMEA10254582,2
SAMEA104035195,2
SAMEA1012459,2
SAMEA104355660,2
SAMEA10254573,2
SAMEA114313243,2
SAMEA104035436,2
SAMEA104154952,2
SAMEA10254700,2
SAMEA10254539,2
SAMEA104035428,2
SAMEA10254894,2
SAMEA10254661,2
SAMEA10254670,2
SAMEA1012483,2
SAMEA104035321,2
SAMEA1033885,2
SAMEA1033782,2
SAMEA114326244,2
SAMEA104355702,2
SAMEA102207418,2
SAMEA114326154,2
SAMEA114441390,2
SAMEA104355780,2
SAMEA103953482,2
SAMEA1033610,2
SAMEA1012618,2
SAMEA10254902,2
SAMEA114441549,2
SAMEA104035302,2
SAMEA1012604,2
SAMEA10254743,2
SAMEA1033819,2
SAMEA104035215,2
SAMEA114326324,2
SAMEA104355947,2
SAMEA112824236,2
SAMEA114441558,2
SAMEA114313545,2
SAMEA114375823,2
SAMEA104355897,2
SAMEA104035840,2
SAMEA10427120,2
SAMEA103953431,2
SAMEA104154876,2
SAMEA104154957,2
SAMEA10254641,2
SAMEA1012600,2
SAMEA114313587,2
SAMEA1029267,2
SAMEA1033693,2
SAMEA1012549,2
SAMEA104356034,2
SAMEA1033612,2
SAMEA1024576,2
SAMEA104035299,2
SAMEA104035152,2
SAMEA10254909,2
SAMEA114326384,2
SAMEA10254669,2
SAMEA1012465,2
SAMEA104038565,2
SAMEA104154917,2
SAMEA1033691,2
SAMEA1033901,2
SAMEA104155039,2
SAMEA104155064,2
SAMEA1033897,2
SAMEA114313598,2
SAMEA10254923,2
SAMEA104355913,2
SAMEA104355899,2
SAMEA1012544,2
SAMEA114313544,2
SAMEA10254768,2
SAMEA10254654,2
SAMEA10254774,2
SAMEA1012630,2
SAMEA114441531,2
SAMEA114341777,2
SAMEA104355870,2
SAMEA104035706,2
SAMEA104154998,2
SAMEA10254895,2
SAMEA104035197,2
SAMEA10427368,2
SAMEA104035909,2
SAMEA114326428,2
SAMEA1012444,2
SAMEA104154995,2
SAMEA104035796,2
SAMEA1012581,2
SAMEA10254718,2
SAMEA1033976,2
SAMEA104035401,2
SAMEA104355599,2
SAMEA104035278,2
SAMEA1012534,2
SAMEA114441564,2
SAMEA114441547,2
SAMEA104355851,2
SAMEA104154933,2
SAMEA104355574,2
SAMEA10254647,2
SAMEA104355646,2
SAMEA1033600,2
SAMEA104035619,2
SAMEA104154500,2
SAMEA104155094,2
SAMEA1033587,2
SAMEA114313138,2
SAMEA1033913,2
SAMEA114326452,2
SAMEA114313578,2
SAMEA114313599,2
SAMEA104154992,2
SAMEA103953443,2
SAMEA104154944,2
SAMEA114326326,2
SAMEA104155005,2
SAMEA104035262,2
SAMEA10254671,2
SAMEA114313147,2
SAMEA104155002,2
SAMEA10254658,2
SAMEA114478932,2
SAMEA104035310,2
SAMEA114441337,2
SAMEA104035748,2
SAMEA1012583,2
SAMEA103953496,2
SAMEA1012554,2
SAMEA104355730,2
SAMEA1012622,2
SAMEA1012484,2
SAMEA104035190,2
SAMEA104035232,2
SAMEA1033939,2
SAMEA104154987,2
SAMEA104154922,2
SAMEA104035842,2
SAMEA104155128,2
SAMEA114326259,2
SAMEA104154423,2
SAMEA104154852,2
SAMEA114441485,2
SAMEA1024019,2
SAMEA10254800,2
SAMEA10254791,2
SAMEA104035868,2
SAMEA104035286,2
SAMEA1012553,2
SAMEA1012537,2
SAMEA104154626,2
SAMEA104355669,2
SAMEA1033660,2
SAMEA104155092,2
SAMEA104154942,2
SAMEA10254810,2
SAMEA114326342,2
SAMEA114326351,2
SAMEA104035184,2
SAMEA10254692,2
SAMEA104035871,2
SAMEA1033914,2
SAMEA114441559,2
SAMEA104155006,2
SAMEA104154889,2
SAMEA10254532,2
SAMEA1033743,2
SAMEA1033814,2
SAMEA104038602,2
SAMEA104355670,2
SAMEA104355765,2
SAMEA104035812,2
SAMEA1012439,2
SAMEA104355657,2
SAMEA104038583,2
SAMEA1012497,2
SAMEA114441552,2
SAMEA1012530,2
SAMEA10254646,2
SAMEA1012442,2
SAMEA110665732,10
SAMEA1033724,10
SAMEA114479265,10
SAMEA114408090,10
SAMEA112824312,10
SAMEA103953410,10
SAMEA1025810,10
SAMEA114441238,10
SAMEA114211939,10
SAMEA114407940,10
SAMEA110665240,10
SAMEA114346246,10
SAMEA114408376,10
SAMEA114392621,10
SAMEA114212078,10
SAMEA10254916,10
SAMEA114392797,10
SAMEA114211911,10
SAMEA114490376,10
SAMEA114211792,10
SAMEA103953481,10
SAMEA10254816,10
SAMEA114326423,10
SAMEA104355800,10
SAMEA114341915,10
SAMEA114392576,10
SAMEA114346181,10
SAMEA114346039,10
SAMEA104343693,10
SAMEA114036691,10
SAMEA114313510,10
SAMEA114375368,10
SAMEA110665436,10
SAMEA1029074,10
SAMEA114211948,10
SAMEA114309456,10
SAMEA114346048,10
SAMEA1025058,10
SAMEA114211841,10
SAMEA114346185,10
SAMEA114313498,10
SAMEA103953463,10
SAMEA114345971,10
SAMEA114211794,10
SAMEA114392577,10
SAMEA110665661,10
SAMEA110665129,10
SAMEA112960788,10
SAMEA114407889,10
SAMEA112126335,10
SAMEA103953418,10
SAMEA111457384,10
SAMEA114441407,10
SAMEA114375757,10
SAMEA114309795,10
SAMEA1025957,10
SAMEA114241924,10
SAMEA1029130,10
SAMEA112486564,10
SAMEA114212036,10
SAMEA114326411,10
SAMEA104035517,10
SAMEA114211765,10
SAMEA112126443,10
SAMEA104154763,10
SAMEA104154762,10
SAMEA111457378,10
SAMEA114441608,10
SAMEA114346058,10
SAMEA114408414,10
SAMEA114088787,10
SAMEA103953622,10
SAMEA114313593,10
SAMEA112126342,10
SAMEA114479538,10
SAMEA110665733,10
SAMEA110665386,10
SAMEA110666039,10
SAMEA114478926,10
SAMEA110665743,10
SAMEA1023820,10
SAMEA114346089,10
SAMEA10254824,10
SAMEA114346127,10
SAMEA114211914,10
SAMEA1028766,10
SAMEA114241814,10
SAMEA1026235,10
SAMEA114441219,10
SAMEA114408284,10
SAMEA10254831,10
SAMEA114241854,10
SAMEA1026229,10
SAMEA114241990,10
SAMEA110665133,10
SAMEA1029263,10
SAMEA114242345,10
SAMEA104343692,10
SAMEA110665739,10
SAMEA114326346,10
SAMEA1025457,10
SAMEA110666146,10
SAMEA114375756,10
SAMEA104154990,10
SAMEA114375369,10
SAMEA114341889,10
SAMEA10254739,10
SAMEA114408311,10
SAMEA10254525,10
SAMEA114408411,10
SAMEA1024038,10
SAMEA112126343,10
SAMEA112126340,10
SAMEA114520421,10
SAMEA114242287,10
SAMEA114441309,10
SAMEA114407994,10
SAMEA114408187,10
SAMEA114276710,10
SAMEA111457369,10
SAMEA114211783,10
SAMEA103953644,10
SAMEA112889690,10
SAMEA114408456,10
SAMEA104154937,10
SAMEA114309757,10
SAMEA104154946,10
SAMEA114346056,10
SAMEA114489928,10
SAMEA1028892,10
SAMEA114408354,10
SAMEA114088732,10
SAMEA114088744,10
SAMEA114479156,10
SAMEA113533830,10
SAMEA114408225,10
SAMEA102268168,10
SAMEA110666058,10
SAMEA114408033,10
SAMEA10254820,10
SAMEA114392795,10
SAMEA114392569,10
SAMEA114520717,10
SAMEA10428027,10
SAMEA112126344,10
SAMEA104035979,10
SAMEA1028611,10
SAMEA114346152,10
SAMEA114490359,10
SAMEA10254612,10
SAMEA114408110,10
SAMEA10427228,10
SAMEA1029195,10
SAMEA114088733,10
SAMEA114375791,10
SAMEA111378839,10
SAMEA114242175,10
SAMEA1024096,10
SAMEA1026220,10
SAMEA104355816,10
SAMEA114346155,10
SAMEA114276713,10
SAMEA114088659,10
SAMEA112824245,10
SAMEA1023806,10
SAMEA1020232,10
SAMEA114520588,10
SAMEA10254634,10
SAMEA114036847,10
SAMEA114345981,10
SAMEA1022836,10
SAMEA114341902,10
SAMEA114392934,10
SAMEA110665931,10
SAMEA114326367,10
SAMEA1025533,10
SAMEA114490196,10
SAMEA114241796,10
SAMEA111457376,10
SAMEA112486544,10
SAMEA114211998,10
SAMEA114211994,10
SAMEA114441376,10
SAMEA10428030,10
SAMEA112126347,10
SAMEA10427969,10
SAMEA10254779,10
SAMEA1029084,10
SAMEA114441250,10
SAMEA114490119,10
SAMEA114088670,10
SAMEA114375370,10
SAMEA114036832,10
SAMEA10254769,10
SAMEA114520742,10
SAMEA110665359,10
SAMEA1023994,10
SAMEA102246418,10
SAMEA114346012,10
SAMEA114407861,10
SAMEA114490284,10
SAMEA1028759,10
SAMEA114036749,10
SAMEA10254721,10
SAMEA10254598,10
SAMEA114408146,10
SAMEA104154936,10
SAMEA1025670,10
SAMEA1026114,10
SAMEA10427360,10
SAMEA110666122,10
SAMEA114392575,10
SAMEA10427319,10
SAMEA1033606,10
SAMEA114341884,10
SAMEA110665726,10
SAMEA114212034,10
SAMEA114088640,10
SAMEA114346072,10
SAMEA110665934,10
SAMEA112960664,10
SAMEA114211819,10
SAMEA110665941,10
SAMEA111457443,10
SAMEA114088785,10
SAMEA104035919,10
SAMEA103953704,10
SAMEA114346161,10
SAMEA110666035,10
SAMEA1024040,10
SAMEA114313508,10
SAMEA114441621,10
SAMEA114392792,10
SAMEA104035305,10
SAMEA104355924,10
SAMEA10427075,10
SAMEA114341882,10
SAMEA114345986,10
SAMEA1024561,10
SAMEA114211880,10
SAMEA114345980,10
SAMEA114228277,10
SAMEA114211821,10
SAMEA112126442,10
SAMEA112485937,10
SAMEA112889686,10
SAMEA114276571,10
SAMEA10254596,10
SAMEA114408201,10
SAMEA114408004,10
SAMEA114088727,10
SAMEA114520425,10
SAMEA1024902,10
SAMEA1025253,10
SAMEA10254798,10
SAMEA1024971,10
SAMEA104355805,10
SAMEA114441190,10
SAMEA114442060,10
SAMEA114326336,10
SAMEA114211895,10
SAMEA114211963,10
SAMEA1025614,10
SAMEA112960685,10
SAMEA114520542,10
SAMEA1026132,10
SAMEA112824350,10
SAMEA114211777,10
SAMEA114326293,10
SAMEA104154807,10
SAMEA103953561,10
SAMEA114375428,10
SAMEA10427105,10
SAMEA110666151,10
SAMEA10254633,10
SAMEA103953490,10
SAMEA114313151,10
SAMEA10427873,10
SAMEA114211875,10
SAMEA1028802,10
SAMEA10428056,10
SAMEA103953646,10
SAMEA111457463,10
SAMEA10254890,10
SAMEA111457374,10
SAMEA110665735,10
SAMEA114520474,10
SAMEA1028643,10
SAMEA114326347,10
SAMEA110666107,10
SAMEA114211745,10
SAMEA104355815,10
SAMEA112654018,10
SAMEA114407837,10
SAMEA114408367,10
SAMEA110666004,10
SAMEA103953478,10
SAMEA1029162,10
SAMEA112824263,10
SAMEA10254628,10
SAMEA1025344,10
SAMEA114392802,10
SAMEA114088753,10
SAMEA114313395,10
SAMEA104035368,10
SAMEA114441139,10
SAMEA114408327,10
SAMEA114441434,10
SAMEA114441369,10
SAMEA110665035,10
SAMEA114345998,10
SAMEA112126350,10
SAMEA114520331,10
SAMEA114242111,10
SAMEA110665327,10
SAMEA110665050,10
SAMEA1028942,10
SAMEA114276648,10
SAMEA114520609,10
SAMEA114407930,10
SAMEA112486820,10
SAMEA111457387,10
SAMEA114309441,10
SAMEA110665372,10
SAMEA10254706,10
SAMEA114478964,10
SAMEA114392651,10
SAMEA104035466,10
SAMEA114346104,10
SAMEA114479357,10
SAMEA1022814,10
SAMEA1025839,10
SAMEA114392912,10
SAMEA114441508,10
SAMEA114212016,10
SAMEA1028606,10
SAMEA114088719,10
SAMEA10254741,10
SAMEA112960741,10
SAMEA114441349,10
SAMEA114088723,10
SAMEA114211730,10
SAMEA110666104,10
SAMEA114408007,10
SAMEA114441553,10
SAMEA114242312,10
SAMEA114211933,10
SAMEA114346036,10
SAMEA1029367,10
SAMEA114211851,10
SAMEA110665338,10
SAMEA114375460,10
SAMEA114326309,10
SAMEA114211717,10
SAMEA1033729,10
SAMEA10254861,10
SAMEA110665007,10
SAMEA114088752,10
SAMEA1029146,10
SAMEA114341830,10
SAMEA114088758,10
SAMEA102247168,10
SAMEA114346240,10
SAMEA114088760,10
SAMEA1024161,10
SAMEA104035723,10
SAMEA114520671,10
SAMEA10427122,10
SAMEA1028821,10
SAMEA10254610,10
SAMEA110665479,10
SAMEA1025942,10
SAMEA114276638,10
SAMEA103953484,10
SAMEA1026257,10
SAMEA110665736,10
SAMEA114346124,10
SAMEA1025011,10
SAMEA1024055,10
SAMEA114392781,10
SAMEA104038609,10
SAMEA10254845,10
SAMEA1028768,10
SAMEA104154925,10
SAMEA114375535,10
SAMEA114212105,10
SAMEA114088675,10
SAMEA103953743,10
SAMEA112126345,10
SAMEA10254922,10
SAMEA110665745,10
SAMEA114211778,10
SAMEA104356037,10
SAMEA104155100,10
SAMEA112486720,10
SAMEA1029212,10
SAMEA114346195,10
SAMEA1025449,10
SAMEA114211773,10
SAMEA112126341,10
SAMEA114441917,10
SAMEA114088631,10
SAMEA114313276,10
SAMEA10254775,10
SAMEA114490297,10
SAMEA114346088,10
SAMEA114408128,10
SAMEA114441507,10
SAMEA103953696,10
SAMEA1025416,10
SAMEA110665261,10
SAMEA114408250,10
SAMEA114441241,10
SAMEA114408458,10
SAMEA104155097,10
SAMEA1033584,10
SAMEA110666131,10
SAMEA1026050,10
SAMEA114392908,10
SAMEA1023901,10
SAMEA10254698,10
SAMEA114408389,10
SAMEA114490043,10
SAMEA112126346,10
SAMEA114346251,10
SAMEA1029245,10
SAMEA114463270,10
SAMEA114478968,10
SAMEA10254797,10
SAMEA110665734,10
SAMEA111457440,10
SAMEA114441151,10
SAMEA1026207,10
SAMEA114375759,10
SAMEA104034724,10
SAMEA114441854,10
SAMEA114392594,10
SAMEA114408232,10
SAMEA10427137,10
SAMEA114441939,10
SAMEA10254765,10
SAMEA104343690,10
SAMEA114408248,10
SAMEA114345972,10
SAMEA104035231,10
SAMEA10427749,10
SAMEA112126371,10
SAMEA114392808,10
SAMEA114478763,10
SAMEA112126348,10
SAMEA114375737,10
SAMEA104355679,10
SAMEA103953511,10
SAMEA111378855,10
SAMEA114408397,10
SAMEA114326325,10
SAMEA104154898,10
SAMEA114212098,10
SAMEA114490117,10
SAMEA114408191,10
SAMEA114345996,10
SAMEA10254886,10
SAMEA114341947,10
SAMEA114346057,10
SAMEA112126433,10
SAMEA114408322,10
SAMEA114392833,10
SAMEA114441492,10
SAMEA114520729,10
SAMEA1026159,10
SAMEA114520505,10
SAMEA114392864,10
SAMEA104035026,10
SAMEA114276567,10
SAMEA1029151,10
SAMEA114408122,10
SAMEA114242361,10
SAMEA114088676,10
SAMEA10254859,10
SAMEA114346086,10
SAMEA114490290,10
SAMEA110666108,10
SAMEA114408139,10
SAMEA104141897,10
SAMEA1033702,10
SAMEA114408200,10
SAMEA114392591,10
SAMEA114408240,10
SAMEA114463253,10
SAMEA10254803,10
SAMEA104154815,10
SAMEA114345902,10
SAMEA114313385,10
SAMEA1024884,10
SAMEA110666111,10
SAMEA114441379,10
SAMEA114036934,10
SAMEA114211727,10
SAMEA114392870,10
SAMEA114211761,10
SAMEA1029343,10
SAMEA10254736,10
SAMEA110665731,10
SAMEA114346212,10
SAMEA104355760,10
SAMEA1025709,10
SAMEA114088763,10
SAMEA114408157,10
SAMEA110665845,10
SAMEA110666084,10
SAMEA114375789,10
SAMEA104154934,10
SAMEA114345988,10
SAMEA1028668,10
SAMEA112960676,10
SAMEA114211888,10
SAMEA114441447,10
SAMEA110665367,10
SAMEA114088762,10
SAMEA114392900,10
SAMEA10254802,10
SAMEA114375360,10
SAMEA1026583,10
SAMEA104403645,10
SAMEA1033754,10
SAMEA114479497,10
SAMEA112486372,10
SAMEA10254924,10
SAMEA114408055,10
SAMEA10254814,10
SAMEA110666098,10
SAMEA104035509,10
SAMEA112889733,10
SAMEA114309518,10
SAMEA114313400,10
SAMEA114407960,10
SAMEA1033538,10
SAMEA104038563,10
SAMEA114088625,10
SAMEA114441419,10
SAMEA10427417,10
SAMEA114407984,10
SAMEA112126434,10
SAMEA10254854,10
SAMEA112486437,10
SAMEA10427609,10
SAMEA112126349,10
SAMEA114036883,10
SAMEA1025053,10
SAMEA1028951,10
SAMEA114375781,10
SAMEA10427949,10
SAMEA114441297,10
SAMEA103953698,10
SAMEA114228300,10
SAMEA114346217,10
SAMEA114441354,10
SAMEA1028796,10
SAMEA104034849,10
SAMEA114036754,10
SAMEA110666176,10
SAMEA113533858,10
SAMEA1028642,10
SAMEA112889731,10
SAMEA114441192,10
SAMEA104355826,10
SAMEA114520444,10
SAMEA104155119,10
SAMEA10254927,10
SAMEA114341833,10
SAMEA104154649,10
SAMEA114375632,10
SAMEA1028977,10
SAMEA113533801,10
SAMEA114345914,10
SAMEA114211741,10
SAMEA114242127,10
SAMEA112824277,10
SAMEA104035004,10
SAMEA10428032,10
SAMEA114441539,10
SAMEA114463213,10
SAMEA114463288,10
SAMEA114441439,10
SAMEA10428047,10
SAMEA114346174,10
SAMEA1028954,10
SAMEA110665651,10
SAMEA114088641,10
SAMEA114088751,10
SAMEA112126355,10
SAMEA1028945,10
SAMEA10428004,10
SAMEA114212233,10
SAMEA110665943,10
SAMEA10427131,10
SAMEA114520540,10
SAMEA114088728,10
SAMEA114212039,10
SAMEA10427275,10
SAMEA110665370,10
SAMEA114407935,10
SAMEA114346111,10
SAMEA114212326,10
SAMEA1025636,10
SAMEA114345999,10
SAMEA111457361,10
SAMEA114345931,10
SAMEA114242340,10
SAMEA114407933,10
SAMEA114228316,10
SAMEA114441135,10
SAMEA112824140,10
SAMEA114408173,10
SAMEA1029394,10
SAMEA114520610,10
SAMEA104035027,10
SAMEA10254594,10
SAMEA114441350,10
SAMEA114309835,10
SAMEA114479010,10
SAMEA112960716,10
SAMEA1025835,10
SAMEA114345977,10
SAMEA114478788,10
SAMEA104154417,10
SAMEA1033700,10
SAMEA1028725,10
SAMEA114241806,10
SAMEA114408154,10
SAMEA103953494,10
SAMEA114341923,10
SAMEA114520550,10
SAMEA114212298,10
SAMEA114313448,10
SAMEA1024534,10
SAMEA104038585,10
SAMEA1028885,10
SAMEA112485829,10
SAMEA114520657,10
SAMEA114212178,10
SAMEA114088679,10
SAMEA114392756,10
SAMEA114036935,10
SAMEA114346064,10
SAMEA104154862,10
SAMEA10254785,10
SAMEA114341946,10
SAMEA114478790,10
SAMEA114478842,10
SAMEA110665748,10
SAMEA114313514,10
SAMEA114408363,10
SAMEA1032499,10
SAMEA112960682,10
SAMEA114088718,10
SAMEA10254825,10
SAMEA10427634,10
SAMEA113533868,10
SAMEA1029315,10
SAMEA10427174,10
SAMEA114408040,10
SAMEA1025553,10
SAMEA112824345,10
SAMEA1026216,10
SAMEA1025951,10
SAMEA114408068,10
SAMEA112126336,10
SAMEA1025255,10
SAMEA104035677,10
SAMEA114326320,10
SAMEA114408089,10
SAMEA104154404,10
SAMEA10254917,10
SAMEA1026172,10
SAMEA1029115,10
SAMEA10254713,10
SAMEA1028969,10
SAMEA1025672,10
SAMEA10254918,10
SAMEA10427391,10
SAMEA111457497,10
SAMEA114211934,10
SAMEA110665737,10
SAMEA114407838,10
SAMEA114313458,10
SAMEA111457488,10
SAMEA114441562,10
SAMEA1025579,10
SAMEA1029326,10
SAMEA114088754,10
SAMEA114375730,10
SAMEA114441351,10
SAMEA10254860,10
SAMEA114520497,10
SAMEA1028991,10
SAMEA114375788,10
SAMEA110665028,10
SAMEA104035200,10
SAMEA111378846,10
SAMEA114490223,10
SAMEA110665432,10
SAMEA104355788,10
SAMEA114478893,10
SAMEA10254755,10
SAMEA10427184,10
SAMEA1025193,10
SAMEA10427594,10
SAMEA104034765,10
SAMEA114490074,10
SAMEA1025867,10
SAMEA114392710,10
SAMEA112824161,10
SAMEA114490173,10
SAMEA114375763,10
SAMEA114211927,10
SAMEA114479170,10
SAMEA112486191,10
SAMEA104034776,10
SAMEA104035682,10
SAMEA114408416,10
SAMEA114392898,10
SAMEA103953666,10
SAMEA1025142,10
SAMEA114088607,10
SAMEA1025274,10
SAMEA1028876,10
SAMEA104035774,10
SAMEA114346144,10
SAMEA112143460,10
SAMEA114211936,10
SAMEA110665249,10
SAMEA112824262,10
SAMEA10427800,10
SAMEA104154345,10
SAMEA114408343,10
SAMEA114407898,10
SAMEA10254668,10
SAMEA1029377,10
SAMEA114375367,10
SAMEA103953458,10
SAMEA114211766,10
SAMEA1025395,10
SAMEA1025161,10
SAMEA114375358,10
SAMEA103953612,10
SAMEA114520423,10
SAMEA112647514,10
SAMEA103953531,10
SAMEA114441472,9
SAMEA104355656,9
SAMEA112960683,9
SAMEA114088711,9
SAMEA104356013,9
SAMEA1029223,9
SAMEA1024742,9
SAMEA114463281,9
SAMEA112486419,9
SAMEA1032729,9
SAMEA114036825,9
SAMEA112486005,9
SAMEA10427776,9
SAMEA114408166,9
SAMEA114490384,9
SAMEA112486756,9
SAMEA114088665,9
SAMEA10427707,9
SAMD00127929,9
SAMD00127954,9
SAMEA114520698,9
SAMEA10254888,9
SAMEA112486216,9
SAMEA114036742,9
SAMEA104455910,9
SAMD00127944,9
SAMEA1032737,9
SAMEA1025279,9
SAMEA114408475,9
SAMD00127940,9
SAMEA104154864,9
SAMEA112486799,9
SAMEA1025133,9
SAMEA114036834,9
SAMEA1026674,9
SAMD00127939,9
SAMEA114309827,9
SAMEA1032427,9
SAMEA104456551,9
SAMEA104343772,9
SAMEA112486382,9
SAMEA114441788,9
SAMD00127958,9
SAMEA104343855,9
SAMEA1025640,9
SAMEA114441178,9
SAMEA110129255,9
SAMEA114326270,9
SAMEA114211732,9
SAMD00267519,9
SAMEA114441175,9
SAMEA1025442,9
SAMEA112485904,9
SAMEA112486454,9
SAMEA114479486,9
SAMEA10254586,9
SAMD00085821,9
SAMD00085815,9
SAMEA112486347,9
SAMEA112960680,9
SAMD00085807,9
SAMEA114229981,9
SAMEA104355829,9
SAMEA112960687,9
SAMEA114408158,9
SAMEA1024013,9
SAMD00127952,9
SAMD00085818,9
SAMEA104456393,9
SAMEA111351895,9
SAMEA104355585,9
SAMEA114441445,9
SAMEA114441131,9
SAMEA103953459,9
SAMEA114463242,9
SAMD00127923,9
SAMEA112486164,9
SAMEA103953563,9
SAMEA114036845,9
SAMEA114408002,9
SAMEA1029266,9
SAMEA114392729,9
SAMEA104456563,9
SAMEA114313387,9
SAMEA114478998,9
SAMEA104038586,9
SAMEA1025337,9
SAMEA104343775,9
SAMEA1029179,9
SAMD00127932,9
SAMEA114313274,9
SAMD00127949,9
SAMEA114441133,9
SAMD00127931,9
SAMEA114441176,9
SAMEA114036800,9
SAMEA104343854,9
SAMEA10254611,9
SAMEA1026365,9
SAMEA112485959,9
SAMEA112824203,9
SAMEA112824269,9
SAMEA1024056,9
SAMEA1024010,9
SAMEA112486006,9
SAMD00224639,9
SAMEA114346027,9
SAMEA1032671,9
SAMEA114392821,9
SAMEA104343857,9
SAMEA1094447,9
SAMEA114346117,9
SAMEA112486500,9
SAMEA114036893,9
SAMEA10427784,9
SAMD00085755,9
SAMEA1033924,9
SAMEA114229919,9
SAMEA114408369,9
SAMD00085808,9
SAMEA10254567,9
SAMEA104035620,9
SAMEA114441202,9
SAMD00085816,9
SAMD00085780,9
SAMEA104355827,9
SAMEA112486153,9
SAMEA112486168,9
SAMEA1023939,9
SAMD00127936,9
SAMEA1032435,9
SAMEA114441826,9
SAMEA114241905,9
SAMD00085784,9
SAMEA104035717,9
SAMEA112486737,9
SAMEA114088623,9
SAMEA10427221,9
SAMEA114478812,9
SAMEA104455871,9
SAMEA112486814,9
SAMEA114442044,9
SAMD00127921,9
SAMEA112647440,9
SAMEA1029105,9
SAMEA1029262,9
SAMEA114211971,9
SAMEA104343779,9
SAMEA1029454,9
SAMEA114392815,9
SAMEA114408171,9
SAMEA114441132,9
SAMEA114441327,9
SAMEA114520452,9
SAMEA114520569,9
SAMEA112960748,9
SAMEA114408423,9
SAMEA114441554,9
SAMEA1029329,9
SAMEA114441194,9
SAMEA104456264,9
SAMEA112486210,9
SAMEA114441212,9
SAMD00085776,9
SAMEA10427510,9
SAMEA1024677,9
SAMEA114276599,9
SAMEA104355858,9
SAMEA114478905,9
SAMEA10428100,9
SAMEA104356005,9
SAMEA104343762,9
SAMEA114441406,9
SAMEA112485929,9
SAMEA104456263,9
SAMEA1029081,9
SAMEA104343776,9
SAMD00127946,9
SAMD00127927,9
SAMEA112486805,9
SAMEA114520601,9
SAMEA112960774,9
SAMEA114392701,9
SAMEA1028949,9
SAMEA112960709,9
SAMEA10254837,9
SAMEA112824173,9
SAMEA1032732,9
SAMEA1023679,9
SAMEA111457364,9
SAMEA114036666,9
SAMEA104035511,9
SAMEA103953440,9
SAMEA112299495,9
SAMEA114407848,9
SAMD00127964,9
SAMEA1029438,9
SAMEA10254878,9
SAMEA114241874,9
SAMEA114441396,9
SAMEA1032580,9
SAMEA114392589,9
SAMEA114036784,9
SAMEA112485966,9
SAMEA114228308,9
SAMEA1023746,9
SAMEA104343774,9
SAMD00085771,9
SAMEA114383195,9
SAMD00127956,9
SAMD00127951,9
SAMEA1025467,9
SAMEA114392761,9
SAMD00127971,9
SAMEA114392694,9
SAMEA1025534,9
SAMD00127937,9
SAMEA1032709,9
SAMEA114346215,9
SAMEA114346140,9
SAMEA1025876,9
SAMEA114408246,9
SAMEA104343778,9
SAMEA103953636,9
SAMEA1029455,9
SAMEA1025854,9
SAMEA1024123,9
SAMEA112486567,9
SAMEA114036868,9
SAMEA114326163,9
SAMEA112486271,9
SAMEA104456244,9
SAMEA114408441,9
SAMEA114479445,9
SAMEA1029083,9
SAMEA1024080,9
SAMEA1025372,9
SAMD00127947,9
SAMEA104343689,9
SAMEA114520353,9
SAMEA114408302,9
SAMEA1029345,9
SAMEA112486346,9
SAMEA11305604,9
SAMEA112485903,9
SAMEA104355744,9
SAMEA1029119,9
SAMEA104035584,9
SAMEA114212048,9
SAMEA104035411,9
SAMEA1023861,9
SAMEA114407855,9
SAMEA1024589,9
SAMD00127928,9
SAMEA112486329,9
SAMEA114313569,9
SAMEA1029181,9
SAMD00127953,9
SAMEA1028920,9
SAMEA104355664,9
SAMEA112299447,9
SAMEA1026398,9
SAMEA111351946,9
SAMD00085806,9
SAMEA114241740,9
SAMEA114392595,9
SAMEA114341840,9
SAMEA114407858,9
SAMD00110686,9
SAMEA10254579,9
SAMEA112824210,9
SAMEA1025254,9
SAMEA114036732,9
SAMEA112486689,9
SAMEA1025707,9
SAMEA114479316,9
SAMEA1029232,9
SAMEA112960932,9
SAMEA1028974,9
SAMEA112299513,9
SAMEA102131668,9
SAMEA114407950,9
SAMEA112486309,9
SAMEA1023792,9
SAMEA1033860,9
SAMEA112486269,9
SAMEA1029098,9
SAMD00127963,9
SAMEA114408301,9
SAMEA114441173,9
SAMEA112486812,9
SAMEA1028854,9
SAMEA104155027,9
SAMEA1025561,9
SAMEA114392749,9
SAMEA113533854,9
SAMEA1029291,9
SAMEA104343856,9
SAMD00127924,9
SAMEA112960736,9
SAMEA112960773,9
SAMEA111457399,9
SAMEA104355640,9
SAMEA10254897,9
SAMEA112647446,9
SAMEA1023665,9
SAMD00127948,9
SAMEA112485876,9
SAMEA114036889,9
SAMD00085758,9
SAMEA103953654,9
SAMEA112486465,9
SAMEA112486801,9
SAMD00085791,9
SAMEA114036848,9
SAMEA1026650,9
SAMEA104035569,9
SAMEA10427089,9
SAMEA10427314,9
SAMEA112486262,9
SAMEA114441973,9
SAMEA104154370,9
SAMEA114463285,9
SAMEA114036758,9
SAMEA114408016,9
SAMD00127938,9
SAMEA11305610,9
SAMEA114463217,9
SAMEA1024665,9
SAMEA112960798,9
SAMEA104355837,9
SAMEA114520697,9
SAMEA114036717,9
SAMEA114313535,9
SAMD00127962,9
SAMEA104343853,9
SAMEA1028648,9
SAMEA1025246,9
SAMEA1029368,9
SAMEA104355928,9
SAMD00085756,9
SAMD00127922,9
SAMEA1025625,9
SAMEA114489998,9
SAMEA114479123,9
SAMEA114036655,9
SAMD00085783,9
SAMEA104035984,9
SAMEA111351974,9
SAMEA10254723,9
SAMEA112486520,9
SAMEA114463251,9
SAMEA114479109,9
SAMEA114441600,9
SAMD00127955,9
SAMEA1033766,9
SAMD00127957,9
SAMEA114375569,9
SAMD00127941,9
SAMEA114392890,9
SAMD00085813,9
SAMEA114441401,9
SAMEA114241842,9
SAMEA112486332,9
SAMEA104455865,9
SAMEA104343691,9
SAMEA112486402,9
SAMEA112486645,9
SAMEA114346162,9
SAMEA114520720,9
SAMEA111351929,9
SAMEA112960921,9
SAMD00085761,9
SAMEA114520548,9
SAMEA114313581,9
SAMEA112485917,9
SAMEA114441417,9
SAMEA114392639,9
SAMEA114036808,9
SAMEA112486464,9
SAMD00085812,9
SAMEA102208918,9
SAMEA1023867,9
SAMEA104355686,9
SAMEA104154856,9
SAMEA114392658,9
SAMEA1033657,9
SAMEA114036801,9
SAMEA104154462,9
SAMEA10427625,9
SAMD00127960,9
SAMEA112486813,9
SAMEA112486052,9
SAMD00127968,9
SAMEA11305620,9
SAMEA104343758,9
SAMEA1029189,9
SAMEA1023682,9
SAMEA112486408,9
SAMEA112824133,9
SAMEA10254851,9
SAMEA104456039,9
SAMEA114441818,9
SAMEA114407869,9
SAMEA1025201,9
SAMEA1094434,9
SAMD00085770,9
SAMEA1029159,9
SAMEA10428008,9
SAMEA1029443,9
SAMEA114441166,9
SAMEA114036872,9
SAMEA104038561,9
SAMEA1024188,9
SAMEA112960934,9
SAMEA114341843,9
SAMEA1023856,9
SAMEA112485910,9
SAMEA112486315,9
SAMEA114441473,9
SAMEA112960762,9
SAMEA104141862,9
SAMEA112486406,9
SAMEA114346125,9
SAMD00127930,9
SAMD00127961,9
SAMEA1028860,9
SAMEA114326252,9
SAMEA112824150,9
SAMEA114441211,9
SAMEA104035611,9
SAMEA114408262,9
SAMEA104355806,9
SAMEA114441456,9
SAMEA111352052,9
SAMEA114463271,9
SAMEA10254815,9
SAMEA114313273,9
SAMEA10427919,9
SAMEA112486266,9
SAMEA114407941,9
SAMEA112486363,9
SAMEA114212226,9
SAMEA114326277,9
SAMD00127970,9
SAMEA114479086,9
SAMEA114036694,9
SAMEA11305600,9
SAMEA114392679,9
SAMEA10254616,9
SAMEA114407833,9
SAMEA112486353,9
SAMEA114326096,9
SAMEA114088613,9
SAMEA114392757,9
SAMEA1026837,9
SAMEA104343760,9
SAMEA114441382,9
SAMEA111457481,9
SAMEA1029186,9
SAMEA104154720,9
SAMEA104343761,9
SAMEA114408290,9
SAMEA1026023,9
SAMEA10427677,9
SAMEA1025327,9
SAMEA114341814,9
SAMEA112299481,9
SAMEA10427951,9
SAMEA1032412,9
SAMEA10254771,9
SAMEA1028656,9
SAMEA1029292,9
SAMEA104456377,9
SAMEA1028846,9
SAMEA10254564,9
SAMEA104355654,9
SAMEA112486397,9
SAMD00085801,9
SAMEA1028647,9
SAMEA114441866,9
SAMEA112486807,9
SAMEA114212325,9
SAMEA114036674,9
SAMEA112960721,9
SAMEA114375780,9
SAMEA112486473,9
SAMEA114383196,9
SAMEA1029296,9
SAMD00085798,9
SAMD00127935,9
SAMEA10427306,9
SAMEA114036892,9
SAMEA10254651,9
SAMEA104154905,9
SAMEA114242120,9
SAMEA1029290,9
SAMEA1029410,9
SAMEA112486829,9
SAMD00085759,9
SAMEA112486686,9
SAMEA104035477,9
SAMEA112486435,9
SAMEA112486691,9
SAMEA114408392,9
SAMEA111351949,9
SAMD00127967,9
SAMD00085763,9
SAMEA104154897,9
SAMEA114346151,9
SAMEA112299446,9
SAMEA114441164,9
SAMEA112824097,9
SAMEA104343773,9
SAMEA104343764,9
SAMEA1029324,9
SAMEA112824123,9
SAMD00085767,9
SAMEA112960802,9
SAMD00085794,9
SAMEA112647415,9
SAMEA10427879,9
SAMD00085789,9
SAMEA1026074,9
SAMEA114036714,9
SAMEA11305624,9
SAMD00127943,9
SAMEA112960729,9
SAMEA114341904,9
SAMEA103953526,9
SAMEA114408015,9
SAMEA104155141,9
SAMEA112960860,9
SAMEA112960759,9
SAMEA104035976,9
SAMD00085811,9
SAMEA112486472,9
SAMEA1024702,9
SAMEA112126448,9
SAMEA112960911,9
SAMEA112486282,9
SAMEA114441375,9
SAMEA110665387,9
SAMEA114441532,9
SAMEA1023712,9
SAMEA114479182,9
SAMEA111351900,9
SAMEA114463238,9
SAMEA1024008,9
SAMD00127945,9
SAMEA102179668,9
SAMEA1029093,9
SAMEA114313559,9
SAMEA114346168,9
SAMD00127959,9
SAMEA11305589,9
SAMEA10427921,9
SAMEA10428006,9
SAMEA104343858,9
SAMEA1026045,9
SAMD00127972,9
SAMEA114375710,9
SAMEA114441209,9
SAMEA114463272,9
SAMEA114036635,9
SAMEA114392812,9
SAMEA112486757,9
SAMEA1026171,9
SAMD00127933,9
SAMEA114392777,9
SAMEA1025959,9
SAMEA112299478,9
SAMEA1033599,9
SAMEA10254609,9
SAMD00085777,9
SAMEA114441475,9
SAMEA1029442,9
SAMEA114341844,9
SAMEA114479478,9
SAMD00085772,9
SAMEA114375827,9
SAMEA114212035,9
SAMEA114441177,9
SAMEA114520577,9
SAMEA112960920,9
SAMEA114088644,9
SAMEA114326276,9
SAMEA114211774,9
SAMEA112486761,9
SAMEA112960880,9
SAMEA112486166,9
SAMD00127934,9
SAMEA104455782,9
SAMEA112486371,9
SAMEA104343759,9
SAMEA114228275,9
SAMEA112486644,9
SAMEA1024165,9
SAMEA112647585,9
SAMEA104456336,9
SAMEA114479577,9
SAMEA10254540,9
SAMEA104343757,9
SAMD00085817,9
SAMEA114441815,9
SAMEA1028624,9
SAMEA1025366,9
SAMEA114441179,9
SAMEA1033734,9
SAMEA114478846,9
SAMEA10254853,9
SAMEA102194668,9
SAMEA112647444,9
SAMEA114408228,9
SAMEA114441320,9
SAMEA112486416,9
SAMEA114346083,9
SAMEA11305606,9
SAMEA1023924,9
SAMEA114441506,9
SAMEA1026688,9
SAMEA112486158,9
SAMEA104035679,9
SAMEA1023721,9
SAMEA1032721,9
SAMEA104035490,9
SAMD00127942,9
SAMEA112824183,9
SAMEA103953728,9
SAMEA114489937,9
SAMEA1032712,9
SAMEA104343756,9
SAMEA112486719,9
SAMEA114392889,9
SAMEA1025796,9
SAMEA112486771,9
SAMEA114408374,9
SAMEA104155139,9
SAMEA112485863,9
SAMD00085805,9
SAMEA104355904,9
SAMEA1023962,9
SAMD00127969,9
SAMEA10254795,9
SAMEA1028947,9
SAMEA104035711,9
SAMEA104355655,9
SAMEA1025285,9
SAMEA104035593,9
SAMD00085766,9
SAMEA112126360,9
SAMEA112486529,9
SAMEA1026452,9
SAMEA114441348,9
SAMD00127965,9
SAMEA114036844,9
SAMEA104456418,9
SAMEA112824110,9
SAMEA112960789,9
SAMEA112486189,9
SAMEA112486171,9
SAMEA1032646,9
SAMEA114326246,9
SAMEA112824325,9
SAMEA1023763,9
SAMEA114408227,9
SAMEA112889685,9
SAMD00085790,9
SAMEA112486830,9
SAMEA1033881,9
SAMEA104355602,9
SAMEA114408143,9
SAMEA104035201,9
SAMEA112960882,9
SAMEA11305619,9
SAMEA114479238,9
SAMEA112486389,9
SAMEA104343780,9
SAMEA113533813,9
SAMEA114036806,9
SAMEA103953499,9
SAMD00127925,9
SAMEA1032595,9
SAMEA10254828,9
SAMEA11305621,9
SAMD00127950,9
SAMEA112486345,9
SAMEA114463290,9
SAMEA114036936,9
SAMD00127966,9
SAMEA114242063,9
SAMEA104355993,9
SAMEA104356031,9
SAMEA112824326,9
SAMEA114036830,9
SAMEA114392895,9
SAMEA112960796,9
SAMD00127926,9
SAMEA114441537,9
SAMEA1025545,9
SAMEA112486514,9
SAMEA112486646,9
SAMEA104355759,9
SAMD00085778,9
SAMEA104035866,9
SAMEA1026236,9
SAMEA114392901,9
SAMEA111351951,9
SAMEA1033995,9
SAMEA1033731,9
SAMEA1029314,9
SAMEA114441303,9
SAMEA104343765,9
SAMEA10254752,9
SAMEA112486109,9
SAMEA112486714,9
SAMEA1024690,9
SAMEA104355812,9
SAMEA114212320,4
SAMEA104177197,4
SAMEA114313473,4
SAMEA104177328,4
SAMEA104034575,4
SAMEA1032470,4
SAMEA114375783,4
SAMEA112126427,4
SAMEA1032503,4
SAMEA114313379,4
SAMEA104034690,4
SAMEA104035662,4
SAMEA104034544,4
SAMEA104177180,4
SAMEA104034828,4
SAMEA104141998,4
SAMEA1032676,4
SAMEA1032680,4
SAMEA114346097,4
SAMEA1026514,4
SAMEA1026469,4
SAMEA1026618,4
SAMEA104034644,4
SAMEA104141999,4
SAMEA1032668,4
SAMEA1032483,4
SAMEA1032486,4
SAMEA104456650,4
SAMEA104034749,4
SAMEA114276667,4
SAMEA1032436,4
SAMEA114375786,4
SAMEA104034612,4
SAMEA114326263,4
SAMEA104177227,4
SAMEA112143486,4
SAMEA111457408,4
SAMEA104141870,4
SAMEA111457409,4
SAMEA114309483,4
SAMEA114313384,4
SAMEA1032724,4
SAMEA114228270,4
SAMEA104034944,4
SAMEA104455867,4
SAMEA114341831,4
SAMEA111351915,4
SAMEA1032714,4
SAMEA1032458,4
SAMEA114346115,4
SAMEA114341914,4
SAMEA104221983,4
SAMEA104035072,4
SAMEA10428087,4
SAMEA1032512,4
SAMEA111457493,4
SAMEA1032413,4
SAMEA1026604,4
SAMEA10427160,4
SAMEA111352117,4
SAMEA104034696,4
SAMEA111351948,4
SAMEA104034740,4
SAMEA114479032,4
SAMEA114479068,4
SAMEA10427935,4
SAMEA104034678,4
SAMEA104142007,4
SAMEA114520751,4
SAMEA1026672,4
SAMEA1026536,4
SAMEA111351975,4
SAMEA1026499,4
SAMEA104141601,4
SAMEA104034609,4
SAMEA104177284,4
SAMEA1026421,4
SAMEA104177188,4
SAMEA104456000,4
SAMEA1032482,4
SAMEA104455944,4
SAMEA114211846,4
SAMEA114478894,4
SAMEA1032405,4
SAMEA1026626,4
SAMEA104455767,4
SAMEA104034681,4
SAMEA104456837,4
SAMEA10427684,4
SAMEA1026368,4
SAMEA1032710,4
SAMEA104455827,4
SAMEA104034813,4
SAMEA1026632,4
SAMEA1026555,4
SAMEA104035079,4
SAMEA104034576,4
SAMEA104177288,4
SAMEA104456467,4
SAMEA1026468,4
SAMEA1026560,4
SAMEA104034653,4
SAMEA1026359,4
SAMEA114520659,4
SAMEA114313416,4
SAMEA114490172,4
SAMEA104222009,4
SAMEA1032735,4
SAMEA104034500,4
SAMEA104034908,4
SAMEA1026754,4
SAMEA104034975,4
SAMEA1032461,4
SAMEA104141550,4
SAMEA104141552,4
SAMEA114489969,4
SAMEA1032485,4
SAMEA114346245,4
SAMEA104034912,4
SAMEA1032447,4
SAMEA104154715,4
SAMEA1032702,4
SAMEA112143453,4
SAMEA104035023,4
SAMEA114212269,4
SAMEA112647536,4
SAMEA104034746,4
SAMEA104141547,4
SAMEA104141724,4
SAMEA111351977,4
SAMEA1026486,4
SAMEA1026438,4
SAMEA104034716,4
SAMEA1026799,4
SAMEA112299529,4
SAMEA114211985,4
SAMEA1026797,4
SAMEA104034670,4
SAMEA114346207,4
SAMEA111351820,4
SAMEA114478939,4
SAMEA1032505,4
SAMEA104034835,4
SAMEA111351938,4
SAMEA111352048,4
SAMEA1032455,4
SAMEA111441676,4
SAMEA114211862,4
SAMEA104456138,4
SAMEA111352054,4
SAMEA104034731,4
SAMEA1032428,4
SAMEA1026322,4
SAMEA1026736,4
SAMEA104035022,4
SAMEA104456902,4
SAMEA111352011,4
SAMEA104034523,4
SAMEA111457511,4
SAMEA114313461,4
SAMEA1026582,4
SAMEA114326205,4
SAMEA104034861,4
SAMEA104034952,4
SAMEA1026638,4
SAMEA1032736,4
SAMEA111351776,4
SAMEA1026576,4
SAMEA114520527,4
SAMEA104034671,4
SAMEA114088637,4
SAMEA1026762,4
SAMEA104034625,4
SAMEA104035061,4
SAMEA104034555,4
SAMEA111352028,4
SAMEA114478865,4
SAMEA104034595,4
SAMEA112653997,4
SAMEA1026667,4
SAMEA1032687,4
SAMEA112647554,4
SAMEA104035693,4
SAMEA104034801,4
SAMEA114479267,4
SAMEA1032692,4
SAMEA1026391,4
SAMEA104177224,4
SAMEA1032606,4
SAMEA1026561,4
SAMEA1026484,4
SAMEA1032495,4
SAMEA114479169,4
SAMEA112143462,4
SAMEA104034756,4
SAMEA104034753,4
SAMEA1032542,4
SAMD00085765,4
SAMEA111352026,4
SAMEA1032536,4
SAMEA114346011,4
SAMEA114441797,4
SAMEA111457414,4
SAMEA104141682,4
SAMEA1026335,4
SAMEA104456583,4
SAMEA111352039,4
SAMEA104034841,4
SAMEA1032445,4
SAMEA112647484,4
SAMEA104034697,4
SAMEA111352133,4
SAMEA1026742,4
SAMEA1032425,4
SAMEA112299370,4
SAMEA104034984,4
SAMEA104177326,4
SAMEA114520376,4
SAMEA114088761,4
SAMEA1026390,4
SAMEA104034735,4
SAMEA104456738,4
SAMEA1026761,4
SAMEA104034638,4
SAMEA112647429,4
SAMEA1026779,4
SAMEA1032638,4
SAMEA114479146,4
SAMEA104034513,4
SAMEA1022827,4
SAMEA111441688,4
SAMEA104456507,4
SAMEA114212104,4
SAMEA104035077,4
SAMEA104456245,4
SAMEA1026401,4
SAMEA111441680,4
SAMEA112299368,4
SAMEA1026540,4
SAMEA111351803,4
SAMEA114242198,4
SAMEA1032432,4
SAMEA1032492,4
SAMEA111351999,4
SAMEA104034616,4
SAMEA104456409,4
SAMEA114346248,4
SAMEA104034547,4
SAMEA1026759,4
SAMEA1026841,4
SAMEA114490156,4
SAMEA112299440,4
SAMEA104177233,4
SAMEA1026836,4
SAMEA104034824,4
SAMEA1026708,4
SAMEA1032534,4
SAMEA1032683,4
SAMEA111351851,4
SAMEA104034786,4
SAMEA1032479,4
SAMEA104034581,4
SAMEA1022844,4
SAMEA104456556,4
SAMEA1032440,4
SAMEA104034626,4
SAMEA1032695,4
SAMEA111352036,4
SAMEA1032608,4
SAMEA104034672,4
SAMEA104141656,4
SAMEA104034965,4
SAMEA112143523,4
SAMEA104456538,4
SAMEA1026824,4
SAMEA104034876,4
SAMEA104456634,4
SAMEA1032452,4
SAMEA104034614,4
SAMEA111441701,4
SAMEA1026564,4
SAMEA1032519,4
SAMEA1032488,4
SAMEA104034825,4
SAMEA1032549,4
SAMEA104035086,4
SAMEA104455996,4
SAMEA1026668,4
SAMEA1032698,4
SAMEA1026719,4
SAMEA114341937,4
SAMEA111351936,4
SAMEA104177199,4
SAMEA114346028,4
SAMEA111457436,4
SAMEA104034868,4
SAMEA104034953,4
SAMEA1026504,4
SAMEA111457550,4
SAMEA114241813,4
SAMEA114036681,4
SAMEA1032557,4
SAMEA1032540,4
SAMEA111351969,4
SAMEA112647482,4
SAMEA111504913,4
SAMEA104141859,4
SAMEA1026512,4
SAMEA104034655,4
SAMEA114375729,4
SAMEA1026413,4
SAMEA114520416,4
SAMEA104034519,4
SAMEA112486681,4
SAMEA104034610,4
SAMEA1026834,4
SAMEA1032739,4
SAMEA104034973,4
SAMEA114309506,4
SAMEA1026370,4
SAMEA114341919,4
SAMEA1032748,4
SAMEA1026403,4
SAMEA1032691,4
SAMEA114341934,4
SAMEA1026418,4
SAMEA104034927,4
SAMEA114346075,4
SAMEA104035041,4
SAMEA1026685,4
SAMEA114341929,4
SAMEA104455804,16
SAMEA1023839,16
SAMEA112299412,16
SAMEA111441686,16
SAMEA111457363,16
SAMEA112486621,16
SAMEA104141797,16
SAMEA1019945,16
SAMEA104177226,16
SAMEA112824182,16
SAMEA114479352,16
SAMEA104455789,16
SAMEA104456270,16
SAMEA1020628,16
SAMEA1020604,16
SAMEA1020795,16
SAMEA104456267,16
SAMEA112824224,16
SAMEA112824197,16
SAMEA113533789,16
SAMEA114441799,16
SAMEA1026178,16
SAMEA112486148,16
SAMEA104035924,16
SAMEA114313401,16
SAMEA1019972,16
SAMEA114088604,16
SAMEA104035209,16
SAMEA114036912,16
SAMEA114313476,16
SAMEA114346178,16
SAMEA1026530,16
SAMEA10427246,16
SAMEA10254911,16
SAMEA114346074,16
SAMEA1024748,16
SAMEA104455848,16
SAMEA104456004,16
SAMEA112824343,16
SAMEA1025696,16
SAMD00110675,16
SAMEA1026523,16
SAMEA111351882,16
SAMEA104154822,16
SAMEA114313434,16
SAMEA104456115,16
SAMEA114490090,16
SAMEA1020297,16
SAMEA114313415,16
SAMEA112299526,16
SAMEA104035588,16
SAMEA112647486,16
SAMEA104455843,16
SAMEA114479411,16
SAMEA114479506,16
SAMEA1023749,16
SAMEA112485931,16
SAMEA112467251,16
SAMEA111352103,16
SAMEA104035558,16
SAMEA112486451,16
SAMEA112824296,16
SAMEA104456321,16
SAMEA112960887,16
SAMEA104455833,16
SAMEA114346035,16
SAMEA10254588,16
SAMEA114479130,16
SAMEA1025145,16
SAMEA1019984,16
SAMEA114326223,16
SAMEA104154652,16
SAMEA112647489,16
SAMEA104038625,16
SAMEA112960791,16
SAMEA103953556,16
SAMEA1020527,16
SAMEA112485824,16
SAMEA104154688,16
SAMEA114479286,16
SAMEA112486344,16
SAMEA112647537,16
SAMEA104035658,16
SAMEA114478822,16
SAMEA1029225,16
SAMEA114479118,16
SAMEA10428011,16
SAMEA114211820,16
SAMEA114479572,16
SAMD00110682,16
SAMEA104155081,16
SAMEA114211776,16
SAMEA104141643,16
SAMEA112824138,16
SAMEA1020554,16
SAMEA111457404,16
SAMEA112486318,16
SAMEA114441953,16
SAMEA103953588,16
SAMEA114479251,16
SAMEA104456846,16
SAMEA114326147,16
SAMEA104141704,16
SAMEA112486156,16
SAMEA104456808,16
SAMEA114036875,16
SAMEA114313466,16
SAMEA10427901,16
SAMEA114211802,16
SAMEA114212289,16
SAMEA104456271,16
SAMEA114212295,16
SAMEA112653987,16
SAMEA104154747,16
SAMEA104154624,16
SAMEA10254778,16
SAMEA112486366,16
SAMEA104455879,16
SAMEA10254733,16
SAMEA114441897,16
SAMEA114088729,16
SAMEA111457491,16
SAMEA114441821,16
SAMEA104141921,16
SAMEA104456272,16
SAMEA104154684,16
SAMEA104455846,16
SAMEA10427179,16
SAMEA114212261,16
SAMEA114441984,16
SAMEA1025316,16
SAMEA114088647,16
SAMEA1020573,16
SAMEA1023833,16
SAMEA104456318,16
SAMEA112299509,16
SAMEA112486180,16
SAMEA1025978,16
SAMEA114375760,16
SAMEA112486298,16
SAMEA114212066,16
SAMEA1020484,16
SAMEA104154838,16
SAMD00085819,16
SAMEA114212249,16
SAMEA114479142,16
SAMEA114212303,16
SAMEA1020768,16
SAMD00110677,16
SAMEA10254869,16
SAMEA104221981,16
SAMEA1020199,16
SAMEA114441578,16
SAMEA114479152,16
SAMEA114478810,16
SAMEA112485851,16
SAMEA112486142,16
SAMEA112486101,16
SAMEA114036876,16
SAMEA112467256,16
SAMEA112486094,16
SAMEA114341785,16
SAMEA1020537,16
SAMEA114036906,16
SAMEA114479484,16
SAMEA1024660,16
SAMEA114211817,16
SAMEA104455941,16
SAMEA104456117,16
SAMEA1020615,16
SAMEA112486669,16
SAMEA104034605,16
SAMEA104154628,16
SAMEA104035469,16
SAMEA112960681,16
SAMEA104154782,16
SAMEA112486178,16
SAMEA114479054,16
SAMEA10427180,16
SAMEA1024772,16
SAMEA104455884,16
SAMEA112485924,16
SAMEA104035256,16
SAMEA1020140,16
SAMEA114346163,16
SAMEA112824295,16
SAMEA104456145,16
SAMEA104455869,16
SAMEA114211753,16
SAMEA114212281,16
SAMEA1020390,16
SAMEA114392860,16
SAMEA104154785,16
SAMEA1032490,16
SAMEA114212112,16
SAMEA114490198,16
SAMEA104455872,16
SAMEA1019948,16
SAMEA104456175,16
SAMD00110687,16
SAMEA1019962,16
SAMEA114036910,16
SAMEA114211768,16
SAMEA104141801,16
SAMEA10427129,16
SAMEA112960742,16
SAMEA104154824,16
SAMEA104141819,16
SAMEA104035960,16
SAMEA104034993,16
SAMEA114211750,16
SAMEA104456869,16
SAMEA114520529,16
SAMEA1028984,16
SAMEA1020817,16
SAMEA114520531,16
SAMEA114479232,16
SAMEA1026251,16
SAMEA114346026,16
SAMEA1025542,16
SAMEA104455890,16
SAMEA114478815,16
SAMEA114441657,16
SAMEA112486098,16
SAMEA112143466,16
SAMEA104035206,16
SAMEA114489962,16
SAMEA114313456,16
SAMEA112143491,16
SAMEA112647452,16
SAMEA114520475,16
SAMEA104141973,16
SAMEA114228291,16
SAMEA104035408,16
SAMEA112299473,16
SAMEA114520592,16
SAMEA104034566,16
SAMEA112486316,16
SAMEA112485826,16
SAMEA1020518,16
SAMEA104456407,16
SAMEA112486074,16
SAMEA104456052,16
SAMEA114478809,16
SAMEA114036913,16
SAMEA114326215,16
SAMEA104456243,16
SAMEA104456352,16
SAMEA114313509,16
SAMEA111351976,16
SAMEA104455882,16
SAMEA104141814,16
SAMEA114212338,16
SAMEA10427202,16
SAMD00110685,16
SAMEA1020590,16
SAMEA112485915,16
SAMEA104141787,16
SAMEA112486379,16
SAMEA1020706,16
SAMD00267520,16
SAMEA114088726,16
SAMEA104141920,16
SAMEA114479301,16
SAMEA104455892,16
SAMEA1025745,16
SAMEA104154788,16
SAMEA112486208,16
SAMEA10427867,16
SAMEA1020686,16
SAMEA1025464,16
SAMD00110689,16
SAMEA104456304,16
SAMEA1020688,16
SAMEA104456135,16
SAMEA1020164,16
SAMEA112647441,16
SAMEA1020658,16
SAMEA112486425,16
SAMEA114520743,16
SAMEA104035465,16
SAMD00110691,16
SAMEA104456246,16
SAMEA112486002,16
SAMEA104456102,16
SAMEA112486679,16
SAMEA1026624,16
SAMEA111351815,16
SAMEA112485934,16
SAMEA104456286,16
SAMEA104456190,16
SAMEA1032504,16
SAMEA104456423,16
SAMEA112647465,16
SAMEA104141851,16
SAMEA114341815,16
SAMEA104177259,16
SAMEA114036683,16
SAMEA1028693,16
SAMEA104141615,16
SAMEA104456148,16
SAMEA112960706,16
SAMEA104141916,16
SAMEA112143495,16
SAMEA1020545,16
SAMEA1024970,16
SAMEA114479179,16
SAMEA114313403,16
SAMEA104141950,16
SAMEA114036662,16
SAMEA114479094,16
SAMEA114479324,16
SAMEA104035453,16
SAMEA112889730,16
SAMD00110684,16
SAMEA112486043,16
SAMEA114479455,16
SAMEA112486112,16
SAMEA112485926,16
SAMEA113533832,16
SAMEA113533822,16
SAMEA104154672,16
SAMEA112486205,16
SAMEA1020377,16
SAMEA112299411,16
SAMEA114346182,16
SAMEA104141944,16
SAMEA1020753,16
SAMEA10254912,16
SAMEA104141924,16
SAMEA114489957,16
SAMEA112299394,16
SAMEA114088702,16
SAMEA1019994,16
SAMEA1029284,16
SAMEA113533870,16
SAMEA1020720,16
SAMEA1020809,16
SAMEA103953509,16
SAMEA10427110,16
SAMEA112485951,16
SAMEA112486569,16
SAMEA1020073,16
SAMEA112889688,16
SAMEA114326232,16
SAMEA104456144,16
SAMEA1025608,16
SAMEA112486578,16
SAMEA112824302,16
SAMEA1020170,16
SAMEA114326330,16
SAMEA112647459,16
SAMEA104456314,16
SAMEA104141922,16
SAMD00110680,16
SAMEA114341766,16
SAMEA112485877,16
SAMEA114211837,16
SAMEA114479186,16
SAMEA114490006,16
SAMEA104455856,16
SAMEA111457544,16
SAMEA104034615,16
SAMEA114212065,16
SAMEA104035180,16
SAMEA1020058,16
SAMEA104456058,16
SAMEA114490217,16
SAMEA114036688,16
SAMEA104141948,16
SAMEA104456390,16
SAMEA114479148,16
SAMD00110676,16
SAMEA1032621,16
SAMEA111441636,16
SAMEA114490307,16
SAMEA1020802,16
SAMEA114441698,16
SAMEA113533857,16
SAMEA104177253,16
SAMEA104456331,16
SAMEA114088693,16
SAMD00085769,16
SAMEA114441642,16
SAMEA1020184,16
SAMEA1026535,16
SAMEA10427762,16
SAMEA1025009,16
SAMD00110679,16
SAMEA1029075,16
SAMEA112647442,16
SAMEA114211801,16
SAMEA104456299,16
SAMEA104141680,16
SAMEA114211789,16
SAMEA114346186,16
SAMEA1020673,16
SAMEA112960848,16
SAMEA104141799,16
SAMEA1028886,16
SAMEA104456013,16
SAMEA114441775,16
SAMEA114313430,16
SAMEA112486405,16
SAMEA1019992,16
SAMEA112824141,16
SAMEA112486377,16
SAMEA114212265,16
SAMEA104154662,16
SAMEA10254587,16
SAMEA113533843,16
SAMD00110694,16
SAMEA112143512,16
SAMEA114211754,16
SAMEA114036741,16
SAMEA1019983,16
SAMEA104141863,16
SAMEA114212073,16
SAMEA114478742,16
SAMEA10427167,16
SAMEA114211832,16
SAMEA114441920,16
SAMEA104456268,16
SAMEA112486129,16
SAMEA114211762,16
SAMEA104035338,16
SAMEA114479531,16
SAMEA114478928,16
SAMEA114326414,16
SAMEA112486019,16
SAMEA112485825,16
SAMEA114088738,16
SAMEA112647476,16
SAMEA104154736,16
SAMEA112143501,16
SAMEA114346114,16
SAMEA1026419,16
SAMEA104455769,16
SAMEA114313418,16
SAMEA114441609,16
SAMEA114442048,16
SAMEA112143526,16
SAMEA114441864,16
SAMEA114326207,16
SAMEA114441803,16
SAMD00085797,16
SAMEA103953487,16
SAMEA112486007,16
SAMEA112486480,16
SAMEA104141558,16
SAMEA114375753,16
SAMEA10427229,16
SAMEA104456146,16
SAMEA114441705,16
SAMEA104141935,16
SAMEA104456408,16
SAMEA114346073,16
SAMEA112960815,16
SAMEA104456294,16
SAMEA112486306,16
SAMEA104177265,16
SAMEA104456173,16
SAMEA112653993,16
SAMEA104154787,16
SAMEA112486070,16
SAMEA1020180,16
SAMEA104456132,16
SAMEA104141861,16
SAMEA114326392,16
SAMEA104177248,16
SAMEA1023906,16
SAMEA104141831,16
SAMEA104456016,16
SAMEA1020783,16
SAMEA1025017,16
SAMEA104035076,16
SAMEA104456212,16
SAMEA104456398,16
SAMEA114489930,16
SAMEA1028692,16
SAMEA112486130,16
SAMEA114478869,16
SAMEA112839786,16
SAMEA104456167,16
SAMEA104456238,16
SAMEA114088748,16
SAMEA10427702,16
SAMEA1020723,16
SAMEA114341788,16
SAMEA112960879,16
SAMEA114479174,16
SAMEA111351947,16
SAMEA104455838,16
SAMEA1020562,16
SAMEA104035626,16
SAMEA112299421,16
SAMEA112299355,16
SAMEA104456009,16
SAMEA104035676,16
SAMEA10254748,16
SAMEA104456053,16
SAMEA1020380,16
SAMEA104141925,16
SAMEA10427057,16
SAMEA104456239,16
SAMEA1020158,16
SAMEA114212267,16
SAMEA1032451,16
SAMEA104455891,16
SAMEA112486188,16
SAMEA114479070,16
SAMEA104141678,16
SAMEA1020635,16
SAMEA111351883,16
SAMEA1028788,16
SAMEA114441827,16
SAMEA103953580,16
SAMEA112486587,16
SAMEA104455874,16
SAMEA114228288,16
SAMEA114520517,16
SAMEA1026665,16
SAMEA114478889,16
SAMEA104154659,16
SAMEA112143496,16
SAMEA104456746,7
SAMEA1026599,7
SAMEA114241747,7
SAMEA104035074,7
SAMEA114313364,7
SAMEA104456083,7
SAMEA114088695,7
SAMEA1032408,7
SAMEA104155109,7
SAMEA1026808,7
SAMEA10428041,7
SAMEA104038622,7
SAMEA104035039,7
SAMEA1032618,7
SAMEA114309455,7
SAMEA111441659,7
SAMEA104155132,7
SAMEA114441850,7
SAMEA114479058,7
SAMEA114313357,7
SAMEA111351847,7
SAMEA10427340,7
SAMEA1026710,7
SAMEA102241918,7
SAMEA1026750,7
SAMEA104034852,7
SAMEA104034658,7
SAMEA104355782,7
SAMEA114242149,7
SAMEA112647473,7
SAMEA104034834,7
SAMEA1026357,7
SAMEA104035762,7
SAMEA1032592,7
SAMEA1020280,7
SAMEA104035879,7
SAMEA1026774,7
SAMEA104035906,7
SAMEA104035961,7
SAMEA112299465,7
SAMEA111352118,7
SAMEA114490070,7
SAMEA113533823,7
SAMEA114479308,7
SAMEA114441842,7
SAMEA1032588,7
SAMEA112824275,7
SAMEA102257668,7
SAMEA104034905,7
SAMEA104035546,7
SAMEA104177285,7
SAMEA104177330,7
SAMEA104455950,7
SAMEA114276665,7
SAMEA111441696,7
SAMEA104035008,7
SAMEA114212126,7
SAMEA112768459,7
SAMEA111352120,7
SAMEA111351769,7
SAMEA104034853,7
SAMEA114212053,7
SAMEA104034877,7
SAMEA104177225,7
SAMEA104034981,7
SAMEA1032673,7
SAMEA114520397,7
SAMEA10426993,7
SAMEA114242015,7
SAMEA114211722,7
SAMEA111441669,7
SAMEA1026383,7
SAMEA111352023,7
SAMEA104177267,7
SAMEA114276645,7
SAMEA112768464,7
SAMEA114242138,7
SAMEA114520465,7
SAMEA104034878,7
SAMEA114520413,7
SAMEA114346022,7
SAMEA104035470,7
SAMEA104034962,7
SAMEA1026378,7
SAMEA1032477,7
SAMEA114309451,7
SAMEA111441650,7
SAMEA104221950,7
SAMEA1026611,7
SAMEA104034675,7
SAMEA114088782,7
SAMEA111351871,7
SAMEA114441707,7
SAMEA104034611,7
SAMEA10427261,7
SAMEA114309403,7
SAMEA1026386,7
SAMEA112824253,7
SAMEA104035073,7
SAMEA104034674,7
SAMEA1026835,7
SAMEA1026503,7
SAMEA112647547,7
SAMEA104034879,7
SAMEA104034512,7
SAMEA114212206,7
SAMEA112824106,7
SAMEA114441907,7
SAMEA104034509,7
SAMEA1026568,7
SAMEA10427274,7
SAMEA114276737,7
SAMEA104034723,7
SAMEA104034955,7
SAMEA1032614,7
SAMEA104034906,7
SAMEA1026622,7
SAMEA1026770,7
SAMEA114441782,7
SAMEA111457542,7
SAMEA114520689,7
SAMEA114309406,7
SAMEA114242229,7
SAMEA112647427,7
SAMEA1032590,7
SAMEA114229975,7
SAMEA102264418,7
SAMEA114490314,7
SAMEA1032679,7
SAMEA1032607,7
SAMEA114478817,7
SAMEA1026485,7
SAMEA104155074,7
SAMEA112299420,7
SAMEA1026716,7
SAMEA1026333,7
SAMEA112299493,7
SAMEA114228338,7
SAMEA114326292,7
SAMEA104034838,7
SAMEA112768474,7
SAMEA104154829,7
SAMEA111352100,7
SAMEA1026496,7
SAMEA104034775,7
SAMEA112299492,7
SAMEA104035064,7
SAMEA1032419,7
SAMEA114345913,7
SAMEA111352131,7
SAMEA104177303,7
SAMEA1032532,7
SAMEA104034501,7
SAMEA1026720,7
SAMEA1026399,7
SAMEA104034994,7
SAMEA1026817,7
SAMEA114309393,7
SAMEA104221965,7
SAMEA1032727,7
SAMEA114313269,7
SAMEA114490210,7
SAMEA1026724,7
SAMEA114212256,7
SAMEA1026538,7
SAMEA1032697,7
SAMEA104034537,7
SAMEA114441738,7
SAMEA1026553,7
SAMEA104034873,7
SAMEA112299357,7
SAMEA112299359,7
SAMEA114520412,7
SAMEA114313192,7
SAMEA1026733,7
SAMEA10254907,7
SAMEA1026806,7
SAMEA104456137,7
SAMEA114478979,7
SAMEA114520551,7
SAMEA104034858,7
SAMEA1026610,7
SAMEA1032467,7
SAMEA114441975,7
SAMEA114520530,7
SAMEA104455951,7
SAMEA114242157,7
SAMEA1026813,7
SAMEA114490159,7
SAMEA1032681,7
SAMEA114520485,7
SAMEA114241761,7
SAMEA1026765,7
SAMEA102249418,7
SAMEA104034957,7
SAMEA114490220,7
SAMEA104456136,7
SAMEA104034604,7
SAMEA114479549,7
SAMEA114479025,7
SAMEA1026767,7
SAMEA114309762,7
SAMEA114309748,7
SAMEA114441740,7
SAMEA1026446,7
SAMEA104034902,7
SAMEA114441648,7
SAMEA114520537,7
SAMEA111503532,7
SAMEA114478766,7
SAMEA104035641,7
SAMEA114313195,7
SAMEA114242286,7
SAMEA111352092,7
SAMEA1026711,7
SAMEA114479255,7
SAMEA104035100,7
SAMEA114478768,7
SAMEA1026821,7
SAMEA111351884,7
SAMEA114088692,7
SAMEA114313383,7
SAMEA114211758,7
SAMEA104034978,7
SAMEA111352040,7
SAMEA114441716,7
SAMEA104034608,7
SAMEA104035311,7
SAMEA104034940,7
SAMEA114478858,7
SAMEA104034894,7
SAMEA104034961,7
SAMEA114309453,7
SAMEA114478849,7
SAMEA112768462,7
SAMEA1026424,7
SAMEA111441674,7
SAMEA1032651,7
SAMEA112126400,7
SAMEA104034557,7
SAMEA1032747,7
SAMEA111351942,7
SAMEA114309496,7
SAMEA111352127,7
SAMEA1032674,7
SAMEA114490343,7
SAMEA114479369,7
SAMEA111351989,7
SAMEA114490149,7
SAMEA1026749,7
SAMEA1026830,7
SAMEA104177246,7
SAMEA1032704,7
SAMEA114242156,7
SAMEA1026483,7
SAMEA114520647,7
SAMEA104035508,7
SAMEA104034830,7
SAMEA1026381,7
SAMEA1032453,7
SAMEA114520327,7
SAMEA114309645,7
SAMEA104034687,7
SAMEA114479353,7
SAMEA104035000,7
SAMEA104035521,7
SAMEA1026489,7
SAMEA104154743,7
SAMEA1032572,7
SAMEA1032636,7
SAMEA104035791,7
SAMEA104034714,7
SAMEA104034827,7
SAMEA114441614,7
SAMEA114441911,7
SAMEA1032545,7
SAMEA104177208,7
SAMEA114242093,7
SAMEA111441645,7
SAMEA1026502,7
SAMEA104034747,7
SAMEA1032624,7
SAMEA114309629,7
SAMEA114520706,7
SAMEA104034863,7
SAMEA112647553,7
SAMEA10427981,7
SAMEA1032576,7
SAMEA114212146,7
SAMEA1026786,7
SAMEA104154718,7
SAMEA114313435,7
SAMEA104034839,7
SAMEA114479503,7
SAMEA1026461,7
SAMEA114441579,7
SAMEA114478818,7
SAMEA1026348,7
SAMEA111351955,7
SAMEA104034727,7
SAMEA114276628,7
SAMEA1026320,7
SAMEA114309486,7
SAMEA114478799,7
SAMEA114490110,7
SAMEA10427460,7
SAMEA114490371,7
SAMEA104035794,7
SAMEA114309673,7
SAMEA114490123,7
SAMEA104035764,7
SAMEA104034865,7
SAMEA104456571,7
SAMEA114478856,7
SAMEA104154576,7
SAMEA1026369,7
SAMEA114242342,7
SAMEA104034924,7
SAMEA114036904,7
SAMEA1032619,7
SAMEA104034744,7
SAMEA114242161,7
SAMEA104221962,7
SAMEA1026734,7
SAMEA1026588,7
SAMEA104456877,7
SAMEA111352099,7
SAMEA114346120,7
SAMEA112299521,7
SAMEA104034795,7
SAMEA104034910,7
SAMEA111352045,7
SAMEA111441702,7
SAMEA114309440,7
SAMEA114309713,7
SAMEA1026764,7
SAMEA114242337,7
SAMEA111441695,7
SAMEA114441993,7
SAMEA114211993,7
SAMEA114520400,7
SAMEA114276554,7
SAMEA114242290,7
SAMEA114309667,7
SAMEA1026460,7
SAMEA1026783,7
SAMEA104035038,7
SAMEA114520480,7
SAMEA104154355,7
SAMEA104177289,7
SAMEA114326343,7
SAMEA114326267,7
SAMEA112768465,7
SAMEA1032610,7
SAMEA114276702,7
SAMEA1026384,7
SAMEA104034850,7
SAMEA1032690,7
SAMEA104456425,7
SAMEA114490377,7
SAMEA104221954,7
SAMEA112768473,7
SAMEA114479469,7
SAMEA102256918,7
SAMEA111457432,7
SAMEA114520476,7
SAMEA112299427,7
SAMEA114442035,7
SAMEA104035339,7
SAMEA10427303,7
SAMEA104035105,7
SAMEA104154915,7
SAMEA114276765,7
SAMEA1026801,7
SAMEA114478930,7
SAMEA114479499,7
SAMEA104154726,7
SAMEA10427164,7
SAMEA104034572,7
SAMEA111457504,7
SAMEA1026415,7
SAMEA114313443,7
SAMEA104034945,7
SAMEA1032530,7
SAMEA111441658,7
SAMEA104034755,7
SAMEA104034504,7
SAMEA114520732,7
SAMEA1026578,7
SAMEA1026526,7
SAMEA114313483,7
SAMEA114346159,7
SAMEA1026831,7
SAMEA10428101,7
SAMEA114313487,7
SAMEA1032566,7
SAMEA104034511,7
SAMEA112647463,7
SAMEA114479101,7
SAMEA104034535,7
SAMEA111351791,7
SAMEA112768460,7
SAMEA111352077,7
SAMEA114211806,7
SAMEA114242210,7
SAMEA104035009,7
SAMEA114228327,7
SAMEA104034688,7
SAMEA104034651,7
SAMEA111352091,7
SAMEA104034968,7
SAMEA112299360,7
SAMEA114489947,7
SAMEA1026643,7
SAMEA114478771,7
SAMEA114520519,7
SAMEA112299471,7
SAMEA104221956,7
SAMEA104154745,7
SAMEA10428022,7
SAMEA114313188,7
SAMEA111351980,7
SAMEA104035940,7
SAMEA114479239,7
SAMEA104035047,7
SAMEA112647526,7
SAMEA111352021,7
SAMEA114479513,7
SAMEA104034780,7
SAMEA1026493,7
SAMEA104035372,7
SAMEA104034764,7
SAMEA114520750,7
SAMEA104177306,7
SAMEA1026464,7
SAMEA1026501,7
SAMEA114309648,7
SAMEA111351956,7
SAMEA104035033,7
SAMEA104141969,23
SAMEA112486715,23
SAMEA112486699,23
SAMEA1020785,23
SAMEA112485980,23
SAMEA114036894,23
SAMEA114479571,23
SAMEA1020490,23
SAMEA112485930,23
SAMEA112486359,23
SAMEA114326322,23
SAMEA112485907,23
SAMEA1025628,23
SAMEA104035359,23
SAMEA114212327,23
SAMEA1020036,23
SAMEA10254530,23
SAMEA1020641,23
SAMEA1029215,23
SAMEA114326381,23
SAMEA1029395,23
SAMEA103953593,23
SAMEA114036719,23
SAMEA1028679,23
SAMEA1020838,23
SAMEA112486781,23
SAMEA114036715,23
SAMEA112486712,23
SAMEA1025802,23
SAMEA1029391,23
SAMEA104035790,23
SAMEA1029012,23
SAMEA112485892,23
SAMEA1029406,23
SAMEA114326427,23
SAMEA114326226,23
SAMEA112486574,23
SAMEA114036796,23
SAMEA104035953,23
SAMEA114313191,23
SAMEA104035287,23
SAMEA114036770,23
SAMEA112486559,23
SAMEA114036909,23
SAMEA112485996,23
SAMD00032022,23
SAMEA1020533,23
SAMEA1020674,23
SAMEA112486255,23
SAMEA1020008,23
SAMEA1025816,23
SAMEA112486651,23
SAMEA1020012,23
SAMEA1029304,23
SAMEA114490034,23
SAMD00032028,23
SAMEA112486700,23
SAMEA1032718,23
SAMEA114036782,23
SAMEA112486118,23
SAMEA104035178,23
SAMEA1029252,23
SAMEA1020152,23
SAMEA114036773,23
SAMEA1020294,23
SAMEA1020851,23
SAMEA114036901,23
SAMEA1028775,23
SAMEA112960836,23
SAMEA1020409,23
SAMEA102230668,23
SAMD00032026,23
SAMEA1032494,23
SAMEA1020612,23
SAMEA112824180,23
SAMEA1029393,23
SAMEA1026016,23
SAMEA114228278,23
SAMEA10254719,23
SAMEA114036795,23
SAMEA112960935,23
SAMEA1020051,23
SAMEA114036722,23
SAMEA114036809,23
SAMEA112486447,23
SAMEA10254839,23
SAMEA1020329,23
SAMEA1020037,23
SAMEA104035552,23
SAMEA104155018,23
SAMEA114036673,23
SAMEA112486324,23
SAMEA112485821,23
SAMEA114036863,23
SAMEA1025233,23
SAMEA112486229,23
SAMEA1026019,23
SAMEA112486533,23
SAMEA1020071,23
SAMEA112486455,23
SAMEA114036661,23
SAMEA112486657,23
SAMEA104035766,23
SAMEA112486607,23
SAMEA104035176,23
SAMEA1019958,23
SAMEA112486001,23
SAMEA104141703,23
SAMEA1020351,23
SAMEA1020173,23
SAMEA1020637,23
SAMEA1020630,23
SAMEA1020237,23
SAMEA112486684,23
SAMEA1020196,23
SAMEA1020596,23
SAMEA112486110,23
SAMEA1020698,23
SAMEA112960722,23
SAMEA1020584,23
SAMEA10254868,23
SAMEA104035937,23
SAMEA104154377,23
SAMD00032021,23
SAMEA112486492,23
SAMEA114036693,23
SAMEA112485921,23
SAMEA1020733,23
SAMEA112486636,23
SAMEA112486787,23
SAMEA112486326,23
SAMEA112486121,23
SAMEA1020059,23
SAMEA114036896,23
SAMEA112485997,23
SAMEA104141982,23
SAMEA112486257,23
SAMEA1029390,23
SAMEA112960767,23
SAMEA114036697,23
SAMEA1020097,23
SAMEA114036937,23
SAMEA1020602,23
SAMEA112486343,23
SAMEA1022805,23
SAMEA111352035,23
SAMD00032020,23
SAMEA112486694,23
SAMEA1020328,23
SAMEA102240418,23
SAMEA1025944,23
SAMEA1029220,23
SAMEA112486150,23
SAMEA114036869,23
SAMEA112486146,23
SAMEA10254705,23
SAMEA1020659,23
SAMEA1020842,23
SAMD00032025,23
SAMEA112486253,23
SAMEA114341841,23
SAMEA112960901,23
SAMD00032027,23
SAMEA114036696,23
SAMEA112486236,23
SAMEA1028813,23
SAMEA112960941,23
SAMEA114326143,23
SAMEA112486233,23
SAMEA10254900,23
SAMEA104154612,23
SAMEA114313148,23
SAMEA114036865,23
SAMEA103953432,23
SAMEA1025162,23
SAMEA1020844,23
SAMEA112486660,23
SAMEA114036838,23
SAMD00032023,23
SAMEA112486685,23
SAMEA1020310,23
SAMEA1020473,23
SAMEA104035745,23
SAMEA112485869,23
SAMEA10254714,23
SAMEA114313564,23
SAMEA114326176,23
SAMEA112960754,23
SAMEA10254615,23
SAMEA1032513,23
SAMEA104154575,23
SAMEA1032723,23
SAMEA1020430,23
SAMEA112960945,23
SAMEA1032741,23
SAMEA1020311,23
SAMEA1020757,23
SAMEA114036840,23
SAMEA114326139,23
SAMEA1032583,23
SAMEA114036799,23
SAMEA1025888,23
SAMEA114326335,23
SAMEA112486227,23
SAMEA1032551,23
SAMEA111457442,23
SAMEA1032466,23
SAMEA1029288,23
SAMEA1025405,23
SAMEA1032596,23
SAMEA114441721,23
SAMEA114036871,23
SAMEA114313150,23
SAMEA114036764,23
SAMEA112486313,23
SAMEA114326171,23
SAMEA1020234,23
SAMEA103953429,23
SAMEA114036743,23
SAMEA112486499,23
SAMEA1020395,23
SAMEA10254928,23
SAMEA1020598,23
SAMEA1028644,23
SAMEA1029319,23
SAMEA1020056,23
SAMEA114036874,23
SAMEA1026600,23
SAMEA114326298,23
SAMEA112485859,23
SAMEA1029173,23
SAMEA112960898,23
SAMEA104035760,23
SAMEA1020848,23
SAMEA114326360,23
SAMEA112485837,23
SAMEA112486196,23
SAMEA1020131,23
SAMEA112485975,23
SAMEA1020855,23
SAMEA112486009,23
SAMEA112486252,23
SAMEA1019995,23
SAMEA114326363,23
SAMEA1020022,23
SAMEA114313568,23
SAMEA10254826,23
SAMEA111457424,23
SAMEA114313139,23
SAMEA1020587,23
SAMEA1020167,23
SAMEA10254808,23
SAMEA1029015,23
SAMEA112486062,23
SAMD00032024,23
SAMEA1028820,23
SAMEA114326308,23
SAMEA112960692,23
SAMEA112960895,23
SAMEA1025319,23
SAMEA1020671,23
SAMEA112486155,23
SAMEA112485836,23
SAMEA114313602,23
SAMEA1020841,23
SAMEA114036873,23
SAMEA114036736,23
SAMEA1020814,23
SAMEA112486145,23
SAMEA112486427,23
SAMEA112486710,23
SAMEA112486696,23
SAMEA104154970,23
SAMEA104141595,23
SAMEA1020830,23
SAMEA1020579,23
SAMEA112486207,23
SAMEA1020797,23
SAMEA114036686,23
SAMEA112486510,23
SAMEA1020205,23
SAMEA10254593,23
SAMEA1020747,23
SAMEA114490133,23
SAMEA114036660,23
SAMEA114036787,23
SAMEA112486362,23
SAMEA114332577,12
SAMEA114441837,12
SAMEA114332773,12
SAMEA114479106,12
SAMEA112299484,12
SAMEA114490160,12
SAMEA114212309,12
SAMEA114229911,12
SAMEA1026332,12
SAMEA114346149,12
SAMEA114332571,12
SAMEA114332654,12
SAMEA112299515,12
SAMEA114332589,12
SAMEA114345995,12
SAMEA104154727,12
SAMEA114441832,12
SAMEA114479428,12
SAMEA114332593,12
SAMEA1020843,12
SAMEA114212108,12
SAMEA112889702,12
SAMEA111351888,12
SAMEA10427041,12
SAMEA1032421,12
SAMEA114490274,12
SAMEA114036718,12
SAMEA114489992,12
SAMEA104035472,12
SAMEA114332699,12
SAMEA114332678,12
SAMEA114088770,12
SAMEA114332796,12
SAMEA114489978,12
SAMEA111441677,12
SAMEA111457375,12
SAMEA114332563,12
SAMEA114346038,12
SAMEA114489956,12
SAMEA104035565,12
SAMEA111457477,12
SAMEA114479403,12
SAMEA114332629,12
SAMEA114332697,12
SAMEA114332679,12
SAMEA114332700,12
SAMEA1024007,12
SAMEA114479263,12
SAMEA112299408,12
SAMEA114332583,12
SAMEA114332488,12
SAMEA111351905,12
SAMEA114441643,12
SAMEA114332534,12
SAMEA114479390,12
SAMEA114346060,12
SAMEA114520467,12
SAMEA1026481,12
SAMEA104177257,12
SAMEA114479069,12
SAMEA114490312,12
SAMEA114212031,12
SAMEA114490225,12
SAMEA114520365,12
SAMEA114242208,12
SAMEA114332471,12
SAMEA114332717,12
SAMEA114212020,12
SAMEA114212005,12
SAMEA114212190,12
SAMEA114346235,12
SAMEA114332745,12
SAMEA114441943,12
SAMEA112647457,12
SAMEA114332613,12
SAMEA114332616,12
SAMEA114332763,12
SAMEA114332462,12
SAMEA104456639,12
SAMEA114490237,12
SAMEA114212057,12
SAMEA114479049,12
SAMEA112824274,12
SAMEA112824267,12
SAMEA114407937,12
SAMEA114332590,12
SAMEA114332506,12
SAMEA104035224,12
SAMEA112299397,12
SAMEA114332713,12
SAMEA114490278,12
SAMEA104034730,12
SAMEA112299528,12
SAMEA114520532,12
SAMEA104034885,12
SAMEA114212122,12
SAMEA114332682,12
SAMEA114479402,12
SAMEA114489953,12
SAMEA114332641,12
SAMEA1026591,12
SAMEA114326208,12
SAMEA112647550,12
SAMEA114313571,12
SAMEA114346222,12
SAMEA114332576,12
SAMEA114211735,12
SAMEA104035532,12
SAMEA104034988,12
SAMEA114211937,12
SAMEA114212019,12
SAMEA114442040,12
SAMEA114479462,12
SAMEA114241896,12
SAMEA114211995,12
SAMEA111351897,12
SAMEA114490036,12
SAMEA114490097,12
SAMEA104177260,12
SAMEA114211867,12
SAMEA114478724,12
SAMEA114332704,12
SAMEA114375749,12
SAMEA114212007,12
SAMEA114441875,12
SAMEA104035712,12
SAMEA114490068,12
SAMEA114332719,12
SAMEA104035442,12
SAMEA114332721,12
SAMEA1026439,12
SAMEA114479184,12
SAMEA114489935,12
SAMEA114332742,12
SAMEA114332637,12
SAMEA104141821,12
SAMEA111352142,12
SAMEA104177327,12
SAMEA114332795,12
SAMEA114332703,12
SAMEA114332743,12
SAMEA114479133,12
SAMEA114211889,12
SAMEA114441929,12
SAMEA114332524,12
SAMEA112299530,12
SAMEA114332803,12
SAMEA114332582,12
SAMEA114479012,12
SAMEA1026442,12
SAMEA1032410,12
SAMEA114441951,12
SAMEA112824179,12
SAMEA114332793,12
SAMEA104177191,12
SAMEA1025453,12
SAMEA114520666,12
SAMEA114036711,12
SAMEA114036706,12
SAMEA114211954,12
SAMEA114332594,12
SAMEA114332668,12
SAMEA114490276,12
SAMEA114332512,12
SAMEA114490208,12
SAMEA114479362,12
SAMEA111493996,12
SAMEA104154757,12
SAMEA114212026,12
SAMEA114332674,12
SAMEA111457547,12
SAMEA114520658,12
SAMEA114332591,12
SAMEA114309772,12
SAMEA114332751,12
SAMEA114441602,12
SAMEA114408451,12
SAMEA114392734,12
SAMEA111352115,12
SAMEA114332572,12
SAMEA114332598,12
SAMEA114211772,12
SAMEA111457505,12
SAMEA114036856,12
SAMEA114212175,12
SAMEA114211932,12
SAMEA114490113,12
SAMEA114441597,12
SAMEA114332592,12
SAMEA114332800,12
SAMEA112824165,12
SAMEA104035831,12
SAMEA114211787,12
SAMEA114332680,12
SAMEA114441985,12
SAMEA114479093,12
SAMEA114211731,12
SAMEA111506262,12
SAMEA114489990,12
SAMEA114478800,12
SAMEA114490201,12
SAMEA114490253,12
SAMEA114520624,12
SAMEA114332566,12
SAMEA104154717,12
SAMEA114332698,12
SAMEA114332615,12
SAMEA104154830,12
SAMEA114036651,12
SAMEA114490142,12
SAMEA114441679,12
SAMEA114313507,12
SAMEA114490105,12
SAMEA114346133,12
SAMEA114478731,12
SAMEA112824276,12
SAMEA114212012,12
SAMEA114441980,12
SAMEA114332711,12
SAMEA114346243,12
SAMEA114479253,12
SAMEA114332643,12
SAMEA104177183,12
SAMEA114332493,12
SAMEA114479026,12
SAMEA114326227,12
SAMEA114489968,12
SAMEA114489964,12
SAMEA104177223,12
SAMEA114212021,12
SAMEA114313577,12
SAMEA114332694,12
SAMEA114346228,12
SAMEA114332523,12
SAMEA114489931,12
SAMEA114332595,12
SAMEA114332527,12
SAMEA104154751,12
SAMEA114346030,12
SAMEA114332752,12
SAMEA114332604,12
SAMEA1025166,12
SAMEA114479493,12
SAMEA114520617,12
SAMEA114490235,12
SAMEA114212181,12
SAMEA114520404,12
SAMEA111457501,12
SAMEA114211847,12
SAMEA114332794,12
SAMEA114479190,12
SAMEA104141907,12
SAMEA111352102,12
SAMEA114313499,12
SAMEA111457407,12
SAMEA114241875,12
SAMEA114229928,12
SAMEA114479131,12
SAMEA114313519,12
SAMEA112824268,12
SAMEA114479189,12
SAMEA111352126,12
SAMEA103953705,12
SAMEA114036627,12
SAMEA104141931,12
SAMEA114441791,12
SAMEA114442026,12
SAMEA114332602,12
SAMEA114479381,12
SAMEA104035575,12
SAMEA114313512,12
SAMEA114211855,12
SAMEA1024867,12
SAMEA114332569,12
SAMEA112824094,12
SAMEA114332586,12
SAMEA114332606,12
SAMEA114211904,12
SAMEA114489986,12
SAMEA114332547,12
SAMEA112299365,12
SAMEA114212032,12
SAMEA111457428,12
SAMEA114479303,12
SAMEA114441853,12
SAMEA114442047,12
SAMEA114332574,12
SAMEA114332661,12
SAMEA114332762,12
SAMEA114479036,12
SAMEA104035737,12
SAMEA114036897,12
SAMEA114441732,12
SAMEA114375752,12
SAMEA114332765,12
SAMEA114332556,12
SAMEA114479410,12
SAMEA114520513,12
SAMEA104141758,12
SAMEA114332720,12
SAMEA10427632,12
SAMEA114478912,12
SAMEA114211728,12
SAMEA114490252,12
SAMEA114332611,12
SAMEA104035648,12
SAMEA114332686,12
SAMEA114212037,12
SAMEA114332530,12
SAMEA112824341,12
SAMEA111352089,12
SAMEA114332785,12
SAMEA114490302,12
SAMEA114441729,12
SAMEA114332570,12
SAMEA114346053,12
SAMEA10427187,12
SAMEA114479452,12
SAMEA10427342,12
SAMEA1032554,12
SAMEA114332759,12
SAMEA114332738,12
SAMEA111351808,12
SAMEA114326440,12
SAMEA114341835,12
SAMEA1032484,12
SAMEA114211886,12
SAMEA114332758,12
SAMEA1032472,12
SAMEA114490004,12
SAMEA114490269,12
SAMEA114332597,12
SAMEA114332612,12
SAMEA114332601,12
SAMEA104154670,12
SAMEA114211835,12
SAMEA114332545,12
SAMEA112824235,12
SAMEA114332603,12
SAMEA114332578,12
SAMEA112647504,12
SAMEA112961629,12
SAMEA114478744,12
SAMEA114520626,12
SAMEA114479435,12
SAMEA111351912,12
SAMEA111457445,12
SAMEA111351913,12
SAMEA104141705,12
SAMEA114479024,12
SAMEA114332575,12
SAMEA114309672,12
SAMEA114392735,12
SAMEA114478807,12
SAMEA114332638,12
SAMEA114332628,12
SAMEA114520640,12
SAMEA114346226,12
SAMEA114490016,12
SAMEA114211833,12
SAMEA104141939,12
SAMEA114520378,12
SAMEA112299479,12
SAMEA114520506,12
SAMEA114479359,12
SAMEA114332614,12
SAMEA114490153,12
SAMEA114332515,12
SAMEA114211896,12
SAMEA114212052,12
SAMEA114332609,12
SAMEA1026747,12
SAMEA114478999,12
SAMEA114490051,12
SAMEA112824204,12
SAMEA114346171,12
SAMEA112824229,12
SAMEA114332655,12
SAMEA104035432,12
SAMEA114442015,12
SAMEA114332624,12
SAMEA114490328,12
SAMEA104141646,12
SAMEA114332600,12
SAMEA114332599,12
SAMEA104035878,12
SAMEA114479033,12
SAMEA114479081,12
SAMEA114332562,12
SAMEA114332608,12
SAMEA114212252,12
SAMEA114346190,12
SAMEA114036812,12
SAMEA104034938,12
SAMEA114332753,12
SAMEA114478885,12
SAMEA114479203,12
SAMEA114212163,12
SAMEA114520313,12
SAMEA112299377,12
SAMEA114212192,12
SAMEA114332567,12
SAMEA114332790,12
SAMEA111351856,12
SAMEA114332647,12
SAMEA114332737,12
SAMEA104154685,12
SAMEA114332804,12
SAMEA114490120,12
SAMEA104154459,12
SAMEA10427947,12
SAMEA114332587,12
SAMEA114332544,12
SAMEA114229937,12
SAMEA114332605,12
SAMEA114332672,12
SAMEA114346238,12
SAMEA114408402,12
SAMEA114211747,12
SAMEA114332543,12
SAMEA104141522,12
SAMEA114332652,12
SAMEA114479330,12
SAMEA1020288,12
SAMEA114479529,12
SAMEA114479434,12
SAMEA114332627,12
SAMEA114332532,12
SAMEA114479547,12
SAMEA1020062,12
SAMEA104142024,12
SAMEA104154776,12
SAMEA114341922,12
SAMEA104035089,12
SAMEA114036761,12
SAMEA114332568,12
SAMEA112824247,12
SAMEA114332632,12
SAMEA114346032,12
SAMEA114332635,12
SAMEA112824098,12
SAMEA114441977,12
SAMEA114332770,12
SAMEA114441594,12
SAMEA114036747,12
SAMEA114332618,12
SAMEA114241793,12
SAMEA114479143,12
SAMEA10427954,12
SAMEA114346219,12
SAMEA114332561,12
SAMEA111457415,12
SAMEA104035447,12
SAMEA114211830,12
SAMEA114332610,12
SAMD00137664,12
SAMEA104035660,12
SAMEA114520581,12
SAMEA112824278,12
SAMEA114442063,12
SAMEA104034573,12
SAMEA114346194,12
SAMEA104154737,12
SAMEA114332761,12
SAMEA114520619,12
SAMEA104456443,12
SAMEA114346242,12
SAMEA114332533,12
SAMEA114332580,12
SAMEA114332617,12
SAMEA114326152,12
SAMEA104177243,12
SAMEA114313513,12
SAMEA114036824,12
SAMEA114326200,12
SAMEA112647411,12
SAMEA114228283,12
SAMEA104154627,12
SAMEA114332709,12
SAMEA114036653,12
SAMEA114211902,12
SAMEA114332479,12
SAMEA114346052,12
SAMEA114520678,12
SAMEA114332496,12
SAMEA114478734,12
SAMEA114479092,12
SAMEA114313505,12
SAMEA104035199,12
SAMEA10427293,12
SAMEA114479395,12
SAMEA114346218,12
SAMEA114479064,12
SAMEA114332744,12
SAMEA114332665,12
SAMEA114346054,12
SAMEA114345985,12
SAMEA114332767,12
SAMEA114332750,12
SAMEA1032612,12
SAMEA114332553,12
SAMEA114332588,12
SAMEA114479097,12
SAMEA114332789,12
SAMEA114212310,12
SAMEA114211931,12
SAMEA114490203,12
SAMEA114332687,12
SAMEA114036665,12
SAMEA114332693,12
SAMEA114479526,12
SAMEA112824201,12
SAMEA114332503,12
SAMEA111457358,12
SAMEA111457512,12
SAMEA114375771,12
SAMEA111351924,12
SAMEA104034761,12
SAMEA114332596,12
SAMEA114479327,12
SAMEA112299414,12
SAMEA114345983,12
SAMEA104034728,12
SAMEA114345873,12
SAMEA1032713,12
SAMEA104035741,12
SAMEA114332584,12
SAMEA114332564,12
SAMEA104154799,12
SAMEA104034812,12
SAMEA114479210,12
SAMEA114212332,12
SAMEA114332684,12
SAMEA114478868,12
SAMEA114520533,12
SAMEA104035198,12
SAMEA114332757,12
SAMEA114332716,12
SAMEA114332710,12
SAMEA114345968,12
SAMEA104035931,12
SAMEA114326173,12
SAMEA114332740,12
SAMEA114332695,12
SAMEA114490245,12
SAMEA111457417,12
SAMEA104456459,12
SAMEA114313234,12
SAMEA114332559,12
SAMEA114332542,12
SAMEA114313496,12
SAMEA114332705,12
SAMEA114332560,12
SAMEA114332607,12
SAMEA114241885,12
SAMEA104035880,12
SAMEA114332579,12
SAMEA114520524,12
SAMEA114479119,12
SAMEA114346090,12
SAMEA1032459,12
SAMEA114332660,12
SAMEA1026614,12
SAMEA114479449,12
SAMEA104141813,12
SAMEA112647529,12
SAMEA114375754,12
SAMEA114332536,12
SAMEA111457526,12
SAMEA114332573,12
SAMEA114332585,12
SAMEA114441687,12
SAMEA114332696,12
SAMEA114478819,12
SAMEA104142013,12
SAMEA114036626,12
SAMEA114211926,12
SAMEA114211893,12
SAMEA114346192,12
SAMEA114211942,12
SAMEA114520615,12
SAMEA104154786,12
SAMEA111441662,12
SAMEA112647562,12
SAMEA114332565,12
SAMEA114341913,12
SAMEA104177190,12
SAMEA114332708,12
SAMEA114276589,12
SAMEA114441268,12
SAMEA114332754,12
SAMEA114211920,12
SAMEA114341896,12
SAMEA114332792,12
SAMEA114346112,12
SAMEA114229902,12
SAMEA114520373,12
SAMEA114211715,12
SAMEA104141952,12
SAMEA1032742,12
SAMEA113533814,12
SAMEA114309466,12
SAMEA111441628,12
SAMEA114478781,12
SAMEA114520704,12
SAMEA114332649,12
SAMEA114212121,12
SAMEA114520667,12
SAMEA114332557,12
SAMEA1023986,12
SAMEA114479141,12
SAMEA114211973,12
SAMEA114490319,12
SAMEA114332581,12
SAMEA1026690,12
SAMEA104034588,12
SAMEA114489949,12
SAMEA104141745,12
SAMEA104141927,12
SAMEA114441915,12
SAMEA114490066,12
SAMEA114313515,12
SAMEA1033838,8
SAMEA104035154,8
SAMEA1033830,8
SAMEA114212143,8
SAMEA114326145,8
SAMEA10254649,8
SAMEA10254558,8
SAMEA104355988,8
SAMEA1033523,8
SAMEA104035275,8
SAMEA104355859,8
SAMEA114326394,8
SAMEA104355600,8
SAMEA114313264,8
SAMEA112824328,8
SAMEA114326098,8
SAMEA114326341,8
SAMEA104038623,8
SAMEA1033709,8
SAMEA10254724,8
SAMEA104035335,8
SAMEA104035530,8
SAMEA104154791,8
SAMEA104035400,8
SAMEA1033531,8
SAMEA1033795,8
SAMEA104035554,8
SAMEA114326329,8
SAMEA104035821,8
SAMEA10254527,8
SAMEA104355910,8
SAMEA104035225,8
SAMEA104154484,8
SAMEA104155056,8
SAMEA104034598,8
SAMEA1033703,8
SAMEA104035732,8
SAMEA112824339,8
SAMEA104035260,8
SAMEA1033906,8
SAMEA104155072,8
SAMEA1033866,8
SAMEA104035138,8
SAMEA10254905,8
SAMEA1033892,8
SAMEA104035243,8
SAMEA114441323,8
SAMEA104035167,8
SAMEA104355685,8
SAMEA104035407,8
SAMEA104035158,8
SAMEA104154996,8
SAMEA104035449,8
SAMEA1033530,8
SAMEA112889726,8
SAMEA1033961,8
SAMEA1033846,8
SAMEA114326371,8
SAMEA104035749,8
SAMEA1033689,8
SAMEA104035282,8
SAMEA104035360,8
SAMEA112653996,8
SAMEA10254704,8
SAMEA1033712,8
SAMEA114309418,8
SAMEA104035238,8
SAMEA104154854,8
SAMEA104154899,8
SAMEA104038590,8
SAMEA104355955,8
SAMEA104154818,8
SAMEA114309412,8
SAMEA104035246,8
SAMEA104035548,8
SAMEA104154790,8
SAMEA104355632,8
SAMEA114441545,8
SAMEA114313558,8
SAMEA104035293,8
SAMEA104154833,8
SAMEA1033918,8
SAMEA104035883,8
SAMEA113945437,8
SAMEA1028749,8
SAMEA104035418,8
SAMEA104355834,8
SAMEA1025444,8
SAMEA113533851,8
SAMEA104155037,8
SAMEA104035402,8
SAMEA104035430,8
SAMEA1034002,8
SAMEA1033879,8
SAMEA104035291,8
SAMEA104154989,8
SAMEA10254766,8
SAMEA1033809,8
SAMEA114313258,8
SAMEA1033670,8
SAMEA114313543,8
SAMEA104155099,8
SAMEA104155047,8
SAMEA1033968,8
SAMEA1033874,8
SAMEA114326248,8
SAMEA114392588,8
SAMEA1033884,8
SAMEA104035810,8
SAMEA1033701,8
SAMEA1033563,8
SAMEA104155036,8
SAMEA104038600,8
SAMEA104154493,8
SAMEA1033948,8
SAMEA104035915,8
SAMEA104355909,8
SAMEA104035645,8
SAMEA1033687,8
SAMEA104356047,8
SAMEA1033843,8
SAMEA10254926,8
SAMEA114326424,8
SAMEA114490177,8
SAMEA10254631,8
SAMEA104035284,8
SAMEA104355650,8
SAMEA1024805,8
SAMEA114036624,8
SAMEA104035730,8
SAMEA1033781,8
SAMEA10254746,8
SAMEA10254690,8
SAMEA1033688,8
SAMEA1033882,8
SAMEA104038618,8
SAMEA112824172,8
SAMEA104035750,8
SAMEA104035889,8
SAMEA104038551,8
SAMEA1033862,8
SAMEA1033806,8
SAMEA1023846,8
SAMEA104154812,8
SAMEA104035893,8
SAMEA114326156,8
SAMEA10254760,8
SAMEA104035702,8
SAMEA113533849,8
SAMEA1033668,8
SAMEA1029387,8
SAMEA1033821,8
SAMEA104035425,8
SAMEA104035637,8
SAMEA104035892,8
SAMEA1033695,8
SAMEA104038624,8
SAMEA104154977,8
SAMEA104154427,8
SAMEA104035420,8
SAMEA104155045,8
SAMEA1033733,8
SAMEA114326395,8
SAMEA104035161,8
SAMEA114441572,8
SAMEA1033764,8
SAMEA104035283,8
SAMEA1033575,8
SAMEA104155089,8
SAMEA104035454,8
SAMEA114326369,8
SAMEA104154882,8
SAMEA104035424,8
SAMEA103953423,8
SAMEA104154643,8
SAMEA1033987,8
SAMEA1033858,8
SAMEA104355925,8
SAMEA104035727,8
SAMEA1033683,8
SAMEA114326430,8
SAMEA104355980,8
SAMEA1033707,8
SAMEA1033778,8
SAMEA1033663,8
SAMEA1033761,8
SAMEA104035289,8
SAMEA104355971,8
SAMEA104035555,8
SAMEA104355945,8
SAMEA104035753,8
SAMEA114326386,8
SAMEA1033505,8
SAMEA1033833,8
SAMEA104355709,8
SAMEA104035740,8
SAMEA114326415,8
SAMEA1033890,8
SAMEA1033955,8
SAMEA1033595,8
SAMEA104154853,8
SAMEA1033849,8
SAMEA113533850,8
SAMEA104035412,8
SAMEA10254908,8
SAMEA1033780,8
SAMEA1033679,8
SAMEA1033894,8
SAMEA104035957,8
SAMEA104355676,8
SAMEA104155050,8
SAMEA104035526,8
SAMEA104035746,8
SAMEA104035385,8
SAMEA1024147,8
SAMEA103953495,8
SAMEA104035248,8
SAMEA104035404,8
SAMEA114326388,8
SAMEA104035820,8
SAMEA103953503,8
SAMEA10254526,8
SAMEA104035455,8
SAMEA104355895,8
SAMEA112824105,8
SAMEA104035399,8
SAMEA104035361,8
SAMEA1033994,8
SAMEA104154851,8
SAMEA104155065,8
SAMEA1033555,8
SAMEA104035728,8
SAMEA104035166,8
SAMEA1028865,8
SAMEA1033507,8
SAMEA104035294,8
SAMEA112824332,8
SAMEA103953605,8
SAMEA103953613,8
SAMEA103953502,8
SAMEA104035191,8
SAMEA104035267,8
SAMEA114375492,8
SAMEA1033571,8
SAMEA1033940,8
SAMEA1033636,8
SAMEA104035159,8
SAMEA1033510,8
SAMEA10254712,8
SAMEA104035345,8
SAMEA1033579,8
SAMEA104035137,8
SAMEA10254576,8
SAMEA104035908,8
SAMEA104035903,8
SAMEA1033791,8
SAMEA1033656,8
SAMEA1033910,8
SAMEA1033992,8
SAMEA104154869,8
SAMEA104154997,8
SAMEA104035721,8
SAMEA114441481,8
SAMEA114441766,8
SAMEA1033929,8
SAMEA1033735,8
SAMEA1033895,8
SAMEA104035752,8
SAMEA104155038,8
SAMEA1033513,8
SAMEA104355748,8
SAMEA104035234,8
SAMEA1033557,8
SAMEA114313539,8
SAMEA10254913,8
SAMEA104038578,8
SAMEA1033609,8
SAMEA104154978,8
SAMEA104154962,8
SAMEA1033831,8
SAMEA104035331,8
SAMEA1033527,8
SAMEA104154530,8
SAMEA1033986,8
SAMEA10254554,8
SAMEA1033522,8
SAMEA104035129,8
SAMEA1023822,8
SAMEA104355979,8
SAMEA114313551,8
SAMEA104035435,8
SAMEA104035315,8
SAMEA10254695,8
SAMEA114441566,8
SAMEA104035281,8
SAMEA104035904,8
SAMEA104355741,8
SAMEA104035140,8
SAMEA1023782,8
SAMEA104155070,8
SAMEA114326241,8
SAMEA1012471,8
SAMEA1033716,8
SAMEA104035280,8
SAMEA1033593,8
SAMEA1033539,8
SAMEA1033540,8
SAMEA104154982,8
SAMEA104035413,8
SAMEA104035276,8
SAMEA1033666,8
SAMEA104035252,8
SAMEA104035529,8
SAMEA104035379,8
SAMEA104035901,8
SAMEA114441965,8
SAMEA104035316,8
SAMEA1033692,8
SAMEA104035205,8
SAMEA1033715,8
SAMEA1023766,8
SAMEA1033619,8
SAMEA104154771,8
SAMEA1033807,8
SAMEA1033655,8
SAMEA112824107,8
SAMEA1033751,8
SAMEA104155061,8
SAMEA1033713,8
SAMEA104355921,8
SAMEA104355667,8
SAMEA114326133,18
SAMEA1020295,18
SAMEA114313538,18
SAMEA114313594,18
SAMEA1020150,18
SAMEA114088759,18
SAMEA1019963,18
SAMEA1020572,18
SAMEA114313561,18
SAMEA1020679,18
SAMEA104035815,18
SAMEA1026659,18
SAMEA112143476,18
SAMEA1019969,18
SAMEA114326271,18
SAMEA1020540,18
SAMEA1020820,18
SAMEA1020735,18
SAMEA112143511,18
SAMEA1020193,18
SAMEA1020571,18
SAMEA1020722,18
SAMEA1020320,18
SAMEA114326312,18
SAMEA112143510,18
SAMEA1020250,18
SAMEA1020581,18
SAMEA114326094,18
SAMEA112653991,18
SAMEA1020620,18
SAMEA114326396,18
SAMEA1020773,18
SAMEA114036855,18
SAMEA1020657,18
SAMEA1020440,18
SAMEA1020168,18
SAMEA1020492,18
SAMEA114088703,18
SAMEA1020358,18
SAMEA10427922,18
SAMEA114088779,18
SAMEA1020780,18
SAMEA1020574,18
SAMEA1020684,18
SAMEA1020404,18
SAMEA112299441,18
SAMEA1020796,18
SAMEA1020447,18
SAMEA1020744,18
SAMEA1020800,18
SAMEA1020219,18
SAMEA104035788,18
SAMEA1020756,18
SAMEA1020547,18
SAMEA1020176,18
SAMEA104038619,18
SAMEA1020105,18
SAMEA1020175,18
SAMEA114088648,18
SAMEA1020500,18
SAMEA1020172,18
SAMEA114326264,18
SAMEA114036766,18
SAMEA1020638,18
SAMEA1020770,18
SAMEA1020283,18
SAMEA1020721,18
SAMEA1020141,18
SAMEA1020861,18
SAMEA1020228,18
SAMEA114341886,18
SAMEA114346010,18
SAMEA1020752,18
SAMEA1020662,18
SAMEA1020217,18
SAMEA1020273,18
SAMEA1020348,18
SAMEA1020281,18
SAMEA114326376,18
SAMEA114211828,18
SAMEA1020649,18
SAMEA1026350,18
SAMEA114313242,18
SAMEA1020775,18
SAMEA1020576,18
SAMEA114478839,18
SAMEA1020379,18
SAMEA1020248,18
SAMEA1020716,18
SAMEA1020398,18
SAMEA1020642,18
SAMEA1020805,18
SAMEA1020595,18
SAMEA1020481,18
SAMEA114313606,18
SAMEA1020648,18
SAMEA1020749,18
SAMEA112654024,18
SAMEA1020479,18
SAMEA112824158,18
SAMEA114326303,18
SAMEA114341856,18
SAMEA1020808,18
SAMEA114211719,18
SAMEA114341800,18
SAMEA1020028,18
SAMEA114326398,18
SAMEA1019947,18
SAMEA114341875,18
SAMEA1020506,18
SAMEA114326305,18
SAMEA1020798,18
SAMEA1020761,18
SAMEA1020356,18
SAMEA112824288,18
SAMEA1020728,18
SAMEA114326282,18
SAMEA114326444,18
SAMEA1020308,18
SAMEA114345997,18
SAMEA1020315,18
SAMEA1020210,18
SAMEA1020732,18
SAMEA1020522,18
SAMEA1020239,18
SAMEA1026694,18
SAMEA1020854,18
SAMEA114326221,18
SAMEA1020116,18
SAMEA114326331,18
SAMEA1020148,18
SAMEA114313596,18
SAMEA114326202,18
SAMEA1020197,18
SAMEA114313250,18
SAMEA1020469,18
SAMEA1020007,18
SAMEA114088715,18
SAMEA1020740,18
SAMEA114211965,18
SAMEA112143508,18
SAMEA1020664,18
SAMEA1020708,18
SAMEA1020372,18
SAMEA1020821,18
SAMEA1020366,18
SAMEA1020154,18
SAMEA114326368,18
SAMEA1020161,18
SAMEA1020643,18
SAMEA1020298,18
SAMEA1020017,18
SAMEA104034665,18
SAMEA1020791,18
SAMEA1020853,18
SAMEA1020424,18
SAMEA114346025,18
SAMEA114326465,18
SAMEA1020353,18
SAMEA104035832,18
SAMEA1020498,18
SAMEA1020803,18
SAMEA1020194,18
SAMEA1020093,18
SAMEA114313582,18
SAMEA1020610,18
SAMEA1020220,18
SAMEA114326294,18
SAMEA1020491,18
SAMEA112143509,18
SAMEA112143513,18
SAMEA114211796,18
SAMEA114341885,18
SAMEA114326250,18
SAMEA1020304,18
SAMEA114326472,18
SAMEA1020665,18
SAMEA114088657,18
SAMEA112824175,18
SAMEA114326361,18
SAMEA114341869,18
SAMEA1020856,18
SAMEA114211798,18
SAMEA1020589,18
SAMEA114326228,18
SAMEA1020705,18
SAMEA1020786,18
SAMEA1020399,18
SAMEA1020626,18
SAMEA1020258,18
SAMEA1020644,18
SAMEA114212006,18
SAMEA1020313,18
SAMEA1020114,18
SAMEA1020089,18
SAMEA1020027,18
SAMEA114341808,18
SAMEA114326100,18
SAMEA1020617,18
SAMEA1020467,18
SAMEA1020829,18
SAMEA114309386,18
SAMEA114326280,18
SAMEA114326155,18
SAMEA114346187,18
SAMEA114313573,18
SAMEA114326126,18
SAMEA1020488,18
SAMEA1020580,18
SAMEA1020724,18
SAMEA1020393,18
SAMEA1019987,18
SAMEA112143487,18
SAMEA1020334,18
SAMEA1026597,18
SAMEA1020149,18
SAMEA1020834,18
SAMEA1020330,18
SAMEA114088710,18
SAMEA1020078,18
SAMEA1019976,18
SAMEA1020401,18
SAMEA114326281,18
SAMEA1020557,18
SAMEA114313500,18
SAMEA1020080,18
SAMEA114313392,18
SAMEA104035804,18
SAMEA1020816,18
SAMEA1020370,18
SAMEA1020290,18
SAMEA1020702,18
SAMEA114211944,18
SAMEA1020223,18
SAMEA114341891,18
SAMEA1020840,18
SAMEA1020130,18
SAMEA1020253,18
SAMEA1019990,18
SAMEA1020033,18
SAMEA1020127,18
SAMEA114313570,18
SAMEA1020384,18
SAMEA1020807,18
SAMEA1020713,18
SAMEA1020043,18
SAMEA1020512,18
SAMEA1020160,18
SAMEA1020570,18
SAMEA1020529,18
SAMEA112143507,18
SAMEA114088722,18
SAMEA1020633,18
SAMEA1019977,18
SAMEA114211752,18
SAMEA114313532,18
SAMEA1020850,18
SAMEA1020502,18
SAMEA1020514,18
SAMEA104411357,18
SAMEA1020751,18
SAMEA1020700,18
SAMEA114341899,18
SAMEA1020166,18
SAMEA1020262,18
SAMEA114341783,18
SAMEA1020601,18
SAMEA1020360,18
SAMEA114326251,18
SAMEA1020391,18
SAMEA1020799,18
SAMEA1020824,18
SAMEA114346018,18
SAMEA1020088,18
SAMEA1020489,18
SAMEA1020200,18
SAMEA114341868,18
SAMEA1020410,18
SAMEA1019957,18
SAMEA1020002,18
SAMEA1020709,18
SAMEA114326269,18
SAMEA114326211,18
SAMEA1020190,18
SAMEA1019989,18
SAMEA1020828,18
SAMEA114346208,18
SAMEA1020076,18
SAMEA1020548,18
SAMEA1020133,18
SAMEA1032689,18
SAMEA1020472,18
SAMEA1020566,18
SAMEA114326457,18
SAMEA113533863,18
SAMEA114341803,18
SAMEA112143468,18
SAMEA1020276,18
SAMEA114088780,18
SAMEA1020341,18
SAMEA113533834,18
SAMEA1020347,18
SAMEA114313616,18
SAMEA1020811,18
SAMEA1020277,18
SAMEA1020832,18
SAMEA1020335,18
SAMEA104035928,18
SAMEA1020338,18
SAMEA1020212,18
SAMEA114326233,18
SAMEA1020014,18
SAMEA1020701,18
SAMEA114088781,18
SAMEA1020394,18
SAMEA1020866,18
SAMEA1020782,18
SAMEA114326448,18
SAMEA1020434,18
SAMEA112143503,18
SAMEA1020536,18
SAMEA1020211,18
SAMEA1020616,18
SAMEA1020692,18
SAMEA1020546,18
SAMEA1020672,18
SAMEA114326455,18
SAMEA1020444,18
SAMEA114346233,18
SAMEA114479242,18
SAMEA114341873,18
SAMEA1020462,18
SAMEA1020428,18
SAMEA114341798,18
SAMEA1019953,18
SAMEA1020632,18
SAMEA114313160,18
SAMEA1020309,18
SAMEA1020647,18
SAMEA112960854,18
SAMEA1026479,18
SAMEA1020623,18
SAMEA1025523,18
SAMEA1020826,18
SAMEA1020454,18
SAMEA114326189,18
SAMEA1020135,18
SAMEA1020624,18
SAMEA1020077,18
SAMEA1020606,18
SAMEA114313540,18
SAMEA1019954,18
SAMEA1020858,18
SAMEA1020754,18
SAMEA1020260,18
SAMEA1020389,18
SAMEA1020818,18
SAMEA1020846,18
SAMEA1020741,18
SAMEA1020179,18
SAMEA1020806,18
SAMEA1020052,18
SAMEA114211781,18
SAMEA1019960,18
SAMEA104177210,18
SAMEA1020292,18
SAMEA1032602,18
SAMEA114313502,18
SAMEA1020534,18
SAMEA1020794,18
SAMEA114313537,18
SAMEA1020787,18
SAMEA1020207,18
SAMEA10427299,18
SAMEA104034563,18
SAMEA1020134,18
SAMEA1020760,18
SAMEA1020561,18
SAMEA1020181,18
SAMEA112143480,18
SAMEA112143469,18
SAMEA1020666,18
SAMEA1020301,18
SAMEA1020609,18
SAMEA114211720,18
SAMEA1020115,18
SAMEA1020374,18
SAMEA1020668,18
SAMEA1020306,18
SAMEA1020670,18
SAMEA1020477,18
SAMEA1020060,18
SAMEA1020174,18
SAMEA1020233,18
SAMEA1020381,18
SAMEA1020268,18
SAMEA1020655,18
SAMEA114211962,18
SAMEA1020685,18
SAMEA1026471,18
SAMEA1020090,18
SAMEA1020837,18
SAMEA114326249,18
SAMEA104455876,13
SAMEA110665281,13
SAMEA104456311,13
SAMEA114326231,13
SAMEA111457515,13
SAMEA104035771,13
SAMEA114313327,13
SAMEA10427244,13
SAMEA114326179,13
SAMEA114392747,13
SAMEA114313168,13
SAMEA114313165,13
SAMEA10254776,13
SAMEA1032474,13
SAMEA114326116,13
SAMEA111457354,13
SAMEA114346007,13
SAMEA104035895,13
SAMEA114346142,13
SAMEA114407979,13
SAMEA114341865,13
SAMEA104154974,13
SAMEA113533782,13
SAMEA10427821,13
SAMEA103953486,13
SAMEA114346177,13
SAMEA104177250,13
SAMEA104221941,13
SAMEA114313563,13
SAMEA104035765,13
SAMEA114313176,13
SAMEA104035304,13
SAMEA104455845,13
SAMEA114520340,13
SAMEA1033974,13
SAMEA114313343,13
SAMEA112889728,13
SAMEA114441421,13
SAMEA10254875,13
SAMEA104456385,13
SAMEA114313373,13
SAMEA103953413,13
SAMEA1032677,13
SAMEA111457458,13
SAMEA114326183,13
SAMEA114408190,13
SAMEA114326431,13
SAMEA1033740,13
SAMEA111351868,13
SAMEA114341773,13
SAMEA114212219,13
SAMEA114276549,13
SAMEA114345974,13
SAMEA114345973,13
SAMEA104456572,13
SAMEA1033548,13
SAMEA1032553,13
SAMEA104221980,13
SAMEA114479258,13
SAMEA110666101,13
SAMEA1033639,13
SAMEA114313404,13
SAMEA111457535,13
SAMEA114276778,13
SAMEA114326099,13
SAMEA114441243,13
SAMEA1032594,13
SAMEA104456098,13
SAMEA114309773,13
SAMEA114242249,13
SAMEA10427592,13
SAMEA114313185,13
SAMEA114341867,13
SAMEA104035917,13
SAMEA114346042,13
SAMEA104456221,13
SAMEA104035734,13
SAMEA10427237,13
SAMEA1032508,13
SAMEA114326327,13
SAMEA114341853,13
SAMEA1026389,13
SAMEA114346223,13
SAMEA114326439,13
SAMEA1022902,13
SAMEA114313186,13
SAMEA104035149,13
SAMEA104221944,13
SAMEA112824291,13
SAMEA114392574,13
SAMEA114441385,13
SAMEA111457396,13
SAMEA114326124,13
SAMEA104035725,13
SAMEA114313372,13
SAMEA114326382,13
SAMEA114326375,13
SAMEA114313607,13
SAMEA114326138,13
SAMEA114375324,13
SAMEA10427933,13
SAMEA1026647,13
SAMEA1032613,13
SAMEA104035183,13
SAMEA112889710,13
SAMEA104154633,13
SAMEA104035174,13
SAMEA1032711,13
SAMEA114375801,13
SAMEA1026637,13
SAMEA104155102,13
SAMEA104456535,13
SAMEA1022881,13
SAMEA111457355,13
SAMEA114313402,13
SAMEA112824243,13
SAMEA10427979,13
SAMEA114309376,13
SAMEA114313209,13
SAMEA104035870,13
SAMEA1026463,13
SAMEA10254621,13
SAMEA104456787,13
SAMEA104035962,13
SAMEA114313265,13
SAMEA114313267,13
SAMEA114313492,13
SAMEA104456125,13
SAMEA114309516,13
SAMEA114341855,13
SAMEA114441945,13
SAMEA114242000,13
SAMEA111351992,13
SAMEA114341898,13
SAMEA1032731,13
SAMEA103953462,13
SAMEA114313605,13
SAMEA114326214,13
SAMEA110665767,13
SAMEA114408463,13
SAMEA104035806,13
SAMEA114479466,13
SAMEA114441183,13
SAMEA104456582,13
SAMEA1022883,13
SAMEA114520587,13
SAMEA114242099,13
SAMEA114441227,13
SAMEA1032475,13
SAMEA114313222,13
SAMEA114341890,13
SAMEA112824353,13
SAMEA104177244,13
SAMEA114313319,13
SAMEA104456470,13
SAMEA104035251,13
SAMEA104154816,13
SAMEA114211873,13
SAMEA104154963,13
SAMEA114346196,13
SAMEA114309730,13
SAMEA10428065,13
SAMEA1032539,13
SAMEA114088646,13
SAMEA114441289,13
SAMEA114326374,13
SAMEA1032662,13
SAMEA114441997,13
SAMEA1032560,13
SAMEA104035856,13
SAMEA114392573,13
SAMEA114211784,13
SAMEA104035736,13
SAMEA114392863,13
SAMEA114313501,13
SAMEA104222029,13
SAMEA114375772,13
SAMEA10254925,13
SAMEA111457446,13
SAMEA110654374,13
SAMEA114313549,13
SAMEA114212155,13
SAMEA103953447,13
SAMEA104456071,13
SAMEA114408340,13
SAMEA112824230,13
SAMEA114341782,13
SAMEA114441122,13
SAMEA114313326,13
SAMEA114341779,13
SAMEA104035175,13
SAMEA103953472,13
SAMEA111351862,13
SAMEA114211799,13
SAMEA104456114,13
SAMEA104456630,13
SAMEA114407981,13
SAMEA114313332,13
SAMEA114408292,13
SAMEA114408212,13
SAMEA114313325,13
SAMEA104038627,13
SAMEA114408028,13
SAMEA114309780,13
SAMEA114341888,13
SAMEA114392842,13
SAMEA104456645,13
SAMEA111457366,13
SAMEA114441386,13
SAMEA104155104,13
SAMEA104456021,13
SAMEA114441459,13
SAMEA114212030,13
SAMEA112824103,13
SAMEA104154980,13
SAMEA104038626,13
SAMEA114326114,13
SAMEA114313208,13
SAMEA104155103,13
SAMEA114441933,13
SAMEA104455881,13
SAMEA10254903,13
SAMEA114441324,13
SAMEA1033696,13
SAMEA11305583,13
SAMEA104035932,13
SAMEA1032745,13
SAMEA104456386,13
SAMEA1032456,13
SAMEA104035809,13
SAMEA114326334,13
SAMEA1026809,13
SAMEA104038594,13
SAMEA1032493,13
SAMEA114309684,11
SAMEA10428014,11
SAMEA114407936,11
SAMEA114441336,11
SAMEA114392672,11
SAMEA114241936,11
SAMEA104035896,11
SAMEA104456876,11
SAMEA114520322,11
SAMEA114242132,11
SAMEA114408439,11
SAMEA104456543,11
SAMEA1026807,11
SAMEA114408277,11
SAMEA104222002,11
SAMEA114375557,11
SAMEA104035578,11
SAMEA1026336,11
SAMEA1033646,11
SAMEA104035253,11
SAMEA104035103,11
SAMEA104154694,11
SAMEA104456850,11
SAMEA114441126,11
SAMEA104456476,11
SAMEA114408422,11
SAMEA104034641,11
SAMEA104034710,11
SAMEA10427945,11
SAMEA1026317,11
SAMEA104455992,11
SAMEA104456366,11
SAMEA114241790,11
SAMEA111352138,11
SAMEA114212132,11
SAMEA104221995,11
SAMEA104177296,11
SAMEA1026573,11
SAMEA104034729,11
SAMEA114241937,11
SAMEA114242303,11
SAMEA104035369,11
SAMEA104456525,11
SAMEA104035211,11
SAMEA114441141,11
SAMEA114345879,11
SAMEA10427516,11
SAMEA10428019,11
SAMEA104035125,11
SAMEA1026544,11
SAMEA114211812,11
SAMEA114309464,11
SAMEA104456605,11
SAMEA111352033,11
SAMEA114309807,11
SAMEA114212013,11
SAMEA114241976,11
SAMEA111351790,11
SAMEA114392766,11
SAMEA10427891,11
SAMEA104034522,11
SAMEA104456568,11
SAMEA104456002,11
SAMEA114408448,11
SAMEA114479333,11
SAMEA104034689,11
SAMEA104456448,11
SAMEA114242023,11
SAMEA1026675,11
SAMEA111351907,11
SAMEA114408112,11
SAMEA114408116,11
SAMEA111352062,11
SAMEA104456440,11
SAMEA1026394,11
SAMEA111352044,11
SAMEA111351930,11
SAMEA114309693,11
SAMEA102195418,11
SAMEA114392719,11
SAMEA114441612,11
SAMEA114242356,11
SAMEA114441530,11
SAMEA104456607,11
SAMEA114441333,11
SAMEA114276661,11
SAMEA111351959,11
SAMEA104456457,11
SAMEA114407969,11
SAMEA111351945,11
SAMEA104221994,11
SAMEA10427850,11
SAMEA114276546,11
SAMEA111351873,11
SAMEA104034987,11
SAMEA104456578,11
SAMEA104456133,11
SAMEA114408153,11
SAMEA111441663,11
SAMEA114490096,11
SAMEA104034692,11
SAMEA10427102,11
SAMEA114313390,11
SAMEA114408388,11
SAMEA104456447,11
SAMEA104177329,11
SAMEA114441273,11
SAMEA111351770,11
SAMEA114088610,11
SAMEA104456859,11
SAMEA114212015,11
SAMEA104456774,11
SAMEA114211879,11
SAMEA114441185,11
SAMEA111351830,11
SAMEA10428040,11
SAMEA114242196,11
SAMEA10254550,11
SAMEA104035927,11
SAMEA104034842,11
SAMEA114212101,11
SAMEA112299349,11
SAMEA114375807,11
SAMEA104456894,11
SAMEA114441726,11
SAMEA104034607,11
SAMEA104035950,11
SAMEA10254734,11
SAMEA111351961,11
SAMEA104034530,11
SAMEA112647410,11
SAMEA114313460,11
SAMEA104456646,11
SAMEA114241826,11
SAMEA104456433,11
SAMEA114309631,11
SAMEA10427459,11
SAMEA114375337,11
SAMEA114478993,11
SAMEA104035229,11
SAMEA114441426,11
SAMEA104034694,11
SAMEA114408269,11
SAMEA104034960,11
SAMEA104456727,11
SAMEA104455832,11
SAMEA114463235,11
SAMEA104034887,11
SAMEA104222015,11
SAMEA104455776,11
SAMEA104035144,11
SAMEA104456773,11
SAMEA114520725,11
SAMEA104456851,11
SAMEA114242310,11
SAMEA114441414,11
SAMEA114309520,11
SAMEA104456546,11
SAMEA104034784,11
SAMEA104034545,11
SAMEA114276611,11
SAMEA114441750,11
SAMEA114241973,11
SAMEA104035309,11
SAMEA1026515,11
SAMEA114478824,11
SAMEA114441701,11
SAMEA104034823,11
SAMEA104456690,11
SAMEA104222007,11
SAMEA114276690,11
SAMEA104456124,11
SAMEA104456229,11
SAMEA1026819,11
SAMEA104456475,11
SAMEA10427899,11
SAMEA114241956,11
SAMEA114392649,11
SAMEA114408177,11
SAMEA104035343,11
SAMEA114375555,11
SAMEA104177269,11
SAMEA114241999,11
SAMEA114490024,11
SAMEA104035024,11
SAMEA1026752,11
SAMEA104455988,11
SAMEA113447766,11
SAMEA114309778,11
SAMEA104154367,11
SAMEA114408064,11
SAMEA114392824,11
SAMEA104456340,11
SAMEA114520370,11
SAMEA104034818,11
SAMEA104035639,11
SAMEA114375507,11
SAMEA104035083,11
SAMEA114441137,11
SAMEA111351968,11
SAMEA114241856,11
SAMEA111457370,11
SAMEA102170668,11
SAMEA114276641,11
SAMEA104035516,11
SAMEA114313284,11
SAMEA114441298,11
SAMEA104034931,11
SAMEA104456688,11
SAMEA114276588,11
SAMEA1026825,11
SAMEA1026426,11
SAMEA111441671,11
SAMEA114441478,11
SAMEA104456709,11
SAMEA111352068,11
SAMEA112647586,11
SAMEA111352144,11
SAMEA104456200,11
SAMEA104456442,11
SAMEA114346109,11
SAMEA114407873,11
SAMEA114408261,11
SAMEA111351842,11
SAMEA104034748,11
SAMEA114228337,11
SAMEA114392750,11
SAMEA114407878,11
SAMEA114309779,11
SAMEA104035533,11
SAMEA104456614,11
SAMEA104456885,11
SAMEA114242148,11
SAMEA1026751,11
SAMEA114309718,11
SAMEA10427082,11
SAMEA114442027,11
SAMEA10427134,11
SAMEA104177360,11
SAMEA114392647,11
SAMEA114228266,11
SAMEA111351983,11
SAMEA111352051,11
SAMEA114309505,11
SAMEA114375330,11
SAMEA114276701,11
SAMEA114211748,11
SAMEA111441625,11
SAMEA114490379,11
SAMEA114345871,11
SAMEA114392698,11
SAMEA1026392,11
SAMEA1026410,11
SAMEA1026531,11
SAMEA114520693,11
SAMEA111352151,11
SAMEA102193168,11
SAMEA10254537,11
SAMEA114309756,11
SAMEA114212314,11
SAMEA114375558,11
SAMEA104035063,11
SAMEA114313504,11
SAMEA104456863,11
SAMEA104456005,11
SAMEA114441795,11
SAMEA104456474,11
SAMEA114242213,11
SAMEA114408499,11
SAMEA104456809,11
SAMEA114242028,11
SAMEA104035081,11
SAMEA104034594,11
SAMEA114242179,11
SAMEA111351805,11
SAMEA104456020,11
SAMEA1026341,11
SAMEA10427610,11
SAMEA114407897,11
SAMEA114490181,11
SAMEA111441632,11
SAMEA104456679,11
SAMEA104034880,11
SAMEA114276659,11
SAMEA1026334,11
SAMEA114276642,11
SAMEA111351817,11
SAMEA114276558,11
SAMEA104456618,11
SAMEA111352108,11
SAMEA104455811,11
SAMEA104456704,11
SAMEA114375465,11
SAMEA1026494,11
SAMEA114242177,11
SAMEA114408391,11
SAMEA104034883,11
SAMEA114375811,11
SAMEA114392731,11
SAMEA111351877,11
SAMEA1026777,11
SAMEA114212085,11
SAMEA114345936,11
SAMEA103953412,11
SAMEA114211930,11
SAMEA104455790,11
SAMEA114490182,11
SAMEA111351777,11
SAMEA10427095,11
SAMEA104456760,11
SAMEA114392684,11
SAMEA114276689,11
SAMEA104034693,11
SAMEA114392721,11
SAMEA114228321,11
SAMEA114211940,11
SAMEA114211935,11
SAMEA114241843,11
SAMEA104034633,11
SAMEA104034829,11
SAMEA104456825,11
SAMEA114211947,11
SAMEA114211919,11
SAMEA10427264,11
SAMEA114345960,11
SAMEA114276556,11
SAMEA104455957,11
SAMEA104034819,11
SAMEA104456753,11
SAMEA104456673,11
SAMEA1026631,11
SAMEA104455925,11
SAMEA104456838,11
SAMEA104034999,11
SAMEA114407912,11
SAMEA104154698,11
SAMEA104154669,11
SAMEA10427276,11
SAMEA104035233,11
SAMEA104456687,11
SAMEA114441398,11
SAMEA104035429,11
SAMEA10427780,14
SAMEA112486068,14
SAMEA1020449,14
SAMEA1026666,14
SAMEA1020443,14
SAMEA112486120,14
SAMEA1020357,14
SAMEA112486527,14
SAMEA112824122,14
SAMEA114228265,14
SAMD00085779,14
SAMEA1029389,14
SAMEA104038611,14
SAMEA1020526,14
SAMEA10427280,14
SAMEA112486516,14
SAMEA104456588,14
SAMEA104035772,14
SAMEA114036669,14
SAMEA1020256,14
SAMEA110666175,14
SAMEA112485908,14
SAMEA112485835,14
SAMEA1025747,14
SAMEA112486777,14
SAMEA1032430,14
SAMEA104455989,14
SAMEA112486105,14
SAMEA112486383,14
SAMEA10427006,14
SAMEA112960733,14
SAMEA1020396,14
SAMEA1024919,14
SAMEA112486333,14
SAMEA104456759,14
SAMEA1020743,14
SAMEA104456365,14
SAMEA104456691,14
SAMEA1019946,14
SAMEA104456049,14
SAMEA112485842,14
SAMEA114036689,14
SAMEA10427361,14
SAMEA1020364,14
SAMEA114341912,14
SAMEA112486543,14
SAMEA104456376,14
SAMEA112486172,14
SAMEA112960740,14
SAMEA114490007,14
SAMEA104456675,14
SAMEA112486479,14
SAMEA114442061,14
SAMEA1020099,14
SAMEA112485973,14
SAMEA104455930,14
SAMEA112486386,14
SAMEA112960786,14
SAMEA1020505,14
SAMEA1026180,14
SAMEA104456374,14
SAMEA1020712,14
SAMEA10427868,14
SAMEA114036698,14
SAMEA110665090,14
SAMEA10427334,14
SAMEA112960690,14
SAMEA10427338,14
SAMEA10427877,14
SAMEA112960738,14
SAMEA110665798,14
SAMEA112824143,14
SAMEA1020279,14
SAMEA112486231,14
SAMEA1026140,14
SAMEA104456806,14
SAMEA112486620,14
SAMEA1029285,14
SAMEA104456253,14
SAMEA111457401,14
SAMEA104455947,14
SAMEA112486186,14
SAMEA1020582,14
SAMEA1020719,14
SAMEA104456454,14
SAMEA1020236,14
SAMEA112960914,14
SAMEA112486115,14
SAMEA104141846,14
SAMEA112486432,14
SAMEA1020501,14
SAMEA114036797,14
SAMEA112824177,14
SAMEA114309799,14
SAMEA114490342,14
SAMEA1020407,14
SAMEA114309702,14
SAMEA1020221,14
SAMEA1032535,14
SAMEA112960727,14
SAMEA1020246,14
SAMEA112889695,14
SAMEA112486695,14
SAMEA114309514,14
SAMEA112486534,14
SAMEA104456537,14
SAMEA1020446,14
SAMEA10427296,14
SAMEA114228326,14
SAMEA112486086,14
SAMEA1032600,14
SAMEA104456309,14
SAMEA112960753,14
SAMEA114036928,14
SAMEA114309825,14
SAMEA104456791,14
SAMEA1020694,14
SAMEA1020594,14
SAMEA104035474,14
SAMEA112960772,14
SAMEA104035406,14
SAMEA104035426,14
SAMEA112485978,14
SAMEA114211826,14
SAMEA1020739,14
SAMEA114490341,14
SAMEA112486393,14
SAMEA112960732,14
SAMEA1020111,14
SAMEA1020157,14
SAMEA1020209,14
SAMEA112486477,14
SAMEA1020369,14
SAMEA104456698,14
SAMEA104456242,14
SAMEA10427532,14
SAMEA1019991,14
SAMEA104455858,14
SAMEA112486600,14
SAMEA112960719,14
SAMEA1028614,14
SAMEA112960885,14
SAMEA114036900,14
SAMEA112486802,14
SAMEA10427097,14
SAMEA112960863,14
SAMEA114490352,14
SAMEA114326206,14
SAMEA112485944,14
SAMEA10427778,14
SAMEA1020429,14
SAMEA112485822,14
SAMEA104456154,14
SAMEA114036793,14
SAMEA1020714,14
SAMEA1026097,14
SAMEA112824306,14
SAMEA114036798,14
SAMEA114242137,14
SAMEA114242193,14
SAMEA112485918,14
SAMEA114036815,14
SAMEA112486436,14
SAMEA112486004,14
SAMEA112486395,14
SAMEA1020470,14
SAMEA10427161,14
SAMEA112486485,14
SAMEA112960665,14
SAMEA112960696,14
SAMEA10427311,14
SAMEA112960768,14
SAMEA112486381,14
SAMEA112960892,14
SAMEA114276620,14
SAMEA110665576,14
SAMEA112486452,14
SAMEA112824244,14
SAMEA112486750,14
SAMEA104456544,14
SAMEA114442057,14
SAMEA114036816,14
SAMEA1020251,14
SAMEA114212315,14
SAMEA1020183,14
SAMEA112960746,14
SAMEA1025901,14
SAMEA112486305,14
SAMEA114276553,14
SAMEA114309719,14
SAMEA112960747,14
SAMEA1020815,14
SAMEA104456625,14
SAMEA112486035,14
SAMEA10254870,14
SAMEA1025782,14
SAMEA104456642,14
SAMEA112824126,14
SAMEA112486716,14
SAMEA112486160,14
SAMEA114036919,14
SAMEA104154625,14
SAMEA114441814,14
SAMEA104456036,14
SAMEA112486275,14
SAMEA112960743,14
SAMEA112486434,14
SAMEA104455822,14
SAMEA112889724,14
SAMEA1020530,14
SAMEA10427663,14
SAMEA104456775,14
SAMEA104141961,14
SAMEA104455863,14
SAMEA1025694,14
SAMEA1025753,14
SAMEA113533790,14
SAMEA104456557,14
SAMEA1020087,14
SAMEA104456498,14
SAMEA112485866,14
SAMEA104456012,22
SAMEA114345916,22
SAMEA104456896,22
SAMEA104456320,22
SAMEA114242336,22
SAMEA114309687,22
SAMEA114309471,22
SAMEA114309561,22
SAMEA114375307,22
SAMEA114309472,22
SAMEA104456322,22
SAMEA114375592,22
SAMEA104456027,22
SAMEA104403638,22
SAMEA102233668,22
SAMEA114242293,22
SAMEA114276799,22
SAMEA114309701,22
SAMEA104456216,22
SAMEA114241934,22
SAMEA114383194,22
SAMEA104456363,22
SAMEA104222022,22
SAMEA1033719,22
SAMEA104455836,22
SAMEA114309590,22
SAMEA114375628,22
SAMEA114375603,22
SAMEA10428025,22
SAMEA114375820,22
SAMEA104154328,22
SAMEA114241888,22
SAMEA114345955,22
SAMEA114375542,22
SAMEA114375444,22
SAMEA104456203,22
SAMEA104456317,22
SAMEA104456086,22
SAMEA10428089,22
SAMEA114276807,22
SAMEA114276651,22
SAMEA114242021,22
SAMEA102225418,22
SAMEA114375665,22
SAMEA114309507,22
SAMEA104455995,22
SAMEA114375469,22
SAMEA114242034,22
SAMEA114345872,22
SAMEA114242292,22
SAMEA1094433,22
SAMEA114345909,22
SAMEA104456031,22
SAMEA114309583,22
SAMEA114276746,22
SAMEA114375301,22
SAMEA114241978,22
SAMEA114309367,22
SAMEA114276639,22
SAMEA114345958,22
SAMEA10427659,22
SAMEA114242269,22
SAMEA10428024,22
SAMEA114241848,22
SAMEA114242325,22
SAMEA110665974,22
SAMEA110666087,22
SAMEA10427471,22
SAMEA114309604,22
SAMEA114375513,22
SAMEA114345889,22
SAMEA114241948,22
SAMEA114375609,22
SAMEA114242001,22
SAMEA104154337,22
SAMEA104154342,22
SAMEA114375300,22
SAMEA102267418,22
SAMEA102236668,22
SAMEA102244168,22
SAMEA104456226,22
SAMEA104456661,22
SAMEA104221951,22
SAMEA114375634,22
SAMEA114309664,22
SAMEA114375604,22
SAMEA114309548,22
SAMEA114309724,22
SAMEA114309758,22
SAMEA114242302,22
SAMEA114375738,22
SAMEA10427356,22
SAMEA114241851,22
SAMEA114228309,22
SAMEA104456361,22
SAMEA114375723,22
SAMEA114309794,22
SAMEA114375498,22
SAMEA104154395,22
SAMEA114345945,22
SAMEA114375714,22
SAMEA114241909,22
SAMEA114242088,22
SAMEA102288418,22
SAMEA104154487,22
SAMEA114242128,22
SAMEA114309509,22
SAMEA114375294,22
SAMEA114345927,22
SAMEA114242313,22
SAMEA114375331,22
SAMEA114242054,22
SAMEA114242205,22
SAMEA114375321,22
SAMEA114345884,22
SAMEA114276808,22
SAMEA104456312,22
SAMEA104154354,22
SAMEA110129243,22
SAMEA114242300,22
SAMEA104456624,22
SAMEA114242117,22
SAMEA114242019,22
SAMEA114375332,22
SAMEA114309488,22
SAMEA104456641,22
SAMEA114375303,22
SAMEA104456604,22
SAMEA114241767,22
SAMEA110666026,22
SAMEA104456397,22
SAMEA114375506,22
SAMEA114309575,22
SAMEA114276776,22
SAMEA104455923,22
SAMEA104154358,22
SAMEA104456367,22
SAMEA10427240,22
SAMEA102260668,22
SAMEA104455985,22
SAMEA104456435,22
SAMEA102137668,22
SAMEA1033574,22
SAMEA114228305,22
SAMEA102129418,22
SAMEA104456296,22
SAMEA104455979,22
SAMEA104456295,22
SAMEA114375552,22
SAMEA114309826,22
SAMEA114375481,22
SAMEA104455792,22
SAMEA111378903,22
SAMEA114276660,22
SAMEA114276633,22
SAMEA114375821,22
SAMEA114309770,22
SAMEA104455894,22
SAMEA10428050,22
SAMEA114309812,22
SAMEA104456429,22
SAMEA114375607,22
SAMEA114375704,22
SAMEA114375516,22
SAMEA114276711,22
SAMEA114375298,22
SAMEA114242119,22
SAMEA114276663,22
SAMEA104154516,22
SAMEA110665292,22
SAMEA114276699,22
SAMEA114309589,22
SAMEA114309750,22
SAMEA114242124,22
SAMEA114309654,22
SAMEA10427300,22
SAMEA114228312,22
SAMEA104456717,22
SAMEA114375318,22
SAMEA114241788,22
SAMEA114345900,22
SAMEA114241891,22
SAMEA114375721,22
SAMEA114276625,22
SAMEA1094448,22
SAMEA114375706,22
SAMEA102252418,22
SAMEA114375810,22
SAMEA114241910,22
SAMEA104456057,22
SAMEA104456159,22
SAMEA104456170,22
SAMEA104456232,22
SAMEA114375685,22
SAMEA104456276,22
SAMEA10427499,22
SAMEA104455760,22
SAMEA114241939,22
SAMEA110665765,22
SAMEA114375304,22
SAMEA104456700,22
SAMEA114309723,22
SAMEA114375341,22
SAMEA1033908,22
SAMEA104456663,22
SAMEA104455808,22
SAMEA110129214,22
SAMEA102136918,22
SAMEA114309476,22
SAMEA114375278,22
SAMEA114345957,22
SAMEA114242308,22
SAMEA114375439,22
SAMEA104455814,22
SAMEA114375615,22
SAMEA114345917,22
SAMEA114383193,22
SAMEA10427923,22
SAMEA104456054,22
SAMEA104455980,22
SAMEA114242178,22
SAMEA110665893,22
SAMEA114228317,22
SAMEA114375309,22
SAMEA104456657,22
SAMEA114241745,22
SAMEA110129245,22
SAMEA1033990,22
SAMEA114242017,22
SAMEA114375394,22
SAMEA114375329,22
SAMEA104455875,22
SAMEA114375445,22
SAMEA114375424,22
SAMEA114276649,22
SAMEA114241801,22
SAMEA114309634,22
SAMEA114309655,22
SAMEA114345894,22
SAMEA114242367,22
SAMEA114309707,22
SAMEA114242299,22
SAMEA104456402,22
SAMEA114276804,22
SAMEA104455764,22
SAMEA114309658,22
SAMEA114241963,22
SAMEA111378875,22
SAMEA114309503,22
SAMEA114375562,22
SAMEA114375578,22
SAMEA114242050,22
SAMEA114241864,22
SAMEA114375383,22
SAMEA114241970,22
SAMEA104456330,22
SAMEA114375466,22
SAMEA114375692,22
SAMEA114375284,22
SAMEA114375317,22
SAMEA111378869,22
SAMEA114309752,22
SAMEA114375540,22
SAMEA114375617,22
SAMEA114242355,22
SAMEA10427312,22
SAMEA1022829,17
SAMEA114242159,17
SAMEA104456745,17
SAMEA10427262,17
SAMEA104456844,17
SAMEA114276627,17
SAMEA10428079,17
SAMEA104222031,17
SAMEA104456335,17
SAMEA10427889,17
SAMEA114241887,17
SAMEA10428059,17
SAMEA114309550,17
SAMEA1033835,17
SAMEA104456768,17
SAMEA104456529,17
SAMEA10427993,17
SAMEA10427257,17
SAMEA10427928,17
SAMEA104456338,17
SAMEA104221982,17
SAMEA104456519,17
SAMEA10427955,17
SAMEA10427136,17
SAMEA112299344,17
SAMEA110665930,17
SAMEA104456451,17
SAMEA10428099,17
SAMEA114241877,17
SAMEA10427893,17
SAMEA104456082,17
SAMEA1033784,17
SAMEA104456463,17
SAMEA114242020,17
SAMEA104221985,17
SAMEA104221960,17
SAMEA104221970,17
SAMEA104456621,17
SAMEA114309793,17
SAMEA104456524,17
SAMEA114242031,17
SAMEA104456726,17
SAMEA10428082,17
SAMEA104456847,17
SAMEA104222018,17
SAMEA10427305,17
SAMEA10427894,17
SAMEA110665999,17
SAMEA104455830,17
SAMEA10427925,17
SAMEA110664889,17
SAMEA1033958,17
SAMEA110666091,17
SAMEA104456765,17
SAMEA104456350,17
SAMEA104456603,17
SAMEA104456669,17
SAMEA10427962,17
SAMEA104456872,17
SAMEA104456278,17
SAMEA104455817,17
SAMEA104456181,17
SAMEA104456441,17
SAMEA10427359,17
SAMEA104456188,17
SAMEA10427113,17
SAMEA104456597,17
SAMEA10427099,17
SAMEA114309551,17
SAMEA110664881,17
SAMEA104456764,17
SAMEA10427683,17
SAMEA1033779,17
SAMEA104034846,17
SAMEA10427239,17
SAMEA10427840,17
SAMEA10427086,17
SAMEA114345907,17
SAMEA104221971,17
SAMEA10427065,17
SAMEA10427100,17
SAMEA114309820,17
SAMEA110664966,17
SAMEA104456718,17
SAMEA104222020,17
SAMEA10427903,17
SAMEA10427710,17
SAMEA111352101,17
SAMEA10427941,17
SAMEA104456565,17
SAMEA10427948,17
SAMEA104455999,17
SAMEA1033757,17
SAMEA114242095,17
SAMEA10427118,17
SAMEA104456589,17
SAMEA10427912,17
SAMEA104455859,17
SAMEA104456815,17
SAMEA104456517,17
SAMEA10427916,17
SAMEA104221997,17
SAMEA104456596,17
SAMEA104456692,17
SAMEA104221968,17
SAMEA10427112,17
SAMEA104456861,17
SAMEA114345959,17
SAMEA104222017,17
SAMEA104034754,17
SAMEA104221972,17
SAMEA10427259,17
SAMEA104456804,17
SAMEA104222000,17
SAMEA104455788,17
SAMEA110666148,17
SAMEA104456810,17
SAMEA1033543,17
SAMEA1033594,17
SAMEA104456533,17
SAMEA10427289,17
SAMEA10427995,17
SAMEA10427623,17
SAMEA104456622,17
SAMEA10427900,17
SAMEA104455896,17
SAMEA104456540,17
SAMEA110665792,17
SAMEA10427926,17
SAMEA104034782,17
SAMEA104456081,17
SAMEA110665759,17
SAMEA10427911,17
SAMEA10427917,17
SAMEA104456430,17
SAMEA114309661,17
SAMEA1033793,17
SAMEA104456818,17
SAMEA104456446,17
SAMEA10428073,17
SAMEA112299506,17
SAMEA10427088,17
SAMEA10427071,17
SAMEA104455889,17
SAMEA104456343,17
SAMEA112647439,17
SAMEA10427573,17
SAMEA10427166,17
SAMEA1033851,17
SAMEA112299350,17
SAMEA104456609,17
SAMEA1012629,17
SAMEA104456703,17
SAMEA104455937,17
SAMEA104221964,17
SAMEA104456770,17
SAMEA104456800,17
SAMEA104456684,17
SAMEA104456747,17
SAMEA10427231,17
SAMEA10427930,17
SAMEA104034717,17
SAMEA104455805,17
SAMEA104456839,17
SAMEA104456866,17
SAMEA110665374,17
SAMEA110665769,17
SAMEA104456620,17
SAMEA114276634,17
SAMEA10428071,17
SAMEA104456511,17
SAMEA114276779,21
SAMEA114242320,21
SAMEA114242297,21
SAMEA114276748,21
SAMEA114345926,21
SAMEA114242046,21
SAMEA114241865,21
SAMEA114242252,21
SAMEA114242283,21
SAMEA114241898,21
SAMEA114276766,21
SAMEA114276791,21
SAMEA114276782,21
SAMEA114309534,21
SAMEA114241995,21
SAMEA104456480,21
SAMEA114276738,21
SAMEA114242033,21
SAMEA114375667,21
SAMEA114241925,21
SAMEA114241859,21
SAMEA114276600,21
SAMEA114242271,21
SAMEA110654379,21
SAMEA110666042,21
SAMEA114241953,21
SAMEA104456458,21
SAMEA114241834,21
SAMEA114242192,21
SAMEA114241871,21
SAMEA114345930,21
SAMEA110665388,21
SAMEA110666135,21
SAMEA114242077,21
SAMEA1033727,21
SAMEA114276760,21
SAMEA104456830,21
SAMEA114375585,21
SAMEA114375432,21
SAMEA104456373,21
SAMEA114309489,21
SAMEA114276578,21
SAMEA114242169,21
SAMEA10427793,21
SAMEA104456085,21
SAMEA1094459,21
SAMEA114242181,21
SAMEA1094456,21
SAMEA114375683,21
SAMEA110665924,21
SAMEA114276561,21
SAMEA110666057,21
SAMEA114242004,21
SAMEA110665949,21
SAMEA114276636,21
SAMEA110665958,21
SAMEA114242294,21
SAMEA114276812,21
SAMEA114241739,21
SAMEA110654376,21
SAMEA114242180,21
SAMEA114276596,21
SAMEA104456832,21
SAMEA104456699,21
SAMEA114276564,21
SAMEA114241754,21
SAMEA114276814,21
SAMEA114345875,21
SAMEA1033837,21
SAMEA114309362,21
SAMEA114242238,21
SAMEA114242207,21
SAMEA114375814,21
SAMEA114345905,21
SAMEA114241828,21
SAMEA114276562,21
SAMEA104455984,21
SAMEA110666032,21
SAMEA1094445,21
SAMEA114276652,21
SAMEA1033956,21
SAMEA114375305,21
SAMEA110665077,21
SAMEA104455850,21
SAMEA114375618,21
SAMEA10427350,21
SAMEA114345887,21
SAMEA114309531,21
SAMEA1033592,21
SAMEA114242075,21
SAMEA114345921,21
SAMEA114241991,21
SAMEA114375662,21
SAMEA110666103,21
SAMEA10427073,21
SAMEA114276818,21
SAMEA114345911,21
SAMEA114276565,21
SAMEA110665324,21
SAMEA110666166,21
SAMEA1094439,21
SAMEA104456428,21
SAMEA1034001,21
SAMEA1033561,21
SAMEA114242206,21
SAMEA1033553,21
SAMEA10427255,21
SAMEA114276552,21
SAMEA1094436,21
SAMEA114276793,21
SAMEA114276798,21
SAMEA114345962,21
SAMEA114242162,21
SAMEA110665340,21
SAMEA114309517,21
SAMEA114241946,21
SAMEA114242230,21
SAMEA114241759,21
SAMEA10427126,21
SAMEA114309535,21
SAMEA114345883,21
SAMEA114276595,21
SAMEA114309492,21
SAMEA114241949,21
SAMEA110654378,21
SAMEA104456569,21
SAMEA104456199,21
SAMEA114276598,21
SAMEA110666048,21
SAMEA114375745,21
SAMEA114228325,21
SAMEA114242338,21
SAMEA104456099,21
SAMEA114242316,21
SAMEA114276773,21
SAMEA114309465,21
SAMEA10427370,21
SAMEA114241931,21
SAMEA114345910,21
SAMEA114276656,21
SAMEA10428093,21
SAMEA10427795,21
SAMEA114242335,21
SAMEA114242055,21
SAMEA1094464,21
SAMEA110666137,21
SAMEA114241904,21
SAMEA114242186,21
SAMEA114276797,21
SAMEA104455802,21
SAMEA114375670,21
SAMEA114276621,21
SAMEA1033560,21
SAMEA110666027,21
SAMEA114276783,21
SAMEA1094430,21
SAMEA104456643,21
SAMEA114241870,21
SAMEA114241941,21
SAMEA112184087,21
SAMEA114241968,21
SAMEA114241951,21
SAMEA114241918,21
SAMEA114276568,21
SAMEA114242087,21
SAMEA10427159,21
SAMEA114241846,21
SAMEA114242154,21
SAMEA114242243,21
SAMEA114276580,21
SAMEA114242082,21
SAMEA114242136,21
SAMEA114242232,21
SAMEA114276555,21
SAMEA114276736,21
SAMEA114345895,21
SAMEA114276805,21
SAMEA114228320,21
SAMEA114242131,21
SAMEA110666038,21
SAMEA114241835,21
SAMEA114375464,21
SAMEA114309728,21
SAMEA114242218,21
SAMEA114241820,21
SAMEA114309497,21
SAMEA110666028,21
SAMEA110666139,21
SAMEA114276582,21
SAMEA114276575,21
SAMEA114375579,21
SAMEA104456831,21
SAMEA114276601,21
SAMEA114276821,21
SAMEA1094444,21
SAMEA114241985,21
SAMEA10427249,21
SAMEA114375658,21
SAMEA104456233,21
SAMEA114276617,21
SAMEA104456888,21
SAMEA1028801,20
SAMEA1025289,20
SAMEA1024852,20
SAMEA1025157,20
SAMEA1025869,20
SAMEA1023914,20
SAMEA1025177,20
SAMEA1025987,20
SAMEA1028963,20
SAMEA1025037,20
SAMEA1094431,20
SAMEA1026149,20
SAMEA1024187,20
SAMEA1024655,20
SAMEA1028770,20
SAMEA1028638,20
SAMEA1024883,20
SAMEA1029241,20
SAMEA1025205,20
SAMEA1028868,20
SAMEA1024757,20
SAMEA1024890,20
SAMEA1024788,20
SAMEA1024560,20
SAMEA104355915,20
SAMEA1025616,20
SAMEA1028852,20
SAMEA1025606,20
SAMEA104355844,20
SAMEA1028716,20
SAMEA1033810,20
SAMEA1025318,20
SAMEA1025487,20
SAMEA1024814,20
SAMEA1025424,20
SAMEA1028933,20
SAMEA1023966,20
SAMEA1026195,20
SAMEA1025472,20
SAMEA1025771,20
SAMEA1025547,20
SAMEA1025241,20
SAMEA1024826,20
SAMEA1024133,20
SAMEA1025323,20
SAMEA1025407,20
SAMEA1024753,20
SAMEA1024991,20
SAMEA1025355,20
SAMEA1025307,20
SAMEA1028804,20
SAMEA1025500,20
SAMEA1026020,20
SAMEA1025106,20
SAMEA1025077,20
SAMEA1024045,20
SAMEA1025089,20
SAMEA104154857,20
SAMEA1024026,20
SAMEA1025287,20
SAMEA1024118,20
SAMEA1025118,20
SAMEA1024860,20
SAMEA1025070,20
SAMEA1024894,20
SAMEA104141844,20
SAMEA104355902,20
SAMEA1025286,20
SAMEA1029453,20
SAMEA1029021,20
SAMEA1024706,20
SAMEA1033801,20
SAMEA1025692,20
SAMEA1025831,20
SAMEA1025374,20
SAMEA1026162,20
SAMEA1023672,20
SAMEA1023913,20
SAMEA1024879,20
SAMEA1024877,20
SAMEA1029006,20
SAMEA1025995,20
SAMEA1023816,20
SAMEA1029365,20
SAMEA1025945,20
SAMEA1025882,20
SAMEA1028615,20
SAMEA1025955,20
SAMEA1024157,20
SAMEA1025308,20
SAMEA104154855,20
SAMEA104355964,20
SAMEA1024545,20
SAMEA1025476,20
SAMEA1026147,20
SAMEA1025382,20
SAMEA1024900,20
SAMEA1023774,20
SAMEA1025953,20
SAMEA1026166,20
SAMEA1024743,20
SAMEA1024613,20
SAMEA1025817,20
SAMEA1024036,20
SAMEA1025643,20
SAMEA1025012,20
SAMEA1025396,20
SAMEA1025741,20
SAMEA1026206,20
SAMEA1025562,20
SAMEA1025452,20
SAMEA1024672,20
SAMEA1024745,20
SAMEA1025072,20
SAMEA1028765,20
SAMEA1024192,20
SAMEA1029155,20
SAMEA1024605,20
SAMEA1026145,20
SAMEA114036687,20
SAMEA1025103,20
SAMEA104038555,20
SAMEA1024944,20
SAMEA1025699,20
SAMEA1024774,20
SAMEA1024989,20
SAMEA104154540,20
SAMEA104154873,20
SAMEA1025020,20
SAMEA1025451,20
SAMEA1025516,20
SAMEA102232168,20
SAMEA1025653,20
SAMEA1026175,20
SAMEA1024947,20
SAMEA1025362,20
SAMEA1025237,20
SAMEA1025097,20
SAMEA1024687,20
SAMEA1028970,20
SAMEA1025117,20
SAMEA1029028,20
SAMEA1028960,20
SAMEA1033759,20
SAMEA1024923,20
SAMEA1024945,20
SAMEA1033775,20
SAMEA1025682,20
SAMEA1025931,20
SAMEA1024901,20
SAMEA1025715,20
SAMEA1025447,20
SAMEA1025125,20
SAMEA1025584,20
SAMEA1033980,20
SAMEA1024146,20
SAMEA1026194,20
SAMEA1025554,20
SAMEA1025543,20
SAMEA1025933,20
SAMEA1024024,20
SAMEA1025290,20
SAMEA1024071,20
SAMEA1025629,20
SAMEA1029164,20
SAMEA1024838,20
SAMEA114036860,20
SAMEA1028856,20
SAMEA1025334,20
SAMEA1029163,20
SAMEA104355931,20
SAMEA1024536,20
SAMEA102232918,20
SAMEA1026170,20
SAMEA1023826,20
SAMEA1023848,20
SAMEA1024050,20
SAMEA1025176,20
SAMEA1023850,20
SAMEA1024596,20
SAMEA1033942,20
SAMEA1028901,20
SAMEA1025302,20
SAMEA1024773,20
SAMEA1025513,20
SAMEA1024647,20
SAMEA1025679,20
SAMEA1024720,20
SAMEA1028773,20
SAMEA1024669,20
SAMEA1026125,20
SAMEA1024764,20
SAMEA1025471,20
SAMEA1028760,20
SAMEA1025910,20
SAMEA1025706,20
SAMEA1028734,20
SAMEA1024622,20
SAMEA104355803,20
SAMEA1024547,20
SAMEA1025087,20
SAMEA1033589,20
SAMEA1024843,20
SAMEA1024685,20
SAMEA1029320,20
SAMEA1029301,20
SAMEA1026055,20
SAMEA1025830,20
SAMEA1025571,20
SAMEA1024712,20
SAMEA1025465,20
SAMEA1025270,20
SAMEA1024559,20
SAMEA1023769,20
SAMEA1028704,20
SAMEA1025479,20
SAMEA1029085,20
SAMEA1094454,20
SAMEA1025613,20
SAMEA1029065,20
SAMEA1024994,20
SAMEA104355846,20
SAMEA1025575,20
SAMEA104355613,20
SAMEA114408253,25
SAMEA1029118,25
SAMEA114441229,25
SAMEA104355784,25
SAMEA104355663,25
SAMEA1024064,25
SAMEA114441314,25
SAMEA114392660,25
SAMEA1024002,25
SAMEA1025340,25
SAMEA1025666,25
SAMEA114392707,25
SAMEA114392677,25
SAMEA114441529,25
SAMEA1024100,25
SAMEA104456767,25
SAMEA114441180,25
SAMEA114463273,25
SAMEA1025611,25
SAMEA1024650,25
SAMEA1029117,25
SAMEA1025916,25
SAMEA104456823,25
SAMEA104456530,25
SAMEA1026255,25
SAMEA114392798,25
SAMEA114408403,25
SAMEA114407874,25
SAMEA1025773,25
SAMEA1024673,25
SAMEA114392717,25
SAMEA104456032,25
SAMEA10427913,25
SAMEA114408085,25
SAMEA1025898,25
SAMEA1025807,25
SAMEA104456353,25
SAMEA104456527,25
SAMEA104456121,25
SAMEA114441181,25
SAMEA104455960,25
SAMEA104456612,25
SAMEA114441437,25
SAMEA114407954,25
SAMEA1023964,25
SAMEA104456450,25
SAMEA104456465,25
SAMEA114392782,25
SAMEA1028878,25
SAMEA104455803,25
SAMEA1025879,25
SAMEA104221998,25
SAMEA1025260,25
SAMEA104355841,25
SAMEA104456845,25
SAMEA114408440,25
SAMEA104456875,25
SAMEA10427181,25
SAMEA1025267,25
SAMEA104455946,25
SAMEA1029441,25
SAMEA104455886,25
SAMEA104456819,25
SAMEA1025403,25
SAMEA104456097,25
SAMEA1028979,25
SAMEA1026215,25
SAMEA114441519,25
SAMEA104456553,25
SAMEA114463263,25
SAMEA104456674,25
SAMEA104355926,25
SAMEA104456737,25
SAMEA114408051,25
SAMEA1029166,25
SAMEA104455774,25
SAMEA103953642,25
SAMEA104456665,25
SAMEA104455913,25
SAMEA104456781,25
SAMEA114392745,25
SAMEA10427177,25
SAMEA114441536,25
SAMEA104456526,25
SAMEA1028882,25
SAMEA1028613,25
SAMEA114408382,25
SAMEA114408011,25
SAMEA1026247,25
SAMEA1025619,25
SAMEA104456827,25
SAMEA104456907,25
SAMEA104456873,25
SAMEA104455885,25
SAMEA114408459,25
SAMEA114375281,25
SAMEA1025466,25
SAMEA114463227,25
SAMEA114408213,25
SAMEA114375290,25
SAMEA104456884,25
SAMEA114441527,25
SAMEA1028744,25
SAMEA104456867,25
SAMEA114408254,25
SAMEA1025906,25
SAMEA114392771,25
SAMEA1023885,25
SAMEA1029239,25
SAMEA1025282,25
SAMEA104456566,25
SAMEA104456110,25
SAMEA104456501,25
SAMEA104456037,25
SAMEA104356025,25
SAMEA1028694,25
SAMEA1025190,25
SAMEA1026249,25
SAMEA104355992,25
SAMEA114309764,25
SAMEA1025512,25
SAMEA1025034,25
SAMEA1025620,25
SAMEA1026184,25
SAMEA114408350,25
SAMEA1025652,25
SAMEA104456693,25
SAMEA104456649,25
SAMEA1025838,25
SAMEA104456179,25
SAMEA114407909,25
SAMEA104355984,25
SAMEA104456812,25
SAMEA114392600,25
SAMEA114463203,25
SAMEA114408136,25
SAMEA114441251,25
SAMEA1029259,25
SAMEA104356029,25
SAMEA114441222,25
SAMEA10254523,25
SAMEA10254834,25
SAMEA104154847,25
SAMEA104355893,25
SAMEA114242260,25
SAMEA1029414,25
SAMEA104456191,25
SAMEA114392625,25
SAMEA1026243,25
SAMEA103953647,25
SAMEA104456453,25
SAMEA114392787,25
SAMEA1022848,25
SAMEA114392690,25
SAMEA114408185,25
SAMEA114463283,25
SAMEA10427468,25
SAMEA114392906,25
SAMEA104456721,25
SAMEA114242010,25
SAMEA104456134,25
SAMEA114392831,25
SAMEA104456234,25
SAMEA114392852,25
SAMEA114408053,25
SAMEA114441154,25
SAMEA1023756,25
SAMEA104456805,25
SAMEA114392675,25
SAMEA1025261,25
SAMEA114407859,25
SAMEA1029135,25
SAMEA104455994,25
SAMEA1029433,25
SAMEA1025735,25
SAMEA1029101,25
SAMEA104356000,25
SAMEA104456072,25
SAMEA104221999,25
SAMEA104455813,25
SAMEA114463249,25
SAMEA114441146,25
SAMEA104456784,25
SAMEA1025777,25
SAMEA114441344,25
SAMEA114242201,25
SAMEA1029421,25
SAMEA10427657,25
SAMEA1028764,25
SAMEA114242183,25
SAMEA104456224,25
SAMEA114408148,25
SAMEA114375287,25
SAMEA1025102,25
SAMEA104456303,25
SAMEA104456854,25
SAMEA114241845,25
SAMEA1025781,25
SAMEA1024548,25
SAMEA104456464,25
SAMEA110666155,25
SAMEA104456437,25
SAMEA114441221,25
SAMEA1024911,25
SAMEA10427144,25
SAMEA1023827,25
SAMEA104456558,25
SAMEA114309817,25
SAMEA114392845,25
SAMEA1024848,25
SAMEA1024855,25
SAMEA10254883,25
SAMEA1025291,25
SAMEA104456209,25
SAMEA1025637,25
SAMEA1029049,25
SAMEA104456708,25
SAMEA104456139,25
SAMEA1028891,25
SAMEA10427226,25
SAMEA114408398,25
SAMEA114408125,25
SAMEA114392780,25
SAMEA1025352,25
SAMEA10427114,25
SAMEA104456613,25
SAMEA114242032,25
SAMEA114408474,25
SAMEA10427999,25
SAMEA114463216,25
SAMEA1028964,25
SAMEA114392799,25
SAMEA114276722,25
SAMEA1029382,25
SAMEA1025528,25
SAMEA104456248,25
SAMEA114392744,25
SAMEA1025566,25
SAMEA104456275,25
SAMEA114392686,25
SAMEA114392746,25
SAMEA114408339,25
SAMEA114407841,25
SAMEA104455888,25
SAMEA1028676,25
SAMEA104222011,25
SAMEA104456734,25
SAMEA1025979,25
SAMEA1024000,25
SAMEA1025349,25
SAMEA114408072,25
SAMEA104455794,25
SAMEA114463209,25
SAMEA1025124,25
SAMEA104456619,25
SAMEA104456705,25
SAMEA1029067,25
SAMEA114408278,25
SAMEA114441517,25
SAMEA104456905,25
SAMEA104456610,25
SAMEA114392644,25
SAMEA114392592,25
SAMEA104456581,25
SAMEA114242326,25
SAMEA104456018,25
SAMEA104456732,25
SAMEA114276775,25
SAMEA104456659,25
SAMEA10428057,25
SAMEA104456056,25
SAMEA114276539,25
SAMEA1025609,25
SAMEA1029010,25
SAMEA1028626,25
SAMEA114392868,25
SAMEA1026018,25
SAMEA104455806,25
SAMEA114408184,25
SAMEA1029384,25
SAMEA104456587,25
SAMEA111352086,25
SAMEA1029096,25
SAMEA1024790,25
SAMEA104456342,25
SAMEA104456431,25
SAMEA114392623,25
SAMEA1028732,25
SAMEA104455829,25
SAMEA104455948,25
SAMEA104221996,25
SAMEA114408198,25
SAMEA1026116,25
SAMEA1028845,25
SAMEA104456883,25
SAMEA1024585,25
SAMEA114408036,25
SAMEA114441533,25
SAMEA114392688,25
SAMEA104456127,25
SAMEA114392830,25
SAMEA1024979,25
SAMEA104456897,25
SAMEA104355880,25
SAMEA114375283,25
SAMEA10254686,25
SAMEA1026052,25
SAMEA114441486,25
SAMEA110665413,25
SAMEA114242262,25
SAMEA104154849,25
SAMEA114408019,25
SAMEA104456178,25
SAMEA114407991,25
SAMEA1028639,25
SAMEA114309768,25
SAMEA104222030,25
SAMEA104355862,25
SAMEA114375489,25
SAMEA104455940,25
SAMEA114408103,25
SAMEA114441331,25
SAMEA114392839,25
SAMEA104456611,25
SAMEA104456280,25
SAMEA1025522,25
SAMEA114242264,25
SAMEA1025551,25
SAMEA104456573,25
SAMEA114241969,25
SAMEA104456444,25
SAMEA104455820,25
SAMEA104456539,25
SAMEA114241923,25
SAMEA114463274,25
SAMEA114441306,25
SAMEA1025173,25
SAMEA1025795,25
SAMEA114441430,25
SAMEA104456436,25
SAMEA114392786,25
SAMEA114441116,25
SAMEA114441287,25
SAMEA104456796,25
SAMEA10254836,25
SAMEA114242317,25
SAMEA114392825,25
SAMEA110666033,25
SAMEA10254749,25
SAMEA104456654,25
SAMEA114392911,25
SAMEA114408275,25
SAMEA104456580,25
SAMEA114407857,25
SAMEA104455837,25
SAMEA104222021,25
SAMEA114408338,25
SAMEA114463234,25
SAMEA104456730,25
SAMEA1024686,25
SAMEA114407902,25
SAMEA104456849,25
SAMEA1033551,26
SAMEA114088698,26
SAMEA102202918,26
SAMEA102226168,26
SAMEA104355785,26
SAMEA114088766,26
SAMEA10254607,26
SAMEA114211739,26
SAMEA104355590,26
SAMEA104154505,26
SAMEA10427680,26
SAMEA10254688,26
SAMEA1033685,26
SAMEA104355989,26
SAMEA10254542,26
SAMEA103953430,26
SAMEA104154339,26
SAMEA10427130,26
SAMEA104154979,26
SAMEA103953456,26
SAMEA104155035,26
SAMEA114479414,26
SAMEA10428098,26
SAMEA10254684,26
SAMEA113533855,26
SAMEA114375353,26
SAMEA102205168,26
SAMEA104154445,26
SAMEA114313530,26
SAMEA104355981,26
SAMEA1033988,26
SAMEA104355864,26
SAMEA102259168,26
SAMEA114088661,26
SAMEA1033971,26
SAMEA114212029,26
SAMEA104035982,26
SAMEA10428016,26
SAMEA104455791,26
SAMEA104355616,26
SAMEA114088685,26
SAMEA114088730,26
SAMEA104355831,26
SAMEA104177176,26
SAMEA114211943,26
SAMEA104154999,26
SAMEA114313517,26
SAMEA114375354,26
SAMEA104177187,26
SAMEA10427740,26
SAMEA102155668,26
SAMEA114212047,26
SAMEA104154284,26
SAMEA10427330,26
SAMEA114088666,26
SAMEA104155108,26
SAMEA104355773,26
SAMEA1023895,26
SAMEA113533839,26
SAMEA114345954,26
SAMEA104034483,26
SAMEA1033975,26
SAMEA104355889,26
SAMEA104355840,26
SAMEA10427858,26
SAMEA114088639,26
SAMEA114407880,26
SAMEA111378890,26
SAMEA1025592,26
SAMEA10427007,26
SAMEA104155126,26
SAMEA104035266,26
SAMEA1033645,26
SAMEA114375559,26
SAMEA1033516,26
SAMEA10427036,26
SAMEA112126412,26
SAMEA10427106,26
SAMEA104155079,26
SAMEA104154467,26
SAMEA10427216,26
SAMEA1023935,26
SAMEA112824159,26
SAMEA104035371,26
SAMEA1024061,26
SAMEA114241981,26
SAMEA104154480,26
SAMEA104355940,26
SAMEA113533825,26
SAMEA114088767,26
SAMEA10427140,26
SAMEA114375514,26
SAMEA104456109,26
SAMEA114313386,26
SAMEA1033541,26
SAMEA10427508,26
SAMEA1033565,26
SAMEA104035623,26
SAMEA113533828,26
SAMEA10427571,26
SAMEA112126396,26
SAMEA114088671,26
SAMEA10427210,26
SAMEA104034493,26
SAMEA114375515,26
SAMEA104035585,26
SAMEA10427669,26
SAMEA104355576,26
SAMEA10427984,26
SAMEA114479310,26
SAMEA113533831,26
SAMEA104355957,26
SAMEA104355703,26
SAMEA1024134,26
SAMEA104355881,26
SAMEA102202168,26
SAMEA114088673,26
SAMEA102262168,26
SAMEA104355937,26
SAMEA104155087,26
SAMEA1024786,26
SAMEA104455907,26
SAMEA114088772,26
SAMEA1025604,26
SAMEA10427888,26
SAMEA114088707,26
SAMEA114441574,26
SAMEA1025681,26
SAMEA114088684,26
SAMEA10427016,26
SAMEA10427178,26
SAMEA114212028,26
SAMEA114212067,26
SAMEA114490124,26
SAMEA104154491,26
SAMEA104355718,26
SAMEA104154517,26
SAMEA1025301,26
SAMEA1022911,26
SAMEA104455818,26
SAMEA103953470,26
SAMEA10254547,26
SAMEA10427268,26
SAMEA114276794,26
SAMEA10427672,26
SAMEA104355652,26
SAMEA102269668,26
SAMEA113533829,26
SAMEA111378840,26
SAMEA10427155,26
SAMEA104035448,26
SAMEA1033823,26
SAMEA10427133,26
SAMEA114242363,26
SAMEA10427348,26
SAMEA104343795,26
SAMEA10427207,26
SAMEA112824227,26
SAMEA1033863,26
SAMEA104177206,26
SAMEA104154529,26
SAMEA1025132,26
SAMEA1033870,26
SAMEA114375468,26
SAMEA104455844,26
SAMEA114441134,26
SAMEA114375467,26
SAMEA114088667,26
SAMEA114375274,26
SAMEA104035354,26
SAMEA10254742,26
SAMEA102210418,26
SAMEA104355578,26
SAMEA102229168,26
SAMEA10254553,26
SAMEA10427433,26
SAMEA114441538,26
SAMEA114211755,26
SAMEA10427028,26
SAMEA1026811,24
SAMEA114313270,24
SAMEA112768461,24
SAMEA114326366,24
SAMEA114313352,24
SAMEA1026490,24
SAMEA112768477,24
SAMEA1026447,24
SAMEA114313302,24
SAMEA1026529,24
SAMEA104456010,24
SAMEA112768476,24
SAMEA1026693,24
SAMEA1026467,24
SAMEA1026682,24
SAMEA114313281,24
SAMEA1026437,24
SAMEA1026802,24
SAMEA1026673,24
SAMEA1026328,24
SAMEA1026676,24
SAMEA1026475,24
SAMEA1026377,24
SAMEA1026566,24
SAMEA114313295,24
SAMEA1026554,24
SAMEA104035325,24
SAMEA1026546,24
SAMEA112768454,24
SAMEA1032645,24
SAMEA1020074,24
SAMEA1026549,24
SAMEA112768453,24
SAMEA1032642,24
SAMEA1026470,24
SAMEA114326337,24
SAMEA104035269,24
SAMEA1026769,24
SAMEA1026343,24
SAMEA104034505,24
SAMEA112768456,24
SAMEA1026488,24
SAMEA112768455,24
SAMEA1032437,24
SAMEA104038607,24
SAMEA1026557,24
SAMEA112768457,24
SAMEA1032491,24
SAMEA1026455,24
SAMEA1026541,24
SAMEA104034642,24
SAMEA104034869,24
SAMEA114313346,24
SAMEA104034925,24
SAMEA1026537,24
SAMEA1032685,24
SAMEA104034820,24
SAMEA114326261,24
SAMEA114478798,24
SAMEA1026575,24
SAMEA1026430,24
SAMEA112299430,24
SAMEA1026663,24
SAMEA104034552,24
SAMEA1026397,24
SAMEA1026640,24
SAMEA112768478,24
SAMEA1026509,24
SAMEA1026678,24
SAMEA104034751,24
SAMEA1026518,24
SAMEA1032552,24
SAMEA112768475,24
SAMEA114313586,24
SAMEA1026603,24
SAMEA1026532,24
SAMEA1026362,24
SAMEA1026760,24
SAMEA1026355,24
SAMEA114346189,24
SAMEA112299423,24
SAMEA112768458,24
SAMEA104154835,24
SAMEA1022869,24
SAMEA1026534,24
SAMEA1026508,24
SAMEA104154921,24
SAMEA1032707,24
SAMEA1026414,24
SAMEA1026360,24
SAMEA114442024,19
SAMEA112299356,19
SAMEA112824215,19
SAMEA114212286,19
SAMEA114479460,19
SAMEA1032666,19
SAMEA1026319,19
SAMEA112299496,19
SAMEA114442001,19
SAMEA1032587,19
SAMEA114490395,19
SAMEA114478963,19
SAMEA112299504,19
SAMEA112299532,19
SAMEA114441618,19
SAMEA114441665,19
SAMEA112299391,19
SAMEA104034922,19
SAMEA114520662,19
SAMEA114479312,19
SAMEA114036907,19
SAMEA114479295,19
SAMEA1032652,19
SAMEA114479183,19
SAMEA114229903,19
SAMEA114441863,19
SAMEA114229974,19
SAMEA114229909,19
SAMEA104035303,19
SAMEA112299395,19
SAMEA112299345,19
SAMEA114479340,19
SAMEA114490009,19
SAMEA114478938,19
SAMEA114479113,19
SAMEA114479108,19
SAMEA104035366,19
SAMEA112299505,19
SAMEA1032444,19
SAMEA1026519,19
SAMEA104034698,19
SAMEA1026641,19
SAMEA112647505,19
SAMEA114490264,19
SAMEA114441677,19
SAMEA112467247,19
SAMEA1026609,19
SAMEA114490204,19
SAMEA1032658,19
SAMEA114520312,19
SAMEA114441847,19
SAMEA114441991,19
SAMEA114479158,19
SAMEA1032570,19
SAMD00602891,19
SAMEA112126415,19
SAMEA114479314,19
SAMEA1032457,19
SAMEA104177299,19
SAMEA104034911,19
SAMEA114212176,19
SAMEA112126407,19
SAMEA1026789,19
SAMEA114490229,19
SAMD00602886,19
SAMEA1032481,19
SAMEA1026653,19
SAMEA104177205,19
SAMEA104035439,19
SAMEA114479285,19
SAMEA1026352,19
SAMEA1026412,19
SAMEA112647483,19
SAMEA112126410,19
SAMEA111351844,19
SAMEA114520552,19
SAMEA1026318,19
SAMEA114479282,19
SAMEA112299425,19
SAMEA1032663,19
SAMEA112647438,19
SAMEA114520606,19
SAMEA104035099,19
SAMEA104177181,19
SAMEA112299405,19
SAMEA114212257,19
SAMEA104034705,19
SAMEA104035365,19
SAMEA1032672,19
SAMEA114212225,19
SAMEA112647572,19
SAMEA114490132,19
SAMEA1032738,19
SAMEA112647549,19
SAMEA104035553,19
SAMEA114520679,19
SAMEA114520723,19
SAMEA104034684,19
SAMEA104177353,19
SAMEA114212075,19
SAMEA111351858,19
SAMEA104177200,19
SAMEA114479269,19
SAMEA114490103,19
SAMEA114490404,19
SAMEA104035091,19
SAMEA114489991,19
SAMEA112299466,19
SAMEA104035811,19
SAMEA114441891,19
SAMEA104034652,19
SAMEA1032635,19
SAMEA114441573,19
SAMEA114479376,19
SAMEA114441704,19
SAMEA1026648,19
SAMEA114442009,19
SAMEA114490218,19
SAMEA104035057,19
SAMEA114490308,19
SAMEA114441712,19
SAMEA114479319,19
SAMEA10427389,19
SAMEA114490108,19
SAMEA112299361,19
SAMEA104177247,19
SAMEA104034707,19
SAMEA114441914,19
SAMEA112647447,19
SAMEA114479107,19
SAMEA114478935,19
SAMEA112299435,19
SAMEA104034708,19
SAMEA104177194,19
SAMEA111352025,19
SAMEA104034577,19
SAMEA114478980,19
SAMEA114229978,19
SAMEA104177189,19
SAMEA1026792,19
SAMEA111352111,19
SAMEA104035326,19
SAMEA111352065,19
SAMEA114229972,19
SAMEA104035052,19
SAMEA114490003,19
SAMEA114490144,19
SAMEA114036789,19
SAMEA112647539,19
SAMEA112647589,19
SAMEA114212210,19
SAMEA104034862,19
SAMEA112299431,19
SAMEA104035561,19
SAMEA104034683,19
SAMEA114441983,19
SAMEA1026727,19
SAMEA104035617,19
SAMEA111352109,19
SAMEA104034797,19
SAMEA1032571,19
SAMEA111504468,19
SAMEA1020859,19
SAMEA112647578,19
SAMEA111352057,19
SAMEA1026551,19
SAMEA114479180,19
SAMEA1032496,19
SAMEA114479575,19
SAMEA1026338,19
SAMEA112299362,19
SAMEA1026572,19
SAMEA112299402,19
SAMEA111351855,19
SAMEA114479248,19
SAMEA114490213,19
SAMEA111351822,19
SAMEA1026385,19
SAMEA111352150,19
SAMEA114346143,19
SAMEA114520395,19
SAMEA1026517,19
SAMEA104034822,19
SAMEA114309396,47
SAMEA104343742,47
SAMEA1023799,47
SAMEA1028927,47
SAMEA112824258,47
SAMEA114392894,47
SAMEA104343686,47
SAMEA1029226,47
SAMEA111457496,47
SAMEA104343844,47
SAMEA1025309,47
SAMEA104343852,47
SAMEA114341832,47
SAMEA112824321,47
SAMEA1024816,47
SAMEA1028720,47
SAMEA104343754,47
SAMEA1026208,47
SAMEA1029165,47
SAMEA104154544,47
SAMEA1029402,47
SAMEA114341939,47
SAMEA104035460,47
SAMEA1028837,47
SAMEA104343752,47
SAMEA112824294,47
SAMEA114490354,47
SAMEA104038601,47
SAMEA111457485,47
SAMEA1025423,47
SAMEA1029170,47
SAMEA114326123,47
SAMEA1025949,47
SAMEA104343753,47
SAMEA104343851,47
SAMEA1024885,47
SAMEA104035242,47
SAMEA10254863,47
SAMEA104343687,47
SAMEA1028935,47
SAMEA112960903,47
SAMEA114313159,47
SAMEA1025448,47
SAMEA1029255,47
SAMEA1024762,47
SAMEA104343849,47
SAMEA1029026,47
SAMEA104343843,47
SAMEA112960792,47
SAMEA10254822,47
SAMEA104343750,47
SAMEA111457425,47
SAMEA1028800,47
SAMEA1025022,47
SAMEA104155130,47
SAMEA1023814,47
SAMEA104155114,47
SAMEA1028884,47
SAMEA104343683,47
SAMEA1032547,47
SAMEA114326365,47
SAMEA114326129,47
SAMEA111457494,47
SAMEA1025140,47
SAMEA1023927,47
SAMEA1029020,47
SAMEA114408001,47
SAMEA104035785,47
SAMEA1028921,47
SAMEA104343850,47
SAMEA104035969,47
SAMEA1025048,47
SAMEA104154713,47
SAMEA114375773,47
SAMEA114326181,47
SAMEA104343735,47
SAMEA1023851,47
SAMEA104035805,47
SAMEA1024699,47
SAMEA112824170,47
SAMEA1025013,47
SAMEA112486474,47
SAMEA114375751,47
SAMEA104343828,47
SAMEA114346096,47
SAMEA114341861,47
SAMEA114326400,47
SAMEA1028739,47
SAMEA104035780,47
SAMEA104154956,47
SAMEA104343684,47
SAMEA1029039,47
SAMEA1024824,47
SAMEA112486414,47
SAMEA104154640,47
SAMEA104154732,47
SAMEA112299497,47
SAMEA112960763,47
SAMEA1029347,47
SAMEA1025763,47
SAMEA1026227,47
SAMEA104343749,47
SAMEA104343847,47
SAMEA1029323,47
SAMEA1024939,47
SAMEA1028650,47
SAMEA1028740,47
SAMEA114346126,47
SAMEA112485945,47
SAMEA104343732,47
SAMEA104343747,47
SAMEA111457438,47
SAMEA114490118,47
SAMEA114313193,47
SAMEA1025900,47
SAMEA1029199,47
SAMEA114407980,47
SAMEA104154959,47
SAMEA112126390,47
SAMEA104155075,47
SAMEA1024151,47
SAMEA1025440,47
SAMEA1025408,47
SAMEA104343746,47
SAMEA1026073,47
SAMEA1028817,47
SAMEA1025776,47
SAMEA1026244,47
SAMEA104343846,47
SAMEA1029430,47
SAMEA104343751,47
SAMEA114346102,47
SAMEA1028669,47
SAMEA111457403,47
SAMEA104343679,47
SAMEA1024643,47
SAMEA104154468,47
SAMEA1025119,47
SAMEA1029280,47
SAMEA114313294,47
SAMEA1028774,47
SAMEA1024821,47
SAMEA1025172,47
SAMEA1029099,47
SAMEA1029287,47
SAMEA1023967,47
SAMEA1026200,47
SAMEA1029037,47
SAMEA114313333,47
SAMEA1029357,47
SAMEA111457357,47
SAMEA1028811,47
SAMEA1025788,47
SAMEA112647561,47
SAMEA1029035,47
SAMEA1029337,47
SAMEA104155010,47
SAMEA104155071,47
SAMEA104154865,47
SAMEA1026223,47
SAMEA104343681,47
SAMEA104035793,47
SAMEA112824188,47
SAMEA1025120,47
SAMEA113533818,47
SAMEA1028965,47
SAMEA1029258,47
SAMEA112486701,47
SAMEA1025080,47
SAMEA111457523,47
SAMEA1023702,47
SAMEA112889706,47
SAMEA1024114,47
SAMEA1023888,47
SAMEA104034715,47
SAMEA104343680,47
SAMEA104343682,47
SAMEA1024841,47
SAMEA10254730,47
SAMEA114520406,47
SAMEA104155073,47
SAMEA1026185,47
SAMEA1029361,47
SAMEA112889711,47
SAMEA1025371,47
SAMEA1026146,47
SAMEA114313291,47
SAMEA104154832,47
SAMEA1024966,47
SAMEA104343748,47
SAMEA1026044,47
SAMEA114313557,47
SAMEA1025477,47
SAMEA114442036,47
SAMEA104343827,47
SAMEA1029183,47
SAMEA112486091,47
SAMEA114346244,47
SAMEA114392893,47
SAMEA114341927,47
SAMEA1025264,47
SAMEA104035833,47
SAMEA1023878,47
SAMEA1028688,47
SAMEA104343824,47
SAMEA1029132,47
SAMEA114346014,47
SAMEA104035135,47
SAMEA111457429,47
SAMEA114479291,47
SAMEA104155026,47
SAMEA1029087,47
SAMEA114346170,47
SAMEA1029063,47
SAMEA104343685,47
SAMEA1025950,47
SAMEA104154707,47
SAMEA1029068,47
SAMEA1025224,47
SAMEA114479322,47
SAMEA1028792,47
SAMEA104343825,47
SAMEA111457447,47
SAMEA1028729,47
SAMEA1026165,47
SAMEA1025938,47
SAMEA1029342,47
SAMEA1025993,47
SAMEA1025720,47
SAMEA114313289,47
SAMEA114326278,47
SAMEA104035136,47
SAMEA1029079,47
SAMEA104343826,47
SAMEA1028815,47
SAMEA1028702,47
SAMEA114313158,47
SAMEA114441429,47
SAMEA1029061,47
SAMEA112485941,47
SAMEA1023824,47
SAMEA114326470,47
SAMEA114313292,47
SAMEA112824319,47
SAMEA114313290,47
SAMEA104343845,47
SAMEA114341943,47
SAMEA112485933,47
SAMEA104154734,47
SAMEA1029185,47
SAMEA1025855,47
SAMEA112647490,47
SAMEA1029097,47
SAMEA114346108,47
SAMEA104343734,47
SAMEA104038592,47
SAMEA1025075,47
SAMEA111457382,47
SAMEA114313304,47
SAMEA1029450,47
SAMEA1029307,47
SAMEA111457450,47
SAMEA104155028,47
SAMEA112824307,47
SAMEA104035983,47
SAMEA114212154,47
SAMEA10254763,47
SAMEA104035939,47
SAMEA1023831,47
SAMEA111351932,47
SAMEA114346224,47
SAMEA1024001,47
SAMEA104035925,47
SAMEA1024956,47
SAMEA1026232,47
SAMEA104155120,47
SAMEA104343688,47
SAMEA104343848,47
SAMEA1028779,47
SAMEA104343755,47
SAMEA1023993,47
SAMEA1028616,47
SAMEA104154981,47
SAMEA104343733,47
SAMEA1029106,47
SAMEA104343731,47
SAMEA1025596,47
SAMEA104035941,47
SAMEA104035668,55
SAMEA114479566,55
SAMEA114212184,55
SAMEA114212287,55
SAMEA114479051,55
SAMEA114478848,55
SAMEA104035489,55
SAMEA104035632,55
SAMEA114212141,55
SAMEA114212083,55
SAMEA114441860,55
SAMEA114441941,55
SAMEA114520738,55
SAMEA104035671,55
SAMEA104035443,55
SAMEA114479208,55
SAMEA104177198,55
SAMEA104035536,55
SAMEA114520392,55
SAMEA114212159,55
SAMEA114479317,55
SAMEA114478944,55
SAMEA114441780,55
SAMEA114479556,55
SAMEA114490396,55
SAMEA114211996,55
SAMEA104035274,55
SAMEA114520501,55
SAMEA114478929,55
SAMEA114479244,55
SAMEA114490214,55
SAMEA114479063,55
SAMEA114479474,55
SAMEA114489954,55
SAMEA104035494,55
SAMEA114479046,55
SAMEA114479375,55
SAMEA114490363,55
SAMEA114441948,55
SAMEA114490313,55
SAMEA114490370,55
SAMEA114212050,55
SAMEA114441752,55
SAMEA114520305,55
SAMEA114441650,55
SAMEA114479027,55
SAMEA104035686,55
SAMEA104035297,55
SAMEA114441695,55
SAMEA114479084,55
SAMEA114479151,55
SAMEA114442030,55
SAMEA114478945,55
SAMEA104177238,55
SAMEA114490315,55
SAMEA104177213,55
SAMEA104035334,55
SAMEA114490023,55
SAMEA104035171,55
SAMEA114441714,55
SAMEA114520715,55
SAMEA114478965,55
SAMEA114478988,55
SAMEA114479001,55
SAMEA114229938,55
SAMEA104035667,55
SAMEA114520753,55
SAMEA104177184,55
SAMEA114479555,55
SAMEA114490344,55
SAMEA104035622,55
SAMEA114441960,55
SAMEA114478951,55
SAMEA114479009,55
SAMEA114520403,55
SAMEA114490304,55
SAMEA114212092,55
SAMEA114478804,55
SAMEA114212204,55
SAMEA114520394,55
SAMEA104035518,55
SAMEA104177249,55
SAMEA114212158,55
SAMEA114441820,55
SAMEA114490002,55
SAMEA114520417,55
SAMEA104035484,55
SAMEA114229941,55
SAMEA114212302,55
SAMEA104035464,55
SAMEA114212221,55
SAMEA114520396,55
SAMEA114479100,55
SAMEA114441848,55
SAMEA104035482,55
SAMEA114229936,55
SAMEA114212096,55
SAMEA114478830,55
SAMEA114520663,55
SAMEA114478871,55
SAMEA104155086,55
SAMEA104177201,55
SAMEA104035661,55
SAMEA114479202,55
SAMEA114490280,55
SAMEA114441689,55
SAMEA104035618,55
SAMEA114441918,55
SAMEA104035487,55
SAMEA114478816,55
SAMEA104035017,55
SAMEA114441999,55
SAMEA104035886,55
SAMEA114490212,55
SAMEA104177186,55
SAMEA114441976,55
SAMEA114478909,55
SAMEA114520518,55
SAMEA114478770,55
SAMEA114229926,55
SAMEA104035551,55
SAMEA114212133,55
SAMEA114212168,55
SAMEA114478769,55
SAMEA114490338,55
SAMEA104035680,55
SAMEA114520660,55
SAMEA114520427,55
SAMEA104177234,55
SAMEA114520460,55
SAMEA114442051,55
SAMEA114490146,55
SAMEA114520761,55
SAMEA114441616,55
SAMEA114441834,55
SAMEA114212169,55
SAMEA104035630,55
SAMEA114228271,55
SAMEA104035595,55
SAMEA114479304,55
SAMEA114479350,55
SAMEA114489995,55
SAMEA104035586,55
SAMEA114478775,55
SAMEA104035390,55
SAMEA104035525,55
SAMEA104035604,55
SAMEA114479287,55
SAMEA114212199,55
SAMEA104035666,55
SAMEA104035381,55
SAMEA104177231,55
SAMEA104035669,55
SAMEA114441703,55
SAMEA114441881,55
SAMEA114479236,55
SAMEA114478853,55
SAMEA114229934,55
SAMEA114229918,55
SAMEA104035654,55
SAMEA114212280,55
SAMEA114520471,55
SAMEA114212258,55
SAMEA104035476,55
SAMEA114520641,55
SAMEA114479380,55
SAMEA114479441,55
SAMEA114229979,55
SAMEA114478910,55
SAMEA114490256,55
SAMEA114212106,55
SAMEA114490147,55
SAMEA114520635,55
SAMEA114520472,55
SAMEA114212240,55
SAMEA114212125,55
SAMEA114441742,55
SAMEA114441841,55
SAMEA114441674,55
SAMEA114479098,55
SAMEA104035652,55
SAMEA114229962,55
SAMEA114479268,55
SAMEA114479553,55
SAMEA114442002,55
SAMEA114479252,55
SAMEA104035582,55
SAMEA104035672,55
SAMEA104035405,55
SAMEA104155138,55
SAMEA114520374,55
SAMEA114479029,55
SAMEA114490179,55
SAMEA114490057,55
SAMEA114490122,55
SAMEA104035514,55
SAMEA114212329,55
SAMEA114479246,55
SAMEA114479589,55
SAMEA114211992,55
SAMEA104035376,55
SAMEA114441697,55
SAMEA104035507,55
SAMEA114441969,55
SAMEA114212271,55
SAMEA104035394,55
SAMEA114490243,55
SAMEA104035520,55
SAMEA114490397,55
SAMEA114441838,55
SAMEA104035710,55
SAMEA104177193,55
SAMEA114212273,55
SAMEA114441693,55
SAMEA114479112,55
SAMEA114442029,55
SAMEA114479283,55
SAMEA114490044,55
SAMEA114520463,55
SAMEA114490065,55
SAMEA114441889,55
SAMEA114479072,55
SAMEA111351774,55
SAMEA114478902,55
SAMEA114490180,55
SAMEA114479542,55
SAMEA114212241,55
SAMEA114520462,55
SAMEA114479278,55
SAMEA104035388,55
SAMEA114520409,55
SAMEA104177203,55
SAMEA114490247,55
SAMEA114212222,55
SAMEA114479215,55
SAMEA114520351,55
SAMEA114479496,55
SAMEA104035480,55
SAMEA114520355,55
SAMEA114520317,55
SAMEA104035386,55
SAMEA114490326,55
SAMEA114229949,55
SAMEA104035673,55
SAMEA114229961,55
SAMEA114479472,55
SAMEA114490366,55
SAMEA114441940,55
SAMEA114490104,55
SAMEA114520628,55
SAMEA114478901,55
SAMEA114520481,55
SAMEA114228280,55
SAMEA114212251,55
SAMEA114479558,55
SAMEA114211990,55
SAMEA114490138,55
SAMEA114520310,55
SAMEA114441938,55
SAMEA114490102,55
SAMEA114479187,55
SAMEA114490166,55
SAMEA114520479,55
SAMEA114520721,55
SAMEA114489960,55
SAMEA114211988,55
SAMEA104177212,55
SAMEA114228281,55
SAMEA114441575,55
SAMEA114520692,55
SAMEA114490355,55
SAMEA104035574,55
SAMEA114478920,55
SAMEA104035357,55
SAMEA104035504,55
SAMEA104035519,55
SAMEA111351768,55
SAMEA114478903,55
SAMEA104035523,55
SAMEA114441961,55
SAMEA114229904,55
SAMEA114479277,55
SAMEA114479213,55
SAMEA104035228,55
SAMEA114212157,55
SAMEA114212177,55
SAMEA114478729,55
SAMEA114520602,55
SAMEA114212152,55
SAMEA104035596,55
SAMEA114490106,55
SAMEA114212224,55
SAMEA104035592,55
SAMEA114490089,55
SAMEA114441753,55
SAMEA114479161,55
SAMEA114441824,55
SAMEA114490042,55
SAMEA114479083,55
SAMEA114478863,55
SAMEA112299432,55
SAMEA104035549,55
SAMEA114489951,55
SAMEA114441749,55
SAMEA114490059,55
SAMEA114520303,55
SAMEA114212099,55
SAMEA114441930,55
SAMEA114520459,55
SAMEA114489982,55
SAMEA104035475,55
SAMEA114441734,55
SAMEA114490292,55
SAMEA114212038,55
SAMEA114490318,55
SAMEA114212120,55
SAMEA114479114,55
SAMEA111351841,55
SAMEA114441861,55
SAMEA114520741,55
SAMEA114229980,55
SAMEA114478917,55
SAMEA114478927,55
SAMEA114490101,55
SAMEA114478789,55
SAMEA114489963,55
SAMEA114479515,55
SAMEA114441581,55
SAMEA114478918,55
SAMEA114489996,55
SAMEA104035417,55
SAMEA114490025,55
SAMEA114490017,55
SAMEA114479391,55
SAMEA114212185,55
SAMEA114478984,55
SAMEA104035528,55
SAMEA104035452,55
SAMEA104035264,55
SAMEA114479448,55
SAMEA114479329,55
SAMEA114441604,55
SAMEA114520348,55
SAMEA114520712,55
SAMEA104035350,55
SAMEA104035364,55
SAMEA114490226,55
SAMEA104035647,55
SAMEA112126440,55
SAMEA114479476,55
SAMEA114441903,55
SAMEA114441950,55
SAMEA114520747,55
SAMEA114441968,55
SAMEA104035705,55
SAMEA114212179,55
SAMEA104035541,55
SAMEA114212319,55
SAMEA114478914,55
SAMEA114212207,55
SAMEA114520752,55
SAMEA114441694,55
SAMEA114479272,55
SAMEA114479271,55
SAMEA114520566,55
SAMEA114478908,55
SAMEA114211987,55
SAMEA104035392,55
SAMEA114479038,55
SAMEA114441764,55
SAMEA114212109,55
SAMEA114441910,55
SAMEA104035340,55
SAMEA114479207,55
SAMEA114489967,55
SAMEA114441956,55
SAMEA104035296,55
SAMEA104177177,55
SAMEA114212243,55
SAMEA114212193,55
SAMEA114478881,55
SAMEA114479261,55
SAMEA104035675,55
SAMEA114520599,55
SAMEA114520309,55
SAMEA114479035,55
SAMEA104035378,55
SAMEA114479349,55
SAMEA114212097,55
SAMEA114478837,55
SAMEA114441654,55
SAMEA104035613,55
SAMEA114490000,55
SAMEA104035141,55
SAMEA114520760,55
SAMEA104035629,55
SAMEA114441626,55
SAMEA114479405,55
SAMEA114441900,55
SAMEA114212114,55
SAMEA104035483,55
SAMEA114229942,55
SAMEA104038621,55
SAMEA114478759,55
SAMEA114490085,55
SAMEA114490158,55
SAMEA114479074,55
SAMEA114441624,55
SAMEA104035468,55
SAMEA114520756,55
SAMEA114479137,55
SAMEA114490399,55
SAMEA112299483,55
SAMEA114479573,55
SAMEA114489997,55
SAMEA1026621,55
SAMEA104035614,55
SAMEA111351927,55
SAMEA114212062,55
SAMEA114441990,55
SAMEA114520745,55
SAMEA114212107,55
SAMEA114490031,55
SAMEA114479481,55
SAMEA114441645,55
SAMEA114479444,55
SAMEA114212259,55
SAMEA114479225,55
SAMEA114441923,55
SAMEA114479289,55
SAMEA114212330,55
SAMEA114441603,55
SAMEA114520661,55
SAMEA114520538,55
SAMEA104035459,55
SAMEA114441638,55
SAMEA114479313,55
SAMEA114489984,55
SAMEA114212272,55
SAMEA114479305,55
SAMEA114479585,55
SAMEA112299392,55
SAMEA114489926,55
SAMEA114478884,55
SAMEA111352122,55
SAMEA114478947,55
SAMEA104155091,55
SAMEA104177255,55
SAMEA111352020,55
SAMEA114441946,55
SAMEA104035813,55
SAMEA104177263,55
SAMEA114212040,55
SAMEA114479259,55
SAMEA114478802,55
SAMEA114520668,55
SAMEA104035524,55
SAMEA114520544,55
SAMEA114212093,55
SAMEA112299464,55
SAMEA114478820,55
SAMEA104035463,55
SAMEA114490188,55
SAMEA104035510,55
SAMEA112299490,55
SAMEA114490258,55
SAMEA104035599,55
SAMEA114229915,55
SAMEA114441696,55
SAMEA114441813,55
SAMEA114212087,55
SAMEA104035640,55
SAMEA114490155,55
SAMEA114341858,15
SAMEA114212306,15
SAMEA1026425,15
SAMEA104154634,15
SAMEA114326268,15
SAMEA113533847,15
SAMEA114036849,15
SAMEA114036841,15
SAMEA104154744,15
SAMEA114326225,15
SAMEA1026356,15
SAMEA114036685,15
SAMEA114442054,15
SAMEA114326412,15
SAMEA114346229,15
SAMEA114326275,15
SAMEA114341879,15
SAMEA114088668,15
SAMEA114326456,15
SAMEA114326175,15
SAMEA114228264,15
SAMEA114036929,15
SAMEA113533824,15
SAMEA114341878,15
SAMEA104035692,15
SAMEA114326426,15
SAMEA104034790,15
SAMEA114442031,15
SAMEA114211872,15
SAMEA1020669,15
SAMEA104034656,15
SAMEA114341767,15
SAMEA113533799,15
SAMEA114441885,15
SAMEA1026725,15
SAMEA104034791,15
SAMEA114229923,15
SAMEA114313572,15
SAMEA104035542,15
SAMEA114478751,15
SAMEA113533874,15
SAMEA114326432,15
SAMEA1026793,15
SAMEA114212080,15
SAMEA113533846,15
SAMEA114212060,15
SAMEA113533808,15
SAMEA114229964,15
SAMEA114326201,15
SAMEA104034982,15
SAMEA104177282,15
SAMEA114346070,15
SAMEA1026619,15
SAMEA104154817,15
SAMD00602889,15
SAMEA114520464,15
SAMEA114441986,15
SAMEA104154656,15
SAMEA104034540,15
SAMEA114441822,15
SAMEA104035506,15
SAMEA114442046,15
SAMEA1032521,15
SAMEA114326110,15
SAMEA114211884,15
SAMEA114036899,15
SAMEA104154761,15
SAMEA114326468,15
SAMEA114478811,15
SAMEA114441620,15
SAMEA114375774,15
SAMEA114326316,15
SAMEA104154794,15
SAMEA114036723,15
SAMEA114036682,15
SAMEA114346123,15
SAMEA114326319,15
SAMEA114313590,15
SAMEA113533802,15
SAMEA114441667,15
SAMEA1032527,15
SAMEA114211804,15
SAMEA114313157,15
SAMEA114341926,15
SAMD00602887,15
SAMEA113533873,15
SAMEA114326135,15
SAMEA114326279,15
SAMEA114520582,15
SAMEA114212313,15
SAMEA114341880,15
SAMEA104035603,15
SAMEA104034959,15
SAMEA104034584,15
SAMEA104034759,15
SAMEA114212217,15
SAMEA104456541,36
SAMEA111351771,36
SAMEA104034629,36
SAMEA104456040,36
SAMEA114479150,36
SAMEA104456564,36
SAMEA104221979,36
SAMEA1026744,36
SAMEA104456694,36
SAMEA104455932,36
SAMEA111352004,36
SAMEA111441626,36
SAMEA112299379,36
SAMEA104456030,36
SAMEA114520724,36
SAMEA1026563,36
SAMEA1026612,36
SAMEA1026660,36
SAMEA104035627,36
SAMEA104177292,36
SAMEA1032559,36
SAMEA1026587,36
SAMEA114212172,36
SAMEA1032589,36
SAMEA114478836,36
SAMEA104456462,36
SAMEA104034918,36
SAMEA10427269,36
SAMEA104456217,36
SAMEA104456858,36
SAMEA104034909,36
SAMEA114490310,36
SAMEA1032716,36
SAMEA1026346,36
SAMEA1026606,36
SAMEA111352085,36
SAMEA114478857,36
SAMEA104177343,36
SAMEA114479320,36
SAMEA111351967,36
SAMEA112647437,36
SAMEA104455801,36
SAMEA112299367,36
SAMEA114479211,36
SAMEA112647469,36
SAMEA112647502,36
SAMEA114490114,36
SAMEA111441627,36
SAMEA1032657,36
SAMEA104034897,36
SAMEA112647535,36
SAMEA104035029,36
SAMEA104035078,36
SAMEA111351798,36
SAMEA10427718,36
SAMEA114490026,36
SAMEA114408337,36
SAMEA104034650,36
SAMEA104456678,36
SAMEA104456164,36
SAMEA111351993,36
SAMEA112647475,36
SAMEA111352153,36
SAMEA104222008,36
SAMEA114520405,36
SAMEA104034771,36
SAMEA1032563,36
SAMEA10427986,36
SAMEA114442055,36
SAMEA111351910,36
SAMEA111351789,36
SAMEA104456836,36
SAMEA114478972,36
SAMEA104035069,36
SAMEA104456628,36
SAMEA114441852,36
SAMEA1026681,36
SAMEA112647512,36
SAMEA114479465,36
SAMEA1032537,36
SAMEA112647455,36
SAMEA114490317,36
SAMEA104455931,36
SAMEA10427992,36
SAMEA1032555,36
SAMEA104456196,36
SAMEA1032743,36
SAMEA104456801,36
SAMEA1026602,36
SAMEA1026592,36
SAMEA104455799,36
SAMEA104034531,36
SAMEA104456792,36
SAMEA111351985,36
SAMEA111441683,36
SAMEA114212045,36
SAMEA1026670,36
SAMEA111352136,36
SAMEA111351958,36
SAMEA104456633,36
SAMEA10428088,36
SAMEA111351864,36
SAMEA111351812,36
SAMEA104456502,36
SAMEA111352081,36
SAMEA104034497,36
SAMEA104455784,36
SAMEA114479582,36
SAMEA114441777,36
SAMEA114520528,36
SAMEA104177294,36
SAMEA10427189,36
SAMEA104222003,36
SAMEA10427077,36
SAMEA104035102,36
SAMEA112647488,36
SAMEA104455922,36
SAMEA114479546,36
SAMEA104177352,36
SAMEA112647479,36
SAMEA104034529,36
SAMEA114479004,36
SAMEA114479102,36
SAMEA114346199,36
SAMEA1026473,36
SAMEA104456655,36
SAMEA1032468,36
SAMEA1026655,36
SAMEA104221993,36
SAMEA114441936,36
SAMEA111351880,36
SAMEA104034954,36
SAMEA111352009,36
SAMEA111441703,36
SAMEA114520565,36
SAMEA10427327,36
SAMEA1026713,36
SAMEA104456291,36
SAMEA112647467,36
SAMEA114441623,36
SAMEA1026635,36
SAMEA114212004,36
SAMEA111351887,36
SAMEA1026433,36
SAMEA111352029,36
SAMEA114520709,36
SAMEA1032528,36
SAMEA104034833,36
SAMEA104177347,36
SAMEA114479384,36
SAMEA104034788,36
SAMEA104034870,36
SAMEA1026387,36
SAMEA1026598,36
SAMEA114479167,36
SAMEA10427066,36
SAMEA104035362,36
SAMEA104034899,36
SAMEA111351906,36
SAMEA111352093,36
SAMEA114479429,36
SAMEA104456574,36
SAMEA114520386,36
SAMEA1026579,36
SAMEA111351819,36
SAMEA10427363,36
SAMEA114490183,36
SAMEA104456520,36
SAMEA114520631,36
SAMEA111441698,36
SAMEA114479201,36
SAMEA111441651,36
SAMEA1026367,36
SAMEA112824261,36
SAMEA104177262,36
SAMEA114479096,36
SAMEA104455768,36
SAMEA104456763,36
SAMEA1032722,36
SAMEA111351937,36
SAMEA111351782,36
SAMEA1026589,36
SAMEA104455918,36
SAMEA1026778,36
SAMEA104035006,36
SAMEA111351922,36
SAMEA104455893,36
SAMEA111351973,36
SAMEA104177251,36
SAMEA104456599,36
SAMEA114211979,36
SAMEA104456284,36
SAMEA114490322,36
SAMEA114520441,36
SAMEA114229965,36
SAMEA104177300,36
SAMEA104035492,36
SAMEA1032516,36
SAMEA104456481,36
SAMEA104034958,36
SAMEA111351840,36
SAMEA114479075,36
SAMEA114479535,36
SAMEA114478897,36
SAMEA104177311,36
SAMEA114229917,36
SAMEA10427685,36
SAMEA1026559,36
SAMEA104034840,36
SAMEA104034950,36
SAMEA104456478,36
SAMEA111351957,36
SAMEA114490295,36
SAMEA10428015,36
SAMEA114490270,36
SAMEA114478762,36
SAMEA114478891,36
SAMEA114441622,36
SAMEA114441591,36
SAMEA114211938,36
SAMEA114520676,36
SAMEA1026645,36
SAMEA104456898,36
SAMEA104456824,36
SAMEA104177276,36
SAMEA111352137,36
SAMEA104455883,36
SAMEA111441664,36
SAMEA10427256,36
SAMEA111352130,36
SAMEA1026371,36
SAMEA104035020,36
SAMEA104456658,36
SAMEA104456339,36
SAMEA1033603,40
SAMEA1033855,40
SAMEA1022812,40
SAMEA114392685,40
SAMEA114242268,40
SAMEA104343700,40
SAMEA1033658,40
SAMEA104154353,40
SAMEA1033521,40
SAMEA104343694,40
SAMEA1033629,40
SAMEA1033726,40
SAMEA1026098,40
SAMEA104154501,40
SAMEA104343706,40
SAMEA1033923,40
SAMEA1025122,40
SAMEA1033912,40
SAMEA1033628,40
SAMEA104154562,40
SAMEA104343699,40
SAMEA1094465,40
SAMEA1033624,40
SAMEA1033966,40
SAMEA1033739,40
SAMEA1033638,40
SAMEA1033876,40
SAMEA1033601,40
SAMEA1033664,40
SAMEA114408203,40
SAMEA104456468,40
SAMEA114241729,40
SAMEA104456505,40
SAMEA114242070,40
SAMEA104456255,40
SAMEA1033671,40
SAMEA1033786,40
SAMEA104343790,40
SAMEA104154564,40
SAMEA1024817,40
SAMEA1033783,40
SAMEA104154600,40
SAMEA104456358,40
SAMEA110666046,40
SAMEA1033799,40
SAMEA104343786,40
SAMEA1033873,40
SAMEA104154533,40
SAMEA104456356,40
SAMEA1025618,40
SAMEA1024207,40
SAMEA1033667,40
SAMEA104343801,40
SAMEA104343697,40
SAMEA104456714,40
SAMEA104343704,40
SAMEA10428062,40
SAMEA102214918,40
SAMEA114276548,40
SAMEA104154619,40
SAMEA104456788,40
SAMEA114441277,40
SAMEA1025414,40
SAMEA1033650,40
SAMEA104343796,40
SAMEA1033652,40
SAMEA104343800,40
SAMEA104154322,40
SAMEA104343797,40
SAMEA104456626,40
SAMEA104456359,40
SAMEA104456660,40
SAMEA1033945,40
SAMEA1094458,40
SAMEA1033632,40
SAMEA102175168,40
SAMEA104343793,40
SAMEA110665317,40
SAMEA104154591,40
SAMEA1033591,40
SAMEA104343785,40
SAMEA1033767,40
SAMEA104343784,40
SAMEA1033608,40
SAMEA1025076,40
SAMEA102153418,40
SAMEA1033567,40
SAMEA104343791,40
SAMEA1025229,40
SAMEA104343783,40
SAMEA104343792,40
SAMEA1033644,40
SAMEA1033680,40
SAMEA1033944,40
SAMEA1033502,40
SAMEA1025455,40
SAMEA104343698,40
SAMEA1033546,40
SAMEA1033934,40
SAMEA1033811,40
SAMEA104456751,40
SAMEA1033672,40
SAMEA1024864,40
SAMEA1033848,40
SAMEA1025211,40
SAMEA114036921,40
SAMEA1033774,40
SAMEA102209668,40
SAMEA104154547,40
SAMEA102127918,40
SAMEA1094446,40
SAMEA1025430,40
SAMEA110666159,40
SAMEA104343701,40
SAMEA114441435,40
SAMEA1033750,40
SAMEA114242064,40
SAMEA104456584,40
SAMEA1094442,40
SAMEA1033631,40
SAMEA1033623,40
SAMEA1033818,40
SAMEA104343695,40
SAMEA1033920,40
SAMEA1033718,40
SAMEA102250918,40
SAMEA1023940,40
SAMEA104154323,40
SAMEA104221949,40
SAMEA1033649,40
SAMEA114408091,40
SAMEA102248668,40
SAMEA102271168,40
SAMEA104154357,40
SAMEA104221987,40
SAMEA104456389,40
SAMEA1033674,40
SAMEA110666037,40
SAMEA102128668,40
SAMEA114036817,40
SAMEA114309732,40
SAMEA104343787,40
SAMEA114036842,40
SAMEA1094466,40
SAMEA102211168,40
SAMEA114309650,40
SAMEA1033681,40
SAMEA1024997,40
SAMEA104343702,40
SAMEA1033690,40
SAMEA104343799,40
SAMEA104154452,40
SAMEA1024938,40
SAMEA1033952,40
SAMEA104154472,40
SAMEA1033614,40
SAMEA114036920,40
SAMEA104221973,40
SAMEA1033511,40
SAMEA104343794,40
SAMEA104154511,40
SAMEA1025252,40
SAMEA1024562,40
SAMEA104343696,40
SAMEA10254636,40
SAMEA1024715,40
SAMEA1033917,40
SAMEA104154303,40
SAMEA10254599,40
SAMEA1033925,40
SAMEA1023938,40
SAMEA104343798,40
SAMEA1033732,40
SAMEA104343782,40
SAMEA102250168,40
SAMEA114036779,40
SAMEA104154552,30
SAMEA104154356,30
SAMEA1025375,30
SAMEA10427627,30
SAMEA1025454,30
SAMEA1033626,30
SAMEA1024127,30
SAMEA10427096,30
SAMEA114345946,30
SAMEA1023844,30
SAMEA1028686,30
SAMEA114408202,30
SAMEA112126382,30
SAMEA114228304,30
SAMEA114276801,30
SAMEA1026120,30
SAMEA1025739,30
SAMEA1025432,30
SAMEA1025234,30
SAMEA10254662,30
SAMEA114242058,30
SAMEA102160918,30
SAMEA102275668,30
SAMEA1025357,30
SAMEA1025197,30
SAMEA10427940,30
SAMEA114392617,30
SAMEA114276740,30
SAMEA114441520,30
SAMEA1029109,30
SAMEA114228330,30
SAMEA1024834,30
SAMEA10254732,30
SAMEA1025519,30
SAMEA1025035,30
SAMEA10427805,30
SAMEA114276759,30
SAMEA1029276,30
SAMEA10427154,30
SAMEA1025845,30
SAMEA1023790,30
SAMEA114276622,30
SAMEA114375567,30
SAMEA10254821,30
SAMEA114276813,30
SAMEA104154541,30
SAMEA1029082,30
SAMEA114276727,30
SAMEA104355581,30
SAMEA1024595,30
SAMEA114276574,30
SAMEA1024076,30
SAMEA1025752,30
SAMEA114276677,30
SAMEA102221668,30
SAMEA114375619,30
SAMEA10427191,30
SAMEA114441260,30
SAMEA1033682,30
SAMEA114392926,30
SAMEA1033957,30
SAMEA104355795,30
SAMEA1023843,30
SAMEA114242116,30
SAMEA1025824,30
SAMEA1033669,30
SAMEA1029240,30
SAMEA1025905,30
SAMEA1024550,30
SAMEA110665092,30
SAMEA114309493,30
SAMEA1024907,30
SAMEA114345891,30
SAMEA1029108,30
SAMEA114242141,30
SAMEA104356036,30
SAMEA114345881,30
SAMEA104356044,30
SAMEA114345932,30
SAMEA114309586,30
SAMEA1024021,30
SAMEA111457430,30
SAMEA10428097,30
SAMEA104154329,30
SAMEA1033796,30
SAMEA1028914,30
SAMEA1023897,30
SAMEA104154551,30
SAMEA104355617,30
SAMEA104355949,30
SAMEA1028721,30
SAMEA1025725,30
SAMEA114375722,30
SAMEA114441128,30
SAMEA10427964,30
SAMEA114276573,30
SAMEA114441271,30
SAMEA104154578,30
SAMEA103953417,30
SAMEA10427250,30
SAMEA1024111,30
SAMEA114392937,30
SAMEA114228331,30
SAMEA114242053,30
SAMEA114276755,30
SAMEA114309739,30
SAMEA1024115,30
SAMEA114241960,30
SAMEA10427224,30
SAMEA10254722,30
SAMEA114392927,30
SAMEA1033570,30
SAMEA10427321,30
SAMEA1025583,30
SAMEA1029110,30
SAMEA114242014,30
SAMEA114242142,30
SAMEA10254652,30
SAMEA114309578,30
SAMEA1024691,30
SAMEA10427325,30
SAMEA102127168,30
SAMEA1029330,30
SAMEA1025223,30
SAMEA1028745,30
SAMEA104355832,30
SAMEA1025526,30
SAMEA1024193,30
SAMEA1028691,30
SAMEA1025199,30
SAMEA1025804,30
SAMEA1028785,30
SAMEA114276563,30
SAMEA1033578,30
SAMEA1023991,30
SAMEA104154607,30
SAMEA114276803,30
SAMEA104355747,30
SAMEA114241863,30
SAMEA10428070,30
SAMEA114392930,30
SAMEA114242096,30
SAMEA114276767,30
SAMEA1024039,30
SAMEA102214168,30
SAMEA114392618,30
SAMEA114242304,30
SAMEA114309607,30
SAMEA114408294,30
SAMEA1025331,30
SAMEA114345876,30
SAMEA114242007,30
SAMEA114241818,30
SAMEA102277918,30
SAMEA114309482,30
SAMEA1029447,30
SAMEA1028655,30
SAMEA1028799,30
SAMEA103953672,30
SAMEA104154550,30
SAMEA114241758,30
SAMEA10427470,34
SAMEA114408415,34
SAMEA1033991,34
SAMEA10254673,34
SAMEA104456042,34
SAMEA1033865,34
SAMEA114276666,34
SAMEA1033878,34
SAMEA114242155,34
SAMEA1033699,34
SAMEA114375355,34
SAMEA1033951,34
SAMEA1033711,34
SAMEA102279418,34
SAMEA114309462,34
SAMEA1033812,34
SAMEA104154557,34
SAMEA1033964,34
SAMEA10427453,34
SAMEA10427859,34
SAMEA1033622,34
SAMEA114242289,34
SAMEA114241945,34
SAMEA114241748,34
SAMEA1033927,34
SAMEA1033943,34
SAMEA104455821,34
SAMEA114309487,34
SAMEA114242194,34
SAMEA114392947,34
SAMEA114309543,34
SAMEA110665532,34
SAMEA114392602,34
SAMEA1033710,34
SAMEA104456469,34
SAMEA102134668,34
SAMEA1024065,34
SAMEA114276762,34
SAMEA104456026,34
SAMEA102245668,34
SAMEA114309576,34
SAMEA114241833,34
SAMEA114309688,34
SAMEA1033871,34
SAMEA114242254,34
SAMEA114309771,34
SAMEA1033698,34
SAMEA1033861,34
SAMEA1033859,34
SAMEA102273418,34
SAMEA114241770,34
SAMEA1025383,34
SAMEA114276774,34
SAMEA10427058,34
SAMEA104154316,34
SAMEA1033815,34
SAMEA1024101,34
SAMEA114276764,34
SAMEA114276735,34
SAMEA1033844,34
SAMEA1033962,34
SAMEA114242170,34
SAMEA1033569,34
SAMEA1022955,34
SAMEA114241862,34
SAMEA1033643,34
SAMEA102166168,34
SAMEA1024770,34
SAMEA1033931,34
SAMEA1033753,34
SAMEA10427639,34
SAMEA114309529,34
SAMEA114309694,34
SAMEA1025605,34
SAMEA1033741,34
SAMEA1033993,34
SAMEA114309822,34
SAMEA1033828,34
SAMEA104154579,34
SAMEA104154543,34
SAMEA114309651,34
SAMEA114309541,34
SAMEA114309824,34
SAMEA104154460,34
SAMEA114241781,34
SAMEA1033998,34
SAMEA114309458,34
SAMEA114276792,34
SAMEA1033800,34
SAMEA1033519,34
SAMEA114309547,34
SAMEA114309498,34
SAMEA114242284,34
SAMEA1033909,34
SAMEA1033896,34
SAMEA114241988,34
SAMEA104154426,34
SAMEA1033840,34
SAMEA1033552,34
SAMEA102163168,34
SAMEA114242305,34
SAMEA110665063,34
SAMEA1034008,34
SAMEA1033985,34
SAMEA1033773,34
SAMEA104455976,34
SAMEA102157168,34
SAMEA114242158,34
SAMEA1033768,34
SAMEA114276605,34
SAMEA114241942,34
SAMEA104154457,34
SAMEA1033950,34
SAMEA1033822,34
SAMEA1025152,34
SAMEA114276607,34
SAMEA1033725,34
SAMEA114309766,34
SAMEA104154538,34
SAMEA114241879,34
SAMEA104154546,34
SAMEA104456131,34
SAMEA114276802,34
SAMEA114345892,34
SAMEA104455929,34
SAMEA10427352,34
SAMEA114276681,34
SAMEA10427461,34
SAMEA10427236,34
SAMEA104455851,34
SAMEA104154561,34
SAMEA114241926,34
SAMEA1033887,34
SAMEA1033960,34
SAMEA1028791,34
SAMEA102283918,34
SAMEA114309823,34
SAMEA114242220,34
SAMEA1024621,34
SAMEA1033867,34
SAMEA1034009,34
SAMEA1033963,34
SAMEA1025568,34
SAMEA10427301,34
SAMEA1033938,34
SAMEA114276646,34
SAMEA1033921,34
SAMEA104455852,34
SAMEA10427172,34
SAMEA114309809,34
SAMEA1033841,34
SAMEA114392567,34
SAMEA1033836,34
SAMEA104154421,34
SAMEA104154383,34
SAMEA1033762,34
SAMEA1033869,34
SAMEA104154346,34
SAMEA114490216,31
SAMEA113533805,31
SAMEA104456360,31
SAMEA114229973,31
SAMEA112126363,31
SAMEA114211763,31
SAMEA104035956,31
SAMEA114441730,31
SAMEA104035434,31
SAMEA113533840,31
SAMEA114088672,31
SAMEA104035124,31
SAMEA114478985,31
SAMEA114326254,31
SAMEA112126389,31
SAMEA114375761,31
SAMEA104035337,31
SAMEA114229951,31
SAMEA104035298,31
SAMEA113533866,31
SAMEA114088721,31
SAMEA114490143,31
SAMEA104035419,31
SAMEA114346175,31
SAMEA114478952,31
SAMEA114520645,31
SAMEA104035823,31
SAMEA114088615,31
SAMEA114490393,31
SAMEA114088649,31
SAMEA114478887,31
SAMEA114442058,31
SAMEA114326461,31
SAMEA104035754,31
SAMEA114346225,31
SAMEA114326122,31
SAMEA104035194,31
SAMEA114479223,31
SAMEA104035156,31
SAMEA114326421,31
SAMEA104035327,31
SAMEA113533875,31
SAMEA112824216,31
SAMEA114520379,31
SAMEA114326161,31
SAMEA104035132,31
SAMEA112824322,31
SAMEA114212278,31
SAMEA104154993,31
SAMEA104456369,31
SAMEA114478823,31
SAMEA114313595,31
SAMEA114088769,31
SAMEA104035838,31
SAMEA1026550,31
SAMEA104035872,31
SAMEA104035876,31
SAMEA104035822,31
SAMEA114442008,31
SAMEA114441713,31
SAMEA104035272,31
SAMEA104154984,31
SAMEA104035168,31
SAMEA104038604,31
SAMEA113533803,31
SAMEA104035913,31
SAMEA114088750,31
SAMEA114375732,31
SAMEA114212227,31
SAMEA114326243,31
SAMEA114341930,31
SAMEA104035271,31
SAMEA112126358,31
SAMEA104035415,31
SAMEA104035882,31
SAMEA104034966,31
SAMEA113533804,31
SAMEA113533785,31
SAMEA104035690,31
SAMEA104035971,31
SAMEA114442006,31
SAMEA104035724,31
SAMEA104035902,31
SAMEA114520447,31
SAMEA114490125,31
SAMEA104035387,31
SAMEA104155135,31
SAMEA104035173,31
SAMEA114326462,31
SAMEA104035714,31
SAMEA112824234,31
SAMEA114441690,31
SAMEA114088612,31
SAMEA113533865,31
SAMEA104035731,31
SAMEA104035787,31
SAMEA104456351,31
SAMEA114211864,31
SAMEA104035655,31
SAMEA114479438,31
SAMEA114326353,31
SAMEA104035817,31
SAMEA104155013,31
SAMEA104456355,31
SAMEA114479299,31
SAMEA114088705,31
SAMEA114088678,31
SAMEA114326255,31
SAMEA114375728,31
SAMEA114212253,31
SAMEA1026449,31
SAMEA104035255,31
SAMEA114441691,31
SAMEA104035151,31
SAMEA114212046,31
SAMEA114088706,31
SAMEA104035556,31
SAMEA114441723,31
SAMEA114313601,31
SAMEA104035131,31
SAMEA114088717,31
SAMEA114326418,31
SAMEA114211790,31
SAMEA113533842,31
SAMEA104035259,31
SAMEA114088741,31
SAMEA104035421,31
SAMEA114212311,31
SAMEA112824231,31
SAMEA114341801,31
SAMEA114478752,31
SAMEA104035918,31
SAMEA114313592,31
SAMEA113533837,31
SAMEA104035907,31
SAMEA114313600,31
SAMEA114326370,31
SAMEA114441571,31
SAMEA104035344,31
SAMEA104035163,31
SAMEA104456194,31
SAMEA114479483,31
SAMEA104035422,31
SAMEA114346172,31
SAMEA113533856,31
SAMEA104035270,31
SAMEA114520433,31
SAMEA112126369,31
SAMEA104035187,31
SAMEA113533783,31
SAMEA104035409,31
SAMEA114313613,31
SAMEA104035538,31
SAMEA104035292,31
SAMEA114375762,31
SAMEA114520345,31
SAMEA114341905,31
SAMEA112824265,31
SAMEA104034752,31
SAMEA114326237,31
SAMEA112824181,31
SAMEA114326288,31
SAMEA114088704,31
SAMEA114441876,31
SAMEA104035416,31
SAMEA104035285,31
SAMEA114479443,31
SAMEA113533815,31
SAMEA114212244,31
SAMEA112824330,31
SAMEA104155129,31
SAMEA104034601,31
SAMEA114341906,31
SAMEA114341864,31
SAMEA113533807,31
SAMEA114479062,31
SAMEA104034810,31
SAMEA114341892,31
SAMEA104035777,31
SAMEA114036827,43
SAMEA104456155,43
SAMEA110665965,43
SAMEA114478925,43
SAMEA112126391,43
SAMEA102146668,43
SAMEA114313377,43
SAMEA114229968,43
SAMEA102151918,43
SAMEA114211856,43
SAMEA110666063,43
SAMEA114036851,43
SAMEA114088699,43
SAMEA10254590,43
SAMEA104154622,43
SAMEA114036859,43
SAMEA104456364,43
SAMEA104456120,43
SAMEA1025588,43
SAMEA104035323,43
SAMEA1033911,43
SAMEA114520415,43
SAMEA114478746,43
SAMEA111378843,43
SAMEA104355982,43
SAMEA114313283,43
SAMEA110665960,43
SAMEA114229947,43
SAMEA103953594,43
SAMEA114408462,43
SAMEA103953457,43
SAMEA104456198,43
SAMEA1025557,43
SAMEA104456219,43
SAMEA114326197,43
SAMEA114392859,43
SAMEA114441957,43
SAMEA1028950,43
SAMEA114408255,43
SAMEA10254790,43
SAMEA112824280,43
SAMEA104355701,43
SAMEA104154312,43
SAMEA104456165,43
SAMEA103953692,43
SAMEA110666073,43
SAMEA114407967,43
SAMEA1028748,43
SAMEA114441525,43
SAMD00224676,43
SAMEA104355865,43
SAMEA104154330,43
SAMEA114407917,43
SAMEA104456372,43
SAMEA114463208,43
SAMEA10254833,43
SAMEA103953637,43
SAMEA114441658,43
SAMEA114408021,43
SAMEA104456416,43
SAMEA104035456,43
SAMEA104455831,43
SAMEA104035681,43
SAMEA114392801,43
SAMEA114520674,43
SAMEA104355917,43
SAMEA1026154,43
SAMEA114441152,43
SAMEA114313349,43
SAMEA104038584,43
SAMEA104141995,43
SAMEA114326187,43
SAMEA114441160,43
SAMEA114036679,43
SAMEA104035900,43
SAMEA1024148,43
SAMEA114441365,43
SAMEA114408050,43
SAMEA114392732,43
SAMEA110665381,43
SAMEA104155088,43
SAMEA114392683,43
SAMEA104456405,43
SAMEA114313204,43
SAMD00224681,43
SAMEA104456362,43
SAMEA104456283,43
SAMEA104456308,43
SAMEA114313278,43
SAMEA114463223,43
SAMEA110665274,43
SAMEA104035784,43
SAMEA104456259,43
SAMEA104355731,43
SAMEA114392724,43
SAMEA114392733,43
SAMEA114313431,43
SAMEA104035819,43
SAMEA110665251,43
SAMEA114313413,43
SAMEA114313224,43
SAMEA114463221,43
SAMEA114392774,43
SAMEA1029331,43
SAMEA114408384,43
SAMEA114408486,43
SAMEA114463278,43
SAMEA104155025,43
SAMEA114520649,43
SAMEA114313320,43
SAMEA110665410,43
SAMEA114520655,43
SAMEA1023998,43
SAMEA1029344,43
SAMEA104154701,43
SAMEA114407884,43
SAMEA104035959,43
SAMEA104141674,43
SAMEA114441284,43
SAMEA103953598,43
SAMEA104456262,43
SAMEA112126395,43
SAMEA114441937,43
SAMEA114479031,43
SAMEA114408312,43
SAMEA104355799,43
SAMEA110665201,43
SAMEA10254738,43
SAMEA114392667,43
SAMEA1023961,43
SAMEA1033717,43
SAMEA114313198,43
SAMEA114408102,43
SAMEA114408000,43
SAMEA104154583,43
SAMEA114313424,43
SAMEA114392775,43
SAMEA114313286,43
SAMEA114441607,43
SAMEA114309556,43
SAMEA114408199,43
SAMEA114408487,43
SAMEA104141809,43
SAMEA104155077,43
SAMEA104456391,43
SAMEA104355807,43
SAMEA110666089,43
SAMEA114313282,43
SAMEA114441313,43
SAMEA114520574,43
SAMEA104155069,43
SAMEA1033926,43
SAMEA104141812,43
SAMEA114463202,43
SAMEA104456401,43
SAMEA114520388,43
SAMEA114392597,43
SAMEA114211953,43
SAMEA110666071,43
SAMEA114490015,43
SAMEA110666009,43
SAMEA114313214,43
SAMEA104456252,43
SAMEA114313481,43
SAMEA114441748,43
SAMEA104035797,43
SAMEA104355998,43
SAMEA104355588,43
SAMEA110666069,43
SAMEA114478921,43
SAMEA110665981,43
SAMEA114407891,43
SAMEA114441377,43
SAMEA114309695,43
SAMEA114313197,43
SAMEA110665841,43
SAMEA110665847,43
SAMEA114036822,43
SAMEA103953661,43
SAMEA103953551,43
SAMEA110665362,43
SAMEA114392689,43
SAMEA114408252,43
SAMEA104154595,43
SAMEA113533797,43
SAMEA104154311,43
SAMEA114212127,43
SAMEA114392877,43
SAMEA114479296,43
SAMEA114392611,43
SAMEA114408305,43
SAMEA114479120,43
SAMEA104456292,43
SAMEA104035162,43
SAMEA114326295,43
SAMEA104154802,43
SAMEA114441422,43
SAMEA114211769,43
SAMEA1025028,43
SAMEA114392773,43
SAMEA110666085,43
SAMEA1025026,43
SAMEA114036833,43
SAMEA104455973,43
SAMEA114313397,43
SAMEA104355960,43
SAMEA114479552,43
SAMEA114489987,43
SAMEA112486141,1001
SAMEA112485960,1001
SAMEA112486020,1001
SAMEA112486519,1001
SAMEA112486308,1001
SAMEA112486628,1001
SAMEA112486743,1001
SAMEA112486734,1001
SAMEA112486111,1001
SAMEA112486258,1001
SAMEA112486024,1001
SAMEA112486573,1001
SAMEA112486557,1001
SAMEA112486317,1001
SAMEA112960694,1001
SAMEA112485852,1001
SAMEA112486546,1001
SAMEA112486649,1001
SAMEA112486523,1001
SAMEA112486161,1001
SAMEA112486722,1001
SAMEA112486224,1001
SAMEA112486664,1001
SAMEA112960877,1001
SAMEA112486428,1001
SAMEA112486726,1001
SAMEA112486361,1001
SAMEA112485922,1001
SAMEA112960816,1001
SAMEA112486022,1001
SAMEA112486369,1001
SAMEA112486561,1001
SAMEA112486818,1001
SAMEA112960856,1001
SAMEA112486800,1001
SAMEA112486280,1001
SAMEA112486551,1001
SAMEA112486027,1001
SAMEA112486385,1001
SAMEA112486044,1001
SAMEA112960669,1001
SAMEA112486222,1001
SAMEA112960787,1001
SAMEA112485942,1001
SAMEA112486058,1001
SAMEA112486575,1001
SAMEA112485986,1001
SAMEA112486740,1001
SAMEA112486476,1001
SAMEA112485854,1001
SAMEA112486116,1001
SAMEA112960705,1001
SAMEA112486056,1001
SAMEA112486199,1001
SAMEA112960737,1001
SAMEA112486270,1001
SAMEA112486797,1001
SAMEA112485916,1001
SAMEA112486518,1001
SAMEA112486336,1001
SAMEA112485914,1001
SAMEA112486728,1001
SAMEA112486304,1001
SAMEA112486717,1001
SAMEA112486768,1001
SAMEA112960908,1001
SAMEA112486659,1001
SAMEA112486508,1001
SAMEA112486562,1001
SAMEA112486583,1001
SAMEA112486554,1001
SAMEA112486048,1001
SAMEA112486804,1001
SAMEA112485841,1001
SAMEA112486334,1001
SAMEA112486073,1001
SAMEA112486791,1001
SAMEA112486718,1001
SAMEA112486678,1001
SAMEA112486545,1001
SAMEA112960704,1001
SAMEA112486795,1001
SAMEA112486653,1001
SAMEA112960794,1001
SAMEA112485875,1001
SAMEA112486746,1001
SAMEA112485956,1001
SAMEA112486453,1001
SAMEA112486766,1001
SAMEA112486568,1001
SAMEA112486235,1001
SAMEA112960864,1001
SAMEA112486195,1001
SAMEA112486342,1001
SAMEA112486028,1001
SAMEA112486496,1001
SAMEA112486159,1001
SAMEA112486524,1001
SAMEA112486384,1001
SAMEA112486571,1001
SAMEA112486284,1001
SAMEA112486798,1001
SAMEA112486295,1001
SAMEA112486430,1001
SAMEA112486831,1001
SAMEA112486008,1001
SAMEA112486670,1001
SAMEA112486246,1001
SAMEA112486732,1001
SAMEA112486555,1001
SAMEA112486539,1001
SAMEA112486135,1001
SAMEA112486648,1001
SAMEA112486297,1001
SAMEA112960744,1001
SAMEA112485949,1001
SAMEA112486245,1001
SAMEA112486080,1001
SAMEA112486139,1001
SAMEA112486506,1001
SAMEA112960703,1001
SAMEA112486810,1001
SAMEA112485862,1001
SAMEA112486065,1001
SAMEA112486060,1001
SAMEA112960930,1001
SAMEA112486277,1001
SAMEA112485880,1001
SAMEA112486418,1001
SAMEA112485999,1001
SAMEA112486125,1001
SAMEA112486411,1001
SAMEA112486536,1001
SAMEA112486824,1001
SAMEA112486821,1001
SAMEA112486069,1001
SAMEA112485853,1001
SAMEA112485887,1001
SAMEA112486729,1001
SAMEA112486608,1001
SAMEA112960725,1001
SAMEA112486658,1001
SAMEA112486050,1001
SAMEA112486376,1001
SAMEA112486788,1001
SAMEA112486445,1001
SAMEA112486776,1001
SAMEA112486123,1001
SAMEA112486631,1001
SAMEA112486497,1001
SAMEA112486487,1001
SAMEA112960712,1001
SAMEA112486803,1001
SAMEA112486796,1001
SAMEA112486413,1001
SAMEA112485940,1001
SAMEA112486507,1001
SAMEA112486017,1001
SAMEA112486638,1001
SAMEA112486278,1001
SAMEA112486773,1001
SAMEA112486378,1001
SAMEA112485932,1001
SAMEA112486570,1001
SAMEA112486084,1001
SAMEA112486132,1001
SAMEA112486356,1001
SAMEA112486504,1001
SAMEA112486769,1001
SAMEA112485987,1001
SAMEA112486772,1001
SAMEA112486731,1001
SAMEA112486739,1001
SAMEA112486254,1001
SAMEA112486031,1001
SAMEA112486738,1001
SAMEA112486446,1001
SAMEA112486724,1001
SAMEA112486274,1001
SAMEA112486163,1001
SAMEA112960804,1001
SAMEA112486311,1001
SAMEA112486615,1001
SAMEA112486256,1001
SAMEA112960702,1001
SAMEA112486286,1001
SAMEA112485990,1001
SAMEA112486114,1001
SAMEA112486502,1001
SAMEA112486182,1001
SAMEA112486747,1001
SAMEA112486018,1001
SAMEA112486365,1001
SAMEA112486438,1001
SAMEA112485964,1001
SAMEA112485998,1001
SAMEA112486749,1001
SAMEA112486721,1001
SAMEA112486509,1001
SAMEA112486292,1001
SAMEA112485872,1001
SAMEA112486267,1001
SAMEA112486457,1001
SAMEA112486268,1001
SAMEA112486185,1001
SAMEA112486488,1001
SAMEA112486744,1001
SAMEA112486697,1001
SAMEA112486753,1001
SAMEA112486113,1001
SAMEA112486656,1001
SAMEA112486390,1001
SAMEA112486542,1001
SAMEA112960778,1001
SAMEA112486774,1001
SAMEA112486640,1001
SAMEA112486632,1001
SAMEA112486184,1001
SAMEA112486248,1001
SAMEA112486572,1001
SAMEA112960926,1001
SAMEA112486064,1001
SAMEA112486794,1001
SAMEA112486335,1001
SAMEA112486815,1001
SAMEA112486672,1001
SAMEA112960761,1001
SAMEA112486680,1001
SAMEA112486785,1001
SAMEA112486449,1001
SAMEA112486468,1001
SAMEA112485856,1001
SAMEA112486273,1001
SAMEA112960806,1001
SAMEA112486528,1001
SAMEA114341790,38
SAMEA111352056,38
SAMEA114479512,38
SAMEA110665783,38
SAMEA10254932,38
SAMEA110665758,38
SAMEA114088725,38
SAMEA114346017,38
SAMEA114276538,38
SAMEA114490063,38
SAMEA104035952,38
SAMEA10427149,38
SAMEA114313336,38
SAMEA114341935,38
SAMEA110665966,38
SAMEA114346001,38
SAMEA114479568,38
SAMEA114346015,38
SAMEA110664908,38
SAMEA104177252,38
SAMEA114346150,38
SAMEA111457479,38
SAMEA104154705,38
SAMEA114346034,38
SAMEA104035240,38
SAMEA1026652,38
SAMEA104155122,38
SAMEA1026321,38
SAMEA114490020,38
SAMEA104456201,38
SAMEA114479224,38
SAMEA114036725,38
SAMEA114346049,38
SAMEA104035615,38
SAMEA114276723,38
SAMEA114408372,38
SAMEA114408494,38
SAMEA104035127,38
SAMEA110664938,38
SAMEA104035663,38
SAMEA114442028,38
SAMEA114407963,38
SAMEA114490291,38
SAMEA114520516,38
SAMEA114326113,38
SAMEA1028654,38
SAMEA114309759,38
SAMEA110665639,38
SAMEA114520344,38
SAMEA110665774,38
SAMEA110666125,38
SAMEA114408025,38
SAMEA104035134,38
SAMEA104034808,38
SAMEA111457530,38
SAMEA110665871,38
SAMEA104035855,38
SAMEA114212203,38
SAMEA114479279,38
SAMEA114309699,38
SAMEA104177218,38
SAMEA1028859,38
SAMEA114479521,38
SAMEA104456163,38
SAMEA10427907,38
SAMEA104035462,38
SAMEA111351879,38
SAMEA114478757,38
SAMEA114490346,38
SAMEA114211724,38
SAMEA104456509,38
SAMEA111351848,38
SAMEA1029154,38
SAMEA114375735,38
SAMEA110666168,38
SAMEA1032506,38
SAMEA114375499,38
SAMEA104154639,38
SAMEA114441274,38
SAMEA104456289,38
SAMEA112126399,38
SAMEA10427617,38
SAMEA1026478,38
SAMEA114346055,38
SAMEA111352113,38
SAMEA1029116,38
SAMEA104456325,38
SAMEA114313172,38
SAMEA112299463,38
SAMEA102241168,38
SAMEA1028659,38
SAMEA110664945,38
SAMEA114036888,38
SAMEA114212000,38
SAMEA10254620,38
SAMEA114036639,38
SAMEA114490231,38
SAMEA114326403,38
SAMEA114441660,38
SAMEA114346059,38
SAMEA114479264,38
SAMEA114479507,38
SAMEA1028928,38
SAMEA114442020,38
SAMEA114341825,38
SAMEA1028689,38
SAMEA104355891,38
SAMEA114375471,38
SAMEA114345966,38
SAMEA114479159,38
SAMEA114309736,38
SAMEA1026444,38
SAMEA1026388,38
SAMEA104456842,38
SAMEA114241762,38
SAMEA1025381,38
SAMEA104035050,38
SAMEA114392769,38
SAMEA114036619,38
SAMEA104035656,38
SAMEA104035277,38
SAMEA1032706,38
SAMEA1026697,38
SAMEA102242668,38
SAMEA114036649,38
SAMEA10427870,38
SAMEA110665224,38
SAMEA114211878,38
SAMEA114088737,38
SAMEA114211744,38
SAMEA114520492,38
SAMEA104035601,38
SAMEA114490331,38
SAMEA111351850,38
SAMEA114242362,38
SAMEA114241771,38
SAMEA114408249,38
SAMEA114341909,38
SAMEA1022811,38
SAMEA1026788,38
SAMEA114479447,38
SAMEA10427973,38
SAMEA1026782,38
SAMEA114375336,38
SAMEA1022819,38
SAMEA110665799,38
SAMEA114341918,38
SAMEA110665787,38
SAMEA114520337,38
SAMEA114313520,38
SAMEA104035923,38
SAMEA114036880,38
SAMEA10427977,38
SAMEA114520672,38
SAMEA104034809,38
SAMEA104034949,38
SAMEA104035479,38
SAMEA104456371,38
SAMEA10254841,38
SAMEA114088747,38
SAMEA114346066,38
SAMEA1032420,38
SAMEA110665036,38
SAMEA114375320,38
SAMEA1025354,38
SAMEA114346166,38
SAMEA1029293,38
SAMEA114346184,38
SAMEA104456116,38
SAMEA112126384,38
SAMEA104034807,38
SAMEA1028888,38
SAMEA104154695,38
SAMEA114479457,38
SAMEA104456870,38
SAMEA114212333,38
SAMEA104355885,38
SAMEA114520307,38
SAMEA1025913,38
SAMEA111457460,38
SAMEA1029064,38
SAMEA111457394,38
SAMEA114309735,38
SAMEA114309363,38
SAMEA114375829,38
SAMEA10254807,38
SAMEA114346084,38
SAMEA114479040,38
SAMEA114490236,38
SAMEA114441138,38
SAMEA1028911,38
SAMEA114228284,38
SAMEA1032471,38
SAMEA114479041,38
SAMEA110665948,38
SAMEA104456370,38
SAMEA114036882,38
SAMEA110665987,38
SAMEA114478767,38
SAMEA104035048,38
SAMEA114241784,38
SAMEA114211740,38
SAMEA114242047,38
SAMEA114036831,38
SAMEA1032439,38
SAMEA114375727,38
SAMEA114375767,38
SAMEA114490197,38
SAMEA104154804,38
SAMEA1026803,38
SAMEA114241886,38
SAMEA111378861,38
SAMEA104456410,38
SAMEA104154682,38
SAMEA104411361,44
SAMEA114520418,44
SAMEA104035947,44
SAMEA114309388,44
SAMEA104411354,44
SAMEA104411355,44
SAMEA104411376,44
SAMEA114309392,44
SAMEA114212051,44
SAMEA112647432,44
SAMEA104177312,44
SAMEA111352119,44
SAMEA112126419,44
SAMEA114489972,44
SAMEA104154518,44
SAMEA104154514,44
SAMEA114211989,44
SAMEA104154349,44
SAMEA114341786,44
SAMEA114212198,44
SAMEA104035579,44
SAMEA104411370,44
SAMEA114479121,44
SAMEA104411372,44
SAMEA114326217,44
SAMEA114520710,44
SAMEA114441839,44
SAMEA104411367,44
SAMEA114520489,44
SAMEA104035643,44
SAMEA114341771,44
SAMEA104034904,44
SAMEA104411356,44
SAMEA114441893,44
SAMEA114212008,44
SAMEA114326165,44
SAMEA104411366,44
SAMEA104154302,44
SAMEA114341784,44
SAMEA104411348,44
SAMEA1026511,44
SAMEA104411365,44
SAMEA104154326,44
SAMEA114441633,44
SAMEA104035733,44
SAMEA114479570,44
SAMEA114520304,44
SAMEA104177278,44
SAMEA104034932,44
SAMEA112824286,44
SAMEA114309384,44
SAMEA114441686,44
SAMEA104154318,44
SAMEA114490251,44
SAMEA1026315,44
SAMEA114229953,44
SAMEA111352013,44
SAMEA104154285,44
SAMEA114313262,44
SAMEA111352007,44
SAMEA102218668,44
SAMEA104154403,44
SAMEA104154289,44
SAMEA104155137,44
SAMEA112467250,44
SAMEA114326379,44
SAMEA114490321,44
SAMEA111352152,44
SAMEA104411364,44
SAMEA114441944,44
SAMEA114441762,44
SAMEA114326289,44
SAMEA114520316,44
SAMEA112126362,44
SAMEA114478725,44
SAMEA114309442,44
SAMEA114479197,44
SAMEA104155106,44
SAMEA114490364,44
SAMEA114341877,44
SAMEA114520507,44
SAMEA114441720,44
SAMEA104177315,44
SAMEA111351784,44
SAMEA111441629,44
SAMEA104411353,44
SAMEA1026351,44
SAMEA104154301,44
SAMEA111352041,44
SAMEA104411349,44
SAMEA104411378,44
SAMEA104411371,44
SAMEA111441666,44
SAMEA114479071,44
SAMEA114490207,44
SAMEA104034900,44
SAMEA104411350,44
SAMEA104411375,44
SAMEA114490199,44
SAMEA1026323,44
SAMEA111352145,44
SAMEA111351933,44
SAMEA104035003,44
SAMEA111441643,44
SAMEA114479436,44
SAMEA104034864,44
SAMEA114520746,44
SAMEA10427548,44
SAMEA104154310,44
SAMEA104411369,44
SAMEA111352104,44
SAMEA1026393,44
SAMEA114520346,44
SAMEA114478955,44
SAMEA104411363,44
SAMEA111352148,44
SAMEA114326103,44
SAMEA114479249,44
SAMEA112647454,44
SAMEA112647551,44
SAMEA114211858,44
SAMEA104411368,44
SAMEA104034613,44
SAMEA104154292,44
SAMEA114326283,44
SAMEA104411379,44
SAMEA104411358,44
SAMEA114479371,44
SAMEA114313550,44
SAMEA114520614,44
SAMEA114313411,44
SAMEA104034593,44
SAMEA104154344,44
SAMEA114326372,44
SAMEA114490027,44
SAMEA114479587,44
SAMEA104035816,44
SAMEA114520429,44
SAMEA114520515,44
SAMEA104411359,44
SAMEA114479551,44
SAMEA104154324,44
SAMEA114441811,44
SAMEA114441685,44
SAMEA104411373,44
SAMEA112126402,44
SAMEA114520368,44
SAMEA104411374,44
SAMEA112647471,44
SAMEA114520367,44
SAMEA1022945,44
SAMEA114309394,44
SAMEA111328345,44
SAMEA112299512,44
SAMEA114479326,44
SAMEA104154380,44
SAMEA112299409,44
SAMEA114479089,44
SAMEA112647478,44
SAMEA104411360,44
SAMEA111352110,44
SAMEA1022774,44
SAMEA1026316,44
SAMEA114088611,44
SAMEA104177333,44
SAMEA111351854,44
SAMEA104034721,44
SAMEA104035042,44
SAMEA111352071,44
SAMEA114441958,44
SAMEA104034857,44
SAMEA111351886,44
SAMEA104411351,44
SAMEA112126337,44
SAMEA104154314,44
SAMEA114313225,44
SAMEA114309390,44
SAMEA114520632,44
SAMEA104034826,44
SAMEA104411347,44
SAMEA104177290,44
SAMEA104411377,44
SAMEA112647433,44
SAMEA104355801,44
SAMEA114326128,44
SAMEA114520694,44
SAMEA104035590,44
SAMEA114520389,44
SAMEA114313454,44
SAMEA114479451,44
SAMEA114490272,44
SAMEA104411362,44
SAMEA112647456,44
SAMEA104154433,44
SAMEA114341849,44
SAMEA114478833,44
SAMEA111441700,44
SAMEA114341903,44
SAMEA104035562,44
SAMEA114341845,44
SAMEA104154388,44
SAMEA111378894,1404;61
SAMEA114088618,1404;61
SAMEA114520681,1404;61
SAMEA104355677,1404;61
SAMEA114375750,1404;61
SAMEA114478730,1404;61
SAMEA114212131,1404;61
SAMEA104034920,1404;61
SAMEA114442017,1404;61
SAMEA104154803,1404;61
SAMEA114375734,1404;61
SAMEA102243418,1404;61
SAMEA104355577,1404;61
SAMEA114346209,1404;61
SAMEA104035155,1404;61
SAMEA114345987,1404;61
SAMEA114463252,1404;61
SAMEA104154983,1404;61
SAMEA104355728,1404;61
SAMEA104355819,1404;61
SAMEA1026570,1404;61
SAMEA114036620,1404;61
SAMEA112824252,1404;61
SAMEA114375775,1404;61
SAMEA10254678,1404;61
SAMEA112824171,1404;61
SAMEA114229939,1404;61
SAMEA114313317,1404;61
SAMEA114212183,1404;61
SAMEA114490111,1404;61
SAMEA114313371,1404;61
SAMEA114478754,1404;61
SAMEA1026474,1404;61
SAMEA114346029,1404;61
SAMEA104154570,1404;61
SAMEA1026781,1404;61
SAMEA114313437,1404;61
SAMEA104154714,1404;61
SAMEA114211738,1404;61
SAMEA104355734,1404;61
SAMEA1026656,1404;61
SAMEA104155049,1404;61
SAMEA114313470,1404;61
SAMEA114489927,1404;61
SAMEA114490178,1404;61
SAMEA1026505,1404;61
SAMEA104035527,1404;61
SAMEA103953603,1404;61
SAMEA114211918,1404;61
SAMEA1026607,1404;61
SAMEA10254880,1404;61
SAMEA104154890,1404;61
SAMEA111441673,1404;61
SAMEA114088669,1404;61
SAMEA114479240,1404;61
SAMEA114408400,1404;61
SAMEA111457373,1404;61
SAMEA114490039,1404;61
SAMEA114088624,1404;61
SAMEA1026745,1404;61
SAMEA114211928,1404;61
SAMEA114346047,1404;61
SAMEA114520749,1404;61
SAMEA114326195,1404;61
SAMEA114346193,1404;61
SAMEA10427514,1404;61
SAMEA1026337,1404;61
SAMEA114520748,1404;61
SAMEA114212274,1404;61
SAMEA104154534,1404;61
SAMEA114375764,1404;61
SAMEA104154632,1404;61
SAMEA10254710,1404;61
SAMEA112299358,1404;61
SAMEA114490086,1404;61
SAMEA104154725,1404;61
SAMEA114520445,1404;61
SAMEA104355589,1404;61
SAMEA104154912,1404;61
SAMEA114392691,1404;61
SAMEA104154741,1404;61
SAMEA103953489,1404;61
SAMEA114326404,1404;61
SAMEA104154526,1404;61
SAMEA112824212,1404;61
SAMEA114479037,1404;61
SAMEA114441617,1404;61
SAMEA114211959,1404;61
SAMEA112824211,1404;61
SAMEA114313604,1404;61
SAMEA114441613,1404;61
SAMEA114326180,1404;61
SAMEA114211910,1404;61
SAMEA114490022,1404;61
SAMEA104154953,1404;61
SAMEA104154813,1404;61
SAMEA114341933,1404;61
SAMEA104154958,1404;61
SAMEA114313182,1404;61
SAMEA114088714,1404;61
SAMEA114479155,1404;61
SAMEA112647577,1404;61
SAMEA10254726,1404;61
SAMEA102227668,1404;61
SAMEA104355586,1404;61
SAMEA114088745,1404;61
SAMEA1026728,1404;61
SAMEA104154929,1404;61
SAMEA114313362,1404;61
SAMEA10254602,1404;61
SAMEA104154836,1404;61
SAMEA114520343,1404;61
SAMEA104035398,1404;61
SAMEA104154428,1404;61
SAMEA114520682,1404;61
SAMEA104356009,1404;61
SAMEA114490126,1404;61
SAMEA114479373,1404;61
SAMEA114346051,1404;61
SAMEA114326115,1404;61
SAMEA114313398,1404;61
SAMEA114088712,1404;61
SAMEA114441544,1404;61
SAMEA114212024,1404;61
SAMEA114346092,1404;61
SAMEA114479257,1404;61
SAMEA102168418,1404;61
SAMEA111457439,1404;61
SAMEA114442023,1404;61
SAMEA104035916,1404;61
SAMEA114520359,1404;61
SAMEA114479437,1404;61
SAMEA114520380,1404;61
SAMEA10254697,1404;61
SAMEA114490267,1404;61
SAMEA103953625,1404;61
SAMEA112824176,1404;61
SAMEA114313199,1404;61
SAMEA1026721,1404;61
SAMEA114479198,1404;61
SAMEA114088656,1404;61
SAMEA114346137,1404;61
SAMEA114479461,1404;61
SAMEA1026699,1404;61
SAMEA114346004,1404;61
SAMEA112824246,1404;61
SAMEA104355598,1404;61
SAMEA104155007,1404;61
SAMEA104154298,1404;61
SAMEA113533827,1404;61
SAMEA104155033,1404;61
SAMEA114229921,1404;61
SAMEA104154733,1404;61
SAMEA1026820,1404;61
SAMEA1024077,28
SAMEA1025419,28
SAMEA1024573,28
SAMEA1028602,28
SAMEA1024620,28
SAMEA1023949,28
SAMEA1025633,28
SAMEA1029050,28
SAMEA104343838,28
SAMEA1025563,28
SAMEA1029375,28
SAMEA1025304,28
SAMEA1029187,28
SAMEA1025493,28
SAMEA1023736,28
SAMEA1029070,28
SAMEA1025902,28
SAMEA1029434,28
SAMEA1025443,28
SAMEA1029194,28
SAMEA1029281,28
SAMEA1023740,28
SAMEA1024633,28
SAMEA1025509,28
SAMEA1025092,28
SAMEA1025294,28
SAMEA1024006,28
SAMEA1023714,28
SAMEA1025738,28
SAMEA1025734,28
SAMEA1024168,28
SAMEA1024714,28
SAMEA1026263,28
SAMEA1025769,28
SAMEA1026240,28
SAMEA104343859,28
SAMEA1025292,28
SAMEA1024112,28
SAMEA114036884,28
SAMEA1025021,28
SAMEA104343862,28
SAMEA1024733,28
SAMEA1026036,28
SAMEA1025188,28
SAMEA1026030,28
SAMEA1026203,28
SAMEA1029417,28
SAMEA104343839,28
SAMEA1025935,28
SAMEA1028757,28
SAMEA104343842,28
SAMEA1023849,28
SAMEA1029175,28
SAMEA1024983,28
SAMEA1023907,28
SAMEA1029137,28
SAMEA1028777,28
SAMEA1025904,28
SAMEA1025873,28
SAMEA1026102,28
SAMEA1028805,28
SAMEA1026221,28
SAMEA1024016,28
SAMEA1026096,28
SAMEA104343863,28
SAMEA1025730,28
SAMEA1029336,28
SAMEA1023864,28
SAMEA1029372,28
SAMEA114036775,28
SAMEA1025999,28
SAMEA1025941,28
SAMEA1028634,28
SAMEA1029238,28
SAMEA1024658,28
SAMEA1023706,28
SAMEA1025445,28
SAMEA1025768,28
SAMEA1029219,28
SAMEA1028612,28
SAMEA1026169,28
SAMEA1025548,28
SAMEA1028959,28
SAMEA1024819,28
SAMEA1029069,28
SAMEA1025977,28
SAMEA1028850,28
SAMEA1023859,28
SAMEA1025536,28
SAMEA1024681,28
SAMEA1024744,28
SAMEA1029244,28
SAMEA1024638,28
SAMEA1026124,28
SAMEA1024602,28
SAMEA1025849,28
SAMEA104343840,28
SAMEA1023965,28
SAMEA1029349,28
SAMEA1029294,28
SAMEA1029157,28
SAMEA1024813,28
SAMEA1024102,28
SAMEA1024594,28
SAMEA1028797,28
SAMEA1025388,28
SAMEA1024827,28
SAMEA1028771,28
SAMEA1025586,28
SAMEA1025808,28
SAMEA1025510,28
SAMEA1028972,28
SAMEA1023789,28
SAMEA1023725,28
SAMEA1025462,28
SAMEA1025198,28
SAMEA1029237,28
SAMEA1026187,28
SAMEA1029379,28
SAMEA1025772,28
SAMEA104343860,28
SAMEA1025377,28
SAMEA1024697,28
SAMEA1023798,28
SAMEA1025673,28
SAMEA1028709,28
SAMEA1025515,28
SAMEA1025235,28
SAMEA1029022,28
SAMEA1025963,28
SAMEA1025897,28
SAMEA1026017,28
SAMEA1029420,28
SAMEA1029381,28
SAMEA1024578,28
SAMEA1025333,28
SAMEA1029383,28
SAMEA1028763,28
SAMEA114036861,28
SAMEA1025719,28
SAMEA1024546,28
SAMEA1025716,28
SAMEA1029178,28
SAMEA1029138,28
SAMEA1022898,28
SAMEA1028822,28
SAMEA1028987,28
SAMEA1025059,28
SAMEA104343861,28
SAMEA104343841,28
SAMEA1025671,28
SAMEA1024029,28
SAMEA1024897,28
SAMEA1024171,28
SAMEA1028906,28
SAMEA1025151,28
SAMEA1023715,28
SAMEA1024949,28
SAMEA1025580,28
SAMEA1025704,28
SAMEA1026108,28
SAMEA1024126,28
SAMEA1026181,28
SAMEA1025662,28
SAMEA1025245,28
SAMEA1029440,28
SAMEA1026222,28
SAMEA1025621,28
SAMEA1026088,28
SAMEA1022784,28
SAMEA1023661,28
SAMEA114036836,28
SAMEA114036629,28
SAMEA1024182,28
SAMEA1028823,28
SAMEA1025481,28
SAMEA1022768,28
SAMEA1026219,28
SAMEA1026008,28
SAMEA104355736,28
SAMEA1023815,28
SAMEA1026210,28
SAMEA1026191,28
SAMEA1024196,28
SAMEA1028904,28
SAMEA1024662,28
SAMEA1025184,28
SAMEA1023847,28
SAMEA1026062,28
SAMEA1029254,28
SAMEA1026237,28
SAMEA1029236,28
SAMEA1024922,28
SAMEA1029027,28
SAMEA1025646,28
SAMEA1026186,28
SAMEA1025164,28
SAMEA1028869,28
SAMEA112486580,48
SAMEA112485834,48
SAMEA114309513,48
SAMEA114309546,48
SAMEA114242176,48
SAMEA114242203,48
SAMEA114309803,48
SAMEA104035186,48
SAMEA10427284,48
SAMEA104455917,48
SAMEA114228318,48
SAMEA114241940,48
SAMEA104456080,48
SAMEA1029448,48
SAMEA1024723,48
SAMEA104456460,48
SAMEA114242012,48
SAMEA114212270,48
SAMEA104456118,48
SAMEA104035638,48
SAMEA104456424,48
SAMEA1025928,48
SAMEA104456048,48
SAMEA112486321,48
SAMEA104456230,48
SAMEA114242069,48
SAMEA10427215,48
SAMEA114309692,48
SAMEA104456111,48
SAMEA114309528,48
SAMEA114242036,48
SAMEA114242081,48
SAMEA10427615,48
SAMEA114036918,48
SAMEA114276817,48
SAMEA10427220,48
SAMEA104456668,48
SAMEA112486300,48
SAMEA1029205,48
SAMEA114228339,48
SAMEA1025877,48
SAMEA104456506,48
SAMEA111457498,48
SAMEA114392692,48
SAMEA114241980,48
SAMEA10428001,48
SAMEA104456822,48
SAMEA114229958,48
SAMEA104456384,48
SAMEA114441873,48
SAMEA114309470,48
SAMEA114309485,48
SAMEA104455969,48
SAMEA1025702,48
SAMEA114345874,48
SAMEA114241884,48
SAMEA114036805,48
SAMEA114309521,48
SAMEA114242068,48
SAMEA114242280,48
SAMEA114241927,48
SAMEA112486206,48
SAMEA114276675,48
SAMEA104456487,48
SAMD00224660,48
SAMEA104456088,48
SAMEA114211816,48
SAMEA113533791,48
SAMEA104035537,48
SAMEA104035609,48
SAMD00224663,48
SAMEA114276657,48
SAMEA1025907,48
SAMEA114313144,48
SAMEA114479509,48
SAMEA114309734,48
SAMEA1024882,48
SAMEA10427194,48
SAMEA1029045,48
SAMEA114309508,48
SAMEA114309814,48
SAMEA1028894,48
SAMEA112486263,48
SAMEA114309624,48
SAMEA1025908,48
SAMEA104456064,48
SAMEA1028672,48
SAMEA114309525,48
SAMEA104456274,48
SAMEA1023780,48
SAMEA114276717,48
SAMEA114242344,48
SAMEA114309676,48
SAMEA1029005,48
SAMEA114309678,48
SAMEA114228319,48
SAMEA114242144,48
SAMEA114241998,48
SAMEA114276696,48
SAMEA104456375,48
SAMEA112486177,48
SAMEA114242311,48
SAMEA114309568,48
SAMEA114309625,48
SAMEA114242152,48
SAMEA104038613,48
SAMEA114309769,48
SAMEA114309746,48
SAMEA114212247,48
SAMEA114313143,48
SAMEA112824207,48
SAMEA114309747,48
SAMEA112486106,48
SAMEA114241869,48
SAMEA114088776,48
SAMEA114211800,48
SAMEA114309524,48
SAMEA112485971,48
SAMEA114242315,48
SAMEA114345919,48
SAMEA1025293,48
SAMEA114211840,48
SAMEA104456157,48
SAMEA114345878,48
SAMEA10427309,48
SAMEA104035007,48
SAMEA114242078,48
SAMEA104455902,48
SAMEA114309626,48
SAMEA114309666,48
SAMEA1026160,48
SAMEA10427302,48
SAMEA112647445,48
SAMEA112486456,48
SAMEA104456015,48
SAMEA114276706,48
SAMEA114313140,48
SAMEA114276781,48
SAMEA114242089,48
SAMEA114242324,48
SAMEA10427747,48
SAMEA104456395,48
SAMEA112824186,48
SAMEA111457461,48
SAMEA114309640,48
SAMEA114309582,48
SAMEA114392693,48
SAMEA114241733,48
SAMEA10427698,48
SAMEA114309461,48
SAMEA104456426,48
SAMEA114242314,48
SAMD00224657,48
SAMEA114036630,48
SAMEA114276716,48
SAMEA104035363,48
SAMEA104456176,48
SAMEA114242130,48
SAMEA114276547,48
SAMEA1025329,48
SAMEA104456702,48
SAMEA114211860,48
SAMEA112486688,48
SAMEA114309567,48
SAMEA114242239,48
SAMEA114345880,48
SAMEA114309468,48
SAMEA111457422,48
SAMEA111457392,48
SAMEA114309510,48
SAMEA114241853,48
SAMEA114309364,48
SAMEA104455770,48
SAMEA114309447,48
SAMEA114309811,48
SAMEA10427866,48
SAMEA114479396,48
SAMEA114309494,48
SAMEA114241962,48
SAMEA114276662,48
SAMEA104456205,48
SAMEA114242150,48
SAMEA114242171,48
SAMEA1028982,48
SAMEA114242160,48
SAMEA114242246,48
SAMEA114242129,48
SAMEA114241780,48
SAMEA1025485,48
SAMEA114478986,48
SAMEA114228333,48
SAMEA112486059,48
SAMEA114309449,48
SAMEA112486388,48
SAMEA114276678,48
SAMEA114228340,48
SAMD00137665,48
SAMEA114345885,48
SAMEA104455786,48
SAMEA114088616,48
SAMEA114242098,48
SAMEA10428076,48
SAMEA114441868,11
SAMEA111351843,11
SAMEA104154758,11
SAMEA111351972,11
SAMEA114479590,11
SAMEA1026423,11
SAMEA111352140,11
SAMEA111351874,11
SAMEA104034778,11
SAMEA104034996,11
SAMEA104034942,11
SAMEA104034736,11
SAMEA114490062,11
SAMEA112126414,11
SAMEA112647421,11
SAMEA112647416,11
SAMEA114479122,11
SAMEA111441634,11
SAMEA111351834,11
SAMEA104034882,11
SAMEA104035036,11
SAMEA112299348,11
SAMEA104035342,11
SAMEA114489989,11
SAMEA104035610,11
SAMEA104155110,11
SAMEA114520320,11
SAMEA112654023,11
SAMEA104177344,11
SAMEA114520648,11
SAMEA114212003,11
SAMEA112143463,11
SAMEA114212260,11
SAMEA111351917,11
SAMEA104034570,11
SAMEA111441638,11
SAMEA104456653,11
SAMEA114490136,11
SAMEA114520512,11
SAMEA114520366,11
SAMEA104035607,11
SAMEA104034603,11
SAMEA104035612,11
SAMEA104035085,11
SAMEA113533810,11
SAMEA114490327,11
SAMEA114229960,11
SAMEA1026738,11
SAMEA104655317,11
SAMEA104035473,11
SAMEA104035700,11
SAMEA111351875,11
SAMEA104035863,11
SAMEA114490165,11
SAMEA112126365,11
SAMEA114212137,11
SAMEA104034634,11
SAMEA104035653,11
SAMEA104035650,11
SAMEA104034845,11
SAMEA114229901,11
SAMEA114478845,11
SAMEA111351939,11
SAMEA111351971,11
SAMEA1026497,11
SAMEA114520330,11
SAMEA111352031,11
SAMEA1026435,11
SAMEA104035503,11
SAMEA114490056,11
SAMEA10427290,11
SAMEA104034793,11
SAMEA104034668,11
SAMEA114441974,11
SAMEA111351860,11
SAMEA104035792,11
SAMEA111352005,11
SAMEA113447770,11
SAMEA104177357,11
SAMEA114441859,11
SAMEA111351934,11
SAMEA114479300,11
SAMEA114212102,11
SAMEA104456785,11
SAMEA112824298,11
SAMEA104035600,11
SAMEA104035016,11
SAMEA104035685,11
SAMEA104034914,11
SAMEA114441770,11
SAMEA104456616,11
SAMEA114479019,11
SAMEA104035336,11
SAMEA114479234,11
SAMEA114212149,11
SAMEA114212070,11
SAMEA104035539,11
SAMEA104034699,11
SAMEA114478854,11
SAMEA104035535,11
SAMEA111351833,11
SAMEA114313422,11
SAMEA104035025,11
SAMEA104035684,11
SAMEA104035628,11
SAMEA104455945,11
SAMEA104035347,11
SAMEA104177307,11
SAMEA104456623,11
SAMEA1026702,11
SAMEA113447768,11
SAMEA114441656,11
SAMEA111441631,11
SAMEA111352123,11
SAMEA114478946,11
SAMEA111351914,11
SAMEA114441653,11
SAMEA114229956,11
SAMEA104456503,11
SAMEA1026706,11
SAMEA112299443,11
SAMEA114479581,11
SAMEA1026366,11
SAMEA104035219,11
SAMEA111352073,11
SAMEA114520422,11
SAMEA114441802,11
SAMEA104035635,11
SAMEA104177273,11
SAMEA104456672,11
SAMEA112467258,11
SAMEA104034926,11
SAMEA114478983,11
SAMEA104035348,11
SAMEA104034703,11
SAMEA104035461,11
SAMEA104035657,11
SAMEA112299522,11
SAMEA114489944,11
SAMEA1026445,11
SAMEA114520695,11
SAMEA111441639,11
SAMEA104035087,11
SAMEA114212044,11
SAMEA111351984,11
SAMEA111352098,11
SAMEA114229925,11
SAMEA114490277,11
SAMEA104456528,11
SAMEA113533811,11
SAMEA114478942,11
SAMEA114212174,11
SAMEA104035021,11
SAMEA114441872,11
SAMEA114479522,11
SAMEA104034495,11
SAMEA111351944,11
SAMEA111351839,11
SAMEA104034916,11
SAMEA114212250,11
SAMEA104034677,11
SAMEA104035545,11
SAMEA104177320,11
SAMEA104035121,11
SAMEA112126409,11
SAMEA111351994,11
SAMEA112647542,11
SAMEA111351997,11
SAMEA111351813,11
SAMEA104035220,11
SAMEA104035235,11
SAMEA104034872,11
SAMEA114520333,11
SAMEA104035370,11
SAMEA114441981,11
SAMEA10427339,11
SAMEA114520611,11
SAMEA111352088,11
SAMEA10427326,32
SAMEA1032529,32
SAMEA114326469,32
SAMEA104221986,32
SAMEA104456855,32
SAMEA114479200,32
SAMEA113533793,32
SAMEA114229910,32
SAMEA10427254,32
SAMEA114088662,32
SAMEA114346020,32
SAMEA114211859,32
SAMEA114441488,32
SAMEA104035910,32
SAMEA104221957,32
SAMEA114088651,32
SAMEA104355894,32
SAMEA104154558,32
SAMEA104154361,32
SAMEA104154708,32
SAMEA114346079,32
SAMEA103953473,32
SAMEA104456404,32
SAMEA114346165,32
SAMEA104456251,32
SAMEA114326140,32
SAMEA104154646,32
SAMEA104035313,32
SAMEA104456904,32
SAMEA104456150,32
SAMEA114441319,32
SAMEA104456326,32
SAMEA104154674,32
SAMEA114326235,32
SAMEA1026552,32
SAMEA114326216,32
SAMEA114408323,32
SAMEA104035770,32
SAMEA104221953,32
SAMEA114088743,32
SAMEA114326467,32
SAMEA114313554,32
SAMEA104154945,32
SAMEA114211857,32
SAMEA114442025,32
SAMEA10427200,32
SAMEA114520623,32
SAMEA104222013,32
SAMEA104035258,32
SAMEA114309414,32
SAMEA114341821,32
SAMEA104155112,32
SAMEA102142168,32
SAMEA114088608,32
SAMEA104035755,32
SAMEA104035571,32
SAMEA10254871,32
SAMEA10427712,32
SAMEA114211726,32
SAMEA104456817,32
SAMEA104456250,32
SAMEA104456223,32
SAMEA112654010,32
SAMEA114212208,32
SAMEA114341936,32
SAMEA10427328,32
SAMEA104355839,32
SAMEA104035349,32
SAMEA114346139,32
SAMEA104154770,32
SAMEA114326437,32
SAMEA104038558,32
SAMEA104154764,32
SAMEA104456247,32
SAMEA114346023,32
SAMEA114036740,32
SAMEA114345989,32
SAMEA114341778,32
SAMEA114341921,32
SAMEA111441667,32
SAMEA104154638,32
SAMEA114211793,32
SAMEA114479237,32
SAMEA114212263,32
SAMEA104355882,32
SAMEA114441636,32
SAMEA114326220,32
SAMEA114441494,32
SAMEA10427511,32
SAMEA104154683,32
SAMEA114211848,32
SAMEA114211791,32
SAMEA104154687,32
SAMEA104455857,32
SAMEA114441304,32
SAMEA104154645,32
SAMEA104456240,32
SAMEA111352146,32
SAMEA114309415,32
SAMEA104455854,32
SAMEA104456411,32
SAMEA114088700,32
SAMEA104222028,32
SAMEA104154680,32
SAMEA114088660,32
SAMEA113533833,32
SAMEA104177236,32
SAMEA114211951,32
SAMEA104035290,32
SAMEA104035356,32
SAMEA104035247,32
SAMEA112824222,32
SAMEA114490100,29
SAMEA114309373,29
SAMEA114212328,29
SAMEA114479334,29
SAMEA1026353,29
SAMEA104034745,29
SAMEA114229913,29
SAMEA1026432,29
SAMEA1026396,29
SAMEA114241858,29
SAMEA1026785,29
SAMEA114276608,29
SAMEA1026326,29
SAMEA104034874,29
SAMEA1026605,29
SAMEA104034803,29
SAMEA114228287,29
SAMEA114212301,29
SAMEA104035055,29
SAMEA1026616,29
SAMEA114490095,29
SAMEA104034816,29
SAMEA1026380,29
SAMEA114441590,29
SAMEA1026420,29
SAMEA1026766,29
SAMEA114212323,29
SAMEA104034532,29
SAMEA114479250,29
SAMEA104034718,29
SAMEA104034915,29
SAMEA114479432,29
SAMEA104034706,29
SAMEA1026757,29
SAMEA104034806,29
SAMEA1026684,29
SAMEA1026547,29
SAMEA104034498,29
SAMEA114478981,29
SAMEA104035010,29
SAMEA104034892,29
SAMEA104034799,29
SAMEA114490259,29
SAMEA112824304,29
SAMEA1026545,29
SAMEA104034507,29
SAMEA1026636,29
SAMEA104034773,29
SAMEA104034811,29
SAMEA104034798,29
SAMEA1026594,29
SAMEA104034956,29
SAMEA1026450,29
SAMEA104034946,29
SAMEA104034536,29
SAMEA114441783,29
SAMEA114520560,29
SAMEA104034726,29
SAMEA114228274,29
SAMEA1026743,29
SAMEA114441684,29
SAMEA114520329,29
SAMEA104034558,29
SAMEA104035222,29
SAMEA114441994,29
SAMEA104035034,29
SAMEA104035845,29
SAMEA1026763,29
SAMEA104034521,29
SAMEA1026429,29
SAMEA1026784,29
SAMEA104035458,29
SAMEA104034789,29
SAMEA114228279,29
SAMEA114229933,29
SAMEA1026804,29
SAMEA104034550,29
SAMEA104035095,29
SAMEA1026363,29
SAMEA104034762,29
SAMEA104035080,29
SAMEA112768489,29
SAMEA104034597,29
SAMEA104034742,29
SAMEA114212231,29
SAMEA104034837,29
SAMEA104034851,29
SAMEA114211999,29
SAMEA112768488,29
SAMEA1026417,29
SAMEA104034713,29
SAMEA114276695,29
SAMEA1026791,29
SAMEA114441892,29
SAMEA114490050,29
SAMEA1026664,29
SAMEA114276586,29
SAMEA114309463,29
SAMEA104034599,29
SAMEA114478875,29
SAMEA104034871,29
SAMEA114212337,29
SAMEA114441769,29
SAMEA104035054,29
SAMEA114212300,29
SAMEA104034895,29
SAMEA114520314,29
SAMEA1026596,29
SAMEA104034700,29
SAMEA104034937,29
SAMEA114479342,29
SAMEA112126383,29
SAMEA1026342,29
SAMEA104034893,29
SAMEA104034989,29
SAMEA114490030,29
SAMEA1026692,29
SAMEA104034804,29
SAMEA1026349,29
SAMEA112647487,29
SAMEA1026528,29
SAMEA104035051,29
SAMEA104034568,29
SAMEA1026373,29
SAMEA1026722,29
SAMEA114490285,29
SAMEA104034654,29
SAMEA114229932,29
SAMEA1026714,29
SAMEA1026815,29
SAMEA104034896,29
SAMEA104035213,29
SAMEA104034939,29
SAMEA114490140,29
SAMEA1026441,29
SAMEA1026574,29
SAMEA111441630,29
SAMEA1026657,29
SAMEA10427648,29
SAMEA112299523,29
SAMEA104177195,29
SAMEA114520636,96
SAMEA104355597,96
SAMEA114489985,96
SAMEA114490186,96
SAMEA114479540,96
SAMEA104035689,96
SAMEA114479014,96
SAMEA104355978,96
SAMEA104355619,96
SAMEA114479439,96
SAMEA111378848,96
SAMEA104355722,96
SAMEA114490048,96
SAMEA114478967,96
SAMEA104035934,96
SAMEA114212088,96
SAMEA104355994,96
SAMEA114478948,96
SAMEA114441718,96
SAMEA114479336,96
SAMEA104355575,96
SAMEA104355750,96
SAMEA114212124,96
SAMEA104355608,96
SAMEA114490350,96
SAMEA114479157,96
SAMEA114479389,96
SAMEA104355939,96
SAMEA114441673,96
SAMEA104355691,96
SAMEA114490324,96
SAMEA104035117,96
SAMEA114408410,96
SAMEA114212283,96
SAMEA114520454,96
SAMEA104038554,96
SAMEA104355878,96
SAMEA104355976,96
SAMEA114479508,96
SAMEA114479517,96
SAMEA114490283,96
SAMEA104355916,96
SAMEA114520653,96
SAMEA104355720,96
SAMEA114479125,96
SAMEA114479057,96
SAMEA104355614,96
SAMEA104355879,96
SAMEA104355965,96
SAMEA114479196,96
SAMEA114490092,96
SAMEA104035747,96
SAMEA114478778,96
SAMEA114442037,96
SAMEA114478829,96
SAMEA114478873,96
SAMEA114479367,96
SAMEA114441678,96
SAMEA104355887,96
SAMEA114479293,96
SAMEA104355742,96
SAMEA114490061,96
SAMEA104355920,96
SAMEA114490148,96
SAMEA114520545,96
SAMEA114490077,96
SAMEA114441869,96
SAMEA114520308,96
SAMEA114520341,96
SAMEA114479129,96
SAMEA104355622,96
SAMEA104355687,96
SAMEA102220918,96
SAMEA114479377,96
SAMEA103953485,96
SAMEA1024089,96
SAMEA114490010,96
SAMEA114441883,96
SAMEA114479479,96
SAMEA10254681,96
SAMEA114478892,96
SAMEA114520437,96
SAMEA114479354,96
SAMEA114479116,96
SAMEA114479034,96
SAMEA104355716,96
SAMEA104355714,96
SAMEA114441998,96
SAMEA104355610,96
SAMEA114479541,96
SAMEA114479290,96
SAMEA114478847,96
SAMEA104035314,96
SAMEA114441987,96
SAMEA114490250,96
SAMEA1022790,96
SAMEA114479195,96
SAMEA114441902,96
SAMEA114212002,96
SAMEA104355753,96
SAMEA114490273,96
SAMEA114479309,96
SAMEA114441979,96
SAMEA104356010,96
SAMEA114479401,96
SAMEA10254566,96
SAMEA114479417,96
SAMEA104355725,96
SAMEA114479500,96
SAMEA104355639,96
SAMEA114520654,96
SAMEA104356018,96
SAMEA104355596,96
SAMEA114479489,96
SAMEA104356026,96
SAMEA114229946,96
SAMEA114479344,96
SAMEA114479393,96
SAMEA104355762,96
SAMEA104355954,96
SAMEA114441662,96
SAMEA104355828,96
SAMEA114478969,96
SAMEA114478831,96
SAMEA114441680,96
SAMEA114441772,96
SAMEA104355986,96
SAMEA104355680,96
SAMEA114479567,96
SAMEA114490167,96
SAMEA114478787,96
SAMEA114479361,96
SAMEA114228293,96
SAMEA114479016,96
SAMEA114520502,96
SAMEA114212064,96
SAMEA104355946,96
SAMEA104355674,96
SAMEA114441661,96
SAMEA104355678,96
SAMEA114479050,96
SAMEA114520440,96
SAMEA114490083,96
SAMEA114490112,96
SAMEA114520562,96
SAMEA114490360,96
SAMEA114442014,96
SAMEA104355901,96
SAMEA114490211,96
SAMEA104035591,96
SAMEA104355900,96
SAMEA104355953,96
SAMEA114478736,96
SAMEA114520646,96
SAMEA114479564,96
SAMEA104154464,96
SAMEA114478735,96
SAMEA114489946,96
SAMEA104355797,96
SAMEA104355970,96
SAMEA104355595,96
SAMEA104035621,96
SAMEA104355969,96
SAMEA114479254,96
SAMEA104355695,96
SAMEA114490281,96
SAMEA114490349,96
SAMEA114490332,96
SAMEA114479015,96
SAMEA114490005,96
SAMEA114479346,96
SAMEA114479080,96
SAMEA104355706,96
SAMEA114478860,96
SAMEA114479404,96
SAMEA114479000,96
SAMEA114479528,96
SAMEA114441663,96
SAMEA104355717,96
SAMEA104035393,96
SAMEA114478835,96
SAMEA114520410,96
SAMEA104355712,96
SAMEA114479431,96
SAMEA114490150,96
SAMEA114479518,96
SAMEA114490246,96
SAMEA114479480,96
SAMEA114478801,96
SAMEA114490170,96
SAMEA104355871,96
SAMEA114479398,96
SAMEA114441870,96
SAMEA104355977,96
SAMEA104355985,96
SAMEA104356002,96
SAMEA1033694,96
SAMEA114479501,96
SAMEA114478785,96
SAMEA104355611,96
SAMEA114478971,96
SAMEA114479420,96
SAMEA104035875,96
SAMEA10254680,96
SAMEA1022846,96
SAMEA104355621,96
SAMEA102199168,96
SAMD00602892,27
SAMEA1032415,27
SAMEA114441584,27
SAMEA111457533,27
SAMEA103953516,27
SAMEA111457456,27
SAMEA114229908,27
SAMEA104155118,27
SAMEA104034541,27
SAMEA104035375,27
SAMEA1032476,27
SAMEA10427892,27
SAMEA104285104,27
SAMEA103953524,27
SAMEA114520461,27
SAMEA112647399,27
SAMEA114520621,27
SAMEA103953508,27
SAMEA10427212,27
SAMD00137663,27
SAMEA114211906,27
SAMEA104035433,27
SAMEA103953571,27
SAMEA104035146,27
SAMEA112889716,27
SAMEA114441727,27
SAMEA112653999,27
SAMEA104034496,27
SAMEA114490392,27
SAMEA103953587,27
SAMEA104035182,27
SAMEA112126380,27
SAMEA103953540,27
SAMEA111457480,27
SAMEA104034515,27
SAMEA103953555,27
SAMEA111457537,27
SAMEA114441668,27
SAMEA104177204,27
SAMEA1026409,27
SAMEA114212205,27
SAMEA114478828,27
SAMEA103953579,27
SAMEA104035848,27
SAMEA103953595,27
SAMEA114479520,46
SAMEA114479492,46
SAMEA104035049,46
SAMEA104456256,46
SAMEA114228290,46
SAMEA104034686,46
SAMEA104222014,46
SAMEA111352149,46
SAMEA104456345,46
SAMEA104177346,46
SAMEA1026382,46
SAMEA114489970,46
SAMEA104455965,46
SAMEA104456207,46
SAMEA114479111,46
SAMEA104034701,46
SAMEA114479144,46
SAMEA104221955,46
SAMEA10427117,46
SAMEA104034632,46
SAMEA104456214,46
SAMEA104034712,46
SAMEA104456087,46
SAMEA114345888,46
SAMEA104456228,46
SAMEA114520358,46
SAMEA1026617,46
SAMEA104456105,46
SAMEA104222026,46
SAMEA114479292,46
SAMEA104456715,46
SAMEA114478992,46
SAMEA114520722,46
SAMEA114228282,46
SAMEA114211982,46
SAMEA104456142,46
SAMEA104455959,46
SAMEA10427541,46
SAMEA1026818,46
SAMEA114490391,46
SAMEA114441610,46
SAMEA104034711,46
SAMEA104456074,46
SAMEA111352069,46
SAMEA1026741,46
SAMEA114441916,46
SAMEA114242172,46
SAMEA114490271,46
SAMEA104034774,46
SAMEA1026428,46
SAMEA104456162,46
SAMEA104456368,46
SAMEA114228289,46
SAMEA10428052,46
SAMEA104034506,46
SAMEA104034844,46
SAMEA111351780,46
SAMEA114479415,46
SAMEA114441833,46
SAMEA104456406,46
SAMEA104034855,46
SAMEA104456856,46
SAMEA114479578,46
SAMEA104034631,46
SAMEA10427232,46
SAMEA104456285,46
SAMEA114441871,46
SAMEA104455958,46
SAMEA104455977,46
SAMEA111352002,46
SAMEA104221961,46
SAMEA114441647,46
SAMEA1026613,46
SAMEA114212290,46
SAMEA114490195,46
SAMEA114479145,46
SAMEA10427318,46
SAMEA114479366,46
SAMEA104456123,46
SAMEA104456090,46
SAMEA104034992,46
SAMEA104456044,46
SAMEA104177211,46
SAMEA104456415,46
SAMEA1026527,46
SAMEA1026731,46
SAMEA104456301,46
SAMEA1026634,46
SAMEA114520391,46
SAMEA114479175,46
SAMEA104456882,46
SAMEA10427724,46
SAMEA104456091,46
SAMEA104035092,46
SAMEA10427347,46
SAMEA104455898,46
SAMEA104456174,46
SAMEA104456260,46
SAMEA114520488,46
SAMEA114479331,46
SAMEA104221988,46
SAMEA104034618,46
SAMEA111351962,46
SAMEA114478911,46
SAMEA104034691,46
SAMEA114520473,46
SAMEA112299503,46
SAMEA114520335,46
SAMEA104456235,46
SAMEA112126370,46
SAMEA104221967,46
SAMEA114520639,46
SAMEA104034514,46
SAMEA104456007,46
SAMEA114212331,46
SAMEA104456316,46
SAMEA114212246,46
SAMEA104034979,46
SAMEA1026565,46
SAMEA104456829,46
SAMEA104034554,46
SAMEA104455964,46
SAMEA114309753,46
SAMEA104034564,46
SAMEA104035012,46
SAMEA104035564,46
SAMEA114490168,46
SAMEA104455873,46
SAMEA104035028,46
SAMEA104035005,46
SAMEA104455926,46
SAMEA111351828,46
SAMEA114441922,46
SAMEA104456019,46
SAMEA104456346,46
SAMEA104034969,46
SAMEA114212191,46
SAMEA104221992,46
SAMEA114490209,46
SAMEA104455974,46
SAMEA104455897,46
SAMEA114490230,46
SAMEA104034785,46
SAMEA104035332,46
SAMEA111352043,46
SAMEA104034750,46
SAMEA104455921,46
SAMEA114441700,46
SAMEA10427647,46
SAMEA10427529,46
SAMEA114441921,46
SAMEA114229927,46
SAMEA104034787,46
SAMEA112299499,46
SAMEA104456261,46
SAMEA104455826,46
SAMEA104456152,46
SAMEA104034725,46
SAMEA104455771,46
SAMEA104034856,46
SAMEA1029328,45
SAMEA114392902,45
SAMEA1026117,45
SAMD00224655,45
SAMEA1025093,45
SAMEA114478943,45
SAMEA1024544,45
SAMEA1032639,45
SAMEA104154792,45
SAMEA1026034,45
SAMEA112960760,45
SAMEA114408186,45
SAMEA1025219,45
SAMEA1028990,45
SAMEA1023813,45
SAMEA1024818,45
SAMEA114036646,45
SAMEA1028641,45
SAMD00224645,45
SAMEA1032665,45
SAMEA114441228,45
SAMEA1032434,45
SAMEA114392779,45
SAMEA1025875,45
SAMEA114036925,45
SAMEA1025251,45
SAMEA1025348,45
SAMEA1029246,45
SAMEA114441408,45
SAMEA1028675,45
SAMEA114408038,45
SAMEA1028807,45
SAMEA1026726,45
SAMEA1029358,45
SAMEA1025221,45
SAMEA1025050,45
SAMEA1025748,45
SAMEA114441364,45
SAMEA1032541,45
SAMEA114408221,45
SAMEA1029366,45
SAMEA114441300,45
SAMEA1024809,45
SAMEA1024941,45
SAMD00224654,45
SAMEA112486368,45
SAMEA1026454,45
SAMD00224656,45
SAMEA112647435,45
SAMEA1023699,45
SAMEA111351901,45
SAMEA1026209,45
SAMEA1028902,45
SAMEA1029188,45
SAMEA1024042,45
SAMEA1025577,45
SAMEA114407949,45
SAMEA1023801,45
SAMEA114408083,45
SAMEA1029177,45
SAMEA1029316,45
SAMEA114407956,45
SAMEA114490045,45
SAMEA114408371,45
SAMEA114408071,45
SAMEA1023877,45
SAMEA1023960,45
SAMEA114408344,45
SAMEA1028828,45
SAMEA1029268,45
SAMEA1024958,45
SAMEA1025230,45
SAMEA1025459,45
SAMEA1024921,45
SAMEA1025141,45
SAMEA1024640,45
SAMEA1024829,45
SAMEA1029235,45
SAMEA111457457,45
SAMEA1029030,45
SAMEA1025920,45
SAMEA1024767,45
SAMEA114408320,45
SAMEA114408243,45
SAMEA1028794,45
SAMEA1032510,45
SAMEA1025160,45
SAMEA114408279,45
SAMEA114408234,45
SAMEA1024577,45
SAMEA114392708,45
SAMEA1025468,45
SAMEA114313474,45
SAMEA1023752,45
SAMEA1025353,45
SAMEA1028741,45
SAMEA114392940,45
SAMEA1024167,45
SAMEA1028923,45
SAMEA112486827,45
SAMEA1025406,45
SAMEA112486170,45
SAMEA1029348,45
SAMEA1029351,45
SAMEA1028652,45
SAMEA1026005,45
SAMEA1023773,45
SAMEA1023922,45
SAMEA114441230,45
SAMEA1026231,45
SAMEA1024925,45
SAMEA114441292,45
SAMEA1028809,45
SAMEA1025714,45
SAMEA1029299,45
SAMEA1024162,45
SAMEA1029184,45
SAMEA1028607,45
SAMEA104356033,45
SAMEA1028727,45
SAMEA112486748,60
SAMEA1022852,60
SAMEA11305611,60
SAMEA1026015,60
SAMEA11305585,60
SAMEA1028968,60
SAMEA1025321,60
SAMEA114241785,60
SAMEA110665870,60
SAMEA1026615,60
SAMEA11305587,60
SAMEA1023747,60
SAMEA1022853,60
SAMEA1022813,60
SAMEA1022849,60
SAMEA1022940,60
SAMEA1022804,60
SAMEA11305612,60
SAMEA1022838,60
SAMEA104456399,60
SAMEA111351919,60
SAMEA1022877,60
SAMEA1022935,60
SAMEA1023989,60
SAMEA1029000,60
SAMEA1025986,60
SAMEA1024810,60
SAMEA114313459,60
SAMEA1022808,60
SAMEA1022793,60
SAMEA1025240,60
SAMEA1025634,60
SAMEA1022765,60
SAMEA1022777,60
SAMEA1022871,60
SAMEA114408328,60
SAMEA114345899,60
SAMEA114313184,60
SAMEA1026740,60
SAMEA11305598,60
SAMEA114408265,60
SAMEA1028880,60
SAMEA1022858,60
SAMEA104141747,60
SAMEA1022925,60
SAMEA114375653,60
SAMEA1029247,60
SAMEA1032620,60
SAMEA1024965,60
SAMEA1022762,60
SAMEA11305617,60
SAMEA1029071,60
SAMEA1022820,60
SAMEA1022843,60
SAMEA1028981,60
SAMEA1022770,60
SAMEA111441690,60
SAMEA11305602,60
SAMEA1022950,60
SAMEA1025144,60
SAMEA1025263,60
SAMEA1034007,60
SAMEA1028827,60
SAMEA1024612,60
SAMEA104034635,60
SAMEA1022847,60
SAMEA114313174,60
SAMEA1022864,60
SAMEA114375349,60
SAMEA104456215,60
SAMEA114408105,60
SAMEA114408087,60
SAMEA1023896,60
SAMEA11305608,60
SAMEA104177340,60
SAMEA1022835,60
SAMEA1022910,60
SAMEA1025146,60
SAMEA1032507,60
SAMEA111352022,60
SAMEA104034997,60
SAMEA1032609,60
SAMEA1028838,60
SAMEA111352087,60
SAMEA1025099,60
SAMEA111351896,60
SAMEA111352141,60
SAMEA1028625,60
SAMEA1024703,60
SAMEA1022779,60
SAMEA11305601,60
SAMEA111351998,60
SAMEA1022903,60
SAMEA111352080,60
SAMEA1025886,60
SAMEA104034492,60
SAMEA114408115,60
SAMEA1022954,60
SAMEA1024169,60
SAMEA1025249,60
SAMEA1022936,60
SAMEA1029257,60
SAMEA11305599,60
SAMEA104034489,60
SAMEA1022856,60
SAMEA104456761,60
SAMEA1022921,60
SAMEA1022906,60
SAMEA1022878,60
SAMEA1023932,60
SAMEA1025665,60
SAMEA1024651,60
SAMEA1025081,60
SAMEA1023972,60
SAMEA114408444,60
SAMEA1022912,60
SAMEA1032520,60
SAMEA1022862,60
SAMEA104177302,60
SAMEA1022778,60
SAMEA1026014,60
SAMEA1025303,60
SAMEA1025881,60
SAMEA1022763,60
SAMEA1032730,60
SAMEA104456182,60
SAMEA114346169,60
SAMEA1022918,60
SAMEA114408056,60
SAMEA104034619,60
SAMEA104034471,60
SAMEA11305596,60
SAMEA1022868,60
SAMEA1022837,60
SAMEA1025096,60
SAMEA1028698,60
SAMEA112486294,60
SAMEA1023819,60
SAMEA1024857,60
SAMEA1022928,60
SAMEA11305597,60
SAMEA104455783,60
SAMEA1025829,60
SAMEA114309612,60
SAMEA1025581,60
SAMEA111351893,60
SAMEA104034919,60
SAMEA1025150,60
SAMEA104456778,60
SAMEA1022874,60
SAMEA1023720,60
SAMEA1022822,60
SAMEA111352038,60
SAMEA112486203,60
SAMEA112486328,60
SAMEA1024107,60
SAMEA1022894,60
SAMEA11305603,60
SAMEA104456151,49
SAMEA114490139,49
SAMEA114212173,49
SAMEA114479323,49
SAMEA104455828,49
SAMEA114479220,49
SAMEA114441963,49
SAMEA111351988,49
SAMEA111441633,49
SAMEA104035040,49
SAMEA114441639,49
SAMEA112647538,49
SAMEA114309647,49
SAMEA111351899,49
SAMEA104456740,49
SAMEA1026340,49
SAMEA111351810,49
SAMEA104455909,49
SAMEA104154809,49
SAMEA1026787,49
SAMEA114212156,49
SAMEA104456218,49
SAMEA104034815,49
SAMEA1026372,49
SAMEA112647466,49
SAMEA104456594,49
SAMEA104456662,49
SAMEA10427665,49
SAMEA104456762,49
SAMEA114441630,49
SAMEA114520430,49
SAMEA104456651,49
SAMEA104456554,49
SAMEA114441862,49
SAMEA104455961,49
SAMEA111351799,49
SAMEA104456706,49
SAMEA104456816,49
SAMEA114490129,49
SAMEA104154651,49
SAMEA104456795,49
SAMEA104034517,49
SAMEA104456794,49
SAMEA114211836,49
SAMEA114276686,49
SAMEA114241764,49
SAMEA104456387,49
SAMEA114211721,49
SAMEA114520393,49
SAMEA1026585,49
SAMEA114441849,49
SAMEA104177287,49
SAMEA114346176,49
SAMEA104456865,49
SAMEA104035328,49
SAMEA111352134,49
SAMEA114228285,49
SAMEA114520319,49
SAMEA104456149,49
SAMEA104456495,49
SAMEA114211797,49
SAMEA104034647,49
SAMEA104177283,49
SAMEA104456094,49
SAMEA114520613,49
SAMEA1032581,49
SAMEA104456695,49
SAMEA111351814,49
SAMEA104456570,49
SAMEA111441652,49
SAMEA104456878,49
SAMEA104456638,49
SAMEA104456602,49
SAMEA111352049,49
SAMEA104456493,49
SAMEA114479204,49
SAMEA112824257,49
SAMEA114520491,49
SAMEA114479584,49
SAMEA1026654,49
SAMEA104154960,49
SAMEA104456680,49
SAMEA104456632,49
SAMEA10427185,49
SAMEA114490109,49
SAMEA104222012,49
SAMEA114520719,49
SAMEA104456908,49
SAMEA104456595,49
SAMEA104456394,49
SAMEA104456549,49
SAMEA10427072,49
SAMEA114441736,49
SAMEA104456084,49
SAMEA104035438,49
SAMEA114520755,49
SAMEA104034990,49
SAMEA104035070,49
SAMEA114441651,49
SAMEA114212335,49
SAMEA1026826,49
SAMEA114479516,49
SAMEA104456843,49
SAMEA103953515,49
SAMEA114442034,49
SAMEA1026623,49
SAMEA1026679,49
SAMEA114313359,49
SAMEA104456499,49
SAMEA104456177,49
SAMEA111352050,49
SAMEA114479446,49
SAMEA114479045,49
SAMEA10427357,49
SAMEA114088783,49
SAMEA1026331,49
SAMEA103953653,57
SAMEA114490171,57
SAMEA10254675,57
SAMEA1032449,57
SAMEA114441840,57
SAMEA114478814,57
SAMEA104177304,57
SAMEA114229930,57
SAMEA110665446,57
SAMEA114520598,57
SAMEA10428083,57
SAMEA112647528,57
SAMEA10427965,57
SAMEA114479341,57
SAMEA104177279,57
SAMEA114375345,57
SAMEA104456496,57
SAMEA104035446,57
SAMEA1025298,57
SAMEA114478898,57
SAMEA104034890,57
SAMEA114479136,57
SAMEA114212100,57
SAMEA104456473,57
SAMEA114490268,57
SAMEA1025610,57
SAMEA104177179,57
SAMEA114408436,57
SAMEA104177355,57
SAMEA114441619,57
SAMEA114242242,57
SAMEA1024555,57
SAMEA110665623,57
SAMEA1026608,57
SAMEA114520733,57
SAMEA114490011,57
SAMEA114441886,57
SAMEA114408120,57
SAMEA114212091,57
SAMEA114489936,57
SAMEA104456515,57
SAMEA114490300,57
SAMEA111351866,57
SAMEA111351960,57
SAMEA114520435,57
SAMEA114520740,57
SAMEA114407946,57
SAMEA114479297,57
SAMEA104154502,57
SAMEA104456455,57
SAMEA104034985,57
SAMEA114478749,57
SAMEA102244918,57
SAMEA10254711,57
SAMEA114478950,57
SAMEA104035031,57
SAMEA10427182,57
SAMEA104456334,57
SAMEA1026431,57
SAMEA1024981,57
SAMEA104456482,57
SAMEA114478957,57
SAMEA104456419,57
SAMEA1026671,57
SAMEA114242074,57
SAMEA114241872,57
SAMEA114241922,57
SAMEA103953645,57
SAMEA104456472,57
SAMEA1026076,57
SAMEA104455949,57
SAMEA114212068,57
SAMEA114490033,57
SAMEA114490394,57
SAMEA114520325,57
SAMEA103953693,57
SAMEA114479358,57
SAMEA104456035,57
SAMEA114211984,57
SAMEA104034602,57
SAMEA104177321,57
SAMEA114392727,57
SAMEA104035572,57
SAMEA103953606,57
SAMEA104034695,57
SAMEA104177305,57
SAMEA114479077,57
SAMEA103953501,57
SAMEA114345982,57
SAMEA111441635,57
SAMEA104177365,57
SAMEA10427169,57
SAMEA114478755,57
SAMEA114408086,57
SAMEA1026581,57
SAMEA111351950,57
SAMEA114441357,57
SAMEA114212245,57
SAMEA1024893,57
SAMEA114212117,57
SAMEA10427151,57
SAMEA103953639,57
SAMEA104355802,57
SAMEA112299376,57
SAMEA111351941,57
SAMEA111351891,57
SAMEA104455807,57
SAMEA114441845,57
SAMEA10427295,57
SAMEA114520535,57
SAMEA104455942,57
SAMEA114229950,57
SAMEA104456522,57
SAMEA1025832,57
SAMEA104035319,57
SAMEA114375630,57
SAMEA114520357,57
SAMEA1024963,57
SAMEA114478794,57
SAMEA114479557,57
SAMEA10254679,57
SAMEA112299388,57
SAMEA104177350,57
SAMEA114241807,57
SAMEA1026737,57
SAMEA1026756,57
SAMEA104035713,57
SAMEA114479018,57
SAMEA112824248,57
SAMEA104456490,57
SAMEA104222006,57
SAMEA1026031,57
SAMEA114242076,57
SAMEA104034734,57
SAMEA1025880,57
SAMEA104456051,57
SAMEA114520508,57
SAMEA114478890,57
SAMEA112889714,39
SAMEA112768479,39
SAMEA104155101,39
SAMEA112768480,39
SAMEA112768481,39
SAMEA104138605,39
SAMEA1032526,39
SAMEA1026586,39
SAMEA114441867,39
SAMEA104038587,39
SAMEA1032422,39
SAMEA1020457,39
SAMEA1026513,39
SAMEA1026580,39
SAMEA114520414,39
SAMEA1032454,39
SAMEA114479115,39
SAMEA114490362,39
SAMEA104154938,39
SAMEA1032701,39
SAMEA1032703,39
SAMEA104035798,39
SAMEA1026374,39
SAMEA1032478,39
SAMEA114441745,39
SAMEA1032700,39
SAMEA1019959,39
SAMEA1026324,39
SAMEA114326164,50
SAMEA114490402,50
SAMEA114479260,50
SAMEA104155136,50
SAMEA112824314,50
SAMEA114520498,50
SAMEA112889691,50
SAMEA114441959,50
SAMEA104035935,50
SAMEA104035457,50
SAMEA1032744,50
SAMEA114326402,50
SAMEA114326409,50
SAMEA114326193,50
SAMEA114313614,50
SAMEA104035573,50
SAMEA114479335,50
SAMEA114211885,50
SAMEA114520332,50
SAMEA114520625,50
SAMEA1032684,50
SAMEA114441966,50
SAMEA114326345,50
SAMEA114326218,50
SAMEA114479565,50
SAMEA104035744,50
SAMEA114326446,50
SAMEA114479413,50
SAMEA103953451,50
SAMEA104034533,50
SAMEA114490084,50
SAMEA114520478,50
SAMEA104035598,50
SAMEA1020040,50
SAMEA112824232,50
SAMEA114309401,50
SAMEA114313580,50
SAMEA114341940,50
SAMEA114479219,50
SAMEA114479023,50
SAMEA114313603,50
SAMEA114326178,50
SAMEA1026376,50
SAMEA114326121,50
SAMEA114326257,50
SAMEA114341852,50
SAMEA114309402,50
SAMEA114326429,50
SAMEA114326245,50
SAMEA114346153,50
SAMEA114346164,50
SAMEA112654022,50
SAMEA114441905,50
SAMEA114326464,50
SAMEA1032653,50
SAMEA114326095,50
SAMEA112824309,50
SAMEA114326177,50
SAMEA104035894,50
SAMEA104155113,50
SAMEA112126413,50
SAMEA104035865,50
SAMEA114341883,50
SAMEA114441731,50
SAMEA114520339,50
SAMEA114479311,50
SAMEA112126367,50
SAMEA114479124,50
SAMEA114313579,50
SAMEA112824136,50
SAMEA114345990,50
SAMEA114478791,50
SAMEA104035707,50
SAMEA104035547,50
SAMEA114313597,50
SAMEA114490389,50
SAMEA114520737,50
SAMEA114326328,50
SAMEA104035153,50
SAMEA114326473,50
SAMEA114326102,50
SAMEA114490081,50
SAMEA112824270,50
SAMEA114212027,50
SAMEA114441627,50
SAMEA114326401,50
SAMEA104154961,50
SAMEA114088768,50
SAMEA112824303,50
SAMEA114326393,50
SAMEA114326191,50
SAMEA114520736,50
SAMEA114332702,50
SAMEA112824340,50
SAMEA114326390,50
SAMEA113533786,50
SAMEA114326410,50
SAMEA10427451,33
SAMEA1094453,33
SAMEA114276694,33
SAMEA114309802,33
SAMEA114242288,33
SAMEA104456432,33
SAMEA114309725,33
SAMEA114309475,33
SAMEA104456648,33
SAMEA10427067,33
SAMEA104456782,33
SAMEA114241829,33
SAMEA10428010,33
SAMEA114241805,33
SAMEA114242112,33
SAMEA114242024,33
SAMEA104456516,33
SAMEA114242005,33
SAMEA114242085,33
SAMEA104455796,33
SAMEA114242191,33
SAMEA1094461,33
SAMEA114309712,33
SAMEA10427983,33
SAMEA104456821,33
SAMEA114242022,33
SAMEA114242108,33
SAMEA114345897,33
SAMEA10428028,33
SAMEA114241938,33
SAMEA114242199,33
SAMEA114242245,33
SAMEA114241890,33
SAMEA10427143,33
SAMEA114242328,33
SAMEA114276669,33
SAMEA114241977,33
SAMEA104456434,33
SAMEA104456532,33
SAMEA10428084,33
SAMEA114242125,33
SAMEA114309569,33
SAMEA114309671,33
SAMEA104456590,33
SAMEA114241808,33
SAMEA114242056,33
SAMEA104456107,33
SAMEA10427123,33
SAMEA10427267,33
SAMEA104456241,33
SAMEA114309549,33
SAMEA114309566,33
SAMEA104456559,33
SAMEA10427813,33
SAMEA114276705,33
SAMEA114241804,33
SAMEA114242211,33
SAMEA104456689,33
SAMEA114276640,33
SAMEA114309800,33
SAMEA104456412,33
SAMEA114276587,33
SAMEA1094440,33
SAMEA114241974,33
SAMEA114228314,33
SAMEA10428072,33
SAMEA114242197,33
SAMEA114309727,33
SAMEA104456001,33
SAMEA104456439,33
SAMEA10428012,33
SAMEA114309749,33
SAMEA114276610,33
SAMEA114242030,33
SAMEA104456293,33
SAMEA10427121,33
SAMEA114228296,33
SAMEA114345903,33
SAMEA104456640,33
SAMEA104456258,33
SAMEA104456670,33
SAMEA114241809,33
SAMEA104455990,33
SAMEA114241730,33
SAMEA104456671,33
SAMEA114228301,33
SAMEA104154525,53
SAMEA114375472,53
SAMEA114375501,53
SAMEA104154603,53
SAMEA104154885,53
SAMEA114375436,53
SAMEA114375437,53
SAMEA104355911,53
SAMEA110129259,53
SAMEA114375543,53
SAMEA102212668,53
SAMEA104154615,53
SAMEA114375702,53
SAMEA104154466,53
SAMEA102144418,53
SAMEA104154503,53
SAMEA104355724,53
SAMEA102294418,53
SAMEA104154597,53
SAMEA102148918,53
SAMEA104154614,53
SAMEA102224668,53
SAMEA102191668,53
SAMEA104355604,53
SAMEA10254541,53
SAMEA104154563,53
SAMEA114375488,53
SAMEA114375742,53
SAMEA1022831,53
SAMEA104355739,53
SAMEA104154373,53
SAMEA1033526,53
SAMEA104154581,53
SAMEA102216418,53
SAMEA104355727,53
SAMEA104355605,53
SAMEA104154606,53
SAMEA114375544,53
SAMEA104154616,53
SAMEA104154582,53
SAMEA104154399,53
SAMEA102258418,53
SAMEA104154617,53
SAMEA104355853,53
SAMEA104154477,53
SAMEA104155143,53
SAMEA104355630,53
SAMEA104154608,53
SAMEA114375602,53
SAMEA104154588,53
SAMEA104355715,53
SAMEA104355726,53
SAMEA104154336,53
SAMEA104154513,53
SAMEA104034490,53
SAMEA102147418,53
SAMEA104154471,53
SAMEA112486690,59
SAMD00449370,59
SAMEA114309519,59
SAMD00449394,59
SAMD00449329,59
SAMEA1032725,59
SAMEA112824287,59
SAMEA1032733,59
SAMEA1032487,59
SAMD00449347,59
SAMEA112299451,59
SAMEA114520578,59
SAMD00085773,59
SAMEA1032627,59
SAMD00449308,59
SAMD00449333,59
SAMD00449389,59
SAMEA112647566,59
SAMD00449299,59
SAMD00449359,59
SAMD00449301,59
SAMEA1032462,59
SAMEA112960678,59
SAMD00085799,59
SAMEA112485954,59
SAMEA114211838,59
SAMEA112299417,59
SAMEA112486398,59
SAMEA112486417,59
SAMEA114313318,59
SAMD00449386,59
SAMD00449342,59
SAMD00449340,59
SAMD00449380,59
SAMD00449384,59
SAMD00449367,59
SAMEA114276754,59
SAMD00449335,59
SAMEA112960900,59
SAMD00449330,59
SAMD00449345,59
SAMD00449353,59
SAMD00449358,59
SAMEA113533780,59
SAMEA114441504,59
SAMEA112486582,59
SAMEA112824348,59
SAMD00449331,59
SAMD00449316,59
SAMEA112647414,59
SAMD00449364,59
SAMEA114313491,59
SAMD00449374,59
SAMD00602883,59
SAMEA114478758,59
SAMEA1032533,59
SAMEA114313445,59
SAMD00449363,59
SAMEA1032514,59
SAMEA1032616,59
SAMD00085786,59
SAMD00449392,59
SAMD00449379,59
SAMD00449348,59
SAMEA1032696,59
SAMEA112299399,59
SAMD00449302,59
SAMD00449339,59
SAMD00449377,59
SAMEA1032431,59
SAMEA1032515,59
SAMEA1032644,59
SAMEA114242235,59
SAMD00449317,59
SAMD00449315,59
SAMEA114212165,59
SAMD00449365,59
SAMD00449354,59
SAMD00449352,59
SAMEA112486606,59
SAMD00449385,59
SAMD00449328,59
SAMEA114478813,59
SAMD00449366,59
SAMD00449325,59
SAMEA114490141,59
SAMD00449336,59
SAMD00449338,59
SAMD00449368,59
SAMD00449383,59
SAMD00449341,59
SAMD00449306,59
SAMD00449387,59
SAMEA112824100,59
SAMD00449303,59
SAMEA1032544,59
SAMD00449305,59
SAMD00449337,59
SAMEA103953479,59
SAMEA112960843,59
SAMEA114242244,59
SAMEA114211921,59
SAMD00449300,59
SAMEA1032480,59
SAMEA112647588,59
SAMD00449369,59
SAMEA112824206,59
SAMD00449360,59
SAMEA114441326,59
SAMEA114346204,59
SAMEA114490242,59
SAMEA112824134,59
SAMD00449378,59
SAMD00449310,59
SAMD00449381,59
SAMD00449396,59
SAMD00449373,59
SAMEA10254843,59
SAMD00449343,59
SAMEA1032517,59
SAMEA1032531,59
SAMD00085782,59
SAMD00449318,59
SAMD00449390,59
SAMD00085764,59
SAMD00449372,59
SAMEA112647574,59
SAMD00449314,59
SAMD00085809,59
SAMD00449391,59
SAMEA112647430,59
SAMEA114313355,59
SAMD00449324,59
SAMEA104177356,59
SAMD00449371,59
SAMEA114441733,59
SAMD00449375,59
SAMEA1032546,59
SAMD00449395,59
SAMEA114520608,59
SAMEA114408121,59
SAMEA114313452,59
SAMD00085802,59
SAMEA112889705,59
SAMEA112960735,59
SAMEA114241868,59
SAMD00449322,59
SAMEA114212011,59
SAMD00449323,59
SAMEA114478977,59
SAMEA1032699,59
SAMEA112486537,59
SAMEA111457514,59
SAMD00449344,59
SAMD00449311,59
SAMEA111457395,59
SAMEA1032654,59
SAMEA111352058,59
SAMD00085757,59
SAMD00449351,59
SAMEA104035495,59
SAMEA104035244,35
SAMEA114490151,35
SAMEA114479524,35
SAMEA104034881,35
SAMEA111441679,35
SAMEA114490049,35
SAMEA104035093,35
SAMEA111352000,35
SAMEA1026642,35
SAMEA104035056,35
SAMEA111441678,35
SAMEA114212277,35
SAMEA104034660,35
SAMEA104034936,35
SAMEA112299410,35
SAMEA104034639,35
SAMEA104177298,35
SAMEA1032446,35
SAMEA104034970,35
SAMEA104035065,35
SAMEA114212211,35
SAMEA114441831,35
SAMEA104035035,35
SAMEA112299390,35
SAMEA114478738,35
SAMEA104035478,35
SAMEA114520328,35
SAMEA104456307,35
SAMEA104034928,35
SAMEA104034847,35
SAMEA104034884,35
SAMEA1026800,35
SAMEA104034843,35
SAMEA10978669,35
SAMEA114520558,35
SAMEA104034977,35
SAMEA104177332,35
SAMEA104035367,35
SAMEA112824272,35
SAMEA104034663,35
SAMEA111441656,35
SAMEA112824237,35
SAMEA104034898,35
SAMEA104034921,35
SAMEA10427331,35
SAMEA111352034,35
SAMEA104034709,35
SAMEA104035002,35
SAMEA111352012,35
SAMEA113533794,35
SAMEA114478745,35
SAMEA111351838,35
SAMEA104035001,35
SAMEA114212304,35
SAMEA104035062,35
SAMEA112143515,35
SAMEA114478882,35
SAMEA104034860,35
SAMEA104035053,35
SAMEA114212223,35
SAMEA114520453,35
SAMEA114520665,35
SAMEA1032448,35
SAMEA112647524,35
SAMEA104034733,35
SAMEA104034661,35
SAMEA114490301,35
SAMEA1032740,35
SAMEA114479235,35
SAMEA104034971,35
SAMEA112126385,35
SAMEA104035522,35
SAMEA114229920,35
SAMEA104456313,35
SAMEA111351986,35
SAMEA111351928,35
SAMEA104035877,35
SAMEA112143502,35
SAMEA114478906,35
SAMEA104035502,35
SAMEA112199504,35
SAMEA114309796,35
SAMEA112824238,35
SAMEA1026680,35
SAMEA114490080,35
SAMEA1032433,35
SAMEA1032502,35
SAMEA114212061,35
SAMEA112467253,35
SAMEA112126387,35
SAMEA112824293,35
SAMEA111351779,35
SAMEA104034624,35
SAMEA111352061,35
SAMEA111457389,35
SAMEA112143473,35
SAMEA114478761,35
SAMEA114332642,83
SAMEA114332549,83
SAMEA114332494,83
SAMEA114332626,83
SAMEA114332778,83
SAMEA114332507,83
SAMEA104154434,83
SAMEA114332669,83
SAMEA114332731,83
SAMEA114332706,83
SAMEA114332473,83
SAMEA114332664,83
SAMEA112824135,83
SAMEA114332723,83
SAMEA114332535,83
SAMEA114332481,83
SAMEA114332550,83
SAMEA114332476,83
SAMEA114332551,83
SAMEA104154431,83
SAMEA114332558,83
SAMEA114332739,83
SAMEA114332741,83
SAMEA114332748,83
SAMEA114332538,83
SAMEA114332470,83
SAMEA111504467,83
SAMEA113447769,83
SAMEA104035691,83
SAMEA114332522,83
SAMEA114332621,83
SAMEA102965668,83
SAMEA114332620,83
SAMEA114332489,83
SAMEA114332774,83
SAMEA114332791,83
SAMEA112824111,83
SAMEA104035122,83
SAMEA114332650,83
SAMEA114332666,83
SAMEA114332552,83
SAMEA114332651,83
SAMEA114332518,83
SAMEA114332511,83
SAMEA114332776,83
SAMEA114332520,83
SAMEA114332484,83
SAMEA114332764,83
SAMEA114332688,83
SAMEA114332780,83
SAMEA114332701,83
SAMEA114332554,83
SAMEA114332555,83
SAMEA114332801,83
SAMEA114332707,83
SAMEA114332722,83
SAMEA114332492,83
SAMEA114332656,83
SAMEA114332733,83
SAMEA114332746,83
SAMEA114332769,83
SAMEA114332690,83
SAMEA114332663,83
SAMEA114332541,83
SAMEA114332491,83
SAMEA112824218,83
SAMEA104034685,83
SAMEA114332677,83
SAMEA114332768,83
SAMEA114332483,83
SAMEA114332478,83
SAMEA114332781,83
SAMEA114332676,83
SAMEA114332766,83
SAMEA114332477,83
SAMEA114332525,83
SAMEA114332468,83
SAMEA114332531,83
SAMEA114332500,83
SAMEA114332648,83
SAMEA114332521,83
SAMEA114332749,83
SAMEA114332772,83
SAMEA114332634,83
SAMEA114332671,83
SAMEA114332685,83
SAMEA114332718,83
SAMEA114332482,83
SAMEA114332724,83
SAMEA113971214,83
SAMEA102966418,83
SAMEA114332675,83
SAMEA114332465,83
SAMEA114332504,83
SAMEA114332498,83
SAMEA114332658,83
SAMEA114332784,83
SAMEA114332466,83
SAMEA114332689,83
SAMEA114332729,83
SAMEA114332777,83
SAMEA114332539,83
SAMEA114332516,83
SAMEA114332623,83
SAMEA114332755,83
SAMEA114332775,83
SAMEA114332662,83
SAMEA114332467,83
SAMEA114332670,83
SAMEA114332509,83
SAMEA114332725,83
SAMEA114332788,83
SAMEA114332802,83
SAMEA114332619,83
SAMEA114332486,83
SAMEA114332782,83
SAMEA114332499,83
SAMEA104154407,83
SAMEA112824202,83
SAMEA114332502,83
SAMEA114332501,83
SAMEA114332732,83
SAMEA104154283,83
SAMEA114332497,83
SAMEA114520573,83
SAMEA114332622,83
SAMEA114332657,83
SAMEA114332692,83
SAMEA114332464,83
SAMEA114332630,83
SAMEA114332508,83
SAMEA114332760,83
SAMEA114332480,83
SAMEA114332787,83
SAMEA114332519,83
SAMEA114332540,83
SAMEA104154441,83
SAMEA114332495,83
SAMEA114332514,83
SAMEA114332786,83
SAMEA114332517,83
SAMEA114332756,83
SAMEA114332528,83
SAMEA114332728,83
SAMEA114332526,83
SAMEA114332639,83
SAMEA114332653,83
SAMEA114332730,83
SAMEA114332667,83
SAMEA114332625,83
SAMEA114332474,83
SAMEA114332485,83
SAMEA114332691,83
SAMEA114332673,83
SAMEA114332799,83
SAMEA114332735,83
SAMEA114332529,83
SAMEA114332783,83
SAMEA104177222,83
SAMEA114332510,83
SAMEA114332487,83
SAMEA114332469,83
SAMEA114332463,83
SAMEA112824220,83
SAMEA114332659,83
SAMEA114332683,83
SAMEA114332636,83
SAMEA114332726,83
SAMEA114332513,83
SAMEA114332779,83
SAMEA114332505,83
SAMEA104154412,83
SAMEA114332546,83
SAMEA114332490,83
SAMEA114332644,83
SAMEA114332727,83
SAMEA114332747,83
SAMEA104154413,83
SAMEA114332645,83
SAMEA114332640,83
SAMEA104154288,83
SAMEA114332548,83
SAMEA114332475,83
SAMEA114332537,83
SAMEA114241772,56
SAMEA1033654,56
SAMEA10428060,56
SAMEA114392627,56
SAMEA103953620,56
SAMEA114407945,56
SAMEA114309460,56
SAMEA114407987,56
SAMEA10428020,56
SAMEA1033752,56
SAMEA110666116,56
SAMEA10427885,56
SAMEA110665942,56
SAMEA1033728,56
SAMEA1033949,56
SAMEA1033769,56
SAMEA114441240,56
SAMEA114309709,56
SAMEA1033678,56
SAMEA114276604,56
SAMEA110665065,56
SAMEA1022788,56
SAMEA104355653,56
SAMEA103953552,56
SAMEA10428092,56
SAMEA1022797,56
SAMEA1033627,56
SAMEA10254906,56
SAMEA10427355,56
SAMEA10428033,56
SAMEA10427865,56
SAMEA114392823,56
SAMEA104355634,56
SAMEA10427251,56
SAMEA10427085,56
SAMEA114408162,56
SAMEA104035204,56
SAMEA110666149,56
SAMEA104355729,56
SAMEA10254653,56
SAMEA10427205,56
SAMEA104355811,56
SAMEA110665656,56
SAMEA104355661,56
SAMEA103953520,56
SAMEA1033880,56
SAMEA103953609,56
SAMEA114276543,56
SAMEA114441159,56
SAMEA110665947,56
SAMEA104355694,56
SAMEA103953633,56
SAMEA103953599,56
SAMEA114392844,56
SAMEA1022832,56
SAMEA10427190,56
SAMEA104456901,56
SAMEA114392829,56
SAMEA10427206,56
SAMEA10427084,56
SAMEA114408084,56
SAMEA10427068,56
SAMEA10427936,56
SAMEA10427555,56
SAMEA10427019,56
SAMEA114276687,56
SAMEA110666113,56
SAMEA103953591,56
SAMEA10427988,56
SAMEA10427324,56
SAMEA104456724,56
SAMEA10428068,56
SAMEA103953575,56
SAMEA10427201,56
SAMEA10427175,56
SAMEA103953582,56
SAMEA104355638,56
SAMEA1022824,56
SAMEA1033661,56
SAMEA10427217,56
SAMEA104355898,56
SAMEA1033839,56
SAMEA1022896,81
SAMEA1022929,81
SAMEA1022760,81
SAMEA104456417,81
SAMEA111351781,81
SAMEA104154430,81
SAMEA1022782,81
SAMEA104034487,81
SAMEA1022892,81
SAMEA1022887,81
SAMEA1032561,81
SAMEA104034472,81
SAMEA104456319,81
SAMEA111351766,81
SAMEA104456156,81
SAMEA104456421,81
SAMEA114313205,81
SAMEA1022937,81
SAMEA1022761,81
SAMEA104034491,81
SAMEA1022942,81
SAMEA104455953,81
SAMEA114313177,81
SAMEA1026556,81
SAMEA1022938,81
SAMEA1032637,81
SAMEA114313368,81
SAMEA1022867,81
SAMEA102265168,81
SAMEA111503794,81
SAMEA1022924,81
SAMEA1022930,81
SAMEA1022890,81
SAMEA1022907,81
SAMEA104455912,81
SAMEA11305584,81
SAMEA1022817,81
SAMEA1032567,81
SAMEA104034486,81
SAMEA104455781,81
SAMEA1022807,81
SAMEA1022865,81
SAMEA1022787,81
SAMEA102149668,81
SAMEA104456736,81
SAMEA1022917,81
SAMEA1022933,81
SAMEA104034477,81
SAMEA1022801,81
SAMEA1022876,81
SAMEA104034682,81
SAMEA104034488,81
SAMEA104455954,81
SAMEA102187168,81
SAMEA114313442,81
SAMEA1022873,81
SAMEA114309424,81
SAMEA102133168,81
SAMEA1022816,81
SAMEA104034476,81
SAMEA1026717,81
SAMEA1022806,81
SAMEA104456208,81
SAMEA104456014,81
SAMEA104154422,81
SAMEA1022884,81
SAMEA1022888,81
SAMEA1022785,81
SAMEA104455952,81
SAMEA1022772,81
SAMEA1022815,81
SAMEA1022897,81
SAMEA1022920,81
SAMEA1022958,81
SAMEA1022886,81
SAMEA1022859,81
SAMEA1022830,81
SAMEA1026772,81
SAMEA104456512,81
SAMEA104034676,81
SAMEA114313167,81
SAMEA114313440,81
SAMEA1022833,81
SAMEA104154461,81
SAMEA104455785,81
SAMEA114375694,81
SAMEA111351943,81
SAMEA114313212,81
SAMEA1022851,81
SAMEA1022826,81
SAMEA1022857,81
SAMEA111351964,81
SAMEA10427346,37
SAMEA114276700,37
SAMEA104456062,37
SAMEA104456126,37
SAMEA104456187,37
SAMEA10427230,37
SAMEA10427974,37
SAMEA10427162,37
SAMEA114242216,37
SAMEA114309717,37
SAMEA10427087,37
SAMEA114309801,37
SAMEA10427666,37
SAMEA104456627,51
SAMEA10427213,51
SAMEA114332681,51
SAMEA104154746,51
SAMEA112824119,51
SAMEA113533859,51
SAMEA104154665,51
SAMEA114441499,51
SAMEA111378877,51
SAMEA114276673,51
SAMEA114309369,51
SAMEA114309584,51
SAMEA114332712,51
SAMEA104154704,51
SAMEA10427838,51
SAMEA114345951,51
SAMEA114441224,51
SAMEA10427531,51
SAMEA114241827,51
SAMEA10428067,51
SAMEA10427463,51
SAMEA104456536,51
SAMEA104456585,51
SAMEA104455840,51
SAMEA114309533,51
SAMEA10427407,51
SAMEA10427225,51
SAMEA104035306,51
SAMEA114332734,51
SAMEA114392764,51
SAMEA103953710,51
SAMEA114241775,51
SAMEA114309558,51
SAMEA114441345,51
SAMEA10427410,51
SAMEA114332714,51
SAMEA114309700,51
SAMEA114276714,51
SAMEA114309720,51
SAMEA1023772,51
SAMEA114441565,51
SAMEA114407964,51
SAMEA114211852,51
SAMEA114241850,51
SAMEA114276819,51
SAMEA114212022,51
SAMEA114332797,51
SAMEA102262918,51
SAMEA1023704,51
SAMEA104035756,51
SAMEA10427242,51
SAMEA114242139,51
SAMEA114276795,51
SAMEA104456445,51
SAMEA104154642,51
SAMEA114520637,51
SAMEA1023948,51
SAMEA1029102,51
SAMEA114490288,51
SAMEA10428036,51
SAMEA114309653,51
SAMEA114408266,51
SAMEA10427252,51
SAMEA114332771,51
SAMEA114211866,51
SAMEA114241881,51
SAMEA114242133,51
SAMEA10427896,51
SAMEA114241823,51
SAMEA10427372,51
SAMEA114309663,51
SAMEA114228329,51
SAMEA114407962,51
SAMEA10427730,51
SAMEA104035218,51
SAMEA114276725,51
SAMEA104035250,51
SAMEA114242266,51
SAMEA114228322,51
SAMEA104456077,51
SAMEA114241883,51
SAMEA114241830,51
SAMEA104154826,51
SAMEA114036885,51
SAMEA104154738,51
SAMEA10427910,51
SAMEA10427070,51
SAMEA111378895,51
SAMEA114520642,51
SAMEA114408295,51
SAMEA10427153,51
SAMEA104456422,51
SAMEA114241778,51
SAMEA10427971,51
SAMEA1024136,51
SAMEA114242059,51
SAMEA114520728,72
SAMEA114479345,72
SAMEA111441637,72
SAMEA114520352,72
SAMEA104035254,72
SAMEA114479039,72
SAMEA111441684,72
SAMEA114479490,72
SAMEA102201418,72
SAMEA102290668,72
SAMEA111351865,72
SAMEA111351911,72
SAMEA104177230,72
SAMEA112126438,72
SAMEA114520486,72
SAMEA111441660,72
SAMEA114442059,72
SAMEA114478793,72
SAMEA104177319,72
SAMEA114489945,72
SAMEA114212275,72
SAMEA104155121,72
SAMEA114478779,72
SAMEA104177314,72
SAMEA114490287,72
SAMEA104177281,72
SAMEA111351904,72
SAMEA112126417,72
SAMEA111352015,72
SAMEA114313233,72
SAMEA104154454,72
SAMEA114489977,72
SAMEA111351802,72
SAMEA114490001,72
SAMEA114490163,72
SAMEA114520571,72
SAMEA104035683,72
SAMEA114441931,72
SAMEA1020222,72
SAMEA111352018,72
SAMEA114442038,72
SAMEA10427292,72
SAMEA112299498,72
SAMEA114441592,72
SAMEA111352053,72
SAMEA104035897,72
SAMEA114520520,72
SAMEA104177228,72
SAMEA111351804,72
SAMEA114479525,72
SAMEA114520651,72
SAMEA111351935,72
SAMEA111351963,72
SAMEA114478896,72
SAMEA104177335,72
SAMEA111351869,72
SAMEA114520372,72
SAMEA114211887,72
SAMEA111352096,72
SAMEA114520555,72
SAMEA104154510,72
SAMEA114088720,72
SAMEA104177277,72
SAMEA104034643,72
SAMEA102253918,72
SAMEA111351853,72
SAMEA104154559,72
SAMEA104177337,72
SAMEA114441988,72
SAMEA104154343,72
SAMEA114490333,72
SAMEA1026427,72
SAMEA104154545,72
SAMEA111352107,72
SAMEA111351982,72
SAMEA114490261,72
SAMEA114520561,72
SAMEA104154554,72
SAMEA114442003,72
SAMEA114479399,72
SAMEA104456906,52
SAMEA104455800,52
SAMEA10427116,52
SAMEA10427895,52
SAMEA104456696,52
SAMEA104456853,52
SAMEA114241811,52
SAMEA104456357,52
SAMEA104456254,52
SAMEA104456889,52
SAMEA104455962,52
SAMEA114345886,52
SAMEA10427294,52
SAMEA104456204,52
SAMEA114242233,52
SAMEA104456886,52
SAMEA114345893,52
SAMEA104456682,52
SAMEA104456742,52
SAMEA114241815,52
SAMEA114241919,52
SAMEA104456273,52
SAMEA104456728,52
SAMEA104456575,52
SAMEA104456779,52
SAMEA114276697,52
SAMEA114241880,52
SAMEA104456664,52
SAMEA104456382,52
SAMEA104222004,52
SAMEA114309564,52
SAMEA104456383,52
SAMEA104456092,52
SAMEA104456828,52
SAMEA104154293,52
SAMEA104456909,52
SAMEA10427049,52
SAMEA114242217,52
SAMEA104154308,52
SAMEA114309714,52
SAMEA114309754,52
SAMEA114241932,52
SAMEA114309491,52
SAMEA10427600,52
SAMEA104456488,52
SAMEA104456739,52
SAMEA104456802,52
SAMEA104456552,52
SAMEA114242187,52
SAMEA114309721,52
SAMEA104456677,52
SAMEA114309542,52
SAMEA114276815,52
SAMEA10427445,52
SAMEA10427263,52
SAMEA10427449,52
SAMEA10428054,52
SAMEA104456807,52
SAMEA114309704,52
SAMEA104456683,52
SAMEA104456833,52
SAMEA114241789,52
SAMEA114309619,52
SAMEA104456729,52
SAMEA10427580,52
SAMEA114309480,52
SAMEA114309705,52
SAMEA114309609,52
SAMEA114276609,52
SAMEA114242221,52
SAMEA114242263,52
SAMEA114242348,52
SAMEA104456887,52
SAMEA104222005,52
SAMEA104456380,52
SAMEA114241972,52
SAMEA114276606,52
SAMEA114345882,52
SAMEA104456017,52
SAMEA114241799,52
SAMEA104455834,52
SAMEA104456378,52
SAMEA104456814,52
SAMEA114242307,52
SAMEA114242279,52
SAMEA104456227,52
SAMEA114345948,52
SAMEA114276557,52
SAMEA114242067,52
SAMEA104456848,52
SAMEA104455915,52
SAMEA104456834,52
SAMEA10427950,52
SAMEA114276591,52
SAMEA10427978,52
SAMEA10427869,52
SAMEA104154442,52
SAMEA114242331,52
SAMEA10427937,52
SAMEA10428048,52
SAMEA104456237,52
SAMEA104456890,52
SAMEA10427124,52
SAMEA114242349,52
SAMEA104456185,52
SAMEA114276770,52
SAMEA114241824,52
SAMEA104155030,67
SAMEA104155011,67
SAMEA114375373,67
SAMEA104154334,67
SAMEA114392854,67
SAMEA112126353,67
SAMEA104155046,67
SAMEA112824249,67
SAMEA104355774,67
SAMEA10254709,67
SAMEA104155040,67
SAMEA104038588,67
SAMEA104154880,67
SAMEA104154580,67
SAMEA114242366,67
SAMEA104035147,67
SAMEA114375796,67
SAMEA102289168,67
SAMEA10254551,67
SAMEA104154437,67
SAMEA104355583,67
SAMEA104355612,67
SAMEA104355842,67
SAMEA103953460,67
SAMEA10254832,67
SAMEA114479510,67
SAMEA102280918,67
SAMEA104355723,67
SAMEA104155000,67
SAMEA104403631,67
SAMEA112299511,67
SAMEA102276418,67
SAMEA104355787,67
SAMEA114441409,67
SAMEA104154320,67
SAMEA114489999,67
SAMEA102181168,67
SAMEA102271918,67
SAMEA104355643,67
SAMEA104154875,67
SAMEA113533795,67
SAMEA104154542,67
SAMEA104035860,67
SAMEA114212167,67
SAMEA10254569,67
SAMEA114375799,67
SAMEA104038620,67
SAMEA114241773,67
SAMEA104355696,67
SAMEA104155068,67
SAMEA10254614,67
SAMEA104035887,67
SAMEA104355745,67
SAMEA104355740,67
SAMEA104403635,67
SAMEA104154913,67
SAMEA104355866,67
SAMEA114036932,67
SAMEA114479559,67
SAMEA104155043,67
SAMEA114309660,65
SAMEA110665874,65
SAMEA110665905,65
SAMEA110664933,65
SAMEA110665922,65
SAMEA114309682,65
SAMEA114375409,65
SAMEA114276618,65
SAMEA114242278,65
SAMEA114375626,65
SAMEA110664921,65
SAMEA110665763,65
SAMEA114375322,65
SAMEA114375385,65
SAMEA110665034,65
SAMEA110665896,65
SAMEA110665777,65
SAMEA114242105,65
SAMEA114309681,65
SAMEA114375311,65
SAMEA114375328,65
SAMEA114375271,65
SAMEA114375798,65
SAMEA1033772,65
SAMEA110665827,65
SAMEA110665260,65
SAMEA114375421,65
SAMEA110665780,65
SAMEA114375664,65
SAMEA110665045,65
SAMEA114375451,65
SAMEA114276809,65
SAMEA114242018,65
SAMEA110664923,65
SAMEA110665775,65
SAMEA114375795,65
SAMEA110665010,65
SAMEA114228324,65
SAMEA114276643,65
SAMEA110665744,65
SAMEA114375580,65
SAMEA110665786,65
SAMEA114375672,65
SAMEA110665037,65
SAMEA114242009,65
SAMEA114309763,65
SAMEA110665753,65
SAMEA114309553,65
SAMEA114375312,65
SAMEA110665429,65
SAMEA110665929,65
SAMEA110664947,65
SAMEA110665032,65
SAMEA111352097,65
SAMEA114242079,65
SAMEA110665746,65
SAMEA1033946,65
SAMEA114309532,65
SAMEA110665828,65
SAMEA110665071,65
SAMEA110664935,65
SAMEA110665766,65
SAMEA114241966,65
SAMEA114375508,65
SAMEA110664905,65
SAMEA110665708,65
SAMEA1033673,65
SAMEA114276576,65
SAMEA114276745,65
SAMEA110665754,65
SAMEA114375638,65
SAMEA110664956,65
SAMEA114375338,65
SAMEA110665779,65
SAMEA1033737,65
SAMEA110664909,65
SAMEA114375800,65
SAMEA114242135,65
SAMEA110665800,65
SAMEA110665424,65
SAMEA110665749,65
SAMEA110665394,65
SAMEA114276811,65
SAMEA110664890,65
SAMEA110664876,65
SAMEA1025104,37
SAMEA1025343,37
SAMEA1025790,37
SAMEA104355854,37
SAMEA104355876,37
SAMEA1025216,37
SAMEA1028836,37
SAMEA1024957,37
SAMEA10254707,37
SAMEA10254844,37
SAMEA1024598,37
SAMEA1024795,37
SAMEA1024849,37
SAMEA114408452,37
SAMEA1029107,37
SAMEA1024977,37
SAMEA114036656,37
SAMEA1024139,37
SAMEA1028946,37
SAMEA103953586,37
SAMEA1024624,37
SAMEA1028829,37
SAMEA104355903,37
SAMEA104355961,37
SAMEA1025511,37
SAMEA1029161,37
SAMEA1023923,37
SAMEA104355786,37
SAMEA114463219,37
SAMEA1023956,37
SAMEA1028714,37
SAMEA1025732,37
SAMEA114408216,37
SAMEA1028621,37
SAMEA1025656,37
SAMEA1024202,37
SAMEA1029428,37
SAMEA1029171,37
SAMEA1025090,37
SAMEA1022905,37
SAMEA1025827,37
SAMEA1023689,37
SAMEA1024176,37
SAMEA1029286,37
SAMEA114408498,37
SAMEA114407927,37
SAMEA1025909,37
SAMEA1025111,37
SAMEA10254701,37
SAMEA1025943,37
SAMEA1025421,37
SAMEA1025258,37
SAMEA1025624,37
SAMEA1025397,37
SAMEA1024070,37
SAMEA1029209,37
SAMEA114392712,37
SAMEA1025861,37
SAMEA1025983,37
SAMEA114392834,37
SAMEA1025299,37
SAMEA1025015,37
SAMEA1024608,37
SAMEA1023944,37
SAMEA114441569,37
SAMEA1025846,37
SAMEA1025482,37
SAMEA114408454,37
SAMEA1025420,37
SAMEA1024716,37
SAMEA114036835,37
SAMEA1029397,37
SAMEA10254667,37
SAMEA1023809,37
SAMEA1029400,37
SAMEA104355692,37
SAMEA1025469,37
SAMEA1023903,37
SAMEA10254757,37
SAMEA1026011,37
SAMEA1029422,37
SAMEA1029373,37
SAMEA1025896,37
SAMEA1028736,37
SAMEA1028922,37
SAMEA104355776,37
SAMEA1023733,37
SAMEA1023742,37
SAMEA1025032,37
SAMEA10254716,37
SAMEA114463265,37
SAMEA1024874,37
SAMEA1023873,37
SAMEA10254630,37
SAMEA1025718,37
SAMEA1024832,37
SAMEA1024085,37
SAMEA1024803,37
SAMEA1025968,37
SAMEA1026646,64
SAMEA1032629,64
SAMEA1026436,64
SAMEA1032543,64
SAMEA112768469,64
SAMEA112768467,64
SAMEA104035101,64
SAMEA1026748,64
SAMEA1032656,64
SAMEA1026695,64
SAMEA1026704,64
SAMEA1026408,64
SAMEA1026325,64
SAMEA1026569,64
SAMEA1026628,64
SAMEA1026773,64
SAMEA1032564,64
SAMEA112768468,64
SAMEA1032678,64
SAMEA1026520,64
SAMEA1032579,64
SAMEA1032633,64
SAMEA1026625,64
SAMEA1032414,64
SAMEA112768466,64
SAMEA1032429,64
SAMEA1026658,64
SAMEA1032522,64
SAMEA1032550,64
SAMEA1026472,64
SAMEA1032626,64
SAMEA1026798,64
SAMEA1026361,64
SAMEA112768470,64
SAMEA1032630,64
SAMEA1026440,64
SAMEA1026358,64
SAMEA1026627,64
SAMEA1026677,64
SAMEA104034673,64
SAMEA1026466,64
SAMEA1032417,64
SAMEA1032643,64
SAMEA1026476,64
SAMEA1032631,64
SAMEA1026453,64
SAMEA1026330,64
SAMEA1026593,64
SAMEA1032603,64
SAMEA1026805,64
SAMEA1026696,64
SAMEA1026840,64
SAMEA1026345,64
SAMEA1032686,64
SAMEA1026649,64
SAMEA1026712,64
SAMEA104035044,64
SAMEA1023894,42
SAMEA1028941,42
SAMEA1024967,42
SAMEA1022901,42
SAMEA1023776,42
SAMEA1029019,42
SAMEA1025433,42
SAMEA1025155,42
SAMEA1024752,42
SAMEA1023701,42
SAMEA1022809,42
SAMEA1025024,42
SAMEA1024800,42
SAMEA1023807,42
SAMEA1025863,42
SAMEA1024570,42
SAMEA1023796,42
SAMEA1028657,42
SAMEA1024734,42
SAMEA1024603,42
SAMEA1029231,42
SAMEA1023985,42
SAMEA1022915,42
SAMEA1029013,42
SAMEA1026001,42
SAMEA1029201,42
SAMEA1022952,42
SAMEA1028632,42
SAMEA1024034,42
SAMEA1026130,42
SAMEA1024709,42
SAMEA1026228,42
SAMEA1024027,42
SAMEA1029044,42
SAMEA1029427,42
SAMEA1024031,42
SAMEA1029057,42
SAMEA1023987,42
SAMEA1026063,42
SAMEA1025474,42
SAMEA1023729,42
SAMEA1026101,42
SAMEA1024178,42
SAMEA1023758,42
SAMEA1023951,42
SAMEA1023860,42
SAMEA1024195,42
SAMEA1023709,42
SAMEA1023732,42
SAMEA1022889,42
SAMEA1024741,42
SAMEA1025486,42
SAMEA1028848,42
SAMEA1025823,42
SAMEA1026158,42
SAMEA1024798,42
SAMEA1024074,42
SAMEA1024565,42
SAMEA1024833,42
SAMEA1025437,42
SAMEA1025932,42
SAMEA1024017,42
SAMEA1025046,42
SAMEA1023969,42
SAMEA1029360,42
SAMEA1025008,42
SAMEA1026094,42
SAMEA1023786,42
SAMEA1029025,42
SAMEA1024087,42
SAMEA1023794,42
SAMEA1024739,42
SAMEA1025504,42
SAMEA1028832,42
SAMEA1023670,42
SAMEA1024571,42
SAMEA1024574,42
SAMEA1028700,42
SAMEA1024009,42
SAMEA1023765,42
SAMEA1029204,42
SAMEA1023854,42
SAMEA1025049,42
SAMEA1029001,42
SAMEA1023855,42
SAMEA1023810,42
SAMEA1024204,42
SAMEA1025154,42
SAMEA1023929,42
SAMEA1024067,42
SAMEA1026129,42
SAMEA1023917,42
SAMEA1023663,42
SAMEA1025558,42
SAMEA1024569,42
SAMEA1025623,42
SAMEA1024166,42
SAMEA1024119,42
SAMEA1022850,42
SAMEA1024057,42
SAMEA1024758,42
SAMEA1025648,42
SAMEA1024086,42
SAMEA1025641,42
SAMEA1028756,42
SAMEA1033785,54
SAMEA114375699,54
SAMEA114375809,54
SAMEA114375701,54
SAMEA1033518,54
SAMEA114375666,54
SAMEA10427195,54
SAMEA110665329,54
SAMEA110665286,54
SAMEA110666110,54
SAMEA110666164,54
SAMEA114309557,54
SAMEA110666156,54
SAMEA110665411,54
SAMEA114242065,54
SAMEA10427522,54
SAMEA104456089,54
SAMEA1033788,54
SAMEA114276647,54
SAMEA104343711,63
SAMEA1025085,63
SAMEA1029208,63
SAMEA1025398,63
SAMEA1025961,63
SAMEA1026218,63
SAMEA104343813,63
SAMEA1029213,63
SAMEA1025404,63
SAMEA1028871,63
SAMEA1028752,63
SAMEA104343716,63
SAMEA1028631,63
SAMEA1025310,63
SAMEA1029090,63
SAMEA1028967,63
SAMEA1024876,63
SAMEA1024942,63
SAMEA1025143,63
SAMEA1025903,63
SAMD00224662,63
SAMEA104343804,63
SAMEA1025851,63
SAMEA104343724,63
SAMEA104343803,63
SAMEA104343808,63
SAMEA1025889,63
SAMEA104343722,63
SAMEA1025098,63
SAMEA1025806,63
SAMEA104343710,63
SAMEA1025775,63
SAMEA104343814,63
SAMEA1024063,63
SAMEA1023838,63
SAMEA1025866,63
SAMEA1025617,63
SAMEA104343720,63
SAMEA1026091,63
SAMEA1028957,63
SAMEA1029297,63
SAMEA104343715,63
SAMEA1026128,63
SAMEA1029023,63
SAMEA104343802,63
SAMD00224674,63
SAMEA104343713,63
SAMEA1025363,63
SAMEA1025265,63
SAMEA104343805,63
SAMEA1029261,63
SAMEA104343788,63
SAMEA1025703,63
SAMEA1023879,63
SAMEA104343809,63
SAMEA1029203,63
SAMEA104343718,63
SAMEA104343717,63
SAMEA1028980,63
SAMEA104343789,63
SAMEA1024927,63
SAMEA104343815,63
SAMEA104343712,63
SAMEA1028988,63
SAMEA1024895,63
SAMEA104343806,63
SAMEA1024988,63
SAMEA1025350,63
SAMEA1025892,63
SAMEA1029355,63
SAMEA1024696,63
SAMEA1025705,63
SAMEA1026250,63
SAMEA104343812,63
SAMEA1023734,63
SAMEA1025799,63
SAMEA1028934,63
SAMEA1025990,63
SAMEA104343714,63
SAMEA104343817,63
SAMEA1028908,63
SAMEA1024664,63
SAMEA104343816,63
SAMEA1029407,63
SAMEA1028608,63
SAMEA1028940,63
SAMEA104343719,63
SAMEA1025062,63
SAMEA104343807,63
SAMEA104343707,63
SAMEA1029206,63
SAMEA104343723,63
SAMEA104343811,63
SAMEA1024740,63
SAMEA104343721,63
SAMEA1025884,63
SAMEA1024535,63
SAMEA1026201,63
SAMEA104343708,63
SAMEA1028735,63
SAMEA1029352,63
SAMEA1028619,63
SAMEA1026176,63
SAMEA1025446,63
SAMEA1028674,63
SAMEA1025689,63
SAMEA1028783,63
SAMEA1028649,63
SAMEA104343709,63
SAMEA1025206,69
SAMEA1024831,69
SAMEA1028873,69
SAMEA1025711,69
SAMEA1028683,69
SAMEA1025271,69
SAMEA1025411,69
SAMEA1025239,69
SAMEA1025328,69
SAMEA1028897,69
SAMEA114408273,69
SAMEA1026105,69
SAMEA1025663,69
SAMEA1024880,69
SAMEA1025247,69
SAMEA1025368,69
SAMEA114036813,69
SAMEA1025525,69
SAMEA1023918,69
SAMEA1025532,69
SAMEA1029003,69
SAMEA1029435,69
SAMEA1024839,69
SAMEA1024844,69
SAMEA1025797,69
SAMEA1029363,69
SAMEA1025238,69
SAMEA114408245,69
SAMEA104456868,69
SAMEA1025848,69
SAMEA1023696,69
SAMEA1025074,69
SAMEA111504676,69
SAMEA114441394,69
SAMEA114392778,69
SAMEA1028985,69
SAMEA1024802,69
SAMEA1029338,69
SAMEA1025661,69
SAMEA10254637,69
SAMEA1024097,69
SAMEA1029370,69
SAMEA1029126,69
SAMEA1028618,69
SAMEA1025828,69
SAMEA1026043,69
SAMEA1025794,69
SAMEA1028917,69
SAMEA114441356,69
SAMEA1028998,69
SAMEA1028653,69
SAMEA1028695,69
SAMEA1025895,69
SAMEA1029078,69
SAMEA10254720,69
SAMEA104456820,69
SAMEA1028767,69
SAMEA1023681,69
SAMEA114408032,69
SAMEA114408027,69
SAMEA10254898,69
SAMEA1025843,69
SAMEA1025669,69
SAMEA1025774,69
SAMEA10254735,69
SAMEA114441372,69
SAMEA1028601,69
SAMEA1029242,69
SAMEA1029250,69
SAMEA1028834,69
SAMEA114408192,69
SAMEA1028705,69
SAMEA1024209,69
SAMEA114392776,69
SAMEA1025496,69
SAMEA10254727,69
SAMEA102282418,58
SAMEA102284668,58
SAMEA104154359,58
SAMEA104154400,58
SAMEA104154519,58
SAMEA104154594,58
SAMEA104154425,58
SAMEA104154497,58
SAMEA102211918,58
SAMEA104154539,58
SAMEA102150418,58
SAMEA104154571,58
SAMEA102222418,58
SAMEA102265918,58
SAMEA114407910,101
SAMEA114408325,101
SAMEA114407892,101
SAMEA112126403,101
SAMEA114441436,101
SAMEA114392936,101
SAMEA114441468,101
SAMEA114441487,101
SAMEA10254640,101
SAMEA103953592,101
SAMEA104355584,101
SAMEA103953626,101
SAMEA114407905,101
SAMEA114441124,101
SAMEA104355845,101
SAMEA10254696,101
SAMEA104355821,101
SAMEA114463266,101
SAMEA114407932,101
SAMEA104034805,101
SAMEA114392849,101
SAMEA114408137,101
SAMEA104355792,101
SAMEA114408217,101
SAMEA114441328,101
SAMEA114407900,101
SAMEA104355781,101
SAMEA114407921,101
SAMEA114441295,101
SAMEA103953510,101
SAMEA104355594,101
SAMEA114408093,101
SAMEA104355668,101
SAMEA10254737,101
SAMEA114408130,101
SAMEA114408075,101
SAMEA10254517,101
SAMEA114408077,101
SAMEA104355813,101
SAMEA114392656,101
SAMEA114441136,101
SAMEA114441570,101
SAMEA103953658,101
SAMEA114407863,101
SAMEA114441330,101
SAMEA114407952,101
SAMEA114463243,101
SAMEA104355836,101
SAMEA114392822,101
SAMEA114463245,101
SAMEA114407893,101
SAMEA114407924,101
SAMEA114408220,101
SAMEA114408149,101
SAMEA114392740,101
SAMEA114463244,101
SAMEA114408359,101
SAMEA114392571,101
SAMEA114392662,101
SAMEA104355737,101
SAMEA104034891,101
SAMEA104355644,101
SAMEA103953611,101
SAMEA114392883,101
SAMEA104355796,101
SAMEA114441476,101
SAMEA104356014,101
SAMEA114441399,101
SAMEA114408381,101
SAMEA114408126,101
SAMEA114408256,101
SAMEA114441368,101
SAMEA114441526,101
SAMEA114392848,101
SAMEA110665829,92
SAMEA10428085,92
SAMEA110666005,92
SAMEA114309501,92
SAMEA110666160,92
SAMEA114375746,92
SAMEA110665087,92
SAMEA114309473,92
SAMEA110666163,92
SAMEA110665789,92
SAMEA110665861,92
SAMEA110666076,92
SAMEA114241837,92
SAMEA114276577,92
SAMEA114241792,92
SAMEA114309526,92
SAMEA110666105,92
SAMEA114241756,92
SAMEA114375491,92
SAMEA110666080,92
SAMEA110665849,92
SAMEA110665850,92
SAMEA10427211,92
SAMEA114242173,92
SAMEA10427081,92
SAMEA114375264,92
SAMEA114241839,92
SAMEA114375268,92
SAMEA114276616,92
SAMEA10427152,92
SAMEA110665526,92
SAMEA110665644,92
SAMEA114241738,92
SAMEA110666128,92
SAMEA110665980,92
SAMEA114242051,92
SAMEA114375748,92
SAMEA1033618,92
SAMEA114345908,92
SAMEA114375487,92
SAMEA110665369,92
SAMEA114241736,92
SAMEA110666062,92
SAMEA114309608,92
SAMEA110665781,92
SAMEA110665855,92
SAMEA110665757,92
SAMEA114375397,92
SAMEA114276747,92
SAMEA114345940,92
SAMEA114276624,92
SAMEA1033973,92
SAMEA114345923,92
SAMEA110666142,92
SAMEA110666153,92
SAMEA114241965,92
SAMEA114375608,92
SAMEA110665541,92
SAMEA10427994,92
SAMEA110666045,92
SAMEA10427904,92
SAMEA110666003,92
SAMEA110666129,92
SAMEA10428005,92
SAMEA110665477,92
SAMEA114241993,92
SAMEA114309662,92
SAMEA10427196,92
SAMEA110666140,92
SAMEA114242090,92
SAMEA114276772,92
SAMEA114242301,92
SAMEA114242147,92
SAMEA10427944,92
SAMEA114241911,92
SAMEA1033576,92
SAMEA114309617,92
SAMEA110666120,92
SAMEA110665823,92
SAMEA110665228,92
SAMEA110666134,92
SAMEA114228336,92
SAMEA110665788,92
SAMEA114375568,92
SAMEA114242029,92
SAMEA1033564,92
SAMEA110665836,92
SAMEA114408219,230
SAMEA114441232,230
SAMEA114407971,230
SAMEA114408005,230
SAMEA114392909,230
SAMEA114408484,230
SAMEA114392646,230
SAMEA104355996,230
SAMEA114392920,230
SAMEA103953687,230
SAMEA114407888,230
SAMEA114408485,230
SAMEA114408207,230
SAMEA114441412,230
SAMEA114392790,230
SAMEA114392882,230
SAMEA114392648,230
SAMEA114392850,230
SAMEA114408204,230
SAMEA114463207,230
SAMEA114463204,230
SAMEA114441261,230
SAMEA114408013,230
SAMEA114407852,230
SAMEA114408281,230
SAMEA114408433,230
SAMEA114392861,230
SAMEA114408368,230
SAMEA114441257,230
SAMEA103953671,230
SAMEA114408135,230
SAMEA104355809,230
SAMEA114408437,230
SAMEA114463284,230
SAMEA114407886,230
SAMEA104141980,230
SAMEA114408404,230
SAMEA114392878,230
SAMEA114408347,230
SAMEA114408047,230
SAMEA114408074,230
SAMEA114392835,230
SAMEA114392637,230
SAMEA114392632,230
SAMEA114408230,230
SAMEA104141541,230
SAMEA114441363,230
SAMEA114392584,230
SAMEA114441381,230
SAMEA10254789,230
SAMEA103953604,230
SAMEA114392925,230
SAMEA114463269,230
SAMEA114407989,230
SAMEA114408432,230
SAMEA114408464,230
SAMEA114463282,230
SAMEA103953667,230
SAMEA114408082,230
SAMEA104141997,230
SAMEA103953660,230
SAMEA114392709,230
SAMEA114441360,230
SAMEA114407853,230
SAMEA114407998,230
SAMEA114407866,230
SAMEA114408383,230
SAMEA114441127,230
SAMEA114407990,230
SAMEA114392711,230
SAMEA114407867,230
SAMEA114408052,230
SAMEA103953640,230
SAMEA114392862,230
SAMEA114408345,230
SAMEA103953630,230
SAMEA114408117,230
SAMEA114408360,230
SAMEA114375357,230
SAMEA114392645,230
SAMEA114441283,230
SAMEA104141984,230
SAMEA114408168,230
SAMEA114408030,230
SAMEA114407986,230
SAMEA114441109,230
SAMEA104142000,230
SAMEA104355868,230
SAMEA114408150,230
SAMEA114407974,230
SAMEA114392642,230
SAMEA114408377,230
SAMEA114408196,230
SAMEA114441341,230
SAMEA114392884,230
SAMEA114463279,230
SAMEA114441200,230
SAMEA114408497,230
SAMEA102206668,88
SAMEA110665235,88
SAMEA114375407,88
SAMEA114375648,88
SAMEA114375624,88
SAMEA114375401,88
SAMEA110666034,88
SAMEA104154610,88
SAMEA114375529,88
SAMEA114375496,88
SAMEA114375402,88
SAMEA114375586,88
SAMEA104154592,88
SAMEA114375494,88
SAMEA114375400,88
SAMEA102277168,88
SAMEA114375575,88
SAMEA114375474,88
SAMEA110666029,88
SAMEA114375403,88
SAMEA110666064,88
SAMEA114375511,88
SAMEA104154910,88
SAMEA110129244,88
SAMEA114375446,88
SAMEA110665955,88
SAMEA114375582,88
SAMEA114375411,88
SAMEA114375707,88
SAMEA111378873,88
SAMEA110665245,88
SAMEA114375570,88
SAMEA110129233,88
SAMEA110666006,88
SAMEA114375477,88
SAMEA110666086,88
SAMEA110129222,88
SAMEA114375413,88
SAMEA1033928,88
SAMEA110665998,88
SAMEA110666052,88
SAMEA114375605,88
SAMEA114375583,88
SAMEA114375650,88
SAMEA114375625,88
SAMEA114375747,88
SAMEA114375597,88
SAMEA114375426,88
SAMEA114375275,88
SAMEA114375500,88
SAMEA110665313,88
SAMEA110665993,88
SAMEA114375263,88
SAMEA110129224,88
SAMEA114375681,88
SAMEA102196168,88
SAMEA110665243,88
SAMEA110665368,88
SAMEA111378874,88
SAMEA110129204,88
SAMEA112654021,76
SAMEA114313206,76
SAMEA104034948,76
SAMEA114313202,76
SAMEA112143497,76
SAMEA104034549,75
SAMEA104034796,75
SAMEA111351859,75
SAMEA104035082,75
SAMEA104034886,75
SAMEA104035013,75
SAMEA104034854,75
SAMEA104035011,75
SAMEA104035096,75
SAMEA1026416,75
SAMEA112647583,75
SAMEA104035097,75
SAMEA112299494,75
SAMEA104177219,75
SAMEA1026498,75
SAMEA1026662,75
SAMEA104455810,75
SAMEA104177241,75
SAMEA1032424,75
SAMEA104034567,75
SAMEA1032418,75
SAMEA104034617,75
SAMEA111351767,75
SAMEA104034967,75
SAMEA104034974,75
SAMEA104034499,75
SAMEA112647515,75
SAMEA111351878,75
SAMEA112647407,75
SAMEA104035075,75
SAMEA104034800,75
SAMEA111351826,75
SAMEA104034571,75
SAMEA111352042,75
SAMEA114479409,75
SAMEA1026689,75
SAMEA104034941,75
SAMEA104035071,75
SAMEA104034719,75
SAMEA104034669,75
SAMEA1032599,75
SAMEA104034623,75
SAMEA104034831,75
SAMEA102286918,62
SAMEA104154479,62
SAMEA1033982,62
SAMEA102139918,62
SAMEA104154478,62
SAMEA102223918,62
SAMEA104154495,62
SAMEA104154577,62
SAMEA102126418,62
SAMEA104154877,62
SAMEA104154891,62
SAMEA104154327,62
SAMEA1024797,84
SAMEA102274918,84
SAMEA1024992,84
SAMEA104154879,84
SAMEA102184918,84
SAMEA104154598,84
SAMEA10254899,84
SAMEA104154453,84
SAMEA104355934,84
SAMEA102187918,84
SAMEA102162418,84
SAMEA1025435,84
SAMEA114408291,84
SAMEA104154374,84
SAMEA104038610,84
SAMEA104355932,84
SAMEA104356040,84
SAMEA104154940,84
SAMEA104355798,84
SAMEA104355974,84
SAMEA114441276,84
SAMEA104355822,84
SAMEA10254533,84
SAMEA114441226,84
SAMEA102192418,84
SAMEA111378862,84
SAMEA10254846,84
SAMEA104154475,84
SAMEA114392905,84
SAMEA104355958,84
SAMEA102182668,84
SAMEA1025676,84
SAMEA104355830,84
SAMEA1024823,84
SAMEA10254568,84
SAMEA104355935,84
SAMEA104355749,84
SAMEA104355855,84
SAMEA104154611,84
SAMEA1026137,84
SAMEA10254606,84
SAMEA104154604,84
SAMEA110129241,84
SAMEA1026060,66
SAMEA1024719,66
SAMEA1024856,66
SAMEA1025373,66
SAMEA1023745,66
SAMEA1025537,66
SAMEA1023955,66
SAMEA1024554,66
SAMEA1023686,66
SAMEA1023787,66
SAMEA1025527,66
SAMEA1024083,66
SAMEA1024138,66
SAMEA1022875,66
SAMEA1025004,66
SAMEA1024954,66
SAMEA1029449,66
SAMEA1028842,66
SAMEA1025712,66
SAMEA1025514,66
SAMEA1025019,66
SAMEA1023904,66
SAMEA1024935,66
SAMEA1022895,66
SAMEA1024023,66
SAMEA1028839,66
SAMEA1028932,66
SAMEA1022926,66
SAMEA1025204,66
SAMEA1028831,66
SAMEA114036778,66
SAMEA1023735,66
SAMEA1025495,66
SAMEA1024081,66
SAMEA1024694,66
SAMEA1023952,66
SAMEA1025470,66
SAMEA1025402,66
SAMEA1029425,66
SAMD00224671,66
SAMEA1025091,66
SAMEA1029046,66
SAMEA1023703,66
SAMEA1024792,66
SAMEA1024724,66
SAMEA1024068,66
SAMEA1025787,66
SAMEA1026025,66
SAMEA1026059,66
SAMEA1024933,66
SAMEA1029408,66
SAMEA1024766,66
SAMEA1024974,66
SAMEA1025541,66
SAMEA1029439,66
SAMEA1024962,66
SAMEA114036790,66
SAMEA1026213,66
SAMEA1024746,66
SAMEA1023841,66
SAMEA1024854,66
SAMEA114036777,66
SAMEA1024771,66
SAMEA1029158,66
SAMEA1029265,66
SAMEA1025036,66
SAMEA1028603,66
SAMEA1024891,66
SAMEA1024952,66
SAMEA1025116,66
SAMEA1024842,66
SAMEA1025573,66
SAMEA1029168,66
SAMEA1024847,66
SAMEA1023722,66
SAMEA1025065,66
SAMEA1024892,66
SAMEA102176668,61
SAMEA110665673,61
SAMEA1033824,61
SAMEA114309511,61
SAMEA104456772,61
SAMEA114276806,61
SAMEA1034006,61
SAMEA114242164,61
SAMEA10428077,61
SAMEA1033771,61
SAMEA114241797,61
SAMEA104456803,61
SAMEA114345934,61
SAMEA110665808,61
SAMEA114242226,61
SAMEA104455825,61
SAMEA10427165,61
SAMEA114345933,61
SAMEA114345924,61
SAMEA10427209,61
SAMEA1033641,61
SAMEA114309504,61
SAMEA114242360,61
SAMEA114309829,61
SAMEA104456396,61
SAMEA104455778,61
SAMEA114242333,61
SAMEA114241816,61
SAMEA10427675,61
SAMEA102190918,61
SAMEA104154587,61
SAMEA104456686,61
SAMEA10427146,61
SAMEA10427761,61
SAMEA114276729,61
SAMEA102154918,61
SAMEA10427337,61
SAMEA10428051,61
SAMEA114276707,61
SAMEA104456193,61
SAMEA10427310,61
SAMEA104456555,61
SAMEA10427884,61
SAMEA10427920,61
SAMEA114375646,61
SAMEA104456731,61
SAMEA114309372,61
SAMEA114242341,61
SAMEA114520338,112
SAMEA102157918,112
SAMEA102140668,112
SAMEA104154621,112
SAMEA114441801,112
SAMEA102158668,112
SAMEA114212284,112
SAMEA102217918,112
SAMEA102259918,112
SAMEA102130168,112
SAMEA104154589,112
SAMEA102237418,112
SAMEA102272668,112
SAMEA114479044,112
SAMEA102251668,112
SAMEA114212234,112
SAMEA102292918,112
SAMEA104035353,112
SAMEA104154490,112
SAMEA102256168,112
SAMEA102219418,112
SAMEA104154586,112
SAMEA102138418,112
SAMEA104154572,112
SAMEA114212196,112
SAMEA114228294,112
SAMEA10427583,77
SAMEA114309601,77
SAMEA104456381,77
SAMEA10427208,77
SAMEA1024853,71
SAMEA110665902,71
SAMEA1025626,71
SAMEA110666112,71
SAMEA110665671,71
SAMEA110665940,71
SAMEA1025765,71
SAMEA104154590,71
SAMEA1024671,71
SAMEA1028844,71
SAMEA1023737,71
SAMEA102193918,71
SAMEA1028690,71
SAMEA110665549,71
SAMEA110665296,71
SAMEA104343810,71
SAMEA102186418,71
SAMEA1025635,71
SAMEA110665594,71
SAMEA1023770,71
SAMEA110665937,71
SAMEA110666096,71
SAMEA110665328,71
SAMEA1028953,71
SAMEA110665467,71
SAMEA1025762,71
SAMEA1025187,71
SAMEA110666117,71
SAMEA103953618,71
SAMEA110665162,71
SAMEA1025923,71
SAMEA1028867,71
SAMEA110665155,71
SAMEA1029152,71
SAMEA110665935,71
SAMEA110666090,71
SAMEA1028733,71
SAMEA104154902,71
SAMEA110665898,71
SAMEA104154498,71
SAMEA110665151,71
SAMEA110665302,71
SAMEA110666024,71
SAMEA1025338,71
SAMEA1029131,71
SAMEA1025041,71
SAMEA110666077,71
SAMEA1026104,71
SAMEA104154386,71
SAMEA1025288,71
SAMEA1029353,71
SAMEA110665547,71
SAMEA1025531,71
SAMEA104154620,71
SAMEA104456752,91
SAMEA102165418,91
SAMEA114441245,91
SAMEA103953712,91
SAMEA104355856,91
SAMEA1026127,91
SAMEA114392923,91
SAMEA114441383,91
SAMEA114407849,91
SAMEA114392674,91
SAMEA114407947,91
SAMEA104355721,91
SAMEA103953713,91
SAMEA114407970,91
SAMEA10254901,91
SAMEA104154839,91
SAMEA104154569,91
SAMEA1024910,91
SAMEA110129197,91
SAMEA1029419,91
SAMEA1024610,91
SAMEA104456562,91
SAMEA104154458,91
SAMEA114408442,91
SAMEA111378849,91
SAMEA1024190,91
SAMEA10254842,91
SAMEA10254767,91
SAMEA103953631,91
SAMEA114407908,91
SAMEA102180418,91
SAMEA10254784,91
SAMEA1029144,91
SAMEA114441286,91
SAMEA104456635,91
SAMEA104356008,91
SAMEA1033902,91
SAMEA1023727,91
SAMEA111351796,91
SAMEA10254862,91
SAMEA114408319,91
SAMEA10254914,91
SAMEA1025954,91
SAMEA110129188,91
SAMEA1026225,91
SAMEA1024121,91
SAMEA1025171,91
SAMEA104154483,91
SAMEA1025560,91
SAMEA103953720,91
SAMEA104456725,91
SAMEA104456797,91
SAMEA114408167,91
SAMEA103953585,91
SAMEA104343493,188
SAMEA104343630,188
SAMEA104343649,188
SAMEA104343597,188
SAMEA1023666,188
SAMEA104343496,188
SAMEA104343495,188
SAMEA104343618,188
SAMEA104343583,188
SAMEA104343635,188
SAMEA104343654,188
SAMEA104343549,188
SAMEA104343653,188
SAMEA104343636,188
SAMEA104343489,188
SAMEA104343601,188
SAMEA104343631,188
SAMEA104343655,188
SAMEA104343669,188
SAMEA104343604,188
SAMEA104343634,188
SAMEA104343673,188
SAMEA104343599,188
SAMEA1025728,188
SAMEA104343664,188
SAMEA104343600,188
SAMEA104343614,188
SAMEA104343572,188
SAMEA104343665,188
SAMEA104343678,188
SAMEA104343541,188
SAMEA1024737,188
SAMEA104343578,188
SAMEA104343674,188
SAMEA104343546,188
SAMEA104343488,188
SAMEA104343643,188
SAMEA104343596,188
SAMEA104343632,188
SAMEA104343676,188
SAMEA104343606,188
SAMEA104343574,188
SAMEA104343637,188
SAMEA104343577,188
SAMEA104343641,188
SAMEA104343666,188
SAMEA104343603,188
SAMEA104343662,188
SAMEA104343615,188
SAMEA104343617,188
SAMEA104343584,188
SAMEA104343575,188
SAMEA104343648,188
SAMEA104343591,188
SAMEA104343656,188
SAMEA1024037,188
SAMEA104343550,188
SAMEA104343491,188
SAMEA104343487,188
SAMEA104343629,188
SAMEA104343573,188
SAMEA1022953,188
SAMEA104343602,188
SAMEA104343650,188
SAMEA104343619,188
SAMEA104343616,188
SAMEA1026188,188
SAMEA104343622,188
SAMEA104343623,188
SAMEA104343492,188
SAMEA104343628,188
SAMEA104343593,188
SAMEA104343598,188
SAMEA104343579,188
SAMEA104343502,188
SAMEA104343605,188
SAMEA104343494,188
SAMEA104343544,188
SAMEA104343625,188
SAMEA104343592,188
SAMEA104343545,188
SAMEA104343675,188
SAMEA104343672,188
SAMEA104343657,188
SAMEA1025749,188
SAMEA104343620,188
SAMEA104343646,188
SAMEA104343659,188
SAMEA104343633,188
SAMEA104343642,188
SAMEA104343640,188
SAMEA1024906,188
SAMEA104343661,188
SAMEA104343647,188
SAMEA104343490,188
SAMEA104343621,188
SAMEA104343667,188
SAMEA104343568,188
SAMEA104343516,188
SAMEA104343595,188
SAMEA104343670,188
SAMEA104343594,188
SAMEA104343668,188
SAMEA104343624,188
SAMEA104343571,188
SAMEA104343638,188
SAMEA104343626,188
SAMEA104343570,188
SAMEA104343627,188
SAMEA104343660,188
SAMEA1023768,188
SAMEA104343543,188
SAMEA1025786,188
SAMEA104343645,188
SAMEA1025498,188
SAMEA104343569,188
SAMEA1025202,188
SAMEA104343607,188
SAMEA104343639,188
SAMEA104343671,188
SAMEA1026150,188
SAMEA104343652,188
SAMEA114309708,116
SAMEA104355766,116
SAMEA10428053,116
SAMEA114392869,116
SAMEA114408465,116
SAMEA10427078,116
SAMEA114383198,116
SAMEA114276612,116
SAMEA114242118,116
SAMEA110666172,116
SAMEA110664902,116
SAMEA110665088,116
SAMEA110665854,116
SAMEA110665334,116
SAMEA10254538,116
SAMEA114309683,116
SAMEA114392759,116
SAMEA114392887,116
SAMEA114241753,116
SAMEA114441431,116
SAMEA114228341,116
SAMEA114276581,116
SAMEA114375825,116
SAMEA114408467,116
SAMEA114407966,116
SAMEA114309697,116
SAMEA114309539,116
SAMEA10427199,116
SAMEA114309632,116
SAMEA110665110,116
SAMEA110664894,116
SAMEA114441543,116
SAMEA114276712,116
SAMEA114242277,116
SAMEA110665114,116
SAMEA114441196,116
SAMEA114408076,116
SAMEA114441118,116
SAMEA110665968,116
SAMEA114276816,116
SAMEA114408138,116
SAMEA104355738,116
SAMEA110665936,116
SAMEA114242167,116
SAMEA104355919,116
SAMEA104355789,116
SAMEA114392663,116
SAMEA114276602,116
SAMEA114242224,116
SAMEA110665138,116
SAMEA104035223,116
SAMEA114228307,116
SAMEA114276796,116
SAMEA114441123,116
SAMEA114408332,116
SAMEA1033525,116
SAMEA114242204,116
SAMEA110665011,116
SAMEA114242151,116
SAMEA110666115,116
SAMEA111378885,116
SAMEA103953600,116
SAMEA10254623,116
SAMEA114441318,116
SAMEA114241844,116
SAMEA103953601,116
SAMEA110664886,116
SAMEA114242094,116
SAMEA114408237,116
SAMEA110665913,116
SAMEA110665877,116
SAMEA104356038,116
SAMEA114242003,116
SAMEA114478966,116
SAMEA10427270,116
SAMEA10427676,116
SAMEA114441305,116
SAMEA114408395,116
SAMEA114392811,116
SAMEA104154906,116
SAMEA114392702,116
SAMEA110665522,116
SAMEA110129254,116
SAMEA104035382,156
SAMEA114520638,156
SAMEA114478861,156
SAMEA104035699,156
SAMEA114490088,156
SAMEA114479487,156
SAMEA114479154,156
SAMEA114441652,156
SAMEA114441878,156
SAMEA114212230,156
SAMEA114478841,156
SAMEA104035605,156
SAMEA114479532,156
SAMEA114490091,156
SAMEA114228276,156
SAMEA114520321,156
SAMEA114479337,156
SAMEA104177363,156
SAMEA114479191,156
SAMEA114520670,156
SAMEA114520387,156
SAMEA114441596,156
SAMEA114442019,156
SAMEA114520510,156
SAMEA114479140,156
SAMEA114442010,156
SAMEA114441807,156
SAMEA114212293,156
SAMEA114479537,156
SAMEA114212151,156
SAMEA114442011,156
SAMEA104035751,156
SAMEA111503958,156
SAMEA114490082,156
SAMEA114479523,156
SAMEA114490054,156
SAMEA114479205,156
SAMEA114441699,156
SAMEA114212111,156
SAMEA112824283,156
SAMEA104035664,156
SAMEA114520620,156
SAMEA104035674,156
SAMEA114212324,156
SAMEA114478976,156
SAMEA114441789,156
SAMEA113533796,156
SAMEA114441722,156
SAMEA114441908,156
SAMEA104355942,156
SAMEA114520383,156
SAMEA114490329,156
SAMEA112824228,156
SAMEA114490374,156
SAMEA114479168,156
SAMEA114520493,156
SAMEA114441829,156
SAMEA114520323,156
SAMEA114441659,156
SAMEA114441781,156
SAMEA114229955,156
SAMEA114478895,156
SAMEA114479511,156
SAMEA114229907,156
SAMEA112824279,156
SAMEA114520575,156
SAMEA114520362,156
SAMEA114479284,156
SAMEA104355645,156
SAMEA114212212,156
SAMEA114478904,156
SAMEA114490018,156
SAMEA114441785,156
SAMEA114229905,156
SAMEA114212160,156
SAMEA114520377,156
SAMEA114520456,156
SAMEA114520382,156
SAMEA114490248,156
SAMEA114479226,156
SAMEA114520683,156
SAMEA114441970,156
SAMEA114479288,156
SAMEA114520754,156
SAMEA114490206,156
SAMEA114478970,156
SAMEA104035624,156
SAMEA1028973,73
SAMEA1028912,73
SAMEA1024635,73
SAMEA1026164,73
SAMEA1029229,73
SAMEA1025701,73
SAMEA1029335,73
SAMEA1023869,73
SAMEA1023750,73
SAMEA1024047,73
SAMEA104141910,73
SAMEA1024781,73
SAMEA1024179,73
SAMEA1024886,73
SAMEA1025793,73
SAMEA1029415,73
SAMEA104141918,73
SAMEA1029216,73
SAMEA1025322,73
SAMEA1025503,73
SAMEA114036763,73
SAMEA114036933,73
SAMEA1024909,73
SAMEA1024116,73
SAMEA1024205,73
SAMEA1024636,73
SAMEA1023828,73
SAMEA1025981,73
SAMEA1022923,73
SAMEA1029114,73
SAMEA1024776,73
SAMEA1025000,73
SAMEA114036705,73
SAMEA1025180,73
SAMEA1024540,73
SAMEA1029060,73
SAMEA1025194,73
SAMEA1025010,73
SAMEA1023777,73
SAMEA1023675,73
SAMEA1028849,73
SAMEA1029341,73
SAMEA1023753,73
SAMEA104141757,73
SAMEA1024104,73
SAMEA1024822,73
SAMEA1023691,73
SAMEA1026245,73
SAMEA1028826,73
SAMEA1028983,73
SAMEA1024004,73
SAMEA1026239,73
SAMEA1029089,73
SAMEA1026027,73
SAMEA1023870,73
SAMEA1023698,73
SAMEA1024863,73
SAMEA1024552,73
SAMEA102145918,103
SAMEA104154347,103
SAMEA102133918,103
SAMEA104154506,103
SAMEA102142918,103
SAMEA104154555,103
SAMEA104154601,103
SAMEA104154463,103
SAMEA102281668,103
SAMEA104154515,103
SAMEA102139168,103
SAMEA104154531,103
SAMEA104154306,103
SAMEA104154537,103
SAMD00129929,932
SAMD00129938,932
SAMD00129877,932
SAMD00129937,932
SAMD00129925,932
SAMD00129891,932
SAMD00129907,932
SAMD00129882,932
SAMD00129931,932
SAMD00129865,932
SAMD00129847,932
SAMD00129840,932
SAMD00129860,932
SAMD00129872,932
SAMD00129888,932
SAMD00129859,932
SAMD00129889,932
SAMD00129893,932
SAMD00129855,932
SAMD00129928,932
SAMD00129944,932
SAMD00129886,932
SAMD00129837,932
SAMD00129876,932
SAMD00129868,932
SAMD00129883,932
SAMD00129910,932
SAMD00129890,932
SAMD00129940,932
SAMD00129939,932
SAMD00129918,932
SAMD00129932,932
SAMD00129919,932
SAMD00129875,932
SAMD00129934,932
SAMD00129930,932
SAMD00129842,932
SAMD00129854,932
SAMD00129861,932
SAMD00129912,932
SAMD00129856,932
SAMD00129873,932
SAMD00129866,932
SAMD00129835,932
SAMD00129916,932
SAMD00085800,932
SAMD00129921,932
SAMD00129880,932
SAMD00129852,932
SAMD00129871,932
SAMD00182586,932
SAMD00129878,932
SAMD00129900,932
SAMD00129884,932
SAMD00129887,932
SAMD00129901,932
SAMD00085804,932
SAMD00129895,932
SAMD00129933,932
SAMD00129863,932
SAMD00129851,932
SAMD00129920,932
SAMD00129936,932
SAMD00182588,932
SAMD00129906,932
SAMD00129834,932
SAMD00129869,932
SAMD00129848,932
SAMD00129853,932
SAMD00129904,932
SAMD00129881,932
SAMD00182587,932
SAMD00129839,932
SAMD00085785,932
SAMD00129902,932
SAMD00129850,932
SAMD00129894,932
SAMD00182590,932
SAMD00129924,932
SAMD00129896,932
SAMD00129864,932
SAMD00129836,932
SAMD00129841,932
SAMD00129898,932
SAMD00182593,932
SAMD00129879,932
SAMD00129885,932
SAMD00129843,932
SAMD00129926,932
SAMD00085781,932
SAMD00129849,932
SAMD00129903,932
SAMD00129892,932
SAMD00129845,932
SAMD00129897,932
SAMD00182585,932
SAMD00129917,932
SAMD00182589,932
SAMD00129914,932
SAMD00129915,932
SAMD00129874,932
SAMD00129942,932
SAMD00129862,932
SAMD00129945,932
SAMD00085820,932
SAMD00129908,932
SAMD00129870,932
SAMD00129905,932
SAMD00129922,932
SAMD00129867,932
SAMD00129913,932
SAMD00129846,932
SAMD00129899,932
SAMD00085793,932
SAMD00129943,932
SAMD00129857,932
SAMD00129909,932
SAMD00129844,932
SAMD00129923,932
SAMD00129911,932
SAMD00129838,932
SAMD00129941,932
SAMD00129935,932
SAMD00129858,932
SAMD00129927,932
SAMD00085796,932
SAMEA114313342,131
SAMEA114313462,131
SAMEA114211844,131
SAMEA114309423,131
SAMEA114309432,131
SAMEA114309435,131
SAMEA114313441,131
SAMEA114313432,131
SAMEA114211908,131
SAMEA114313420,131
SAMEA114341776,131
SAMEA113533869,131
SAMEA114313137,131
SAMEA114346041,131
SAMEA114211912,131
SAMEA114309450,131
SAMEA114345969,131
SAMEA114309428,131
SAMEA114489981,131
SAMEA114309431,131
SAMEA114309425,131
SAMEA114309419,131
SAMEA114479294,131
SAMEA114211865,131
SAMEA114211853,131
SAMEA114441823,131
SAMEA104154664,131
SAMEA104154723,131
SAMEA114313393,131
SAMEA114520431,131
SAMEA114490293,131
SAMEA114478923,131
SAMEA114309422,131
SAMEA114313503,131
SAMEA111351849,131
SAMEA114313196,131
SAMEA114309410,131
SAMEA114313298,131
SAMEA114211734,131
SAMEA114088617,131
SAMEA114520324,131
SAMEA114309420,131
SAMEA104154675,131
SAMEA114088609,131
SAMEA114313467,131
SAMEA114211829,131
SAMEA111457521,131
SAMEA114309452,131
SAMEA114490383,131
SAMEA114313223,131
SAMEA114313525,131
SAMEA114313300,131
SAMEA114313494,131
SAMEA114313423,131
SAMEA114088627,131
SAMEA114442033,131
SAMEA114309411,131
SAMEA114313408,131
SAMEA114313356,131
SAMEA114313347,131
SAMEA112126453,131
SAMEA114345967,131
SAMEA114309387,131
SAMEA114313213,131
SAMEA114478916,131
SAMEA114211779,131
SAMEA114346087,131
SAMEA114309417,131
SAMEA114313388,131
SAMEA114088650,131
SAMEA114088633,131
SAMEA114313375,131
SAMEA114313266,131
SAMEA114313275,131
SAMEA114341834,131
SAMEA114313296,131
SAMEA114211923,131
SAMEA114313180,131
SAMEA114313367,131
SAMEA114309429,131
SAMEA114520334,131
SAMEA114309427,131
SAMEA114309421,131
SAMEA112889697,131
SAMEA114313229,131
SAMEA114088716,131
SAMEA114309448,131
SAMEA114211897,131
SAMEA114309413,131
SAMEA114309416,131
SAMEA114309436,131
SAMEA103953596,278
SAMEA114392723,278
SAMEA114441279,278
SAMEA114441206,278
SAMEA114408258,278
SAMEA114441115,278
SAMEA114441378,278
SAMEA114441195,278
SAMEA114408069,278
SAMEA10254591,278
SAMEA114408195,278
SAMEA114441482,278
SAMEA104155067,278
SAMD00224636,278
SAMEA10254589,278
SAMEA10427442,278
SAMEA103953621,278
SAMEA114463239,278
SAMEA114441129,278
SAMEA114407965,278
SAMEA114408412,278
SAMEA114441310,278
SAMEA104154966,278
SAMEA114392886,278
SAMEA103953638,278
SAMEA103953675,278
SAMEA10254782,278
SAMEA114408361,278
SAMEA103953483,278
SAMEA1033777,143
SAMEA1033758,143
SAMEA1033977,143
SAMEA1033829,143
SAMEA1033893,143
SAMEA1033647,143
SAMEA1033905,143
SAMEA1033930,143
SAMEA1033996,143
SAMEA1033972,143
SAMEA1033842,143
SAMEA1033916,143
SAMEA1033549,143
SAMEA1033900,143
SAMEA1033615,143
SAMEA1022866,143
SAMEA1033749,143
SAMEA1033941,143
SAMEA1033877,143
SAMEA1033915,143
SAMEA1033529,143
SAMEA114375572,143
SAMEA1033903,143
SAMEA1033850,143
SAMEA1033854,143
SAMEA1033787,143
SAMEA1033642,143
SAMEA1033794,143
SAMEA1033847,143
SAMEA1033891,143
SAMEA1033515,143
SAMEA1033967,143
SAMEA114375553,143
SAMEA1033805,143
SAMEA1033827,143
SAMEA1033899,143
SAMEA1033999,143
SAMEA1033804,143
SAMEA1033755,143
SAMEA1033936,143
SAMEA1033857,143
SAMEA1033984,143
SAMEA114375554,143
SAMEA1033898,143
SAMEA114375637,86
SAMEA114375643,86
SAMEA1033648,86
SAMEA104035938,86
SAMEA114375644,86
SAMEA104355697,86
SAMEA104355995,86
SAMEA10254528,86
SAMEA1028707,86
SAMEA10254562,86
SAMEA114478922,86
SAMEA114408029,86
SAMEA104355877,86
SAMEA1033868,86
SAMEA10254635,86
SAMEA1033621,86
SAMEA10254595,86
SAMEA10254572,86
SAMEA114375822,86
SAMEA114392855,86
SAMEA114375659,86
SAMEA10254650,86
SAMEA104355705,86
SAMEA114463199,86
SAMEA10254879,86
SAMEA1033760,86
SAMEA114479363,86
SAMEA110665901,86
SAMEA10254535,86
SAMEA10254891,86
SAMEA1033635,86
SAMEA1026521,89
SAMEA1032667,89
SAMEA1026661,89
SAMEA112824324,89
SAMEA1026705,89
SAMEA104034951,89
SAMEA104034947,89
SAMEA113533784,89
SAMEA1032661,89
SAMEA104034802,89
SAMEA1032640,89
SAMEA104034995,89
SAMEA102172918,80
SAMEA104154560,80
SAMEA104154593,80
SAMEA104154618,80
SAMEA104154492,80
SAMEA102135418,80
SAMEA104154532,80
SAMEA102136168,80
SAMEA102215668,80
SAMEA102239668,80
SAMEA104154567,80
SAMEA104154416,80
SAMEA104154333,80
SAMEA104154469,80
SAMEA102229918,80
SAMEA104154432,80
SAMEA104154553,80
SAMEA102181918,80
SAMEA104154341,80
SAMEA102130918,80
SAMEA102261418,80
SAMEA104154307,80
SAMEA102172168,80
SAMEA110665884,79
SAMEA110665015,79
SAMEA10427483,79
SAMEA10427828,79
SAMEA114309495,79
SAMEA110665876,79
SAMEA104035719,70
SAMEA10427902,70
SAMEA104035818,70
SAMEA104456171,70
SAMEA10427316,70
SAMEA114326436,70
SAMEA10427332,70
SAMEA104155082,70
SAMEA10427282,70
SAMEA10427914,70
SAMEA104035847,70
SAMEA114313306,70
SAMEA111457541,70
SAMEA10427286,70
SAMEA104456202,70
SAMEA104456579,70
SAMEA10427038,70
SAMEA10427076,70
SAMEA104456871,70
SAMEA104456096,70
SAMEA104035118,70
SAMEA114326471,70
SAMEA114326182,70
SAMEA10427247,70
SAMEA10427329,70
SAMEA114341769,70
SAMEA10427722,70
SAMEA104035905,70
SAMEA114490282,70
SAMEA114326405,70
SAMEA111457413,70
SAMEA114313226,70
SAMEA10427755,70
SAMEA10427958,70
SAMEA114212216,70
SAMEA104035143,70
SAMEA104221976,70
SAMEA114326131,70
SAMEA10427435,68
SAMEA114309555,68
SAMEA10427148,68
SAMEA104155105,68
SAMEA114375819,68
SAMEA114212294,68
SAMEA114345963,68
SAMEA1033965,68
SAMEA104035954,68
SAMEA112824219,68
SAMEA114478931,68
SAMEA1033832,68
SAMEA104038579,627
SAMEA104154872,627
SAMEA104154846,627
SAMEA104154895,627
SAMEA104038552,627
SAMEA104154868,627
SAMEA104038572,627
SAMEA104154894,627
SAMEA104154881,627
SAMEA104035986,627
SAMEA104038557,627
SAMEA104038577,627
SAMEA104038574,627
SAMEA104038556,627
SAMEA104038560,627
SAMD00134994,334
SAMD00192426,334
SAMD00192457,334
SAMD00192483,334
SAMD00192438,334
SAMD00192454,334
SAMD00192429,334
SAMD00192485,334
SAMD00192475,334
SAMD00192453,334
SAMD00192464,334
SAMD00134997,334
SAMD00192493,334
SAMD00192477,334
SAMD00192427,334
SAMD00192433,334
SAMD00192492,334
SAMD00192467,334
SAMD00135001,334
SAMD00192476,334
SAMD00192473,334
SAMD00192459,334
SAMD00192491,334
SAMD00192466,334
SAMD00110700,334
SAMD00192495,334
SAMD00192450,334
SAMD00110702,334
SAMD00192479,334
SAMD00192440,334
SAMD00192435,334
SAMD00192468,334
SAMD00110697,334
SAMD00192497,334
SAMD00135000,334
SAMD00192446,334
SAMD00134992,334
SAMD00192474,334
SAMD00192441,334
SAMD00192436,334
SAMD00192490,334
SAMD00192449,334
SAMD00192465,334
SAMD00135002,334
SAMD00192488,334
SAMD00110698,334
SAMD00192499,334
SAMD00192481,334
SAMD00192469,334
SAMD00192494,334
SAMD00192461,334
SAMD00110703,334
SAMD00192432,334
SAMD00192460,334
SAMD00110699,334
SAMD00192458,334
SAMD00192434,334
SAMD00192442,334
SAMD00192437,334
SAMD00134999,334
SAMD00192443,334
SAMD00135004,334
SAMD00192480,334
SAMD00192455,334
SAMD00192452,334
SAMD00134995,334
SAMD00192430,334
SAMD00134991,334
SAMD00192482,334
SAMD00192472,334
SAMD00192425,334
SAMD00192471,334
SAMD00134998,334
SAMD00192496,334
SAMD00192445,334
SAMD00192444,334
SAMD00192487,334
SAMD00134993,334
SAMD00135003,334
SAMD00134996,334
SAMD00192428,334
SAMD00192484,334
SAMD00192448,334
SAMD00192451,334
SAMD00110701,334
SAMD00192498,334
SAMD00192470,334
SAMD00192431,334
SAMEA114229976,334
SAMD00192439,334
SAMD00192447,334
SAMD00192486,334
SAMD00192489,334
SAMD00192456,334
SAMD00110695,334
SAMD00192462,334
SAMD00192463,334
SAMD00110696,334
SAMD00192478,334
SAMEA103953617,376
SAMEA114408098,376
SAMEA114392897,376
SAMEA103953649,376
SAMEA114441121,376
SAMEA114408010,376
SAMEA114408022,376
SAMEA114392922,376
SAMEA111378887,376
SAMEA114463262,376
SAMEA1026715,376
SAMEA114392789,376
SAMEA114375712,376
SAMEA103953657,376
SAMEA104355956,376
SAMEA114375713,376
SAMEA103953476,376
SAMEA114407915,376
SAMEA114408096,376
SAMEA104355704,376
SAMEA103953567,376
SAMEA114441117,376
SAMEA114463254,376
SAMEA104355873,376
SAMEA114392903,376
SAMEA114463255,376
SAMEA114408267,376
SAMEA1028810,87
SAMEA1025969,87
SAMEA114036802,87
SAMEA1026038,87
SAMEA1025121,87
SAMEA1023795,87
SAMEA1025136,87
SAMEA1025439,87
SAMEA1024628,87
SAMEA1028952,87
SAMEA1025297,87
SAMEA1028713,87
SAMEA1023947,87
SAMEA1025697,87
SAMEA1024093,87
SAMEA1026122,87
SAMEA1025025,87
SAMEA104343703,87
SAMEA1023793,87
SAMEA1029080,87
SAMEA1025159,87
SAMEA1025659,87
SAMEA1025878,87
SAMEA1023761,87
SAMEA1025631,87
SAMEA1024769,87
SAMEA1025651,87
SAMEA1029095,87
SAMEA1029432,87
SAMEA1025135,87
SAMEA1025082,87
SAMEA114036818,87
SAMEA1025578,87
SAMEA1023834,87
SAMEA1023671,87
SAMEA1024048,87
SAMEA1024199,87
SAMEA1026226,87
SAMEA1025492,87
SAMEA1025003,87
SAMEA1026126,87
SAMEA1024189,87
SAMEA1023692,87
SAMEA1024579,87
SAMEA1025069,87
SAMEA1025110,87
SAMEA1025178,87
SAMEA1024616,87
SAMEA1024718,87
SAMEA1025364,87
SAMEA1025539,87
SAMEA1025490,87
SAMEA104343558,24
SAMEA1025276,24
SAMEA104343533,24
SAMEA104343537,24
SAMEA1029339,24
SAMEA104343535,24
SAMEA104141785,24
SAMEA114036846,24
SAMEA104343528,24
SAMEA104141926,24
SAMEA104343556,24
SAMEA1025313,24
SAMEA104343552,24
SAMEA1026003,24
SAMEA104343562,24
SAMEA104343540,24
SAMEA114036780,24
SAMEA1029411,24
SAMEA1023868,24
SAMEA1024937,24
SAMEA1023674,24
SAMEA104343567,24
SAMEA1029156,24
SAMEA104343538,24
SAMEA1029362,24
SAMEA104343527,24
SAMEA104343534,24
SAMEA1026089,24
SAMEA1028730,24
SAMEA1029016,24
SAMEA1029141,24
SAMEA1029332,24
SAMEA104343566,24
SAMEA1029017,24
SAMEA1029111,24
SAMEA104343532,24
SAMEA1032598,24
SAMEA1025039,24
SAMEA104343530,24
SAMEA104343555,24
SAMEA1024913,24
SAMEA1024584,24
SAMEA1028645,24
SAMEA104343564,24
SAMEA104343529,24
SAMEA104141852,24
SAMEA1029327,24
SAMEA1028853,24
SAMEA104343539,24
SAMEA104141694,24
SAMEA104343531,24
SAMEA1025840,24
SAMEA104343565,24
SAMEA1025985,24
SAMEA104343536,24
SAMEA1028883,24
SAMEA104141590,24
SAMEA1025538,24
SAMEA1025385,24
SAMEA1024985,24
SAMEA1029456,24
SAMEA1024098,24
SAMEA1023863,24
SAMEA104343554,24
SAMEA114408495,84
SAMEA114441120,84
SAMEA114392943,84
SAMEA114441111,84
SAMEA114441428,84
SAMEA114408434,84
SAMEA114408131,84
SAMEA114392606,84
SAMEA114408247,84
SAMEA114408287,84
SAMEA114441405,84
SAMEA114441484,84
SAMEA114408238,84
SAMEA114408175,84
SAMEA114463257,84
SAMEA103953449,84
SAMEA114407996,84
SAMEA114392942,84
SAMEA114392755,84
SAMEA114408176,84
SAMEA114441267,84
SAMEA114408268,84
SAMEA114441255,84
SAMEA114441338,84
SAMEA114392816,84
SAMEA114441370,84
SAMEA114441308,84
SAMEA114441451,84
SAMEA114441288,84
SAMEA114441415,84
SAMEA114441237,84
SAMEA114441425,84
SAMEA114408214,84
SAMEA114407918,84
SAMEA114392753,84
SAMEA114441392,84
SAMEA114408239,84
SAMEA114463230,84
SAMEA114441353,84
SAMEA114392915,84
SAMEA114408251,84
SAMEA114408043,84
SAMEA114408336,84
SAMEA114441182,84
SAMEA114407957,84
SAMEA114392713,84
SAMEA114463240,84
SAMEA114408211,84
SAMEA114408460,84
SAMEA114408057,84
SAMEA114408223,84
SAMEA114408226,84
SAMEA114441130,84
SAMEA114441424,84
SAMEA111351954,84
SAMEA114408106,84
SAMEA114441524,84
SAMEA114408152,84
SAMEA114441233,84
SAMEA114441184,84
SAMEA114392944,84
SAMEA114441432,84
SAMEA114392791,84
SAMEA114441460,84
SAMEA114441540,84
SAMEA114441272,84
SAMEA114392605,84
SAMEA114408063,84
SAMEA104355860,84
SAMEA114392880,84
SAMEA114441249,84
SAMEA114441161,84
SAMEA114441418,84
SAMEA114441411,84
SAMEA114441397,84
SAMEA114392945,84
SAMEA114408386,84
SAMEA114441157,84
SAMEA114408306,84
SAMEA114408018,84
SAMEA114408222,84
SAMEA114408318,84
SAMEA114407911,84
SAMEA114408097,84
SAMEA114408296,84
SAMEA114407978,84
SAMEA112824101,139
SAMEA114211997,139
SAMEA114212049,139
SAMEA114520428,139
SAMEA114479022,139
SAMEA114441779,139
SAMEA114479407,139
SAMEA114520402,139
SAMEA104035333,139
SAMEA114479241,139
SAMEA104035351,139
SAMEA114212242,139
SAMEA111351818,139
SAMEA114520399,139
SAMEA114441835,139
SAMEA114478795,139
SAMEA114441737,139
SAMEA104035843,139
SAMEA104035179,139
SAMEA114520363,139
SAMEA114212140,139
SAMEA114441812,139
SAMEA114478900,139
SAMEA114441816,139
SAMEA114479003,139
SAMEA114478728,139
SAMEA104035698,139
SAMEA114212059,139
SAMEA114479164,139
SAMEA114478792,139
SAMEA114520567,139
SAMEA114520739,139
SAMEA104035493,139
SAMEA114441978,139
SAMEA114442000,139
SAMEA114229970,139
SAMEA114441601,139
SAMEA114441851,139
SAMEA114489959,139
SAMEA104035150,139
SAMEA114212232,139
SAMEA104154827,139
SAMEA114479020,139
SAMEA114520696,139
SAMEA114520547,139
SAMEA104035581,139
SAMEA114441819,139
SAMEA114442050,139
SAMEA114441715,139
SAMEA104035488,139
SAMEA104035670,139
SAMEA104035374,139
SAMEA104035512,139
SAMEA114228292,139
SAMEA114212336,139
SAMEA104155004,139
SAMEA114478907,139
SAMEA104035688,139
SAMEA114441671,139
SAMEA114441792,139
SAMEA114441787,139
SAMEA104035497,139
SAMEA104035300,139
SAMEA114520576,139
SAMEA114479028,139
SAMEA114478876,139
SAMEA104035550,139
SAMEA104035377,139
SAMEA114489940,139
SAMEA112824169,139
SAMEA114441763,139
SAMEA114441669,139
SAMEA114441855,139
SAMEA114490041,139
SAMEA104455823,95
SAMEA114212118,95
SAMEA114441934,95
SAMEA104035853,95
SAMEA104154556,95
SAMEA114036862,95
SAMEA104141911,95
SAMEA114407938,95
SAMEA114407926,95
SAMEA114228273,95
SAMEA114036658,95
SAMEA104154810,95
SAMEA114326304,95
SAMEA104035373,95
SAMEA1023975,95
SAMEA114212079,95
SAMEA114326272,95
SAMEA114212322,95
SAMEA104154801,95
SAMEA104154765,95
SAMEA114088749,95
SAMEA114211725,95
SAMEA114313495,95
SAMEA104154972,95
SAMEA104154566,95
SAMEA113533861,95
SAMEA104154568,95
SAMEA1025883,95
SAMEA1024785,95
SAMEA104141659,95
SAMEA114341774,95
SAMEA114441317,95
SAMEA10427128,95
SAMEA114346167,95
SAMEA114212055,95
SAMEA1028726,95
SAMEA112824099,95
SAMEA111378878,95
SAMEA1024150,95
SAMEA111378865,95
SAMEA114441252,95
SAMEA114479561,95
SAMEA114408060,95
SAMEA104154678,95
SAMEA104141560,95
SAMEA1023889,106
SAMD00622274,106
SAMEA114463268,106
SAMEA1024755,106
SAMEA114463289,106
SAMEA1029058,106
SAMEA104141648,106
SAMEA1023900,106
SAMEA114036667,106
SAMEA114036931,106
SAMEA1025347,106
SAMEA1026079,106
SAMEA114441546,106
SAMEA114408293,106
SAMD00224634,106
SAMEA1023931,106
SAMEA114463280,106
SAMEA1024551,106
SAMEA1025693,106
SAMEA1024626,106
SAMEA1025079,106
SAMEA114408378,106
SAMEA114392590,106
SAMEA1023821,106
SAMEA1023881,106
SAMEA114408017,106
SAMEA114463287,106
SAMEA114392728,106
SAMEA1025320,106
SAMEA114036710,106
SAMEA1025918,106
SAMEA114408163,106
SAMD00224673,106
SAMEA1028997,106
SAMEA1025014,106
SAMEA114463286,106
SAMD00224635,106
SAMD00622273,106
SAMEA1028890,106
SAMEA1023910,106
SAMEA1024043,106
SAMD00224632,106
SAMEA114392826,106
SAMEA1023875,106
SAMEA114463276,106
SAMEA114036765,106
SAMEA114463277,106
SAMEA1025212,106
SAMEA1024825,106
SAMEA114036898,106
SAMD00224669,106
SAMEA114036804,106
SAMEA1025587,106
SAMEA1025967,185
SAMEA111378897,185
SAMEA104154859,185
SAMEA104155083,185
SAMEA112824292,185
SAMEA104035972,185
SAMEA112889693,185
SAMEA104038549,185
SAMEA112889701,185
SAMEA104154931,185
SAMEA104035761,185
SAMEA112824318,185
SAMEA104035850,185
SAMEA114036760,185
SAMEA10254857,185
SAMEA104154858,185
SAMEA104155093,185
SAMEA112889699,185
SAMEA112889698,185
SAMEA112824337,185
SAMEA104035836,185
SAMEA104155127,185
SAMEA114036902,185
SAMEA112824233,185
SAMEA112824346,185
SAMEA104035981,185
SAMEA112652321,622
SAMEA112652325,622
SAMEA112652323,622
SAMEA112652324,622
SAMEA112652322,622
SAMEA114276559,102
SAMEA114242259,102
SAMEA114309618,102
SAMEA114345898,102
SAMEA114228306,102
SAMEA114345890,102
SAMEA114241749,102
SAMEA114242222,102
SAMEA114345949,102
SAMEA114309523,102
SAMEA114309593,102
SAMEA114309797,102
SAMEA114309790,102
SAMEA114242306,102
SAMEA114345941,102
SAMEA114242274,102
SAMEA114309614,102
SAMEA10427090,102
SAMEA114242258,102
SAMEA114241728,102
SAMEA114345944,102
SAMEA114309585,102
SAMEA114276623,102
SAMEA114241957,102
SAMEA114309765,102
SAMEA114309740,102
SAMEA114242329,102
SAMEA114309522,102
SAMEA114276572,102
SAMEA114241979,102
SAMEA114276685,102
SAMEA114242184,102
SAMEA114241950,102
SAMEA10428095,102
SAMEA114276790,102
SAMEA114241860,102
SAMEA114276683,102
SAMEA114309744,102
SAMEA110665159,102
SAMEA114276709,102
SAMEA114276810,102
SAMEA114276671,102
SAMEA114241751,102
SAMEA114242115,102
SAMEA114242257,102
SAMEA114375387,102
SAMEA114228313,102
SAMEA114276632,102
SAMEA114490154,102
SAMEA114242296,102
SAMEA114276679,102
SAMEA114375315,102
SAMEA114242044,102
SAMEA114276537,102
SAMEA10427939,102
SAMEA110665068,102
SAMEA114375285,102
SAMEA114309502,102
SAMEA10427970,102
SAMEA114345915,102
SAMEA114241982,102
SAMEA114242352,102
SAMEA114276551,102
SAMEA114276655,102
SAMEA114242240,102
SAMEA114242282,102
SAMEA114242332,102
SAMEA114276777,102
SAMEA114242273,102
SAMEA114241954,102
SAMEA110665972,102
SAMEA104035665,102
SAMEA114276579,102
SAMEA10427546,102
SAMEA1026735,102
SAMEA114242062,102
SAMEA114375340,102
SAMEA114242037,102
SAMEA114242174,102
SAMEA114242073,102
SAMEA114242347,102
SAMEA114345904,102
SAMEA114242165,102
SAMEA114276718,102
SAMEA114309767,102
SAMEA110665398,102
SAMEA114242237,102
SAMEA114242123,102
SAMEA114241878,102
SAMEA114242358,102
SAMEA114375382,233
SAMEA114375450,233
SAMEA1033932,233
SAMEA114375631,233
SAMEA1033501,233
SAMEA114375279,233
SAMEA104403643,233
SAMEA114375541,233
SAMEA114375790,233
SAMEA114375441,233
SAMEA114375537,233
SAMEA114375495,233
SAMEA114375333,233
SAMEA114375457,233
SAMEA114375470,233
SAMEA114375267,233
SAMEA114375547,233
SAMEA114375265,233
SAMEA114375635,233
SAMEA110129252,233
SAMEA114375430,233
SAMEA114241987,233
SAMEA10427640,233
SAMEA1033746,233
SAMEA114375286,233
SAMEA114375512,233
SAMEA114375740,233
SAMEA1024760,82
SAMEA1028717,82
SAMEA1029437,82
SAMEA1029008,82
SAMEA1025460,82
SAMEA1025622,82
SAMEA1028994,82
SAMEA1028622,82
SAMEA1025365,82
SAMEA1029300,82
SAMEA1025975,82
SAMEA1028743,82
SAMEA1029123,82
SAMEA1029112,82
SAMEA1029076,82
SAMEA1024878,82
SAMEA1028684,82
SAMEA1029176,82
SAMEA1025174,82
SAMEA1026133,82
SAMEA1024978,82
SAMEA1029036,82
SAMEA1026007,82
SAMEA1026119,82
SAMEA1026152,82
SAMEA1025934,82
SAMEA1024181,82
SAMEA1029248,82
SAMEA1029333,82
SAMEA1028658,82
SAMEA1029169,82
SAMEA1025115,82
SAMEA1025825,82
SAMEA1029009,82
SAMEA1023979,82
SAMEA1028723,82
SAMEA1025456,82
SAMEA1024069,82
SAMEA1028861,82
SAMEA1024106,82
SAMEA1029371,82
SAMEA1026177,82
SAMEA1024140,82
SAMEA1033959,120
SAMEA114441395,120
SAMEA114407836,120
SAMEA114441391,120
SAMEA114392583,120
SAMEA114392765,120
SAMEA114441501,120
SAMEA112824209,120
SAMEA114408034,120
SAMEA104035709,120
SAMEA114441454,120
SAMEA114407958,120
SAMEA1033852,120
SAMEA114441259,120
SAMEA114392580,120
SAMEA114408453,120
SAMEA114392924,120
SAMEA114490244,120
SAMEA114392582,120
SAMEA114392914,120
SAMEA1033875,120
SAMEA114441256,120
SAMEA114392772,120
SAMEA114407895,120
SAMEA1033803,120
SAMEA114392741,120
SAMEA114407835,120
SAMEA114463231,120
SAMEA104154411,78
SAMEA102255418,78
SAMEA104154290,78
SAMEA104154599,78
SAMEA104154410,78
SAMEA104154340,78
SAMEA104154512,78
SAMEA104154535,78
SAMEA102287668,78
SAMEA104154368,78
SAMEA102235168,78
SAMEA104154332,78
SAMEA104343511,149
SAMEA102200668,149
SAMEA104343587,149
SAMEA104343585,149
SAMEA1024678,149
SAMEA104343517,149
SAMEA1023862,149
SAMEA104343588,149
SAMEA104343523,149
SAMEA104343510,149
SAMEA104343497,149
SAMEA104343518,149
SAMEA104343589,149
SAMEA104343521,149
SAMEA104343509,149
SAMEA104343500,149
SAMEA104343612,149
SAMEA104343514,149
SAMEA104343613,149
SAMEA1023892,149
SAMEA104343524,149
SAMEA104343503,149
SAMEA1023852,149
SAMEA1024090,149
SAMEA104343515,149
SAMEA1025591,149
SAMEA1023662,149
SAMEA104343522,149
SAMEA104343507,149
SAMEA104343580,149
SAMEA104343501,149
SAMEA104343513,149
SAMEA104343526,149
SAMEA1023711,149
SAMEA104343525,149
SAMEA104343508,149
SAMEA104343519,149
SAMEA104343576,149
SAMEA1024875,149
SAMEA104343582,149
SAMEA104343590,149
SAMEA104343505,149
SAMEA104343499,149
SAMEA104343581,149
SAMEA104343504,149
SAMEA1024593,149
SAMEA104343506,149
SAMEA104343512,149
SAMEA1023980,149
SAMEA104343498,149
SAMEA104343548,149
SAMEA114229967,149
SAMEA104343610,149
SAMEA104343608,149
SAMEA104343609,149
SAMEA104343547,149
SAMEA104343520,149
SAMEA114346094,98
SAMEA114313439,98
SAMEA10427875,98
SAMEA114211824,98
SAMEA112824225,98
SAMEA102156418,98
SAMEA114489938,98
SAMEA114313533,98
SAMEA104035634,98
SAMEA102161668,98
SAMEA114346227,98
SAMEA113533871,98
SAMEA114490387,98
SAMEA113533835,98
SAMEA114309788,98
SAMEA114520744,98
SAMEA114211871,98
SAMEA10427219,98
SAMEA114211924,98
SAMEA114211975,98
SAMEA114211863,98
SAMEA104038571,98
SAMEA104035826,98
SAMEA114478934,98
SAMEA114313497,98
SAMEA114211941,98
SAMEA114479505,98
SAMEA114479176,98
SAMEA114478773,98
SAMEA10427485,98
SAMEA112126373,98
SAMEA114211733,98
SAMEA114490367,98
SAMEA114211809,98
SAMEA114520572,98
SAMEA114242016,98
SAMEA114241867,148
SAMEA1033514,148
SAMEA114392619,148
SAMEA114309804,148
SAMEA110666114,148
SAMEA110666013,148
SAMEA114241750,148
SAMEA114408492,148
SAMEA114441215,148
SAMEA114408477,148
SAMEA114441404,148
SAMEA114441291,148
SAMEA110666020,148
SAMEA1033597,148
SAMEA110665957,148
SAMEA110666001,148
SAMEA114241812,148
SAMEA114408490,148
SAMEA110666083,148
SAMEA114241907,148
SAMEA114441471,148
SAMEA110665903,148
SAMEA114441216,148
SAMEA110665892,148
SAMEA110666022,148
SAMEA114441416,148
SAMEA114407899,148
SAMEA114383197,148
SAMEA114441290,148
SAMEA114408476,148
SAMEA110666072,148
SAMEA114276731,148
SAMEA1033534,148
SAMEA110665882,148
SAMEA114441168,148
SAMEA11305592,148
SAMEA1033542,148
SAMEA1033853,148
SAMEA114441450,148
SAMEA114375493,148
SAMEA114241906,148
SAMEA110665961,148
SAMEA114408244,148
SAMEA114392794,148
SAMEA114309656,148
SAMEA114375380,148
SAMEA114309499,148
SAMEA110665880,148
SAMEA110666070,148
SAMEA104456122,148
SAMEA114407944,148
SAMEA114408141,148
SAMEA110666012,148
SAMEA114241755,148
SAMEA114441347,148
SAMEA104141613,107
SAMEA114036672,107
SAMEA1024903,107
SAMEA114036647,107
SAMEA1024684,107
SAMEA114036703,107
SAMEA1025336,107
SAMEA1025798,107
SAMEA1028944,107
SAMEA1025183,107
SAMEA1029055,107
SAMEA1028936,107
SAMEA1025073,107
SAMEA1024870,107
SAMEA1026252,107
SAMEA1024754,107
SAMEA114036750,107
SAMEA1025657,107
SAMEA1023713,107
SAMEA1026046,107
SAMEA1025582,107
SAMEA114036915,107
SAMEA1025181,107
SAMEA1025268,107
SAMEA1024751,107
SAMEA114036625,107
SAMEA1024652,107
SAMEA104141584,107
SAMEA1025698,107
SAMEA1024688,107
SAMEA1026224,107
SAMEA1024728,107
SAMEA1025315,107
SAMEA1025930,107
SAMEA1024995,107
SAMEA112486281,397
SAMEA112486538,397
SAMEA112486247,397
SAMEA112486237,397
SAMEA112960673,397
SAMEA112486251,397
SAMEA112486593,397
SAMEA112485989,397
SAMEA112485985,397
SAMEA112486238,397
SAMEA112486187,397
SAMEA112486612,397
SAMEA112486302,397
SAMEA112486784,397
SAMEA112486041,397
SAMEA112486758,397
SAMEA112486792,397
SAMEA112486151,397
SAMEA112486117,397
SAMEA112486741,397
SAMEA112486597,397
SAMEA112960915,397
SAMEA112486049,397
SAMEA112486197,397
SAMEA112486374,397
SAMEA112486230,397
SAMEA112486816,397
SAMEA112486243,397
SAMEA112486290,397
SAMEA112485963,397
SAMEA112486665,397
SAMEA112485993,397
SAMEA112486683,397
SAMEA112486083,397
SAMEA112486825,397
SAMEA112486099,397
SAMEA112486443,397
SAMEA112486532,397
SAMEA112486081,397
SAMEA112486590,397
SAMEA112486609,397
SAMEA112486613,397
SAMEA112486515,397
SAMEA112486668,397
SAMEA112486322,397
SAMEA112486484,397
SAMEA112486296,397
SAMEA112486399,397
SAMEA112486647,397
SAMEA112486215,397
SAMEA112486770,397
SAMEA112486375,397
SAMEA112486618,397
SAMEA112486470,397
SAMEA112486014,397
SAMEA112486103,397
SAMEA112486652,397
SAMEA112486264,397
SAMEA112486380,397
SAMEA112486279,397
SAMEA112960717,397
SAMEA112486616,397
SAMEA112486314,397
SAMEA112960663,397
SAMEA112486221,397
SAMEA112486521,397
SAMEA112485972,397
SAMEA112486643,397
SAMEA112486786,397
SAMEA112960873,397
SAMEA112486319,397
SAMEA112486285,397
SAMEA112485843,397
SAMEA112486501,397
SAMEA112486152,397
SAMEA112486420,397
SAMEA112486466,397
SAMEA112485988,397
SAMEA112486133,397
SAMEA112486352,397
SAMEA1022786,397
SAMEA112486249,397
SAMEA104355756,224
SAMEA114392784,224
SAMEA114375612,224
SAMEA114408429,224
SAMEA104356012,224
SAMEA114392783,224
SAMEA1028803,224
SAMEA114441142,224
SAMEA114407890,224
SAMEA1029056,224
SAMEA1023945,224
SAMEA114408070,224
SAMEA111378876,224
SAMEA104355852,224
SAMEA1029271,224
SAMEA114392785,224
SAMEA1029274,224
SAMEA1025378,224
SAMEA104355820,224
SAMEA104355833,224
SAMEA114408151,224
SAMEA114441355,224
SAMEA1024779,224
SAMEA1025029,224
SAMEA114408419,224
SAMEA114407887,224
SAMEA114309478,224
SAMEA10427258,137
SAMEA104455841,137
SAMEA10427481,137
SAMEA104154485,137
SAMEA10427924,137
SAMEA114309365,137
SAMEA114242190,137
SAMEA1028978,137
SAMEA10427989,137
SAMEA114345929,137
SAMEA114241857,137
SAMEA10427538,137
SAMEA10427238,137
SAMEA1024793,137
SAMEA104455812,137
SAMEA104155055,137
SAMEA10428069,137
SAMEA10427336,137
SAMEA1025186,137
SAMEA114345918,137
SAMEA1025590,137
SAMEA10428066,137
SAMEA114242209,137
SAMEA1025248,137
SAMEA114241776,102
SAMEA114408209,102
SAMEA112184094,102
SAMEA114309659,102
SAMEA114276566,102
SAMEA114241734,102
SAMEA114407923,102
SAMEA10254830,102
SAMEA114441188,102
SAMEA114309828,102
SAMEA114309745,102
SAMEA114276749,102
SAMEA114392929,102
SAMEA10428049,102
SAMEA114276688,102
SAMEA114241847,102
SAMEA114276594,102
SAMEA114392858,102
SAMEA114392598,102
SAMEA114441147,102
SAMEA114392601,102
SAMEA114408315,102
SAMEA114345947,102
SAMEA114408156,102
SAMEA114463246,102
SAMEA114241774,102
SAMEA114276583,102
SAMEA114407934,102
SAMEA10427364,102
SAMEA114441503,102
SAMEA10428096,102
SAMEA114392758,102
SAMEA114309571,102
SAMEA114408351,102
SAMEA114242126,102
SAMEA114441208,102
SAMEA10427422,102
SAMEA114276715,102
SAMEA114408119,102
SAMEA114408164,102
SAMEA114408366,102
SAMEA110654375,102
SAMEA10427304,102
SAMEA1022943,102
SAMEA114345935,102
SAMEA10427241,102
SAMEA114276691,102
SAMEA114441189,102
SAMEA114228315,102
SAMEA114408421,102
SAMEA114441449,102
SAMEA114309830,102
SAMEA114392856,102
SAMEA114309573,102
SAMEA114408111,102
SAMEA104154840,94
SAMEA104154295,94
SAMEA104154844,94
SAMEA102266668,94
SAMEA102235918,94
SAMEA104154845,94
SAMEA104154596,94
SAMEA104154488,94
SAMEA104154521,94
SAMEA102204418,94
SAMEA102238168,94
SAMEA114408044,170
SAMEA114392806,170
SAMEA114375660,170
SAMEA114392885,170
SAMEA114392916,170
SAMEA114375351,170
SAMEA114441474,170
SAMEA114392805,170
SAMEA114407975,170
SAMEA114408059,170
SAMEA103953566,170
SAMEA114375684,170
SAMEA114408178,170
SAMEA10254664,170
SAMEA114441373,170
SAMEA114408370,170
SAMEA114375655,170
SAMEA114392891,170
SAMEA114392807,170
SAMEA10254597,170
SAMEA114441467,170
SAMEA114441239,170
SAMEA114408224,170
SAMEA103953651,170
SAMEA114441495,170
SAMEA103953590,170
SAMEA10254852,170
SAMEA114407865,170
SAMEA114441187,170
SAMEA114441423,170
SAMEA114408405,170
SAMEA104355770,170
SAMEA114375656,170
SAMEA114441218,170
SAMEA10254601,170
SAMEA114407929,170
SAMEA114408413,170
SAMEA114375831,170
SAMEA114407977,170
SAMEA114375661,170
SAMEA104356030,170
SAMEA114375343,170
SAMEA114392932,170
SAMEA114242267,90
SAMEA114241944,90
SAMEA114242146,90
SAMEA114241825,90
SAMEA114309540,90
SAMEA10427094,90
SAMEA114228335,90
SAMEA114242182,90
SAMEA114276635,90
SAMEA114276626,90
SAMEA10427083,90
SAMEA114479382,10
SAMEA114520584,10
SAMEA114520514,10
SAMEA114490227,10
SAMEA114441739,10
SAMEA114520450,10
SAMEA114490298,10
SAMEA114441580,10
SAMEA114478949,10
SAMEA114490240,10
SAMEA114212058,10
SAMEA114478723,10
SAMEA114212321,10
SAMEA114489929,10
SAMEA114490339,10
SAMEA114441989,10
SAMEA114489975,10
SAMEA114490052,10
SAMEA104035649,10
SAMEA114229944,10
SAMEA114212279,10
SAMEA114490263,10
SAMEA114489941,10
SAMEA114479563,10
SAMEA114490382,10
SAMEA114489933,10
SAMEA114489955,10
SAMEA114229952,10
SAMEA114490134,10
SAMEA114520521,10
SAMEA114212170,10
SAMEA114479464,10
SAMEA114212276,10
SAMEA114479433,10
SAMEA104035642,10
SAMEA114441631,10
SAMEA114490330,10
SAMEA104035644,10
SAMEA114520455,10
SAMEA114490380,10
SAMEA114520714,10
SAMEA114212282,10
SAMEA114479117,10
SAMEA114489971,10
SAMEA114212297,10
SAMEA114490190,10
SAMEA114479339,10
SAMEA114479416,10
SAMEA114490239,10
SAMEA114479188,10
SAMEA114490303,10
SAMEA114490400,10
SAMEA114212119,10
SAMEA114520326,10
SAMEA114479485,10
SAMEA114479087,10
SAMEA114489961,10
SAMEA114228272,10
SAMEA114212135,10
SAMEA104035703,10
SAMEA114490192,10
SAMEA114478978,10
SAMEA114520511,10
SAMEA114442041,10
SAMEA114229935,10
SAMEA114479082,10
SAMEA114212238,10
SAMEA114490369,10
SAMEA114490390,10
SAMEA114212200,10
SAMEA114490385,10
SAMEA114490055,10
SAMEA114490169,10
SAMEA114478783,10
SAMEA114441836,10
SAMEA114520541,10
SAMEA104034640,99
SAMEA114520708,99
SAMEA114441825,99
SAMEA104035019,99
SAMEA113533852,99
SAMEA111351916,99
SAMEA104035384,99
SAMEA114479468,99
SAMEA111441689,99
SAMEA104177309,99
SAMEA104034758,99
SAMEA112824284,99
SAMEA114442042,99
SAMEA1026407,99
SAMEA1026775,99
SAMEA111441685,99
SAMEA1026405,99
SAMEA104034525,99
SAMEA114313399,99
SAMEA104177361,99
SAMEA1026701,99
SAMEA114478786,99
SAMEA1026703,99
SAMEA104177313,99
SAMEA1026465,99
SAMEA104034524,99
SAMEA1026732,99
SAMEA1026344,99
SAMEA114212094,268
SAMEA114375673,268
SAMEA110129199,268
SAMEA110129260,268
SAMEA114375719,268
SAMEA114375698,268
SAMEA114375601,268
SAMEA114375289,268
SAMEA114375697,268
SAMEA114375598,268
SAMEA110129180,268
SAMEA1033748,268
SAMEA114375404,268
SAMEA1033790,268
SAMEA114375448,268
SAMEA1033907,268
SAMEA111378867,268
SAMEA114375590,268
SAMEA114375297,268
SAMEA104403632,268
SAMEA114375793,268
SAMEA104403629,268
SAMEA114375606,268
SAMEA114375475,268
SAMEA114375696,268
SAMEA104456701,93
SAMEA104456348,93
SAMEA114392587,93
SAMEA104456484,93
SAMEA104456756,93
SAMEA104456631,93
SAMEA104456466,93
SAMEA10428046,93
SAMEA104456719,93
SAMEA10427317,93
SAMEA104455839,93
SAMEA104456534,93
SAMEA104455816,93
SAMEA104456644,93
SAMEA104456720,93
SAMEA104456903,93
SAMEA104456567,93
SAMEA10428090,93
SAMEA104456874,93
SAMEA10427018,93
SAMEA104456744,93
SAMEA104456735,93
SAMEA104456892,93
SAMEA104411352,93
SAMEA114345961,93
SAMEA104456783,93
SAMEA104456483,93
SAMEA10427253,93
SAMEA104455982,93
SAMEA1025508,123
SAMEA114520369,123
SAMEA104141838,123
SAMEA111351918,123
SAMEA114375527,123
SAMEA104154455,123
SAMEA1024654,123
SAMEA111378864,123
SAMEA114313178,123
SAMEA114241800,123
SAMEA104154286,123
SAMEA104034875,123
SAMEA1032524,123
SAMEA114241795,123
SAMEA114490075,123
SAMEA111378880,123
SAMEA114309834,123
SAMEA1026205,123
SAMEA114212218,123
SAMEA104142021,123
SAMEA1023941,123
SAMEA114241765,123
SAMEA1024587,123
SAMEA1023840,123
SAMEA1029142,123
SAMEA1023695,123
SAMEA1024806,123
SAMEA114036709,623
SAMEA114036927,623
SAMEA10254513,251
SAMEA104355735,251
SAMEA104356003,251
SAMEA114441335,251
SAMEA104355693,251
SAMEA104355972,251
SAMEA10254655,251
SAMEA114375826,251
SAMEA114375824,251
SAMEA114375359,251
SAMEA10254608,251
SAMEA114375689,251
SAMEA114326184,113
SAMEA104154908,113
SAMEA104035841,113
SAMEA114326134,113
SAMEA114313331,113
SAMEA104035943,113
SAMEA114313170,113
SAMEA114326454,113
SAMEA104035929,113
SAMEA114309382,113
SAMEA104155001,113
SAMEA104035944,113
SAMEA114313337,113
SAMEA114309438,113
SAMEA104035739,113
SAMEA114341793,113
SAMEA114326224,113
SAMEA104035970,113
SAMEA114313152,113
SAMEA104035775,113
SAMEA114313548,113
SAMEA114441806,113
SAMEA114313149,113
SAMEA114313277,113
SAMEA114326239,113
SAMEA114326475,113
SAMEA104154985,113
SAMEA104035807,113
SAMEA114326419,113
SAMEA114313482,113
SAMEA104035920,113
SAMEA114313171,113
SAMEA114036867,162
SAMEA114036692,162
SAMEA10427132,162
SAMEA1029221,162
SAMEA104141512,162
SAMEA104141746,162
SAMEA114036768,162
SAMEA112647541,162
SAMEA112299525,162
SAMEA112960677,162
SAMEA112299439,162
SAMEA114489966,162
SAMEA114441808,162
SAMEA114479002,162
SAMEA112647584,162
SAMEA104142006,162
SAMEA114036720,162
SAMEA114036774,162
SAMEA114490221,162
SAMEA114479550,162
SAMEA1023779,162
SAMEA112647560,162
SAMEA114036637,162
SAMEA112299353,162
SAMEA104141511,162
SAMEA114036676,162
SAMEA111352032,119
SAMEA1032694,119
SAMEA1032416,119
SAMEA1026448,119
SAMEA104034741,119
SAMEA114326362,119
SAMEA114326434,119
SAMEA111351831,119
SAMEA1032617,119
SAMEA114313617,119
SAMEA104034589,119
SAMEA1032489,119
SAMEA114326359,119
SAMEA111441675,119
SAMEA114463206,260
SAMEA110665782,260
SAMEA114407847,260
SAMEA114463205,260
SAMEA114441148,260
SAMEA114441448,260
SAMEA114441204,260
SAMEA110664951,260
SAMEA114392736,260
SAMEA103953678,260
SAMEA114392737,260
SAMEA114392928,260
SAMEA114407896,260
SAMEA114408113,260
SAMEA103953564,260
SAMEA114392866,260
SAMEA114408348,260
SAMEA103953465,260
SAMEA114392716,260
SAMEA103953628,260
SAMEA114392643,260
SAMEA114392738,260
SAMEA114407875,260
SAMEA114408417,260
SAMEA103953572,260
SAMEA110665096,260
SAMEA114408159,260
SAMEA114407939,260
SAMEA114441203,260
SAMEA110664975,260
SAMEA114408357,260
SAMEA114392703,260
SAMEA114375352,260
SAMEA111351881,260
SAMEA114408407,260
SAMEA114408099,260
SAMEA114441489,260
SAMEA104355838,260
SAMEA110665074,260
SAMEA114408300,260
SAMEA114441576,260
SAMEA104034943,140
SAMEA1026543,140
SAMEA1026828,140
SAMEA1032605,140
SAMEA104034503,140
SAMEA114313484,140
SAMEA114313489,140
SAMEA111352106,140
SAMEA104035046,140
SAMEA111351926,140
SAMEA1026406,140
SAMEA1026730,140
SAMEA104035045,140
SAMEA104034832,140
SAMEA114313488,140
SAMEA104034569,140
SAMEA114313612,140
SAMEA103953574,104
SAMEA114441162,104
SAMEA1033723,104
SAMEA114407883,104
SAMEA114408321,104
SAMEA103953627,104
SAMEA114407928,104
SAMEA114441528,104
SAMEA114463226,104
SAMEA10254754,104
SAMEA114392604,104
SAMEA114463224,104
SAMEA114463228,104
SAMEA104355888,104
SAMEA114392670,104
SAMEA1033616,104
SAMEA114408457,104
SAMEA114408472,104
SAMEA114407955,104
SAMEA114441296,104
SAMEA114407931,104
SAMEA110665928,104
SAMEA114375364,104
SAMEA114463293,104
SAMEA1033605,104
SAMEA1033611,104
SAMEA114392673,104
SAMEA114463292,104
SAMEA114463237,104
SAMEA114408054,104
SAMEA114463225,104
SAMEA114408134,104
SAMEA110665421,104
SAMEA114392572,104
SAMEA114408308,104
SAMEA114407870,104
SAMEA110665848,104
SAMEA1033528,104
SAMEA10254565,150
SAMEA114441588,150
SAMEA114490137,150
SAMEA1024750,150
SAMEA104155044,150
SAMEA1029412,150
SAMEA114441644,150
SAMEA1024609,150
SAMEA104154470,150
SAMEA114489980,150
SAMEA114479214,150
SAMEA114478870,150
SAMEA114212202,150
SAMEA1025108,150
SAMEA104154481,150
SAMEA114212072,150
SAMEA114520482,150
SAMEA104154360,150
SAMEA104154319,150
SAMEA104154465,150
SAMEA1026118,150
SAMEA114490071,150
SAMEA114490078,150
SAMEA1025066,150
SAMEA104154419,150
SAMEA102163918,150
SAMEA104035486,150
SAMEA1026202,150
SAMEA114479193,150
SAMEA104035257,150
SAMEA1023678,122
SAMEA1026107,122
SAMEA1025678,122
SAMEA1029426,122
SAMEA1029298,122
SAMEA114036829,122
SAMEA1029380,122
SAMEA1024591,122
SAMEA114036911,122
SAMEA1025312,122
SAMEA1029198,122
SAMEA1026006,122
SAMEA114036828,122
SAMEA1023912,122
SAMEA1025599,122
SAMEA114036759,122
SAMEA1028670,122
SAMEA1029193,122
SAMEA1026070,122
SAMEA1025051,122
SAMEA114036819,122
SAMEA1025664,122
SAMEA1029369,122
SAMEA1025342,122
SAMEA1025196,122
SAMEA1028812,122
SAMEA1026072,122
SAMEA1029424,122
SAMEA1028673,122
SAMEA1029289,122
SAMEA1028630,122
SAMEA1025574,122
SAMEA114463275,122
SAMEA1029386,122
SAMEA1025947,122
SAMEA1023754,122
SAMEA104356027,482
SAMEA104355804,482
SAMEA104355825,482
SAMEA103953550,482
SAMEA114392638,482
SAMEA114463241,482
SAMEA103953576,482
SAMEA103953597,482
SAMEA103953643,482
SAMEA104356011,482
SAMEA103953690,482
SAMEA104356032,482
SAMEA114408236,482
SAMEA104355808,482
SAMEA103953544,482
SAMEA114408428,482
SAMEA104355824,482
SAMEA103953689,482
SAMEA104154474,274
SAMEA104154296,274
SAMEA104154338,274
SAMEA104154364,274
SAMEA104154351,274
SAMEA102171418,274
SAMEA104154366,274
SAMEA104154321,274
SAMEA104154385,274
SAMEA102152668,274
SAMEA102234418,274
SAMEA102177418,274
SAMEA114346065,105
SAMEA111457359,105
SAMEA103953548,209
SAMEA114408471,209
SAMEA114392722,209
SAMEA114408349,209
SAMEA114441483,209
SAMEA114392603,209
SAMEA114375365,209
SAMEA114407999,209
SAMEA10254930,209
SAMEA114441242,209
SAMEA114392593,209
SAMEA114408496,209
SAMEA114408067,209
SAMEA104154429,209
SAMEA114441150,209
SAMEA114441413,209
SAMEA114408095,209
SAMEA104154439,209
SAMEA114392770,209
SAMEA114408425,209
SAMEA114407919,209
SAMEA114408014,209
SAMEA11305582,209
SAMEA114392653,209
SAMEA114408314,209
SAMEA102151168,209
SAMEA10254639,209
SAMEA114408257,209
SAMEA104355817,54
SAMEA114408272,54
SAMEA104355791,54
SAMEA104355675,54
SAMEA104356020,54
SAMEA114375523,54
SAMEA104356028,54
SAMEA114408235,54
SAMEA114375348,54
SAMEA11305605,54
SAMEA114375356,54
SAMEA114441217,54
SAMEA10254703,54
SAMEA114408401,54
SAMEA114441294,54
SAMEA114392616,54
SAMEA104356048,54
SAMEA103953532,54
SAMEA114392612,54
SAMEA114392614,54
SAMEA103953519,54
SAMEA114392760,54
SAMEA10254515,54
SAMEA114375416,54
SAMEA114375408,184
SAMEA110665677,184
SAMEA103953469,184
SAMEA114375546,184
SAMEA104355990,184
SAMEA114375700,184
SAMEA114375417,184
SAMEA114441231,184
SAMEA114375302,184
SAMEA10427107,184
SAMEA1022766,184
SAMEA110665270,184
SAMEA114375703,184
SAMEA110665351,184
SAMEA114375418,184
SAMEA114375815,184
SAMEA114375533,184
SAMEA114441199,184
SAMEA114375561,184
SAMEA110665684,184
SAMEA1033583,184
SAMEA114375649,184
SAMEA114392762,184
SAMEA114375276,184
SAMEA110666075,184
SAMEA114408450,184
SAMEA110665649,184
SAMEA114375622,184
SAMEA114490145,324
SAMEA1022825,324
SAMEA114520673,324
SAMEA114442021,324
SAMEA114479574,324
SAMEA104035568,324
SAMEA114229957,324
SAMEA114490047,324
SAMEA114520711,324
SAMEA114229943,324
SAMEA114520434,324
SAMEA1033596,324
SAMEA1033659,324
SAMEA114441761,324
SAMEA114441708,324
SAMEA114441784,324
SAMEA1094437,324
SAMEA114478852,324
SAMEA114479502,324
SAMEA114479379,324
SAMEA114441706,324
SAMEA114479302,324
SAMEA114520568,324
SAMEA114212213,324
SAMEA114479548,324
SAMEA1094451,324
SAMEA1094429,324
SAMEA114479586,324
SAMEA114478743,324
SAMEA114441595,324
SAMEA114441611,324
SAMEA114478843,324
SAMEA114212215,324
SAMEA114520564,324
SAMEA114520700,324
SAMEA114490372,324
SAMEA1033978,324
SAMEA114479006,324
SAMEA114520687,324
SAMEA114211980,324
SAMEA1034004,324
SAMEA104355636,245
SAMEA114408289,245
SAMEA104355641,245
SAMEA104355869,245
SAMEA104355710,245
SAMEA104355892,245
SAMEA104355690,245
SAMEA104355944,245
SAMEA10254689,245
SAMEA10254603,245
SAMEA1025394,245
SAMEA10254545,245
SAMEA104355662,245
SAMEA1024920,245
SAMEA104355711,245
SAMEA1024600,245
SAMEA104355923,245
SAMEA104355943,245
SAMEA104356023,245
SAMEA104355658,245
SAMEA104356015,245
SAMEA104355912,245
SAMEA104355626,245
SAMEA10254642,245
SAMEA104355857,245
SAMEA114441258,245
SAMEA10254656,245
SAMEA104355849,245
SAMEA104355666,245
SAMEA1026174,245
SAMEA10254534,217
SAMEA110664962,217
SAMEA110665939,217
SAMEA110665915,217
SAMEA114375378,217
SAMEA110665271,217
SAMEA10254548,217
SAMEA110665962,217
SAMEA110665422,217
SAMEA110665047,217
SAMEA110664944,217
SAMEA110665977,217
SAMEA110665933,217
SAMEA110666041,217
SAMEA114375273,217
SAMEA110665838,217
SAMEA110666088,217
SAMEA110666174,217
SAMEA110665938,217
SAMEA110665872,217
SAMEA110664981,217
SAMEA110665826,217
SAMEA110665061,217
SAMEA110665839,217
SAMEA110665887,217
SAMEA110665909,217
SAMEA114375629,217
SAMEA10254657,217
SAMEA110665904,217
SAMEA114375395,217
SAMEA110665895,217
SAMEA110665862,217
SAMEA110665764,217
SAMEA110665889,217
SAMEA114375463,217
SAMEA110665785,217
SAMEA114375282,217
SAMEA110664993,217
SAMEA110665075,217
SAMEA10254578,217
SAMEA110665918,217
SAMEA110665742,217
SAMEA110665052,217
SAMEA114375296,217
SAMEA110664996,217
SAMEA114441452,212
SAMEA104141782,212
SAMEA104141811,212
SAMEA114392608,212
SAMEA114407942,212
SAMEA114407845,212
SAMEA104141947,212
SAMEA114375346,212
SAMEA114441280,212
SAMEA114408469,212
SAMEA104141679,212
SAMEA104141893,212
SAMEA114392767,212
SAMEA104355777,212
SAMEA104141579,212
SAMEA114408358,212
SAMEA104141967,212
SAMEA114392681,212
SAMEA104355886,212
SAMEA104141654,212
SAMEA104141770,212
SAMEA104141898,212
SAMEA104035594,212
SAMEA114407925,212
SAMEA104141709,212
SAMEA104141673,212
SAMEA114441110,212
SAMEA114441236,212
SAMEA104141815,212
SAMEA114392697,212
SAMEA114408420,212
SAMEA104141934,212
SAMEA110666031,142
SAMEA110665995,142
SAMEA1033744,142
SAMEA10427909,142
SAMEA110665984,142
SAMEA110665843,142
SAMEA110665959,142
SAMEA110666021,142
SAMEA110665805,142
SAMEA10427382,142
SAMEA110665875,142
SAMEA1033935,142
SAMEA110665169,142
SAMEA110666023,142
SAMEA110665997,142
SAMEA104456140,142
SAMEA110666036,142
SAMEA10427127,142
SAMEA110666079,142
SAMEA110665536,142
SAMEA1033617,142
SAMEA110665844,142
SAMEA1033817,142
SAMEA110666082,142
SAMEA110665183,142
SAMEA1025556,134
SAMEA114479473,134
SAMEA1029409,134
SAMEA114490219,134
SAMEA1026217,134
SAMEA1028874,134
SAMEA114520449,134
SAMEA1024717,134
SAMEA1025272,134
SAMEA1029233,134
SAMEA114441817,134
SAMEA1025740,134
SAMEA1029275,134
SAMEA114520546,134
SAMEA1029392,134
SAMEA1028986,134
SAMEA1025524,134
SAMEA114479007,134
SAMEA114478826,134
SAMEA114478872,134
SAMEA114441282,134
SAMEA1025594,134
SAMEA114490164,134
SAMEA114478960,134
SAMEA1029014,134
SAMEA1025386,134
SAMEA114479139,134
SAMEA1025165,134
SAMEA114408061,134
SAMEA1025638,134
SAMEA114479280,134
SAMEA1025917,134
SAMEA104035515,134
SAMEA114212113,134
SAMEA114441771,134
SAMEA114490073,196
SAMEA114408037,196
SAMEA114408274,196
SAMEA114441496,196
SAMEA114408133,196
SAMEA114408229,196
SAMEA114408394,196
SAMEA114441491,196
SAMEA114408307,196
SAMEA114408373,196
SAMEA114407894,196
SAMEA103953573,196
SAMEA114408147,196
SAMEA114463211,196
SAMEA114392726,196
SAMEA10254529,196
SAMEA114408353,196
SAMEA114407846,196
SAMEA114407877,196
SAMEA114392837,196
SAMEA114408288,196
SAMEA114407842,196
SAMEA114408438,196
SAMEA114408329,196
SAMEA114441198,196
SAMEA10254847,196
SAMEA114407844,196
SAMEA114392857,196
SAMEA114408170,196
SAMEA114392907,196
SAMEA114408282,196
SAMEA114408297,196
SAMEA114441265,196
SAMEA114479560,196
SAMEA114408046,196
SAMEA114392578,196
SAMEA114408101,196
SAMEA1022960,118
SAMEA1024201,118
SAMEA1029038,118
SAMEA1024726,118
SAMEA1024736,118
SAMEA1025129,118
SAMEA1025345,118
SAMEA1022914,118
SAMEA1025192,118
SAMEA1023825,118
SAMEA1025305,118
SAMEA1025946,118
SAMEA1028680,118
SAMEA1024759,118
SAMEA1022922,118
SAMEA1023936,118
SAMEA1023902,118
SAMEA1024976,118
SAMEA1024928,118
SAMEA1023978,118
SAMEA1025783,118
SAMEA1025134,118
SAMEA1025006,118
SAMEA1028661,118
SAMEA1024980,118
SAMEA1028898,118
SAMEA1025054,118
SAMEA1029346,118
SAMEA1025225,118
SAMEA1029218,104
SAMEA1023829,104
SAMEA1024543,104
SAMEA1025227,104
SAMEA1029388,104
SAMEA103953518,104
SAMEA1026095,104
SAMEA1028962,104
SAMEA10254787,104
SAMEA114375344,104
SAMEA1029054,104
SAMEA1029136,104
SAMEA1024926,104
SAMEA1025627,104
SAMEA1025387,104
SAMEA1024972,104
SAMEA1025814,104
SAMEA1023882,104
SAMEA1025105,104
SAMEA103953650,104
SAMEA103953453,104
SAMEA1024968,104
SAMEA114441170,226
SAMEA114520559,226
SAMEA104035341,226
SAMEA104154967,226
SAMEA104035380,226
SAMEA114441649,226
SAMEA114478851,226
SAMEA114478739,226
SAMEA104355579,226
SAMEA114229959,226
SAMEA114441169,226
SAMEA114490135,226
SAMEA114520360,226
SAMEA114479165,226
SAMEA114478756,226
SAMEA114212084,226
SAMEA114212153,226
SAMEA114441904,226
SAMEA104155142,226
SAMEA114479110,226
SAMEA113533845,226
SAMEA10427991,226
SAMEA114479056,226
SAMEA104035602,226
SAMEA114392814,226
SAMEA114441628,226
SAMEA114441843,226
SAMEA104355593,226
SAMEA114211968,226
SAMEA114212194,226
SAMEA114441342,226
SAMEA114211970,226
SAMEA113533848,226
SAMEA114520556,226
SAMEA114442022,226
SAMEA114211723,226
SAMEA104155085,226
SAMEA104035481,226
SAMEA113533806,226
SAMEA102174418,221
SAMEA102132418,221
SAMEA104154609,221
SAMEA102220168,221
SAMEA102188668,221
SAMEA104154365,221
SAMEA102167668,221
SAMEA104154335,221
SAMEA102164668,221
SAMEA104154299,221
SAMEA104154313,221
SAMEA104154378,221
SAMEA102183418,221
SAMEA104154499,221
SAMEA114276787,126
SAMEA114241876,126
SAMEA114309635,126
SAMEA104456025,126
SAMEA104456420,126
SAMEA104455853,126
SAMEA104456047,126
SAMEA114276800,126
SAMEA104456195,126
SAMEA114441954,126
SAMEA104456210,126
SAMEA114309621,126
SAMEA114309630,126
SAMEA104456101,126
SAMEA104456112,126
SAMEA104456617,126
SAMEA114242212,126
SAMEA104455809,126
SAMEA104455905,126
SAMEA104456003,126
SAMEA104456298,126
SAMEA104456183,126
SAMEA104456347,126
SAMEA114309831,126
SAMEA104456561,126
SAMEA104456899,126
SAMEA104456713,126
SAMEA104456647,126
SAMEA104455797,126
SAMEA114242227,126
SAMEA114490306,126
SAMEA114478821,126
SAMEA114241984,126
SAMEA104455773,126
SAMEA104456310,126
SAMEA104456864,126
SAMEA104456667,126
SAMEA104456403,126
SAMEA104154436,132
SAMEA114490260,132
SAMEA114313463,132
SAMEA112647492,132
SAMEA114479347,132
SAMEA114313381,132
SAMEA112486677,132
SAMEA114211915,132
SAMEA112486331,132
SAMEA114313486,132
SAMEA114212142,132
SAMEA114520436,132
SAMEA114211961,132
SAMEA114479378,132
SAMEA114211969,132
SAMEA111457368,132
SAMEA114313380,132
SAMEA114088638,132
SAMEA112647480,132
SAMEA112486598,132
SAMEA114520716,132
SAMEA114212010,132
SAMEA10427157,132
SAMEA112486789,132
SAMEA114441778,132
SAMEA114490286,132
SAMEA10427056,132
SAMEA114036628,132
SAMEA112486596,132
SAMEA114088636,132
SAMEA114441751,132
SAMEA112486409,132
SAMEA114211964,132
SAMEA114479245,132
SAMEA114375678,879;1049
SAMEA110129219,879;1049
SAMEA114375327,879;1049
SAMEA114375802,879;1049
SAMEA114375593,879;1049
SAMEA114375645,879;1049
SAMEA110129246,879;1049
SAMEA110129191,879;1049
SAMEA114375295,879;1049
SAMEA110129215,879;1049
SAMEA114375611,879;1049
SAMEA110129239,879;1049
SAMEA114375314,879;1049
SAMEA114375680,879;1049
SAMEA114375816,879;1049
SAMEA114375399,879;1049
SAMEA114375828,879;1049
SAMEA110129190,879;1049
SAMEA114375818,879;1049
SAMEA114375677,879;1049
SAMEA111378900,879;1049
SAMEA1024657,110
SAMEA1028956,110
SAMEA1025595,110
SAMEA1026004,110
SAMEA1025639,110
SAMEA1025667,110
SAMEA1028761,110
SAMEA1028708,110
SAMEA1025841,110
SAMEA1025658,110
SAMEA1025148,110
SAMEA1025603,110
SAMEA1025756,110
SAMEA1029051,110
SAMEA1024782,110
SAMEA1024581,110
SAMEA1025427,110
SAMEA1024932,110
SAMEA1029282,110
SAMEA1024940,110
SAMEA1028806,110
SAMEA1025668,110
SAMEA1029396,110
SAMEA1023690,110
SAMEA1028907,110
SAMEA1025030,110
SAMEA1026246,110
SAMEA102228418,117
SAMEA102154168,117
SAMEA114375518,117
SAMEA114375792,117
SAMEA1033512,117
SAMEA114375803,117
SAMEA110665131,145
SAMEA110666127,145
SAMEA1094432,145
SAMEA1094452,145
SAMEA110666055,145
SAMEA10427266,145
SAMEA1033813,145
SAMEA1094450,145
SAMEA110665950,145
SAMEA114375434,145
SAMEA1094467,145
SAMEA1094438,145
SAMEA1022840,145
SAMEA110666093,145
SAMEA1094455,145
SAMEA114375691,145
SAMEA110666066,145
SAMEA112824185,213
SAMEA104035227,213
SAMEA1020640,213
SAMEA104035543,213
SAMEA104035633,213
SAMEA104154941,213
SAMEA104035800,213
SAMEA112824163,213
SAMEA104155019,213
SAMEA112824250,213
SAMEA104154943,213
SAMEA114478827,213
SAMEA104154777,213
SAMEA114212228,213
SAMEA112824195,213
SAMEA114520680,213
SAMEA114212164,213
SAMEA104155060,213
SAMEA112824137,213
SAMEA104035846,213
SAMEA1025505,128
SAMEA1025314,128
SAMEA1023694,128
SAMEA1024704,128
SAMEA1023926,128
SAMEA1025438,128
SAMEA1024141,128
SAMEA1023788,128
SAMEA104141894,128
SAMEA1023953,128
SAMEA1024993,128
SAMEA1024172,128
SAMEA1023992,128
SAMEA1025872,128
SAMEA1023995,128
SAMEA1025195,128
SAMEA104141891,128
SAMEA1025922,128
SAMEA1024053,128
SAMEA104141892,128
SAMEA1024022,128
SAMEA1024130,128
SAMEA1025250,128
SAMEA1026115,128
SAMEA104141834,128
SAMEA1025550,128
SAMEA1025473,128
SAMEA104034480,235
SAMEA104154382,235
SAMEA104034474,235
SAMEA104034470,235
SAMEA104154508,235
SAMEA104034475,235
SAMEA114276768,125
SAMEA114309512,125
SAMEA104456161,125
SAMEA10427119,125
SAMEA114309710,125
SAMEA114276739,125
SAMEA114242041,125
SAMEA104456491,125
SAMEA114241743,125
SAMEA104456518,125
SAMEA10427985,125
SAMEA114241757,125
SAMEA114242309,125
SAMEA114241787,125
SAMEA114241798,125
SAMEA10427351,125
SAMEA114276614,125
SAMEA114309577,125
SAMEA10427188,125
SAMD00449297,186
SAMEA1025737,186
SAMD00449334,186
SAMD00449319,186
SAMD00449382,186
SAMD00224659,186
SAMD00449357,186
SAMD00449321,186
SAMEA1029224,186
SAMEA1028678,186
SAMD00449312,186
SAMEA1025232,186
SAMEA1025576,186
SAMD00449350,186
SAMD00449327,186
SAMEA1025217,186
SAMEA1029431,186
SAMD00449309,186
SAMD00449298,186
SAMD00449346,186
SAMEA1025376,186
SAMD00449393,186
SAMD00449362,186
SAMD00449361,186
SAMD00449313,186
SAMD00449307,186
SAMD00449349,186
SAMD00449355,186
SAMD00449326,186
SAMD00449376,186
SAMD00449388,186
SAMD00449304,186
SAMEA1028918,186
SAMEA104141518,186
SAMD00449320,186
SAMEA1024683,186
SAMEA1029029,186
SAMD00449332,186
SAMEA1025311,186
SAMD00449356,186
SAMEA114392819,147
SAMEA114392904,147
SAMEA114441534,147
SAMEA114408326,147
SAMEA114408215,147
SAMEA114392668,147
SAMEA104141933,147
SAMEA114407943,147
SAMEA114407976,147
SAMEA102197668,147
SAMEA10254777,147
SAMEA10254887,147
SAMEA114392817,147
SAMEA114392919,147
SAMEA114392946,147
SAMEA114408081,147
SAMEA114408356,147
SAMEA114441186,147
SAMEA114408109,147
SAMEA104035570,111
SAMEA104154722,111
SAMEA1032611,111
SAMEA1026516,111
SAMEA10254889,111
SAMEA1032464,111
SAMEA114408194,111
SAMEA1032565,111
SAMEA1032438,111
SAMEA1032649,111
SAMEA1032525,111
SAMEA1032647,111
SAMEA1032708,175
SAMEA1032669,175
SAMEA1032597,175
SAMEA112647472,175
SAMEA1032615,175
SAMEA1032497,175
SAMEA1032463,175
SAMEA1032664,175
SAMEA114345952,178
SAMEA114276730,178
SAMEA104456741,178
SAMEA114276743,178
SAMEA10427820,178
SAMEA114345943,178
SAMEA104460819,178
SAMEA114309459,178
SAMEA104456789,178
SAMEA114242219,178
SAMEA10427540,178
SAMEA10428018,178
SAMEA114241921,178
SAMEA114326146,178
SAMEA114241791,178
SAMEA10427750,178
SAMEA104456813,178
SAMEA114276670,178
SAMEA104456560,178
SAMEA114345906,178
SAMEA114345922,178
SAMEA104456028,178
SAMEA104154730,178
SAMEA114276674,178
SAMEA10427602,178
SAMEA114345901,178
SAMEA10427344,178
SAMEA114346046,178
SAMEA114276676,178
SAMEA104455933,178
SAMEA104456656,178
SAMEA1022870,129
SAMEA114375453,129
SAMEA1033533,129
SAMEA114375675,129
SAMEA114375720,129
SAMEA104154850,129
SAMEA1094443,129
SAMEA114375813,129
SAMEA1094449,129
SAMEA114375393,129
SAMEA114375690,129
SAMEA114375669,129
SAMEA114375442,129
SAMEA114375674,129
SAMEA1022795,129
SAMEA114375812,129
SAMEA104355580,257
SAMD00224666,257
SAMEA104355707,257
SAMEA114407843,257
SAMEA11305595,257
SAMEA104035987,257
SAMEA104355665,257
SAMEA104355959,257
SAMEA104154904,257
SAMEA10254929,257
SAMEA104355835,257
SAMEA104356046,257
SAMEA114392570,257
SAMEA104355771,257
SAMEA10254613,257
SAMEA114408183,257
SAMEA10254555,257
SAMEA104355624,257
SAMEA103953436,257
SAMEA104355642,257
SAMEA114392620,257
SAMEA1024914,257
SAMEA104355951,257
SAMEA104355968,257
SAMEA104355975,257
SAMEA114309657,168
SAMEA114241821,168
SAMEA10427650,168
SAMEA10428043,168
SAMEA114241735,168
SAMEA114309574,168
SAMEA114241989,168
SAMEA114309467,168
SAMEA114242080,168
SAMEA114309715,168
SAMEA114276741,168
SAMEA114276788,168
SAMEA114242027,168
SAMEA114309616,168
SAMEA10427871,168
SAMEA114241831,168
SAMEA114242214,168
SAMEA114242241,168
SAMEA114276672,168
SAMEA114276653,168
SAMEA114242327,168
SAMEA10427138,168
SAMEA10427218,168
SAMEA10427026,168
SAMEA114242045,168
SAMEA114242225,168
SAMEA114276545,168
SAMEA10428045,168
SAMEA114242035,168
SAMEA114309562,168
SAMEA114241737,168
SAMEA114241852,168
SAMEA110665385,228
SAMEA110666043,228
SAMEA110665400,228
SAMEA110665108,228
SAMEA110664892,228
SAMEA110665440,228
SAMEA114309544,228
SAMEA110666078,228
SAMEA110666054,228
SAMEA110666092,228
SAMEA110665255,228
SAMEA110665794,228
SAMEA1033675,228
SAMEA110665273,228
SAMEA114241892,228
SAMEA110665521,228
SAMEA110665442,228
SAMEA110665259,228
SAMEA110666094,228
SAMEA110666025,228
SAMEA110666121,228
SAMEA110665312,228
SAMEA110665806,228
SAMEA110665772,228
SAMEA1033997,228
SAMEA110665611,228
SAMEA110665246,228
SAMEA110666157,228
SAMEA114228297,228
SAMEA110666000,228
SAMEA114375538,228
SAMEA110665994,228
SAMEA110665349,228
SAMEA114242106,228
SAMEA110666154,228
SAMEA112299437,124
SAMEA112647409,124
SAMEA104035708,124
SAMEA112299366,124
SAMEA112647420,124
SAMEA111351783,124
SAMEA1026753,124
SAMEA104154768,124
SAMEA112647412,124
SAMEA112647503,124
SAMEA104154653,124
SAMEA104154814,124
SAMEA112299401,124
SAMEA1026443,124
SAMEA104154658,124
SAMEA104035776,124
SAMEA114478987,124
SAMEA1024961,130
SAMEA1025585,130
SAMEA1024960,130
SAMEA1024125,130
SAMEA1026051,130
SAMEA1024142,130
SAMEA1023959,130
SAMEA1028816,130
SAMEA1023764,130
SAMEA1024145,130
SAMEA1024092,130
SAMEA1029283,130
SAMEA1023743,130
SAMEA1025346,130
SAMEA1025874,130
SAMEA1025819,130
SAMEA1023921,130
SAMEA1025862,130
SAMEA1024032,130
SAMD00224644,130
SAMEA1024203,130
SAMEA1023999,130
SAMEA1026230,130
SAMEA1025842,130
SAMEA1023837,130
SAMD00224643,130
SAMEA1024597,127
SAMEA1028930,127
SAMEA1023719,127
SAMEA1028660,127
SAMEA114408333,127
SAMEA1024120,127
SAMEA1024727,127
SAMEA1029308,127
SAMEA1025175,127
SAMEA1028866,127
SAMEA1026199,127
SAMEA1025760,127
SAMEA1025203,127
SAMEA1025061,127
SAMEA1029404,127
SAMEA1024964,127
SAMEA1028938,127
SAMEA1025147,127
SAMEA1026058,127
SAMEA1023748,127
SAMEA1024948,127
SAMEA1023760,127
SAMEA1026078,127
SAMEA1029149,127
SAMEA110665136,163
SAMEA114241994,163
SAMEA1033509,163
SAMEA110665142,163
SAMEA110665149,163
SAMEA110665391,163
SAMEA110665642,163
SAMEA110665165,163
SAMEA1033721,163
SAMEA110665678,163
SAMEA110665189,163
SAMEA110666169,163
SAMEA110666044,163
SAMEA110665072,163
SAMEA110665307,163
SAMEA110665543,163
SAMEA110665954,163
SAMEA110665640,163
SAMEA110666158,163
SAMEA114242364,163
SAMEA110666123,163
SAMEA110664982,163
SAMEA110665840,163
SAMEA104455971,205
SAMEA104456063,205
SAMEA104456141,205
SAMEA104456180,205
SAMEA104456189,205
SAMEA10427281,205
SAMEA10427566,205
SAMEA104455970,205
SAMEA104456513,205
SAMEA104456100,205
SAMEA114309490,205
SAMEA104456158,205
SAMEA110654380,205
SAMEA104456128,205
SAMEA104456038,205
SAMEA104456287,205
SAMEA110654381,205
SAMEA104456329,205
SAMEA104456279,205
SAMEA104456060,205
SAMEA110665897,114
SAMEA114375594,114
SAMEA114375566,114
SAMEA110665983,114
SAMEA10427656,114
SAMEA10427791,114
SAMEA114375709,114
SAMEA110665863,114
SAMEA10427380,114
SAMEA114375621,114
SAMEA114309726,114
SAMEA110665076,114
SAMEA10428034,114
SAMEA110665914,114
SAMEA114309559,114
SAMEA114276720,114
SAMEA110665865,114
SAMEA114242040,114
SAMEA114309755,114
SAMEA114228299,114
SAMEA10427393,114
SAMEA114242110,114
SAMEA114313449,386
SAMEA114211737,386
SAMEA114309407,386
SAMEA114313145,386
SAMEA114346006,386
SAMEA113533817,386
SAMEA114088775,386
SAMEA114211788,386
SAMEA114313156,386
SAMEA114313268,386
SAMEA104154650,386
SAMEA114313324,386
SAMEA114088746,386
SAMEA114326349,386
SAMEA114313285,386
SAMEA111351867,386
SAMEA114211736,386
SAMEA114313280,386
SAMEA114309398,386
SAMEA114211882,386
SAMEA114313315,386
SAMEA114313303,386
SAMEA114392867,386
SAMEA114313376,386
SAMEA113533872,386
SAMEA114346062,386
SAMEA114313358,386
SAMEA114313279,386
SAMEA114313421,386
SAMEA114313518,386
SAMEA114088701,386
SAMEA114478937,386
SAMEA114346130,386
SAMEA114313363,386
SAMEA114313485,386
SAMEA112647523,386
SAMEA114392879,386
SAMEA114313412,386
SAMEA114211861,386
SAMEA114211814,386
SAMEA114408073,284
SAMEA114441469,284
SAMEA114392847,284
SAMEA114408233,284
SAMEA114392626,284
SAMEA114407985,284
SAMEA104355713,284
SAMEA114408271,284
SAMEA103953665,284
SAMEA10254882,284
SAMEA114407871,284
SAMEA114392743,284
SAMEA114408189,284
SAMEA104356007,284
SAMEA114463232,284
SAMEA114463236,284
SAMEA10254747,284
SAMEA114463233,284
SAMEA114441514,284
SAMEA114392631,284
SAMEA114441502,284
SAMEA114392843,284
SAMEA114441457,284
SAMEA114392888,284
SAMEA102278668,275
SAMEA103953740,275
SAMEA102274168,275
SAMEA102223168,275
SAMEA102159418,275
SAMEA103953744,275
SAMEA104355631,275
SAMEA102286168,275
SAMEA103953729,275
SAMEA103953736,275
SAMEA103953718,275
SAMEA102289918,275
SAMEA114490254,275
SAMEA103953706,275
SAMEA103953722,275
SAMEA103953437,275
SAMEA1023891,275
SAMEA1032518,97
SAMEA1032591,97
SAMEA1032601,97
SAMEA1032558,97
SAMEA1032720,97
SAMEA1032407,97
SAMEA1032582,97
SAMEA1032574,97
SAMEA1032511,97
SAMEA10254896,206
SAMEA10254848,206
SAMEA1033637,206
SAMEA104154874,206
SAMEA114375520,206
SAMEA114408364,206
SAMEA10254605,206
SAMEA1033651,206
SAMEA1033747,206
SAMEA1033904,183
SAMEA1012587,183
SAMEA1033889,183
SAMEA1033604,183
SAMEA1033676,183
SAMEA1033559,183
SAMEA1033607,183
SAMEA1033845,183
SAMEA1033970,183
SAMEA1033886,183
SAMEA1025450,151
SAMEA1022944,151
SAMEA114375361,151
SAMEA1025358,151
SAMEA1029234,151
SAMEA1029172,151
SAMEA114392881,151
SAMEA114375363,151
SAMEA114441153,151
SAMEA114392700,151
SAMEA1028958,151
SAMEA1024917,151
SAMEA1029303,151
SAMEA114392699,151
SAMEA1024828,151
SAMEA1029052,151
SAMEA114408470,151
SAMEA1023971,151
SAMEA1028999,151
SAMEA1022932,151
SAMEA114375362,151
SAMEA114408035,151
SAMEA1025601,151
SAMEA10427271,37
SAMEA114309782,37
SAMEA104035977,115
SAMEA114036821,115
SAMEA1028900,203
SAMEA1025067,203
SAMEA1023664,203
SAMEA1025428,203
SAMEA1024160,203
SAMEA1025572,203
SAMEA1024611,203
SAMEA1028604,203
SAMEA1026238,203
SAMEA1025789,203
SAMEA114241947,259
SAMEA114392871,259
SAMEA114241782,259
SAMEA114309591,259
SAMEA114309786,259
SAMEA114276650,259
SAMEA114309783,259
SAMEA103953727,259
SAMEA114392813,259
SAMEA114309642,259
SAMEA114241779,259
SAMEA114242298,259
SAMEA103953731,259
SAMEA114242168,259
SAMEA114276664,259
SAMEA114392566,259
SAMEA114441332,259
SAMEA114392876,259
SAMEA114441312,259
SAMEA114392650,259
SAMEA114309685,259
SAMEA114242185,259
SAMEA114242357,259
SAMEA114441210,259
SAMEA103953725,259
SAMEA114241746,259
SAMEA114242100,259
SAMEA112299448,146
SAMEA104035030,146
SAMEA1022783,146
SAMEA104034901,146
SAMEA111328343,146
SAMEA104034998,146
SAMEA104034680,146
SAMEA104034991,146
SAMEA104034548,146
SAMEA104034606,146
SAMEA104034636,146
SAMEA114346156,146
SAMEA112647559,146
SAMEA1022799,146
SAMEA114479514,146
SAMEA104034679,146
SAMEA104154573,108
SAMEA1029321,180
SAMEA1025759,180
SAMEA1029190,180
SAMEA1024689,180
SAMEA1028879,180
SAMEA1029073,180
SAMEA1026028,180
SAMEA1029222,180
SAMEA1025853,180
SAMEA1026010,180
SAMEA1028782,180
SAMEA1024845,180
SAMEA1026061,180
SAMEA1028808,180
SAMEA104141779,152
SAMEA112960715,152
SAMEA104141977,152
SAMEA104141786,152
SAMEA112960939,152
SAMEA114463248,152
SAMD00224668,152
SAMEA104141983,152
SAMEA112960700,152
SAMEA112486475,152
SAMEA112960902,152
SAMEA104141833,152
SAMEA104141561,152
SAMEA104141559,152
SAMEA112960691,152
SAMEA114407882,152
SAMEA104141566,152
SAMEA1025226,158
SAMEA1024054,158
SAMEA1023830,158
SAMEA1023990,158
SAMEA1023957,158
SAMEA114036926,158
SAMEA114490215,158
SAMEA111457482,158
SAMEA1025209,158
SAMEA1025600,158
SAMEA1026111,158
SAMEA1023784,158
SAMEA1025130,158
SAMEA1026182,158
SAMEA10427193,355
SAMEA114375480,355
SAMEA114375479,355
SAMEA114375503,355
SAMEA114375454,355
SAMEA114375461,355
SAMEA114241952,355
SAMEA114375505,355
SAMEA114375478,355
SAMEA114375277,355
SAMEA114375671,355
SAMEA110666011,355
SAMEA114375571,355
SAMEA114375741,355
SAMEA114375476,355
SAMEA110665376,355
SAMEA114375817,355
SAMEA114375455,355
SAMEA114441509,247
SAMEA114441339,247
SAMEA114408127,247
SAMEA114441461,247
SAMEA114392796,247
SAMEA114408406,247
SAMEA114441247,247
SAMEA114392687,247
SAMEA114441535,247
SAMEA114441361,247
SAMEA114392715,247
SAMEA114392714,247
SAMEA114408493,247
SAMEA114441462,247
SAMEA114408491,247
SAMEA114408426,247
SAMEA114408330,247
SAMEA114441500,247
SAMEA1026795,258
SAMEA104456606,258
SAMEA104456192,258
SAMEA104456041,258
SAMEA104456337,258
SAMEA104456666,258
SAMEA104456489,258
SAMEA1026329,258
SAMEA104456508,258
SAMEA104456288,258
SAMEA104455968,258
SAMEA104456798,258
SAMEA104456257,258
SAMEA104456880,258
SAMEA104456811,258
SAMEA104456236,258
SAMEA104456492,258
SAMEA104456333,258
SAMEA104456184,258
SAMEA104456471,258
SAMEA104456786,258
SAMEA104222024,258
SAMEA104456050,258
SAMEA104456269,258
SAMEA114392872,282
SAMEA114408049,282
SAMEA10254753,282
SAMEA114408379,282
SAMEA114407885,282
SAMEA114408129,282
SAMEA114441311,282
SAMEA114309602,282
SAMEA114241930,282
SAMEA114242097,282
SAMEA114407856,282
SAMEA114392873,282
SAMEA114441225,282
SAMEA114463229,282
SAMEA103953424,282
SAMEA114408210,282
SAMEA114408304,282
SAMEA114441541,282
SAMEA10427915,282
SAMEA114463247,282
SAMEA114441140,282
SAMEA114408062,282
SAMEA114441380,282
SAMEA114276820,282
SAMEA114407854,282
SAMEA104355793,225
SAMEA104355952,225
SAMEA114408375,225
SAMEA104355684,225
SAMEA104355681,225
SAMEA114392800,225
SAMEA104355962,225
SAMEA104034580,109
SAMEA104034527,109
SAMEA104034596,109
SAMEA104035060,109
SAMEA104034781,109
SAMEA104034657,109
SAMEA104034659,109
SAMEA104034913,109
SAMEA104034783,109
SAMEA1024630,149
SAMEA1023916,149
SAMEA1028746,149
SAMEA1025266,149
SAMEA114441346,149
SAMEA1023676,149
SAMEA1023808,149
SAMEA1029364,149
SAMEA1025809,149
SAMEA114441253,149
SAMEA1029048,149
SAMEA114408058,149
SAMEA1025836,149
SAMEA114407961,149
SAMEA1023899,149
SAMEA1023933,149
SAMEA1024604,149
SAMEA1023728,149
SAMEA1023700,149
SAMEA1029113,138
SAMEA1028722,138
SAMEA1025434,138
SAMEA1028677,138
SAMEA1025507,138
SAMEA1028925,138
SAMEA1028855,138
SAMEA1025463,138
SAMEA1026064,138
SAMEA1024641,138
SAMEA1029228,138
SAMEA1029125,138
SAMEA1028790,138
SAMEA1028662,138
SAMEA1028758,138
SAMEA1026021,138
SAMEA1029033,138
SAMEA1025156,138
SAMEA104154435,9
SAMEA1033558,9
SAMEA1022776,9
SAMEA114375640,9
SAMEA114375641,9
SAMEA114375642,9
SAMEA1033532,9
SAMEA110666167,9
SAMEA104154482,9
SAMEA1033714,9
SAMEA1025570,167
SAMEA1026193,167
SAMEA1028663,167
SAMEA1029376,167
SAMEA1024955,167
SAMEA1025283,167
SAMEA1025837,167
SAMEA1028600,167
SAMEA1025002,167
SAMEA1025976,167
SAMEA1024738,167
SAMEA1025409,167
SAMD00224638,167
SAMEA1025379,167
SAMEA1025360,167
SAMEA1026109,167
SAMEA1029129,167
SAMEA1025549,167
SAMEA1025695,167
SAMEA114407839,372
SAMEA114408331,372
SAMEA114408065,372
SAMEA114441270,372
SAMEA114441498,372
SAMEA114407906,372
SAMEA114407851,372
SAMEA114408108,372
SAMEA114407997,372
SAMEA114463210,372
SAMEA114441275,372
SAMEA114392676,372
SAMEA114408118,372
SAMEA114392910,372
SAMEA114392840,372
SAMEA114408193,372
SAMEA114463218,372
SAMEA114392720,372
SAMEA114407840,372
SAMEA114408107,372
SAMEA114392629,372
SAMEA114392666,372
SAMEA114408473,372
SAMEA114441455,372
SAMEA114441143,372
SAMEA114441493,372
SAMEA114392838,372
SAMEA104141875,215
SAMEA1024198,215
SAMEA1025607,215
SAMEA1025123,215
SAMEA114036668,215
SAMEA114036652,215
SAMEA104141929,215
SAMEA1024582,215
SAMEA114441193,215
SAMEA114441301,215
SAMEA104141816,215
SAMEA1024807,215
SAMEA1029024,215
SAMEA104141957,215
SAMEA114036772,215
SAMEA1023977,215
SAMEA114036864,215
SAMEA1024708,215
SAMEA1028781,215
SAMEA114036792,215
SAMEA1029150,215
SAMEA114441446,215
SAMEA10427766,1266;155
SAMEA1033770,1266;155
SAMEA10428003,1266;155
SAMEA1033662,1266;155
SAMEA10427618,1266;155
SAMEA1033677,1266;155
SAMEA114479256,1266;155
SAMEA114490128,310
SAMEA114490294,310
SAMEA114441962,310
SAMEA114520469,310
SAMEA114520484,310
SAMEA114212147,310
SAMEA114520408,310
SAMEA114212255,310
SAMEA114479061,310
SAMEA114441637,310
SAMEA114490249,310
SAMEA114211981,310
SAMEA114520443,310
SAMEA114441995,310
SAMEA104154522,310
SAMEA114479127,310
SAMEA112824190,310
SAMEA104155098,310
SAMEA114478961,310
SAMEA114212182,310
SAMEA114490087,310
SAMEA114212209,310
SAMEA114490162,310
SAMEA104154928,310
SAMEA114441593,310
SAMEA114490093,310
SAMEA114479178,310
SAMEA114442004,310
SAMEA114478954,310
SAMEA1026395,45
SAMEA10427388,45
SAMEA104455963,45
SAMEA104456169,45
SAMEA10427952,45
SAMEA104456166,45
SAMEA104456290,45
SAMEA104455936,45
SAMEA104456045,45
SAMEA104456168,45
SAMEA114242339,45
SAMEA104456055,45
SAMEA104456306,45
SAMEA104456780,45
SAMEA111352135,45
SAMEA104456153,45
SAMEA104455866,45
SAMEA1026510,45
SAMEA104456222,45
SAMEA104456043,45
SAMEA104455991,45
SAMEA104456213,45
SAMEA104455763,45
SAMEA111352094,45
SAMEA104456006,45
SAMEA104455877,45
SAMEA104456206,45
SAMEA104456160,45
SAMEA114392641,309
SAMEA114407920,309
SAMEA10254543,309
SAMEA10254685,309
SAMEA114408048,309
SAMEA114407862,309
SAMEA114326260,309
SAMEA114036733,309
SAMEA114441497,309
SAMEA114392624,309
SAMEA114408424,309
SAMEA114408208,309
SAMEA114392640,309
SAMEA114392938,309
SAMEA114392935,309
SAMEA103953492,309
SAMEA114392875,309
SAMEA114408114,309
SAMEA10254885,309
SAMEA114392622,309
SAMEA114441334,309
SAMEA114332715,309
SAMEA114408431,309
SAMEA114408313,5
SAMEA102196918,5
SAMEA102178918,5
SAMEA102184168,5
SAMEA102217168,5
SAMEA114309454,198
SAMEA112824299,198
SAMEA112889719,198
SAMEA104155134,198
SAMEA114211955,198
SAMEA104035802,198
SAMEA112126364,198
SAMEA104154795,198
SAMEA114326447,198
SAMEA104035783,198
SAMEA104035782,198
SAMEA114313169,198
SAMEA114313216,198
SAMEA104038617,198
SAMEA104035963,198
SAMEA114441747,198
SAMEA114309389,198
SAMEA114520490,198
SAMEA1025717,173
SAMEA1025005,173
SAMEA114036837,173
SAMEA1025497,173
SAMEA1025948,173
SAMEA112486288,173
SAMEA1025401,173
SAMEA1028636,173
SAMEA1025208,173
SAMEA1025973,173
SAMEA1025262,173
SAMEA1028992,173
SAMEA1024975,173
SAMEA1025727,173
SAMEA1026135,173
SAMEA1028605,173
SAMEA1025418,173
SAMEA1025677,173
SAMEA112199489,191
SAMEA114313471,191
SAMEA104155084,191
SAMEA114341931,191
SAMEA114346198,191
SAMEA104154965,191
SAMEA114478886,191
SAMEA114346116,191
SAMEA114211957,191
SAMEA112824121,191
SAMEA114313542,191
SAMEA104035450,191
SAMEA114088755,191
SAMEA111503955,191
SAMEA112824128,191
SAMEA104141665,165
SAMEA1023915,165
SAMEA1023832,165
SAMEA104141790,165
SAMEA111378836,165
SAMEA1025131,165
SAMEA104141738,165
SAMEA114441774,165
SAMEA1024052,165
SAMEA1024558,165
SAMEA1025962,165
SAMEA1024747,165
SAMEA1024799,165
SAMEA104355999,236
SAMEA114408461,236
SAMEA104355906,236
SAMEA114441388,236
SAMEA114408317,236
SAMEA104355772,236
SAMEA114441315,236
SAMEA114441269,236
SAMEA104355637,236
SAMEA114407868,236
SAMEA102190168,121
SAMEA104035930,121
SAMEA114242318,133
SAMEA114242072,133
SAMEA10427980,133
SAMEA114309563,133
SAMEA114309545,133
SAMEA114309565,133
SAMEA1024607,154
SAMEA1024693,154
SAMEA1025369,154
SAMEA1029273,154
SAMEA1025278,154
SAMEA1024191,154
SAMEA1024003,154
SAMEA1024692,154
SAMEA1025332,154
SAMEA1025389,154
SAMEA1025598,154
SAMEA1024015,154
SAMEA1025259,154
SAMEA1024183,154
SAMEA1025461,154
SAMEA114313166,290
SAMEA104035844,290
SAMEA1022941,290
SAMEA104038593,290
SAMEA114313163,290
SAMEA114313181,290
SAMEA114313238,290
SAMEA104154964,290
SAMEA104035965,290
SAMEA1025324,166
SAMEA1028889,166
SAMEA1028929,166
SAMEA1025325,166
SAMEA1025370,166
SAMEA1028881,166
SAMEA1026082,166
SAMEA1024868,166
SAMEA1024713,166
SAMEA1026110,166
SAMEA1025856,166
SAMEA1026026,166
SAMEA1025200,166
SAMEA1025007,166
SAMEA1024679,166
SAMEA114408298,308
SAMEA114392654,308
SAMEA1026087,308
SAMEA114463259,308
SAMEA114408316,308
SAMEA1029444,308
SAMEA114392655,308
SAMEA10254910,308
SAMEA104355763,308
SAMEA1029127,308
SAMEA114463260,308
SAMEA114463264,308
SAMEA111503959,308
SAMEA1023775,32
SAMEA1025189,32
SAMEA1024862,32
SAMEA1024775,32
SAMEA114036908,32
SAMEA1023762,32
SAMEA1023823,32
SAMEA1023934,32
SAMEA1024840,32
SAMEA1023925,32
SAMEA114408500,32
SAMEA1025857,32
SAMEA1033640,218
SAMEA1033508,218
SAMEA1033566,218
SAMEA1033586,218
SAMEA104035557,237
SAMEA114211808,237
SAMEA114211874,237
SAMEA114313480,237
SAMEA111457419,237
SAMEA114313378,237
SAMEA114313447,237
SAMEA114309383,237
SAMEA114211818,237
SAMEA114313444,237
SAMEA114313348,237
SAMEA114326387,237
SAMEA114211805,237
SAMEA114211770,237
SAMEA114211868,237
SAMEA114211976,237
SAMEA114313493,237
SAMEA114346231,237
SAMEA114211718,237
SAMEA1032715,237
SAMEA114313427,237
SAMEA114211967,237
SAMEA114313479,237
SAMEA114313469,237
SAMEA114313433,237
SAMEA113533800,237
SAMEA1025736,172
SAMEA1028724,172
SAMEA1025710,172
SAMEA1024934,172
SAMEA1023874,172
SAMD00224642,172
SAMEA1024110,172
SAMD00224670,172
SAMEA1023911,172
SAMEA112486029,172
SAMEA1023767,172
SAMEA1023884,172
SAMEA1025750,172
SAMEA1024018,172
SAMEA114392933,222
SAMEA114441174,222
SAMEA114408042,222
SAMEA114408390,222
SAMEA114392633,222
SAMEA114441114,222
SAMEA114441246,222
SAMEA103953709,222
SAMEA114407881,222
SAMEA114375371,222
SAMEA114408241,222
SAMEA114408181,222
SAMEA103953732,222
SAMEA102254668,193
SAMEA102247918,193
SAMEA102238918,193
SAMEA102160168,193
SAMEA104154372,193
SAMEA104455766,169
SAMEA111378870,169
SAMEA104154866,169
SAMEA104154863,169
SAMEA114407972,176
SAMEA11305616,176
SAMEA104355814,176
SAMEA1033969,176
SAMEA114407973,176
SAMEA1033736,176
SAMEA104355907,176
SAMEA1029309,174
SAMEA1025821,174
SAMEA1024078,174
SAMEA1025984,174
SAMEA1028843,174
SAMEA1029191,174
SAMEA1023946,174
SAMEA1025068,174
SAMEA1029401,174
SAMEA1025038,174
SAMEA1025063,174
SAMEA1026253,174
SAMEA1025966,174
SAMEA1029264,174
SAMEA114309399,37
SAMEA114313237,37
SAMEA114313241,37
SAMEA114313239,37
SAMEA114313271,37
SAMEA114313227,37
SAMEA104154796,37
SAMEA114313155,37
SAMEA114313261,37
SAMEA114313236,37
SAMEA114313252,37
SAMEA114326406,37
SAMEA104154754,37
SAMEA104456029,160
SAMEA104456862,160
SAMEA104456841,160
SAMEA104455815,160
SAMEA104456106,160
SAMEA104456749,160
SAMEA104456755,160
SAMEA104456676,160
SAMEA104455938,160
SAMEA10427887,160
SAMEA104456550,160
SAMEA104456879,160
SAMEA104456893,160
SAMEA110664940,61
SAMEA110664895,61
SAMEA114309527,61
SAMEA114276619,61
SAMEA114375390,61
SAMEA114242008,61
SAMEA114375389,61
SAMEA110665825,61
SAMEA110665018,61
SAMEA110664942,61
SAMEA110664934,61
SAMEA110665524,61
SAMEA114375595,61
SAMEA110665830,61
SAMEA110665755,61
SAMEA114375473,61
SAMEA114375335,61
SAMEA114242285,61
SAMEA114375459,61
SAMEA110665832,61
SAMEA110665768,61
SAMEA110665366,61
SAMEA110665392,61
SAMEA110665868,61
SAMEA114375639,61
SAMEA114375485,61
SAMEA104355890,375
SAMEA104355929,375
SAMEA114392803,375
SAMEA114441119,375
SAMEA114408362,375
SAMEA104355618,375
SAMEA114392804,375
SAMEA104355699,375
SAMEA114408180,375
SAMEA114408447,375
SAMEA114241742,179
SAMEA114241873,179
SAMEA114241741,179
SAMEA114309668,179
SAMEA114276704,179
SAMEA114241802,179
SAMEA114309652,179
SAMEA10427880,179
SAMEA114242103,179
SAMEA10427931,179
SAMEA114242330,179
SAMEA114276703,179
SAMEA114309711,179
SAMEA114241769,179
SAMEA114276719,179
SAMEA114241943,179
SAMEA114326142,269
SAMEA114326120,269
SAMEA114345994,269
SAMEA114326310,269
SAMEA104154825,269
SAMEA114341780,269
SAMEA111457518,269
SAMEA114346191,269
SAMEA114346210,269
SAMEA114346236,269
SAMEA114346141,269
SAMEA114326266,269
SAMEA114211822,269
SAMEA114326236,269
SAMEA114326459,269
SAMEA114341924,269
SAMEA114346138,269
SAMEA114346206,269
SAMEA114211827,269
SAMEA10427298,159
SAMEA114241971,159
SAMEA114345928,159
SAMEA112486167,1017
SAMEA112486526,1017
SAMEA112486751,1017
SAMEA112486707,1017
SAMEA112486764,1017
SAMEA112486467,1017
SAMEA112486444,1017
SAMEA112486635,1017
SAMEA112486283,1017
SAMEA112486624,1017
SAMEA112486299,1017
SAMEA112485965,1017
SAMEA112485840,1017
SAMEA112486779,1017
SAMEA10254759,699
SAMEA114212089,699
SAMEA114212082,699
SAMEA114490040,699
SAMEA114490265,699
SAMEA114479047,699
SAMEA114520468,699
SAMEA112824242,699
SAMEA114479588,699
SAMEA114479504,699
SAMEA114442013,699
SAMEA114490176,699
SAMEA114479262,699
SAMEA114478991,699
SAMEA10254919,699
SAMEA114489993,699
SAMEA114212318,699
SAMEA112824285,699
SAMEA114490305,699
SAMEA114478844,699
SAMEA114228269,699
SAMEA114212134,699
SAMEA114441927,699
SAMEA112199506,699
SAMEA114229922,699
SAMEA114520633,699
SAMEA114441964,699
SAMEA110665033,102
SAMEA110665064,102
SAMEA10254659,102
SAMEA114242250,102
SAMEA114241912,102
SAMEA104355941,102
SAMEA110665016,102
SAMEA114309813,102
SAMEA112486603,279
SAMEA114036702,279
SAMEA112486604,279
SAMEA112486192,279
SAMEA112960684,279
SAMEA112960906,279
SAMEA112486226,279
SAMEA112960827,279
SAMEA112486339,279
SAMEA112960726,279
SAMEA112960689,279
SAMEA112486289,279
SAMEA112486602,279
SAMEA104141622,279
SAMEA112486440,279
SAMEA112486498,279
SAMEA112486337,279
SAMEA112486174,279
SAMD00602888,279
SAMEA104141900,279
SAMEA114088683,240
SAMEA102292168,240
SAMEA102285418,240
SAMEA114088688,240
SAMEA114375384,661
SAMEA114375708,661
SAMEA114375528,661
SAMEA114375483,661
SAMEA104403628,661
SAMEA114375396,661
SAMEA114375431,661
SAMEA110129256,661
SAMEA114375486,661
SAMEA114375610,661
SAMEA114375587,661
SAMEA114375705,661
SAMEA110129250,661
SAMEA112647424,277
SAMEA114408355,277
SAMEA1033684,277
SAMEA10254577,277
SAMEA10254694,277
SAMEA112824191,277
SAMEA104154870,331
SAMEA104455916,241
SAMEA104355991,241
SAMEA114408242,241
SAMEA104355757,241
SAMEA114463215,241
SAMEA112824336,241
SAMEA114309613,223
SAMEA1033686,223
SAMEA112753921,135
SAMEA1032443,135
SAMEA1029088,42
SAMEA1026112,42
SAMEA1026189,42
SAMEA1024538,42
SAMEA1024986,42
SAMEA1026139,42
SAMEA1024761,42
SAMEA1022909,42
SAMEA1025114,42
SAMEA1026056,42
SAMEA1024729,42
SAMEA1028780,42
SAMEA1028627,42
SAMEA1024749,42
SAMEA1024058,187
SAMEA1026047,187
SAMEA1025994,187
SAMEA1024174,187
SAMEA1025126,187
SAMEA1024094,187
SAMEA1025231,187
SAMEA1023717,187
SAMEA1025269,187
SAMEA1023802,187
SAMEA1025965,187
SAMEA1023984,187
SAMEA1025436,263
SAMEA1028909,263
SAMEA1028719,263
SAMD00224648,263
SAMD00224679,263
SAMEA1028858,263
SAMD00224650,263
SAMEA1025758,263
SAMD00224677,263
SAMD00224652,263
SAMD00224665,263
SAMD00224647,263
SAMEA1024946,263
SAMEA1025569,263
SAMEA1029043,263
SAMEA104355591,307
SAMEA10254546,307
SAMEA114441264,307
SAMEA103953557,307
SAMEA10254682,307
SAMEA103953536,307
SAMEA104355875,307
SAMEA103953549,307
SAMEA104355843,307
SAMEA103953560,307
SAMEA110665044,210
SAMEA110665976,210
SAMEA114375323,210
SAMEA110664998,210
SAMEA1094460,210
SAMEA110664969,210
SAMEA110665907,210
SAMEA110665005,210
SAMEA110665741,210
SAMEA1033588,210
SAMEA110665878,210
SAMEA1094441,210
SAMEA1094457,210
SAMEA104154317,302
SAMEA114375581,302
SAMEA114375504,302
SAMEA104154613,302
SAMEA114375549,302
SAMEA114375806,302
SAMEA114375420,302
SAMEA114375306,302
SAMEA1022900,136
SAMEA1022880,136
SAMEA1024859,222
SAMEA114408080,222
SAMEA1023887,222
SAMEA114408079,222
SAMEA1024156,222
SAMEA114408218,222
SAMEA1025970,222
SAMEA1023857,222
SAMEA1024780,222
SAMEA1024830,222
SAMEA1024656,222
SAMEA1023791,222
SAMEA1023858,222
SAMEA104154331,220
SAMEA102148168,220
SAMEA104035133,220
SAMEA104154394,220
SAMEA104154528,220
SAMEA114479274,220
SAMEA104154393,220
SAMEA114211916,299
SAMEA114478973,299
SAMEA114478974,299
SAMEA114088784,299
SAMEA114212264,299
SAMEA113533841,299
SAMEA114211956,299
SAMEA10427323,299
SAMEA104154397,234
SAMEA104141872,234
SAMEA112824333,234
SAMEA112889703,234
SAMEA112824305,234
SAMEA112889689,234
SAMEA104141641,234
SAMEA112889713,234
SAMEA114463291,485
SAMEA114408179,485
SAMEA114408031,485
SAMEA104355848,485
SAMEA104355775,485
SAMEA114408283,485
SAMEA114441463,485
SAMEA103953558,485
SAMEA114392874,485
SAMEA114408342,485
SAMEA104356021,485
SAMEA114441214,485
SAMEA114441213,485
SAMEA114408008,485
SAMEA104456548,199
SAMEA104456900,199
SAMEA104455904,199
SAMEA104456723,199
SAMEA104456344,199
SAMEA104456681,199
SAMEA104455824,199
SAMEA104455795,199
SAMEA104455762,199
SAMEA104456857,199
SAMEA104456840,199
SAMEA104456793,199
SAMEA104456758,199
SAMEA104222034,199
SAMEA1025191,177
SAMEA114036735,177
SAMEA111457517,177
SAMEA114408045,177
SAMEA114408280,177
SAMEA114441293,177
SAMEA1024887,177
SAMEA114441479,177
SAMEA102291418,1322;312
SAMEA114490316,1322;312
SAMEA104035659,1322;312
SAMEA112824166,1322;312
SAMEA112824254,1322;312
SAMEA114520442,1322;312
SAMEA104355779,1322;312
SAMEA112824168,1322;312
SAMEA104035119,1322;312
SAMEA114375551,862
SAMEA104403620,862
SAMEA114375682,862
SAMEA114375550,862
SAMEA112486394,806
SAMEA112486036,806
SAMEA112486483,806
SAMEA112486423,806
SAMEA112485882,806
SAMEA112486641,806
SAMEA112485958,806
SAMEA112486219,806
SAMEA112486003,806
SAMEA112485884,806
SAMEA112486015,806
SAMEA112486338,806
SAMEA103953419,336
SAMEA10254786,336
SAMEA103953530,336
SAMEA114375536,336
SAMEA1033704,336
SAMEA104355708,336
SAMEA1033613,336
SAMEA104154379,195
SAMEA104154297,195
SAMEA102268918,195
SAMEA104154350,195
SAMEA104355764,303
SAMEA104355963,303
SAMEA103953634,303
SAMEA104356035,303
SAMEA104356043,303
SAMEA103953527,303
SAMEA114241760,207
SAMEA114241986,207
SAMEA114309669,207
SAMEA114309698,207
SAMEA114276597,207
SAMEA10427156,207
SAMEA114242189,207
SAMEA114309637,207
SAMEA114345939,207
SAMEA114241920,207
SAMEA114309649,207
SAMEA114309696,207
SAMEA114309761,207
SAMEA114309722,207
SAMEA114309536,52
SAMEA114241840,52
SAMEA114242319,52
SAMEA114326130,1052;1075
SAMEA114326373,1052;1075
SAMEA114326340,1052;1075
SAMEA114341802,1052;1075
SAMEA114326413,1052;1075
SAMEA114341859,1052;1075
SAMEA114346173,1052;1075
SAMEA114341910,1052;1075
SAMEA114341842,1052;1075
SAMEA114326234,1052;1075
SAMEA114326106,1052;1075
SAMEA112486239,1031
SAMEA112486742,1031
SAMEA112486762,1031
SAMEA112486241,1031
SAMEA112486234,1031
SAMEA112485898,1031
SAMEA112486242,1031
SAMEA112485953,1031
SAMEA112486576,1031
SAMEA112486240,1031
SAMEA112486736,1031
SAMEA10254592,22
SAMEA103953739,22
SAMEA103953742,22
SAMEA103953738,22
SAMEA1032465,22
SAMEA114408341,22
SAMEA114441158,22
SAMEA114375350,22
SAMEA114407879,22
SAMEA103953703,22
SAMEA114392652,382
SAMEA114392568,382
SAMEA114441359,382
SAMEA114441542,382
SAMEA114441278,382
SAMEA114463201,382
SAMEA114408160,382
SAMEA114441248,382
SAMEA114392630,382
SAMEA114441403,382
SAMEA114408169,382
SAMEA114392696,382
SAMEA104154549,164
SAMEA114441191,445
SAMEA114408094,445
SAMEA10427074,445
SAMEA114392751,445
SAMEA114441510,445
SAMEA114392579,445
SAMEA10254781,445
SAMEA114408259,445
SAMEA114036757,628
SAMEA104154362,285
SAMEA104154520,285
SAMEA104154325,285
SAMEA104154309,285
SAMEA104154304,285
SAMEA104154504,285
SAMEA114211845,634
SAMEA114088690,634
SAMEA114211900,634
SAMEA114211786,634
SAMEA114211742,634
SAMEA114088635,634
SAMEA114211929,634
SAMEA114211716,634
SAMEA114088708,634
SAMEA114313478,634
SAMEA114211881,634
SAMEA10427203,182
SAMEA102169168,182
SAMEA102185668,182
SAMEA102178168,182
SAMEA110665969,190
SAMEA110665095,190
SAMEA1033820,190
SAMEA110665023,190
SAMEA110665856,190
SAMEA1026192,320
SAMEA1026168,320
SAMEA1025818,320
SAMEA1029121,320
SAMEA114036922,320
SAMEA104355732,565
SAMEA10254644,565
SAMEA114408352,565
SAMEA104355648,565
SAMEA104355587,565
SAMEA104355682,565
SAMEA10254877,565
SAMEA10254665,565
SAMEA104355651,565
SAMEA110666147,455
SAMEA110665101,455
SAMEA110665908,455
SAMEA110665791,455
SAMEA110665790,455
SAMEA110665097,455
SAMEA110665416,455
SAMEA110665824,455
SAMEA110665390,455
SAMEA110666161,455
SAMEA110665911,455
SAMEA110664888,455
SAMEA110666170,455
SAMEA110666133,455
SAMEA110666100,455
SAMEA110666132,455
SAMEA110665761,455
SAMEA110665747,455
SAMEA10254660,361
SAMEA104355700,361
SAMEA104355623,361
SAMEA104355628,361
SAMEA10254740,361
SAMEA10254648,361
SAMEA104355905,361
SAMEA104355973,361
SAMEA104355698,361
SAMEA104034482,211
SAMEA1025400,211
SAMEA1025602,211
SAMEA114309628,211
SAMEA114375398,211
SAMEA104034473,211
SAMEA1022845,211
SAMEA114211767,266
SAMEA114375778,266
SAMEA114313516,266
SAMEA114346179,266
SAMEA114326311,266
SAMEA114341942,266
SAMEA114346000,266
SAMEA114211877,266
SAMEA114346180,266
SAMEA114346183,266
SAMEA114211945,266
SAMEA114341894,266
SAMEA114313341,266
SAMEA114211771,266
SAMEA114490279,629
SAMEA114313230,896
SAMEA114408260,5
SAMEA114392851,5
SAMEA114392810,5
SAMEA114392664,5
SAMEA114392892,5
SAMEA114441371,5
SAMEA114392678,5
SAMEA114408324,5
SAMEA114375366,5
SAMEA114441402,5
SAMEA110665751,192
SAMEA110665770,192
SAMEA110665879,192
SAMEA110665831,192
SAMEA114276698,161
SAMEA114276708,161
SAMEA114276615,161
SAMEA114309731,276
SAMEA114309777,276
SAMEA114309776,276
SAMEA114242071,276
SAMEA10427934,276
SAMEA114276682,276
SAMEA104455878,276
SAMEA114242026,276
SAMEA114309716,276
SAMEA104455798,276
SAMEA114242048,276
SAMEA114242002,276
SAMEA114241766,276
SAMEA114309680,276
SAMEA1033864,201
SAMEA10427265,201
SAMEA114309537,201
SAMEA114276761,201
SAMEA114241964,201
SAMEA10427135,171
SAMEA1026816,157
SAMEA114407968,712
SAMEA114441172,712
SAMEA114441113,712
SAMEA114441171,712
SAMEA114392865,712
SAMEA10254728,712
SAMEA114407903,712
SAMEA114392752,642
SAMEA114441518,642
SAMEA103953691,642
SAMEA10254780,642
SAMEA114479177,642
SAMEA114407995,481
SAMEA114441201,481
SAMEA104141692,481
SAMEA114392730,481
SAMEA114441302,481
SAMEA114407907,481
SAMEA114441156,481
SAMEA114375342,481
SAMEA114392607,481
SAMEA114408205,481
SAMEA114313450,657
SAMEA114088658,657
SAMEA114088664,657
SAMEA114313506,657
SAMEA114212014,657
SAMEA114313257,657
SAMEA114088620,657
SAMEA114212025,657
SAMEA114212033,657
SAMEA114313235,657
SAMEA114346213,657
SAMEA114088630,657
SAMEA114313453,657
SAMEA104154753,231
SAMEA104154823,231
SAMEA104154706,231
SAMEA104154710,231
SAMEA1024851,283
SAMEA1023937,283
SAMEA1025491,283
SAMEA1025529,283
SAMEA114408488,283
SAMEA114408489,283
SAMEA103953664,283
SAMEA104355938,478
SAMEA114392634,478
SAMEA114392636,478
SAMEA114392635,478
SAMEA104355918,478
SAMEA104355927,478
SAMEA114441358,478
SAMEA104356022,478
SAMEA114375676,181
SAMEA114375687,181
SAMEA114479383,29
SAMEA104155107,29
SAMEA114088632,29
SAMEA104035773,29
SAMEA104154663,29
SAMEA114520385,29
SAMEA104035352,29
SAMEA114212171,29
SAMEA104035864,29
SAMEA1025281,293
SAMEA1025564,293
SAMEA1025761,293
SAMEA1026163,293
SAMEA1024614,293
SAMEA1028747,293
SAMEA1029398,293
SAMEA1024634,293
SAMEA1025988,319
SAMEA1028895,319
SAMEA1025911,319
SAMEA1024804,319
SAMEA1024950,319
SAMEA1028847,319
SAMEA114478864,313
SAMEA114479458,313
SAMEA114441846,313
SAMEA114212138,313
SAMEA114212056,313
SAMEA114212148,313
SAMEA104035441,313
SAMEA114478995,313
SAMEA104035834,313
SAMEA114520446,313
SAMEA114212041,313
SAMEA104035498,313
SAMEA104154507,520
SAMEA104154287,520
SAMEA104154420,520
SAMEA1026123,261
SAMEA10254516,261
SAMEA1025540,261
SAMEA1024575,261
SAMEA114392748,261
SAMEA1024846,261
SAMEA104355671,261
SAMEA1024648,261
SAMEA111457437,363
SAMEA111457503,363
SAMEA104154305,232
SAMEA104154294,232
SAMEA104154352,232
SAMEA114375589,869
SAMEA114375386,869
SAMEA114375718,869
SAMEA114375435,869
SAMEA114375563,869
SAMEA114375548,869
SAMEA114375292,869
SAMEA114375600,869
SAMEA104154719,204
SAMEA104154711,204
SAMEA104154667,204
SAMEA104154755,204
SAMEA114242195,254
SAMEA104456452,254
SAMEA104455772,254
SAMEA114309677,254
SAMEA10427047,254
SAMEA10427272,254
SAMEA104154909,200
SAMEA114241935,200
SAMEA104154954,200
SAMEA104141664,244
SAMEA104141860,244
SAMEA1028640,244
SAMEA1029325,244
SAMEA1029279,244
SAMEA1029227,244
SAMEA1024931,214
SAMEA1022780,214
SAMEA1023685,214
SAMEA1023876,214
SAMEA1023677,214
SAMEA1025214,214
SAMEA104141638,852
SAMEA104141853,852
SAMD00224672,852
SAMEA112486563,852
SAMEA104141887,852
SAMEA104141888,852
SAMEA104141857,852
SAMEA104141765,852
SAMEA114313162,18
SAMEA114313164,18
SAMEA114313154,18
SAMEA104154767,18
SAMD00224627,495
SAMEA10254645,495
SAMEA114375347,662
SAMEA10254884,662
SAMEA114392918,662
SAMEA103953659,662
SAMEA114392659,662
SAMEA114408263,662
SAMEA104355755,662
SAMEA114392657,662
SAMEA114408161,662
SAMEA114408003,662
SAMEA104154548,182
SAMEA104455908,255
SAMEA104456629,255
SAMEA10427186,255
SAMEA104455939,255
SAMEA104455983,255
SAMEA1026584,18
SAMEA10254666,253
SAMEA114408276,253
SAMEA1023880,253
SAMEA10254570,253
SAMEA10254934,253
SAMEA114441321,253
SAMEA104034739,197
SAMEA1028710,265
SAMEA1029318,265
SAMEA1024644,265
SAMEA1025785,265
SAMEA1025767,265
SAMEA1028789,265
SAMEA114375679,864
SAMEA114375564,864
SAMEA114375794,864
SAMEA114375663,864
SAMEA114375524,864
SAMEA114407913,498
SAMEA114392818,498
SAMEA114408310,498
SAMEA114407916,498
SAMEA114408334,498
SAMEA114408104,498
SAMEA114392836,498
SAMEA114463258,498
SAMEA104355967,219
SAMEA114520349,323
SAMEA112824349,323
SAMEA113533781,323
SAMEA111351996,323
SAMEA112824132,323
SAMEA1024105,401
SAMEA1024210,401
SAMEA1024046,401
SAMEA1023973,401
SAMEA1024542,401
SAMEA1023800,401
SAMEA103953686,236
SAMEA10254629,236
SAMEA103953662,236
SAMEA10254801,236
SAMEA103953723,236
SAMEA103953607,236
SAMEA104035625,262
SAMEA104155022,262
SAMEA104035241,262
SAMEA104155016,262
SAMEA104035767,262
SAMEA104038603,262
SAMEA104154729,249
SAMEA104154805,249
SAMEA104154676,249
SAMEA103953528,559
SAMEA103953535,559
SAMEA103953543,559
SAMEA103953568,559
SAMEA112486181,553
SAMEA112486478,553
SAMEA112486586,553
SAMD00224625,553
SAMEA112486566,553
SAMD00224630,553
SAMEA112486169,553
SAMEA112486610,553
SAMEA112486588,553
SAMEA112485860,553
SAMEA112485886,553
SAMEA111378860,584
SAMEA104035451,584
SAMEA111378892,584
SAMEA114036756,248
SAMEA104142020,248
SAMEA1025589,248
SAMEA114407914,492
SAMEA114441285,492
SAMEA114392586,492
SAMEA114392585,492
SAMEA114407901,492
SAMEA114441329,492
SAMEA10254770,492
SAMEA114441521,492
SAMEA110664970,202
SAMEA1033547,540
SAMEA114407948,497
SAMEA114408144,497
SAMEA103953673,497
SAMEA114408435,497
SAMEA114441464,497
SAMEA114392896,497
SAMEA1026400,315
SAMEA1026644,315
SAMEA104034585,291
SAMEA104034556,291
SAMEA104034587,291
SAMEA104034516,291
SAMEA104034628,291
SAMEA114375266,891
SAMEA114375482,891
SAMEA114375574,891
SAMEA114375429,891
SAMEA114375261,891
SAMEA114375517,891
SAMEA114375381,891
SAMEA114375313,891
SAMEA114375438,891
SAMEA104356019,810
SAMEA104355609,655
SAMEA104355997,655
SAMEA104355746,655
SAMEA104355867,655
SAMEA114212054,587
SAMEA114479425,587
SAMEA114441894,587
SAMEA114479103,587
SAMEA112824198,587
SAMEA114520713,587
SAMEA114479315,587
SAMEA114489952,587
SAMEA111351801,587
SAMEA112199496,587
SAMEA103953434,309
SAMEA103953719,309
SAMEA103953632,309
SAMEA103953616,309
SAMEA103953702,309
SAMEA103953589,639
SAMEA103953565,639
SAMEA103953539,639
SAMEA104141974,69
SAMEA104141564,69
SAMEA104141899,69
SAMEA104141904,69
SAMEA114441207,371
SAMEA114441511,371
SAMEA114408430,371
SAMEA114441281,371
SAMEA10254788,371
SAMEA103953500,371
SAMEA112299476,371
SAMEA10254600,371
SAMEA104355659,636
SAMD00085768,391
SAMD00602882,391
SAMEA104154806,391
SAMEA114036878,391
SAMEA104355863,648
SAMEA110665210,648
SAMEA103953714,648
SAMEA110665109,648
SAMEA103953700,648
SAMEA114441165,648
SAMEA1033798,335
SAMEA114407953,335
SAMEA104355647,335
SAMEA114346009,175
SAMEA114088764,267
SAMEA114313409,267
SAMEA114211756,267
SAMEA1028833,294
SAMEA1024756,294
SAMEA1025027,294
SAMEA1025056,294
SAMEA1025417,294
SAMEA1028742,292
SAMEA1024930,292
SAMEA1023744,292
SAMEA1028772,292
SAMEA1023893,292
SAMEA104141568,853
SAMEA104141636,853
SAMEA104141635,853
SAMEA104141537,853
SAMEA104141562,853
SAMEA104035973,26
SAMEA104154893,26
SAMEA104038562,26
SAMEA104038559,26
SAMEA114441522,784
SAMEA114408078,784
SAMEA114408092,784
SAMEA114276569,784
SAMEA114463200,784
SAMEA104154834,16
SAMEA104154769,16
SAMEA104154820,16
SAMEA104154808,16
SAMEA104141652,389
SAMEA104141698,389
SAMEA104141822,389
SAMEA104141658,389
SAMEA104035279,286
SAMEA114441888,286
SAMEA104035391,286
SAMEA104155057,286
SAMEA104035869,286
SAMEA114490079,581
SAMEA114479091,581
SAMEA114212103,581
SAMEA114229929,581
SAMEA114520306,581
SAMEA114490107,581
SAMEA104155053,581
SAMEA114212186,581
SAMEA114276630,305
SAMEA114228342,305
SAMEA114228334,305
SAMEA114242145,305
SAMEA114242166,305
SAMEA114309821,194
SAMEA104154524,256
SAMEA1026506,316
SAMEA1026491,316
SAMEA1026462,316
SAMEA10427291,242
SAMEA1033808,270
SAMEA112486819,1002
SAMEA112960870,1002
SAMEA112960888,1002
SAMEA1094435,579
SAMEA1094463,579
SAMEA1094462,579
SAMEA1022803,579
SAMEA1023688,264
SAMEA1024143,264
SAMEA1023781,264
SAMEA114313288,716
SAMEA114313321,716
SAMEA114313322,716
SAMEA1022951,716
SAMEA114211972,716
SAMEA114313299,716
SAMEA114211775,716
SAMEA103953534,651
SAMEA103953559,651
SAMEA103953641,651
SAMEA103953512,651
SAMEA1028919,287
SAMEA1025791,287
SAMEA1025480,287
SAMEA1025726,287
SAMEA114408396,509
SAMEA114408174,509
SAMEA114407832,337
SAMEA114408066,337
SAMEA114407951,337
SAMEA114407959,337
SAMEA114408385,459
SAMEA103953685,459
SAMEA114441367,459
SAMEA10254552,459
SAMEA114408088,459
SAMEA10427637,271
SAMEA10427408,238
SAMEA104154446,410
SAMEA104154886,410
SAMEA112824145,1060
SAMEA113533792,1060
SAMEA112824092,1060
SAMEA112824113,1060
SAMEA112486011,1039
SAMEA112486138,1039
SAMEA112486119,1039
SAMEA112486026,1039
SAMEA1028651,42
SAMEA1028737,42
SAMEA1028993,42
SAMEA1029256,42
SAMD00224631,49
SAMEA1025890,49
SAMEA1024698,49
SAMEA1023958,49
SAMEA1024908,318
SAMEA1024177,318
SAMEA1024787,318
SAMEA1023811,318
SAMEA114441340,910
SAMEA11305622,910
SAMEA11305615,910
SAMEA11305607,910
SAMEA11305609,910
SAMEA114392599,906
SAMEA114408286,906
SAMEA114408197,906
SAMEA114441325,906
SAMEA114375716,883
SAMEA114375717,883
SAMEA104403621,881
SAMEA1026261,317
SAMEA104141923,317
SAMEA1023693,317
SAMEA114345991,824
SAMEA113533821,824
SAMEA114313464,824
SAMEA114346098,824
SAMEA114326107,824
SAMEA114313465,824
SAMEA114346113,824
SAMEA114313259,715
SAMEA114309397,715
SAMEA114313190,715
SAMEA114313345,715
SAMEA114309404,715
SAMEA114313187,715
SAMEA104356039,485
SAMEA104356006,485
SAMEA104355872,485
SAMEA104355861,485
SAMEA104355922,672
SAMEA104355758,672
SAMEA104356024,672
SAMEA114407872,672
SAMEA1023835,400
SAMEA1025168,400
SAMEA1025044,400
SAMEA104035534,62
SAMEA104155095,62
SAMEA114490152,62
SAMEA104155076,62
SAMEA104154784,311
SAMEA104154724,311
SAMEA104154759,311
SAMEA104154735,311
SAMEA102141418,646
SAMEA104154375,646
SAMEA104154408,646
SAMEA104154660,289
SAMEA104154673,289
SAMEA104154728,289
SAMEA111457377,518
SAMEA111457367,518
SAMEA114276570,201
SAMEA114276613,201
SAMEA114276603,201
SAMEA114242039,201
SAMEA114241768,201
SAMEA10427963,194
SAMEA10427333,194
SAMEA114241983,194
SAMEA114375316,281
SAMEA114375326,281
SAMEA114441263,678
SAMEA10254520,678
SAMEA114408445,678
SAMEA104355754,678
SAMEA114241992,243
SAMEA102166918,333
SAMEA114242038,352
SAMEA114309606,352
SAMEA10427079,352
SAMEA114309605,352
SAMEA104455927,13
SAMEA114441266,1066
SAMEA114441393,1066
SAMEA114408418,1066
SAMEA114441220,1066
SAMEA114326344,1059
SAMEA114313574,1059
SAMEA114326199,1059
SAMEA114375319,876
SAMEA114375652,876
SAMEA114375288,885
SAMEA114375415,885
SAMEA114375616,885
SAMEA114441879,583
SAMEA114441809,583
SAMEA112824281,583
SAMEA104035177,583
SAMEA114520356,583
SAMEA114441790,583
SAMEA103953507,703
SAMEA114441244,703
SAMEA103953697,703
SAMEA104154637,574
SAMEA114346013,574
SAMEA104154779,574
SAMEA111457423,574
SAMEA114313254,567
SAMEA114313255,567
SAMEA114441971,567
SAMEA114375657,670
SAMEA114375805,670
SAMEA114375804,670
SAMEA104155009,383
SAMEA103953610,507
SAMEA103953674,507
SAMEA104355950,507
SAMEA103953583,486
SAMEA114392739,486
SAMEA114441433,486
SAMEA104355768,486
SAMEA102175918,23
SAMEA102270418,23
SAMEA102253168,23
SAMEA104035861,585
SAMEA10254626,364
SAMEA10254874,364
SAMEA102173668,359
SAMEA1033524,353
SAMEA114408285,1073
SAMEA114441387,1073
SAMEA114408009,1073
SAMEA114408335,1073
SAMEA114326119,1067
SAMEA114326229,1067
SAMEA114326153,1067
SAMEA114313201,1068
SAMEA114313200,1068
SAMEA114313203,1068
SAMEA114375490,1057
SAMEA112486634,1030
SAMEA112486693,1030
SAMEA112486675,1030
SAMEA1029196,279
SAMEA1029207,279
SAMEA1029429,279
SAMEA1028961,346
SAMEA1029145,346
SAMEA1028924,346
SAMEA1028671,608
SAMEA1024592,608
SAMEA1028899,608
SAMEA1025210,42
SAMEA1025431,42
SAMEA1025016,42
SAMEA1022792,837
SAMEA1022781,837
SAMEA1022916,837
SAMEA1022931,837
SAMEA1022841,837
SAMEA114392820,909
SAMEA114392704,909
SAMEA114392705,909
SAMD00085788,907
SAMD00085814,907
SAMEA114407864,907
SAMEA114408123,907
SAMEA104141657,858
SAMEA104142017,858
SAMEA104141865,858
SAMEA104355778,808
SAMEA114212187,396
SAMEA114520315,396
SAMEA104035577,396
SAMEA104035743,396
SAMEA104154994,344
SAMEA104035148,344
SAMEA104035735,344
SAMEA104154911,185
SAMEA104035911,185
SAMEA104035758,185
SAMEA104154939,343
SAMEA104155012,343
SAMEA104155080,343
SAMEA114313436,702
SAMEA104154766,702
SAMEA114341854,702
SAMEA114313382,702
SAMEA104154773,394
SAMEA104154798,394
SAMEA104355933,694
SAMEA1033653,538
SAMEA110665120,538
SAMEA110666118,538
SAMEA110666119,538
SAMEA114479105,532
SAMEA104155096,532
SAMEA114441307,293
SAMEA114392610,293
SAMEA114441366,293
SAMEA104154315,377
SAMEA104154402,377
SAMEA10254772,496
SAMEA114392615,490
SAMEA114408182,490
SAMEA114392613,490
SAMEA114441316,490
SAMEA114392841,488
SAMEA114407834,488
SAMEA103953411,488
SAMEA1033954,171
SAMEA112199492,736
SAMEA112824114,736
SAMEA112824164,736
SAMEA112824239,736
SAMEA104355751,660
SAMEA104355649,660
SAMEA104154456,437
SAMEA104154348,437
SAMEA112647517,437
SAMEA114345925,425
SAMEA112824311,425
SAMEA10427420,425
SAMEA114392718,420
SAMEA114211903,420
SAMEA114211917,420
SAMEA114088786,420
SAMEA104141761,381
SAMEA104141762,381
SAMEA114036857,321
SAMD00267521,321
SAMEA10254563,1092
SAMEA11305613,1092
SAMEA114408264,1092
SAMEA11305614,1092
SAMEA112486711,1036
SAMEA112486692,1036
SAMEA1022885,404
SAMEA1025101,404
SAMEA1025137,404
SAMEA1022842,345
SAMEA1024783,345
SAMEA1025095,345
SAMEA1025506,616
SAMEA1024075,616
SAMEA104355592,710
SAMEA104355629,710
SAMEA104355752,807
SAMEA112486547,628
SAMEA103953682,706
SAMEA104355615,706
SAMEA112824178,395
SAMEA104154924,395
SAMEA104035312,395
SAMEA102189418,700
SAMEA104154300,700
SAMEA104154666,341
SAMEA104154842,341
SAMEA104141832,340
SAMEA114478962,385
SAMEA114441899,385
SAMEA104035307,385
SAMEA111378866,690
SAMEA110129218,690
SAMEA111378851,690
SAMEA111378881,666
SAMEA111378863,666
SAMEA104356001,494
SAMEA104355625,494
SAMEA114408466,479
SAMEA114036794,663
SAMEA114036916,663
SAMEA114375668,536
SAMEA114375412,367
SAMEA114375744,367
SAMEA114309530,280
SAMEA114520664,365
SAMEA104035437,126
SAMEA114520557,126
SAMEA114520342,126
SAMEA114313175,322
SAMEA110129185,411
SAMEA111378879,411
SAMEA1023974,NA
SAMEA1024732,NA
SAMEA1024627,NA
SAMEA1024888,NA
SAMD00224678,1343
SAMD00224675,1343
SAMD00224653,1344
SAMD00224658,1344
SAMEA11305588,1274
SAMEA114375280,1229
SAMEA114375573,1229
SAMEA114036886,1230
SAMEA114036783,1230
SAMEA112960720,1231
SAMEA112960812,1231
SAMEA11305618,1091
SAMEA11305623,1091
SAMEA114408165,1091
SAMEA114408479,1072
SAMEA114408478,1072
SAMEA114441234,1074
SAMEA114463267,1074
SAMEA114313232,1076
SAMEA114313287,1076
SAMEA114241901,1077
SAMEA114309370,1077
SAMEA114313251,1078
SAMEA113533820,1078
SAMEA112824196,1080
SAMEA111457549,1080
SAMEA112486057,1037
SAMEA112485967,1037
SAMEA112485828,1033
SAMEA112485952,1033
SAMEA112486136,1032
SAMEA112485871,1032
SAMEA111378904,1025
SAMEA10427403,1025
SAMEA1029451,42
SAMEA1029385,42
SAMEA1028916,406
SAMEA1029018,406
SAMEA1026054,405
SAMEA1028715,405
SAMEA1024721,403
SAMEA1024765,403
SAMEA1025084,214
SAMEA1024556,214
SAMEA1023817,402
SAMEA1024549,402
SAMEA10254581,939
SAMEA1024025,398
SAMEA114375308,91
SAMEA104141959,849
SAMEA104141791,849
SAMEA104356045,711
SAMEA104355633,711
SAMEA104355683,709
SAMEA104355936,709
SAMEA103953608,705
SAMEA103953663,705
SAMEA103953623,704
SAMEA103953655,704
SAMEA103953533,790
SAMEA104141908,554
SAMEA114036891,554
SAMEA114392725,339
SAMEA114392742,339
SAMEA103953427,112
SAMEA102226918,669
SAMEA111378889,667
SAMEA114441343,508
SAMEA114241810,506
SAMEA114242066,506
SAMEA114408270,500
SAMEA11305591,247
SAMEA11305590,247
SAMEA114392628,374
SAMEA114441362,374
SAMEA10427696,747
SAMEA112768471,747
SAMEA112768472,747
SAMEA114036641,683
SAMEA114036814,683
SAMEA114036887,682
SAMEA114036671,682
SAMEA1022802,741
SAMEA1022823,741
SAMEA104034479,691
SAMEA114520419,390
SAMEA110665060,NA
SAMEA110665040,NA
SAMEA110665426,NA
SAMEA1022948,NA
SAMEA1022956,NA
SAMEA114466248,NA
SAMEA112126381,1129
SAMEA114441505,1090
SAMEA114441410,1090
SAMEA114408206,1096
SAMEA10254624,1096
SAMEA114392680,1099
SAMEA114441205,1099
SAMEA111378841,1004
SAMEA111378893,1019
SAMEA112824338,316
SAMEA112654029,316
SAMEA1028863,617
SAMEA1029124,617
SAMEA1025484,615
SAMEA114490336,930
SAMEA114479298,930
SAMEA104456093,45
SAMEA104455943,45
SAMEA1026839,620
SAMEA114392706,915
SAMEA114375695,887
SAMEA114313263,826
SAMEA114088653,826
SAMEA104355582,22
SAMEA104154731,576
SAMEA104154848,701
SAMEA104154623,392
SAMEA104155054,384
SAMEA104154605,516
SAMEA10254876,990
SAMEA114392596,990
SAMEA103953584,487
SAMEA10254536,373
SAMEA104460821,473
SAMEA114241929,49
SAMEA114241836,49
SAMEA114313256,686
SAMEA104154444,684
SAMEA104355818,454
SAMEA104154903,441
SAMEA114241841,429
SAMEA10427897,429
SAMEA11305593,NA
SAMEA11305594,NA
SAMEA1022791,NA
SAMEA1022800,NA
SAMEA1022767,NA
SAMEA1022798,NA
SAMD00267515,NA
SAMD00267516,NA
SAMD00602890,NA
SAMD00110681,NA
SAMEA11305586,1405
SAMD00224661,1408
SAMD00224649,1409
SAMEA10254796,1289
SAMEA10254756,1290
SAMEA10254575,1291
SAMEA10254574,1292
SAMEA10254549,1293
SAMEA114520702,1261
SAMEA114490375,1262
SAMEA114408446,1263
SAMEA114408482,1264
SAMEA114478933,1265
SAMEA114441942,1267
SAMEA114489994,1268
SAMEA114463261,1269
SAMEA114392581,1271
SAMEA114392832,1272
SAMEA114408455,1094
SAMEA114407988,1095
SAMEA114441470,1097
SAMEA114441262,1098
SAMEA114326463,1100
SAMEA114313556,1101
SAMEA114375613,1102
SAMEA114375588,1103
SAMEA114345976,1104
SAMEA114242228,1105
SAMEA114313189,1107
SAMEA114229906,1108
SAMEA111457499,1109
SAMEA111457540,1110
SAMEA114375272,1113
SAMEA111378902,1041
SAMEA111378901,1042
SAMEA111378896,1044
SAMEA111378884,1046
SAMEA111378872,1048
SAMEA112486367,1035
SAMEA112486735,1040
SAMEA112486448,1034
SAMEA111378838,1015
SAMEA10428074,1023
SAMEA10428038,1024
SAMEA10427029,1026
SAMEA10427163,1027
SAMEA1028778,66
SAMEA1028862,618
SAMEA1029405,843
SAMEA1032650,601
SAMEA1034000,842
SAMEA1025754,66
SAMEA1025992,614
SAMEA1022821,841
SAMEA1025811,613
SAMEA1025956,612
SAMEA1025630,42
SAMEA1025546,611
SAMEA1025112,42
SAMEA1024711,609
SAMEA1024073,345
SAMEA1023660,606
SAMEA1023739,950
SAMEA1023996,605
SAMEA1020361,840
SAMEA1020765,839
SAMEA1026434,619
SAMEA1020416,838
SAMEA10254531,976
SAMEA104034478,981
SAMEA104141530,856
SAMEA104141573,855
SAMEA104141803,851
SAMEA104141795,850
SAMEA104355948,321
SAMEA104355930,203
SAMEA104356016,91
SAMEA104356004,809
SAMEA104355761,272
SAMEA104035888,586
SAMEA104034888,590
SAMEA104038581,793
SAMEA104034485,9
SAMEA103953635,9
SAMEA103953619,792
SAMEA103953414,236
SAMEA103953477,791
SAMEA102198418,11
SAMEA102145168,789
SAMEA104155031,580
SAMEA104154740,393
SAMEA104154739,577
SAMEA104154871,787
SAMEA104154692,393
SAMEA104154657,575
SAMEA104154527,84
SAMEA104154574,786
SAMEA104154418,785
SAMEA114490323,569
SAMD00085762,777
SAMEA114313179,541
SAMEA111378882,758
SAMEA10427343,527
SAMEA114463256,510
SAMEA114309675,469
SAMEA10427553,456
SAMEA10254809,732
SAMEA112126366,226
SAMEA112126368,NA
SAMEA111378852,NA
SAMEA111351909,NA
SAMEA110666106,NA
SAMEA104285107,NA
SAMEA104285106,NA
SAMEA104285105,NA
SAMEA104138604,NA
SAMEA1033537,NA
SAMEA1025850,NA
SAMEA1022939,NA
SAMEA1020278,NA
SAMD00182594,NA
SAMD00085760,NA
