sample_id,true_serotype,true_serogroup,ALLCAPS,ProkBERT,benchmark
SRR26931333,8,8,8,8,GPS benchmark
SRR26673471,19A,19,19A,19A,GPS benchmark
ERR979905,19A,19,19A,19A,GPS benchmark
ERR730234,10A,10,10A,10A,GPS benchmark
ERR1202491,23F,23,23F,23F,GPS benchmark
SRR26797944,3,3,3,3,GPS benchmark
ERR3227796,19F,19,19F,19F,GPS benchmark
ERR1202425,3,3,3,3,GPS benchmark
SRR26818646,8,8,8,8,GPS benchmark
ERR730145,34,34,34,34,GPS benchmark
ERR701869,6A,6,6A,6A,GPS benchmark
ERR505639,14,14,14,14,GPS benchmark
SRR26749318,22F,22,22F,22F,GPS benchmark
SRR26672759,23A,23,23A,23A,GPS benchmark
ERR2667549,5,5,5,5,GPS benchmark
ERR1453654,11A,11,11A,11E,GPS benchmark
ERR1065378,19A,19,19A,19A,GPS benchmark
ERR1788368,14,14,14,14,GPS benchmark
ERR909121,17F,17,17F,17F,GPS benchmark
SRR26789254,10A,10,10A,10A,GPS benchmark
ERR913213,19F,19,19F,19F,GPS benchmark
ERR1065498,17F,17,17F,17F,GPS benchmark
SRR26910923,12F,12,12F,12F,GPS benchmark
SRR26883972,8,8,8,8,GPS benchmark
SRR26880231,8,8,8,8,GPS benchmark
ERR14653975,6B,6,6A,6A,GPS benchmark
ERR1065349,11A,11,11A,11A,GPS benchmark
ERR1106757,15A,15,15A,15A,GPS benchmark
SRR26880386,3,3,3,3,GPS benchmark
SRR26818319,9N,9,9N,9N,GPS benchmark
ERR1191943,6A,6,6A,6A,GPS benchmark
SRR26883996,8,8,8,8,GPS benchmark
ERR1453623,6B,6,6B,6E,GPS benchmark
ERR1202133,20A,20,20A,20A,GPS benchmark
SRR26672922,3,3,3,3,GPS benchmark
SRR26818576,3,3,3,3,GPS benchmark
ERR2667830,11A,11,11A,11A,GPS benchmark
ERR2089311,18C,18,18C,18C,GPS benchmark
ERR884371,19F,19,19F,19F,GPS benchmark
SRR26817799,8,8,8,8,GPS benchmark
SRR26834008,9N,9,9N,9N,GPS benchmark
SRR26931756,8,8,8,8,GPS benchmark
ERR1214592,23F,23,23F,23F,GPS benchmark
ERR13374671,33F,33,33F,33F,GPS benchmark
ERR1638463,3,3,3,3,GPS benchmark
SRR26879914,8,8,8,8,GPS benchmark
SRR26714589,12F,12,12F,12F,GPS benchmark
ERR979957,19F,19,19F,19F,GPS benchmark
ERR845739,35F,35,35F,35F,GPS benchmark
ERR1214609,35C,35,35C,35C,GPS benchmark
ERR13366082,11B,11,11B,11B,GPS benchmark
SRR26749685,8,8,8,8,GPS benchmark
SRR26594809,17F,17,17F,17F,GPS benchmark
SRR26817736,16F,16,16F,16F,GPS benchmark
SRR26884345,19A,19,19A,19A,GPS benchmark
SRR26673621,8,8,8,8,GPS benchmark
ERR751016,19F,19,19F,19F,GPS benchmark
SRR26884234,10A,10,10A,10A,GPS benchmark
ERR1202454,23F,23,23F,23F,GPS benchmark
ERR2667518,27,27,27,27,GPS benchmark
ERR742520,4,4,4,4,GPS benchmark
ERR742372,6C,6,6C,6C,GPS benchmark
ERR1066353,7C,7,7C,7C,GPS benchmark
ERR3796772,24F,24,24F,24F,GPS benchmark
ERR925079,16F,16,16F,16F,GPS benchmark
ERR774099,6A,6,6A,6A,GPS benchmark
ERR425405,14,14,14,14,GPS benchmark
SRR26817780,3,3,3,3,GPS benchmark
ERR1453535,6B,6,6A,6A,GPS benchmark
SRR26930274,31,31,31,31,GPS benchmark
ERR449165,18C,18,18C,18C,GPS benchmark
SRR26910453,15A,15,15A,15A,GPS benchmark
ERR13365328,6C,6,6C,6C,GPS benchmark
SRR26673249,8,8,8,8,GPS benchmark
SRR26749969,23B,23,23B,23B,GPS benchmark
ERR714403,1,1,1,1,GPS benchmark
ERR925105,31,31,31,31,GPS benchmark
ERR316640,18C,18,18C,18C,GPS benchmark
SRR26714971,8,8,8,8,GPS benchmark
ERR3831144,24F,24,24F,24F,GPS benchmark
SRR26878331,9N,9,9N,9N,GPS benchmark
ERR925227,4,4,4,4,GPS benchmark
SRR26834287,3,3,3,3,GPS benchmark
SRR26789865,8,8,8,8,GPS benchmark
SRR26797243,8,8,8,8,GPS benchmark
ERR1422598,19A,19,19A,19A,GPS benchmark
SRR26797642,8,8,8,8,GPS benchmark
ERR730902,16F,16,16F,16F,GPS benchmark
SRR26714144,20B,20,20B,20B,GPS benchmark
ERR2681130,6A,6,6A,6A,GPS benchmark
SRR26879599,9N,9,9N,9N,GPS benchmark
SRR26878695,35F,35,35F,35F,GPS benchmark
ERR2091226,14,14,14,14,GPS benchmark
SRR26817975,7C,7,7C,7C,GPS benchmark
SRR26834082,38,38,38,38,GPS benchmark
ERR913223,9V,9,9V,9V,GPS benchmark
ERR600139,38,38,38,25F,GPS benchmark
ERR1202356,6A,6,6A,6A,GPS benchmark
SRR26884391,8,8,8,8,GPS benchmark
ERR3270809,6A,6,6A,6A,GPS benchmark
ERR862451,16F,16,16F,16F,GPS benchmark
SRR26797303,8,8,8,8,GPS benchmark
SRR26930163,19A,19,19A,19A,GPS benchmark
SRR26714725,23B,23,23B,23B,GPS benchmark
SRR26789437,11A,11,11A,11D,GPS benchmark
ERR774139,6A,6,6A,6A,GPS benchmark
ERR3303239,23F,23,23F,23F,GPS benchmark
SRR26880426,3,3,3,3,GPS benchmark
ERR984284,10A,10,10A,10A,GPS benchmark
ERR1540720,14,14,14,14,GPS benchmark
SRR26877910,19A,19,19A,19A,GPS benchmark
SRR26884552,31,31,31,31,GPS benchmark
SRR26749892,8,8,8,8,GPS benchmark
ERR501475,7F,7,7F,7F,GPS benchmark
ERR714541,1,1,1,1,GPS benchmark
ERR3270822,17F,17,17F,17F,GPS benchmark
SRR26883964,8,8,8,8,GPS benchmark
ERR13364597,9V,9,9V,9V,GPS benchmark
ERR750766,5,5,5,5,GPS benchmark
ERR433695,18C,18,18C,18C,GPS benchmark
ERR13364813,19F,19,19F,19F,GPS benchmark
SRR26797868,6C,6,6C,6C,GPS benchmark
SRR26834046,3,3,3,3,GPS benchmark
ERR568447,1,1,1,1,GPS benchmark
ERR980054,9V,9,9V,9V,GPS benchmark
ERR1202509,4,4,4,4,GPS benchmark
ERR773904,19A,19,19A,19A,GPS benchmark
SRR26834261,10A,10,10A,10A,GPS benchmark
ERR316607,9V,9,14,12B,GPS benchmark
ERR870231,33F,33,33F,33F,GPS benchmark
ERR2089419,24F,24,24F,24F,GPS benchmark
SRR26833880,11A,11,11A,9L,GPS benchmark
SRR26714939,19A,19,19A,19A,GPS benchmark
ERR750799,6C,6,6C,6D,GPS benchmark
ERR774477,19A,19,19A,19A,GPS benchmark
ERR1658086,34,34,34,34,GPS benchmark
SRR26878467,9N,9,9N,9N,GPS benchmark
SRR26789386,35B,35,35B,35D,GPS benchmark
ERR505747,19A,19,19A,29,GPS benchmark
SRR26911030,7C,7,7C,7C,GPS benchmark
ERR2091237,1,1,1,1,GPS benchmark
ERR714384,7F,7,7F,7F,GPS benchmark
ERR979995,6A,6,6A,6A,GPS benchmark
SRR26930986,16F,16,16F,4,GPS benchmark
ERR884553,23F,23,23F,23F,GPS benchmark
ERR876469,14,14,14,14,GPS benchmark
ERR1106709,38,38,38,38,GPS benchmark
SRR26931674,8,8,8,8,GPS benchmark
ERR2667382,6B,6,6A,6A,GPS benchmark
ERR870251,13,13,13,13,GPS benchmark
ERR1066017,6A,6,6A,6A,GPS benchmark
ERR2680811,23F,23,23F,23F,GPS benchmark
ERR2090901,5,5,5,5,GPS benchmark
SRR26594873,8,8,8,8,GPS benchmark
SRR26789321,9N,9,9N,9N,GPS benchmark
ERR774019,7C,7,7C,7C,GPS benchmark
ERR1106801,23B,23,23B,23B,GPS benchmark
SRR26789821,23A,23,23A,23A,GPS benchmark
ERR2089355,33D,33,33D,33D,GPS benchmark
ERR449193,4,4,4,4,GPS benchmark
SRR26789450,8,8,8,8,GPS benchmark
ERR4501395,19A,19,19A,19A,GPS benchmark
ERR730575,6B,6,6B,6B,GPS benchmark
SRR26931296,22F,22,22F,22F,GPS benchmark
SRR26818280,7C,7,7C,7C,GPS benchmark
ERR13365795,23B,23,23B,23B,GPS benchmark
ERR980118,11A,11,11A,11A,GPS benchmark
ERR884473,39,39,39,39,GPS benchmark
ERR568706,18C,18,18C,18B,GPS benchmark
SRR26673052,35B,35,35B,35B,GPS benchmark
SRR26749696,12F,12,12F,12F,GPS benchmark
ERR1214395,15A,15,15A,15A,GPS benchmark
ERR13365708,4,4,4,4,GPS benchmark
SRR26930594,23B,23,23B,23B,GPS benchmark
ERR3796850,24F,24,24F,24A,GPS benchmark
SRR26930956,10A,10,10A,10A,GPS benchmark
ERR1836940,28A,28,28A,28A,GPS benchmark
ERR13365307,9N,9,9N,9N,GPS benchmark
ERR3796488,14,14,14,14,GPS benchmark
ERR862383,9V,9,9V,9V,GPS benchmark
ERR568713,6B,6,6B,6A,GPS benchmark
ERR751065,5,5,5,5,GPS benchmark
ERR2090818,12F,12,12F,12F,GPS benchmark
ERR750920,18C,18,18C,18C,GPS benchmark
SRR26749960,3,3,3,3,GPS benchmark
SRR26910317,8,8,8,8,GPS benchmark
ERR909284,16F,16,16F,16F,GPS benchmark
SRR26714486,12F,12,12F,12F,GPS benchmark
SRR26834203,8,8,8,8,GPS benchmark
SRR26789588,8,8,8,8,GPS benchmark
SRR26714721,11E,11,11A,11E,GPS benchmark
SRR26749691,12F,12,12F,12F,GPS benchmark
SRR26931405,8,8,8,8,GPS benchmark
ERR1065935,16F,16,16F,16F,GPS benchmark
SRR26930154,15A,15,15A,15A,GPS benchmark
ERR425476,7F,7,7F,7F,GPS benchmark
ERR876443,14,14,14,14,GPS benchmark
ERR751130,14,14,14,14,GPS benchmark
ERR13364524,19F,19,19F,19F,GPS benchmark
ERR568544,3,3,3,3,GPS benchmark
ERR568437,6A,6,6A,13,GPS benchmark
ERR774628,33F,33,33F,33F,GPS benchmark
ERR1202118,13,13,13,13,GPS benchmark
ERR1288829,10B,10,10B,10B,GPS benchmark
ERR1202569,3,3,3,3,GPS benchmark
ERR751160,35F,35,35F,35F,GPS benchmark
SRR26879500,3,3,3,3,GPS benchmark
ERR884694,19A,19,19A,19A,GPS benchmark
ERR1065624,1,1,1,1,GPS benchmark
ERR2681302,28F,28,28A,28F,GPS benchmark
ERR774481,3,3,3,3,GPS benchmark
SRR26879726,8,8,8,8,GPS benchmark
SRR26910962,17F,17,17F,17F,GPS benchmark
SRR26797219,22F,22,22F,22F,GPS benchmark
SRR26833704,19F,19,19F,19F,GPS benchmark
ERR1788043,12F,12,12F,12F,GPS benchmark
ERR984238,35B,35,35B,35D,GPS benchmark
SRR26880042,8,8,8,8,GPS benchmark
SRR26594437,8,8,8,8,GPS benchmark
SRR26910429,19A,19,19A,19A,GPS benchmark
SRR26878326,19A,19,19A,19A,GPS benchmark
ERR13365680,19F,19,19F,19F,GPS benchmark
SRR26789398,15A,15,15A,15A,GPS benchmark
SRR26911015,15A,15,15A,15A,GPS benchmark
ERR2667901,5,5,5,5,GPS benchmark
ERR1065576,14,14,14,14,GPS benchmark
ERR2667808,4,4,4,4,GPS benchmark
ERR2853516,19A,19,19A,19A,GPS benchmark
ERR2667996,17F,17,17F,17F,GPS benchmark
ERR1540817,10A,10,10A,10A,GPS benchmark
ERR845748,19F,19,19F,19F,GPS benchmark
SRR26673375,19A,19,19A,19A,GPS benchmark
ERR600231,22F,22,22F,22F,GPS benchmark
ERR869902,14,14,14,14,GPS benchmark
SRR26672907,8,8,8,8,GPS benchmark
ERR2853650,19A,19,19A,19A,GPS benchmark
ERR1788282,19A,19,19A,19A,GPS benchmark
ERR3270824,19A,19,19A,19A,GPS benchmark
ERR3270716,21,21,21,21,GPS benchmark
ERR870022,19F,19,19F,9V,GPS benchmark
SRR26834183,15A,15,15A,15A,GPS benchmark
SRR26673098,7C,7,7C,7C,GPS benchmark
ERR701848,6A,6,6A,6A,GPS benchmark
ERR1066002,11A,11,11A,11A,GPS benchmark
ERR714578,14,14,14,14,GPS benchmark
ERR13365402,12F,12,12F,12F,GPS benchmark
ERR870056,5,5,5,5,GPS benchmark
SRR26817911,8,8,8,8,GPS benchmark
SRR26673662,3,3,3,3,GPS benchmark
ERR714676,4,4,4,4,GPS benchmark
ERR1453667,23F,23,23F,23F,GPS benchmark
ERR742784,6A,6,6A,6A,GPS benchmark
SRR26715065,3,3,3,3,GPS benchmark
ERR2213029,14,14,14,14,GPS benchmark
SRR26594493,8,8,8,8,GPS benchmark
SRR26931437,9N,9,9N,9N,GPS benchmark
SRR26789933,8,8,8,8,GPS benchmark
ERR13365193,7F,7,7F,7F,GPS benchmark
SRR26931820,12F,12,12F,12F,GPS benchmark
ERR433637,6C,6,6C,6C,GPS benchmark
ERR13365117,23F,23,23F,23F,GPS benchmark
ERR1192022,11A,11,11A,11A,GPS benchmark
ERR568715,1,1,1,1,GPS benchmark
ERR600130,6C,6,6C,6D,GPS benchmark
ERR884655,15A,15,15A,15A,GPS benchmark
SRR26884719,33F,33,33F,33F,GPS benchmark
ERR2853510,19A,19,19A,19A,GPS benchmark
ERR13365134,9N,9,9N,9N,GPS benchmark
ERR913335,19A,19,19A,19A,GPS benchmark
SRR26931072,3,3,3,3,GPS benchmark
ERR13374969,3,3,3,3,GPS benchmark
SRR26594825,17F,17,17F,17F,GPS benchmark
SRR26818529,11E,11,3,3,GPS benchmark
SRR26878367,10A,10,10A,10A,GPS benchmark
ERR884376,23F,23,23F,23F,GPS benchmark
SRR26749387,8,8,8,8,GPS benchmark
SRR26930252,8,8,8,8,GPS benchmark
SRR26672953,8,8,8,8,GPS benchmark
SRR26833854,3,3,3,3,GPS benchmark
ERR600161,19F,19,19F,19F,GPS benchmark
SRR26749901,8,8,8,8,GPS benchmark
ERR884399,14,14,14,14,GPS benchmark
ERR1756487,1,1,1,1,GPS benchmark
SRR26878047,8,8,8,8,GPS benchmark
ERR2091140,1,1,1,1,GPS benchmark
SRR26879781,3,3,3,3,GPS benchmark
ERR980220,1,1,1,1,GPS benchmark
ERR730403,10A,10,10A,10A,GPS benchmark
SRR26749612,12F,12,12F,12F,GPS benchmark
ERR3796372,14,14,14,14,GPS benchmark
SRR26797715,8,8,8,8,GPS benchmark
ERR13364720,22F,22,22F,22F,GPS benchmark
ERR326700,9V,9,9V,9V,GPS benchmark
ERR13365784,38,38,38,29,GPS benchmark
SRR26930964,8,8,8,8,GPS benchmark
SRR26930266,10A,10,10A,10A,GPS benchmark
ERR13374688,19A,19,19A,19A,GPS benchmark
ERR2090233,19F,19,19F,19F,GPS benchmark
ERR2089459,9V,9,9V,9V,GPS benchmark
ERR980187,3,3,3,3,GPS benchmark
SRR26833814,16F,16,16F,16F,GPS benchmark
ERR884358,23F,23,23F,23F,GPS benchmark
ERR1453684,15A,15,15A,15A,GPS benchmark
ERR2681252,11A,11,11A,11A,GPS benchmark
SRR26877759,8,8,8,8,GPS benchmark
ERR2667394,35B,35,35B,35D,GPS benchmark
ERR884460,19A,19,19A,19A,GPS benchmark
SRR26910531,8,8,8,8,GPS benchmark
SRR26797017,3,3,3,3,GPS benchmark
SRR26749728,8,8,8,8,GPS benchmark
SRR26884016,8,8,8,8,GPS benchmark
SRR26884089,9V,9,9V,9V,GPS benchmark
SRR26879656,11A,11,11A,11D,GPS benchmark
ERR1065742,23F,23,23F,23F,GPS benchmark
ERR913554,14,14,14,14,GPS benchmark
SRR26879747,6C,6,6C,6C,GPS benchmark
ERR14654001,3,3,3,3,GPS benchmark
SRR26797745,23B,23,23B,23B,GPS benchmark
SRR26714358,19A,19,19A,19A,GPS benchmark
ERR2667816,14,14,14,14,GPS benchmark
SRR26878507,3,3,3,3,GPS benchmark
SRR26714487,22F,22,22F,22F,GPS benchmark
SRR26594906,22F,22,22F,22F,GPS benchmark
SRR26879902,16F,16,16F,4,GPS benchmark
ERR774136,23B,23,23B,23B,GPS benchmark
ERR2853675,19A,19,19A,19A,GPS benchmark
ERR2667451,13,13,13,13,GPS benchmark
ERR750820,33F,33,33F,33F,GPS benchmark
ERR2089719,23F,23,23F,23F,GPS benchmark
SRR26884387,35B,35,35B,35B,GPS benchmark
ERR13366179,19F,19,19F,19F,GPS benchmark
SRR26931681,22F,22,22F,22F,GPS benchmark
SRR26931782,22F,22,22F,22F,GPS benchmark
ERR2667902,3,3,3,3,GPS benchmark
ERR714461,6B,6,6B,6B,GPS benchmark
ERR600142,38,38,38,38,GPS benchmark
SRR26879456,9N,9,9N,9N,GPS benchmark
ERR913318,21,21,21,21,GPS benchmark
SRR26594559,12F,12,12F,12F,GPS benchmark
ERR3831139,24F,24,24F,24F,GPS benchmark
ERR876686,16F,16,16F,16F,GPS benchmark
ERR870015,13,13,13,13,GPS benchmark
ERR319313,6A,6,6B,19A,GPS benchmark
ERR13365220,14,14,14,14,GPS benchmark
ERR3796700,24F,24,24F,24F,GPS benchmark
SRR26673104,12F,12,12F,12F,GPS benchmark
ERR13364758,14,14,14,14,GPS benchmark
ERR730613,9N,9,9N,9N,GPS benchmark
SRR26930371,11E,11,11A,11E,GPS benchmark
SRR26930997,16F,16,16F,4,GPS benchmark
ERR980092,14,14,14,14,GPS benchmark
SRR26931036,8,8,8,8,GPS benchmark
SRR26879810,3,3,3,3,GPS benchmark
SRR26834228,35F,35,35F,35F,GPS benchmark
SRR26673663,12F,12,12F,12F,GPS benchmark
ERR1788264,6C,6,6C,6C,GPS benchmark
ERR7568020,9N,9,9N,9N,GPS benchmark
SRR26834239,8,8,8,8,GPS benchmark
SRR26818550,3,3,3,3,GPS benchmark
ERR1065197,23A,23,23A,23A,GPS benchmark
ERR1540677,19A,19,19A,19A,GPS benchmark
ERR909103,35B,35,35B,35B,GPS benchmark
ERR980161,6C,6,6C,6C,GPS benchmark
ERR14653963,4,4,4,4,GPS benchmark
SRR26714840,12F,12,12F,12F,GPS benchmark
ERR742353,19A,19,19A,19A,GPS benchmark
ERR568749,1,1,1,1,GPS benchmark
ERR1065896,19F,19,19F,19F,GPS benchmark
ERR1066130,6B,6,6B,6B,GPS benchmark
ERR979987,23F,23,23F,23F,GPS benchmark
ERR730318,6B,6,6B,6E,GPS benchmark
ERR505554,19F,19,19F,19F,GPS benchmark
SRR26930474,8,8,8,8,GPS benchmark
SRR26789944,8,8,8,8,GPS benchmark
SRR26789424,22F,22,22F,22F,GPS benchmark
SRR26749543,10A,10,10A,10A,GPS benchmark
ERR1788375,23F,23,23F,23F,GPS benchmark
SRR26880198,15A,15,15A,15A,GPS benchmark
SRR26714973,31,31,31,31,GPS benchmark
SRR26879937,12F,12,12F,12F,GPS benchmark
ERR876562,14,14,14,14,GPS benchmark
ERR505751,23B,23,23B,23B,GPS benchmark
ERR2090924,20,20,20B,20B,GPS benchmark
ERR2090191,18B,18,18C,18B,GPS benchmark
ERR870267,20A,20,20A,20,GPS benchmark
ERR1788370,3,3,3,3,GPS benchmark
SRR26749803,3,3,3,3,GPS benchmark
SRR26673171,19F,19,19F,19F,GPS benchmark
SRR26594460,11A,11,11A,11E,GPS benchmark
ERR568513,14,14,14,14,GPS benchmark
SRR26931088,8,8,8,8,GPS benchmark
SRR26797702,11A,11,11A,11A,GPS benchmark
ERR340842,3,3,3,3,GPS benchmark
ERR3270712,19A,19,19A,19A,GPS benchmark
ERR13365618,3,3,3,3,GPS benchmark
SRR26910534,15A,15,15A,15A,GPS benchmark
SRR26714653,12F,12,12F,12F,GPS benchmark
SRR26595141,22F,22,22F,22F,GPS benchmark
ERR1202614,14,14,14,14,GPS benchmark
ERR997673,48,48,48,48,GPS benchmark
ERR2090997,9V,9,9V,9V,GPS benchmark
ERR434027,23F,23,23F,23F,GPS benchmark
SRR26884001,15A,15,15A,15A,GPS benchmark
ERR2667317,6B,6,6A,6A,GPS benchmark
SRR26880221,8,8,8,8,GPS benchmark
SRR26673006,22F,22,22F,22F,GPS benchmark
ERR632975,9V,9,9V,9V,GPS benchmark
SRR26880385,12F,12,12F,12F,GPS benchmark
ERR600199,10A,10,10A,10A,GPS benchmark
ERR742830,6B,6,6B,6B,GPS benchmark
SRR26797113,4,4,4,4,GPS benchmark
ERR1065898,1,1,1,1,GPS benchmark
ERR568670,19A,19,19A,19A,GPS benchmark
ERR600567,14,14,14,14,GPS benchmark
ERR1065759,19F,19,19F,19F,GPS benchmark
ERR984265,39,39,39,39,GPS benchmark
ERR568574,14,14,14,14,GPS benchmark
SRR26789661,9N,9,9N,9N,GPS benchmark
ERR14653970,6E,6,6B,6E,GPS benchmark
SRR26714269,8,8,8,8,GPS benchmark
SRR26714920,12F,12,12F,12F,GPS benchmark
ERR913403,6A,6,6A,6A,GPS benchmark
SRR26594835,9V,9,9V,9V,GPS benchmark
ERR1453390,19F,19,19F,19F,GPS benchmark
ERR774024,8,8,8,8,GPS benchmark
ERR1756451,19A,19,19A,19A,GPS benchmark
ERR884327,14,14,14,14,GPS benchmark
ERR490757,19A,19,19A,19A,GPS benchmark
SRR26714787,19F,19,19F,19F,GPS benchmark
SRR26880131,15A,15,15A,15A,GPS benchmark
SRR26797777,8,8,8,8,GPS benchmark
SRR26879772,10A,10,10A,10A,GPS benchmark
ERR2091215,5,5,5,33B,GPS benchmark
ERR876518,38,38,38,38,GPS benchmark
ERR586445,19A,19,19A,19A,GPS benchmark
SRR26931599,8,8,8,8,GPS benchmark
SRR26884427,8,8,8,8,GPS benchmark
SRR26834241,10A,10,10A,10A,GPS benchmark
SRR26880280,16F,16,16F,4,GPS benchmark
ERR730368,14,14,14,14,GPS benchmark
ERR884504,8,8,8,8,GPS benchmark
ERR1202488,19F,19,19F,19F,GPS benchmark
SRR26818242,23B,23,23B,23B,GPS benchmark
SRR26797756,23A,23,23A,23A,GPS benchmark
SRR26797970,8,8,8,8,GPS benchmark
ERR13374990,35B,35,35B,35B,GPS benchmark
ERR433743,14,14,14,14,GPS benchmark
SRR26789319,9N,9,9N,9N,GPS benchmark
ERR568450,19A,19,19A,19A,GPS benchmark
ERR1430903,11A,11,11A,11A,GPS benchmark
ERR730219,6A,6,6A,6A,GPS benchmark
ERR714188,12F,12,12F,12F,GPS benchmark
SRR26714780,23B,23,23B,23B,GPS benchmark
ERR319385,6C,6,6C,6C,GPS benchmark
ERR662389,15A,15,15A,15A,GPS benchmark
SRR26910689,11A,11,11A,11E,GPS benchmark
ERR913195,19A,19,19A,19A,GPS benchmark
ERR870031,6A,6,6A,6A,GPS benchmark
SRR26878308,9V,9,9V,9V,GPS benchmark
SRR26910538,8,8,8,8,GPS benchmark
ERR7567948,14,14,14,14,GPS benchmark
ERR1214356,5,5,5,5,GPS benchmark
ERR316814,19F,19,19F,19F,GPS benchmark
SRR26880152,9V,9,9V,9V,GPS benchmark
SRR26789655,22F,22,22F,22F,GPS benchmark
SRR26834487,8,8,8,8,GPS benchmark
ERR876608,14,14,14,14,GPS benchmark
ERR568455,14,14,14,14,GPS benchmark
SRR26594556,35F,35,35F,35F,GPS benchmark
ERR701822,14,14,14,14,GPS benchmark
ERR1422546,19F,19,19F,19F,GPS benchmark
ERR331457,1,1,1,1,GPS benchmark
ERR13375077,3,3,3,3,GPS benchmark
ERR14653928,4,4,4,4,GPS benchmark
ERR1066226,8,8,8,8,GPS benchmark
SRR26714669,6C,6,6C,6C,GPS benchmark
ERR1065480,23A,23,23A,23A,GPS benchmark
ERR1214596,23F,23,23F,23F,GPS benchmark
SRR26834127,8,8,8,8,GPS benchmark
ERR2091141,24F,24,24F,24F,GPS benchmark
ERR568485,14,14,14,18C,GPS benchmark
ERR13374836,35B,35,35B,35B,GPS benchmark
ERR2853479,19A,19,19A,19A,GPS benchmark
ERR1453607,15F,15,15F,15F,GPS benchmark
ERR774135,19A,19,19A,19A,GPS benchmark
SRR26877855,20B,20,20B,20B,GPS benchmark
ERR316623,9V,9,9V,10A,GPS benchmark
SRR26878351,22F,22,22F,22F,GPS benchmark
SRR26878255,22F,22,22F,22F,GPS benchmark
SRR26931657,35B,35,35B,35B,GPS benchmark
ERR570405,18A,18,18A,18A,GPS benchmark
SRR26884353,12F,12,12F,12F,GPS benchmark
SRR26879868,22F,22,22F,22F,GPS benchmark
ERR909042,16F,16,16F,16F,GPS benchmark
ERR1202245,19B,19,19B,19B,GPS benchmark
ERR997568,14,14,14,14,GPS benchmark
ERR3796948,24F,24,24F,24F,GPS benchmark
SRR26910466,16F,16,16F,16F,GPS benchmark
SRR26749223,12F,12,12F,12F,GPS benchmark
ERR1191841,7F,7,7F,7F,GPS benchmark
ERR13364821,3,3,3,3,GPS benchmark
ERR3332135,7B,7,7B,7B,GPS benchmark
ERR13365921,3,3,3,3,GPS benchmark
ERR3796775,24F,24,24F,24F,GPS benchmark
SRR26883926,20B,20,20B,20B,GPS benchmark
ERR516630,6A,6,6B,6A,GPS benchmark
SRR26817884,33F,33,33F,33F,GPS benchmark
SRR26910513,15B,15,15B,15B,GPS benchmark
SRR26910665,8,8,8,8,GPS benchmark
ERR3303358,7C,7,7C,7C,GPS benchmark
ERR3303252,33B,33,33B,33B,GPS benchmark
SRR26673607,10A,10,10A,10A,GPS benchmark
SRR26714762,23A,23,23A,22F,GPS benchmark
SRR26910870,12F,12,12F,12F,GPS benchmark
ERR1453802,18F,18,18F,18F,GPS benchmark
ERR505756,19A,19,19A,19A,GPS benchmark
SRR26879955,15A,15,15A,15A,GPS benchmark
ERR13364775,11A,11,11A,11E,GPS benchmark
ERR2667564,5,5,5,5,GPS benchmark
SRR26880297,22F,22,22F,22F,GPS benchmark
ERR750827,18A,18,18A,18A,GPS benchmark
SRR26818107,33F,33,33F,37,GPS benchmark
SRR26931787,12F,12,12F,12F,GPS benchmark
SRR26789427,4,4,4,4,GPS benchmark
ERR7567890,13,13,13,13,GPS benchmark
ERR13364492,9N,9,9N,9N,GPS benchmark
SRR26884615,15C,15,15A,35C,GPS benchmark
SRR26797738,4,4,4,4,GPS benchmark
ERR742394,22F,22,22F,22F,GPS benchmark
ERR3303406,23A,23,23A,23A,GPS benchmark
ERR7568015,7C,7,7C,7C,GPS benchmark
SRR26834394,8,8,8,8,GPS benchmark
ERR2681075,6A,6,6A,6A,GPS benchmark
ERR742376,22F,22,22F,22F,GPS benchmark
ERR714564,23F,23,23F,23F,GPS benchmark
ERR2853423,19A,19,19A,19A,GPS benchmark
SRR26877923,8,8,8,8,GPS benchmark
ERR319369,6A,6,6A,22F,GPS benchmark
SRR26818509,15A,15,15A,15A,GPS benchmark
ERR600095,3,3,3,3,GPS benchmark
ERR870261,25F,25,38,25A,GPS benchmark
SRR26714267,38,38,38,38,GPS benchmark
ERR633051,14,14,14,14,GPS benchmark
ERR13364927,18C,18,18C,18B,GPS benchmark
SRR26817828,7C,7,7C,7C,GPS benchmark
SRR26817769,3,3,3,3,GPS benchmark
ERR2089169,18C,18,18C,18C,GPS benchmark
SRR26789703,22F,22,22F,22F,GPS benchmark
SRR26833897,8,8,8,8,GPS benchmark
ERR862374,16F,16,16F,16F,GPS benchmark
ERR600099,33F,33,33F,33F,GPS benchmark
SRR26818434,3,3,3,3,GPS benchmark
SRR26878095,27,27,27,27,GPS benchmark
ERR316905,16F,16,16F,16F,GPS benchmark
ERR662350,10A,10,10A,10A,GPS benchmark
ERR568700,19A,19,19A,19A,GPS benchmark
SRR26884219,3,3,3,3,GPS benchmark
SRR26879471,15B,15,15B,15B,GPS benchmark
SRR26594816,15C,15,15B,15B,GPS benchmark
ERR3270833,24F,24,24F,24F,GPS benchmark
SRR26879645,33F,33,33F,33F,GPS benchmark
ERR13364395,35B,35,35B,35B,GPS benchmark
ERR876748,19F,19,19F,19F,GPS benchmark
ERR2091111,1,1,1,1,GPS benchmark
SRR26930498,6B,6,6B,48,GPS benchmark
ERR13374720,10B,10,10B,10B,GPS benchmark
ERR1422363,19A,19,19A,19A,GPS benchmark
ERR876718,14,14,14,14,GPS benchmark
SRR26749914,23B,23,23B,23B,GPS benchmark
ERR2090145,19F,19,19F,19F,GPS benchmark
SRR26594761,33F,33,33F,33F,GPS benchmark
SRR26834047,8,8,8,8,GPS benchmark
ERR2089656,1,1,1,1,GPS benchmark
ERR2668039,14,14,14,14,GPS benchmark
ERR1065840,23B,23,23B,23B,GPS benchmark
SRR26714581,8,8,8,8,GPS benchmark
ERR876647,14,14,14,14,GPS benchmark
ERR751132,15A,15,15A,15A,GPS benchmark
SRR26878322,35F,35,35F,35F,GPS benchmark
ERR3270839,16F,16,16F,16F,GPS benchmark
ERR774683,1,1,1,1,GPS benchmark
ERR751187,6B,6,6B,6E,GPS benchmark
ERR913290,13,13,13,13,GPS benchmark
ERR1191872,14,14,14,14,GPS benchmark
ERR3796746,24F,24,24F,24F,GPS benchmark
ERR2681331,6B,6,6B,6E,GPS benchmark
ERR577979,19F,19,19F,19F,GPS benchmark
SRR26673244,22F,22,22F,22F,GPS benchmark
ERR913154,6A,6,6A,6A,GPS benchmark
ERR714663,1,1,1,1,GPS benchmark
ERR425406,1,1,1,1,GPS benchmark
ERR2089455,15A,15,15A,15A,GPS benchmark
ERR876754,6B,6,6B,6E,GPS benchmark
SRR26797283,33F,33,33F,33F,GPS benchmark
ERR1453633,6C,6,6C,6C,GPS benchmark
ERR600196,19A,19,19A,19A,GPS benchmark
SRR26879532,22F,22,22F,22F,GPS benchmark
SRR26880360,11,11,11A,11A,GPS benchmark
SRR26749693,10A,10,10A,10A,GPS benchmark
ERR13366145,6E,6,6B,6E,GPS benchmark
ERR701846,1,1,1,1,GPS benchmark
SRR26673155,15A,15,15A,15A,GPS benchmark
ERR862292,12F,12,12F,12F,GPS benchmark
SRR26878677,3,3,3,3,GPS benchmark
ERR1066049,18C,18,18C,18C,GPS benchmark
SRR26883937,33F,33,33F,33F,GPS benchmark
ERR449161,23F,23,23F,23F,GPS benchmark
ERR570477,19F,19,19F,19F,GPS benchmark
ERR884581,3,3,3,3,GPS benchmark
SRR26789977,12F,12,12F,12F,GPS benchmark
ERR913282,23F,23,23F,23F,GPS benchmark
SRR26818103,35F,35,35F,35F,GPS benchmark
ERR876454,6A,6,6A,6A,GPS benchmark
ERR13374658,35B,35,35B,35B,GPS benchmark
SRR26749720,12F,12,12F,46,GPS benchmark
SRR26594661,9N,9,9N,9N,GPS benchmark
ERR876468,19F,19,19F,19F,GPS benchmark
ERR3796936,24F,24,24F,24F,GPS benchmark
SRR26797339,8,8,8,8,GPS benchmark
ERR3669268,12F,12,12F,12B,GPS benchmark
SRR26880372,15A,15,15A,15A,GPS benchmark
ERR742771,19F,19,19F,10A,GPS benchmark
ERR3796939,24F,24,24F,24A,GPS benchmark
ERR730587,1,1,1,1,GPS benchmark
ERR1066371,19A,19,19A,19A,GPS benchmark
SRR26878126,23B,23,23B,23B,GPS benchmark
SRR26818505,38,38,38,38,GPS benchmark
ERR2091009,18C,18,18C,18C,GPS benchmark
SRR26790168,19F,19,19F,19F,GPS benchmark
SRR26834049,3,3,3,3,GPS benchmark
ERR2680857,23A,23,23A,23A,GPS benchmark
SRR26931323,3,3,3,3,GPS benchmark
SRR26884303,3,3,3,3,GPS benchmark
ERR3796004,14,14,14,14,GPS benchmark
ERR506067,7F,7,7F,7F,GPS benchmark
ERR13364934,7F,7,7F,7F,GPS benchmark
SRR26789518,38,38,38,38,GPS benchmark
ERR925123,9V,9,9V,9V,GPS benchmark
ERR1453638,33F,33,33F,33F,GPS benchmark
ERR750845,23F,23,23F,23F,GPS benchmark
ERR714522,6B,6,6B,6B,GPS benchmark
SRR26789605,6C,6,6C,6C,GPS benchmark
ERR730305,11A,11,11A,11A,GPS benchmark
ERR3303166,23F,23,23F,23F,GPS benchmark
ERR633038,6A,6,6A,6A,GPS benchmark
ERR2089938,16F,16,16F,16F,GPS benchmark
ERR1422377,3,3,3,3,GPS benchmark
ERR3796757,24F,24,24F,24F,GPS benchmark
ERR1106657,1,1,1,1,GPS benchmark
ERR2667075,3,3,3,3,GPS benchmark
SRR26834265,15A,15,15A,15A,GPS benchmark
ERR633041,6A,6,6A,6A,GPS benchmark
ERR742529,14,14,14,14,GPS benchmark
ERR1430876,1,1,1,1,GPS benchmark
SRR26910272,12F,12,12F,12F,GPS benchmark
ERR352003,23F,23,23F,23F,GPS benchmark
ERR1214674,6B,6,6B,6E,GPS benchmark
ERR1202214,6B,6,6B,6E,GPS benchmark
SRR26818046,31,31,31,31,GPS benchmark
ERR13364394,14,14,14,14,GPS benchmark
ERR316782,19A,19,19A,19A,GPS benchmark
SRR26594828,33F,33,33F,33F,GPS benchmark
ERR7568077,10A,10,10A,10A,GPS benchmark
SRR26931139,8,8,8,8,GPS benchmark
ERR2090750,12F,12,12F,12F,GPS benchmark
ERR13365515,15A,15,15A,15A,GPS benchmark
ERR750756,7F,7,7F,7F,GPS benchmark
SRR26749563,8,8,8,8,GPS benchmark
ERR1106731,1,1,1,1,GPS benchmark
ERR632960,19A,19,19A,19A,GPS benchmark
SRR26673430,11E,11,11A,11A,GPS benchmark
ERR1430918,34,34,34,34,GPS benchmark
ERR7567823,35B,35,35B,35D,GPS benchmark
ERR1065755,11A,11,11A,11A,GPS benchmark
ERR2680966,23F,23,23F,23F,GPS benchmark
ERR3796701,24F,24,24F,24F,GPS benchmark
ERR730143,19A,19,19A,19A,GPS benchmark
ERR1453521,1,1,1,1,GPS benchmark
SRR26594277,12F,12,12F,12F,GPS benchmark
SRR26789551,6C,6,6C,6C,GPS benchmark
SRR26883869,35F,35,35F,35F,GPS benchmark
ERR2089778,1,1,1,1,GPS benchmark
ERR600286,6A,6,6A,6A,GPS benchmark
SRR26797839,4,4,4,4,GPS benchmark
ERR600251,33F,33,33F,33F,GPS benchmark
ERR632899,4,4,4,9V,GPS benchmark
ERR505689,19F,19,19F,19F,GPS benchmark
ERR909315,19A,19,19A,19A,GPS benchmark
ERR1066256,12F,12,12F,12F,GPS benchmark
ERR7567800,12F,12,12F,12B,GPS benchmark
ERR13364651,19F,19,19F,19F,GPS benchmark
ERR869912,1,1,1,1,GPS benchmark
ERR1430863,1,1,1,1,GPS benchmark
ERR2667899,5,5,5,5,GPS benchmark
ERR742570,5,5,5,5,GPS benchmark
SRR26883943,20B,20,20B,20A,GPS benchmark
ERR2091113,33F,33,33F,33F,GPS benchmark
SRR26789587,8,8,8,8,GPS benchmark
SRR26878136,19A,19,19A,19A,GPS benchmark
ERR1594532,12F,12,12F,12F,GPS benchmark
SRR26910249,8,8,8,8,GPS benchmark
ERR2667999,1,1,1,1,GPS benchmark
ERR13374820,10A,10,10A,10A,GPS benchmark
ERR1202439,23F,23,23F,23F,GPS benchmark
ERR701839,6B,6,6B,6B,GPS benchmark
SRR26884152,3,3,3,3,GPS benchmark
ERR2853506,19A,19,19A,19A,GPS benchmark
ERR632924,6B,6,6B,6B,GPS benchmark
ERR742515,6B,6,6B,6E,GPS benchmark
ERR2667883,1,1,1,1,GPS benchmark
ERR586458,7F,7,7F,7F,GPS benchmark
ERR979922,1,1,1,1,GPS benchmark
SRR26833870,8,8,8,8,GPS benchmark
SRR26911005,19A,19,19A,19A,GPS benchmark
ERR751110,6A,6,6A,6A,GPS benchmark
ERR750946,23F,23,23F,23F,GPS benchmark
ERR568515,1,1,1,1,GPS benchmark
SRR26883866,33F,33,33F,33F,GPS benchmark
ERR2667539,14,14,14,14,GPS benchmark
ERR714597,18C,18,18C,18C,GPS benchmark
ERR979947,7B,7,7B,7B,GPS benchmark
ERR1453356,16F,16,16F,16F,GPS benchmark
SRR26834366,15B,15,15B,15B,GPS benchmark
SRR26750032,33F,33,33F,33F,GPS benchmark
SRR26910514,8,8,8,8,GPS benchmark
SRR26817915,35B,35,35B,35D,GPS benchmark
ERR997546,14,14,14,14,GPS benchmark
SRR26878156,23B,23,23B,23B,GPS benchmark
ERR1422447,23A,23,23A,23A,GPS benchmark
SRR26797638,15C,15,15C,15C,GPS benchmark
ERR2090430,5,5,5,5,GPS benchmark
SRR26818387,8,8,8,8,GPS benchmark
ERR2680585,6B,6,6B,6E,GPS benchmark
SRR26911199,9N,9,9N,9N,GPS benchmark
ERR1202323,1,1,1,1,GPS benchmark
ERR730193,19F,19,19F,19F,GPS benchmark
ERR884661,13,13,13,13,GPS benchmark
ERR774722,14,14,14,14,GPS benchmark
SRR26594478,9N,9,9N,9N,GPS benchmark
SRR26594817,8,8,8,8,GPS benchmark
SRR26879784,8,8,8,8,GPS benchmark
SRR26818297,17F,17,17F,17F,GPS benchmark
ERR2667102,14,14,14,14,GPS benchmark
SRR26594637,8,8,8,8,GPS benchmark
ERR2089189,40,40,40,40,GPS benchmark
ERR13366035,14,14,14,14,GPS benchmark
ERR433821,1,1,1,1,GPS benchmark
SRR26834274,6C,6,6C,6D,GPS benchmark
ERR311076,23F,23,23F,23F,GPS benchmark
ERR2089985,7C,7,7C,7C,GPS benchmark
SRR26879483,9N,9,9N,9N,GPS benchmark
ERR600569,18C,18,18C,18B,GPS benchmark
ERR2089615,14,14,14,14,GPS benchmark
ERR773966,6A,6,6A,6A,GPS benchmark
ERR1756413,19F,19,19F,19F,GPS benchmark
ERR774702,13,13,13,13,GPS benchmark
ERR600525,19F,19,19F,19F,GPS benchmark
SRR26789307,31,31,31,31,GPS benchmark
ERR3303455,19A,19,19A,19A,GPS benchmark
SRR26749928,9V,9,9V,9V,GPS benchmark
ERR1191983,5,5,5,5,GPS benchmark
SRR26749931,3,3,3,3,GPS benchmark
SRR26910970,11A,11,11A,11E,GPS benchmark
SRR26910537,15A,15,15A,15A,GPS benchmark
ERR2680705,6B,6,6B,6B,GPS benchmark
ERR9796469,11A,11,11A,11A,GPS benchmark
ERR1066179,19A,19,19A,19A,GPS benchmark
ERR774192,8,8,8,8,GPS benchmark
SRR26789506,10A,10,10A,10A,GPS benchmark
SRR26877924,10A,10,10A,10A,GPS benchmark
ERR2089427,11A,11,11A,11A,GPS benchmark
ERR714364,6B,6,6B,6E,GPS benchmark
ERR632923,14,14,14,14,GPS benchmark
SRR26750146,15A,15,15A,15A,GPS benchmark
ERR714596,4,4,4,4,GPS benchmark
ERR351998,6A,6,6A,6A,GPS benchmark
SRR26834522,19A,19,19A,19A,GPS benchmark
SRR26594666,3,3,3,3,GPS benchmark
SRR26673449,8,8,8,8,GPS benchmark
SRR26789260,12F,12,12F,12F,GPS benchmark
ERR1106729,12F,12,12F,12B,GPS benchmark
SRR26594986,35B,35,35B,35B,GPS benchmark
SRR26749553,8,8,8,8,GPS benchmark
ERR1422337,1,1,1,1,GPS benchmark
SRR26789948,12F,12,12F,12F,GPS benchmark
ERR1065668,19A,19,19A,19A,GPS benchmark
ERR2680964,23F,23,23F,23F,GPS benchmark
ERR714641,6A,6,6A,6A,GPS benchmark
SRR26750124,19A,19,19A,19A,GPS benchmark
ERR1065999,34,34,34,34,GPS benchmark
SRR26877770,22F,22,22F,22F,GPS benchmark
ERR774061,8,8,8,8,GPS benchmark
SRR26930282,12F,12,12F,12F,GPS benchmark
ERR862379,21,21,21,21,GPS benchmark
SRR26879472,10A,10,10A,10A,GPS benchmark
ERR1422652,19A,19,19A,19A,GPS benchmark
ERR1066071,6B,6,6B,6B,GPS benchmark
ERR2667975,6B,6,6B,6E,GPS benchmark
SRR26883985,22F,22,22F,22F,GPS benchmark
SRR26879974,8,8,8,8,GPS benchmark
ERR1288980,2,2,2,2,GPS benchmark
ERR1788391,8,8,8,8,GPS benchmark
SRR26594574,16F,16,16F,16F,GPS benchmark
SRR26714333,33F,33,33F,33F,GPS benchmark
ERR1066302,8,8,8,8,GPS benchmark
ERR1288822,11A,11,11A,11A,GPS benchmark
SRR26818326,6C,6,6C,6C,GPS benchmark
SRR26931488,8,8,8,8,GPS benchmark
ERR862512,23F,23,23F,23F,GPS benchmark
ERR2089461,23A,23,23A,23A,GPS benchmark
ERR980208,23A,23,23A,23A,GPS benchmark
SRR26883928,8,8,8,8,GPS benchmark
ERR433541,23F,23,23F,23F,GPS benchmark
ERR1422374,12F,12,12F,12F,GPS benchmark
ERR3796891,24F,24,24F,24F,GPS benchmark
ERR730511,1,1,1,1,GPS benchmark
SRR26595105,8,8,8,8,GPS benchmark
ERR13365217,18C,18,18C,18B,GPS benchmark
SRR26884258,19A,19,19A,19A,GPS benchmark
ERR1065976,38,38,38,38,GPS benchmark
SRR26931727,15A,15,15A,15A,GPS benchmark
ERR2090072,18C,18,18C,18C,GPS benchmark
ERR2090403,38,38,38,25A,GPS benchmark
SRR26797170,12F,12,12F,12F,GPS benchmark
ERR1453467,35A,35,35A,35A,GPS benchmark
SRR26750006,12F,12,12F,12F,GPS benchmark
ERR997655,16F,16,16F,16F,GPS benchmark
SRR26833818,22F,22,22F,22F,GPS benchmark
SRR26818076,22F,22,22F,22F,GPS benchmark
SRR26883833,22F,22,22F,22F,GPS benchmark
ERR870230,5,5,5,5,GPS benchmark
ERR884568,23B,23,14,23F,GPS benchmark
SRR26789786,8,8,8,8,GPS benchmark
ERR3899209,6B,6,6B,6E,GPS benchmark
SRR26714447,12F,12,12F,12F,GPS benchmark
SRR26818263,8,8,8,8,GPS benchmark
ERR3796827,24F,24,24F,24F,GPS benchmark
ERR2089369,7F,7,7F,7F,GPS benchmark
ERR1453573,4,4,4,4,GPS benchmark
ERR1065872,23F,23,23F,23F,GPS benchmark
ERR425393,9V,9,9V,9V,GPS benchmark
ERR490706,14,14,14,14,GPS benchmark
ERR1453690,15A,15,15A,15A,GPS benchmark
ERR742706,6A,6,6A,6A,GPS benchmark
SRR26930687,3,3,3,3,GPS benchmark
ERR730350,6A,6,6A,6A,GPS benchmark
ERR2667237,14,14,14,14,GPS benchmark
ERR13365219,19F,19,19F,19F,GPS benchmark
ERR340835,18C,18,18C,18C,GPS benchmark
ERR742408,38,38,38,38,GPS benchmark
SRR26910435,8,8,8,8,GPS benchmark
ERR2089160,5,5,5,5,GPS benchmark
ERR3796761,24F,24,24F,24F,GPS benchmark
ERR3303322,1,1,1,1,GPS benchmark
SRR26834333,8,8,8,8,GPS benchmark
ERR2680698,6A,6,6A,6A,GPS benchmark
SRR26931126,8,8,8,8,GPS benchmark
SRR26931725,7C,7,7C,7C,GPS benchmark
ERR13364608,14,14,14,14,GPS benchmark
ERR632996,9V,9,9V,9V,GPS benchmark
SRR26911023,8,8,8,8,GPS benchmark
ERR730172,34,34,34,34,GPS benchmark
ERR596408,22F,22,22F,22F,GPS benchmark
ERR1453381,35B,35,35B,35B,GPS benchmark
SRR26714711,8,8,8,8,GPS benchmark
ERR1191945,10A,10,10A,10A,GPS benchmark
SRR26594683,12F,12,12F,12F,GPS benchmark
SRR26931453,6C,6,6C,6C,GPS benchmark
SRR26673002,7F,7,7F,7F,GPS benchmark
SRR26673010,20B,20,20B,20B,GPS benchmark
ERR568535,1,1,1,1,GPS benchmark
ERR2089321,21,21,21,21,GPS benchmark
ERR2089208,19A,19,19A,19A,GPS benchmark
ERR2680839,6A,6,6A,6A,GPS benchmark
ERR1453680,23A,23,23A,23A,GPS benchmark
SRR26833549,31,31,31,31,GPS benchmark
SRR26594813,23B,23,23B,23B,GPS benchmark
SRR26930744,8,8,8,8,GPS benchmark
SRR26834030,10B,10,10B,10B,GPS benchmark
ERR884443,6B,6,6B,6E,GPS benchmark
ERR516691,13,13,13,13,GPS benchmark
ERR714106,1,1,1,1,GPS benchmark
SRR26797325,8,8,8,8,GPS benchmark
ERR2680878,19A,19,19A,19A,GPS benchmark
SRR26834455,8,8,8,8,GPS benchmark
ERR13365661,14,14,14,14,GPS benchmark
SRR26877990,8,8,8,8,GPS benchmark
SRR26789501,8,8,8,8,GPS benchmark
ERR3303206,10A,10,10A,10A,GPS benchmark
SRR26834106,23A,23,23A,23A,GPS benchmark
ERR1453619,6B,6,6B,6E,GPS benchmark
SRR26594223,22F,22,22F,22F,GPS benchmark
SRR26817712,22F,22,22F,22F,GPS benchmark
ERR2090735,15A,15,15A,15A,GPS benchmark
SRR26878634,23A,23,23A,23A,GPS benchmark
ERR2090693,1,1,1,1,GPS benchmark
SRR26797537,8,8,8,8,GPS benchmark
ERR2091107,9V,9,9V,9V,GPS benchmark
ERR662406,3,3,3,3,GPS benchmark
ERR13375139,11A,11,11A,11E,GPS benchmark
ERR586402,35B,35,35B,35B,GPS benchmark
SRR26910844,9L,9,9L,9L,GPS benchmark
ERR742382,33F,33,33F,33F,GPS benchmark
ERR884539,6B,6,6B,6E,GPS benchmark
SRR26817853,12F,12,12F,12F,GPS benchmark
SRR26878239,15A,15,22F,22F,GPS benchmark
ERR13366107,14,14,14,14,GPS benchmark
ERR730206,11A,11,11A,11A,GPS benchmark
ERR2089956,19F,19,19F,19F,GPS benchmark
ERR13365607,12F,12,12F,46,GPS benchmark
ERR730203,19A,19,19A,19A,GPS benchmark
SRR26594837,8,8,8,8,GPS benchmark
ERR984246,48,48,48,48,GPS benchmark
ERR862454,22F,22,22F,22F,GPS benchmark
ERR751124,19A,19,19A,19A,GPS benchmark
SRR26880022,3,3,3,3,GPS benchmark
SRR26910428,10A,10,10A,10A,GPS benchmark
ERR730767,3,3,3,3,GPS benchmark
ERR600092,15A,15,15A,15A,GPS benchmark
ERR13366100,23A,23,23A,23A,GPS benchmark
ERR505797,23B,23,23B,23B,GPS benchmark
ERR9796511,15A,15,15A,15A,GPS benchmark
SRR26931081,16F,16,16F,45,GPS benchmark
ERR13365063,19A,19,19A,19A,GPS benchmark
ERR13365920,9N,9,9N,9N,GPS benchmark
SRR26749774,15A,15,15A,19A,GPS benchmark
SRR26594294,19F,19,19F,19F,GPS benchmark
SRR26749956,3,3,3,3,GPS benchmark
SRR26817746,19F,19,19F,19F,GPS benchmark
SRR26594168,22F,22,22F,22F,GPS benchmark
SRR26833605,8,8,8,8,GPS benchmark
ERR2667771,19A,19,19A,19A,GPS benchmark
ERR316898,5,5,5,5,GPS benchmark
ERR433605,7F,7,7F,7F,GPS benchmark
ERR1202484,23F,23,23F,23F,GPS benchmark
ERR773834,20A,20,20A,20A,GPS benchmark
ERR2090435,1,1,1,1,GPS benchmark
ERR3303420,7F,7,7F,7F,GPS benchmark
SRR26595101,22F,22,22F,22F,GPS benchmark
ERR2667798,14,14,14,14,GPS benchmark
SRR26714745,46,46,46,46,GPS benchmark
ERR2681285,23F,23,23F,23F,GPS benchmark
ERR600492,19F,19,19F,19F,GPS benchmark
ERR1422663,14,14,14,14,GPS benchmark
ERR870062,5,5,5,5,GPS benchmark
SRR26817926,19A,19,19A,19A,GPS benchmark
SRR26672748,35F,35,35F,35F,GPS benchmark
SRR26879622,33F,33,33F,33F,GPS benchmark
ERR1214689,6B,6,6B,6E,GPS benchmark
ERR1788542,14,14,14,14,GPS benchmark
ERR774050,8,8,8,8,GPS benchmark
SRR26714752,3,3,3,3,GPS benchmark
SRR26910380,19F,19,19F,19F,GPS benchmark
SRR26595043,12F,12,12F,12F,GPS benchmark
ERR13365702,9N,9,9N,9N,GPS benchmark
ERR2089536,4,4,4,4,GPS benchmark
SRR26879785,23B,23,23B,23B,GPS benchmark
ERR13365417,9N,9,9N,9N,GPS benchmark
ERR5262746,4,4,4,4,GPS benchmark
SRR26930625,8,8,8,8,GPS benchmark
ERR2681004,35F,35,35F,35F,GPS benchmark
SRR26833816,8,8,8,8,GPS benchmark
ERR909122,6A,6,6A,6A,GPS benchmark
ERR316858,9V,9,9V,9V,GPS benchmark
ERR730949,6A,6,6A,6A,GPS benchmark
ERR980166,6B,6,6B,6B,GPS benchmark
SRR26878576,19F,19,19F,19F,GPS benchmark
ERR1594516,12F,12,12F,12F,GPS benchmark
ERR750829,5,5,5,5,GPS benchmark
ERR570383,14,14,14,14,GPS benchmark
ERR701852,3,3,3,3,GPS benchmark
ERR1422417,5,5,5,5,GPS benchmark
ERR632879,38,38,38,25A,GPS benchmark
ERR980258,6B,6,6B,6A,GPS benchmark
SRR26789363,19A,19,19A,19A,GPS benchmark
ERR568628,3,3,3,3,GPS benchmark
SRR26931899,8,8,8,8,GPS benchmark
ERR925333,6A,6,6A,6A,GPS benchmark
SRR26594842,15B,15,15B,15B,GPS benchmark
ERR925336,21,21,21,21,GPS benchmark
SRR26595044,9N,9,9N,9N,GPS benchmark
SRR26817983,23B,23,23B,23B,GPS benchmark
ERR2667461,9V,9,9V,9V,GPS benchmark
ERR1202239,16F,16,16F,16F,GPS benchmark
ERR13365854,10A,10,10A,10A,GPS benchmark
ERR1799744,6A,6,6A,6A,GPS benchmark
SRR26834018,22F,22,22F,22F,GPS benchmark
SRR26910295,12F,12,12F,12F,GPS benchmark
ERR774161,10F,10,10F,10F,GPS benchmark
ERR913156,19A,19,19A,19A,GPS benchmark
ERR1202590,19A,19,19A,19A,GPS benchmark
ERR730787,6B,6,6B,6B,GPS benchmark
ERR13364518,19A,19,19A,19A,GPS benchmark
ERR13365044,7F,7,7F,7F,GPS benchmark
ERR568614,18C,18,18C,18C,GPS benchmark
SRR26749312,22F,22,22F,22F,GPS benchmark
SRR26834213,12F,12,12F,12F,GPS benchmark
ERR1065369,23F,23,23F,23F,GPS benchmark
SRR26910555,7C,7,7C,7C,GPS benchmark
ERR3796672,24F,24,24F,24F,GPS benchmark
ERR730469,19F,19,19F,19F,GPS benchmark
SRR26789237,8,8,8,8,GPS benchmark
ERR2089251,23F,23,23F,23F,GPS benchmark
SRR26879906,12F,12,12F,12F,GPS benchmark
ERR2091108,6B,6,6B,6E,GPS benchmark
SRR26877962,3,3,3,3,GPS benchmark
SRR26878094,19F,19,19F,19F,GPS benchmark
SRR26714927,22F,22,22F,22F,GPS benchmark
ERR3655122,19A,19,19A,19A,GPS benchmark
ERR730169,16F,16,16F,16F,GPS benchmark
ERR505651,19F,19,19F,19F,GPS benchmark
ERR1756415,19F,19,19F,19F,GPS benchmark
SRR26884581,10A,10,10A,10A,GPS benchmark
ERR505912,6A,6,6A,6A,GPS benchmark
SRR26833961,22F,22,22F,22F,GPS benchmark
ERR8481660,15A,15,15A,15A,GPS benchmark
SRR26594684,23B,23,23B,23B,GPS benchmark
ERR2091170,10A,10,10A,10A,GPS benchmark
SRR26749208,16F,16,16F,16F,GPS benchmark
SRR26714631,15B,15,15B,15B,GPS benchmark
SRR26878403,12F,12,12F,12F,GPS benchmark
ERR13365908,3,3,3,3,GPS benchmark
SRR26797658,23B,23,23B,23B,GPS benchmark
SRR26750001,3,3,3,3,GPS benchmark
ERR2667132,3,3,3,3,GPS benchmark
ERR2667448,6A,6,6A,6A,GPS benchmark
SRR26789898,10A,10,10A,10A,GPS benchmark
ERR3796637,24F,24,24F,24F,GPS benchmark
SRR26878439,8,8,8,8,GPS benchmark
ERR13366078,15B,15,15B,15B,GPS benchmark
ERR326541,9V,9,9V,9V,GPS benchmark
SRR26930204,22F,22,22F,22F,GPS benchmark
ERR600449,19F,19,19F,19F,GPS benchmark
ERR751151,6B,6,6B,6B,GPS benchmark
ERR13366011,10A,10,10A,10A,GPS benchmark
SRR26910385,3,3,3,3,GPS benchmark
ERR1066077,19A,19,19A,19A,GPS benchmark
ERR742402,7F,7,7F,7F,GPS benchmark
SRR26594735,12F,12,12F,12F,GPS benchmark
SRR26817768,10A,10,10A,10A,GPS benchmark
ERR2667484,6A,6,6A,6A,GPS benchmark
SRR26594814,8,8,8,8,GPS benchmark
SRR26818095,8,8,8,8,GPS benchmark
ERR3723883,14,14,14,14,GPS benchmark
ERR751128,6A,6,6A,6A,GPS benchmark
ERR750901,29,29,29,29,GPS benchmark
ERR714714,25F,25,25F,25F,GPS benchmark
SRR26834286,8,8,8,8,GPS benchmark
ERR997589,19A,19,19A,19A,GPS benchmark
ERR774612,13,13,13,13,GPS benchmark
ERR1453412,35B,35,35B,35D,GPS benchmark
SRR26818059,31,31,31,31,GPS benchmark
ERR433597,14,14,14,14,GPS benchmark
SRR26910236,15B,15,15A,15B,GPS benchmark
SRR26834116,8,8,8,8,GPS benchmark
ERR1065141,4,4,4,4,GPS benchmark
ERR884622,19A,19,19A,23F,GPS benchmark
ERR433855,1,1,1,1,GPS benchmark
ERR870297,3,3,3,3,GPS benchmark
SRR26817894,35F,35,35F,35F,GPS benchmark
SRR26818151,38,38,38,38,GPS benchmark
SRR26880438,22F,22,22F,22F,GPS benchmark
ERR1795475,14,14,14,14,GPS benchmark
ERR340833,9V,9,9V,9V,GPS benchmark
ERR884350,23F,23,23F,23F,GPS benchmark
ERR1422442,19F,19,19F,15C,GPS benchmark
ERR925349,37,37,37,37,GPS benchmark
ERR2090022,16F,16,16F,16F,GPS benchmark
ERR14653932,3,3,3,3,GPS benchmark
ERR2090006,6B,6,6B,6E,GPS benchmark
ERR730311,6A,6,6A,6A,GPS benchmark
SRR26594164,33F,33,33F,33F,GPS benchmark
SRR26880420,3,3,3,3,GPS benchmark
ERR730683,19A,19,19A,19A,GPS benchmark
SRR26818349,15A,15,15A,15A,GPS benchmark
ERR1066289,35B,35,35B,35B,GPS benchmark
SRR26673719,16F,16,16F,4,GPS benchmark
ERR8481549,34,34,34,34,GPS benchmark
ERR568481,1,1,1,1,GPS benchmark
ERR506023,19A,19,19A,19A,GPS benchmark
ERR980010,39,39,39,39,GPS benchmark
ERR2667756,19A,19,19A,19A,GPS benchmark
ERR714203,5,5,5,5,GPS benchmark
ERR1065387,11A,11,11A,11A,GPS benchmark
ERR2667805,14,14,14,14,GPS benchmark
ERR3796938,24F,24,24F,24F,GPS benchmark
SRR26879506,8,8,8,8,GPS benchmark
ERR3669261,4,4,4,4,GPS benchmark
SRR26879498,8,8,8,8,GPS benchmark
ERR1066117,19A,19,19A,19A,GPS benchmark
SRR26594547,8,8,8,8,GPS benchmark
ERR2090543,1,1,1,1,GPS benchmark
ERR13375026,23B,23,23B,19A,GPS benchmark
ERR1214446,28A,28,28A,28A,GPS benchmark
ERR3303347,17F,17,17F,17F,GPS benchmark
ERR662449,7C,7,7C,7C,GPS benchmark
ERR884682,19A,19,19A,19A,GPS benchmark
SRR26789763,12F,12,12F,12F,GPS benchmark
ERR2091020,1,1,1,1,GPS benchmark
SRR26880186,3,3,3,3,GPS benchmark
ERR505544,9N,9,9N,9N,GPS benchmark
SRR26715007,3,3,3,3,GPS benchmark
ERR884299,7F,7,7F,7F,GPS benchmark
ERR730635,12F,12,12F,12F,GPS benchmark
ERR845766,14,14,14,14,GPS benchmark
ERR13364876,21,21,21,21,GPS benchmark
ERR13365523,3,3,3,3,GPS benchmark
ERR742709,14,14,14,14,GPS benchmark
ERR633092,23B,23,23B,23B,GPS benchmark
ERR908859,20A,20,20A,20A,GPS benchmark
ERR13364522,14,14,14,14,GPS benchmark
SRR26594773,12F,12,12F,12F,GPS benchmark
ERR3899502,1,1,1,1,GPS benchmark
SRR26884207,19A,19,19A,19A,GPS benchmark
SRR26910708,12F,12,12F,12F,GPS benchmark
ERR1788053,14,14,14,14,GPS benchmark
ERR980079,23F,23,23F,23F,GPS benchmark
ERR1065751,16F,16,16F,16F,GPS benchmark
SRR26910610,8,8,8,8,GPS benchmark
ERR3303158,1,1,1,1,GPS benchmark
SRR26834301,3,3,3,3,GPS benchmark
ERR2090648,22F,22,22F,22F,GPS benchmark
SRR26884480,15A,15,15A,19A,GPS benchmark
ERR2089392,12F,12,19F,6C,GPS benchmark
SRR26790167,15B,15,15A,15B,GPS benchmark
ERR876690,23F,23,23F,23F,GPS benchmark
SRR26880165,18C,18,18C,18C,GPS benchmark
SRR26834024,1,1,1,1,GPS benchmark
ERR662415,7F,7,7F,7F,GPS benchmark
SRR26880110,15C,15,15B,15C,GPS benchmark
ERR3796837,24F,24,24F,24F,GPS benchmark
ERR884472,19A,19,19A,19A,GPS benchmark
SRR26878568,8,8,8,8,GPS benchmark
SRR26910338,31,31,31,31,GPS benchmark
SRR26714489,22F,22,22F,22F,GPS benchmark
SRR26594910,23A,23,23A,23A,GPS benchmark
ERR2090016,15A,15,15A,15A,GPS benchmark
ERR909085,6A,6,6A,6A,GPS benchmark
SRR26877983,35F,35,35F,35F,GPS benchmark
ERR13365878,17F,17,17F,17F,GPS benchmark
ERR2667521,1,1,1,1,GPS benchmark
ERR925270,23A,23,23A,23A,GPS benchmark
ERR316659,9L,9,9L,9L,GPS benchmark
ERR600241,7F,7,7F,7F,GPS benchmark
SRR26594520,17F,17,17F,17F,GPS benchmark
ERR736907,14,14,14,14,GPS benchmark
SRR26594933,3,3,3,3,GPS benchmark
SRR26789383,9N,9,9N,9N,GPS benchmark
ERR433551,23F,23,23F,23F,GPS benchmark
SRR26594210,11A,11,11A,11E,GPS benchmark
SRR26673702,23A,23,4,9V,GPS benchmark
ERR1192034,19F,19,19F,19F,GPS benchmark
SRR26673080,10A,10,10A,10A,GPS benchmark
SRR26834006,3,3,3,3,GPS benchmark
ERR884390,6B,6,6B,6E,GPS benchmark
ERR3899358,22F,22,22F,22F,GPS benchmark
ERR2680960,6A,6,6B,6A,GPS benchmark
ERR600368,9V,9,9V,9V,GPS benchmark
SRR26930250,3,3,3,3,GPS benchmark
ERR1066324,6A,6,6A,6A,GPS benchmark
ERR2089680,1,1,1,1,GPS benchmark
ERR774202,35D,35,35B,35B,GPS benchmark
SRR26797779,19A,19,19A,19A,GPS benchmark
ERR714171,34,34,34,34,GPS benchmark
SRR26714913,6C,6,6C,6C,GPS benchmark
ERR2612059,35B,35,35B,35B,GPS benchmark
SRR26880168,8,8,8,8,GPS benchmark
ERR632950,19F,19,19F,19F,GPS benchmark
SRR26749586,3,3,3,3,GPS benchmark
SRR26878103,20B,20,20B,20B,GPS benchmark
SRR26818540,16F,16,16F,4,GPS benchmark
ERR925179,19F,19,19F,19F,GPS benchmark
ERR600328,14,14,14,14,GPS benchmark
SRR26833965,9N,9,9N,9N,GPS benchmark
ERR980126,23F,23,23F,23F,GPS benchmark
SRR26879805,15A,15,15A,15A,GPS benchmark
SRR26931891,9N,9,9N,9N,GPS benchmark
ERR701784,38,38,38,38,GPS benchmark
ERR467045,1,1,1,1,GPS benchmark
ERR1453564,19F,19,19F,21,GPS benchmark
ERR2668149,6B,6,6A,6A,GPS benchmark
SRR26749873,19A,19,19A,19A,GPS benchmark
ERR751073,5,5,5,5,GPS benchmark
ERR1192027,34,34,34,34,GPS benchmark
ERR2091286,12F,12,12F,12F,GPS benchmark
SRR26673043,12F,12,12F,12F,GPS benchmark
ERR433508,16F,16,16F,45,GPS benchmark
ERR913476,8,8,8,8,GPS benchmark
SRR26790184,12F,12,12F,12F,GPS benchmark
SRR26672796,12F,12,12F,12F,GPS benchmark
ERR3796626,24F,24,24F,24F,GPS benchmark
SRR26883914,10A,10,10A,10A,GPS benchmark
ERR751169,19A,19,19A,19A,GPS benchmark
SRR26884667,16F,16,16F,4,GPS benchmark
ERR3796791,24F,24,24F,24F,GPS benchmark
SRR26790104,8,8,8,8,GPS benchmark
SRR26884059,8,8,8,8,GPS benchmark
ERR13364945,6B,6,6A,6A,GPS benchmark
SRR26818008,8,8,8,8,GPS benchmark
SRR26880362,12F,12,12F,12F,GPS benchmark
SRR26880171,12F,12,12F,46,GPS benchmark
ERR600515,13,13,13,13,GPS benchmark
ERR2681101,6A,6,6A,6A,GPS benchmark
SRR26594354,10A,10,10A,10A,GPS benchmark
ERR13366225,14,14,14,14,GPS benchmark
ERR1066304,1,1,1,1,GPS benchmark
ERR1202302,10B,10,10B,10B,GPS benchmark
SRR26714737,8,8,8,8,GPS benchmark
SRR26594719,9N,9,9N,9N,GPS benchmark
SRR26715034,22F,22,22F,22F,GPS benchmark
SRR26594401,12F,12,12F,12F,GPS benchmark
SRR26797041,3,3,3,3,GPS benchmark
SRR26834432,8,8,8,8,GPS benchmark
ERR2090059,12F,12,12F,12F,GPS benchmark
ERR984280,11A,11,11A,11A,GPS benchmark
SRR26749818,15B,15,15B,15B,GPS benchmark
ERR3270719,6A,6,6A,6A,GPS benchmark
ERR331163,6C,6,6C,6C,GPS benchmark
ERR2680991,6A,6,6A,6A,GPS benchmark
ERR2091044,5,5,5,5,GPS benchmark
ERR449260,1,1,1,1,GPS benchmark
SRR26749319,10A,10,10A,10A,GPS benchmark
ERR13365879,3,3,3,3,GPS benchmark
ERR2667817,7F,7,7F,7F,GPS benchmark
SRR26749352,15C,15,15C,15C,GPS benchmark
ERR900700,12F,12,12F,21,GPS benchmark
ERR1065503,16F,16,16F,16F,GPS benchmark
SRR26797231,9N,9,9N,9N,GPS benchmark
ERR3669296,6C,6,6C,6D,GPS benchmark
ERR774173,23F,23,23F,23F,GPS benchmark
SRR26818129,8,8,8,8,GPS benchmark
SRR26594739,9N,9,9N,9N,GPS benchmark
SRR26930975,33F,33,33F,33F,GPS benchmark
SRR26930241,8,8,8,8,GPS benchmark
ERR7567861,1,1,1,1,GPS benchmark
ERR2089713,18B,18,18B,18B,GPS benchmark
ERR774368,16F,16,16F,16F,GPS benchmark
SRR26714601,12F,12,12F,12F,GPS benchmark
SRR26797058,22F,22,22F,22F,GPS benchmark
SRR26930999,8,8,8,8,GPS benchmark
ERR1430803,19A,19,19A,19A,GPS benchmark
SRR26714383,8,8,8,8,GPS benchmark
ERR1202611,14,14,14,14,GPS benchmark
SRR26594309,3,3,3,3,GPS benchmark
ERR714360,46,46,46,46,GPS benchmark
SRR26834484,8,8,8,8,GPS benchmark
ERR13365012,9N,9,9N,9N,GPS benchmark
ERR13365600,4,4,4,9V,GPS benchmark
SRR26931849,8,8,8,8,GPS benchmark
SRR26884218,8,8,8,8,GPS benchmark
ERR997499,10A,10,10A,10A,GPS benchmark
SRR26749467,7C,7,7C,7C,GPS benchmark
ERR13364463,10A,10,10A,10A,GPS benchmark
SRR26931675,8,8,8,8,GPS benchmark
ERR909102,7C,7,7C,7C,GPS benchmark
SRR26930850,8,8,8,8,GPS benchmark
ERR1065146,11A,11,11A,11A,GPS benchmark
SRR26789985,23A,23,23A,23A,GPS benchmark
SRR26789932,23A,23,23A,23A,GPS benchmark
SRR26673078,35F,35,35F,35F,GPS benchmark
ERR925272,8,8,8,8,GPS benchmark
ERR433971,7F,7,7F,7F,GPS benchmark
ERR433804,1,1,1,1,GPS benchmark
ERR1066308,10A,10,10A,10A,GPS benchmark
ERR7567995,16F,16,16F,16F,GPS benchmark
SRR26834442,3,3,3,3,GPS benchmark
SRR26879641,17F,17,17F,17F,GPS benchmark
ERR908931,6B,6,6B,6B,GPS benchmark
ERR570403,13,13,13,13,GPS benchmark
ERR730755,16F,16,16F,16F,GPS benchmark
SRR26672860,23B,23,23B,23B,GPS benchmark
SRR26818627,23B,23,23B,23B,GPS benchmark
ERR750979,5,5,5,5,GPS benchmark
SRR26834303,23A,23,23A,23A,GPS benchmark
ERR568669,23F,23,23F,23F,GPS benchmark
SRR26910390,17F,17,17F,17F,GPS benchmark
SRR26749904,10A,10,10A,10A,GPS benchmark
ERR633028,14,14,14,14,GPS benchmark
ERR730362,19A,19,19A,19A,GPS benchmark
ERR2667532,5,5,5,5,GPS benchmark
ERR774274,6A,6,6A,6A,GPS benchmark
SRR26879524,12F,12,12F,12F,GPS benchmark
ERR1795453,14,14,14,14,GPS benchmark
ERR2090773,2,2,2,2,GPS benchmark
ERR1066149,16F,16,16F,16F,GPS benchmark
SRR26789611,3,3,3,3,GPS benchmark
SRR26714382,9N,9,9N,9N,GPS benchmark
ERR730486,19A,19,19A,19A,GPS benchmark
SRR26797066,15C,15,15C,15C,GPS benchmark
ERR505593,19F,19,19F,19F,GPS benchmark
SRR26880274,9N,9,9N,9N,GPS benchmark
SRR26833947,15A,15,15A,15A,GPS benchmark
SRR26910368,8,8,8,8,GPS benchmark
SRR26714090,8,8,8,8,GPS benchmark
SRR26818036,3,3,3,3,GPS benchmark
SRR26911209,19F,19,19F,19F,GPS benchmark
ERR980292,21,21,21,21,GPS benchmark
ERR13374831,22F,22,22F,22F,GPS benchmark
ERR3669346,16F,16,16F,16F,GPS benchmark
SRR26910467,15A,15,15A,15A,GPS benchmark
SRR26595010,33F,33,33F,33F,GPS benchmark
ERR714226,1,1,1,1,GPS benchmark
ERR1202399,46,46,46,12B,GPS benchmark
SRR26878420,8,8,8,8,GPS benchmark
ERR568678,19A,19,19A,19A,GPS benchmark
ERR701843,19F,19,19F,19F,GPS benchmark
SRR26714266,12F,12,12F,12F,GPS benchmark
ERR501551,6B,6,6B,6A,GPS benchmark
SRR26789776,15A,15,15A,15A,GPS benchmark
ERR3796760,24F,24,24F,24F,GPS benchmark
SRR26714959,3,3,3,3,GPS benchmark
ERR425483,8,8,8,8,GPS benchmark
ERR4289072,16F,16,16F,16F,GPS benchmark
SRR26930289,19F,19,19F,19F,GPS benchmark
ERR319328,6B,6,6B,48,GPS benchmark
SRR26714783,8,8,8,8,GPS benchmark
SRR26910779,22F,22,22F,22F,GPS benchmark
SRR26789747,8,8,8,8,GPS benchmark
ERR742638,19A,19,19A,19A,GPS benchmark
ERR331396,19A,19,19A,19A,GPS benchmark
ERR2089029,19F,19,19F,19F,GPS benchmark
ERR13366246,8,8,8,8,GPS benchmark
SRR26714235,8,8,8,8,GPS benchmark
ERR884316,1,1,1,1,GPS benchmark
ERR980236,17F,17,17F,17F,GPS benchmark
ERR913089,9N,9,9L,9L,GPS benchmark
ERR8481871,19A,19,19A,19A,GPS benchmark
ERR311099,23A,23,23A,23A,GPS benchmark
ERR884405,9V,9,9V,9V,GPS benchmark
ERR326570,14,14,14,22F,GPS benchmark
SRR26884684,8,8,8,8,GPS benchmark
SRR26594756,19A,19,19A,19A,GPS benchmark
ERR13365897,3,3,3,3,GPS benchmark
SRR26879801,33F,33,33F,33F,GPS benchmark
ERR600405,14,14,14,14,GPS benchmark
ERR900686,6A,6,6A,6A,GPS benchmark
ERR1430870,1,1,1,1,GPS benchmark
ERR862448,14,14,14,14,GPS benchmark
SRR26817868,8,8,8,8,GPS benchmark
ERR2667994,12F,12,12F,46,GPS benchmark
SRR26884618,8,8,8,8,GPS benchmark
SRR26834167,16F,16,16F,16F,GPS benchmark
ERR1453346,21,21,21,21,GPS benchmark
ERR862378,21,21,21,21,GPS benchmark
ERR13365892,10A,10,10A,10A,GPS benchmark
ERR730162,21,21,21,21,GPS benchmark
ERR908993,18C,18,18C,18B,GPS benchmark
ERR600112,22F,22,22F,22F,GPS benchmark
ERR7568037,8,8,8,8,GPS benchmark
ERR979907,1,1,1,45,GPS benchmark
SRR26594544,22F,22,22F,22F,GPS benchmark
ERR316835,4,4,4,4,GPS benchmark
ERR773859,6A,6,6A,6A,GPS benchmark
SRR26878446,33F,33,33F,33F,GPS benchmark
SRR26594691,3,3,3,3,GPS benchmark
ERR980343,6A,6,6A,6A,GPS benchmark
ERR2667106,3,3,3,3,GPS benchmark
SRR26878280,9N,9,9N,9N,GPS benchmark
SRR26797789,3,3,3,3,GPS benchmark
ERR2667906,19F,19,19F,19F,GPS benchmark
SRR26879915,35F,35,35F,35F,GPS benchmark
SRR26790209,8,8,8,8,GPS benchmark
ERR2089811,5,5,5,5,GPS benchmark
ERR870283,23F,23,23F,23F,GPS benchmark
ERR2681176,6A,6,6A,6A,GPS benchmark
ERR862366,13,13,13,13,GPS benchmark
ERR862501,34,34,34,34,GPS benchmark
ERR646595,6B,6,6B,6E,GPS benchmark
ERR751193,6B,6,6B,6A,GPS benchmark
SRR26673260,8,8,8,8,GPS benchmark
ERR13375047,8,8,8,8,GPS benchmark
ERR773971,8,8,8,8,GPS benchmark
ERR331144,6B,6,6B,21,GPS benchmark
ERR913374,1,1,1,1,GPS benchmark
ERR1191941,3,3,3,3,GPS benchmark
SRR26833656,8,8,8,8,GPS benchmark
ERR773987,18A,18,18A,18A,GPS benchmark
ERR2612091,19A,19,19A,19A,GPS benchmark
ERR908933,12B,12,46,12B,GPS benchmark
ERR338242,1,1,1,1,GPS benchmark
ERR714162,1,1,1,1,GPS benchmark
SRR26910583,3,3,3,3,GPS benchmark
ERR1065249,4,4,4,4,GPS benchmark
ERR2667853,3,3,3,3,GPS benchmark
SRR26789738,7C,7,7C,7C,GPS benchmark
ERR773979,14,14,14,14,GPS benchmark
ERR2089859,23F,23,23F,23F,GPS benchmark
ERR750824,6B,6,6B,6E,GPS benchmark
ERR13364661,3,3,3,3,GPS benchmark
SRR26931755,28A,28,28A,28A,GPS benchmark
ERR3796908,24F,24,24F,24F,GPS benchmark
ERR913262,19A,19,19A,19A,GPS benchmark
ERR997544,11A,11,11A,11A,GPS benchmark
SRR26834277,35B,35,35B,35B,GPS benchmark
SRR26931677,35B,35,35B,35B,GPS benchmark
ERR2089791,5,5,5,5,GPS benchmark
ERR2681084,19A,19,19A,19A,GPS benchmark
ERR2667500,6B,6,6B,6E,GPS benchmark
ERR600576,23F,23,23F,23F,GPS benchmark
SRR26749349,8,8,8,8,GPS benchmark
ERR1065151,16F,16,16F,16F,GPS benchmark
SRR26789404,3,3,3,3,GPS benchmark
ERR13365436,19A,19,19A,19A,GPS benchmark
ERR870262,1,1,1,1,GPS benchmark
SRR26930909,10A,10,10A,10A,GPS benchmark
ERR433511,12F,12,12F,46,GPS benchmark
ERR13364760,7F,7,7F,7F,GPS benchmark
SRR26714938,33F,33,33F,33F,GPS benchmark
SRR26673184,3,3,3,3,GPS benchmark
SRR26878340,12F,12,12F,12F,GPS benchmark
ERR2091208,12F,12,12F,12F,GPS benchmark
ERR2090513,9V,9,9V,9V,GPS benchmark
SRR26931643,33F,33,33F,33F,GPS benchmark
ERR433523,18C,18,18C,18C,GPS benchmark
SRR26930265,9N,9,9N,9N,GPS benchmark
ERR13374614,3,3,3,3,GPS benchmark
ERR316700,19F,19,19F,28A,GPS benchmark
ERR13365547,20A,20,20A,20A,GPS benchmark
SRR26931729,31,31,31,31,GPS benchmark
ERR505958,19F,19,19F,19F,GPS benchmark
SRR26673181,8,8,8,8,GPS benchmark
ERR774333,35B,35,35B,35B,GPS benchmark
ERR13365254,3,3,3,3,GPS benchmark
SRR26797400,8,8,8,8,GPS benchmark
ERR3303404,1,1,1,1,GPS benchmark
SRR26910554,11A,11,11A,11E,GPS benchmark
ERR316737,6B,6,6B,6B,GPS benchmark
ERR3303278,24A,24,24A,24A,GPS benchmark
SRR26884266,33F,33,33F,33F,GPS benchmark
SRR26878571,8,8,8,8,GPS benchmark
ERR1065178,6B,6,6B,6B,GPS benchmark
ERR3796621,24F,24,24F,24F,GPS benchmark
SRR26834148,11A,11,11A,11E,GPS benchmark
SRR26714192,10A,10,10A,10A,GPS benchmark
ERR2089224,6B,6,6B,6E,GPS benchmark
ERR326354,6B,6,6B,15A,GPS benchmark
ERR2090231,6D,6,6D,6D,GPS benchmark
SRR26930925,15A,15,15A,15A,GPS benchmark
SRR26749501,22F,22,22F,22F,GPS benchmark
ERR1065641,35B,35,35B,35B,GPS benchmark
SRR26818247,8,8,8,8,GPS benchmark
SRR26818224,9N,9,9N,9N,GPS benchmark
SRR26910632,3,3,3,3,GPS benchmark
SRR26797382,19F,19,19F,10F,GPS benchmark
SRR26879751,22F,22,22F,22F,GPS benchmark
SRR26910721,19A,19,19A,19A,GPS benchmark
SRR26930782,9N,9,9N,9N,GPS benchmark
ERR13365999,3,3,3,3,GPS benchmark
ERR730782,9V,9,9V,9V,GPS benchmark
SRR26789380,12F,12,12F,12F,GPS benchmark
SRR26930315,9N,9,9N,9N,GPS benchmark
SRR26880276,8,8,8,8,GPS benchmark
ERR2091234,9V,9,9V,9V,GPS benchmark
ERR1788311,19F,19,19F,19F,GPS benchmark
ERR2089599,23B,23,23B,23B,GPS benchmark
ERR751038,7F,7,7F,7F,GPS benchmark
ERR13366104,23B,23,23B,23B,GPS benchmark
ERR13374624,14,14,14,14,GPS benchmark
SRR26884321,11A,11,11A,11E,GPS benchmark
SRR26834419,8,8,8,8,GPS benchmark
ERR2089988,14,14,14,14,GPS benchmark
ERR1202447,19A,19,19A,19A,GPS benchmark
SRR26910526,9N,9,9N,9N,GPS benchmark
ERR13364568,4,4,4,4,GPS benchmark
ERR2090981,9V,9,9V,9V,GPS benchmark
ERR2090895,2,2,2,2,GPS benchmark
SRR26884214,8,8,8,8,GPS benchmark
ERR714692,14,14,14,14,GPS benchmark
SRR26931635,11A,11,11A,11A,GPS benchmark
SRR26884691,8,8,8,8,GPS benchmark
SRR26931356,3,3,3,3,GPS benchmark
ERR13365513,6C,6,6C,6C,GPS benchmark
ERR736932,12F,12,12F,12F,GPS benchmark
ERR2090675,12F,12,12F,12F,GPS benchmark
ERR13365017,3,3,3,3,GPS benchmark
ERR13375057,6A,6,6A,6A,GPS benchmark
ERR2667201,24F,24,24F,24F,GPS benchmark
ERR884466,19A,19,19A,19A,GPS benchmark
SRR26910851,9N,9,9N,9N,GPS benchmark
ERR730419,23F,23,23F,23F,GPS benchmark
ERR646573,6B,6,6B,6B,GPS benchmark
SRR26797721,12F,12,12F,12F,GPS benchmark
SRR26714613,12F,12,12F,12F,GPS benchmark
ERR505888,7F,7,7F,7F,GPS benchmark
ERR331166,6B,6,6B,23F,GPS benchmark
SRR26817860,16F,16,16F,16F,GPS benchmark
ERR3899371,22F,22,22F,22F,GPS benchmark
ERR586391,19A,19,19A,19A,GPS benchmark
SRR26879779,8,8,8,8,GPS benchmark
ERR425439,9V,9,9V,9V,GPS benchmark
SRR26930716,8,8,8,8,GPS benchmark
ERR505983,14,14,14,14,GPS benchmark
SRR26714401,19F,19,19F,9V,GPS benchmark
ERR1214341,11A,11,11A,11E,GPS benchmark
ERR997549,6B,6,6B,6E,GPS benchmark
SRR26833727,10A,10,10A,10A,GPS benchmark
SRR26714720,3,3,3,3,GPS benchmark
ERR8481613,15F,15,15F,15F,GPS benchmark
ERR14653923,23F,23,23F,23F,GPS benchmark
ERR2667522,22F,22,22F,22F,GPS benchmark
ERR505486,28A,28,28A,28A,GPS benchmark
ERR2667211,24F,24,24F,24F,GPS benchmark
SRR26884662,8,8,8,8,GPS benchmark
ERR1202208,19A,19,19A,19A,GPS benchmark
SRR26817873,9N,9,9N,9N,GPS benchmark
ERR13365250,21,21,21,21,GPS benchmark
ERR326403,6C,6,6C,6C,GPS benchmark
ERR13364388,3,3,3,3,GPS benchmark
SRR26818153,3,3,3,3,GPS benchmark
ERR876462,6B,6,6B,6B,GPS benchmark
SRR26790155,8,8,8,8,GPS benchmark
ERR340896,6B,6,6B,6A,GPS benchmark
ERR1788067,18C,18,18C,18C,GPS benchmark
SRR26877909,12F,12,12F,12F,GPS benchmark
SRR26714838,3,3,3,3,GPS benchmark
ERR2667327,19A,19,19F,19A,GPS benchmark
ERR1756477,8,8,8,8,GPS benchmark
ERR1658131,7B,7,7B,7B,GPS benchmark
SRR26884516,23B,23,23B,23B,GPS benchmark
ERR884577,7F,7,7F,7F,GPS benchmark
ERR632976,23F,23,23F,23F,GPS benchmark
ERR2667310,14,14,14,14,GPS benchmark
SRR26714295,11A,11,11A,11E,GPS benchmark
SRR26878196,7F,7,7F,7F,GPS benchmark
ERR505490,23F,23,23F,9V,GPS benchmark
ERR876463,14,14,14,14,GPS benchmark
ERR1192061,11A,11,11A,11A,GPS benchmark
ERR1422613,23F,23,23F,23F,GPS benchmark
ERR773819,38,38,38,38,GPS benchmark
ERR2090819,12F,12,12F,12F,GPS benchmark
ERR13374856,23F,23,23F,23F,GPS benchmark
SRR26714132,3,3,3,3,GPS benchmark
ERR13365439,15B,15,15B,15B,GPS benchmark
ERR1065504,23F,23,23F,23F,GPS benchmark
SRR26880157,8,8,8,8,GPS benchmark
SRR26749419,17F,17,17F,17F,GPS benchmark
ERR2089275,6A,6,6A,6A,GPS benchmark
SRR26910654,15A,15,15A,9L,GPS benchmark
ERR13365566,3,3,3,3,GPS benchmark
SRR26931211,19A,19,19A,19A,GPS benchmark
SRR26879571,23B,23,23B,23B,GPS benchmark
SRR26594701,31,31,31,31,GPS benchmark
ERR596409,19A,19,19A,9L,GPS benchmark
ERR13366073,3,3,3,3,GPS benchmark
SRR26834436,15C,15,15C,15C,GPS benchmark
SRR26910409,9N,9,9N,9N,GPS benchmark
ERR568691,19F,19,19F,19F,GPS benchmark
ERR438978,1,1,1,1,GPS benchmark
SRR26749454,15B,15,15A,35C,GPS benchmark
ERR1065920,13,13,13,13,GPS benchmark
ERR1106692,9V,9,9V,9V,GPS benchmark
ERR979971,22F,22,22F,22F,GPS benchmark
ERR600547,6B,6,6B,6B,GPS benchmark
SRR26789958,3,3,3,3,GPS benchmark
SRR26930313,21,21,21,21,GPS benchmark
SRR26878402,23B,23,23B,23B,GPS benchmark
ERR2090861,12F,12,12F,12F,GPS benchmark
ERR2091265,38,38,38,25A,GPS benchmark
ERR13364548,38,38,38,38,GPS benchmark
ERR1202600,1,1,1,1,GPS benchmark
ERR13364635,14,14,14,14,GPS benchmark
ERR751101,6B,6,6B,6A,GPS benchmark
SRR26878621,9N,9,9N,9N,GPS benchmark
SRR26789216,12F,12,12F,12F,GPS benchmark
ERR2090241,4,4,4,4,GPS benchmark
SRR26834276,38,38,38,38,GPS benchmark
ERR2091016,1,1,1,1,GPS benchmark
SRR26797578,3,3,3,3,GPS benchmark
SRR26789853,9N,9,9N,9N,GPS benchmark
ERR13374748,6C,6,6C,6C,GPS benchmark
ERR1795492,1,1,1,1,GPS benchmark
SRR26911176,8,8,8,8,GPS benchmark
ERR1788248,6A,6,6A,6A,GPS benchmark
ERR1065230,34,34,19F,25A,GPS benchmark
ERR884401,14,14,14,14,GPS benchmark
ERR505589,23F,23,23F,23F,GPS benchmark
SRR26790081,3,3,3,3,GPS benchmark
ERR1430842,1,1,1,1,GPS benchmark
ERR2091046,5,5,5,5,GPS benchmark
SRR26715026,3,3,3,3,GPS benchmark
ERR742729,6A,6,6B,6A,GPS benchmark
ERR3899476,14,14,14,14,GPS benchmark
ERR3164125,14,14,14,14,GPS benchmark
SRR26714492,15A,15,15A,15A,GPS benchmark
ERR600269,1,1,1,1,GPS benchmark
ERR862340,4,4,4,11C,GPS benchmark
SRR26884394,9N,9,9N,9N,GPS benchmark
ERR730758,6C,6,6C,6C,GPS benchmark
SRR26818246,8,8,8,8,GPS benchmark
SRR26911049,19A,19,19A,19A,GPS benchmark
ERR1065699,14,14,14,14,GPS benchmark
ERR2089589,14,14,14,14,GPS benchmark
ERR13374945,9N,9,9N,9N,GPS benchmark
SRR26817764,33F,33,33F,33F,GPS benchmark
ERR13374830,23F,23,23F,23F,GPS benchmark
ERR4501357,24F,24,24F,24F,GPS benchmark
ERR2089067,11B,11,11C,11B,GPS benchmark
ERR884396,14,14,14,14,GPS benchmark
ERR433930,21,21,21,21,GPS benchmark
SRR26818686,31,31,31,31,GPS benchmark
SRR26884216,15A,15,15A,15A,GPS benchmark
SRR26879848,38,38,38,38,GPS benchmark
ERR3669300,11A,11,11A,11A,GPS benchmark
ERR13365504,4,4,4,4,GPS benchmark
ERR870196,17F,17,17F,17F,GPS benchmark
SRR26749619,9N,9,9N,9N,GPS benchmark
SRR26834256,8,8,8,8,GPS benchmark
ERR1453778,7C,7,7C,7C,GPS benchmark
ERR2853695,19A,19,19A,19A,GPS benchmark
SRR26789856,19A,19,19A,19A,GPS benchmark
SRR26931600,15A,15,15A,15A,GPS benchmark
SRR26880126,9N,9,9N,9N,GPS benchmark
ERR913259,23F,23,23F,23F,GPS benchmark
ERR3270862,11A,11,11A,11A,GPS benchmark
SRR26878406,19F,19,19F,19F,GPS benchmark
ERR1065277,11A,11,11A,11A,GPS benchmark
ERR730370,19F,19,19F,19F,GPS benchmark
ERR13374725,23F,23,23F,23F,GPS benchmark
SRR26911154,35F,35,35F,35F,GPS benchmark
ERR490725,3,3,3,3,GPS benchmark
ERR1430811,19A,19,19A,19A,GPS benchmark
SRR26797180,22F,22,22F,22F,GPS benchmark
ERR3270843,33B,33,33B,33B,GPS benchmark
ERR340829,8,8,8,8,GPS benchmark
SRR26673425,12F,12,12F,12F,GPS benchmark
ERR2090102,19A,19,19A,19A,GPS benchmark
ERR2853437,19A,19,19A,19A,GPS benchmark
SRR26930526,19F,19,19F,19F,GPS benchmark
ERR774079,35B,35,35B,35B,GPS benchmark
ERR1756399,28F,28,28F,28F,GPS benchmark
ERR2091109,23F,23,23F,23F,GPS benchmark
ERR909002,15A,15,15A,15A,GPS benchmark
ERR1202075,5,5,5,5,GPS benchmark
ERR501496,23F,23,23F,23F,GPS benchmark
ERR984252,22A,22,22A,22A,GPS benchmark
ERR331444,5,5,5,5,GPS benchmark
SRR26818237,16F,16,16F,4,GPS benchmark
ERR1788304,3,3,3,3,GPS benchmark
SRR26749988,33F,33,33F,33F,GPS benchmark
ERR13365464,8,8,8,8,GPS benchmark
ERR4501425,19A,19,19A,19A,GPS benchmark
ERR925091,19F,19,19F,10A,GPS benchmark
ERR3899415,9L,9,9N,9L,GPS benchmark
SRR26594678,12F,12,12F,12F,GPS benchmark
ERR13366231,46,46,46,12B,GPS benchmark
ERR1191985,16F,16,16F,16F,GPS benchmark
ERR2090504,14,14,14,14,GPS benchmark
ERR1065374,16F,16,16F,16F,GPS benchmark
SRR26594207,1,1,1,1,GPS benchmark
ERR730567,14,14,14,14,GPS benchmark
SRR26798004,8,8,8,8,GPS benchmark
ERR2090196,14,14,14,14,GPS benchmark
ERR501525,7C,7,7C,7C,GPS benchmark
ERR1788501,19F,19,19F,19F,GPS benchmark
ERR316790,34,34,34,34,GPS benchmark
SRR26817852,8,8,8,8,GPS benchmark
ERR730380,5,5,5,5,GPS benchmark
ERR13365536,22F,22,22F,22F,GPS benchmark
ERR4501351,24F,24,24F,24F,GPS benchmark
ERR1214578,19F,19,19F,19F,GPS benchmark
ERR433792,22A,22,22A,22A,GPS benchmark
ERR1658171,46,46,46,46,GPS benchmark
SRR26797752,34,34,34,34,GPS benchmark
SRR26878119,12F,12,12F,12F,GPS benchmark
ERR2090950,19F,19,19F,19F,GPS benchmark
ERR2090184,7B,7,7B,7B,GPS benchmark
SRR26878064,31,31,31,31,GPS benchmark
ERR742832,24F,24,24F,24F,GPS benchmark
ERR568594,6B,6,6B,6B,GPS benchmark
SRR26715006,35B,35,35B,35D,GPS benchmark
ERR730771,38,38,38,38,GPS benchmark
ERR13364447,3,3,3,3,GPS benchmark
ERR701790,9V,9,9V,46,GPS benchmark
ERR3831141,24F,24,24F,24F,GPS benchmark
SRR26749321,22F,22,22F,22F,GPS benchmark
ERR925274,34,34,34,34,GPS benchmark
ERR913433,34,34,34,34,GPS benchmark
SRR26930531,12F,12,12F,12F,GPS benchmark
ERR13365809,35F,35,35F,35F,GPS benchmark
SRR26818047,15C,15,15C,15B,GPS benchmark
ERR1788152,9N,9,9N,9N,GPS benchmark
SRR26878741,22F,22,22F,22F,GPS benchmark
ERR2089958,21,21,21,21,GPS benchmark
SRR26833540,15A,15,15A,15A,GPS benchmark
ERR1065607,6B,6,6B,6B,GPS benchmark
ERR600111,23B,23,23B,23B,GPS benchmark
ERR714484,19F,19,19F,19F,GPS benchmark
SRR26749306,3,3,3,3,GPS benchmark
ERR2680955,1,1,1,1,GPS benchmark
ERR1422507,35F,35,35F,35F,GPS benchmark
ERR870049,12F,12,12F,12F,GPS benchmark
ERR2089728,6B,6,6B,6E,GPS benchmark
ERR7567982,22F,22,22F,22F,GPS benchmark
ERR1658189,6A,6,6A,6A,GPS benchmark
ERR433775,6B,6,6B,6A,GPS benchmark
ERR2089336,29,29,29,29,GPS benchmark
ERR742845,5,5,5,5,GPS benchmark
ERR3303440,23F,23,23F,23F,GPS benchmark
SRR26817836,3,3,3,3,GPS benchmark
ERR326691,8,8,8,8,GPS benchmark
SRR26931475,12F,12,12F,12F,GPS benchmark
SRR26910872,23B,23,23B,23B,GPS benchmark
ERR1430894,23F,23,23F,23F,GPS benchmark
ERR742866,7F,7,7F,7F,GPS benchmark
SRR26878076,22F,22,22F,22F,GPS benchmark
ERR331453,4,4,4,4,GPS benchmark
ERR3899505,19F,19,19F,19F,GPS benchmark
ERR2853519,19A,19,19A,19A,GPS benchmark
ERR13364746,4,4,4,4,GPS benchmark
ERR913530,38,38,38,38,GPS benchmark
ERR730856,16F,16,16F,16F,GPS benchmark
ERR1065342,6A,6,6A,6A,GPS benchmark
SRR26797452,19F,19,19F,19F,GPS benchmark
ERR1799703,1,1,1,1,GPS benchmark
ERR773986,12F,12,12F,12F,GPS benchmark
SRR26749297,12F,12,12F,33D,GPS benchmark
SRR26714258,9N,9,9N,9N,GPS benchmark
ERR8481756,9N,9,9N,9N,GPS benchmark
SRR26817869,34,34,34,34,GPS benchmark
ERR331117,6C,6,6C,6C,GPS benchmark
ERR3270744,33F,33,33F,33F,GPS benchmark
ERR2089319,19A,19,19A,19A,GPS benchmark
SRR26797538,8,8,8,8,GPS benchmark
SRR26797143,15B,15,15B,15C,GPS benchmark
SRR26931670,8,8,8,8,GPS benchmark
SRR26749966,8,8,8,8,GPS benchmark
SRR26931882,8,8,8,8,GPS benchmark
SRR26931611,19A,19,19A,29,GPS benchmark
SRR26878572,3,3,3,3,GPS benchmark
SRR26930420,9N,9,9N,11C,GPS benchmark
SRR26817811,31,31,31,31,GPS benchmark
ERR1540718,19F,19,19F,19F,GPS benchmark
ERR3303332,6B,6,6B,6B,GPS benchmark
ERR2089476,22F,22,22F,22F,GPS benchmark
ERR1214556,18C,18,18C,18B,GPS benchmark
SRR26911203,23B,23,23B,23B,GPS benchmark
ERR869955,13,13,13,13,GPS benchmark
ERR773994,6B,6,6B,6B,GPS benchmark
SRR26750066,22F,22,22F,22F,GPS benchmark
ERR979982,6A,6,6A,6A,GPS benchmark
ERR1422649,19A,19,19A,19A,GPS benchmark
ERR425378,14,14,14,14,GPS benchmark
ERR750892,6B,6,6B,6B,GPS benchmark
ERR862405,6B,6,6B,6B,GPS benchmark
ERR1453391,6B,6,6B,6E,GPS benchmark
SRR26884285,19A,19,19A,19A,GPS benchmark
ERR1214410,6A,6,6A,6A,GPS benchmark
SRR26749390,8,8,8,8,GPS benchmark
ERR730327,19A,19,19A,19A,GPS benchmark
ERR870160,6B,6,6B,6E,GPS benchmark
SRR26673364,33F,33,33F,33F,GPS benchmark
ERR900703,19F,19,19F,19F,GPS benchmark
ERR568458,6B,6,6B,6B,GPS benchmark
SRR26834207,35B,35,35B,35B,GPS benchmark
SRR26797837,12F,12,12F,12F,GPS benchmark
SRR26797819,17F,17,17F,17F,GPS benchmark
ERR2667698,6B,6,6B,6E,GPS benchmark
SRR26594989,21,21,21,21,GPS benchmark
SRR26714923,6D,6,6C,6C,GPS benchmark
SRR26750076,12F,12,12F,12F,GPS benchmark
ERR13364826,16F,16,16F,4,GPS benchmark
SRR26930491,23B,23,23B,23B,GPS benchmark
SRR26910862,22F,22,22F,22F,GPS benchmark
ERR13374622,14,14,14,14,GPS benchmark
ERR870180,18C,18,18C,18B,GPS benchmark
SRR26789899,20B,20,20B,20B,GPS benchmark
SRR26594655,7B,7,7B,7B,GPS benchmark
ERR2680835,19B,19,19B,19B,GPS benchmark
SRR26910422,8,8,8,8,GPS benchmark
SRR26930874,31,31,31,31,GPS benchmark
SRR26833967,8,8,8,8,GPS benchmark
SRR26797972,23B,23,23B,23B,GPS benchmark
ERR438985,5,5,5,5,GPS benchmark
ERR870131,5,5,5,5,GPS benchmark
ERR2667769,14,14,14,14,GPS benchmark
ERR600245,22F,22,22F,22F,GPS benchmark
SRR26818606,9N,9,9N,9N,GPS benchmark
SRR26910744,19A,19,19A,19A,GPS benchmark
ERR730480,15A,15,15A,15A,GPS benchmark
ERR13374796,23A,23,23A,22F,GPS benchmark
SRR26834032,35B,35,35B,35D,GPS benchmark
ERR913452,6A,6,6A,6A,GPS benchmark
ERR433727,23F,23,23F,23F,GPS benchmark
ERR751025,9V,9,9V,9V,GPS benchmark
ERR7567873,16F,16,16F,16F,GPS benchmark
SRR26931790,8,8,8,8,GPS benchmark
SRR26883842,22F,22,22F,22F,GPS benchmark
SRR26789360,38,38,38,38,GPS benchmark
ERR600411,6A,6,6B,6B,GPS benchmark
SRR26817816,11A,11,11A,11A,GPS benchmark
SRR26673591,16F,16,16F,21,GPS benchmark
ERR1788109,18C,18,18C,18C,GPS benchmark
ERR1540700,23B,23,23B,23B,GPS benchmark
SRR26817760,23B,23,23B,23B,GPS benchmark
ERR577986,6B,6,6B,6E,GPS benchmark
ERR2089772,6B,6,6B,6B,GPS benchmark
ERR2667280,12B,12,12F,12B,GPS benchmark
SRR26797464,35B,35,35B,35B,GPS benchmark
ERR751085,33D,33,33D,33D,GPS benchmark
SRR26789774,8,8,8,8,GPS benchmark
ERR908879,19A,19,19A,19A,GPS benchmark
SRR26749578,6C,6,6C,6D,GPS benchmark
SRR26594569,3,3,3,3,GPS benchmark
ERR326337,22F,22,22F,18A,GPS benchmark
ERR1065680,23B,23,23B,23B,GPS benchmark
SRR26714391,8,8,8,8,GPS benchmark
ERR2089110,3,3,3,3,GPS benchmark
ERR2681262,23F,23,23F,23F,GPS benchmark
ERR980029,18C,18,18C,18C,GPS benchmark
ERR774475,19F,19,19F,10A,GPS benchmark
SRR26930746,8,8,8,8,GPS benchmark
ERR869932,19F,19,19F,10A,GPS benchmark
ERR997474,1,1,1,1,GPS benchmark
SRR26594585,15A,15,15A,15A,GPS benchmark
ERR326596,22F,22,22F,22F,GPS benchmark
ERR2667647,14,14,14,14,GPS benchmark
ERR1202099,5,5,5,5,GPS benchmark
SRR26797136,9N,9,9N,9N,GPS benchmark
ERR1202327,5,5,5,5,GPS benchmark
SRR26797073,12F,12,12F,12F,GPS benchmark
ERR2667713,24F,24,24F,24F,GPS benchmark
SRR26880375,10A,10,10A,10A,GPS benchmark
ERR2612124,6B,6,6B,6A,GPS benchmark
ERR730405,12F,12,12F,12F,GPS benchmark
ERR1066019,16F,16,16F,16F,GPS benchmark
ERR750940,4,4,4,4,GPS benchmark
ERR319335,6B,6,6B,25F,GPS benchmark
ERR980151,8,8,8,8,GPS benchmark
SRR26818498,8,8,8,8,GPS benchmark
ERR13364706,11A,11,11A,11A,GPS benchmark
SRR26833969,16F,16,16F,16F,GPS benchmark
ERR774073,16F,16,16F,16F,GPS benchmark
ERR14653972,35C,35,35C,35C,GPS benchmark
ERR2089190,3,3,3,3,GPS benchmark
ERR997681,19B,19,19B,19B,GPS benchmark
ERR997687,34,34,34,34,GPS benchmark
ERR632986,9V,9,9V,9V,GPS benchmark
ERR774710,35B,35,35B,35B,GPS benchmark
ERR1453720,3,3,3,3,GPS benchmark
ERR774547,17F,17,19A,20A,GPS benchmark
SRR26911003,22F,22,22F,22F,GPS benchmark
ERR909193,19F,19,19F,10A,GPS benchmark
SRR26931673,19A,19,19A,9L,GPS benchmark
ERR338205,4,4,4,4,GPS benchmark
SRR26833621,19A,19,19A,19A,GPS benchmark
SRR26878554,16F,16,16F,16F,GPS benchmark
SRR26594258,12F,12,12F,12F,GPS benchmark
ERR913380,35B,35,35B,35B,GPS benchmark
ERR2091221,5,5,5,5,GPS benchmark
ERR2091100,23F,23,23F,23F,GPS benchmark
SRR26834176,10A,10,10A,10A,GPS benchmark
ERR2667855,12F,12,12F,46,GPS benchmark
SRR26878516,8,8,8,8,GPS benchmark
ERR7567864,17F,17,17F,17F,GPS benchmark
ERR600410,7C,7,7C,7C,GPS benchmark
ERR774219,6A,6,6A,6A,GPS benchmark
ERR997565,16F,16,16F,16F,GPS benchmark
ERR1453510,35B,35,35B,35B,GPS benchmark
ERR326732,4,4,4,4,GPS benchmark
ERR13375089,3,3,3,3,GPS benchmark
ERR326703,19F,19,19F,20A,GPS benchmark
ERR2090087,6A,6,6A,6A,GPS benchmark
SRR26879616,23B,23,23B,23B,GPS benchmark
SRR26911158,22F,22,22F,22F,GPS benchmark
ERR516679,5,5,5,5,GPS benchmark
ERR3217506,14,14,14,14,GPS benchmark
ERR2090939,23F,23,23F,23F,GPS benchmark
SRR26883769,8,8,8,8,GPS benchmark
SRR26930897,9N,9,9N,9N,GPS benchmark
ERR3796934,24F,24,24F,24F,GPS benchmark
SRR26878089,11A,11,11A,11D,GPS benchmark
ERR2089093,11A,11,11A,11A,GPS benchmark
SRR26910928,19A,19,19A,19A,GPS benchmark
SRR26878347,22F,22,22F,22F,GPS benchmark
ERR13374823,15A,15,15A,15A,GPS benchmark
ERR13365346,23A,23,23A,23A,GPS benchmark
SRR26749399,19A,19,19A,19A,GPS benchmark
ERR773972,23F,23,23F,23F,GPS benchmark
ERR2680923,35A,35,35A,35A,GPS benchmark
ERR2089280,34,34,34,34,GPS benchmark
ERR1065814,35A,35,35A,35A,GPS benchmark
SRR26749932,19A,19,19A,19A,GPS benchmark
ERR2681320,15A,15,15A,15A,GPS benchmark
ERR13366201,6E,6,6B,6E,GPS benchmark
SRR26880422,8,8,8,8,GPS benchmark
ERR1066307,31,31,31,31,GPS benchmark
ERR568705,23F,23,23F,23F,GPS benchmark
SRR26910364,17F,17,17F,17F,GPS benchmark
ERR913392,6B,6,6B,6E,GPS benchmark
ERR980260,6B,6,6B,6B,GPS benchmark
SRR26797922,8,8,8,8,GPS benchmark
ERR774146,12F,12,12F,20B,GPS benchmark
ERR13374992,19A,19,19A,19A,GPS benchmark
ERR3796871,24F,24,24F,24F,GPS benchmark
SRR26797734,9N,9,9N,9N,GPS benchmark
ERR1202212,9V,9,9V,9V,GPS benchmark
ERR884346,6C,6,6C,6C,GPS benchmark
ERR449125,6A,6,6B,6E,GPS benchmark
ERR316661,19F,19,19F,19F,GPS benchmark
ERR600105,31,31,31,31,GPS benchmark
ERR2091012,1,1,1,1,GPS benchmark
ERR913119,35B,35,35B,35B,GPS benchmark
SRR26797792,8,8,8,8,GPS benchmark
SRR26833734,12F,12,12F,12F,GPS benchmark
ERR2090234,4,4,4,4,GPS benchmark
ERR979963,6A,6,6A,6A,GPS benchmark
ERR505794,19A,19,19A,19A,GPS benchmark
SRR26818165,7C,7,7C,7C,GPS benchmark
SRR26594602,8,8,8,8,GPS benchmark
ERR1214365,23F,23,23F,23F,GPS benchmark
ERR3899244,6B,6,6B,6E,GPS benchmark
ERR568492,9V,9,9V,9V,GPS benchmark
ERR845747,16F,16,16F,16F,GPS benchmark
ERR1788098,35B,35,35B,35B,GPS benchmark
ERR2853591,19A,19,19A,19A,GPS benchmark
ERR13374878,3,3,3,3,GPS benchmark
SRR26797586,9N,9,9N,9N,GPS benchmark
SRR26714312,12F,12,12F,46,GPS benchmark
ERR1065528,29,29,29,29,GPS benchmark
ERR2090824,12F,12,12F,12F,GPS benchmark
ERR326396,6B,6,6B,23F,GPS benchmark
ERR13364401,14,14,14,14,GPS benchmark
SRR26789305,38,38,38,38,GPS benchmark
ERR714172,9L,9,9N,9L,GPS benchmark
ERR2667903,9V,9,9V,9V,GPS benchmark
SRR26789868,23B,23,23B,23B,GPS benchmark
SRR26749487,22F,22,22F,22F,GPS benchmark
ERR434057,6B,6,6B,6E,GPS benchmark
ERR2090984,14,14,14,14,GPS benchmark
ERR2089200,15A,15,15A,15A,GPS benchmark
ERR884329,17F,17,17F,17F,GPS benchmark
ERR701867,33D,33,33D,33D,GPS benchmark
SRR26879544,10A,10,10A,10A,GPS benchmark
SRR26749522,11A,11,11A,11E,GPS benchmark
ERR2667806,19A,19,19A,19A,GPS benchmark
ERR1191942,10A,10,10A,10A,GPS benchmark
ERR2667272,5,5,5,5,GPS benchmark
ERR909174,35B,35,35B,35B,GPS benchmark
ERR1214692,14,14,14,14,GPS benchmark
ERR600123,22F,22,22F,22F,GPS benchmark
SRR26714655,35B,35,35B,35B,GPS benchmark
ERR13374819,35F,35,35F,35F,GPS benchmark
ERR3270813,8,8,8,8,GPS benchmark
ERR4289077,11A,11,11A,11A,GPS benchmark
ERR913529,19A,19,19A,19A,GPS benchmark
ERR1202631,6A,6,6A,6A,GPS benchmark
SRR26930174,33F,33,33F,33F,GPS benchmark
ERR774622,9V,9,9V,9V,GPS benchmark
SRR26789317,8,8,8,8,GPS benchmark
ERR2667932,19A,19,19A,19A,GPS benchmark
SRR26931431,33F,33,33F,33F,GPS benchmark
ERR3796585,24F,24,24F,24F,GPS benchmark
SRR26834289,23B,23,23B,23B,GPS benchmark
ERR13365521,8,8,8,8,GPS benchmark
SRR26714379,12F,12,12F,12F,GPS benchmark
ERR1788500,14,14,14,14,GPS benchmark
SRR26594541,8,8,8,8,GPS benchmark
ERR2680567,6B,6,6B,6E,GPS benchmark
ERR908967,19F,19,19F,19F,GPS benchmark
SRR26749650,7F,7,7F,7F,GPS benchmark
ERR2681376,34,34,34,34,GPS benchmark
SRR26797429,8,8,8,8,GPS benchmark
SRR26884405,20B,20,20B,20B,GPS benchmark
ERR862422,16F,16,16F,16F,GPS benchmark
ERR730546,19A,19,19A,19A,GPS benchmark
ERR1288838,9L,9,9N,9L,GPS benchmark
ERR909220,13,13,13,13,GPS benchmark
ERR913314,7F,7,7F,7F,GPS benchmark
SRR26911050,8,8,8,8,GPS benchmark
ERR1191884,19A,19,19A,19A,GPS benchmark
ERR774159,8,8,8,8,GPS benchmark
ERR1453614,3,3,3,3,GPS benchmark
SRR26594744,35F,35,35F,35F,GPS benchmark
SRR26884550,12F,12,12F,12F,GPS benchmark
ERR568549,6A,6,6A,6A,GPS benchmark
ERR3669263,17F,17,17F,17F,GPS benchmark
ERR1288883,7C,7,7C,7C,GPS benchmark
ERR2681063,34,34,34,34,GPS benchmark
ERR2853492,19A,19,19A,19A,GPS benchmark
SRR26673399,23B,23,23B,23B,GPS benchmark
ERR730525,6A,6,6A,6A,GPS benchmark
ERR505774,19A,19,19A,19A,GPS benchmark
SRR26818206,9N,9,9N,9N,GPS benchmark
SRR26883791,3,3,3,3,GPS benchmark
ERR13365732,38,38,38,38,GPS benchmark
ERR884470,23A,23,23A,23A,GPS benchmark
ERR925207,19F,19,19F,19F,GPS benchmark
SRR26834430,33F,33,33F,33F,GPS benchmark
SRR26884111,8,8,8,8,GPS benchmark
SRR26797859,9N,9,9N,9N,GPS benchmark
ERR501574,23F,23,23F,23F,GPS benchmark
ERR913255,6A,6,6A,6A,GPS benchmark
ERR2667206,9N,9,9N,9N,GPS benchmark
ERR586382,19A,19,19A,19A,GPS benchmark
ERR774216,18C,18,18C,18B,GPS benchmark
ERR1202316,1,1,1,1,GPS benchmark
ERR13397680,20A,20,20B,20B,GPS benchmark
ERR774265,1,1,1,1,GPS benchmark
SRR26930741,6C,6,6C,45,GPS benchmark
SRR26930789,6C,6,6C,6C,GPS benchmark
ERR7567888,8,8,8,8,GPS benchmark
SRR26818662,8,8,8,8,GPS benchmark
ERR913172,35B,35,35B,35D,GPS benchmark
SRR26750037,9N,9,9N,9N,GPS benchmark
ERR1788117,6C,6,6C,5,GPS benchmark
ERR869872,35F,35,35F,35F,GPS benchmark
SRR26930267,14,14,14,14,GPS benchmark
ERR2680659,19A,19,19A,19A,GPS benchmark
ERR774325,12F,12,12F,12F,GPS benchmark
ERR751030,6B,6,6B,6B,GPS benchmark
SRR26910252,19A,19,19A,19A,GPS benchmark
ERR13365313,9N,9,9N,9N,GPS benchmark
ERR884332,4,4,4,4,GPS benchmark
SRR26884338,8,8,8,8,GPS benchmark
ERR3655418,14,14,14,14,GPS benchmark
ERR632871,38,38,38,25A,GPS benchmark
ERR913202,14,14,14,14,GPS benchmark
ERR742648,3,3,3,3,GPS benchmark
ERR646560,33D,33,33D,33D,GPS benchmark
ERR568685,4,4,4,4,GPS benchmark
ERR730704,19A,19,19A,19A,GPS benchmark
ERR1430935,34,34,34,34,GPS benchmark
SRR26884664,35B,35,35B,35D,GPS benchmark
ERR2089668,19A,19,19A,19A,GPS benchmark
SRR26594377,6C,6,6C,6D,GPS benchmark
ERR13374839,23B,23,23B,23B,GPS benchmark
SRR26594638,12F,12,12F,12F,GPS benchmark
ERR2091248,19A,19,19A,19A,GPS benchmark
SRR26714744,38,38,38,38,GPS benchmark
SRR26834137,23A,23,23A,23A,GPS benchmark
SRR26714835,3,3,3,3,GPS benchmark
SRR26797028,8,8,8,8,GPS benchmark
ERR13366040,8,8,8,8,GPS benchmark
ERR501632,6A,6,6A,6A,GPS benchmark
ERR1658084,7B,7,7B,7B,GPS benchmark
SRR26879668,33F,33,33F,33F,GPS benchmark
ERR1065254,6B,6,6B,6E,GPS benchmark
ERR13365224,14,14,14,14,GPS benchmark
ERR433549,4,4,4,4,GPS benchmark
SRR26672912,8,8,8,8,GPS benchmark
ERR909124,19A,19,19A,19A,GPS benchmark
SRR26877794,31,31,31,31,GPS benchmark
SRR26883826,8,8,8,8,GPS benchmark
ERR2681085,6B,6,6B,6E,GPS benchmark
ERR742622,19A,19,19A,19A,GPS benchmark
ERR13364588,4,4,4,4,GPS benchmark
SRR26834431,10A,10,10A,10A,GPS benchmark
ERR1065671,19F,19,19F,19F,GPS benchmark
ERR316583,6B,6,6B,6B,GPS benchmark
SRR26714497,8,8,8,8,GPS benchmark
ERR2667721,2,2,2,2,GPS benchmark
ERR730150,23F,23,23F,23F,GPS benchmark
ERR750991,4,4,4,4,GPS benchmark
ERR331462,9V,9,9V,9V,GPS benchmark
ERR1202630,3,3,3,3,GPS benchmark
SRR26834197,16F,16,16F,4,GPS benchmark
SRR26594788,15A,15,15A,15A,GPS benchmark
SRR26594331,8,8,8,8,GPS benchmark
ERR714425,4,4,4,4,GPS benchmark
SRR26930790,15A,15,15A,15A,GPS benchmark
ERR2091102,19F,19,19F,19F,GPS benchmark
SRR26834407,15A,15,15A,15A,GPS benchmark
ERR869887,6B,6,6B,6E,GPS benchmark
ERR1788025,12F,12,12F,12F,GPS benchmark
SRR26714576,19F,19,19F,19F,GPS benchmark
ERR2090988,1,1,1,1,GPS benchmark
ERR1066202,23F,23,23F,23F,GPS benchmark
ERR742594,3,3,3,3,GPS benchmark
ERR3796928,24F,24,24F,24F,GPS benchmark
ERR742421,14,14,14,14,GPS benchmark
ERR730921,14,14,14,14,GPS benchmark
ERR742564,3,3,3,3,GPS benchmark
SRR26817995,8,8,8,8,GPS benchmark
SRR26911012,3,3,3,3,GPS benchmark
ERR1288905,23F,23,23F,23F,GPS benchmark
SRR26749215,8,8,8,8,GPS benchmark
SRR26749660,23B,23,23B,23B,GPS benchmark
SRR26884335,17F,17,17F,17F,GPS benchmark
ERR490799,9V,9,9V,9V,GPS benchmark
ERR714456,22F,22,22F,22F,GPS benchmark
ERR730251,19A,19,19A,19A,GPS benchmark
ERR925370,34,34,34,34,GPS benchmark
ERR1453711,6C,6,6C,6C,GPS benchmark
ERR13374800,17F,17,17F,17F,GPS benchmark
SRR26884520,8,8,8,8,GPS benchmark
SRR26789914,22F,22,22F,22F,GPS benchmark
ERR980182,38,38,38,25A,GPS benchmark
ERR13365323,4,4,4,4,GPS benchmark
SRR26672801,3,3,3,3,GPS benchmark
ERR331469,27,27,27,27,GPS benchmark
ERR326696,1,1,1,1,GPS benchmark
SRR26878353,9N,9,9N,9N,GPS benchmark
ERR1788183,6B,6,6B,6E,GPS benchmark
SRR26910524,8,8,8,8,GPS benchmark
ERR1658188,19F,19,19F,19F,GPS benchmark
SRR26879965,23A,23,23A,23A,GPS benchmark
ERR568720,19A,19,19A,19A,GPS benchmark
SRR26673583,8,8,8,8,GPS benchmark
ERR2667735,1,1,1,1,GPS benchmark
ERR1214537,3,3,3,3,GPS benchmark
ERR1756438,35A,35,35A,35A,GPS benchmark
ERR925083,6A,6,6A,6A,GPS benchmark
SRR26878074,8,8,8,8,GPS benchmark
SRR26834437,3,3,3,3,GPS benchmark
ERR750805,6A,6,6A,6A,GPS benchmark
SRR26749166,22F,22,22F,22F,GPS benchmark
ERR1453537,23F,23,23F,23F,GPS benchmark
ERR862449,6B,6,6B,6B,GPS benchmark
ERR2853540,19A,19,19A,19A,GPS benchmark
ERR869920,17F,17,17F,17F,GPS benchmark
ERR600170,15A,15,15A,15A,GPS benchmark
ERR600438,14,14,14,14,GPS benchmark
ERR9796520,19A,19,19A,19A,GPS benchmark
ERR2668124,6C,6,6C,6C,GPS benchmark
ERR2667911,7F,7,7F,7F,GPS benchmark
ERR331116,6B,6,6B,3,GPS benchmark
SRR26884009,17F,17,17F,17F,GPS benchmark
SRR26910483,8,8,8,8,GPS benchmark
ERR340839,3,3,3,3,GPS benchmark
SRR26673199,11A,11,11A,11C,GPS benchmark
ERR1066191,35A,35,35A,35A,GPS benchmark
SRR26749546,19F,19,19F,19F,GPS benchmark
ERR1453408,6B,6,6B,6E,GPS benchmark
ERR714125,4,4,4,4,GPS benchmark
SRR26931083,9N,9,9N,9N,GPS benchmark
ERR3831149,24F,24,24F,24F,GPS benchmark
ERR913443,34,34,34,34,GPS benchmark
ERR2089359,7C,7,7C,7C,GPS benchmark
SRR26789429,23A,23,23A,23A,GPS benchmark
ERR2089758,18C,18,18C,18C,GPS benchmark
ERR13365819,8,8,8,8,GPS benchmark
ERR1106788,11A,11,11A,11A,GPS benchmark
SRR26789680,8,8,8,8,GPS benchmark
ERR13364868,18C,18,18C,18C,GPS benchmark
SRR26673502,11A,11,11A,11C,GPS benchmark
SRR26910704,12F,12,12F,12F,GPS benchmark
ERR13365673,20A,20,20B,20B,GPS benchmark
ERR925369,19F,19,19F,10A,GPS benchmark
ERR714534,23F,23,23F,23F,GPS benchmark
SRR26749380,23B,23,23B,23B,GPS benchmark
ERR730475,19F,19,19F,19F,GPS benchmark
ERR662429,22F,22,22F,22F,GPS benchmark
SRR26834474,15A,15,15A,15A,GPS benchmark
SRR26789945,8,8,8,8,GPS benchmark
ERR505713,19F,19,19F,19A,GPS benchmark
ERR13374938,8,8,8,8,GPS benchmark
SRR26834051,9N,9,9N,9N,GPS benchmark
ERR742528,18C,18,18C,18C,GPS benchmark
ERR13365109,38,38,38,38,GPS benchmark
SRR26883965,13,13,13,13,GPS benchmark
ERR2612050,9V,9,9V,9V,GPS benchmark
ERR2089174,13,13,13,13,GPS benchmark
ERR1202522,18C,18,18C,18C,GPS benchmark
ERR331115,6C,6,6C,6C,GPS benchmark
SRR26878214,9N,9,9N,9N,GPS benchmark
SRR26880133,37,37,37,37,GPS benchmark
ERR1788242,14,14,14,14,GPS benchmark
ERR2089573,23F,23,23F,23F,GPS benchmark
SRR26749229,22F,22,22F,22F,GPS benchmark
ERR505901,23F,23,23F,23F,GPS benchmark
ERR2089155,1,1,1,1,GPS benchmark
SRR26910906,10A,10,10A,10A,GPS benchmark
SRR26911200,23A,23,23A,23A,GPS benchmark
ERR1422588,19F,19,19F,6E,GPS benchmark
SRR26749441,8,8,8,8,GPS benchmark
ERR773949,1,1,1,1,GPS benchmark
ERR1788217,19F,19,19F,19F,GPS benchmark
ERR1658110,23B,23,23B,23B,GPS benchmark
SRR26797167,8,8,8,8,GPS benchmark
SRR26878462,3,3,3,3,GPS benchmark
SRR26818331,9N,9,9N,9N,GPS benchmark
ERR433643,19F,19,19F,19F,GPS benchmark
SRR26930614,15B,15,15B,15B,GPS benchmark
ERR2818759,19A,19,19A,19A,GPS benchmark
ERR909051,35B,35,35B,35B,GPS benchmark
ERR633059,4,4,4,4,GPS benchmark
ERR730495,5,5,5,5,GPS benchmark
SRR26673452,12F,12,12F,12F,GPS benchmark
ERR714704,14,14,14,14,GPS benchmark
ERR1453343,21,21,21,21,GPS benchmark
ERR1788531,5,5,5,5,GPS benchmark
ERR2681151,6A,6,6A,6A,GPS benchmark
SRR26673638,20B,20,20B,20B,GPS benchmark
ERR2090205,6A,6,6A,6A,GPS benchmark
ERR1214651,6C,6,6C,6C,GPS benchmark
ERR1192003,6A,6,6B,6E,GPS benchmark
SRR26789820,21,21,21,21,GPS benchmark
SRR26673138,38,38,38,38,GPS benchmark
ERR714623,18C,18,18C,18C,GPS benchmark
ERR13365725,23A,23,23A,23A,GPS benchmark
ERR340880,23F,23,23F,23F,GPS benchmark
ERR984273,19F,19,19F,19F,GPS benchmark
ERR3303405,19B,19,19B,19B,GPS benchmark
ERR1788474,6B,6,6B,6E,GPS benchmark
ERR2089871,6A,6,6A,6A,GPS benchmark
ERR1214444,22F,22,22F,22F,GPS benchmark
ERR876547,6A,6,6B,6A,GPS benchmark
ERR4289080,6A,6,6A,6A,GPS benchmark
ERR997626,6A,6,6A,6A,GPS benchmark
ERR742389,19A,19,19A,19A,GPS benchmark
ERR862338,6B,6,6B,6B,GPS benchmark
ERR2680709,6A,6,6A,6A,GPS benchmark
ERR1453808,45,45,45,45,GPS benchmark
ERR913250,14,14,14,14,GPS benchmark
SRR26930319,22F,22,22F,22F,GPS benchmark
SRR26789634,7F,7,7F,7F,GPS benchmark
ERR909215,9N,9,9N,9N,GPS benchmark
ERR714380,3,3,3,3,GPS benchmark
ERR505935,6A,6,6A,6A,GPS benchmark
ERR3796013,14,14,14,14,GPS benchmark
SRR26883825,3,3,3,3,GPS benchmark
ERR980186,3,3,3,3,GPS benchmark
ERR2089813,18C,18,18C,18C,GPS benchmark
SRR26878101,37,37,37,37,GPS benchmark
SRR26879814,22F,22,22F,22F,GPS benchmark
SRR26595033,8,8,8,8,GPS benchmark
ERR1638456,20,20,20B,20B,GPS benchmark
ERR2090633,6B,6,6B,6E,GPS benchmark
ERR980219,1,1,1,1,GPS benchmark
SRR26817784,12F,12,12F,12F,GPS benchmark
SRR26878474,8,8,8,8,GPS benchmark
SRR26818408,12F,12,12F,12F,GPS benchmark
ERR2352167,23A,23,23A,23A,GPS benchmark
ERR2090791,19A,19,19A,19A,GPS benchmark
SRR26797297,8,8,8,8,GPS benchmark
ERR13365570,3,3,3,3,GPS benchmark
ERR908935,34,34,34,34,GPS benchmark
SRR26749620,7C,7,7C,7C,GPS benchmark
ERR13364505,11A,11,11A,11A,GPS benchmark
ERR884512,14,14,14,14,GPS benchmark
SRR26797846,19A,19,19A,19A,GPS benchmark
ERR13364971,4,4,4,4,GPS benchmark
ERR3164269,14,14,14,14,GPS benchmark
ERR1214607,33B,33,33B,33B,GPS benchmark
ERR773867,22F,22,22F,22F,GPS benchmark
ERR1214423,14,14,14,14,GPS benchmark
SRR26673710,22F,22,22F,22F,GPS benchmark
ERR8481723,8,8,8,8,GPS benchmark
ERR338232,19A,19,19A,19A,GPS benchmark
ERR1202578,19A,19,19A,19A,GPS benchmark
ERR632926,6A,6,6A,6A,GPS benchmark
SRR26789376,15A,15,15A,15A,GPS benchmark
SRR26594808,3,3,3,3,GPS benchmark
ERR2853424,19A,19,19A,19A,GPS benchmark
ERR2091152,7F,7,7F,7F,GPS benchmark
ERR1453404,13,13,13,13,GPS benchmark
ERR913384,23B,23,23B,23B,GPS benchmark
ERR1065895,19A,19,19A,19A,GPS benchmark
ERR750758,35A,35,35A,35A,GPS benchmark
SRR26594799,8,8,8,8,GPS benchmark
ERR600606,14,14,14,14,GPS benchmark
ERR568613,14,14,14,14,GPS benchmark
ERR2680999,19A,19,19A,19A,GPS benchmark
SRR26714415,8,8,8,8,GPS benchmark
ERR1788317,14,14,14,14,GPS benchmark
SRR26879644,8,8,8,8,GPS benchmark
SRR26884191,8,8,8,8,GPS benchmark
ERR13374753,9N,9,9N,9N,GPS benchmark
SRR26883998,35F,35,35F,35F,GPS benchmark
SRR26910857,12F,12,12F,12F,GPS benchmark
ERR714490,14,14,14,14,GPS benchmark
ERR913211,1,1,1,1,GPS benchmark
ERR326587,23F,23,14,22F,GPS benchmark
ERR742465,19A,19,19A,19A,GPS benchmark
ERR1214437,35B,35,35B,35B,GPS benchmark
ERR2089098,19F,19,19F,19F,GPS benchmark
SRR26749985,20B,20,20B,20B,GPS benchmark
SRR26714760,8,8,8,8,GPS benchmark
SRR26789502,35B,35,35B,35D,GPS benchmark
ERR714598,15A,15,15A,15A,GPS benchmark
ERR13365810,33F,33,33F,33F,GPS benchmark
ERR742828,5,5,5,5,GPS benchmark
SRR26883999,3,3,3,3,GPS benchmark
ERR730842,4,4,4,4,GPS benchmark
ERR714721,6A,6,6A,6A,GPS benchmark
ERR2090948,6A,6,6B,6A,GPS benchmark
SRR26818674,10A,10,10A,10A,GPS benchmark
ERR701866,6B,6,6B,6B,GPS benchmark
ERR4501329,24F,24,24F,24F,GPS benchmark
ERR3655298,6B,6,6B,6E,GPS benchmark
SRR26880175,17F,17,17F,17F,GPS benchmark
ERR997516,20A,20,20A,20,GPS benchmark
ERR2667322,5,5,5,5,GPS benchmark
ERR742743,19F,19,19F,19F,GPS benchmark
ERR730844,6A,6,6A,6A,GPS benchmark
ERR600546,4,4,4,4,GPS benchmark
ERR997683,6A,6,6A,6A,GPS benchmark
SRR26818546,23B,23,23B,23B,GPS benchmark
ERR13365643,14,14,14,14,GPS benchmark
ERR1288969,5,5,5,5,GPS benchmark
SRR26594793,3,3,3,3,GPS benchmark
ERR600315,1,1,1,1,GPS benchmark
ERR1192125,1,1,1,1,GPS benchmark
ERR13364426,3,3,3,3,GPS benchmark
ERR751050,14,14,14,14,GPS benchmark
SRR26877932,35F,35,35F,35F,GPS benchmark
SRR26749678,19A,19,19A,7F,GPS benchmark
SRR26749216,9N,9,9N,9N,GPS benchmark
SRR26789742,4,4,4,4,GPS benchmark
ERR13364639,19A,19,19A,19A,GPS benchmark
SRR26833712,3,3,3,3,GPS benchmark
SRR26790071,35B,35,35B,35D,GPS benchmark
ERR13364449,23A,23,23A,23A,GPS benchmark
ERR730383,23F,23,23F,23F,GPS benchmark
SRR26931706,7C,7,7C,7C,GPS benchmark
ERR913121,19A,19,19A,19A,GPS benchmark
ERR316631,6A,6,6A,6A,GPS benchmark
ERR600222,19A,19,19A,19A,GPS benchmark
ERR1065722,23F,23,23F,23F,GPS benchmark
SRR26673561,12F,12,12F,12F,GPS benchmark
ERR913236,19A,19,19A,19A,GPS benchmark
ERR633019,19A,19,19A,19A,GPS benchmark
SRR26797328,11A,11,11A,11E,GPS benchmark
SRR26911088,8,8,8,8,GPS benchmark
ERR742595,6B,6,6B,6E,GPS benchmark
SRR26880137,15C,15,15C,15C,GPS benchmark
ERR5104415,4,4,4,4,GPS benchmark
ERR1106776,4,4,4,4,GPS benchmark
SRR26879886,8,8,8,8,GPS benchmark
ERR750851,2,2,2,2,GPS benchmark
ERR13374728,19F,19,19F,19F,GPS benchmark
ERR1065848,15A,15,15A,15A,GPS benchmark
SRR26931418,8,8,8,8,GPS benchmark
SRR26714112,8,8,8,8,GPS benchmark
SRR26594750,15C,15,15B,15C,GPS benchmark
ERR900659,13,13,13,13,GPS benchmark
SRR26714921,7C,7,7C,7C,GPS benchmark
SRR26911035,3,3,3,3,GPS benchmark
ERR997570,6A,6,6B,6E,GPS benchmark
ERR8481559,15B,15,15B,15C,GPS benchmark
SRR26673117,7F,7,7F,7F,GPS benchmark
SRR26715059,8,8,8,8,GPS benchmark
ERR438980,1,1,1,1,GPS benchmark
ERR433991,19A,19,19A,19A,GPS benchmark
SRR26910964,3,3,3,3,GPS benchmark
ERR730429,1,1,1,1,GPS benchmark
ERR876636,14,14,14,14,GPS benchmark
ERR773974,6A,6,6A,6A,GPS benchmark
ERR1430968,34,34,34,34,GPS benchmark
ERR4501339,24F,24,24F,24F,GPS benchmark
SRR26880256,10A,10,10A,10A,GPS benchmark
ERR913251,14,14,14,14,GPS benchmark
SRR26910269,11A,11,11A,11E,GPS benchmark
ERR925129,21,21,21,21,GPS benchmark
SRR26789707,15A,15,15A,15A,GPS benchmark
SRR26594700,15A,15,15A,15A,GPS benchmark
ERR876551,4,4,4,4,GPS benchmark
ERR1214561,18C,18,18C,18B,GPS benchmark
ERR505988,3,3,3,3,GPS benchmark
ERR13365326,10A,10,10A,10A,GPS benchmark
ERR13375042,22F,22,22F,22F,GPS benchmark
ERR13365860,35F,35,35F,35F,GPS benchmark
ERR600255,9N,9,9N,9N,GPS benchmark
SRR26833819,3,3,3,3,GPS benchmark
SRR26789210,8,8,8,8,GPS benchmark
ERR13365751,3,3,3,3,GPS benchmark
ERR908974,6A,6,6A,6A,GPS benchmark
ERR2090415,1,1,1,3,GPS benchmark
ERR714523,6A,6,6A,6A,GPS benchmark
ERR750755,46,46,46,12F,GPS benchmark
ERR2680609,23F,23,23F,23F,GPS benchmark
SRR26594629,35B,35,35B,35B,GPS benchmark
ERR1453617,3,3,3,3,GPS benchmark
ERR2667285,2,2,2,2,GPS benchmark
ERR1658163,34,34,34,34,GPS benchmark
SRR26714883,19A,19,19A,19A,GPS benchmark
ERR742562,23F,23,23F,23F,GPS benchmark
SRR26834025,17F,17,17F,17F,GPS benchmark
ERR1214565,18C,18,18C,18B,GPS benchmark
SRR26931424,23B,23,23B,23B,GPS benchmark
ERR730269,23F,23,23F,23F,GPS benchmark
SRR26880392,12F,12,12F,12F,GPS benchmark
ERR742651,3,3,3,3,GPS benchmark
SRR26878226,8,8,8,8,GPS benchmark
SRR26878500,17F,17,17F,24A,GPS benchmark
SRR26673110,33F,33,33F,33F,GPS benchmark
ERR13365700,10B,10,10B,10B,GPS benchmark
ERR1214691,23F,23,23F,23F,GPS benchmark
SRR26930509,7F,7,7F,7F,GPS benchmark
SRR26749613,31,31,31,31,GPS benchmark
SRR26880037,21,21,21,21,GPS benchmark
SRR26594558,3,3,3,3,GPS benchmark
SRR26797596,9N,9,9N,9N,GPS benchmark
ERR14653973,23F,23,23F,23F,GPS benchmark
ERR1788100,7F,7,7F,7F,GPS benchmark
ERR1202585,19A,19,19A,19A,GPS benchmark
ERR714408,23F,23,23F,23F,GPS benchmark
SRR26910270,23A,23,23A,23A,GPS benchmark
SRR26833996,11E,11,11A,11E,GPS benchmark
ERR1422618,5,5,5,5,GPS benchmark
ERR7567744,8,8,8,8,GPS benchmark
SRR26818020,31,31,31,31,GPS benchmark
SRR26790060,22F,22,22F,22F,GPS benchmark
ERR714638,19A,19,19A,19A,GPS benchmark
ERR326738,23F,23,23F,23F,GPS benchmark
ERR742610,19A,19,19A,19A,GPS benchmark
ERR13374824,3,3,3,3,GPS benchmark
SRR26749858,15A,15,15A,15A,GPS benchmark
ERR13365707,19A,19,19A,19A,GPS benchmark
ERR884448,19A,19,19A,19A,GPS benchmark
ERR750930,6B,6,6B,6E,GPS benchmark
SRR26930648,11A,11,11A,11E,GPS benchmark
ERR3899236,6A,6,6A,6A,GPS benchmark
ERR3796686,24F,24,24F,24F,GPS benchmark
ERR1202471,35B,35,35B,35B,GPS benchmark
ERR1788381,3,3,3,3,GPS benchmark
ERR925162,7C,7,7C,7C,GPS benchmark
ERR1658141,34,34,34,34,GPS benchmark
ERR2612086,14,14,14,14,GPS benchmark
SRR26797334,7C,7,7C,7C,GPS benchmark
ERR1065953,7C,7,7C,7C,GPS benchmark
ERR1788452,23F,23,23F,23F,GPS benchmark
SRR26672762,19F,19,19F,19F,GPS benchmark
ERR909184,13,13,13,13,GPS benchmark
SRR26789292,8,8,8,8,GPS benchmark
SRR26673327,8,8,8,8,GPS benchmark
ERR13365227,9V,9,9V,9V,GPS benchmark
SRR26594832,15A,15,15A,15A,GPS benchmark
ERR1065116,15A,15,15A,15A,GPS benchmark
ERR2090299,31,31,31,31,GPS benchmark
ERR742558,22F,22,22F,22F,GPS benchmark
SRR26879714,3,3,3,3,GPS benchmark
SRR26879552,12F,12,12F,12F,GPS benchmark
SRR26715014,3,3,3,3,GPS benchmark
SRR26715030,12F,12,12F,12F,GPS benchmark
SRR26883795,22F,22,22F,22F,GPS benchmark
ERR774102,19A,19,19A,19A,GPS benchmark
SRR26817781,19A,19,19A,19A,GPS benchmark
SRR26673658,19A,19,19A,19A,GPS benchmark
ERR13374880,10A,10,10A,10A,GPS benchmark
SRR26789803,8,8,8,8,GPS benchmark
ERR884419,6B,6,6B,6A,GPS benchmark
SRR26834058,12F,12,12F,12F,GPS benchmark
ERR2089527,19F,19,19F,19F,GPS benchmark
ERR1422459,35F,35,35F,35F,GPS benchmark
ERR506065,7F,7,7F,7F,GPS benchmark
ERR3303379,19B,19,19B,19B,GPS benchmark
ERR1065438,28F,28,28F,28F,GPS benchmark
ERR2667207,9N,9,9N,9N,GPS benchmark
ERR742340,6C,6,6C,6C,GPS benchmark
ERR1214359,6B,6,6B,6B,GPS benchmark
SRR26930738,8,8,8,8,GPS benchmark
ERR979986,35B,35,35B,35B,GPS benchmark
SRR26790073,8,8,8,8,GPS benchmark
ERR884536,19A,19,19A,19A,GPS benchmark
ERR13366101,22F,22,22F,22F,GPS benchmark
ERR3796656,24F,24,24F,24F,GPS benchmark
ERR433964,1,1,1,1,GPS benchmark
ERR3796941,24F,24,24F,24F,GPS benchmark
ERR570377,6A,6,6A,6A,GPS benchmark
SRR26714113,23B,23,23B,23B,GPS benchmark
ERR3655264,6A,6,6A,6E,GPS benchmark
ERR1788114,9N,9,9N,9N,GPS benchmark
SRR26878248,3,3,3,3,GPS benchmark
ERR505975,3,3,3,3,GPS benchmark
ERR1106800,12F,12,12F,12F,GPS benchmark
ERR449142,14,14,14,14,GPS benchmark
ERR2089226,6A,6,6A,6A,GPS benchmark
SRR26818361,12F,12,12F,12F,GPS benchmark
ERR1065267,9N,9,9N,9N,GPS benchmark
SRR26878489,8,8,8,8,GPS benchmark
ERR980214,8,8,8,8,GPS benchmark
SRR26790005,12F,12,12F,12F,GPS benchmark
ERR1788376,19A,19,19A,19A,GPS benchmark
SRR26911022,8,8,8,8,GPS benchmark
ERR1065772,7C,7,7C,7C,GPS benchmark
ERR13364941,16F,16,16F,16F,GPS benchmark
SRR26789943,3,3,3,3,GPS benchmark
ERR1192005,28F,28,28F,28F,GPS benchmark
ERR773829,6A,6,6A,6A,GPS benchmark
ERR8481719,19A,19,19A,19A,GPS benchmark
SRR26673374,22F,22,22F,22F,GPS benchmark
ERR316701,13,13,13,13,GPS benchmark
SRR26714129,7C,7,7C,7C,GPS benchmark
ERR2680641,24A,24,24A,24A,GPS benchmark
SRR26883768,10A,10,10A,10A,GPS benchmark
ERR433793,1,1,1,1,GPS benchmark
SRR26879969,3,3,3,3,GPS benchmark
SRR26672760,23A,23,23A,23A,GPS benchmark
ERR326493,6B,6,6C,6C,GPS benchmark
ERR505892,6A,6,6A,6A,GPS benchmark
SRR26797646,15A,15,15A,15A,GPS benchmark
ERR925172,19F,19,19F,10A,GPS benchmark
ERR600495,8,8,8,8,GPS benchmark
SRR26833912,12F,12,12F,12F,GPS benchmark
SRR26910367,23B,23,23B,23B,GPS benchmark
ERR13365308,15A,15,15A,15A,GPS benchmark
ERR3303403,33B,33,33B,33B,GPS benchmark
ERR13365848,35B,35,35B,35B,GPS benchmark
ERR1065640,35B,35,35B,35B,GPS benchmark
ERR1453587,3,3,3,3,GPS benchmark
ERR2853474,19A,19,19A,19A,GPS benchmark
ERR2680729,19F,19,19F,19F,GPS benchmark
SRR26911000,3,3,3,3,GPS benchmark
ERR13374812,8,8,8,8,GPS benchmark
SRR26714421,19F,19,19F,19F,GPS benchmark
SRR26797960,6C,6,6C,6C,GPS benchmark
ERR9796536,19F,19,19F,7C,GPS benchmark
SRR26673630,12F,12,12F,12F,GPS benchmark
SRR26673332,19A,19,19A,19A,GPS benchmark
SRR26817937,15B,15,15A,15B,GPS benchmark
SRR26789212,12F,12,12F,46,GPS benchmark
SRR26749478,19A,19,19A,19A,GPS benchmark
ERR13375021,23B,23,23B,23B,GPS benchmark
ERR730348,14,14,14,14,GPS benchmark
ERR862407,16F,16,16F,16F,GPS benchmark
SRR26879441,8,8,8,8,GPS benchmark
SRR26833722,8,8,8,8,GPS benchmark
SRR26673004,20B,20,20B,20,GPS benchmark
ERR1795451,7F,7,7F,7F,GPS benchmark
SRR26911060,20B,20,20A,20A,GPS benchmark
ERR2090736,6C,6,6C,6C,GPS benchmark
SRR26931533,8,8,8,8,GPS benchmark
ERR2667938,1,1,1,1,GPS benchmark
ERR331110,6B,6,6B,23F,GPS benchmark
ERR1202515,9L,9,9N,9L,GPS benchmark
ERR13365761,4,4,4,4,GPS benchmark
ERR13364668,18C,18,18C,18C,GPS benchmark
SRR26878045,3,3,3,3,GPS benchmark
ERR570479,19F,19,19F,19F,GPS benchmark
SRR26884278,3,3,3,3,GPS benchmark
ERR2681391,35A,35,35A,35A,GPS benchmark
ERR908977,13,13,13,13,GPS benchmark
SRR26714176,33F,33,33F,33F,GPS benchmark
ERR2680942,6A,6,6A,6A,GPS benchmark
ERR2667915,19A,19,19A,19A,GPS benchmark
ERR1288835,18A,18,18A,18A,GPS benchmark
SRR26884092,3,3,3,3,GPS benchmark
ERR925383,10A,10,10A,10A,GPS benchmark
ERR586440,19A,19,19A,19A,GPS benchmark
ERR1065654,18C,18,18C,18C,GPS benchmark
ERR2090084,10A,10,10A,10A,GPS benchmark
ERR1540734,14,14,14,14,GPS benchmark
ERR1192090,21,21,21,5,GPS benchmark
ERR884336,14,14,14,14,GPS benchmark
SRR26883920,22F,22,22F,22F,GPS benchmark
SRR26910993,15A,15,15A,15A,GPS benchmark
ERR3227820,24F,24,24F,24F,GPS benchmark
ERR326351,35F,35,35F,35F,GPS benchmark
ERR1106796,19A,19,19A,19A,GPS benchmark
ERR701861,6B,6,6B,6B,GPS benchmark
ERR862517,13,13,13,13,GPS benchmark
ERR2090563,1,1,1,1,GPS benchmark
SRR26878324,12F,12,12F,12F,GPS benchmark
SRR26910321,19A,19,19A,19A,GPS benchmark
ERR3796201,14,14,14,14,GPS benchmark
ERR714685,6C,6,6C,6C,GPS benchmark
SRR26714353,20B,20,20B,20B,GPS benchmark
ERR2090774,12F,12,12F,12F,GPS benchmark
SRR26595116,12F,12,12F,21,GPS benchmark
ERR8481859,11A,11,11A,11A,GPS benchmark
ERR909068,34,34,34,34,GPS benchmark
SRR26789929,3,3,3,3,GPS benchmark
SRR26818173,10A,10,10A,10A,GPS benchmark
SRR26595015,22F,22,22F,22F,GPS benchmark
SRR26884105,22F,22,22F,22F,GPS benchmark
ERR1106809,40,40,40,40,GPS benchmark
ERR1106748,10A,10,10A,10A,GPS benchmark
SRR26750012,3,3,3,3,GPS benchmark
ERR774726,19F,19,19F,19F,GPS benchmark
ERR884412,14,14,14,14,GPS benchmark
ERR1788564,40,40,40,40,GPS benchmark
SRR26910954,9N,9,9N,9N,GPS benchmark
ERR1202140,13,13,13,13,GPS benchmark
SRR26834479,23A,23,23A,23A,GPS benchmark
ERR2091096,5,5,5,5,GPS benchmark
SRR26818332,3,3,3,3,GPS benchmark
ERR2680886,14,14,14,14,GPS benchmark
ERR1065696,19F,19,19F,19F,GPS benchmark
ERR884610,6B,6,6B,6B,GPS benchmark
ERR8481738,13,13,13,13,GPS benchmark
ERR2680971,14,14,14,14,GPS benchmark
ERR750759,23F,23,23F,23F,GPS benchmark
SRR26673655,8,8,8,8,GPS benchmark
ERR730738,1,1,1,1,GPS benchmark
ERR13365349,6B,6,19F,6A,GPS benchmark
SRR26878306,22F,22,22F,22F,GPS benchmark
SRR26879660,15A,15,15A,35C,GPS benchmark
ERR1540702,23B,23,23B,23B,GPS benchmark
SRR26931699,3,3,3,3,GPS benchmark
ERR632869,14,14,14,14,GPS benchmark
ERR980083,11A,11,11A,11A,GPS benchmark
ERR2090227,14,14,14,14,GPS benchmark
ERR340826,23F,23,23F,23F,GPS benchmark
ERR913217,3,3,3,3,GPS benchmark
ERR3227778,14,14,14,14,GPS benchmark
ERR326457,24F,24,24A,24F,GPS benchmark
ERR13374965,3,3,3,3,GPS benchmark
SRR26749479,21,21,21,21,GPS benchmark
ERR646576,19F,19,19F,19F,GPS benchmark
SRR26834404,6C,6,6C,45,GPS benchmark
SRR26878496,12F,12,12F,12F,GPS benchmark
ERR1788185,19F,19,19F,37,GPS benchmark
SRR26880389,15A,15,15A,15A,GPS benchmark
ERR2090278,18A,18,21,21,GPS benchmark
ERR14654047,3,3,3,3,GPS benchmark
ERR2091184,12F,12,12F,12F,GPS benchmark
ERR2667486,6A,6,6A,6A,GPS benchmark
ERR13365675,1,1,1,1,GPS benchmark
ERR433545,12F,12,12F,46,GPS benchmark
ERR1788186,19F,19,19F,19F,GPS benchmark
SRR26930527,22F,22,22F,22F,GPS benchmark
SRR26749614,33F,33,33F,33F,GPS benchmark
SRR26749981,12F,12,12F,12F,GPS benchmark
ERR2667924,14,14,14,14,GPS benchmark
SRR26884705,7C,7,7C,7C,GPS benchmark
ERR730573,5,5,5,5,GPS benchmark
SRR26834252,3,3,3,3,GPS benchmark
ERR2090215,6B,6,6B,6E,GPS benchmark
SRR26818015,19A,19,19A,19A,GPS benchmark
ERR1799701,10F,10,10F,10F,GPS benchmark
ERR2681235,14,14,14,14,GPS benchmark
SRR26930636,10A,10,10A,10A,GPS benchmark
ERR1453313,6B,6,6B,6E,GPS benchmark
ERR338202,19F,19,19F,19F,GPS benchmark
ERR600240,8,8,8,8,GPS benchmark
ERR2091251,12F,12,12F,12B,GPS benchmark
ERR730332,9V,9,9V,9V,GPS benchmark
ERR774499,8,8,8,8,GPS benchmark
SRR26880108,8,8,8,8,GPS benchmark
SRR26878418,7C,7,7C,7C,GPS benchmark
ERR908929,19F,19,19F,19F,GPS benchmark
SRR26749622,7C,7,7C,7C,GPS benchmark
ERR7567741,8,8,8,8,GPS benchmark
ERR742422,6B,6,6B,6A,GPS benchmark
ERR2089107,19A,19,19A,19A,GPS benchmark
SRR26714860,6C,6,6C,6C,GPS benchmark
ERR2680637,34,34,34,34,GPS benchmark
ERR3164327,14,14,14,14,GPS benchmark
ERR909179,6A,6,6A,6A,GPS benchmark
ERR730442,19A,19,19A,19A,GPS benchmark
ERR774183,21,21,21,21,GPS benchmark
SRR26749363,22F,22,22F,22F,GPS benchmark
SRR26673146,8,8,8,8,GPS benchmark
ERR2089054,24F,24,24F,24F,GPS benchmark
ERR586414,19A,19,19A,19A,GPS benchmark
ERR1756476,9V,9,9V,9V,GPS benchmark
ERR979920,1,1,1,1,GPS benchmark
ERR3227810,23A,23,23A,23A,GPS benchmark
ERR1065662,14,14,14,14,GPS benchmark
ERR2089475,6A,6,6A,6A,GPS benchmark
SRR26797254,9N,9,9N,9N,GPS benchmark
ERR568526,6B,6,6B,6B,GPS benchmark
ERR714437,19A,19,19A,19A,GPS benchmark
ERR662327,3,3,3,3,GPS benchmark
ERR1202148,19F,19,19F,19F,GPS benchmark
ERR1288934,7F,7,7F,7F,GPS benchmark
SRR26884426,10A,10,10A,10A,GPS benchmark
ERR632929,1,1,1,1,GPS benchmark
SRR26790204,12F,12,12F,12F,GPS benchmark
SRR26879702,3,3,3,3,GPS benchmark
ERR1065422,8,8,8,8,GPS benchmark
SRR26714140,19A,19,19A,19A,GPS benchmark
SRR26879626,33F,33,33F,33F,GPS benchmark
ERR913232,19A,19,19A,19A,GPS benchmark
SRR26879574,4,4,4,4,GPS benchmark
SRR26884220,4,4,4,4,GPS benchmark
SRR26749641,8,8,8,8,GPS benchmark
ERR774352,8,8,8,8,GPS benchmark
ERR714497,34,34,34,34,GPS benchmark
ERR1430802,6B,6,6B,6E,GPS benchmark
ERR742674,25F,25,25F,25F,GPS benchmark
ERR425369,14,14,14,14,GPS benchmark
ERR730757,23F,23,23F,23F,GPS benchmark
SRR26594341,3,3,3,3,GPS benchmark
ERR2089682,1,1,1,1,GPS benchmark
SRR26789356,33F,33,33F,33F,GPS benchmark
ERR438951,3,3,3,3,GPS benchmark
SRR26930714,31,31,31,31,GPS benchmark
ERR980350,3,3,3,3,GPS benchmark
SRR26834380,28A,28,28A,28A,GPS benchmark
ERR2090970,1,1,1,1,GPS benchmark
SRR26931372,8,8,8,8,GPS benchmark
SRR26817969,8,8,8,8,GPS benchmark
ERR570445,14,14,14,14,GPS benchmark
ERR2225398,24F,24,24F,24F,GPS benchmark
ERR3796623,24F,24,24F,24F,GPS benchmark
SRR26880242,7C,7,7C,7C,GPS benchmark
ERR913418,19A,19,19A,19A,GPS benchmark
SRR26884161,11A,11,11A,11E,GPS benchmark
SRR26884665,3,3,3,3,GPS benchmark
ERR884430,6B,6,6B,6E,GPS benchmark
SRR26818024,20B,20,20B,20B,GPS benchmark
ERR1422333,9L,9,9L,28F,GPS benchmark
ERR13365885,15B,15,15B,15C,GPS benchmark
SRR26884392,12F,12,12F,12F,GPS benchmark
ERR1214683,14,14,14,22F,GPS benchmark
ERR13365550,22F,22,22F,22F,GPS benchmark
ERR1788470,14,14,14,14,GPS benchmark
SRR26594319,8,8,8,8,GPS benchmark
ERR751002,10A,10,10A,10A,GPS benchmark
ERR13365865,19A,19,19A,19A,GPS benchmark
ERR869971,16F,16,16F,16F,GPS benchmark
ERR13374749,8,8,8,8,GPS benchmark
ERR997519,23F,23,23F,23F,GPS benchmark
ERR997587,6A,6,6A,6A,GPS benchmark
ERR433674,14,14,14,14,GPS benchmark
ERR862277,29,29,29,29,GPS benchmark
ERR956297,3,3,3,3,GPS benchmark
SRR26789336,33F,33,33F,33F,GPS benchmark
ERR1202573,7F,7,7F,7F,GPS benchmark
ERR13364549,19A,19,19A,19A,GPS benchmark
ERR1065823,20A,20,20A,20A,GPS benchmark
ERR862486,6B,6,6B,6B,GPS benchmark
ERR2667959,38,38,38,25A,GPS benchmark
ERR3655141,14,14,14,14,GPS benchmark
ERR316724,10A,10,10A,10A,GPS benchmark
ERR870256,9V,9,9V,9V,GPS benchmark
ERR316727,15A,15,15A,15A,GPS benchmark
ERR326373,6C,6,6C,6C,GPS benchmark
ERR900661,6B,6,6B,6B,GPS benchmark
SRR26789638,12F,12,12F,12F,GPS benchmark
SRR26884049,12F,12,12F,12F,GPS benchmark
ERR433941,7F,7,7F,7F,GPS benchmark
ERR2681033,6A,6,6A,6A,GPS benchmark
ERR742741,9L,9,9L,9L,GPS benchmark
ERR1192153,6B,6,6B,6E,GPS benchmark
ERR490729,19F,19,19F,19F,GPS benchmark
SRR26878618,22F,22,22F,22F,GPS benchmark
SRR26797491,8,8,8,8,GPS benchmark
ERR326565,14,14,14,22F,GPS benchmark
ERR1594518,12F,12,12F,12B,GPS benchmark
ERR3899332,18C,18,18C,18C,GPS benchmark
SRR26789553,12F,12,12F,12F,GPS benchmark
ERR909058,19A,19,19A,19A,GPS benchmark
ERR1453609,3,3,3,3,GPS benchmark
ERR2090953,6B,6,6B,6E,GPS benchmark
SRR26818658,35F,35,35F,35F,GPS benchmark
SRR26797313,12F,12,12F,12F,GPS benchmark
ERR13374976,8,8,8,8,GPS benchmark
SRR26818482,4,4,4,4,GPS benchmark
ERR3899350,14,14,14,14,GPS benchmark
ERR1788469,1,1,1,1,GPS benchmark
ERR1065126,16F,16,16F,16F,GPS benchmark
SRR26910394,35F,35,35F,35F,GPS benchmark
ERR2089201,24F,24,24F,24F,GPS benchmark
ERR3303317,23B,23,23B,23B,GPS benchmark
SRR26910949,19F,19,6B,23F,GPS benchmark
ERR8481896,15B,15,15B,15B,GPS benchmark
SRR26834514,12F,12,12F,12F,GPS benchmark
SRR26834126,23B,23,23B,23B,GPS benchmark
SRR26818033,12F,12,12F,12F,GPS benchmark
SRR26749204,33F,33,33F,33F,GPS benchmark
ERR600208,10A,10,10A,10A,GPS benchmark
ERR1658182,5,5,5,5,GPS benchmark
ERR2090341,17F,17,17F,17F,GPS benchmark
SRR26884276,12F,12,12F,12F,GPS benchmark
ERR1066052,14,14,14,14,GPS benchmark
ERR2091003,19A,19,19A,19A,GPS benchmark
ERR1788244,9V,9,9V,9V,GPS benchmark
ERR2667377,4,4,4,4,GPS benchmark
ERR2090213,35B,35,35B,35B,GPS benchmark
ERR13365727,22F,22,22F,22F,GPS benchmark
ERR8481829,19A,19,19A,19A,GPS benchmark
SRR26910540,35F,35,35F,35F,GPS benchmark
ERR600319,23F,23,23F,23F,GPS benchmark
SRR26930300,23B,23,23B,23B,GPS benchmark
ERR13365924,3,3,3,3,GPS benchmark
SRR26931868,8,8,8,8,GPS benchmark
ERR2668116,5,5,5,5,GPS benchmark
ERR1065942,11A,11,11A,11A,GPS benchmark
SRR26789750,19A,19,19A,19A,GPS benchmark
SRR26833957,11A,11,11A,11,GPS benchmark
ERR1202561,23B,23,23B,23B,GPS benchmark
ERR3796863,24F,24,24F,24F,GPS benchmark
ERR980059,14,14,14,10A,GPS benchmark
ERR13365293,23A,23,23A,23A,GPS benchmark
ERR742420,12F,12,12F,46,GPS benchmark
SRR26884036,12F,12,12F,12F,GPS benchmark
ERR730896,7C,7,7C,7C,GPS benchmark
SRR26880013,9N,9,9N,9N,GPS benchmark
ERR1540762,14,14,14,14,GPS benchmark
ERR352029,35D,35,35B,35D,GPS benchmark
ERR773815,3,3,3,3,GPS benchmark
SRR26910809,22F,22,22F,22F,GPS benchmark
ERR1658146,15A,15,15A,15A,GPS benchmark
ERR338225,9V,9,9V,9V,GPS benchmark
SRR26878411,3,3,3,3,GPS benchmark
SRR26714890,8,8,8,8,GPS benchmark
ERR774504,8,8,8,8,GPS benchmark
SRR26714568,8,8,8,8,GPS benchmark
ERR913480,23F,23,23F,23F,GPS benchmark
SRR26910663,12F,12,12F,12F,GPS benchmark
ERR2668099,2,2,2,2,GPS benchmark
ERR1065455,18C,18,18C,18C,GPS benchmark
ERR338212,23F,23,23F,23F,GPS benchmark
ERR505930,19F,19,19F,19F,GPS benchmark
SRR26750051,8,8,8,8,GPS benchmark
ERR2667570,9N,9,9N,9L,GPS benchmark
SRR26673302,8,8,8,8,GPS benchmark
ERR730176,6A,6,6A,6A,GPS benchmark
ERR8481877,23B,23,23B,23B,GPS benchmark
ERR1066073,16F,16,16F,16F,GPS benchmark
ERR750935,23F,23,23F,23F,GPS benchmark
ERR925341,17F,17,17F,17F,GPS benchmark
SRR26673584,11A,11,11A,11C,GPS benchmark
ERR774497,19A,19,19A,19A,GPS benchmark
ERR751131,5,5,5,5,GPS benchmark
ERR2089235,13,13,13,13,GPS benchmark
SRR26714912,33F,33,33F,33F,GPS benchmark
ERR869925,19F,19,19F,9V,GPS benchmark
SRR26931066,19A,19,19A,19A,GPS benchmark
SRR26834520,16F,16,16F,16F,GPS benchmark
SRR26931610,8,8,8,8,GPS benchmark
ERR2091018,1,1,1,1,GPS benchmark
ERR1214621,6A,6,6A,6A,GPS benchmark
ERR1214327,34,34,34,34,GPS benchmark
ERR632998,8,8,8,8,GPS benchmark
ERR913078,19F,19,19F,9V,GPS benchmark
SRR26818145,22F,22,22F,22F,GPS benchmark
SRR26673095,23B,23,23B,23B,GPS benchmark
ERR1799721,6B,6,6B,6E,GPS benchmark
SRR26878057,8,8,8,8,GPS benchmark
SRR26930533,7C,7,7C,7C,GPS benchmark
ERR730221,35D,35,35B,35D,GPS benchmark
ERR3303205,6B,6,6B,6B,GPS benchmark
ERR913536,6A,6,6A,6A,GPS benchmark
ERR319330,6B,6,6B,23F,GPS benchmark
ERR925120,19A,19,19A,19A,GPS benchmark
ERR2090892,13,13,13,13,GPS benchmark
SRR26878495,23A,23,23A,23A,GPS benchmark
ERR1795485,20B,20,20B,20,GPS benchmark
ERR876461,14,14,14,14,GPS benchmark
SRR26594660,3,3,3,3,GPS benchmark
ERR845780,18C,18,18C,18B,GPS benchmark
ERR909129,31,31,31,31,GPS benchmark
ERR730948,6B,6,6B,6A,GPS benchmark
SRR26880393,22F,22,22F,22F,GPS benchmark
ERR4501337,24F,24,24F,24F,GPS benchmark
ERR1065626,15A,15,15A,15A,GPS benchmark
ERR1065725,16F,16,16F,16F,GPS benchmark
ERR7567947,8,8,8,8,GPS benchmark
SRR26749849,23F,23,23F,23F,GPS benchmark
SRR26797183,15A,15,15A,15A,GPS benchmark
ERR505933,23F,23,23F,23F,GPS benchmark
SRR26673455,9N,9,9N,9N,GPS benchmark
ERR1764059,12F,12,12F,12B,GPS benchmark
SRR26714554,8,8,8,8,GPS benchmark
SRR26749941,3,3,3,3,GPS benchmark
ERR2680762,19B,19,19B,10B,GPS benchmark
ERR1540679,35B,35,35B,35B,GPS benchmark
SRR26818403,12F,12,12F,46,GPS benchmark
ERR1106782,19A,19,19A,19A,GPS benchmark
SRR26749977,22F,22,22F,22F,GPS benchmark
SRR26879548,35B,35,35B,35B,GPS benchmark
SRR26749566,22F,22,22F,22F,GPS benchmark
SRR26879519,10A,10,10A,10A,GPS benchmark
ERR742338,6C,6,6C,6D,GPS benchmark
ERR774495,8,8,8,8,GPS benchmark
ERR862431,13,13,13,13,GPS benchmark
ERR2089832,6B,6,6B,6E,GPS benchmark
ERR1430839,1,1,1,1,GPS benchmark
ERR1202615,19A,19,19A,19A,GPS benchmark
SRR26910343,9N,9,9N,9N,GPS benchmark
SRR26834250,12F,12,12F,12F,GPS benchmark
ERR3303189,3,3,3,3,GPS benchmark
ERR13365475,35B,35,35B,35B,GPS benchmark
ERR1788322,19F,19,19F,19F,GPS benchmark
SRR26884433,8,8,8,8,GPS benchmark
ERR14653968,19A,19,19A,19A,GPS benchmark
ERR2089358,13,13,13,13,GPS benchmark
ERR925296,10B,10,10B,10B,GPS benchmark
SRR26930386,3,3,3,3,GPS benchmark
SRR26878288,22F,22,22F,22F,GPS benchmark
SRR26883816,3,3,3,3,GPS benchmark
ERR662442,11A,11,11A,11E,GPS benchmark
ERR1756395,8,8,8,8,GPS benchmark
ERR730602,18C,18,18C,18B,GPS benchmark
SRR26594433,23B,23,23B,23B,GPS benchmark
ERR13397686,22F,22,22F,22F,GPS benchmark
SRR26884196,3,3,3,3,GPS benchmark
ERR662317,7F,7,7F,7F,GPS benchmark
ERR2667439,34,34,34,34,GPS benchmark
SRR26879913,8,8,8,8,GPS benchmark
SRR26910323,19F,19,19F,19F,GPS benchmark
ERR2089328,23F,23,23F,23F,GPS benchmark
ERR1191840,19A,19,19A,19A,GPS benchmark
ERR730721,19A,19,19A,19A,GPS benchmark
SRR26911034,15C,15,15C,15C,GPS benchmark
ERR1756486,16F,16,16F,16F,GPS benchmark
ERR730358,34,34,34,34,GPS benchmark
ERR13364406,14,14,14,9V,GPS benchmark
ERR913284,19A,19,19A,19A,GPS benchmark
SRR26818692,22F,22,22F,22F,GPS benchmark
ERR714239,1,1,1,1,GPS benchmark
ERR4289155,11A,11,11A,11A,GPS benchmark
ERR1422541,15A,15,15A,15A,GPS benchmark
ERR774358,19A,19,19A,19A,GPS benchmark
SRR26930357,31,31,31,31,GPS benchmark
ERR8481852,19A,19,19A,19A,GPS benchmark
SRR26878594,9N,9,9N,9N,GPS benchmark
ERR1756408,23F,23,23F,23F,GPS benchmark
SRR26877941,12F,12,12F,12F,GPS benchmark
ERR2089372,19A,19,19A,19A,GPS benchmark
ERR876619,8,8,8,8,GPS benchmark
ERR14653934,19F,19,19F,19F,GPS benchmark
ERR750817,2,2,2,2,GPS benchmark
ERR1453433,9V,9,9V,9V,GPS benchmark
ERR1214671,18C,18,18C,18B,GPS benchmark
ERR438967,4,4,4,4,GPS benchmark
ERR980323,19B,19,19B,19B,GPS benchmark
ERR2089331,22A,22,22A,22A,GPS benchmark
SRR26749714,15A,15,15A,19F,GPS benchmark
SRR26673534,23B,23,23B,23B,GPS benchmark
ERR2667120,19F,19,19F,19F,GPS benchmark
SRR26714757,8,8,8,8,GPS benchmark
ERR913464,13,13,13,13,GPS benchmark
SRR26818563,33F,33,33F,33F,GPS benchmark
ERR2090602,24F,24,24F,24F,GPS benchmark
ERR2091187,21,21,21,21,GPS benchmark
ERR505608,23F,23,23F,23F,GPS benchmark
SRR26930732,8,8,8,8,GPS benchmark
ERR1202371,18C,18,18C,18B,GPS benchmark
SRR26789396,35F,35,35F,35F,GPS benchmark
SRR26818580,19A,19,19A,19A,GPS benchmark
ERR2667503,19F,19,19F,19F,GPS benchmark
SRR26714661,12F,12,12F,12F,GPS benchmark
ERR870210,1,1,1,1,GPS benchmark
SRR26797477,8,8,8,8,GPS benchmark
ERR1453466,15A,15,15A,15A,GPS benchmark
ERR2667418,13,13,13,13,GPS benchmark
SRR26878082,23A,23,23A,23A,GPS benchmark
ERR1106807,14,14,14,14,GPS benchmark
SRR26878736,3,3,3,3,GPS benchmark
ERR884637,24A,24,9N,11C,GPS benchmark
SRR26931446,12F,12,12F,12F,GPS benchmark
ERR1214473,10B,10,10B,10B,GPS benchmark
ERR505778,19A,19,19A,19A,GPS benchmark
ERR997480,22A,22,22A,22A,GPS benchmark
ERR2667527,14,14,14,14,GPS benchmark
SRR26931472,35F,35,35F,35F,GPS benchmark
SRR26749616,10A,10,10A,10A,GPS benchmark
ERR3227725,15A,15,15A,15A,GPS benchmark
SRR26834151,16F,16,16F,16F,GPS benchmark
ERR1756414,33F,33,33F,33F,GPS benchmark
ERR326327,6B,6,6B,23F,GPS benchmark
ERR1214549,14,14,14,14,GPS benchmark
ERR1214532,3,3,3,3,GPS benchmark
SRR26879480,7C,7,7C,7C,GPS benchmark
ERR2090514,19A,19,19A,19A,GPS benchmark
SRR26930563,9N,9,9N,9N,GPS benchmark
SRR26910328,8,8,8,8,GPS benchmark
ERR632991,1,1,1,1,GPS benchmark
SRR26797493,10A,10,10A,10A,GPS benchmark
ERR730944,19F,19,19F,19F,GPS benchmark
SRR26931295,22F,22,22F,22F,GPS benchmark
ERR2091252,5,5,5,5,GPS benchmark
ERR433672,19F,19,19F,19F,GPS benchmark
ERR13365787,3,3,3,3,GPS benchmark
SRR26878534,16F,16,16F,4,GPS benchmark
SRR26749303,3,3,3,3,GPS benchmark
ERR1788177,1,1,1,1,GPS benchmark
SRR26879689,19A,19,19A,19A,GPS benchmark
ERR326692,9V,9,9V,9V,GPS benchmark
ERR1453544,14,14,14,10A,GPS benchmark
ERR1288821,16F,16,16F,16F,GPS benchmark
ERR2089080,10A,10,10A,10A,GPS benchmark
ERR3831132,24F,24,24A,24A,GPS benchmark
ERR340834,1,1,1,1,GPS benchmark
ERR1065762,6A,6,6A,6A,GPS benchmark
ERR2667399,6D,6,6D,6D,GPS benchmark
ERR13364915,19F,19,19F,19F,GPS benchmark
ERR774299,11A,11,11A,11A,GPS benchmark
ERR4501449,24F,24,24F,24F,GPS benchmark
ERR925290,23F,23,23F,23F,GPS benchmark
ERR3270721,22F,22,22F,22F,GPS benchmark
ERR870137,1,1,1,1,GPS benchmark
SRR26931646,3,3,3,3,GPS benchmark
SRR26931375,3,3,3,3,GPS benchmark
ERR774217,5,5,5,5,GPS benchmark
ERR1214573,19F,19,19F,19F,GPS benchmark
ERR1540745,6A,6,6A,6A,GPS benchmark
ERR730155,19A,19,19A,19A,GPS benchmark
ERR326470,14,14,14,22F,GPS benchmark
ERR1066204,7F,7,7F,7F,GPS benchmark
ERR633026,23F,23,23F,23F,GPS benchmark
ERR1066347,12F,12,12F,25F,GPS benchmark
ERR1191850,23B,23,23B,23B,GPS benchmark
ERR925358,19F,19,19F,19F,GPS benchmark
ERR1788078,14,14,14,14,GPS benchmark
SRR26818086,23B,23,23B,23B,GPS benchmark
SRR26749453,9N,9,9N,9N,GPS benchmark
ERR997579,19A,19,19A,19A,GPS benchmark
ERR1430921,16F,16,16F,16F,GPS benchmark
ERR925401,35B,35,35B,35D,GPS benchmark
ERR2853489,19A,19,19A,19A,GPS benchmark
ERR1065899,12F,12,12F,12F,GPS benchmark
ERR490788,19F,19,19F,19F,GPS benchmark
SRR26834171,22F,22,22F,22F,GPS benchmark
SRR26878325,23A,23,23A,23A,GPS benchmark
SRR26817755,19A,19,19A,19A,GPS benchmark
ERR338173,14,14,14,14,GPS benchmark
ERR1065547,20A,20,20A,20A,GPS benchmark
ERR997476,13,13,13,13,GPS benchmark
ERR1540755,23F,23,23F,23F,GPS benchmark
SRR26911070,22F,22,22F,22F,GPS benchmark
ERR742342,14,14,14,14,GPS benchmark
SRR26833590,22F,22,22F,22F,GPS benchmark
ERR2090859,20,20,20B,20B,GPS benchmark
ERR2089982,23F,23,23F,23F,GPS benchmark
ERR338189,1,1,1,1,GPS benchmark
ERR1422477,6B,6,6B,6E,GPS benchmark
ERR730894,6A,6,6A,6A,GPS benchmark
ERR2089570,22F,22,22F,22F,GPS benchmark
ERR449225,22F,22,22F,22F,GPS benchmark
ERR13375147,3,3,3,3,GPS benchmark
SRR26714917,23A,23,23A,23A,GPS benchmark
SRR26878198,3,3,3,3,GPS benchmark
ERR13365571,9N,9,9N,9N,GPS benchmark
SRR26931444,10A,10,10A,10A,GPS benchmark
ERR2089393,20B,20,20B,20B,GPS benchmark
ERR908891,3,3,3,3,GPS benchmark
ERR2089353,9V,9,9V,9V,GPS benchmark
ERR1202297,5,5,5,5,GPS benchmark
ERR730436,14,14,14,15A,GPS benchmark
ERR2667403,19F,19,19F,19F,GPS benchmark
SRR26797294,15A,15,15A,15A,GPS benchmark
ERR7567989,7C,7,7C,7C,GPS benchmark
ERR3723344,14,14,14,14,GPS benchmark
ERR632973,8,8,8,8,GPS benchmark
ERR1065280,3,3,3,3,GPS benchmark
SRR26878667,35B,35,35B,35B,GPS benchmark
ERR1788142,4,4,4,4,GPS benchmark
ERR1453724,34,34,34,34,GPS benchmark
ERR2089103,23B,23,23B,23B,GPS benchmark
ERR751031,5,5,5,5,GPS benchmark
SRR26673388,9N,9,9N,9N,GPS benchmark
ERR13366241,14,14,14,14,GPS benchmark
ERR862299,5,5,5,5,GPS benchmark
ERR13364729,19F,19,19F,19F,GPS benchmark
ERR2667495,23F,23,23F,23F,GPS benchmark
ERR600090,7F,7,7F,7F,GPS benchmark
SRR26672879,8,8,8,8,GPS benchmark
ERR1202071,1,1,1,1,GPS benchmark
ERR14653946,14,14,14,14,GPS benchmark
ERR1422664,6B,6,6B,6A,GPS benchmark
ERR8481542,19F,19,19F,19F,GPS benchmark
ERR1192120,19F,19,19F,19F,GPS benchmark
SRR26884428,6C,6,6C,6C,GPS benchmark
SRR26883864,8,8,8,8,GPS benchmark
SRR26749562,3,3,3,3,GPS benchmark
ERR2667607,14,14,14,14,GPS benchmark
ERR2089754,23F,23,23F,23F,GPS benchmark
SRR26749920,11A,11,11A,11C,GPS benchmark
SRR26931332,23A,23,23A,23A,GPS benchmark
ERR8481851,19F,19,19F,19F,GPS benchmark
ERR774651,22F,22,22F,22F,GPS benchmark
ERR1453698,15A,15,15A,15A,GPS benchmark
ERR316636,23F,23,23F,23F,GPS benchmark
SRR26749710,15C,15,15B,15C,GPS benchmark
ERR3796662,24F,24,24F,24F,GPS benchmark
ERR913234,39,39,39,39,GPS benchmark
SRR26833610,12F,12,12F,12F,GPS benchmark
ERR2667828,18C,18,18C,18C,GPS benchmark
SRR26818696,8,8,8,8,GPS benchmark
ERR870044,19F,19,19F,19F,GPS benchmark
SRR26911004,19A,19,19A,48,GPS benchmark
ERR1430857,20A,20,20A,20,GPS benchmark
ERR979940,15A,15,15A,15A,GPS benchmark
ERR1422648,19A,19,19A,19A,GPS benchmark
ERR449139,19F,19,19F,19F,GPS benchmark
ERR13365676,23A,23,23A,23A,GPS benchmark
ERR316658,23A,23,23A,23A,GPS benchmark
ERR331403,23F,23,23F,23F,GPS benchmark
ERR3796945,24F,24,24F,24F,GPS benchmark
SRR26931772,19F,19,19F,19F,GPS benchmark
ERR913534,19F,19,19F,19F,GPS benchmark
ERR2089776,8,8,8,8,GPS benchmark
SRR26749810,22F,22,22F,22F,GPS benchmark
SRR26910787,9N,9,9N,9N,GPS benchmark
SRR26884639,4,4,4,4,GPS benchmark
SRR26911016,8,8,8,8,GPS benchmark
ERR730679,6A,6,6A,6A,GPS benchmark
SRR26878208,19A,19,19A,19A,GPS benchmark
ERR13375073,15B,15,15B,15B,GPS benchmark
SRR26714209,20B,20,20B,20B,GPS benchmark
SRR26594731,19A,19,19A,19A,GPS benchmark
SRR26714445,16F,16,16F,4,GPS benchmark
ERR1214558,18C,18,18C,18B,GPS benchmark
ERR2090039,7B,7,7B,7B,GPS benchmark
ERR13364830,33F,33,33F,8,GPS benchmark
SRR26797188,33F,33,33F,33F,GPS benchmark
SRR26750046,11A,11,11A,11D,GPS benchmark
SRR26673464,20B,20,20B,20B,GPS benchmark
SRR26789764,35F,35,35F,35F,GPS benchmark
ERR2089965,19A,19,19A,19A,GPS benchmark
SRR26884478,19A,19,19A,19A,GPS benchmark
SRR26879636,15A,15,15A,15A,GPS benchmark
ERR742377,19A,19,19A,19A,GPS benchmark
ERR2089801,33F,33,33F,33F,GPS benchmark
SRR26910832,23B,23,23B,23B,GPS benchmark
ERR870258,18C,18,18C,18C,GPS benchmark
ERR433699,7F,7,7F,7F,GPS benchmark
SRR26789850,9N,9,9N,9N,GPS benchmark
ERR13365800,9N,9,9N,9N,GPS benchmark
SRR26714579,23B,23,23B,23B,GPS benchmark
ERR3303464,34,34,34,34,GPS benchmark
ERR1453646,19A,19,19A,19A,GPS benchmark
ERR1288932,5,5,5,5,GPS benchmark
ERR501629,1,1,1,1,GPS benchmark
ERR1202108,5,5,5,5,GPS benchmark
SRR26877769,9N,9,9N,9N,GPS benchmark
ERR1106698,1,1,1,1,GPS benchmark
ERR862404,21,21,21,21,GPS benchmark
ERR1422534,34,34,34,34,GPS benchmark
SRR26880189,9N,9,9N,9N,GPS benchmark
ERR997618,6A,6,6A,6A,GPS benchmark
SRR26714867,15A,15,15A,15A,GPS benchmark
SRR26714343,19F,19,19F,24A,GPS benchmark
SRR26714434,33F,33,33F,33F,GPS benchmark
SRR26594376,3,3,3,3,GPS benchmark
SRR26797592,8,8,8,8,GPS benchmark
ERR2090037,34,34,34,34,GPS benchmark
ERR714339,45,45,45,45,GPS benchmark
SRR26834268,8,8,8,8,GPS benchmark
SRR26930361,3,3,3,3,GPS benchmark
SRR26930560,8,8,8,8,GPS benchmark
ERR909248,6A,6,6A,6A,GPS benchmark
ERR3796588,24F,24,24F,24F,GPS benchmark
ERR568650,9N,9,9N,9N,GPS benchmark
ERR870313,23F,23,23F,23F,GPS benchmark
ERR1065863,12F,12,12F,12F,GPS benchmark
ERR13374758,3,3,3,3,GPS benchmark
SRR26879485,35B,35,35B,35B,GPS benchmark
ERR956293,14,14,14,9V,GPS benchmark
ERR774000,6B,6,6B,6B,GPS benchmark
ERR13365491,35F,35,35F,35F,GPS benchmark
SRR26833649,12F,12,12F,12F,GPS benchmark
ERR600340,4,4,4,4,GPS benchmark
ERR925107,6B,6,6B,6B,GPS benchmark
SRR26883838,3,3,3,3,GPS benchmark
SRR26880323,16F,16,16F,16F,GPS benchmark
ERR1065453,19A,19,19A,19A,GPS benchmark
ERR3270724,6A,6,6A,6A,GPS benchmark
SRR26884349,8,8,8,8,GPS benchmark
SRR26884162,11A,11,11A,11A,GPS benchmark
SRR26878525,35B,35,35B,35D,GPS benchmark
ERR1191864,19A,19,19A,19A,GPS benchmark
ERR1756448,6B,6,6B,6E,GPS benchmark
ERR908947,19A,19,19A,19A,GPS benchmark
ERR909005,34,34,34,34,GPS benchmark
SRR26884398,3,3,3,3,GPS benchmark
ERR338181,1,1,1,1,GPS benchmark
ERR2667352,6B,6,6A,6A,GPS benchmark
ERR13365477,3,3,3,3,GPS benchmark
ERR600183,22F,22,22F,22F,GPS benchmark
ERR600519,6A,6,6A,6A,GPS benchmark
ERR742462,34,34,34,34,GPS benchmark
SRR26930275,3,3,3,3,GPS benchmark
SRR26931826,12F,12,12F,12F,GPS benchmark
ERR13365817,9N,9,9N,9N,GPS benchmark
ERR2091062,8,8,8,8,GPS benchmark
SRR26714237,11A,11,11A,11E,GPS benchmark
ERR900669,6A,6,6A,6A,GPS benchmark
ERR13366152,9V,9,9V,38,GPS benchmark
ERR13365300,3,3,3,3,GPS benchmark
ERR568695,9V,9,9V,9V,GPS benchmark
ERR3655292,34,34,34,34,GPS benchmark
ERR1422433,35A,35,35A,35C,GPS benchmark
ERR730274,23B,23,23B,23B,GPS benchmark
SRR26877872,19A,19,19A,19A,GPS benchmark
ERR2681240,19A,19,19A,19A,GPS benchmark
SRR26884371,8,8,8,8,GPS benchmark
ERR2668029,19F,19,19F,19F,GPS benchmark
SRR26879786,3,3,3,3,GPS benchmark
ERR3796796,24F,24,24F,24F,GPS benchmark
SRR26879767,3,3,3,3,GPS benchmark
ERR2090709,5,5,5,5,GPS benchmark
ERR568777,6C,6,6C,6C,GPS benchmark
SRR26911179,15A,15,15A,15A,GPS benchmark
SRR26714712,8,8,8,8,GPS benchmark
ERR1066340,8,8,8,8,GPS benchmark
ERR3303241,1,1,1,1,GPS benchmark
SRR26790072,15B,15,15B,15B,GPS benchmark
ERR870282,6A,6,6A,6A,GPS benchmark
SRR26797458,23A,23,23A,23A,GPS benchmark
SRR26910650,15A,15,15A,15A,GPS benchmark
ERR876786,7F,7,7F,7F,GPS benchmark
SRR26931378,22F,22,22F,22F,GPS benchmark
SRR26594179,19A,19,19A,19A,GPS benchmark
SRR26750108,8,8,8,8,GPS benchmark
ERR13365973,22F,22,22F,22F,GPS benchmark
SRR26594751,22F,22,22F,22F,GPS benchmark
ERR980030,14,14,14,14,GPS benchmark
ERR869943,19A,19,19A,19A,GPS benchmark
ERR7567854,35B,35,35B,35D,GPS benchmark
ERR2680919,35A,35,35A,35A,GPS benchmark
ERR326360,19A,19,19A,19A,GPS benchmark
ERR2089501,15A,15,15A,15A,GPS benchmark
SRR26673483,19A,19,19A,19A,GPS benchmark
SRR26834120,8,8,8,8,GPS benchmark
SRR26817792,23B,23,23B,23B,GPS benchmark
ERR433847,1,1,1,1,GPS benchmark
ERR730261,22A,22,22A,22A,GPS benchmark
SRR26878602,19A,19,19A,19A,GPS benchmark
ERR1066350,16F,16,16F,16F,GPS benchmark
ERR1065745,19A,19,19A,19A,GPS benchmark
SRR26749986,22F,22,22F,22F,GPS benchmark
SRR26910699,17F,17,17F,17F,GPS benchmark
ERR913508,19A,19,19A,19A,GPS benchmark
ERR774627,6B,6,6B,6E,GPS benchmark
ERR2680937,1,1,1,1,GPS benchmark
ERR750770,3,3,3,3,GPS benchmark
SRR26834163,20B,20,20B,20B,GPS benchmark
SRR26931492,19A,19,19A,19A,GPS benchmark
SRR26878375,22F,22,22F,22F,GPS benchmark
SRR26878400,23A,23,23A,23A,GPS benchmark
ERR1192198,3,3,3,3,GPS benchmark
ERR3796857,24F,24,24F,24F,GPS benchmark
ERR714558,19A,19,19A,19A,GPS benchmark
ERR714723,35B,35,35B,35B,GPS benchmark
ERR7567910,13,13,13,13,GPS benchmark
ERR3669267,4,4,4,4,GPS benchmark
ERR326415,6A,6,6A,5,GPS benchmark
SRR26910854,8,8,8,8,GPS benchmark
ERR773844,5,5,5,5,GPS benchmark
ERR506026,7F,7,7F,7F,GPS benchmark
SRR26714851,3,3,3,3,GPS benchmark
SRR26834490,8,8,8,8,GPS benchmark
ERR646537,23F,23,23F,23F,GPS benchmark
SRR26818625,15A,15,15A,15A,GPS benchmark
SRR26930558,23B,23,23B,23B,GPS benchmark
SRR26749481,8,8,8,8,GPS benchmark
SRR26595146,12F,12,12F,12F,GPS benchmark
ERR1192081,23A,23,23A,23A,GPS benchmark
SRR26714584,9N,9,9N,9N,GPS benchmark
ERR516626,6A,6,6A,6A,GPS benchmark
ERR2089225,5,5,5,5,GPS benchmark
SRR26749182,8,8,8,8,GPS benchmark
ERR505876,17F,17,17F,17F,GPS benchmark
SRR26910651,7C,7,7C,7C,GPS benchmark
SRR26789969,10A,10,10A,10A,GPS benchmark
ERR438991,23F,23,23F,23F,GPS benchmark
SRR26931829,8,8,8,8,GPS benchmark
ERR913131,19F,19,19F,10A,GPS benchmark
SRR26931224,23B,23,23B,23B,GPS benchmark
SRR26884098,8,8,8,8,GPS benchmark
SRR26797616,3,3,3,3,GPS benchmark
SRR26594260,3,3,3,3,GPS benchmark
SRR26884710,23A,23,22F,22F,GPS benchmark
ERR1788491,23F,23,23F,23F,GPS benchmark
ERR714503,7C,7,7C,7C,GPS benchmark
ERR7567999,35B,35,35B,35D,GPS benchmark
SRR26673226,8,8,8,8,GPS benchmark
SRR26833628,23A,23,23A,23A,GPS benchmark
SRR26673154,3,3,3,3,GPS benchmark
ERR2667304,14,14,14,14,GPS benchmark
SRR26834382,3,3,3,3,GPS benchmark
SRR26714608,6C,6,6C,6C,GPS benchmark
SRR26834186,15A,15,15A,15A,GPS benchmark
SRR26877900,3,3,3,3,GPS benchmark
ERR2667777,6A,6,6A,6A,GPS benchmark
ERR2667753,1,1,1,1,GPS benchmark
ERR1788047,12F,12,12F,46,GPS benchmark
ERR13365159,3,3,3,3,GPS benchmark
SRR26594262,8,8,8,8,GPS benchmark
ERR2090631,1,1,1,1,GPS benchmark
ERR434000,6C,6,6C,6C,GPS benchmark
ERR14654051,10B,10,10B,10B,GPS benchmark
ERR13374933,4,4,4,4,GPS benchmark
ERR13375151,3,3,3,3,GPS benchmark
SRR26797917,9N,9,9N,9N,GPS benchmark
ERR568728,6B,6,6B,6B,GPS benchmark
ERR730264,6A,6,6A,6A,GPS benchmark
ERR909204,11A,11,11A,11A,GPS benchmark
SRR26673549,22F,22,22F,22F,GPS benchmark
ERR925200,16F,16,16F,16F,GPS benchmark
SRR26673265,35F,35,35F,35F,GPS benchmark
SRR26797515,12F,12,12F,12F,GPS benchmark
ERR730932,6A,6,6A,6A,GPS benchmark
SRR26931711,8,8,8,8,GPS benchmark
ERR600363,9V,9,9V,9V,GPS benchmark
ERR326390,19A,19,19A,7F,GPS benchmark
ERR2089690,1,1,1,1,GPS benchmark
SRR26878461,8,8,8,8,GPS benchmark
SRR26673440,8,8,8,8,GPS benchmark
SRR26833677,3,3,3,3,GPS benchmark
ERR2090936,14,14,14,14,GPS benchmark
ERR13364417,19F,19,19F,19F,GPS benchmark
ERR1453795,15A,15,15A,15A,GPS benchmark
SRR26911206,8,8,8,8,GPS benchmark
ERR870108,6A,6,6A,6A,GPS benchmark
SRR26910686,8,8,8,8,GPS benchmark
ERR736916,6A,6,6C,45,GPS benchmark
SRR26880099,3,3,3,3,GPS benchmark
SRR26594280,15B,15,15B,15B,GPS benchmark
ERR2090665,12F,12,12F,12F,GPS benchmark
ERR14653937,3,3,3,3,GPS benchmark
SRR26749758,12F,12,12F,12F,GPS benchmark
ERR352011,6A,6,6A,6A,GPS benchmark
ERR1202300,5,5,5,5,GPS benchmark
ERR1065901,23A,23,23A,23A,GPS benchmark
SRR26879778,33F,33,33F,33F,GPS benchmark
ERR1202370,17F,17,17F,17F,GPS benchmark
ERR1202551,1,1,1,1,GPS benchmark
SRR26930434,3,3,3,3,GPS benchmark
ERR13365927,19A,19,19A,19A,GPS benchmark
ERR730425,29,29,29,7C,GPS benchmark
ERR1788392,24F,24,24F,24F,GPS benchmark
ERR2612073,6A,6,6A,6A,GPS benchmark
SRR26797286,3,3,3,3,GPS benchmark
ERR13364508,4,4,4,4,GPS benchmark
ERR2090392,19F,19,19F,19F,GPS benchmark
ERR2680885,6B,6,6B,6E,GPS benchmark
ERR1202498,10B,10,10B,10B,GPS benchmark
ERR13365090,1,1,1,1,GPS benchmark
ERR13375061,33F,33,33F,33F,GPS benchmark
ERR2681247,19F,19,19F,19F,GPS benchmark
SRR26833945,8,8,8,8,GPS benchmark
ERR1202387,6A,6,6A,6A,GPS benchmark
SRR26714758,33F,33,33F,33F,GPS benchmark
SRR26797281,3,3,3,3,GPS benchmark
ERR1065313,31,31,31,31,GPS benchmark
ERR913136,6B,6,6B,6E,GPS benchmark
SRR26789833,19A,19,19A,19A,GPS benchmark
ERR1065780,14,14,14,14,GPS benchmark
ERR331409,9N,9,9N,9N,GPS benchmark
ERR1065945,23A,23,23A,23A,GPS benchmark
SRR26714981,9N,9,9N,9N,GPS benchmark
ERR425501,6B,6,6B,6B,GPS benchmark
ERR433606,22F,22,22F,22F,GPS benchmark
ERR2667998,18A,18,18A,18A,GPS benchmark
ERR1422522,6B,6,6B,6E,GPS benchmark
SRR26594297,23A,23,23A,23A,GPS benchmark
ERR3303445,5,5,5,5,GPS benchmark
SRR26673238,15A,15,15A,15A,GPS benchmark
SRR26879728,19F,19,19F,19F,GPS benchmark
ERR2090955,23F,23,23F,23F,GPS benchmark
SRR26594584,9V,9,9V,9V,GPS benchmark
ERR773946,6A,6,6A,6A,GPS benchmark
ERR876585,23F,23,23F,23F,GPS benchmark
ERR714677,6B,6,6B,6A,GPS benchmark
SRR26797594,12F,12,12F,12F,GPS benchmark
ERR714191,12F,12,12F,12F,GPS benchmark
SRR26817961,12F,12,12F,12F,GPS benchmark
SRR26749755,8,8,8,8,GPS benchmark
ERR13374650,14,14,14,14,GPS benchmark
ERR2668107,8,8,8,8,GPS benchmark
SRR26749615,3,3,3,3,GPS benchmark
SRR26673017,12F,12,12F,12F,GPS benchmark
SRR26930624,9N,9,9N,9N,GPS benchmark
ERR997551,6B,6,6B,6E,GPS benchmark
ERR869984,13,13,13,13,GPS benchmark
ERR1795467,14,14,14,14,GPS benchmark
ERR13366133,8,8,8,8,GPS benchmark
SRR26594650,10A,10,10A,10A,GPS benchmark
SRR26789543,8,8,8,8,GPS benchmark
ERR862455,23F,23,23F,23F,GPS benchmark
SRR26931331,9N,9,9N,9N,GPS benchmark
ERR2089023,19F,19,19F,19F,GPS benchmark
ERR2089868,10A,10,10A,10A,GPS benchmark
SRR26878423,23B,23,23B,23B,GPS benchmark
ERR434003,3,3,3,3,GPS benchmark
SRR26594237,23B,23,23B,23B,GPS benchmark
ERR3270696,23F,23,23F,23F,GPS benchmark
ERR1422539,10B,10,10B,10B,GPS benchmark
SRR26714812,16F,16,16F,21,GPS benchmark
SRR26833913,8,8,8,8,GPS benchmark
ERR316713,23F,23,23F,23F,GPS benchmark
SRR26797150,3,3,3,3,GPS benchmark
ERR730802,19F,19,19F,19F,GPS benchmark
SRR26877976,38,38,38,25F,GPS benchmark
ERR900711,6B,6,6B,6B,GPS benchmark
SRR26880075,9N,9,9N,9N,GPS benchmark
SRR26797998,22F,22,22F,22F,GPS benchmark
ERR633104,1,1,1,1,GPS benchmark
ERR1540782,35B,35,35B,35B,GPS benchmark
ERR701850,6A,6,6A,6A,GPS benchmark
SRR26884015,11A,11,11A,11E,GPS benchmark
ERR1288920,19A,19,19A,19A,GPS benchmark
ERR870224,1,1,1,1,GPS benchmark
SRR26789594,7C,7,7C,7C,GPS benchmark
SRR26834451,19A,19,19A,19A,GPS benchmark
SRR26910563,8,8,8,8,GPS benchmark
SRR26714562,8,8,8,4,GPS benchmark
ERR884555,6B,6,6B,6E,GPS benchmark
ERR900734,13,13,13,13,GPS benchmark
SRR26673149,17F,17,17F,17F,GPS benchmark
SRR26833583,9N,9,9N,9N,GPS benchmark
ERR742722,19F,19,19F,9V,GPS benchmark
ERR870192,34,34,34,34,GPS benchmark
ERR8481880,8,8,8,8,GPS benchmark
ERR1788490,14,14,14,14,GPS benchmark
ERR750816,18C,18,18C,18C,GPS benchmark
ERR750999,7F,7,7F,7F,GPS benchmark
ERR730905,6B,6,6B,6B,GPS benchmark
SRR26910301,3,3,3,3,GPS benchmark
ERR701853,14,14,14,14,GPS benchmark
ERR2667894,1,1,1,1,GPS benchmark
ERR1065951,17F,17,17F,17F,GPS benchmark
ERR2090850,16F,16,16F,16F,GPS benchmark
ERR516659,16F,16,16F,16F,GPS benchmark
SRR26931655,8,8,8,8,GPS benchmark
ERR3795702,14,14,14,14,GPS benchmark
ERR714588,6A,6,6A,6A,GPS benchmark
SRR26714200,8,8,8,8,GPS benchmark
ERR908982,11A,11,11A,11A,GPS benchmark
ERR2090810,9N,9,9N,9N,GPS benchmark
SRR26789731,22F,22,22F,22F,GPS benchmark
ERR3899318,14,14,14,14,GPS benchmark
ERR331426,1,1,1,1,GPS benchmark
ERR7568074,17F,17,17F,17F,GPS benchmark
ERR13366147,23A,23,23A,23A,GPS benchmark
SRR26878712,9N,9,9N,9N,GPS benchmark
ERR714502,1,1,1,1,GPS benchmark
ERR1658119,10F,10,10F,10F,GPS benchmark
SRR26878716,7F,7,7F,7F,GPS benchmark
ERR2667608,18A,18,18A,18A,GPS benchmark
ERR326410,6B,6,6B,48,GPS benchmark
ERR774513,23F,23,23F,23F,GPS benchmark
ERR4289095,10A,10,10A,10A,GPS benchmark
ERR1192001,19A,19,19A,19A,GPS benchmark
SRR26878141,10A,10,10A,10A,GPS benchmark
SRR26911125,35B,35,35B,35B,GPS benchmark
SRR26817906,34,34,34,34,GPS benchmark
SRR26714115,3,3,3,3,GPS benchmark
ERR1788572,14,14,14,14,GPS benchmark
SRR26789902,8,8,8,8,GPS benchmark
ERR1540763,19F,19,19F,19F,GPS benchmark
ERR2089666,1,1,1,1,GPS benchmark
SRR26910294,15A,15,15A,15A,GPS benchmark
SRR26790008,8,8,8,8,GPS benchmark
SRR26879869,22F,22,22F,22F,GPS benchmark
ERR13374949,9N,9,9N,9N,GPS benchmark
ERR3899228,23F,23,23F,23F,GPS benchmark
ERR1422687,21,21,21,21,GPS benchmark
ERR319357,6B,6,6B,19A,GPS benchmark
ERR2853541,19A,19,19A,19A,GPS benchmark
ERR774484,33F,33,33F,33F,GPS benchmark
ERR2612092,1,1,1,1,GPS benchmark
ERR774490,31,31,31,31,GPS benchmark
SRR26594716,8,8,8,8,GPS benchmark
SRR26879942,8,8,8,8,GPS benchmark
SRR26797565,8,8,8,8,GPS benchmark
ERR3164413,14,14,14,14,GPS benchmark
ERR13364589,19F,19,6B,6B,GPS benchmark
ERR1422460,11A,11,11A,11A,GPS benchmark
SRR26789910,9N,9,9N,9N,GPS benchmark
ERR773853,35B,35,35B,35D,GPS benchmark
ERR714352,1,1,1,1,GPS benchmark
SRR26594797,23A,23,23A,23A,GPS benchmark
SRR26673498,8,8,8,8,GPS benchmark
ERR1756434,19A,19,19A,19A,GPS benchmark
SRR26931844,35B,35,35B,35B,GPS benchmark
SRR26879825,8,8,8,8,GPS benchmark
ERR600467,23F,23,23F,23F,GPS benchmark
ERR2612104,4,4,4,4,GPS benchmark
SRR26790189,3,3,3,3,GPS benchmark
SRR26797525,13,13,13,13,GPS benchmark
ERR2853418,19A,19,19A,19A,GPS benchmark
ERR13365166,22F,22,22F,22F,GPS benchmark
ERR2090112,19F,19,19F,19F,GPS benchmark
SRR26833924,20B,20,20B,20B,GPS benchmark
ERR750953,6B,6,6B,6E,GPS benchmark
ERR13366189,14,14,14,14,GPS benchmark
ERR425500,14,14,14,14,GPS benchmark
SRR26594942,17F,17,17F,17F,GPS benchmark
ERR742867,14,14,14,14,GPS benchmark
SRR26715058,11A,11,11A,11C,GPS benchmark
ERR662433,35B,35,35B,35D,GPS benchmark
SRR26714987,8,8,8,8,GPS benchmark
ERR3796644,24F,24,24F,24F,GPS benchmark
ERR490752,5,5,5,5,GPS benchmark
SRR26749372,31,31,31,31,GPS benchmark
ERR13365407,19A,19,19A,7F,GPS benchmark
SRR26594615,9N,9,9N,9N,GPS benchmark
ERR13374900,9N,9,9N,9N,GPS benchmark
SRR26910223,9N,9,9N,9N,GPS benchmark
ERR1202097,5,5,5,5,GPS benchmark
SRR26883878,8,8,8,8,GPS benchmark
SRR26931562,23B,23,23B,23B,GPS benchmark
SRR26818216,8,8,8,8,GPS benchmark
SRR26910929,17F,17,17F,17F,GPS benchmark
SRR26834461,27,27,27,27,GPS benchmark
SRR26595059,6E,6,6B,6E,GPS benchmark
ERR884498,19F,19,19F,19F,GPS benchmark
ERR1453358,19F,19,19F,19F,GPS benchmark
SRR26714828,8,8,8,8,GPS benchmark
SRR26878497,8,8,8,8,GPS benchmark
SRR26714309,22F,22,22F,22F,GPS benchmark
ERR1192016,6B,6,6B,6E,GPS benchmark
ERR925347,10A,10,10A,10A,GPS benchmark
ERR2091025,14,14,14,14,GPS benchmark
ERR2089820,9V,9,9V,9V,GPS benchmark
ERR730452,23A,23,23A,23A,GPS benchmark
ERR714643,33D,33,33D,33D,GPS benchmark
SRR26818626,8,8,8,8,GPS benchmark
ERR1065250,15A,15,15A,15A,GPS benchmark
SRR26817749,23B,23,23B,23B,GPS benchmark
ERR3227802,33F,33,33F,33F,GPS benchmark
ERR1066042,7C,7,40,19A,GPS benchmark
SRR26797228,22F,22,22F,22F,GPS benchmark
ERR1214586,23A,23,23A,23A,GPS benchmark
ERR13364818,19A,19,19A,19A,GPS benchmark
SRR26797389,19A,19,19A,19A,GPS benchmark
ERR714691,9V,9,9V,9V,GPS benchmark
ERR326343,6B,6,6B,23F,GPS benchmark
ERR8481746,15B,15,15B,15B,GPS benchmark
SRR26833659,15B,15,15B,15B,GPS benchmark
SRR26673130,33F,33,33F,33F,GPS benchmark
ERR1066349,16F,16,16F,16F,GPS benchmark
SRR26931001,3,3,3,3,GPS benchmark
ERR2089706,19A,19,19A,19A,GPS benchmark
ERR316715,23F,23,23F,23F,GPS benchmark
SRR26880112,23A,23,23A,23A,GPS benchmark
ERR2853566,19A,19,19A,19A,GPS benchmark
SRR26749962,6E,6,19A,25F,GPS benchmark
ERR2667827,6B,6,6B,6E,GPS benchmark
SRR26797315,23A,23,23A,23A,GPS benchmark
ERR1799729,23F,23,23F,23F,GPS benchmark
SRR26931049,7C,7,7C,7C,GPS benchmark
SRR26930991,3,3,3,3,GPS benchmark
ERR1795498,9N,9,9N,9N,GPS benchmark
ERR13364892,22F,22,22F,22F,GPS benchmark
ERR997574,34,34,34,34,GPS benchmark
SRR26672946,22F,22,22F,22F,GPS benchmark
ERR984293,34,34,34,34,GPS benchmark
SRR26878200,8,8,8,8,GPS benchmark
ERR742417,14,14,14,14,GPS benchmark
SRR26818180,35F,35,35F,35F,GPS benchmark
ERR884406,19A,19,19A,19A,GPS benchmark
ERR632952,18A,18,18A,18A,GPS benchmark
ERR505858,35B,35,35B,35B,GPS benchmark
ERR1106712,10A,10,10A,37,GPS benchmark
SRR26673150,8,8,8,11C,GPS benchmark
ERR2089912,9V,9,9V,9V,GPS benchmark
ERR2091010,15A,15,15A,15A,GPS benchmark
ERR2667170,5,5,5,5,GPS benchmark
SRR26884249,8,8,8,8,GPS benchmark
SRR26930766,12F,12,12F,12F,GPS benchmark
SRR26833977,19F,19,19F,19F,GPS benchmark
SRR26817945,19A,19,19A,19A,GPS benchmark
SRR26595025,19A,19,19A,19A,GPS benchmark
ERR8481546,13,13,13,13,GPS benchmark
ERR925380,19F,19,19F,19F,GPS benchmark
ERR925216,35B,35,35B,35B,GPS benchmark
ERR1422412,19A,19,19A,19A,GPS benchmark
ERR701827,11A,11,11A,11E,GPS benchmark
ERR2089348,19A,19,19A,33D,GPS benchmark
SRR26749502,22F,22,22F,22F,GPS benchmark
SRR26884243,19A,19,19A,19A,GPS benchmark
SRR26790176,8,8,8,8,GPS benchmark
SRR26714337,34,34,34,34,GPS benchmark
ERR13364897,14,14,14,14,GPS benchmark
ERR505545,19F,19,19F,19F,GPS benchmark
SRR26883766,7F,7,7F,7F,GPS benchmark
SRR26877862,31,31,31,31,GPS benchmark
SRR26789335,11A,11,11A,11E,GPS benchmark
SRR26673254,22F,22,22F,22F,GPS benchmark
ERR340889,7F,7,7F,7F,GPS benchmark
ERR4289090,14,14,14,14,GPS benchmark
ERR751057,19F,19,19F,19F,GPS benchmark
ERR2668144,4,4,4,9V,GPS benchmark
ERR714460,6B,6,6B,6B,GPS benchmark
ERR876760,1,1,1,1,GPS benchmark
ERR714628,1,1,1,1,GPS benchmark
ERR1065829,16F,16,16F,16F,GPS benchmark
SRR26931743,8,8,8,8,GPS benchmark
ERR1065335,19A,19,19A,19A,GPS benchmark
ERR13374619,5,5,5,5,GPS benchmark
ERR751179,19A,19,19A,19A,GPS benchmark
SRR26878223,16F,16,16F,16F,GPS benchmark
ERR8481717,3,3,3,3,GPS benchmark
ERR2680651,19F,19,19F,19F,GPS benchmark
SRR26884686,33F,33,33F,33F,GPS benchmark
ERR1214461,11A,11,11A,11,GPS benchmark
ERR925322,19F,19,14,9V,GPS benchmark
ERR2680876,6B,6,6B,6E,GPS benchmark
ERR730699,6B,6,6B,6B,GPS benchmark
ERR326758,3,3,3,3,GPS benchmark
ERR774108,12F,12,12F,25F,GPS benchmark
SRR26818538,16F,16,16F,4,GPS benchmark
SRR26910932,17F,17,17F,17F,GPS benchmark
SRR26797388,15A,15,15A,15A,GPS benchmark
ERR913527,19F,19,19F,19F,GPS benchmark
ERR845787,16F,16,16F,16F,GPS benchmark
ERR1202164,11A,11,11A,11E,GPS benchmark
ERR1192025,14,14,14,14,GPS benchmark
SRR26714500,3,3,3,3,GPS benchmark
ERR13364440,22F,22,22F,22F,GPS benchmark
SRR26714243,19F,19,19F,19F,GPS benchmark
SRR26880154,19F,19,19F,19F,GPS benchmark
ERR909335,28F,28,28F,28F,GPS benchmark
SRR26594540,8,8,8,8,GPS benchmark
ERR2090708,22F,22,22F,22F,GPS benchmark
ERR1453439,35B,35,35B,35B,GPS benchmark
ERR2681236,35A,35,35A,35A,GPS benchmark
SRR26931038,8,8,8,8,GPS benchmark
ERR774370,23F,23,23F,23F,GPS benchmark
ERR3831133,24F,24,24F,24F,GPS benchmark
SRR26883966,8,8,8,8,GPS benchmark
ERR884518,19A,19,19A,19A,GPS benchmark
SRR26594188,3,3,3,3,GPS benchmark
ERR3303457,23A,23,23A,23A,GPS benchmark
SRR26797864,7F,7,7F,7F,GPS benchmark
ERR2681184,6B,6,6B,6E,GPS benchmark
SRR26834414,3,3,3,3,GPS benchmark
ERR2667442,19A,19,19A,19A,GPS benchmark
ERR2667933,19A,19,19A,19A,GPS benchmark
ERR13364800,22F,22,22F,22F,GPS benchmark
ERR13365735,7F,7,7F,7F,GPS benchmark
ERR505500,19F,19,19F,19F,GPS benchmark
SRR26833780,8,8,8,8,GPS benchmark
ERR1202223,13,13,13,13,GPS benchmark
ERR730254,14,14,14,14,GPS benchmark
ERR13374972,17F,17,17F,17F,GPS benchmark
SRR26750097,15A,15,15A,15A,GPS benchmark
ERR3655311,3,3,3,3,GPS benchmark
ERR909126,19F,19,19F,19F,GPS benchmark
ERR1191969,19F,19,19F,19F,GPS benchmark
SRR26880095,16F,16,16F,4,GPS benchmark
ERR773948,5,5,5,5,GPS benchmark
ERR751060,5,5,5,5,GPS benchmark
ERR1214553,14,14,10A,21,GPS benchmark
ERR909161,19F,19,19F,19F,GPS benchmark
SRR26790089,9N,9,9N,9N,GPS benchmark
SRR26672752,12F,12,12F,12F,GPS benchmark
SRR26910430,9N,9,9N,9N,GPS benchmark
ERR1453350,34,34,34,34,GPS benchmark
SRR26878102,15A,15,15A,15A,GPS benchmark
ERR2090170,13,13,13,13,GPS benchmark
ERR876561,9V,9,9V,9V,GPS benchmark
ERR10419733,19A,19,19A,19A,GPS benchmark
ERR8481845,15A,15,15A,15A,GPS benchmark
ERR3899326,23F,23,23F,23F,GPS benchmark
SRR26931888,8,8,8,8,GPS benchmark
SRR26880065,6C,6,6C,6D,GPS benchmark
SRR26884505,19A,19,19A,19A,GPS benchmark
SRR26672920,8,8,8,8,GPS benchmark
ERR876673,3,3,3,3,GPS benchmark
ERR876709,2,2,2,2,GPS benchmark
ERR870263,11B,11,11B,11B,GPS benchmark
SRR26595042,8,8,8,8,GPS benchmark
ERR701840,18F,18,18F,18F,GPS benchmark
ERR2089694,17F,17,17F,17F,GPS benchmark
ERR1453395,17F,17,17F,17F,GPS benchmark
SRR26797671,23B,23,23B,23B,GPS benchmark
SRR26797139,8,8,8,8,GPS benchmark
ERR433862,19F,19,19F,19F,GPS benchmark
SRR26714864,15B,15,15A,15B,GPS benchmark
ERR870311,2,2,2,2,GPS benchmark
ERR751045,6A,6,6A,6A,GPS benchmark
ERR2089925,8,8,8,8,GPS benchmark
ERR1065315,20A,20,20A,20A,GPS benchmark
ERR326492,6B,6,6B,23F,GPS benchmark
ERR1065288,35F,35,35F,35F,GPS benchmark
ERR2089417,38,38,38,25A,GPS benchmark
ERR1065394,16F,16,16F,16F,GPS benchmark
SRR26818530,22F,22,22F,22F,GPS benchmark
ERR2090965,1,1,1,1,GPS benchmark
ERR870271,14,14,14,14,GPS benchmark
ERR13365490,19F,19,19F,19F,GPS benchmark
SRR26715040,19A,19,19A,19A,GPS benchmark
ERR3796895,24F,24,24F,24F,GPS benchmark
ERR1065797,12F,12,12F,12B,GPS benchmark
ERR8481636,15C,15,15C,15C,GPS benchmark
ERR13365042,33F,33,33F,33F,GPS benchmark
SRR26878628,9N,9,9N,9N,GPS benchmark
ERR2090870,4,4,4,4,GPS benchmark
ERR13365138,19F,19,19F,19F,GPS benchmark
ERR490793,19F,19,19F,9V,GPS benchmark
ERR1422405,5,5,5,5,GPS benchmark
SRR26834519,8,8,8,8,GPS benchmark
SRR26797125,9N,9,9N,9N,GPS benchmark
SRR26884163,7C,7,7C,7C,GPS benchmark
ERR2853642,19A,19,19A,19A,GPS benchmark
SRR26797919,10A,10,10A,10A,GPS benchmark
ERR997489,18C,18,18C,18C,GPS benchmark
