sample_id,benchmark,true_serotype,true_serogroup,ALLCAPS,PfaSTer,PneumoCaT,PneumoKITy,Pneumo-Typer,SeroBA,SeroCall
SRR26750146,GPS_benchmark,15A,15,15A,15A,15A,15A/15D,15A,15A,15A
ERR2089809,GPS_benchmark,1,1,1,1,1,1,1,1,1
ERR2667606,GPS_benchmark,1,1,1,1,1,1,1,1,1
ERR925331,GPS_benchmark,16F,16,16F,16F,Failed,"Below 70% hit - Poor Sequence quality, variant or non-typeable organism.",16F,16F,16F
SRR26797481,GPS_benchmark,17F,17,17F,17F,17F,17F,17F,17F,17F
SRR26880348,GPS_benchmark,8,8,8,8,8,8,8,8,8
SRR26789759,GPS_benchmark,17F,17,17F,17F,17F,17F,17F,17F,17F
SRR26749947,GPS_benchmark,15B,15,15B,15B,15B,15B/15C,15B|15C,15B,15B/15C
SRR26911103,GPS_benchmark,12F,12,12F,12F,12F,12F,12F,12F,12F
SRR26930252,GPS_benchmark,8,8,8,8,8,8,8,8,8
SRR26594730,GPS_benchmark,35B,35,35B,35B,35B,35B/35D,35B,35B,35B
ERR1065355,GPS_benchmark,38,38,38,38,38,38,38,38,38
SRR26833609,GPS_benchmark,8,8,8,8,8,8,8,8,8
ERR1065850,GPS_benchmark,35B,35,35B,35B,35B,35B/35D,35B,35B,35B
ERR352015,GPS_benchmark,11C,11,9L,11B,11B,11B/11C,11C,11C,11C
SRR26879869,GPS_benchmark,22F,22,22F,22F,22F,22F,22F,22F,22F
ERR980311,GPS_benchmark,6A,6,6A,6A,Failed,6A/6B,6A,6A,6A
ERR909202,GPS_benchmark,19F,19,19F,19F,19F,19F,19F,19F,19F
ERR730421,GPS_benchmark,12F,12,12F,12F,12F,12F,12F,12F,12F
ERR425432,GPS_benchmark,5,5,5,5,5,5,5,5,5
SRR26879769,GPS_benchmark,10A,10,10A,10A,10A,10A,10A,10A,10A
ERR730489,GPS_benchmark,28F,28,28F,NT,28A,28F/28A,28F,28F,28F
ERR862509,GPS_benchmark,16F,16,16F,16F,16F,"Below 70% hit - Poor Sequence quality, variant or non-typeable organism.",16F,16F,16F
SRR26714215,GPS_benchmark,17F,17,17F,17F,17F,17F,17F,17F,17F
ERR925195,GPS_benchmark,21,21,21,21,Failed,21,21,21,21
ERR909318,GPS_benchmark,7C,7,7C,7C,7C,7C,7C,7C,7C
SRR26797666,GPS_benchmark,15A,15,15A,15A,15A,15A/15D,15A,15A,15A
ERR1191967,GPS_benchmark,16F,16,16F,16F,16F,"Below 70% hit - Poor Sequence quality, variant or non-typeable organism.",16F,16F,16F
SRR26797553,GPS_benchmark,7C,7,7C,7C,7C,7C,7C,7C,7C
SRR26672915,GPS_benchmark,23B,23,23B,23B1,23B1,23B,23B,23B,23B1
SRR26673011,GPS_benchmark,15A,15,15A,15A,15A,15A/15D,15A,15A,15A
ERR774279,GPS_benchmark,17F,17,17F,17F,17F,17F,17F,17F,17F
SRR26879794,GPS_benchmark,33F,33,33F,33F,33F,33F/33A,33F,33F,33A/33F
ERR1430867,GPS_benchmark,1,1,1,1,1,1,1,1,1
ERR884650,GPS_benchmark,19A,19,4,19A,Failed,19A,19A,19A,19A
SRR26818086,GPS_benchmark,23B,23,23B,23B,23B,23B,23B,23B,23B
ERR632981,GPS_benchmark,19F,19,19F,19F,19F,19F,19F,19F,19F
ERR13365226,GPS_benchmark,14,14,14,14,14,14,14,14,14
SRR26595002,GPS_benchmark,33F,33,33F,33F,33F,33F/33A,33F,33F,33F
SRR26910962,GPS_benchmark,17F,17,17F,17F,17F,17F,17F,17F,17F
ERR1202278,GPS_benchmark,14,14,14,14,14,14,14,14,14
ERR708297,GPS_benchmark,6B,6,6B,6E,6E,Serogroup_6_(6E),6B,6B,6E(6B)
ERR876496,GPS_benchmark,18C,18,18C,18C,18B,18C/18B,18C,18C,18C
SRR26931502,GPS_benchmark,8,8,8,8,8,8,8,8,8
ERR1066317,GPS_benchmark,1,1,1,1,1,1,1,1,1
SRR26789225,GPS_benchmark,15A,15,15A,15A,15A,15A/15D,15A,15A,15A
ERR3899286,GPS_benchmark,1,1,1,1,1,1,1,1,1
ERR568552,GPS_benchmark,1,1,1,1,1,1,1,1,1
ERR2681280,GPS_benchmark,6A,6,6A,6A,6A,6A/6B,6A,6A,6A
ERR1453547,GPS_benchmark,19F,19,19F,19F,19F,19F,19F,19F,19F
ERR433725,GPS_benchmark,19A,19,19A,19A,19A,19A,19A,19A,19A
ERR2089099,GPS_benchmark,13,13,13,13,13,13,13,13,13
SRR26789477,GPS_benchmark,16F,16,16F,16F,16F,16F,16F,16F,16F
ERR449250,GPS_benchmark,14,14,14,14,14,14,14,14,14
ERR913059,GPS_benchmark,23F,23,19A,23F,23F,23F,23F,23F,23F
SRR26884317,GPS_benchmark,10A,10,10A,10A,10A,10A,10A,10A,10A
SRR26789977,GPS_benchmark,12F,12,12F,12F,12F,12F,12F,12F,12F
ERR316671,GPS_benchmark,19F,19,19F,19F,19F,19F,19F,19F,19F
ERR870276,GPS_benchmark,17F,17,17F,17F,17F,17F,17F,17F,17F
SRR26750108,GPS_benchmark,8,8,8,8,8,8,8,8,8
ERR13365160,GPS_benchmark,22F,22,22F,22F,22F,22F,22F,22F,22F
ERR714336,GPS_benchmark,1,1,1,1,1,1,1,1,1
ERR1453625,GPS_benchmark,1,1,1,1,1,1,1,1,1
SRR26910700,GPS_benchmark,19F,19,19F,19F,19F,19F,19F,19F,19F
ERR505506,GPS_benchmark,19F,19,19F,19F,19F,19F,19F,19F,19F
ERR2667374,GPS_benchmark,5,5,5,5,5,5,5,5,5
SRR26673490,GPS_benchmark,8,8,8,8,8,8,8,8,8
ERR2090451,GPS_benchmark,4,4,4,4,4,4,4,4,4
ERR490737,GPS_benchmark,6A,6,6A,6A,6A,6A/6B,6A,6A,6A
ERR3303239,GPS_benchmark,23F,23,10A,23F,23F,23F,23F,23F,23F
ERR751121,GPS_benchmark,33D,33,33D,NT,33D,"Mixed serotypes- {'33D', '33B'}",33D,33D,33B
SRR26911211,GPS_benchmark,7F,7,7F,7F,7A,7F/7A,7F,7F,7F
ERR862299,GPS_benchmark,5,5,5,5,5,5,5,5,5
SRR26834473,GPS_benchmark,22F,22,22F,22F,22F,22F,22F,22F,22F
ERR1658194,GPS_benchmark,19F,19,19F,19F,19F,19F,19F,19F,19F
ERR1658231,GPS_benchmark,15A,15,15A,15A,15A,15A/15D,15A,15A,15A
SRR26911178,GPS_benchmark,19A,19,19A,19A,19AF,19A,19A,19A,19A
ERR568677,GPS_benchmark,6A,6,23F,NT,6A,6A/6B,6B|23F,6A,6A
ERR1430937,GPS_benchmark,13,13,13,13,13,13,13,13,13
SRR26930802,GPS_benchmark,19A,19,19A,19A,19A,19A,19A,19A,19A
ERR774683,GPS_benchmark,1,1,1,1,1,1,1,1,1
SRR26594596,GPS_benchmark,10A,10,10A,10A,10A,10A,10A,10A,10A
SRR26931400,GPS_benchmark,15A,15,15A,15A,15A,15A/15D,15A,15A,15A
SRR26911060,GPS_benchmark,20B,20,20B,20,Failed,20,20,20B,20
ERR3723820,GPS_benchmark,14,14,14,14,14,14,14,14,14
SRR26797318,GPS_benchmark,8,8,8,8,8,8,8,8,8
ERR997506,GPS_benchmark,21,21,21,21,21,21,21,21,21
ERR701832,GPS_benchmark,4,4,4,4,4,4,4,4,4
ERR13364837,GPS_benchmark,22F,22,22F,22F,22F,22F,22F,22F,22F
ERR869945,GPS_benchmark,16F,16,16F,16F,16F,16F,16F,16F,16F
ERR884636,GPS_benchmark,6B,6,6B,6E,Failed,Serogroup_6_(6E),6B,6B,6E(6A)
ERR505870,GPS_benchmark,17F,17,17F,17F,17F,17F,17F,17F,17F
ERR870015,GPS_benchmark,13,13,13,13,13,13,13,13,13
SRR26910433,GPS_benchmark,8,8,8,8,8,8,8,8,8
ERR2090022,GPS_benchmark,16F,16,16F,16F,16F,"Below 70% hit - Poor Sequence quality, variant or non-typeable organism.",16F,16F,16F
SRR26878374,GPS_benchmark,8,8,8,8,8,8,8,8,8
ERR925129,GPS_benchmark,21,21,34,21,Failed,21,21,21,21
ERR3303243,GPS_benchmark,10A,10,10A,10A,10A,10A,10A,10A,10A
ERR425404,GPS_benchmark,22F,22,22F,22F,22F,22F,22F,22F,22F
ERR862296,GPS_benchmark,5,5,5,5,5,5,5,5,5
SRR26879733,GPS_benchmark,8,8,8,8,8,8,8,8,8
SRR26817968,GPS_benchmark,22F,22,22F,22F,22F,22F,22F,22F,22F
ERR632879,GPS_benchmark,38,38,38,38,38,25F_25A_38,38,38,38
ERR13364705,GPS_benchmark,19F,19,19F,19F,Failed,19F,19F,19F,19F
SRR26879668,GPS_benchmark,33F,33,33F,33F,33F,33F/33A,33F,33F,33F
ERR516628,GPS_benchmark,1,1,1,1,1,1,1,1,1
ERR1795468,GPS_benchmark,14,14,14,14,14,14,14,14,14
ERR730537,GPS_benchmark,6A,6,6A,6A,6A,6A/6B,6A,6A,6A
ERR913373,GPS_benchmark,1,1,1,1,1,1,1,1,1
SRR26931023,GPS_benchmark,8,8,8,8,8,8,8,8,8
ERR1453490,GPS_benchmark,1,1,1,1,1,1,1,1,1
ERR774684,GPS_benchmark,1,1,1,1,1,1,1,1,1
ERR1202377,GPS_benchmark,5,5,5,5,5,5,5,5,5
ERR13374797,GPS_benchmark,22F,22,22F,22F,22F,22F,22F,22F,22F
ERR4289113,GPS_benchmark,28A,28,28A,28A,28F,28F/28A,28A,28A,28A
ERR1065834,GPS_benchmark,35B,35,35B,35B,35B,35B/35D,35B,35B,35B
SRR26714907,GPS_benchmark,22F,22,22F,22F,22F,22F,22F,22F,22F
ERR1192090,GPS_benchmark,21,21,21,21,21,21,21,21,21
ERR736931,GPS_benchmark,11A,11,11A,11A,Failed,11A/11D,11A,11A,11A
ERR433845,GPS_benchmark,1,1,1,1,1,1,1,1,1
SRR26673714,GPS_benchmark,33F,33,33F,33F,Failed,33F/33A,33F,33F,33A/33F
ERR1788200,GPS_benchmark,19F,19,19F,19F,19F,19F,19F,19F,19F
SRR26833708,GPS_benchmark,8,8,8,8,8,8,8,8,8
ERR742501,GPS_benchmark,12F,12,12F,12F,12F,12F,12F,12F,12F
ERR2681161,GPS_benchmark,19F,19,19F,19F,19F,19F,19F,19F,19F
ERR2667157,GPS_benchmark,14,14,14,14,14,14,14,14,14
ERR862542,GPS_benchmark,7F,7,13,7F,7A,7F/7A,7F,7F,7F
SRR26884109,GPS_benchmark,8,8,8,8,8,8,8,8,8
SRR26749992,GPS_benchmark,7F,7,7F,7F,7A,7F/7A,7F,7F,7F
SRR26910319,GPS_benchmark,8,8,8,8,8,8,8,8,8
ERR1658096,GPS_benchmark,5,5,5,5,5,5,5,5,5
ERR1202370,GPS_benchmark,17F,17,17F,17F,17F,17F,17F,17F,17F
ERR662386,GPS_benchmark,12F,12,12F,12F,12F,12F,12F,12F,12F
ERR2853696,GPS_benchmark,19A,19,19A,19A,19AF,19A,19A,19A,19A
ERR2089606,GPS_benchmark,14,14,14,14,14,14,14,14,14
ERR980081,GPS_benchmark,11A,11,11A,11A,11A,11A/11D,11A,11A,11A
SRR26749280,GPS_benchmark,23A,23,23A,23A,23A,23A,23A,23A,23A
ERR2089688,GPS_benchmark,1,1,1,1,1,1,1,1,1
ERR773865,GPS_benchmark,1,1,1,1,1,1,1,1,1
ERR326417,GPS_benchmark,6B,6,6B,6E,6E,Serogroup_6_(6E),6B,6B,6E(6B)
ERR331163,GPS_benchmark,6C,6,6C,6C,6D,6C/6D,6C,6C,6C
ERR730592,GPS_benchmark,1,1,1,1,1,1,1,1,1
ERR13364617,GPS_benchmark,14,14,14,14,14,14,14,14,14
ERR3303158,GPS_benchmark,1,1,1,1,1,1,1,1,1
ERR633110,GPS_benchmark,6B,6,6B,6E,6E,Serogroup_6_(6E),6B,6B,6E(6B)
SRR26884081,GPS_benchmark,15B,15,15B,15B,15C,15B/15C,15B,15B,15B/15C
ERR1202300,GPS_benchmark,5,5,5,5,5,5,5,5,5
ERR913195,GPS_benchmark,19A,19,19A,19A,19AF,19A,19A,19A,19A
ERR2090399,GPS_benchmark,1,1,1,1,1,1,1,1,1
ERR876619,GPS_benchmark,8,8,16F,8,8,8,8,8,8
SRR26910653,GPS_benchmark,6C,6,6C,6C,6D,6C/6D,6C,6C,6C
ERR909113,GPS_benchmark,14,14,14,14,14,14,14,14,14
ERR2090501,GPS_benchmark,1,1,1,1,1,1,1,1,1
SRR26715030,GPS_benchmark,12F,12,12F,12F,12F,12F,12F,12F,12F
ERR1066020,GPS_benchmark,19F,19,19F,19F,19F,19F,19F,19F,19F
SRR26930794,GPS_benchmark,16F,16,16F,16F,16F,16F,16F,16F,16F
SRR26931585,GPS_benchmark,17F,17,17F,17F,17F,17F,17F,17F,17F
ERR13374752,GPS_benchmark,7C,7,7C,7C,7C,7C,7C,7C,7C
SRR26789784,GPS_benchmark,6C,6,6C,6C,6C,6C/6D,6C,6C,6C
ERR2681077,GPS_benchmark,19F,19,19F,19F,19F,19F,19F,19F,19F
ERR2090416,GPS_benchmark,5,5,5,5,5,5,5,5,5
ERR1756393,GPS_benchmark,45,45,45,NT,45,45,45,45,45
ERR870002,GPS_benchmark,20A,20,20A,20,20,20,20,20A,20
ERR2089442,GPS_benchmark,14,14,14,14,14,14,14,14,14
ERR714675,GPS_benchmark,9V,9,9V,9V,9V,9A/9V,9V,9V,9V
ERR600567,GPS_benchmark,14,14,14,14,14,14,14,14,14
ERR2090236,GPS_benchmark,11A,11,11A,11A,11A,11A/11D,11A,11A,11A
SRR26749896,GPS_benchmark,21,21,21,21,21,21,21,21,21
SRR26672999,GPS_benchmark,11A,11,11A,11A,11A,11A/11D,11A,11A,11A
ERR913473,GPS_benchmark,16F,16,16F,16F,16F,"Below 70% hit - Poor Sequence quality, variant or non-typeable organism.",16F,16F,16F
ERR433791,GPS_benchmark,1,1,1,1,1,1,1,1,1
ERR506057,GPS_benchmark,19F,19,19F,19F,19F,19F,19F,19F,19F
ERR600145,GPS_benchmark,22F,22,22F,22F,22F,22F,22F,22F,22F
ERR876731,GPS_benchmark,14,14,14,14,14,14,14,14,14
SRR26930286,GPS_benchmark,8,8,8,8,8,8,8,8,8
ERR742604,GPS_benchmark,7F,7,7F,7F,7A,7F/7A,7F,7F,7F
SRR26931054,GPS_benchmark,22F,22,22F,22F,22F,22F,22F,22F,22F
ERR490748,GPS_benchmark,4,4,4,4,4,4,4,4,4
SRR26930308,GPS_benchmark,12F,12,12F,12F,12F,12F,12F,12F,12F
SRR26714876,GPS_benchmark,22F,22,22F,22F,22F,22F,22F,22F,22F
ERR316933,GPS_benchmark,9V,9,9V,9V,Failed,9A/9V,9V,9V,9V
ERR13365074,GPS_benchmark,19F,19,19F,19F,19F,19F,19F,19F,19F
ERR568765,GPS_benchmark,23A,23,8,23A,Failed,23A,23A,23A,23A
ERR2090675,GPS_benchmark,12F,12,12F,12F,12F,12F,12F,12F,12F
SRR26714604,GPS_benchmark,19F,19,19F,19F,Failed,19F,19F,19F,19F
ERR13374792,GPS_benchmark,10A,10,10A,10A,10A,10A,10A,10A,10A
ERR742607,GPS_benchmark,19A,19,19A,19A,19A,19A,19A,19A,19A
ERR1214444,GPS_benchmark,22F,22,22F,22F,22F,22F,22F,22F,22F
ERR1202159,GPS_benchmark,33D,33,33D,NT,33D,"Mixed serotypes- {'33B', '33D'}",33D,33D,33B
SRR26749451,GPS_benchmark,35B,35,35B,35B,35B,35B/35D,35B,35B,35B
SRR26818615,GPS_benchmark,9V,9,19F,9V,9V,9A/9V,9V,9V,9V
ERR742390,GPS_benchmark,12F,12,12F,12F,12F,12F,12F,12F,12F
ERR750786,GPS_benchmark,28A,28,6A,28A,28F,28F/28A,28A,28A,28A
ERR1788454,GPS_benchmark,19F,19,19F,19F,19F,19F,19F,19F,19F
ERR340890,GPS_benchmark,8,8,8,8,8,8,8,8,8
ERR13365532,GPS_benchmark,10A,10,10A,10A,10A,10A,10A,10A,10A
SRR26673674,GPS_benchmark,12F,12,12F,12F,12F,12F,12F,12F,12F
ERR600606,GPS_benchmark,14,14,14,14,14,14,14,14,14
ERR449254,GPS_benchmark,14,14,14,14,14,14,14,14,14
SRR26931891,GPS_benchmark,9N,9,9N,9N,9N,9N/9L,9N,9N,9N
ERR774117,GPS_benchmark,6B,6,6B,6E,6E,Serogroup_6_(6E),6B,6B,6E(6B)
ERR870284,GPS_benchmark,1,1,1,1,1,1,1,1,1
SRR26833557,GPS_benchmark,10A,10,10A,10A,10A,10A,10A,10A,10A
SRR26880184,GPS_benchmark,15B,15,15B,15B,15B,15B/15C,15B,15B,15B/15C
ERR433912,GPS_benchmark,22F,22,22F,22F,22F,22F,22F,22F,22F
ERR326580,GPS_benchmark,14,14,14,14,14,14,14,14,14
SRR26833881,GPS_benchmark,15A,15,15A,15A,15A,15A/15D,15A,15A,15A
ERR13365023,GPS_benchmark,19F,19,19F,19F,19F,19F,19F,19F,19F
SRR26879631,GPS_benchmark,19F,19,19F,19F,19F,19F,19F,19F,19F
ERR1106668,GPS_benchmark,1,1,1,1,1,1,1,1,1
SRR26878746,GPS_benchmark,17F,17,17F,17F,17F,17F,17F,17F,17F
ERR742497,GPS_benchmark,38,38,38,38,38,38,38,38,38
ERR326582,GPS_benchmark,6B,6,6B,6B,6A,6A/6B,6B,6B,6B
ERR736940,GPS_benchmark,35B,35,35B,35B,Failed,35B/35D,35B,35B,35B
SRR26797422,GPS_benchmark,17F,17,17F,17F,17F,17F,17F,17F,17F
ERR2667324,GPS_benchmark,1,1,1,1,1,1,1,1,1
SRR26789473,GPS_benchmark,14,14,14,14,14,14,14,14,14
ERR742790,GPS_benchmark,14,14,15B,14,14,14,14,14,14
ERR870061,GPS_benchmark,35B,35,35B,35B,35B,35B/35D,35B,35B,35B
ERR730495,GPS_benchmark,5,5,5,5,5,5,5,5,5
SRR26672883,GPS_benchmark,22F,22,22F,22F,22F,22F,22F,22F,22F
ERR331464,GPS_benchmark,1,1,1,1,1,1,1,1,1
ERR1065607,GPS_benchmark,6B,6,6B,6E,6E,Serogroup_6_(6E),6B,6B,6E(6B)
ERR316648,GPS_benchmark,4,4,4,4,4,4,4,4,4
SRR26818468,GPS_benchmark,8,8,8,8,8,8,8,8,8
SRR26833658,GPS_benchmark,11A,11,11A,11A,11A,11A/11D,11A,11A,11A
ERR3899497,GPS_benchmark,14,14,6B,14,14,14,14,14,14
ERR1106711,GPS_benchmark,38,38,38,38,38,25F_25A_38,38,38,38
ERR13374860,GPS_benchmark,9N,9,9N,9N,9N,9N/9L,9N,9N,9N
ERR600408,GPS_benchmark,1,1,1,1,1,1,1,1,1
ERR13374749,GPS_benchmark,8,8,8,8,8,8,8,8,8
ERR662368,GPS_benchmark,6C,6,6C,6C,6D,6C/6D,6C,6C,6C
SRR26930636,GPS_benchmark,10A,10,10A,10A,10A,10A,10A,10A,10A
SRR26833994,GPS_benchmark,9N,9,9N,9N,9N,9N/9L,9N,9N,9N
SRR26910947,GPS_benchmark,8,8,8,8,8,8,8,8,8
ERR2089686,GPS_benchmark,1,1,1,1,1,1,1,1,1
SRR26910686,GPS_benchmark,8,8,8,8,8,8,8,8,8
SRR26594566,GPS_benchmark,33F,33,33F,33F,33F,33F/33A,33F,33E,33F
ERR701802,GPS_benchmark,14,14,14,14,14,14,14,14,14
SRR26797464,GPS_benchmark,35B,35,35B,35B,35B,35B/35D,35B,35B,35B
SRR26789457,GPS_benchmark,8,8,8,8,8,8,8,8,8
ERR425380,GPS_benchmark,14,14,14,14,14,14,14,14,14
ERR1453514,GPS_benchmark,35B,35,35B,35B,35B,35B/35D,35B,35B,35B
SRR26878110,GPS_benchmark,12F,12,12F,12F,12F,12F,12F,12F,12F
ERR774717,GPS_benchmark,38,38,38,38,38,25F_25A_38,38,38,38
ERR925301,GPS_benchmark,16F,16,16F,16F,Failed,"Below 70% hit - Poor Sequence quality, variant or non-typeable organism.",16F,16F,16F
ERR913265,GPS_benchmark,16F,16,16F,16F,16F,"Below 70% hit - Poor Sequence quality, variant or non-typeable organism.",16F,16F,16F
ERR13364458,GPS_benchmark,22F,22,22F,22F,22F,22F,22F,22F,22F
ERR600434,GPS_benchmark,6B,6,6B,6E,6E,Serogroup_6_(6E),6B,6B,6E(6B)
SRR26930987,GPS_benchmark,8,8,8,8,8,8,8,8,8
ERR1106681,GPS_benchmark,1,1,1,1,1,1,1,1,1
ERR13364980,GPS_benchmark,16F,16,16F,16F,16F,16F,16F,16F,16F
ERR774338,GPS_benchmark,4,4,4,4,4,4,4,4,4
ERR1430921,GPS_benchmark,16F,16,16F,16F,16F,"Below 70% hit - Poor Sequence quality, variant or non-typeable organism.",16F,16F,16F
ERR884552,GPS_benchmark,18C,18,18C,18C,18B,18C/18B,18C,18C,18C
ERR730917,GPS_benchmark,23F,23,23F,23F,23F,23F,23F,23F,23F
ERR1192116,GPS_benchmark,6B,6,6B,6E,6E,Serogroup_6_(6E),6B,6B,6E(6B)
SRR26878169,GPS_benchmark,8,8,8,8,8,8,8,8,8
ERR1788399,GPS_benchmark,18C,18,18C,18C,18B,18C/18B,18C,18C,18C
ERR433833,GPS_benchmark,9L,9,9L,9L,9N,"Below 70% hit - Poor Sequence quality, variant or non-typeable organism.",9L,9L,9N
ERR13365498,GPS_benchmark,4,4,4,4,4,4,4,4,4
ERR1453539,GPS_benchmark,14,14,14,14,14,14,14,14,14
ERR742342,GPS_benchmark,14,14,14,14,14,14,14,14,14
ERR742750,GPS_benchmark,23F,23,19F,23F,23F,23F,23F,23F,23F
ERR646600,GPS_benchmark,14,14,14,14,14,14,14,14,14
ERR862469,GPS_benchmark,18A,18,18A,18A,18A,18A,18A,18A,18A
ERR13366068,GPS_benchmark,22F,22,22F,22F,22F,22F,22F,22F,22F
SRR26749343,GPS_benchmark,8,8,8,8,8,8,8,8,8
ERR2090696,GPS_benchmark,12F,12,12F,12F,12F,12F,12F,12F,12F
SRR26833805,GPS_benchmark,8,8,8,8,8,8,8,8,8
SRR26673687,GPS_benchmark,35B,35,35B,35B,35B,35B/35D,35B,35B,35B
SRR26931732,GPS_benchmark,21,21,21,21,21,21,21,21,21
ERR568737,GPS_benchmark,6B,6,6B,6E,6E,Serogroup_6_(6E),6B,6B,6E(6B)
SRR26672784,GPS_benchmark,33F,33,33F,33F,33F,33F/33A,33F,33F,33A/33F
SRR26790157,GPS_benchmark,9V,9,9V,9V,9V,9A/9V,9V,9V,9V
ERR596417,GPS_benchmark,35B,35,35B,35B,35B,35B/35D,35B,35B,35B
ERR438982,GPS_benchmark,1,1,1,1,1,1,1,1,1
SRR26930404,GPS_benchmark,8,8,8,8,8,8,8,8,8
ERR2667753,GPS_benchmark,1,1,1,1,1,1,1,1,1
SRR26879873,GPS_benchmark,33F,33,33F,33F,33F,33F/33A,33F,33F,33A
SRR26749430,GPS_benchmark,12F,12,12F,12F,12F,12F,12F,12F,12F
ERR913344,GPS_benchmark,18A,18,18A,18A,18A,18A,18A,18A,18A
SRR26878516,GPS_benchmark,8,8,8,8,8,8,8,8,8
SRR26714361,GPS_benchmark,12F,12,12F,12F,12F,12F,12F,12F,12F
SRR26877772,GPS_benchmark,8,8,8,8,8,8,8,8,8
SRR26931350,GPS_benchmark,19A,19,19A,19A,19A,19A,19A,19A,19A
SRR26673487,GPS_benchmark,7C,7,7C,7C,7C,7C,7C,7C,7C
ERR13364644,GPS_benchmark,9V,9,9V,9V,9V,9A/9V,9V,9V,9V
ERR3669332,GPS_benchmark,16F,16,16F,16F,16F,16F,16F,16F,16F
SRR26878269,GPS_benchmark,10A,10,10A,10A,10A,10A,10A,10A,10A
SRR26817852,GPS_benchmark,8,8,8,8,8,8,8,8,8
ERR600474,GPS_benchmark,18C,18,18C,18C,18B,18C/18B,18C,18C,18C
SRR26911037,GPS_benchmark,8,8,8,8,8,8,8,8,8
ERR1658120,GPS_benchmark,19F,19,19F,19F,19F,19F,19F,19F,19F
ERR316650,GPS_benchmark,5,5,5,5,Failed,5,5,5,5
ERR13365220,GPS_benchmark,14,14,14,14,14,14,14,14,14
SRR26673034,GPS_benchmark,16F,16,16F,16F,16F,16F,16F,16F,16F
SRR26749342,GPS_benchmark,35B,35,35B,35B,35B,35B/35D,35B,35B,35B
ERR1453802,GPS_benchmark,18F,18,18F,18F,18B,18F,18F,18F,18F
SRR26930539,GPS_benchmark,8,8,8,8,8,8,8,8,8
ERR1788349,GPS_benchmark,16F,16,16F,16F,16F,"Below 70% hit - Poor Sequence quality, variant or non-typeable organism.",16F,16F,16F
ERR13365953,GPS_benchmark,22F,22,22F,22F,22F,22F,22F,22F,22F
ERR876471,GPS_benchmark,14,14,14,14,14,14,14,14,14
ERR908930,GPS_benchmark,6B,6,6B,6E,6E,Serogroup_6_(6E),6B,6B,6E(6B)
SRR26797346,GPS_benchmark,8,8,8,8,8,8,8,8,8
SRR26930267,GPS_benchmark,14,14,14,14,14,14,14,14,14
SRR26797386,GPS_benchmark,7C,7,7C,7C,7C,7C,7C,7C,7C
SRR26715041,GPS_benchmark,19A,19,19A,19A,19AF,19A,19A,19A,19A
SRR26834407,GPS_benchmark,15A,15,15A,15A,15A,15A/15D,15A,15A,15A
ERR14654040,GPS_benchmark,23A,23,9V,23A,23A,23A,23A,23A,23A
SRR26714573,GPS_benchmark,15C,15,15B,15C,15B,15B/15C,15B|15C,15C,15B/15C
ERR774042,GPS_benchmark,10A,10,10A,10A,10A,10A,10A,10A,10A
ERR2091209,GPS_benchmark,23F,23,23F,23F,23F,23F,23F,23F,23F
SRR26880003,GPS_benchmark,19A,19,7C,19A,19AF,19A,19A,19A,19A
ERR505543,GPS_benchmark,19F,19,19F,19F,19F,19F,19F,19F,19F
SRR26594987,GPS_benchmark,9N,9,9N,9N,9N,9N/9L,9N,9N,9N
SRR26672976,GPS_benchmark,12F,12,12F,12F,12F,12F,12F,12F,12F
SRR26714253,GPS_benchmark,19A,19,19A,19A,19A,19A,19A,19A,19A
ERR13366109,GPS_benchmark,8,8,8,8,8,8,8,8,8
SRR26879896,GPS_benchmark,38,38,38,38,38,38,38,38,38
ERR1191906,GPS_benchmark,8,8,8,8,8,8,8,8,8
SRR26931102,GPS_benchmark,8,8,8,8,8,8,8,8,8
SRR26833669,GPS_benchmark,8,8,8,8,8,8,8,8,8
ERR2089567,GPS_benchmark,5,5,5,5,5,5,5,5,5
SRR26672866,GPS_benchmark,10A,10,10A,10A,10A,10A,10A,10A,10A
SRR26910408,GPS_benchmark,8,8,8,8,8,8,8,8,8
SRR26879912,GPS_benchmark,8,8,8,8,8,8,8,8,8
ERR433529,GPS_benchmark,6A,6,6A,6A,6A,6A/6B,6A,6A,6A
ERR870248,GPS_benchmark,17F,17,17F,17F,17F,17F,17F,17F,17F
ERR701849,GPS_benchmark,1,1,1,1,1,1,1,1,1
ERR319349,GPS_benchmark,6B,6,6B,6E,6E,Serogroup_6_(6E),6B,6B,6E(6B)
SRR26834114,GPS_benchmark,8,8,8,8,8,8,8,8,8
ERR326555,GPS_benchmark,19F,19,19F,19F,19F,19F,19F,19F,19F
ERR2091038,GPS_benchmark,6A,6,6A,6A,6A,6A/6B,6A,6A,6A
ERR742503,GPS_benchmark,19A,19,19A,19A,19A,19A,19A,19A,19A
ERR876630,GPS_benchmark,18C,18,18C,18C,18B,18C/18B,18C,18C,18C
ERR2090755,GPS_benchmark,38,38,38,38,38,38,38,38,38
SRR26749503,GPS_benchmark,22F,22,22F,22F,22F,22F,22F,22F,22F
ERR2090515,GPS_benchmark,5,5,5,5,5,5,5,5,5
ERR730215,GPS_benchmark,16F,16,16F,16F,16F,"Below 70% hit - Poor Sequence quality, variant or non-typeable organism.",16F,16F,16F
ERR730175,GPS_benchmark,35B,35,35B,35B,35B,35B/35D,35B,35B,35B
ERR876682,GPS_benchmark,14,14,14,14,14,14,14,14,14
SRR26930335,GPS_benchmark,8,8,8,8,8,8,8,8,8
ERR2681086,GPS_benchmark,6A,6,6A,6A,6A,6A/6B,6A,6A,6A
ERR2091094,GPS_benchmark,14,14,14,14,14,14,14,14,14
ERR2090530,GPS_benchmark,14,14,14,14,14,14,14,14,14
SRR26880328,GPS_benchmark,33F,33,35B,33F,Failed,33F/33A,33B,33F,33F
ERR1214575,GPS_benchmark,19F,19,19F,19F,19F,19F,19F,19F,19F
ERR2090775,GPS_benchmark,12F,12,12F,12F,12F,12F,12F,12F,12F
ERR3655122,GPS_benchmark,19A,19,19A,19A,19AF,19A,19A,19A,19A
ERR2667468,GPS_benchmark,6B,6,6B,6E,6E,Serogroup_6_(6E),6B,6B,6E(6B)
ERR1540787,GPS_benchmark,13,13,13,13,13,13,13,13,13
ERR925054,GPS_benchmark,9V,9,9V,9V,Failed,9A/9V,9V,9V,9V
SRR26883829,GPS_benchmark,8,8,8,8,8,8,8,8,8
ERR2667876,GPS_benchmark,14,14,14,14,14,14,14,14,14
ERR13375099,GPS_benchmark,10A,10,10A,10A,10A,10A,10A,10A,10A
SRR26884486,GPS_benchmark,22A,22,18C,22A,22A,22A,22A,22A,22A
ERR730621,GPS_benchmark,19A,19,19A,19A,Failed,19A,19A,19A,19A
ERR13364872,GPS_benchmark,7F,7,7F,7F,7F,7F/7A,7F,7F,7F
SRR26789615,GPS_benchmark,14,14,14,14,14,14,14,14,14
SRR26749236,GPS_benchmark,9N,9,9N,9N,9N,9N/9L,9N,9N,9N
ERR742518,GPS_benchmark,22F,22,22F,22F,22F,22F,22F,22F,22F
SRR26931750,GPS_benchmark,19A,19,19A,19A,19AF,19A,19A,19A,19A
ERR1453741,GPS_benchmark,15A,15,15A,15A,15A,15A/15D,15A,15A,15A
ERR13374882,GPS_benchmark,22F,22,22F,22F,22F,22F,22F,22F,22F
ERR730943,GPS_benchmark,23F,23,23F,23F,23F,23F,23F,23F,23F
ERR701793,GPS_benchmark,1,1,1,1,1,1,1,1,1
SRR26673556,GPS_benchmark,22F,22,22F,22F,22F,22F,22F,22F,22F
ERR13364628,GPS_benchmark,9V,9,9V,9V,9V,9A/9V,9V,9V,9V
ERR600126,GPS_benchmark,22F,22,22F,22F,22F,22F,22F,22F,22F
ERR774310,GPS_benchmark,34,34,34,34,34,34,34,34,34
SRR26789272,GPS_benchmark,8,8,8,8,8,8,8,8,8
ERR326752,GPS_benchmark,8,8,8,8,8,8,8,8,8
SRR26833960,GPS_benchmark,22F,22,22F,22F,22F,22F,22F,22F,22F
ERR13364959,GPS_benchmark,4,4,4,4,4,4,4,4,4
SRR26595045,GPS_benchmark,8,8,8,8,8,8,8,8,8
SRR26797872,GPS_benchmark,9N,9,9N,9N,9N,9N/9L,9N,9N,9N
SRR26797463,GPS_benchmark,12F,12,12F,12F,12F,12F,12F,12F,12F
ERR1066120,GPS_benchmark,19F,19,19F,19F,19F,19F,19F,19F,19F
SRR26878200,GPS_benchmark,8,8,8,8,8,8,8,8,8
SRR26673504,GPS_benchmark,22F,22,22F,22F,22F,22F,22F,22F,22F
ERR774245,GPS_benchmark,23F,23,23F,23F,23F,23F,23F,23F,23F
ERR925261,GPS_benchmark,19B,19,19B,NT,Failed,19B,19B,19B,19B
ERR2612100,GPS_benchmark,5,5,5,5,5,5,5,5,5
SRR26910609,GPS_benchmark,7C,7,7C,7C,7C,7C,7C,7C,7C
SRR26818027,GPS_benchmark,12F,12,12F,12F,12F,12F,12F,12F,12F
ERR997572,GPS_benchmark,22A,22,22A,22A,22A,22A,22A,22A,22A
SRR26818128,GPS_benchmark,8,8,8,8,8,8,8,8,8
ERR1430807,GPS_benchmark,19A,19,19A,19A,19A,19A,19A,19A,19A
ERR774097,GPS_benchmark,8,8,8,8,8,8,8,8,8
SRR26930847,GPS_benchmark,12F,12,12F,12F,12F,12F,12F,12F,12F
SRR26878275,GPS_benchmark,14,14,14,14,14,14,14,14,14
ERR505808,GPS_benchmark,33F,33,33F,33F,33F,33F/33A,33F,33F,33F
ERR2681238,GPS_benchmark,14,14,14,14,14,14,14,14,14
SRR26817905,GPS_benchmark,33F,33,14,33F,33F,33F/33A,33F,33F,33A
ERR774373,GPS_benchmark,1,1,1,1,1,1,1,1,1
ERR736918,GPS_benchmark,6A,6,6A,6A,Failed,6A/6B,6A,6A,6A
ERR662443,GPS_benchmark,31,31,31,31,31,31,31,31,31
ERR1453594,GPS_benchmark,1,1,1,1,1,1,1,1,1
ERR506024,GPS_benchmark,19A,19,19A,19A,19A,19A,19A,19A,19A
SRR26833970,GPS_benchmark,15B,15,15C,15C,Failed,15B/15C,15C,15B,15B/15C
ERR600609,GPS_benchmark,14,14,14,14,14,14,14,14,14
SRR26931757,GPS_benchmark,8,8,8,8,8,8,8,8,8
SRR26594185,GPS_benchmark,7F,7,7F,7F,7A,7F/7A,7F,7F,7F
ERR570426,GPS_benchmark,1,1,1,1,1,1,1,1,1
SRR26797064,GPS_benchmark,8,8,8,8,8,8,8,8,8
SRR26931533,GPS_benchmark,8,8,8,8,8,8,8,8,8
ERR600543,GPS_benchmark,18B,18,18C,18B,18B,18C/18B,18B,18B,18C
ERR568705,GPS_benchmark,23F,23,23F,23F,23F,23F,23F,23F,23F
SRR26749363,GPS_benchmark,22F,22,22F,22F,22F,22F,22F,22F,22F
ERR742804,GPS_benchmark,6B,6,6B,6E,6E,Serogroup_6_(6E),6B,6B,6E(6B)
SRR26749906,GPS_benchmark,38,38,38,38,38,38,38,38,38
SRR26798000,GPS_benchmark,22F,22,22F,22F,22F,22F,22F,22F,22F
ERR1788561,GPS_benchmark,9V,9,9V,9V,9V,9A/9V,9V,9V,9V
ERR913086,GPS_benchmark,34,34,34,34,34,34,34,34,34
ERR13365892,GPS_benchmark,10A,10,10A,10A,10A,10A,10A,10A,10A
ERR13365438,GPS_benchmark,5,5,5,5,5,"Below 70% hit - Poor Sequence quality, variant or non-typeable organism.",5,5,5
SRR26931595,GPS_benchmark,23B,23,23B,23B,23B,23B,23B,23B,23B
ERR773852,GPS_benchmark,12F,12,12F,12F,12F,12F,12F,12F,12F
ERR876482,GPS_benchmark,38,38,38,38,38,38,38,38,38
ERR862278,GPS_benchmark,16F,16,16F,16F,16F,16F,16F,16F,16F
ERR13366209,GPS_benchmark,10A,10,10A,10A,10A,10A,10A,10A,10A
ERR1191901,GPS_benchmark,6B,6,6B,6E,6E,Serogroup_6_(6E),6B,6B,6E(6B)
ERR425505,GPS_benchmark,14,14,14,14,14,14,14,14,14
SRR26930807,GPS_benchmark,22F,22,22F,22F,22F,22F,22F,22F,22F
ERR596406,GPS_benchmark,33F,33,33F,33F,33F,33F/33A,33F,33F,33F
ERR750912,GPS_benchmark,9V,9,9V,9V,9V,9A/9V,9V,9V,9V
SRR26673270,GPS_benchmark,12F,12,12F,12F,Failed,12F,12F,12F,12F
ERR568440,GPS_benchmark,19F,19,19F,19F,19F,19F,19F,19F,19F
ERR750780,GPS_benchmark,35C,35,5,NT,35A,35A/35C/42,35C,35C,35C
ERR980008,GPS_benchmark,6D,6,6D,NT,6D,6A_6B_6C_6D,6D,6D,6D
SRR26594900,GPS_benchmark,8,8,8,8,8,8,8,8,8
ERR774123,GPS_benchmark,23F,23,23F,23F,23F,23F,23F,23F,23F
ERR13365279,GPS_benchmark,31,31,31,31,31,31,31,31,31
ERR876704,GPS_benchmark,17F,17,17F,17F,17F,17F,17F,17F,17F
ERR600184,GPS_benchmark,22F,22,22F,22F,22F,22F,22F,22F,22F
ERR1540679,GPS_benchmark,35B,35,35B,35B,35B,35B/35D,35B,35B,35B
SRR26878367,GPS_benchmark,10A,10,10A,10A,10A,10A,10A,10A,10A
ERR751104,GPS_benchmark,5,5,5,5,5,5,5,5,5
SRR26714535,GPS_benchmark,8,8,8,8,8,8,8,8,8
SRR26910258,GPS_benchmark,8,8,8,8,8,8,8,8,8
SRR26878202,GPS_benchmark,9N,9,9N,9N,9N,9N/9L,9N,9N,9N
ERR869843,GPS_benchmark,15A,15,15A,15A,15A,15A/15D,15A,15A,15A
SRR26884714,GPS_benchmark,23A,23,23A,23A,23A,23A,23A,23A,23A
ERR909093,GPS_benchmark,23F,23,23F,23F,23F,23F,23F,23F,23F
ERR714507,GPS_benchmark,23F,23,23F,23F,23F,23F,23F,23F,23F
ERR2090573,GPS_benchmark,5,5,5,5,5,5,5,5,5
SRR26910708,GPS_benchmark,12F,12,12F,12F,12F,12F,12F,12F,12F
SRR26749510,GPS_benchmark,20B,20,20B,20,20,20,20,20B,20
ERR2853600,GPS_benchmark,19A,19,19A,19A,19AF,19A,19A,19A,19A
SRR26673251,GPS_benchmark,22F,22,22F,22F,22F,22F,22F,22F,22F
ERR2681142,GPS_benchmark,19F,19,19F,19F,19F,19F,19F,19F,19F
ERR2089487,GPS_benchmark,9V,9,9V,9V,9V,9A/9V,9V,9V,9V
SRR26879469,GPS_benchmark,7C,7,7C,7C,7C,7C,7C,7C,7C
ERR13366177,GPS_benchmark,4,4,15A,4,4,4,4,4,4
ERR2681033,GPS_benchmark,6A,6,6A,6A,6A,6A/6B,6A,6A,6A
SRR26834394,GPS_benchmark,8,8,8,8,8,8,8,8,8
ERR1756441,GPS_benchmark,1,1,1,1,1,1,1,1,1
ERR1453824,GPS_benchmark,19F,19,19F,19F,19F,19F,19F,19F,19F
ERR774105,GPS_benchmark,6B,6,6B,6E,6E,Serogroup_6_(6E),6B,6B,6E(6B)
ERR586395,GPS_benchmark,35B,35,35B,NT,35B,35B/35D,35B,35B,35B
ERR570460,GPS_benchmark,14,14,14,14,14,14,14,14,14
ERR600289,GPS_benchmark,18C,18,18C,18C,18B,18C/18B,18C,18C,18C
ERR1658193,GPS_benchmark,6A,6,6A,6A,6B,6A/6B,6A,6A,6A
SRR26879565,GPS_benchmark,9N,9,9N,9N,9N,9N/9L,9N,9N,9N
ERR1106739,GPS_benchmark,13,13,13,13,13,13,13,13,13
ERR505790,GPS_benchmark,19A,19,19A,19A,19A,19A,19A,19A,19A
SRR26749161,GPS_benchmark,8,8,8,8,8,8,8,8,8
ERR7568093,GPS_benchmark,17F,17,17F,17F,17F,17F,17F,17F,17F
SRR26931422,GPS_benchmark,20B,20,20B,20,20,20,20,20B,20
SRR26714469,GPS_benchmark,8,8,8,8,8,8,8,8,8
SRR26817904,GPS_benchmark,9N,9,9N,9N,9N,9N/9L,9N,9N,9N
SRR26749307,GPS_benchmark,22F,22,22F,22F,22F,22F,22F,22F,22F
SRR26878635,GPS_benchmark,12F,12,12F,12F,12F,12F,12F,12F,12F
ERR3332137,GPS_benchmark,17F,17,17F,17F,17F,17F,17F,17F,17F
ERR2089393,GPS_benchmark,20B,20,20B,20,20,20,20,20B,20
SRR26749807,GPS_benchmark,7C,7,7C,7C,7C,7C,7C,7C,7C
ERR876605,GPS_benchmark,6B,6,6B,6B,6A,6A/6B,6B,6B,6B
SRR26749231,GPS_benchmark,12F,12,12F,12F,12F,12F,12F,12F,12F
SRR26797936,GPS_benchmark,12F,12,12F,12F,12F,12F,12F,12F,12F
ERR774174,GPS_benchmark,33D,33,33D,NT,33D,"Mixed serotypes- {'33B', '33D'}",33D,33D,33B
ERR1422452,GPS_benchmark,19F,19,19F,19F,19F,19F,19F,19F,19F
ERR714708,GPS_benchmark,14,14,14,14,14,14,14,14,14
SRR26817840,GPS_benchmark,9N,9,9N,9N,9N,9N/9L,9N,9N,9N
ERR742412,GPS_benchmark,33F,33,33F,33F,33F,33F/33A,33F,33F,33F
ERR425391,GPS_benchmark,22F,22,23B,9N,22F,22F,22F,22F,22F
SRR26880204,GPS_benchmark,4,4,4,4,4,4,4,4,4
ERR7568022,GPS_benchmark,8,8,8,8,8,8,8,8,8
ERR2612098,GPS_benchmark,1,1,1,1,1,1,1,1,1
ERR433654,GPS_benchmark,7F,7,7F,7F,7A,7F/7A,7F,7F,7F
ERR742684,GPS_benchmark,7F,7,7F,7F,7A,7F/7A,7F,7F,7F
SRR26884591,GPS_benchmark,16F,16,16F,16F,16F,16F,16F,16F,16F
ERR505678,GPS_benchmark,18C,18,18C,18C,Failed,18C/18B,18C,18C,18C
SRR26930775,GPS_benchmark,6C,6,6C,6C,6C,6C/6D,6C,6C,6C
ERR2681276,GPS_benchmark,14,14,14,14,14,14,14,14,14
SRR26594361,GPS_benchmark,20B,20,20B,20,20,20,20,20B,20
SRR26884166,GPS_benchmark,13,13,13,13,13,13,13,13,13
ERR13365271,GPS_benchmark,6C,6,6C,6C,6D,6C/6D,6C,6C,6C
ERR1422500,GPS_benchmark,14,14,14,14,14,14,14,14,14
ERR13365494,GPS_benchmark,19F,19,19F,19F,19F,19F,19F,19F,19F
SRR26878188,GPS_benchmark,22F,22,22F,22F,22F,22F,22F,22F,22F
SRR26931104,GPS_benchmark,8,8,8,8,8,8,8,8,8
ERR600515,GPS_benchmark,13,13,13,13,13,13,13,13,13
ERR2681235,GPS_benchmark,14,14,14,14,14,14,14,14,14
ERR340836,GPS_benchmark,1,1,1,1,1,1,1,1,1
ERR2680729,GPS_benchmark,19F,19,19F,19F,19F,19F,19F,19F,19F
ERR2090185,GPS_benchmark,19A,19,19A,19A,19AF,19A,19A,19A,19A
ERR2680844,GPS_benchmark,6A,6,6A,6A,6A,6A/6B,6A,6A,6A
ERR434027,GPS_benchmark,23F,23,23F,23F,23F,23F,23F,23F,23F
ERR1106682,GPS_benchmark,4,4,4,4,4,4,4,4,4
SRR26833957,GPS_benchmark,11A,11,11A,11A,Failed,11A/11D,11A,11A,11A
SRR26749210,GPS_benchmark,10A,10,10A,10A,10A,10A,10A,10A,10A
ERR2212857,GPS_benchmark,14,14,14,14,14,14,14,14,14
ERR909037,GPS_benchmark,20A,20,20A,20,20,20,20,20A,20
ERR1065729,GPS_benchmark,23F,23,23F,23F,23F,23F,23F,23F,23F
ERR730746,GPS_benchmark,9V,9,9V,9V,9V,9A/9V,9V,9V,9V
ERR433597,GPS_benchmark,14,14,14,14,14,14,14,14,14
SRR26789686,GPS_benchmark,8,8,8,8,8,8,8,8,8
SRR26818247,GPS_benchmark,8,8,8,8,8,8,8,8,8
SRR26594354,GPS_benchmark,10A,10,10A,10A,10A,10A,10A,10A,10A
ERR5104400,GPS_benchmark,4,4,4,4,4,4,4,4,4
ERR742638,GPS_benchmark,19A,19,19A,19A,19A,19A,19A,19A,19A
SRR26789914,GPS_benchmark,22F,22,22F,22F,22F,22F,22F,22F,22F
ERR3303199,GPS_benchmark,14,14,14,14,14,14,14,14,14
SRR26884662,GPS_benchmark,8,8,8,8,8,8,8,8,8
SRR26878387,GPS_benchmark,12F,12,12F,12F,12F,12F,12F,12F,12F
SRR26931758,GPS_benchmark,9N,9,9N,9N,9N,9N/9L,9N,9N,9N
ERR1788458,GPS_benchmark,14,14,14,14,14,14,14,14,14
SRR26594661,GPS_benchmark,9N,9,9N,9N,9N,9N/9L,9N,9N,9N
SRR26673698,GPS_benchmark,15A,15,15A,15A,15A,15A/15D,15A,15A,15A
SRR26673099,GPS_benchmark,22F,22,22F,22F,22F,22F,22F,22F,22F
SRR26594814,GPS_benchmark,8,8,8,8,8,8,8,8,8
ERR909016,GPS_benchmark,6B,6,6B,6E,6E,Serogroup_6_(6E),6B,6B,6E(6B)
ERR742570,GPS_benchmark,5,5,5,5,5,5,5,5,5
ERR742755,GPS_benchmark,13,13,13,13,13,13,13,13,13
SRR26714555,GPS_benchmark,19F,19,19F,19F,Failed,19F,19F,19F,19F
SRR26879774,GPS_benchmark,17F,17,17F,17F,17F,17F,17F,17F,17F
ERR1422404,GPS_benchmark,14,14,14,14,14,14,14,14,14
SRR26834493,GPS_benchmark,22F,22,22F,22F,22F,22F,22F,22F,22F
ERR2089736,GPS_benchmark,12F,12,12F,12F,12F,12F,12F,12F,12F
ERR13365488,GPS_benchmark,14,14,14,14,14,14,14,14,14
ERR1540833,GPS_benchmark,19A,19,19A,19A,19AF,19A,19A,19A,19A
SRR26880149,GPS_benchmark,7C,7,7C,7C,7C,7C,7C,7C,7C
ERR742449,GPS_benchmark,17F,17,17F,17F,17F,17F,17F,17F,17F
SRR26931291,GPS_benchmark,12F,12,12F,12F,12F,12F,12F,12F,12F
ERR2681249,GPS_benchmark,34,34,34,34,34,34,34,34,34
SRR26818388,GPS_benchmark,38,38,38,38,38,38,38,38,38
ERR870107,GPS_benchmark,1,1,1,1,1,1,1,1,1
SRR26594267,GPS_benchmark,8,8,8,8,8,8,8,8,8
ERR2680581,GPS_benchmark,1,1,1,1,1,1,1,1,1
ERR505842,GPS_benchmark,14,14,14,14,14,14,14,14,14
ERR1065160,GPS_benchmark,19F,19,19F,19F,19F,19F,19F,19F,19F
SRR26790032,GPS_benchmark,8,8,8,8,8,8,8,8,8
ERR600423,GPS_benchmark,6B,6,6B,6E,6E,Serogroup_6_(6E),6B,6B,6E(6B)
ERR742493,GPS_benchmark,14,14,14,14,14,14,14,14,14
ERR2667345,GPS_benchmark,14,14,14,14,14,14,14,14,14
SRR26594467,GPS_benchmark,15B,15,15B,15B,15C,15B/15C,15B,15B,15B/15C
ERR586406,GPS_benchmark,7F,7,7F,7F,7F,7F/7A,7F,7F,7F
SRR26673424,GPS_benchmark,12F,12,12F,12F,12F,12F,12F,12F,12F
SRR26930159,GPS_benchmark,8,8,8,8,8,8,8,8,8
SRR26673731,GPS_benchmark,15B,15,40,15C,Failed,15B/15C,15B|15C,15B,15B/15C
SRR26931902,GPS_benchmark,38,38,38,38,38,38,38,38,38
SRR26673627,GPS_benchmark,15A,15,15A,15A,15A,15A/15D,15A,15A,15A
ERR13364627,GPS_benchmark,14,14,14,14,14,14,14,14,14
SRR26931322,GPS_benchmark,15A,15,15A,15A,15A,15A/15D,15A,15A,15A
ERR352031,GPS_benchmark,6A,6,6A,6A,6B,6A/6B,6A,6A,6A
SRR26818351,GPS_benchmark,33F,33,33F,33F,33F,33F/33A,33F,33F,33F
ERR326483,GPS_benchmark,14,14,14,14,14,14,14,14,14
ERR2667709,GPS_benchmark,1,1,1,1,1,1,1,1,1
SRR26931475,GPS_benchmark,12F,12,12F,12F,12F,12F,12F,12F,12F
SRR26833776,GPS_benchmark,8,8,8,8,8,8,8,8,8
SRR26878349,GPS_benchmark,22F,22,22F,22F,22F,22F,22F,22F,22F
ERR2680975,GPS_benchmark,19F,19,19F,19F,19F,19F,19F,19F,19F
SRR26931070,GPS_benchmark,14,14,14,14,14,14,14,14,14
SRR26673181,GPS_benchmark,8,8,8,8,8,8,8,8,8
SRR26930167,GPS_benchmark,12F,12,12F,12F,12F,12F,12F,12F,12F
ERR2667531,GPS_benchmark,1,1,1,1,1,1,1,1,1
ERR13365456,GPS_benchmark,4,4,4,4,4,4,4,4,4
ERR14653931,GPS_benchmark,19F,19,19F,19F,19F,19F,19F,19F,19F
ERR1192082,GPS_benchmark,37,37,37,37,37,37,37,37,37
ERR1430969,GPS_benchmark,9L,9,9L,9L,9N,9N/9L,9L,9L,9L
ERR884573,GPS_benchmark,14,14,14,14,Failed,"Below 70% hit - Poor Sequence quality, variant or non-typeable organism.",14,14,14
ERR13364632,GPS_benchmark,14,14,14,14,14,14,14,14,14
ERR862517,GPS_benchmark,13,13,13,13,13,13,13,13,13
SRR26911059,GPS_benchmark,6A,6,23F,6A,Failed,6A_6B_6C_6D,6A,6A,6A
SRR26833973,GPS_benchmark,21,21,21,21,21,21,21,21,21
ERR1453786,GPS_benchmark,19A,19,6A,19A,19A,19A,19A,19A,19A
SRR26818188,GPS_benchmark,9N,9,9N,9N,9N,9N/9L,9N,9N,9N
SRR26594413,GPS_benchmark,12F,12,12F,12F,12F,12F,12F,12F,12F
SRR26818462,GPS_benchmark,8,8,8,8,8,8,8,8,8
SRR26673189,GPS_benchmark,10A,10,10A,10A,10A,10A,10A,10A,10A
ERR774151,GPS_benchmark,16F,16,16F,16F,16F,"Below 70% hit - Poor Sequence quality, variant or non-typeable organism.",16F,16F,16F
ERR13364573,GPS_benchmark,14,14,14,14,14,14,14,14,14
ERR433844,GPS_benchmark,9L,9,9L,9L,9L,9N/9L,9L,9L,9L
ERR7567856,GPS_benchmark,19F,19,19F,19F,19F,19F,19F,19F,19F
SRR26884023,GPS_benchmark,8,8,8,8,8,8,8,8,8
ERR331172,GPS_benchmark,6B,6,18C,6E,6E,Serogroup_6_(6E),6B,6B,6E(6B)
SRR26673196,GPS_benchmark,22F,22,22F,22F,22F,22F,22F,22F,22F
ERR730483,GPS_benchmark,34,34,34,34,34,34,34,34,34
ERR13365689,GPS_benchmark,8,8,7F,NT,8,8,8,8,8
ERR13374777,GPS_benchmark,4,4,4,4,4,4,4,4,4
SRR26880235,GPS_benchmark,20B,20,20B,20,20,20,20,20B,20
ERR13364913,GPS_benchmark,28A,28,19F,28A,28F,28F/28A,28A,28A,28A
ERR3655270,GPS_benchmark,22F,22,22F,22F,22F,22F,22F,22F,22F
SRR26714074,GPS_benchmark,8,8,8,8,8,8,8,8,8
SRR26879988,GPS_benchmark,6C,6,6C,6C,6D,6C/6D,6C,6C,6C
ERR1333971,GPS_benchmark,23F,23,23F,23F,23F,23F,23F,23F,23F
SRR26930596,GPS_benchmark,9N,9,9N,9N,9N,9N/9L,9N,9N,9N
ERR862291,GPS_benchmark,5,5,5,5,5,5,5,5,5
ERR1214352,GPS_benchmark,6B,6,6B,6E,6E,Serogroup_6_(6E),6B,6B,6E(6B)
SRR26877950,GPS_benchmark,17F,17,17F,17F,17F,17F,17F,17F,17F
SRR26797015,GPS_benchmark,12F,12,12F,12F,12F,12F,12F,12F,12F
ERR742487,GPS_benchmark,18B,18,18C,18B,18B,18C/18B,18B,18B,18C
SRR26878674,GPS_benchmark,9N,9,9N,9N,9N,9N/9L,9N,9N,9N
ERR1106699,GPS_benchmark,1,1,1,1,1,1,1,1,1
ERR2667937,GPS_benchmark,5,5,5,5,5,5,5,5,5
SRR26714544,GPS_benchmark,19F,19,19F,19F,19F,19F,19F,19F,19F
ERR742536,GPS_benchmark,38,38,38,38,38,38,38,38,38
ERR714603,GPS_benchmark,6C,6,6C,6C,6D,6C/6D,6C,6C,6C
ERR2089976,GPS_benchmark,1,1,1,1,1,1,1,1,1
ERR742773,GPS_benchmark,5,5,5,5,5,5,5,5,5
ERR2090657,GPS_benchmark,10A,10,10A,10A,10A,10A,10A,10A,10A
ERR2091225,GPS_benchmark,1,1,1,1,1,1,1,1,1
ERR433682,GPS_benchmark,14,14,9V,14,14,14,14,14,14
ERR633014,GPS_benchmark,14,14,14,14,14,14,14,14,14
SRR26879709,GPS_benchmark,7F,7,7F,7F,7A,7F/7A,7F,7F,7F
ERR751083,GPS_benchmark,5,5,5,5,5,5,5,5,5
SRR26930560,GPS_benchmark,8,8,8,8,8,8,8,8,8
ERR909193,GPS_benchmark,19F,19,19F,19F,19F,19F,19F,19F,19F
ERR13364682,GPS_benchmark,14,14,9V,14,14,14,14,14,14
SRR26714622,GPS_benchmark,12F,12,12F,12F,12F,12F,12F,12F,12F
ERR505795,GPS_benchmark,38,38,38,38,38,38,38,38,38
ERR319328,GPS_benchmark,6B,6,6B,NT,Failed,Serogroup_6_(6E),6B,6B,6E(6B)
ERR1065912,GPS_benchmark,19F,19,19F,19F,19F,19F,19F,19F,19F
SRR26673087,GPS_benchmark,33F,33,33F,33F,33F,33F/33A,33F,33F,33F
SRR26910830,GPS_benchmark,9N,9,9N,9N,9N,9N/9L,9N,9N,9N
SRR26884468,GPS_benchmark,6B,6,24A,NT,6A,6A_6B_6C_6D,6B,6B,6B
ERR876432,GPS_benchmark,14,14,12F,14,14,14,14,14,14
ERR908980,GPS_benchmark,19F,19,19F,19F,19F,19F,19F,19F,19F
ERR1764056,GPS_benchmark,5,5,5,5,5,5,5,5,5
ERR714697,GPS_benchmark,19F,19,19F,19F,19F,19F,19F,19F,19F
SRR26930303,GPS_benchmark,12F,12,12F,12F,12F,12F,12F,12F,12F
SRR26594555,GPS_benchmark,19A,19,19A,19A,19AF,19A,19A,19A,19A
ERR1788065,GPS_benchmark,4,4,4,4,4,4,4,4,4
ERR2090452,GPS_benchmark,6A,6,6A,6A,6A,6A/6B,6A,6A,6A
SRR26833685,GPS_benchmark,7C,7,7C,7C,7C,7C,7C,7C,7C
SRR26672755,GPS_benchmark,8,8,8,8,8,8,8,8,8
ERR730728,GPS_benchmark,1,1,1,1,1,1,1,1,1
SRR26818295,GPS_benchmark,8,8,8,8,8,8,8,8,8
ERR5262735,GPS_benchmark,4,4,4,4,4,4,4,4,4
SRR26877954,GPS_benchmark,7C,7,7C,7C,7C,7C,7C,7C,7C
ERR505843,GPS_benchmark,7F,7,7F,7F,7A,7F/7A,7F,7F,7F
ERR1202305,GPS_benchmark,1,1,1,1,1,1,1,1,1
SRR26910575,GPS_benchmark,48,48,11A,48,48,48,48,48,48
SRR26930537,GPS_benchmark,22F,22,22F,22F,22F,22F,22F,22F,22F
ERR751194,GPS_benchmark,22F,22,22F,22F,22F,22F,22F,22F,22F
SRR26834270,GPS_benchmark,9N,9,9N,9N,9N,9N/9L,9N,9N,9N
SRR26910795,GPS_benchmark,8,8,8,8,8,8,8,8,8
ERR1214425,GPS_benchmark,15F,15,15F,NT,15F,15F,15F,15F,15F
SRR26878255,GPS_benchmark,22F,22,22F,22F,22F,22F,22F,22F,22F
SRR26931285,GPS_benchmark,22F,22,22F,22F,22F,22F,22F,22F,22F
ERR2680643,GPS_benchmark,19F,19,19F,19F,19F,19F,19F,19F,19F
SRR26750000,GPS_benchmark,8,8,8,8,Failed,8,8,8,8
ERR876660,GPS_benchmark,14,14,9V,14,14,14,14,14,14
ERR876707,GPS_benchmark,9N,9,9N,9N,9N,9N/9L,9N,9N,9N
ERR340864,GPS_benchmark,1,1,1,1,1,1,1,1,1
ERR2667425,GPS_benchmark,13,13,13,13,13,13,13,13,13
ERR586394,GPS_benchmark,22F,22,22F,22F,22F,22F,22F,22F,22F
ERR13365461,GPS_benchmark,7F,7,7F,7F,7A,7F/7A,7F,7F,7F
ERR505756,GPS_benchmark,19A,19,19A,19A,19A,19A,19A,19A,19A
ERR870244,GPS_benchmark,25F,25,25F,25F,25A,25F/25A,25F,25F,25F
ERR730666,GPS_benchmark,1,1,1,1,1,1,1,1,1
ERR2090808,GPS_benchmark,38,38,38,38,38,38,38,38,38
SRR26884681,GPS_benchmark,8,8,8,8,8,8,8,8,8
SRR26834472,GPS_benchmark,12F,12,12F,12F,12F,12F,12F,12F,12F
ERR2853500,GPS_benchmark,19A,19,19A,19A,19AF,19A,19A,19A,19A
ERR870106,GPS_benchmark,5,5,5,5,5,5,5,5,5
SRR26789337,GPS_benchmark,8,8,8,8,8,8,8,8,8
SRR26930282,GPS_benchmark,12F,12,12F,12F,12F,12F,12F,12F,12F
ERR870025,GPS_benchmark,9V,9,9V,9V,9V,9A/9V,9V,9V,9V
SRR26884561,GPS_benchmark,8,8,8,8,8,8,8,8,8
ERR956282,GPS_benchmark,19F,19,19F,19F,19F,19F,19F,19F,19F
SRR26789257,GPS_benchmark,8,8,8,8,8,8,8,8,8
SRR26817944,GPS_benchmark,8,8,8,8,8,8,8,8,8
ERR326552,GPS_benchmark,18C,18,18C,18C,18B,18C/18B,18C,18C,18B
ERR870227,GPS_benchmark,14,14,14,14,14,14,14,14,14
ERR1066163,GPS_benchmark,14,14,14,14,14,14,14,14,14
SRR26790137,GPS_benchmark,12F,12,12F,12F,12F,12F,12F,12F,12F
ERR13374696,GPS_benchmark,15A,15,15A,15A,15A,15A/15D,15A,15A,15A
SRR26594510,GPS_benchmark,8,8,8,8,8,8,8,8,8
ERR2089585,GPS_benchmark,1,1,1,1,1,1,1,1,1
SRR26797176,GPS_benchmark,10A,10,10A,10A,10A,10A,10A,10A,10A
ERR13365991,GPS_benchmark,22F,22,22F,22F,22F,22F,22F,22F,22F
ERR1788525,GPS_benchmark,4,4,4,4,4,4,4,4,4
SRR26797521,GPS_benchmark,9N,9,9N,9N,9N,9N/9L,9N,9N,9N
ERR2667154,GPS_benchmark,14,14,14,14,14,14,14,14,14
ERR568439,GPS_benchmark,19F,19,19F,19F,19F,19F,19F,19F,19F
ERR913491,GPS_benchmark,13,13,13,13,13,13,13,13,13
ERR774197,GPS_benchmark,4,4,4,4,4,4,4,4,4
SRR26818574,GPS_benchmark,12F,12,12F,12F,12F,12F,12F,12F,12F
ERR1065967,GPS_benchmark,11A,11,11A,11A,11A,11A/11D,11A,11A,11A
SRR26877883,GPS_benchmark,22F,22,22F,22F,22F,22F,22F,22F,22F
ERR1430863,GPS_benchmark,1,1,1,1,1,1,1,1,1
ERR5336810,GPS_benchmark,4,4,4,4,4,4,4,4,4
ERR13397677,GPS_benchmark,10A,10,10A,10A,10A,10A,10A,10A,10A
ERR908989,GPS_benchmark,34,34,34,34,34,34,34,34,34
SRR26880436,GPS_benchmark,9N,9,9N,9N,9N,9N/9L,9N,9N,9N
ERR908880,GPS_benchmark,38,38,38,38,38,38,38,38,38
SRR26672757,GPS_benchmark,12F,12,12F,12F,12F,12F,12F,12F,12F
ERR568546,GPS_benchmark,5,5,5,5,5,5,5,5,5
ERR979885,GPS_benchmark,14,14,14,14,14,14,14,14,14
SRR26833602,GPS_benchmark,12F,12,12F,12F,12F,12F,12F,12F,12F
ERR1106800,GPS_benchmark,12F,12,12F,12F,12F,12F,12F,12F,12F
ERR2681073,GPS_benchmark,35B,35,15A,35B,35B,35B/35D,35B,35B,35B
SRR26817827,GPS_benchmark,8,8,8,8,8,8,8,8,8
ERR13365492,GPS_benchmark,4,4,4,4,4,4,4,4,4
SRR26878601,GPS_benchmark,12F,12,12F,12F,12F,12F,12F,12F,12F
ERR730406,GPS_benchmark,6A,6,6A,6A,6A,6A/6B,6A,6A,6A
ERR600179,GPS_benchmark,12F,12,12F,12F,12F,12F,12F,12F,12F
SRR26834108,GPS_benchmark,10A,10,10A,10A,10A,10A,10A,10A,10A
SRR26797683,GPS_benchmark,22F,22,22F,22F,22F,22F,22F,22F,22F
ERR1066289,GPS_benchmark,35B,35,35B,35B,35B,35B/35D,35B,35B,35B
SRR26879960,GPS_benchmark,8,8,8,8,8,8,8,8,8
ERR3270707,GPS_benchmark,10A,10,10A,10A,10A,10A,10A,10A,10A
ERR600622,GPS_benchmark,6A,6,6A,6A,6A,6A/6B,6A,6A,6A
ERR742405,GPS_benchmark,35B,35,35B,35B,35B,35B/35D,35B,35B,35B
ERR13366155,GPS_benchmark,22F,22,34,22F,22F,22F,22F,22F,22F
SRR26714849,GPS_benchmark,8,8,8,8,8,8,8,8,8
ERR505488,GPS_benchmark,19F,19,19F,19F,19F,19F,19F,19F,19F
ERR13375028,GPS_benchmark,10B,10,10B,10B,10B,10B,10B,10B,10B
ERR326553,GPS_benchmark,19F,19,35F,19F,19F,19F,19F,19F,19F
ERR3723235,GPS_benchmark,14,14,14,14,14,14,14,14,14
SRR26789219,GPS_benchmark,11A,11,11A,11A,11A,11A/11D,11A,11A,11A
SRR26833954,GPS_benchmark,8,8,8,8,8,8,8,8,8
ERR2089848,GPS_benchmark,46,46,12F,46,12A,12A/12B/44/46,46,46,46
ERR1192074,GPS_benchmark,37,37,10A,37,37,37,37,37,37
ERR2667793,GPS_benchmark,5,5,5,5,5,5,5,5,5
ERR2091208,GPS_benchmark,12F,12,12F,12F,12F,12F,12F,12F,12F
SRR26931057,GPS_benchmark,9N,9,9N,9N,9N,9N/9L,9N,9N,9N
ERR1453803,GPS_benchmark,19F,19,19F,19F,19F,19F,19F,19F,19F
ERR750826,GPS_benchmark,5,5,5,5,5,5,5,5,5
ERR1788268,GPS_benchmark,14,14,14,14,14,14,14,14,14
ERR730526,GPS_benchmark,25F,25,25F,25F,25A,25F/25A,25F,25F,25F
SRR26797611,GPS_benchmark,16F,16,16F,16F,16F,16F,16F,16F,16F
ERR1658093,GPS_benchmark,21,21,21,21,21,21,21,21,21
ERR774480,GPS_benchmark,12F,12,12F,12F,12F,12F,12F,12F,12F
ERR13364789,GPS_benchmark,9V,9,4,9V,9V,9A/9V,9V,9V,9V
SRR26910550,GPS_benchmark,9N,9,9N,9N,9N,9N/9L,9N,9N,9N
ERR774166,GPS_benchmark,7F,7,7F,7F,7A,7F/7A,7F,7F,7F
ERR876492,GPS_benchmark,19F,19,19F,19F,19F,19F,19F,19F,19F
ERR1065246,GPS_benchmark,19F,19,19F,19F,19F,19F,19F,19F,19F
ERR14653983,GPS_benchmark,6E,6,6B,6E,6E,Serogroup_6_(6E),6B,6B,6E(6B)
ERR646550,GPS_benchmark,23F,23,23F,23F,23F,23F,23F,23F,23F
SRR26672946,GPS_benchmark,22F,22,22F,22F,22F,22F,22F,22F,22F
SRR26594627,GPS_benchmark,20B,20,20B,20,20,20,20,20B,20
SRR26818187,GPS_benchmark,8,8,8,8,8,8,8,8,8
ERR714645,GPS_benchmark,14,14,14,14,14,14,14,14,14
SRR26797931,GPS_benchmark,8,8,8,8,8,8,8,8,8
SRR26931395,GPS_benchmark,19A,19,19A,19A,19AF,19A,19A,19A,19A
ERR714727,GPS_benchmark,16F,16,16F,16F,16F,"Below 70% hit - Poor Sequence quality, variant or non-typeable organism.",16F,16F,16F
SRR26673371,GPS_benchmark,10A,10,10A,10A,10A,10A,10A,10A,10A
ERR876508,GPS_benchmark,19A,19,19A,19A,19A,19A,19A,19A,19A
SRR26910712,GPS_benchmark,10A,10,10A,10A,10A,10A,10A,10A,10A
ERR1658229,GPS_benchmark,19A,19,19A,19A,19A,19A,19A,19A,19A
SRR26884258,GPS_benchmark,19A,19,10A,19A,19A,19A,19A,19A,19A
ERR742378,GPS_benchmark,1,1,1,1,1,1,1,1,1
ERR568711,GPS_benchmark,14,14,14,14,14,14,14,14,14
SRR26673310,GPS_benchmark,9N,9,9N,9N,9N,9N/9L,9N,9N,9N
ERR13364615,GPS_benchmark,9V,9,6A,9V,9V,9A/9V,9V,9V,9V
ERR714438,GPS_benchmark,18A,18,18A,18A,18A,18A,18A,18A,18A
ERR1065202,GPS_benchmark,35B,35,35B,35B,35B,35B/35D,35B,35B,35B
SRR26911024,GPS_benchmark,12F,12,12F,12F,12F,12F,12F,12F,12F
SRR26797304,GPS_benchmark,8,8,8,8,8,8,8,8,8
ERR2667989,GPS_benchmark,6B,6,6B,6E,6E,Serogroup_6_(6E),6B,6B,6E(6B)
ERR751024,GPS_benchmark,5,5,5,5,5,5,5,5,5
ERR13365058,GPS_benchmark,10B,10,10B,10B,Failed,10B,10B,10B,10B
ERR956279,GPS_benchmark,4,4,4,4,4,4,4,4,4
ERR505653,GPS_benchmark,6C,6,6C,6C,6D,6C/6D,6C,6C,6C
ERR326378,GPS_benchmark,6B,6,6B,6E,6E,Serogroup_6_(6E),6B,6B,6E(6B)
SRR26749593,GPS_benchmark,10A,10,10A,10A,10A,10A,10A,10A,10A
SRR26797430,GPS_benchmark,15A,15,15A,15A,15A,15A/15D,15A,15A,15A
SRR26715048,GPS_benchmark,16F,16,16F,16F,16F,16F,16F,16F,16F
ERR773926,GPS_benchmark,4,4,4,4,4,4,4,4,4
ERR1453644,GPS_benchmark,15A,15,15A,15A,15A,15A/15D,15A,15A,15A
SRR26672958,GPS_benchmark,22F,22,22F,22F,22F,22F,22F,22F,22F
ERR862337,GPS_benchmark,11A,11,11A,11A,11D,11A/11D,11A,11A,11A
ERR662437,GPS_benchmark,7F,7,7F,7F,7F,7F/7A,7F,7F,7F
SRR26910298,GPS_benchmark,12F,12,12F,12F,12F,12F,12F,12F,12F
SRR26749981,GPS_benchmark,12F,12,12F,12F,12F,12F,12F,12F,12F
ERR13366120,GPS_benchmark,22F,22,22F,22F,22F,22F,22F,22F,22F
ERR714419,GPS_benchmark,34,34,34,34,34,34,34,34,34
ERR1764052,GPS_benchmark,1,1,1,1,1,1,1,1,1
ERR2090147,GPS_benchmark,12F,12,12F,12F,12F,12F,12F,12F,12F
ERR909127,GPS_benchmark,19F,19,19F,19F,Failed,19F,19F,19F,19F
SRR26931674,GPS_benchmark,8,8,8,8,8,8,8,8,8
SRR26818394,GPS_benchmark,22F,22,22F,22F,22F,22F,22F,22F,22F
ERR340841,GPS_benchmark,22F,22,22F,22F,22F,22F,22F,22F,22F
SRR26673112,GPS_benchmark,22F,22,22F,22F,22F,22F,22F,22F,22F
ERR908864,GPS_benchmark,17F,17,17F,17F,17F,17F,17F,17F,17F
ERR600625,GPS_benchmark,23F,23,23F,23F,23F,23F,23F,23F,23F
ERR646582,GPS_benchmark,1,1,1,1,1,1,1,1,1
SRR26714152,GPS_benchmark,12F,12,12F,12F,12F,12F,12F,12F,12F
SRR26833941,GPS_benchmark,8,8,8,8,8,8,8,8,8
SRR26673527,GPS_benchmark,8,8,8,8,8,8,8,8,8
ERR490715,GPS_benchmark,7F,7,7F,7F,7A,7F/7A,7F,7F,7F
ERR13374848,GPS_benchmark,31,31,31,31,31,31,31,31,31
ERR633067,GPS_benchmark,14,14,14,14,14,14,14,14,14
ERR2681016,GPS_benchmark,34,34,34,34,34,34,34,34,34
ERR742398,GPS_benchmark,33F,33,33F,33F,33F,33F/33A,33F,33F,33F
ERR925061,GPS_benchmark,19F,19,19F,19F,19F,19F,19F,19F,19F
SRR26749332,GPS_benchmark,10A,10,10A,10A,10A,10A,10A,10A,10A
SRR26790042,GPS_benchmark,17F,17,18C,17F,17F,17F,17F,17F,17F
ERR316922,GPS_benchmark,16F,16,16F,16F,16F,"Below 70% hit - Poor Sequence quality, variant or non-typeable organism.",16F,16F,16F
ERR13364754,GPS_benchmark,22F,22,22F,22F,22F,22F,22F,22F,22F
SRR26673526,GPS_benchmark,22F,22,22F,22F,22F,22F,22F,22F,22F
SRR26930620,GPS_benchmark,8,8,8,8,8,8,8,8,8
ERR870299,GPS_benchmark,6A,6,6A,6A,6A,6A/6B,6A,6A,6A
ERR316606,GPS_benchmark,19A,19,19A,19A,19A,19A,19A,19A,19A
ERR600256,GPS_benchmark,19F,19,19F,19F,19F,19F,19F,19F,19F
ERR736901,GPS_benchmark,19F,19,19F,19F,19F,19F,19F,19F,19F
ERR501511,GPS_benchmark,12F,12,12F,12F,12F,12F,12F,12F,12F
ERR1214670,GPS_benchmark,14,14,14,14,14,14,14,14,14
ERR774719,GPS_benchmark,35B,35,35B,35B,35B,35B/35D,35B,35B,35B
ERR862311,GPS_benchmark,23F,23,23F,23F,23F,23F,23F,23F,23F
SRR26789395,GPS_benchmark,19A,19,19A,19A,19AF,19A,19A,19A,19A
SRR26931074,GPS_benchmark,22F,22,22F,22F,22F,22F,22F,22F,22F
ERR2667611,GPS_benchmark,14,14,14,14,14,14,14,14,14
SRR26594851,GPS_benchmark,10A,10,10A,10A,10A,10A,10A,10A,10A
ERR2612070,GPS_benchmark,9V,9,9V,9V,9V,9A/9V,9V,9V,9V
SRR26910890,GPS_benchmark,12F,12,12F,12F,12F,12F,12F,12F,12F
ERR1202235,GPS_benchmark,21,21,21,21,21,21,21,21,21
SRR26797880,GPS_benchmark,8,8,8,8,8,8,8,8,8
ERR742677,GPS_benchmark,6A,6,6A,6A,6A,6A/6B,6A,6A,6A
ERR1453310,GPS_benchmark,16F,16,16F,16F,16F,"Below 70% hit - Poor Sequence quality, variant or non-typeable organism.",16F,16F,16F
SRR26930716,GPS_benchmark,8,8,8,8,8,8,8,8,8
ERR773830,GPS_benchmark,14,14,14,14,14,14,14,14,14
ERR326772,GPS_benchmark,1,1,1,1,1,1,1,1,1
ERR742719,GPS_benchmark,14,14,14,14,14,14,14,14,14
ERR1288880,GPS_benchmark,9V,9,9V,9V,9V,9A/9V,9V,9V,9V
SRR26930950,GPS_benchmark,12F,12,12F,12F,12F,12F,12F,12F,12F
SRR26930183,GPS_benchmark,12F,12,12F,12F,12F,12F,12F,12F,12F
ERR505921,GPS_benchmark,6B,6,6B,6E,6E,Serogroup_6_(6E),6B,6B,6E(6B)
ERR984296,GPS_benchmark,34,34,34,34,34,34,34,34,34
SRR26797904,GPS_benchmark,8,8,8,8,8,8,8,8,8
SRR26910481,GPS_benchmark,22F,22,22F,22F,22F,22F,22F,22F,22F
ERR884347,GPS_benchmark,9V,9,9V,9V,9V,9A/9V,9V,9V,9V
SRR26878743,GPS_benchmark,7C,7,7C,7C,7C,7C,7C,7C,7C
SRR26673459,GPS_benchmark,8,8,8,8,8,8,8,8,8
ERR568457,GPS_benchmark,19F,19,19F,19F,19F,19F,19F,19F,19F
ERR326505,GPS_benchmark,19A,19,4,NT,Failed,19A_19AF,19A,19F,19A
ERR7568089,GPS_benchmark,15A,15,15A,15A,15A,15A/15D,15A,15A,15A
ERR730422,GPS_benchmark,1,1,1,1,1,1,1,1,1
SRR26834388,GPS_benchmark,7C,7,7C,7C,7C,7C,7C,7C,7C
SRR26930729,GPS_benchmark,12F,12,12F,12F,12F,12F,12F,12F,12F
SRR26714897,GPS_benchmark,9N,9,9N,9N,9N,9N/9L,9N,9N,9N
ERR326380,GPS_benchmark,6C,6,6C,6C,6D,6C/6D,6C,6C,6C
ERR596409,GPS_benchmark,19A,19,19A,19A,19AF,19A,19A,19A,19A
ERR2090532,GPS_benchmark,5,5,5,5,5,5,5,5,5
ERR1430864,GPS_benchmark,1,1,1,1,1,1,1,1,1
ERR568589,GPS_benchmark,23F,23,23F,23F,23F,23F,23F,23F,23F
SRR26878398,GPS_benchmark,12F,12,12F,12F,12F,12F,12F,12F,12F
SRR26673561,GPS_benchmark,12F,12,12F,12F,12F,12F,12F,12F,12F
ERR433854,GPS_benchmark,13,13,13,13,13,13,13,13,13
ERR13374864,GPS_benchmark,35B,35,35B,35B,35B,35B/35D,35B,35B,35B
ERR876636,GPS_benchmark,14,14,14,14,14,14,14,14,14
ERR884579,GPS_benchmark,18C,18,18C,18,Failed,18C/18B,18B,18C,18C
ERR2352251,GPS_benchmark,16F,16,16F,NT,16F,"Below 70% hit - Poor Sequence quality, variant or non-typeable organism.",16F,16F,16F
ERR13364558,GPS_benchmark,14,14,14,14,Failed,14,14,14,14
SRR26911151,GPS_benchmark,22F,22,22F,22F,22F,22F,22F,22F,22F
SRR26749575,GPS_benchmark,37,37,37,37,37,37,37,37,37
ERR632966,GPS_benchmark,33D,33,33D,NT,33D,"Mixed serotypes- {'33B', '33D'}",33D,33D,33B
ERR1202629,GPS_benchmark,38,38,38,38,38,25F_25A_38,38,38,38
ERR714285,GPS_benchmark,23F,23,23F,23F,23F,23F,23F,23F,23F
ERR997675,GPS_benchmark,17F,17,17F,17F,17F,17F,17F,17F,17F
ERR730613,GPS_benchmark,9N,9,9N,9N,Failed,9N/9L,9N,9N,9N
ERR2090683,GPS_benchmark,12F,12,12F,12F,12F,12F,12F,12F,12F
ERR570415,GPS_benchmark,14,14,14,14,14,14,14,14,14
ERR2089839,GPS_benchmark,6B,6,6B,6E,6E,Serogroup_6_(6E),6B,6B,6E(6B)
SRR26749826,GPS_benchmark,12F,12,12F,12F,12F,12F,12F,12F,12F
ERR870059,GPS_benchmark,5,5,5,5,5,5,5,5,5
ERR1106660,GPS_benchmark,12F,12,12F,12F,12F,12F,12F,12F,12F
ERR876573,GPS_benchmark,1,1,1,1,1,1,1,1,1
ERR714187,GPS_benchmark,1,1,1,1,1,1,1,1,1
ERR980045,GPS_benchmark,9V,9,9V,9V,9V,9A/9V,9V,9V,9V
ERR884300,GPS_benchmark,14,14,14,14,14,14,14,14,14
ERR2090139,GPS_benchmark,19F,19,19F,19F,19F,19F,19F,19F,19F
ERR730717,GPS_benchmark,38,38,38,38,38,38,38,38,38
ERR1066183,GPS_benchmark,21,21,21,21,21,21,21,21,21
ERR5336813,GPS_benchmark,4,4,4,4,Failed,4,4,4,4
ERR3899484,GPS_benchmark,6A,6,6A,6A,6A,6A/6B,6A,6A,6A
ERR876606,GPS_benchmark,14,14,14,14,14,14,14,14,14
ERR730607,GPS_benchmark,6B,6,6B,6E,FAILED,Serogroup_6_(6E),6B,FAILED,FAILED
ERR1453748,GPS_benchmark,15A,15,15A,15A,15A,15A/15D,15A,15A,15A
ERR505586,GPS_benchmark,23F,23,23F,23F,Failed,23F,23F,23F,23F
ERR13364569,GPS_benchmark,9V,9,9V,9V,Failed,9A/9V,9V,9V,9V
ERR1066359,GPS_benchmark,19F,19,19F,19F,19F,19F,19F,19F,19F
SRR26714069,GPS_benchmark,8,8,8,8,8,8,8,8,8
SRR26930793,GPS_benchmark,8,8,8,8,8,8,8,8,8
ERR1065741,GPS_benchmark,7F,7,7F,7F,7F,7F/7A,7F,7F,7F
SRR26879758,GPS_benchmark,7C,7,7C,7C,7C,7C,7C,7C,7C
SRR26673168,GPS_benchmark,16F,16,16F,16F,16F,16F,16F,16F,16F
SRR26749515,GPS_benchmark,19A,19,19A,19A,19AF,19A,19A,19A,19A
ERR13365544,GPS_benchmark,16F,16,16F,16F,16F,16F,16F,16F,16F
SRR26930754,GPS_benchmark,33F,33,33F,33F,33F,33F/33A,33F,33F,33F
ERR568487,GPS_benchmark,34,34,34,34,34,34,34,34,34
ERR1799725,GPS_benchmark,1,1,1,1,1,1,1,1,1
ERR1065182,GPS_benchmark,9V,9,9V,9V,9V,9A/9V,9V,9V,9V
ERR1756404,GPS_benchmark,33F,33,33F,33F,33F,33F/33A,33F,33F,33F/37
ERR13365216,GPS_benchmark,23A,23,23A,23A,23A,23A,23A,23A,23A
SRR26797905,GPS_benchmark,8,8,8,8,8,8,8,8,8
ERR2089332,GPS_benchmark,16F,16,16F,16F,16F,"Below 70% hit - Poor Sequence quality, variant or non-typeable organism.",16F,16F,16F
ERR505867,GPS_benchmark,14,14,14,7F,14,14,14,14,14
ERR505702,GPS_benchmark,13,13,13,13,13,13,13,13,13
ERR1065325,GPS_benchmark,19F,19,19F,19F,19F,19F,19F,19F,19F
SRR26797127,GPS_benchmark,20B,20,20B,20,20,20,20,20B,20
SRR26911182,GPS_benchmark,22F,22,22F,22F,22F,22F,22F,22F,22F
ERR869921,GPS_benchmark,11A,11,11A,11A,Failed,11A/11D,11A,11A,11A
SRR26673592,GPS_benchmark,8,8,8,8,Failed,8,8,8,8
SRR26714847,GPS_benchmark,9N,9,9N,9N,9N,9N/9L,9N,9N,9N
SRR26818387,GPS_benchmark,8,8,8,8,8,8,8,8,8
ERR2667524,GPS_benchmark,5,5,5,5,5,5,5,5,5
SRR26930242,GPS_benchmark,7C,7,7C,7C,Failed,7C,7C,7C,7C
SRR26594742,GPS_benchmark,22F,22,22F,22F,22F,22F,22F,22F,22F
ERR316835,GPS_benchmark,4,4,4,4,4,4,4,4,4
SRR26880404,GPS_benchmark,7C,7,7C,7C,7C,7C,7C,7C,7C
ERR13366234,GPS_benchmark,14,14,14,14,14,14,14,14,14
SRR26672794,GPS_benchmark,8,8,8,8,8,8,8,8,8
ERR2667939,GPS_benchmark,14,14,14,14,14,14,14,14,14
ERR13374962,GPS_benchmark,33F,33,33F,33F,33F,33F/33A,33F,33F,FAILED
SRR26714757,GPS_benchmark,8,8,8,8,8,8,8,8,8
SRR26879463,GPS_benchmark,8,8,8,8,8,8,8,8,8
SRR26749591,GPS_benchmark,23B,23,23B,23B,23B,23B,23B,23B,23B
SRR26884053,GPS_benchmark,38,38,38,38,38,38,38,38,38
ERR2090570,GPS_benchmark,6C,6,6C,6C,6D,6A_6B_6C_6D,6C,6C,6C
SRR26817896,GPS_benchmark,19A,19,19A,19A,19AF,19A,19A,19A,19A
ERR14654036,GPS_benchmark,11A,11,9V,NT,11F,"Below 70% hit - Poor Sequence quality, variant or non-typeable organism.",11A,11A,11F
ERR736924,GPS_benchmark,6A,6,6A,6A,Failed,6A_6B_6C_6D,6A,6A,6A
SRR26714841,GPS_benchmark,20B,20,20B,20,20,20,20,20B,20
ERR1065950,GPS_benchmark,19F,19,19F,19F,19F,19F,19F,19F,19F
ERR2090098,GPS_benchmark,22F,22,15A,22F,22F,22F,22F,22F,22F
SRR26879689,GPS_benchmark,19A,19,19A,19A,19A,19A,19A,19A,19A
ERR646592,GPS_benchmark,12F,12,12F,12F,12F,12F,12F,12F,12F
ERR774725,GPS_benchmark,35B,35,35B,35B,35B,35B/35D,35B,35B,35B
SRR26750059,GPS_benchmark,8,8,8,8,8,8,8,8,8
ERR13365598,GPS_benchmark,14,14,14,14,14,14,14,14,14
SRR26910754,GPS_benchmark,17F,17,17F,17F,17F,17F,17F,17F,17F
SRR26797143,GPS_benchmark,15B,15,15C,15B,15C,15B/15C,15B,15B,15B/15C
SRR26910334,GPS_benchmark,22F,22,22F,22F,22F,22F,22F,22F,22F
ERR506067,GPS_benchmark,7F,7,7F,7F,7A,7F/7A,7F,7F,7F
ERR433785,GPS_benchmark,4,4,4,4,4,4,4,4,4
SRR26931813,GPS_benchmark,22F,22,22F,22F,22F,22F,22F,22F,22F
ERR1453349,GPS_benchmark,19F,19,19F,19F,19F,19F,19F,19F,19F
ERR1756452,GPS_benchmark,5,5,5,5,5,5,5,5,5
ERR326773,GPS_benchmark,7F,7,7F,7F,7A,7F/7A,7F,7F,7F
ERR884507,GPS_benchmark,20,20,6C,20,20,20,20,20B,20
ERR505577,GPS_benchmark,23F,23,23F,23F,Failed,23F,23F,23F,23F
ERR316597,GPS_benchmark,18C,18,18C,18C,18A,18C/18B,18C,18C,18C
SRR26714232,GPS_benchmark,33F,33,33F,33F,33F,33F/33A,33F,33F,33F
ERR2090888,GPS_benchmark,5,5,5,5,5,5,5,5,5
ERR600154,GPS_benchmark,33F,33,33F,33F,33F,33F/33A,33F,33F,33F
ERR751050,GPS_benchmark,14,14,14,14,14,14,14,14,14
ERR908910,GPS_benchmark,14,14,14,14,14,14,14,14,14
ERR2090409,GPS_benchmark,11B,11,11B,11B,11B,11B/11C,11B,11B,11B
SRR26818683,GPS_benchmark,7F,7,7F,7F,7A,7F/7A,7F,7F,7F
ERR13374808,GPS_benchmark,16F,16,16F,16F,16F,16F,16F,16F,16F
ERR900715,GPS_benchmark,6A,6,6A,6A,6A,6A/6B,6A,6A,6A
SRR26594172,GPS_benchmark,17F,17,17F,17F,17F,17F,17F,17F,17F
ERR2090500,GPS_benchmark,9L,9,17F,9L,9L,"Below 70% hit - Poor Sequence quality, variant or non-typeable organism.",9L,9L,9L
SRR26878157,GPS_benchmark,22F,22,22F,22F,22F,22F,22F,22F,22F
SRR26818028,GPS_benchmark,8,8,8,8,8,8,8,8,8
ERR2089799,GPS_benchmark,1,1,1,1,1,1,1,1,1
SRR26672840,GPS_benchmark,19A,19,19A,19A,19AF,19A,19A,19A,19A
ERR326381,GPS_benchmark,6B,6,6B,6B,6A,6A/6B,6B,6B,6B
ERR646576,GPS_benchmark,19F,19,19F,19F,19F,19F,19F,19F,19F
ERR909083,GPS_benchmark,9V,9,9V,9V,9V,9A/9V,9V,9V,9V
SRR26833850,GPS_benchmark,22F,22,22F,22F,22F,22F,22F,22F,22F
SRR26673142,GPS_benchmark,17F,17,17F,17F,17F,17F,17F,17F,17F
SRR26595031,GPS_benchmark,12F,12,12F,12F,12F,12F,12F,12F,12F
ERR577962,GPS_benchmark,18C,18,18C,18C,18B,18C/18B,18C,18C,18C
ERR1288918,GPS_benchmark,1,1,1,1,1,1,1,1,1
ERR1214372,GPS_benchmark,23F,23,23F,23F,23F,23F,23F,23F,23F
ERR2089287,GPS_benchmark,10A,10,10A,10A,10A,10A,10A,10A,10A
ERR13366163,GPS_benchmark,9N,9,9N,9N,9N,9N/9L,9N,9N,9N
SRR26879930,GPS_benchmark,8,8,8,8,8,8,8,8,8
ERR742367,GPS_benchmark,7F,7,7F,7F,Failed,7F/7A,7F,7F,7F
SRR26931827,GPS_benchmark,12F,12,12F,12F,12F,12F,12F,12F,12F
ERR1065483,GPS_benchmark,19F,19,19F,19F,19F,19F,19F,19F,19F
ERR326415,GPS_benchmark,6A,6,6A,6A,6A,6A/6B,6A,6A,6A
ERR13374820,GPS_benchmark,10A,10,10A,10A,10A,10A,10A,10A,10A
SRR26797708,GPS_benchmark,22F,22,22F,22F,22F,22F,22F,22F,22F
ERR714103,GPS_benchmark,1,1,1,1,1,1,1,1,1
ERR909286,GPS_benchmark,19F,19,19F,19F,19F,19F,19F,19F,19F
ERR13397690,GPS_benchmark,8,8,8,8,8,8,8,8,8
ERR568462,GPS_benchmark,14,14,14,14,14,14,14,14,14
ERR2089823,GPS_benchmark,28F,28,3,28A,28F,28F/28A,28F,28F,28F
ERR600362,GPS_benchmark,1,1,1,1,1,1,1,1,1
ERR326422,GPS_benchmark,19A,19,24F,19A,Failed,19A,19A,19A,19A
ERR862400,GPS_benchmark,16F,16,16F,16F,16F,"Below 70% hit - Poor Sequence quality, variant or non-typeable organism.",16F,16F,16F
ERR2680956,GPS_benchmark,1,1,1,1,1,1,1,1,1
ERR316659,GPS_benchmark,9L,9,9L,9L,9L,9N/9L,9L,9L,9L
SRR26910322,GPS_benchmark,8,8,8,8,Failed,8,8,8,8
ERR1788042,GPS_benchmark,12F,12,12F,12F,12F,12F,12F,12F,12F
ERR1422588,GPS_benchmark,19F,19,19F,23B1,19AF,19A_19AF,19A,19F,23B1
SRR26910409,GPS_benchmark,9N,9,9N,9N,9N,9N/9L,9N,9N,9N
ERR13365686,GPS_benchmark,15C,15,15B,15C,15C,15B/15C,15C,15C,15B/15C
ERR13366053,GPS_benchmark,38,38,38,38,38,25F_25A_38,38,38,38
ERR13365533,GPS_benchmark,8,8,8,8,8,8,8,8,8
ERR913101,GPS_benchmark,23F,23,23F,23F,23F,23F,23F,23F,23F
ERR3899282,GPS_benchmark,14,14,33F,14,14,14,14,14,14
SRR26879744,GPS_benchmark,35B,35,35B,35B,35B,35B/35D,35B,35B,35B
SRR26931799,GPS_benchmark,22F,22,22F,22F,22F,22F,22F,22F,22F
SRR26714351,GPS_benchmark,12F,12,12F,12F,12F,12F,12F,12F,12F
SRR26797474,GPS_benchmark,7F,7,7F,7F,7A,7F/7A,7F,7F,7F
ERR773902,GPS_benchmark,1,1,1,1,1,1,1,1,1
ERR714232,GPS_benchmark,1,1,1,1,1,1,1,1,1
ERR1066251,GPS_benchmark,23F,23,23F,23F,23F,23F,23F,23F,23F
ERR1191983,GPS_benchmark,5,5,5,5,5,5,5,5,5
ERR980101,GPS_benchmark,14,14,14,14,14,14,14,14,14
ERR750903,GPS_benchmark,12F,12,12F,12F,12F,12F,12F,12F,12F
ERR13364893,GPS_benchmark,22F,22,22F,22F,22F,22F,22F,22F,22F
SRR26833993,GPS_benchmark,9N,9,9N,9N,9N,9N/9L,9N,9N,9N
ERR3303235,GPS_benchmark,1,1,1,1,1,1,1,1,1
SRR26797114,GPS_benchmark,33F,33,33F,33F,33F,33F/33A,33F,33F,33A/33F
SRR26749248,GPS_benchmark,12F,12,12F,12F,12F,12F,12F,12F,12F
SRR26797751,GPS_benchmark,12F,12,12F,12F,12F,12F,12F,12F,12F
ERR13365013,GPS_benchmark,14,14,14,14,14,14,14,14,14
SRR26749326,GPS_benchmark,38,38,38,38,38,38,38,38,38
SRR26911180,GPS_benchmark,12F,12,12F,12F,12F,12F,12F,12F,12F
SRR26714910,GPS_benchmark,1,1,1,1,Failed,1,1,1,1
ERR13366020,GPS_benchmark,22F,22,22F,22F,22F,22F,22F,22F,22F
ERR3303382,GPS_benchmark,6A,6,15A,6B,6A,6A/6B,6A,6A,6A
SRR26714678,GPS_benchmark,23B,23,23B,23B,Failed,23B,23B,23B,23B
ERR1202413,GPS_benchmark,4,4,4,4,4,4,4,4,4
ERR2680636,GPS_benchmark,10A,10,10A,10A,10A,10A,10A,10A,10A
ERR8481670,GPS_benchmark,23F,23,23F,23F,23F,23F,23F,23F,23F
SRR26594176,GPS_benchmark,8,8,8,8,8,8,8,8,8
ERR913267,GPS_benchmark,14,14,14,14,14,14,14,14,14
SRR26673081,GPS_benchmark,12F,12,12F,12F,12F,12F,12F,12F,12F
ERR751057,GPS_benchmark,19F,19,19F,19F,19F,19F,19F,19F,19F
SRR26749920,GPS_benchmark,11A,11,11E,11A,Failed,11A/11D,11A,11A,11A
ERR925254,GPS_benchmark,13,13,13,13,Failed,13,13,13,13
ERR980233,GPS_benchmark,34,34,34,34,34,34,34,34,34
SRR26797097,GPS_benchmark,15C,15,15C,15C,15B,15B/15C,15B|15C,15C,15B/15C
ERR1202385,GPS_benchmark,12F,12,12F,12F,12F,12F,12F,12F,12F
ERR2089456,GPS_benchmark,14,14,14,14,14,14,14,14,14
ERR449157,GPS_benchmark,14,14,14,14,14,14,14,14,14
SRR26880253,GPS_benchmark,10A,10,10A,10A,10A,10A,10A,10A,10A
SRR26834512,GPS_benchmark,22F,22,22F,22F,22F,22F,22F,22F,22F
ERR730145,GPS_benchmark,34,34,34,34,34,34,34,34,34
ERR730172,GPS_benchmark,34,34,34,34,34,34,34,34,34
ERR773850,GPS_benchmark,1,1,1,1,1,1,1,1,1
ERR1430982,GPS_benchmark,7C,7,7C,7C,7C,7C,7C,7C,7C
ERR2667726,GPS_benchmark,5,5,5,5,5,5,5,5,5
ERR913073,GPS_benchmark,35B,35,35B,35B,35B,35B/35D,35B,35B,35B
SRR26714278,GPS_benchmark,8,8,8,8,8,8,8,8,8
ERR3303459,GPS_benchmark,1,1,1,1,1,1,1,1,1
ERR13365327,GPS_benchmark,22F,22,22F,22F,22F,22F,22F,22F,22F
ERR730155,GPS_benchmark,19A,19,19A,19A,19AF,19A,19A,19A,19A
ERR600146,GPS_benchmark,22F,22,22F,22F,22F,22F,22F,22F,22F
SRR26884094,GPS_benchmark,8,8,8,8,8,8,8,8,8
SRR26930241,GPS_benchmark,8,8,8,8,8,8,8,8,8
ERR774023,GPS_benchmark,1,1,1,1,1,1,1,1,1
SRR26834236,GPS_benchmark,15B,15,15A,15B,15C,15B/15C,15B,15B,15B/15C
ERR1795481,GPS_benchmark,14,14,14,14,14,14,14,14,14
ERR13364803,GPS_benchmark,16F,16,16F,16F,16F,16F,16F,16F,16F
ERR13374783,GPS_benchmark,20A,20,20A,20,20,20,20,20B,20
ERR326486,GPS_benchmark,18C,18,18C,18C,18B,18C/18B,18C,18C,18B
SRR26714439,GPS_benchmark,7C,7,7C,7C,Failed,7C,7C,7C,7C
ERR433945,GPS_benchmark,33F,33,33F,33F,33F,33F/33A,33F,33E,33A
ERR449237,GPS_benchmark,19A,19,19A,19A,19A,19A,19A,19A,19A
ERR774633,GPS_benchmark,33D,33,33D,NT,33D,"Mixed serotypes- {'33D', '33B'}",33D,33D,33D
ERR1788108,GPS_benchmark,9N,9,9N,9N,9N,9N/9L,9N,9N,9N
SRR26884309,GPS_benchmark,8,8,8,8,8,8,8,8,8
ERR3303274,GPS_benchmark,10A,10,10A,10A,10A,10A,10A,10A,10A
ERR7567793,GPS_benchmark,21,21,21,21,21,21,21,21,21
ERR742671,GPS_benchmark,5,5,5,5,5,5,5,5,5
SRR26673591,GPS_benchmark,16F,16,16F,16F,Failed,16F,16F,16F,16F
SRR26749491,GPS_benchmark,1,1,6A,1,1,1,1,1,1
ERR632873,GPS_benchmark,23F,23,23F,23F,23F,23F,23F,23F,23F
SRR26749304,GPS_benchmark,7C,7,7C,7C,7C,7C,7C,7C,7C
SRR26797476,GPS_benchmark,15C,15,15A,15C,15C,15B/15C,15B|15C,15C,15B/15C
ERR845751,GPS_benchmark,14,14,14,14,14,14,14,14,14
ERR331178,GPS_benchmark,6C,6,6C,6C,6D,6C/6D,6C,6C,6C
SRR26833978,GPS_benchmark,12F,12,12F,12F,12F,12F,12F,12F,12F
SRR26714422,GPS_benchmark,8,8,8,8,8,8,8,8,8
SRR26930278,GPS_benchmark,8,8,8,8,8,8,8,8,8
ERR425502,GPS_benchmark,6C,6,6C,6C,6D,6C/6D,6C,6C,6C
ERR714414,GPS_benchmark,4,4,4,4,4,4,4,4,4
ERR884412,GPS_benchmark,14,14,14,14,14,14,14,14,14
ERR730353,GPS_benchmark,6B,6,6B,6E,6E,Serogroup_6_(6E),6B,6B,6E(6B)
ERR490705,GPS_benchmark,19F,19,19F,19F,19F,19F,19F,19F,19F
ERR2090979,GPS_benchmark,8,8,8,8,8,8,8,8,8
ERR751192,GPS_benchmark,19A,19,19A,NT,19AF,19A_19AF,19A,19F,19A
SRR26714148,GPS_benchmark,7C,7,7C,7C,7C,7C,7C,7C,7C
ERR1202614,GPS_benchmark,14,14,14,14,14,14,14,14,14
ERR13365003,GPS_benchmark,14,14,14,14,14,14,14,14,14
SRR26749388,GPS_benchmark,19A,19,19A,19A,19AF,19A,19A,19A,19A
SRR26797938,GPS_benchmark,23B,23,23B,23B,23B,23B,23B,23B,23B
ERR1191942,GPS_benchmark,10A,10,10A,10A,10A,10A,10A,10A,10A
SRR26878625,GPS_benchmark,15B,15,15C,15B,15C,15B/15C,15B,15B,15B/15C
ERR1202599,GPS_benchmark,1,1,1,1,1,1,1,1,1
SRR26931760,GPS_benchmark,10A,10,10A,10A,10A,10A,10A,10A,10A
ERR316825,GPS_benchmark,11A,11,11A,11A,11A,11A/11D,11A,11A,11A
ERR908983,GPS_benchmark,13,13,13,13,13,13,13,13,13
ERR2612115,GPS_benchmark,6A,6,6A,6A,6A,6A/6B,6A,6A,6A
ERR1065562,GPS_benchmark,6A,6,6A,6A,6A,6A/6B,6A,6A,6A
ERR13365910,GPS_benchmark,22F,22,22F,22F,22F,22F,22F,22F,22F
ERR568510,GPS_benchmark,14,14,14,14,14,14,14,14,14
ERR568709,GPS_benchmark,19A,19,19A,19A,19AF,19A,19A,19A,19A
SRR26931528,GPS_benchmark,7C,7,7C,7C,7C,7C,7C,7C,7C
ERR2089155,GPS_benchmark,1,1,1,1,1,1,1,1,1
ERR13365604,GPS_benchmark,9V,9,9V,9V,9V,9A/9V,9V,9V,9V
SRR26595042,GPS_benchmark,8,8,8,8,8,8,8,8,8
ERR1788323,GPS_benchmark,1,1,1,1,1,1,1,1,1
ERR742402,GPS_benchmark,7F,7,7F,7F,7A,7F/7A,7F,7F,7F
ERR1453434,GPS_benchmark,12F,12,12F,12F,12F,12F,12F,12F,12F
SRR26789861,GPS_benchmark,10A,10,10A,10A,10A,10A,10A,10A,10A
SRR26884157,GPS_benchmark,19A,19,19A,19A,19AF,19A,19A,19A,19A
ERR980218,GPS_benchmark,14,14,14,14,14,14,14,14,14
SRR26797967,GPS_benchmark,31,31,31,31,31,31,31,31,31
ERR1191966,GPS_benchmark,16F,16,16F,16F,16F,"Below 70% hit - Poor Sequence quality, variant or non-typeable organism.",16F,16F,16F
ERR742622,GPS_benchmark,19A,19,19A,19A,19A,19A,19A,19A,19A
ERR925164,GPS_benchmark,23F,23,23F,23F,23F,23F,23F,23F,23F
SRR26879575,GPS_benchmark,8,8,8,8,8,8,8,8,8
SRR26714775,GPS_benchmark,22F,22,22F,22F,Failed,22F,22F,22F,22F
ERR3303238,GPS_benchmark,7C,7,7C,7C,7C,7C,7C,7C,7C
SRR26818544,GPS_benchmark,8,8,8,8,8,8,8,8,8
ERR577964,GPS_benchmark,13,13,13,13,13,13,13,13,13
SRR26797321,GPS_benchmark,12F,12,12F,12F,12F,12F,12F,12F,12F
ERR1756425,GPS_benchmark,5,5,5,5,5,5,5,5,5
ERR750971,GPS_benchmark,3,3,3,NT,3,"Below 70% hit - Poor Sequence quality, variant or non-typeable organism.",3,3,3
SRR26878102,GPS_benchmark,15A,15,15A,15A,15A,15A/15D,15A,15A,15A
SRR26672921,GPS_benchmark,16F,16,16F,16F,16F,16F,16F,16F,16F
ERR1202418,GPS_benchmark,12F,12,12F,12F,12F,12F,12F,12F,12F
ERR13364422,GPS_benchmark,4,4,4,4,4,4,4,4,4
SRR26930498,GPS_benchmark,6B,6,6B,NT,6A,6A_6B_6C_6D,6B,6B,6B
ERR714189,GPS_benchmark,5,5,5,5,5,5,5,5,5
SRR26789668,GPS_benchmark,9N,9,9N,9N,9N,9N/9L,9N,9N,9N
SRR26884475,GPS_benchmark,14,14,9V,14,14,14,14,14,14
SRR26790028,GPS_benchmark,8,8,8,8,8,8,8,8,8
ERR862276,GPS_benchmark,4,4,4,4,4,4,4,4,4
SRR26789657,GPS_benchmark,8,8,8,8,8,8,8,8,8
ERR714443,GPS_benchmark,4,4,4,4,4,4,4,4,4
ERR730228,GPS_benchmark,14,14,14,14,14,14,14,14,14
ERR1788176,GPS_benchmark,18C,18,18C,18C,18B,18C/18B,18C,18C,18C
ERR980220,GPS_benchmark,1,1,1,1,1,1,1,1,1
ERR714280,GPS_benchmark,1,1,1,1,1,1,1,1,1
ERR316799,GPS_benchmark,6A,6,6A,NT,6A,6A/6B,6A,6A,6A
ERR1788201,GPS_benchmark,22F,22,22F,22F,22F,22F,22F,22F,22F
ERR750769,GPS_benchmark,34,34,34,34,34,34,34,34,34
ERR434022,GPS_benchmark,19F,19,19F,19F,19F,19F,19F,19F,19F
SRR26749686,GPS_benchmark,8,8,8,8,8,8,8,8,8
ERR1202414,GPS_benchmark,1,1,1,1,1,1,1,1,1
SRR26911116,GPS_benchmark,22F,22,22F,22F,22F,22F,22F,22F,22F
ERR1214506,GPS_benchmark,10B,10,10B,10B,10B,10B,10B,10B,10B
ERR1540772,GPS_benchmark,6B,6,6B,6B,6A,6A/6B,6B,6B,6B
ERR925383,GPS_benchmark,10A,10,10A,10A,Failed,10A,10A,10A,10A
ERR1066283,GPS_benchmark,1,1,1,1,1,1,1,1,1
SRR26833528,GPS_benchmark,8,8,8,8,8,8,8,8,8
SRR26931417,GPS_benchmark,9N,9,9N,9N,9N,9N/9L,9N,9N,9N
SRR26880212,GPS_benchmark,17F,17,17F,17F,17F,17F,17F,17F,17F
ERR751105,GPS_benchmark,5,5,5,5,5,5,5,5,5
ERR884480,GPS_benchmark,23F,23,6C,NT,23F,23F,23F,23F,23F
SRR26931723,GPS_benchmark,9N,9,9N,9N,9N,9N/9L,9N,9N,9N
ERR2667612,GPS_benchmark,14,14,14,14,14,14,14,14,14
ERR2089068,GPS_benchmark,15A,15,15A,15A,15A,15A/15D,15A,15A,15A
ERR909108,GPS_benchmark,19F,19,19F,19F,19F,19F,19F,19F,19F
SRR26714490,GPS_benchmark,12F,12,12F,12F,12F,12F,12F,12F,12F
SRR26877961,GPS_benchmark,10A,10,10A,10A,10A,10A,10A,10A,10A
ERR730924,GPS_benchmark,1,1,1,1,1,1,1,1,1
ERR2090676,GPS_benchmark,23B,23,23B,23B,23B,23B,23B,23B,23B
ERR774689,GPS_benchmark,5,5,5,5,5,5,5,5,5
ERR909057,GPS_benchmark,6B,6,6B,6E,6E,Serogroup_6_(6E),6B,6B,6E(6B)
ERR742569,GPS_benchmark,19A,19,19A,19A,19A,19A,19A,19A,19A
ERR505468,GPS_benchmark,19A,19,19A,19A,19A,19A,19A,19A,19A
ERR925305,GPS_benchmark,23F,23,23F,23F,Failed,23F,23F,23F,23F
ERR3303296,GPS_benchmark,14,14,14,14,14,14,14,14,14
ERR884382,GPS_benchmark,19F,19,19F,19F,19F,19F,19F,19F,19F
SRR26910505,GPS_benchmark,16F,16,16F,16F,16F,16F,16F,16F,16F
SRR26789585,GPS_benchmark,8,8,8,8,8,8,8,8,8
ERR1795509,GPS_benchmark,9V,9,9V,9V,9V,9A/9V,9V,9V,9V
SRR26594751,GPS_benchmark,22F,22,22F,22F,22F,22F,22F,22F,22F
ERR714401,GPS_benchmark,18C,18,18C,18C,18B,18C/18B,18C,18C,18C
SRR26910943,GPS_benchmark,8,8,8,8,8,8,8,8,8
SRR26673737,GPS_benchmark,8,8,8,8,8,8,8,8,8
SRR26818498,GPS_benchmark,8,8,8,8,8,8,8,8,8
ERR600336,GPS_benchmark,4,4,4,4,4,4,4,4,4
SRR26790166,GPS_benchmark,12F,12,12F,12F,12F,12F,12F,12F,12F
ERR1065785,GPS_benchmark,21,21,21,21,21,21,21,21,21
ERR925389,GPS_benchmark,35B,35,35B,35B,35B,35B/35D,35B,35B,35B
SRR26673134,GPS_benchmark,33F,33,33F,33F,33F,33F/33A,33F,33F,33A/33F
ERR2091044,GPS_benchmark,5,5,5,5,5,5,5,5,5
ERR1788064,GPS_benchmark,14,14,14,14,14,14,14,14,14
ERR730920,GPS_benchmark,1,1,1,1,1,1,1,1,1
ERR714535,GPS_benchmark,4,4,4,4,4,4,4,4,4
ERR714465,GPS_benchmark,23F,23,23F,23F,23F,23F,23F,23F,23F
ERR742795,GPS_benchmark,4,4,4,4,4,4,4,4,4
ERR505926,GPS_benchmark,19F,19,19F,19F,19F,19F,19F,19F,19F
ERR730259,GPS_benchmark,34,34,34,34,34,34,34,34,34
ERR2680720,GPS_benchmark,6A,6,6A,6A,6A,6A/6B,6A,6A,6A
ERR13364480,GPS_benchmark,22F,22,22F,22F,22F,22F,22F,22F,22F
ERR913081,GPS_benchmark,23F,23,23F,23F,23F,23F,23F,23F,23F
SRR26797955,GPS_benchmark,8,8,8,8,8,8,8,8,8
SRR26878463,GPS_benchmark,9N,9,9N,9N,9N,9N/9L,9N,9N,9N
ERR774625,GPS_benchmark,1,1,1,1,1,1,1,1,1
SRR26714737,GPS_benchmark,8,8,8,8,8,8,8,8,8
SRR26931773,GPS_benchmark,22F,22,22F,22F,22F,22F,22F,22F,22F
SRR26834469,GPS_benchmark,22F,22,22F,22F,22F,22F,22F,22F,22F
ERR2089374,GPS_benchmark,38,38,38,38,38,25F_25A_38,38,38,38
SRR26714809,GPS_benchmark,31,31,31,31,31,31,31,31,31
SRR26930621,GPS_benchmark,22F,22,22F,22F,22F,22F,22F,22F,22F
SRR26930351,GPS_benchmark,22F,22,22F,22F,22F,22F,22F,22F,22F
SRR26878358,GPS_benchmark,15A,15,15A,15A,15A,15A/15D,15A,15A,15A
ERR750875,GPS_benchmark,14,14,14,14,14,14,14,14,14
SRR26594722,GPS_benchmark,20B,20,20A,20,20,20,20,20B,20
SRR26879581,GPS_benchmark,12F,12,12F,12F,12F,12F,12F,12F,12F
ERR730630,GPS_benchmark,19F,19,19F,19F,Failed,19F,19F,19F,19F
SRR26930201,GPS_benchmark,12F,12,12F,12F,12F,12F,12F,12F,12F
SRR26789358,GPS_benchmark,9V,9,9V,9V,9V,9A/9V,9V,9V,9V
ERR632961,GPS_benchmark,19F,19,19F,19F,19F,19F,19F,19F,19F
SRR26878210,GPS_benchmark,8,8,8,8,8,8,8,8,8
ERR3796139,GPS_benchmark,14,14,14,14,14,14,14,14,14
ERR340843,GPS_benchmark,7F,7,7F,7F,7A,7F/7A,7F,7F,7F
ERR730381,GPS_benchmark,14,14,14,14,14,14,14,14,14
ERR13364969,GPS_benchmark,7F,7,7F,7F,7A,7F/7A,7F,7F,7F
SRR26931109,GPS_benchmark,22F,22,22F,22F,22F,22F,22F,22F,22F
SRR26673294,GPS_benchmark,22F,22,22F,22F,22F,22F,22F,22F,22F
ERR773867,GPS_benchmark,22F,22,22F,22F,22F,22F,22F,22F,22F
SRR26789354,GPS_benchmark,8,8,8,8,8,8,8,8,8
ERR2667982,GPS_benchmark,1,1,1,1,1,1,1,1,1
SRR26673131,GPS_benchmark,8,8,8,8,8,8,8,8,8
ERR2680937,GPS_benchmark,1,1,1,1,1,1,1,1,1
ERR331132,GPS_benchmark,6B,6,6A,6E,6E,Serogroup_6_(6E),6B,6B,6E(6B)
SRR26833599,GPS_benchmark,8,8,8,8,8,8,8,8,8
SRR26884251,GPS_benchmark,8,8,8,8,8,8,8,8,8
SRR26789598,GPS_benchmark,12F,12,12F,12F,12F,12F,12F,12F,12F
ERR3270766,GPS_benchmark,10A,10,19A,10A,10A,10A,10A,10A,10A
ERR714425,GPS_benchmark,4,4,34,4,4,4,4,4,4
ERR1788091,GPS_benchmark,21,21,21,21,21,21,21,21,21
ERR13374781,GPS_benchmark,10A,10,10A,10A,10A,10A,10A,10A,10A
SRR26790031,GPS_benchmark,8,8,8,8,8,8,8,8,8
ERR600294,GPS_benchmark,18C,18,18C,18C,18B,18C/18B,18C,18C,18C
ERR1065380,GPS_benchmark,16F,16,16F,16F,16F,"Below 70% hit - Poor Sequence quality, variant or non-typeable organism.",16F,16F,16F
SRR26931748,GPS_benchmark,8,8,8,8,8,8,8,8,8
ERR1799728,GPS_benchmark,1,1,1,1,1,1,1,1,1
SRR26880073,GPS_benchmark,4,4,4,4,4,4,4,4,4
SRR26930521,GPS_benchmark,12F,12,12F,12F,12F,12F,12F,12F,12F
SRR26789953,GPS_benchmark,12F,12,12F,12F,12F,12F,12F,12F,12F
SRR26880131,GPS_benchmark,15A,15,15A,15A,15A,15A/15D,15A,15A,15A
ERR2089577,GPS_benchmark,6A,6,6A,6A,6A,6A/6B,6A,6A,6A
ERR714269,GPS_benchmark,1,1,1,1,1,1,1,1,1
SRR26879991,GPS_benchmark,8,8,8,8,8,8,8,8,8
SRR26910804,GPS_benchmark,9N,9,9N,9N,9N,9N/9L,9N,9N,9N
SRR26883781,GPS_benchmark,9N,9,9N,9N,9N,9N/9L,9N,9N,9N
ERR1540817,GPS_benchmark,10A,10,10A,NT,10A,10A,10A,10A,10A
ERR742831,GPS_benchmark,14,14,14,14,14,14,14,14,14
ERR2089516,GPS_benchmark,9N,9,9N,9N,9N,9N/9L,9N,9N,9N
SRR26789466,GPS_benchmark,8,8,8,8,8,8,8,8,8
ERR13375012,GPS_benchmark,35F,35,35F,35F,35F,35F,35F,35F,35F
SRR26672995,GPS_benchmark,8,8,8,8,8,8,8,8,8
SRR26818625,GPS_benchmark,15A,15,15A,15A,15A,15A/15D,15A,15A,15A
ERR862423,GPS_benchmark,13,13,13,13,Failed,13,13,13,13
SRR26749191,GPS_benchmark,22F,22,22F,22F,22F,22F,22F,22F,22F
ERR979904,GPS_benchmark,1,1,1,1,1,1,1,1,1
SRR26749713,GPS_benchmark,23B,23,23B,23B,23B,23B,23B,23B,23B
ERR311098,GPS_benchmark,6B,6,8,6E,6E,Serogroup_6_(6E),6B,6B,6E(6B)
ERR600399,GPS_benchmark,4,4,4,4,4,4,4,4,4
ERR701821,GPS_benchmark,1,1,1,1,1,1,1,1,1
ERR1106658,GPS_benchmark,1,1,1,1,1,1,1,1,1
ERR632888,GPS_benchmark,12F,12,12F,12F,12F,12F,12F,12F,12F
SRR26715034,GPS_benchmark,22F,22,22F,22F,22F,22F,22F,22F,22F
SRR26879681,GPS_benchmark,9N,9,9N,9N,9N,9N/9L,9N,9N,9N
ERR331157,GPS_benchmark,6C,6,6C,6C,6D,6C/6D,6C,6C,6C
ERR2681237,GPS_benchmark,6A,6,6A,6A,6A,6A/6B,6A,6A,6A
SRR26750080,GPS_benchmark,12F,12,18C,12F,12F,12F,12F,12F,12F
ERR1638454,GPS_benchmark,14,14,14,14,14,14,14,14,14
SRR26673179,GPS_benchmark,33F,33,33F,33F,33F,33F/33A,33F,33F,33A/33F
ERR1430813,GPS_benchmark,10A,10,10A,10A,10A,10A,10A,10A,10A
SRR26790123,GPS_benchmark,8,8,8,8,8,8,8,8,8
ERR3164177,GPS_benchmark,14,14,14,14,14,14,14,14,14
SRR26818418,GPS_benchmark,22F,22,22F,22F,22F,22F,22F,22F,22F
ERR13365366,GPS_benchmark,7F,7,7F,7F,7A,7F/7A,7F,7F,7F
SRR26789309,GPS_benchmark,19F,19,9V,19F,19F,19F,19F,19F,19F
ERR3303427,GPS_benchmark,6C,6,6C,6C,6D,6A_6B_6C_6D,6C,6C,6C
ERR5104420,GPS_benchmark,4,4,4,4,4,4,4,4,4
ERR3796045,GPS_benchmark,14,14,14,14,14,14,14,14,14
SRR26673163,GPS_benchmark,12F,12,12F,12F,12F,12F,12F,12F,12F
SRR26910735,GPS_benchmark,12F,12,12F,12F,12F,12F,12F,12F,12F
ERR870282,GPS_benchmark,6A,6,6A,6A,6B,6A/6B,6A,6A,6A
SRR26797226,GPS_benchmark,8,8,8,8,8,8,8,8,8
ERR505827,GPS_benchmark,14,14,14,23F,14,"Mixed serotypes- {'23F', '14'}",23F,14,14
ERR2091240,GPS_benchmark,34,34,34,NT,34,34,34,34,34
SRR26879621,GPS_benchmark,15A,15,15A,15A,15A,15A/15D,15A,15A,15A
ERR750866,GPS_benchmark,19A,19,19A,19A,19A,19A,19A,19A,19A
SRR26714618,GPS_benchmark,10A,10,10A,10A,10A,10A,10A,10A,10A
SRR26594723,GPS_benchmark,12F,12,12F,12F,12F,12F,12F,12F,12F
SRR26797804,GPS_benchmark,8,8,8,8,8,8,8,8,8
SRR26930479,GPS_benchmark,22F,22,22F,22F,22F,22F,22F,22F,22F
ERR2612104,GPS_benchmark,4,4,4,4,4,4,4,4,4
ERR2090274,GPS_benchmark,10A,10,10A,10A,10A,10A,10A,10A,10A
ERR1453382,GPS_benchmark,19F,19,19F,19F,19F,19F,19F,19F,19F
ERR2089102,GPS_benchmark,21,21,21,21,21,21,21,21,21
ERR1788022,GPS_benchmark,12F,12,12F,12F,12F,12F,12F,12F,12F
ERR2091096,GPS_benchmark,5,5,5,5,5,5,5,5,5
ERR662408,GPS_benchmark,10A,10,10A,10A,10A,10A,10A,10A,10A
SRR26750011,GPS_benchmark,33F,33,33F,33F,33F,33F/33A,33F,33F,33F
ERR900677,GPS_benchmark,6A,6,6A,6A,6A,6A/6B,6A,6A,6A
ERR13364527,GPS_benchmark,23F,23,22F,23F,23F,23F,23F,23F,23F
ERR326574,GPS_benchmark,18C,18,18C,18C,18B,18C/18B,18C,18C,18B
SRR26789442,GPS_benchmark,10A,10,10A,10A,10A,10A,10A,10A,10A
ERR505931,GPS_benchmark,5,5,5,5,5,5,5,5,5
ERR1788191,GPS_benchmark,19F,19,19F,19F,19F,19F,19F,19F,19F
ERR742624,GPS_benchmark,19A,19,19A,19A,19A,19A,19A,19A,19A
ERR1214650,GPS_benchmark,6C,6,6C,6C,6C,6A_6B_6C_6D,6C,6C,6C
SRR26789425,GPS_benchmark,8,8,8,8,8,8,8,8,8
SRR26749509,GPS_benchmark,22F,22,22F,22F,22F,22F,22F,22F,22F
SRR26789935,GPS_benchmark,38,38,38,38,38,38,38,38,38
SRR26878089,GPS_benchmark,11A,11,11A,11A,11D,11A/11D,11A,11A,11A
ERR3899439,GPS_benchmark,14,14,14,14,14,14,14,14,14
ERR2681210,GPS_benchmark,34,34,34,34,34,34,34,34,34
ERR316646,GPS_benchmark,14,14,14,14,14,14,14,14,14
ERR2090966,GPS_benchmark,4,4,4,4,4,4,4,4,4
SRR26750067,GPS_benchmark,8,8,8,8,8,8,8,8,8
SRR26749979,GPS_benchmark,10A,10,10A,10A,10A,10A,10A,10A,10A
ERR13365835,GPS_benchmark,15A,15,15A,15A,Failed,15A/15D,15A,15A,15A
ERR774204,GPS_benchmark,6B,6,6B,6E,6E,Serogroup_6_(6E),6B,6B,6E(6B)
ERR2612101,GPS_benchmark,19F,19,19F,19F,19F,19F,19F,19F,19F
SRR26878470,GPS_benchmark,22F,22,22F,22F,22F,22F,22F,22F,22F
ERR1106631,GPS_benchmark,25F,25,38,25F,25A,25F/25A,25F,25F,25F
SRR26878231,GPS_benchmark,10A,10,10A,10A,10A,10A,10A,10A,10A
SRR26833686,GPS_benchmark,9N,9,9N,9N,9N,9N/9L,9N,9N,9N
SRR26797909,GPS_benchmark,23B,23,23B,23B,23B,23B,23B,23B,23B
ERR13364772,GPS_benchmark,19A,19,19A,19A,Failed,19A,19A,19A,19A
ERR319343,GPS_benchmark,6B,6,6B,NT,Failed,Serogroup_6_(6E),6B,6B,6E(6B)
ERR2090308,GPS_benchmark,9V,9,9V,9V,9V,9A/9V,9V,9V,9V
ERR876727,GPS_benchmark,8,8,8,8,8,8,8,8,8
ERR1202488,GPS_benchmark,19F,19,19F,19F,19F,19F,19F,19F,19F
ERR568454,GPS_benchmark,19F,19,19F,19F,19F,19F,19F,19F,19F
SRR26594262,GPS_benchmark,8,8,8,8,8,8,8,8,8
ERR2667607,GPS_benchmark,14,14,14,14,14,14,14,14,14
ERR1795479,GPS_benchmark,9N,9,9N,9N,9N,9N/9L,9N,9N,9N
ERR2680822,GPS_benchmark,19F,19,19F,19F,19F,19F,19F,19F,19F
ERR909084,GPS_benchmark,23F,23,23F,23F,23F,23F,23F,23F,23F
ERR13365528,GPS_benchmark,15A,15,15A,15A,15A,15A/15D,15A,15A,15A
ERR2090232,GPS_benchmark,6A,6,6A,6A,6A,6A/6B,6A,6A,6A
SRR26789687,GPS_benchmark,8,8,8,8,8,8,8,8,8
SRR26879932,GPS_benchmark,8,8,8,8,8,8,8,8,8
ERR845740,GPS_benchmark,23F,23,23F,23F,Failed,23F,23F,23F,23F
SRR26931313,GPS_benchmark,12F,12,12F,12F,12F,12F,12F,12F,12F
ERR900712,GPS_benchmark,23F,23,23F,23F,23F,23F,23F,23F,23F
ERR2667559,GPS_benchmark,1,1,1,1,1,1,1,1,1
SRR26673298,GPS_benchmark,22F,22,22F,22F,22F,22F,22F,22F,22F
ERR730825,GPS_benchmark,19F,19,19F,19F,19F,19F,19F,19F,19F
ERR742617,GPS_benchmark,19A,19,19A,19A,19A,19A,19A,19A,19A
ERR351999,GPS_benchmark,1,1,1,1,1,1,1,1,1
ERR13375130,GPS_benchmark,17F,17,17F,17F,17F,17F,17F,17F,17F
SRR26817844,GPS_benchmark,12F,12,12F,12F,12F,12F,12F,12F,12F
ERR1191951,GPS_benchmark,21,21,21,21,21,21,21,21,21
SRR26833998,GPS_benchmark,19A,19,19A,19A,19A,19A,19A,19A,19A
SRR26789872,GPS_benchmark,19A,19,19A,19A,19A,19A,19A,19A,19A
ERR3899254,GPS_benchmark,16F,16,16F,16F,16F,16F,16F,16F,16F
ERR13365713,GPS_benchmark,16F,16,8,16F,16F,16F,16F,16F,16F
SRR26911191,GPS_benchmark,23B,23,23B,23F,23F,23F,23F,23B,23F
ERR7568077,GPS_benchmark,10A,10,10A,10A,10A,10A,10A,10A,10A
ERR1540740,GPS_benchmark,19F,19,19F,19F,19F,19F,19F,19F,19F
ERR13364848,GPS_benchmark,14,14,14,14,14,14,14,14,14
ERR600302,GPS_benchmark,19F,19,19F,19F,19F,19F,19F,19F,19F
ERR2681063,GPS_benchmark,34,34,34,34,34,34,34,34,34
ERR600462,GPS_benchmark,19F,19,19F,19F,19F,19F,19F,19F,19F
ERR3270803,GPS_benchmark,1,1,1,1,1,1,1,1,1
ERR331453,GPS_benchmark,4,4,4,4,4,4,4,4,4
ERR1202283,GPS_benchmark,1,1,1,1,1,1,1,1,1
SRR26930460,GPS_benchmark,17F,17,17F,17F,17F,17F,17F,17F,17F
SRR26715010,GPS_benchmark,8,8,8,8,8,8,8,8,8
SRR26884283,GPS_benchmark,12F,12,12F,12F,12F,12F,12F,12F,12F
ERR1065898,GPS_benchmark,1,1,1,1,1,1,1,1,1
ERR3723501,GPS_benchmark,14,14,14,14,14,14,14,14,14
ERR1065902,GPS_benchmark,12F,12,46,12F,12F,12F,12F,12F,12F
SRR26673015,GPS_benchmark,8,8,8,8,8,8,8,8,8
ERR433910,GPS_benchmark,4,4,4,4,4,4,4,4,4
SRR26714398,GPS_benchmark,22F,22,22F,22F,22F,22F,22F,22F,22F
SRR26797975,GPS_benchmark,27,27,27,27,27,27,27,27,27
ERR730386,GPS_benchmark,1,1,1,1,1,1,1,1,1
ERR714392,GPS_benchmark,14,14,14,14,14,14,14,14,14
ERR884604,GPS_benchmark,23F,23,23B,23F,Failed,23F,23F,23B,23F
ERR13374724,GPS_benchmark,7F,7,7F,7F,7A,7F/7A,7F,7F,7F
SRR26714258,GPS_benchmark,9N,9,9N,9N,9N,9N/9L,9N,9N,9N
ERR742830,GPS_benchmark,6B,6,6B,6E,6E,Serogroup_6_(6E),6B,6B,6E(6B)
ERR774228,GPS_benchmark,1,1,1,1,1,1,1,1,1
ERR751094,GPS_benchmark,19F,19,19F,19F,19F,19F,19F,19F,19F
ERR1453441,GPS_benchmark,1,1,1,1,1,1,1,1,1
ERR1065630,GPS_benchmark,17F,17,17F,17F,17F,17F,17F,17F,17F
ERR1065158,GPS_benchmark,13,13,13,13,13,13,13,13,13
ERR1066164,GPS_benchmark,35B,35,35B,35B,35B,35B/35D,35B,35B,35B
SRR26878336,GPS_benchmark,23B,23,23B,23B,23B,23B,23B,23B,23B
ERR506022,GPS_benchmark,19A,19,19A,NT,19A,19A,19A,19A,19A
ERR13365978,GPS_benchmark,14,14,14,14,14,14,14,14,14
SRR26749319,GPS_benchmark,10A,10,10A,10A,10A,10A,10A,10A,10A
ERR1422339,GPS_benchmark,5,5,5,5,5,5,5,5,5
SRR26910224,GPS_benchmark,35B,35,35B,35B,35B,35B/35D,35B,35B,35B
SRR26818018,GPS_benchmark,33F,33,33F,33F,33F,33F/33A,33F,33F,33A/33F
SRR26673192,GPS_benchmark,8,8,8,8,8,8,8,8,8
ERR577986,GPS_benchmark,6B,6,6B,6E,6E,Serogroup_6_(6E),6B,6B,6E(6B)
SRR26790020,GPS_benchmark,22F,22,22F,22F,22F,22F,22F,22F,22F
ERR1788314,GPS_benchmark,1,1,1,1,1,1,1,1,1
ERR909174,GPS_benchmark,35B,35,35B,35B,35B,35B/35D,35B,35B,35B
ERR750862,GPS_benchmark,6A,6,6A,6A,6A,6A/6B,6A,6A,6A
ERR1065531,GPS_benchmark,15A,15,15A,15A,15A,15A/15D,15A,15A,15A
SRR26880091,GPS_benchmark,12F,12,12F,12F,12F,12F,12F,12F,12F
ERR570399,GPS_benchmark,9V,9,9V,9V,9V,9A/9V,9V,9V,9V
ERR751013,GPS_benchmark,5,5,5,5,5,5,5,5,5
ERR13365198,GPS_benchmark,22F,22,22F,22F,22F,22F,22F,22F,22F
ERR13365757,GPS_benchmark,38,38,38,38,38,38,38,38,38
ERR600177,GPS_benchmark,10A,10,10A,10A,10A,10A,10A,10A,10A
ERR730354,GPS_benchmark,21,21,21,21,21,21,21,21,21
ERR570395,GPS_benchmark,4,4,4,4,4,4,4,4,4
ERR2090207,GPS_benchmark,7C,7,7B,7C,7C,7C,7C,7C,7C
ERR13365758,GPS_benchmark,22F,22,22F,22F,22F,22F,22F,22F,22F
SRR26931297,GPS_benchmark,12F,12,12F,12F,12F,12F,12F,12F,12F
SRR26749565,GPS_benchmark,8,8,8,8,8,8,8,8,8
SRR26930976,GPS_benchmark,9N,9,9N,9N,9N,9N/9L,9N,9N,9N
ERR2089043,GPS_benchmark,13,13,13,13,13,13,13,13,13
ERR742426,GPS_benchmark,18C,18,18C,18C,18B,18C/18B,18C,18C,18C
ERR490795,GPS_benchmark,23F,23,23F,23F,23F,23F,23F,23F,23F
ERR714578,GPS_benchmark,14,14,14,14,14,14,14,14,14
SRR26818269,GPS_benchmark,15A,15,15A,15A,15A,15A/15D,15A,15A,15A
ERR742355,GPS_benchmark,14,14,14,14,14,14,14,14,14
SRR26797147,GPS_benchmark,8,8,8,8,8,8,8,8,8
SRR26818311,GPS_benchmark,22F,22,22F,22F,22F,22F,22F,22F,22F
SRR26714169,GPS_benchmark,8,8,8,8,8,8,8,8,8
ERR862506,GPS_benchmark,16F,16,16F,16F,16F,16F,16F,16F,16F
ERR340847,GPS_benchmark,7F,7,7F,7F,7A,7F/7A,7F,7F,7F
ERR2090453,GPS_benchmark,1,1,1,1,1,1,1,1,1
ERR3899348,GPS_benchmark,14,14,14,14,14,14,14,14,14
ERR913257,GPS_benchmark,1,1,1,1,1,1,1,1,1
ERR1214343,GPS_benchmark,13,13,13,13,13,13,13,13,13
ERR1422618,GPS_benchmark,5,5,5,5,5,5,5,5,5
ERR490799,GPS_benchmark,9V,9,9V,9V,9V,9A/9V,9V,9V,9V
ERR2853413,GPS_benchmark,19A,19,19A,19A,19AF,19A,19A,19A,19A
ERR326416,GPS_benchmark,6B,6,6B,NT,Failed,Serogroup_6_(6E),6B,6B,6E(6B)
SRR26797227,GPS_benchmark,9N,9,9N,9N,9N,9N/9L,9N,9N,9N
ERR2090284,GPS_benchmark,19F,19,19F,19F,19F,19F,19F,19F,19F
ERR13365009,GPS_benchmark,9V,9,9V,9V,9V,9A/9V,9V,9V,9V
ERR3796596,GPS_benchmark,24F,24,24F,24F,24B,24F/24B,24B,24B/24C/24F,24A/24B/24F
SRR26931658,GPS_benchmark,8,8,8,8,8,8,8,8,8
SRR26797863,GPS_benchmark,22F,22,22F,22F,22F,22F,22F,22F,22F
SRR26879982,GPS_benchmark,20B,20,20B,20,20,20,20,20B,20
ERR13365464,GPS_benchmark,8,8,8,8,8,8,8,8,8
SRR26749277,GPS_benchmark,8,8,8,8,8,8,8,8,8
SRR26673727,GPS_benchmark,22F,22,22F,22F,22F,22F,22F,22F,22F
ERR730285,GPS_benchmark,28F,28,28F,28A,28F,28F/28A,28F,28F,28F
SRR26931033,GPS_benchmark,16F,16,16F,16F,16F,16F,16F,16F,16F
ERR326463,GPS_benchmark,9V,9,9V,9V,9V,9A/9V,9V,9V,9V
SRR26884211,GPS_benchmark,9N,9,9N,9N,9N,9N/9L,9N,9N,9N
ERR2090743,GPS_benchmark,14,14,14,14,14,14,14,14,14
ERR2089647,GPS_benchmark,1,1,1,1,1,1,1,1,1
SRR26673473,GPS_benchmark,15A,15,15A,15A,15A,15A/15D,15A,15A,15A
ERR311083,GPS_benchmark,9V,9,9V,9V,9V,9A/9V,9V,9V,9V
ERR979945,GPS_benchmark,35B,35,35B,35B,35B,35B/35D,35B,35B,35B
SRR26594528,GPS_benchmark,10A,10,10A,10A,10A,10A,10A,10A,10A
SRR26818093,GPS_benchmark,20B,20,20B,20,20,20,20,20B,20
ERR2667170,GPS_benchmark,5,5,5,5,5,5,5,5,5
ERR913138,GPS_benchmark,6B,6,6B,6E,6E,Serogroup_6_(6E),6B,6B,6E(6B)
ERR433687,GPS_benchmark,10A,10,10A,10A,Failed,10A,10A,10A,10A
ERR1202306,GPS_benchmark,1,1,1,1,1,1,1,1,1
SRR26789450,GPS_benchmark,8,8,8,8,8,8,8,8,8
ERR742791,GPS_benchmark,14,14,14,14,14,14,14,14,14
ERR340885,GPS_benchmark,7F,7,7F,7F,7A,7F/7A,7F,7F,7F
ERR925168,GPS_benchmark,38,38,38,38,38,38,38,38,38
SRR26797966,GPS_benchmark,8,8,8,8,8,8,8,8,8
ERR13366052,GPS_benchmark,19F,19,19F,19F,19F,19F,19F,19F,19F
ERR2681093,GPS_benchmark,6A,6,6A,6A,6A,6A/6B,6A,6A,6A
ERR742427,GPS_benchmark,19A,19,19A,19A,19A,19A,19A,19A,19A
SRR26833574,GPS_benchmark,12F,12,12F,12F,12F,12F,12F,12F,12F
ERR13364493,GPS_benchmark,10A,10,10A,10A,10A,10A,10A,10A,10A
ERR505947,GPS_benchmark,6A,6,6A,6A,6A,6A/6B,6A,6A,6A
ERR730635,GPS_benchmark,12F,12,12F,12F,Failed,12F,12F,12F,12F
ERR5336808,GPS_benchmark,4,4,4,4,4,4,4,4,4
SRR26910515,GPS_benchmark,10A,10,10A,10A,10A,10A,10A,10A,10A
ERR5104409,GPS_benchmark,4,4,4,4,4,4,4,4,4
SRR26883819,GPS_benchmark,8,8,8,8,8,8,8,8,8
SRR26797919,GPS_benchmark,10A,10,10A,10A,10A,10A,10A,10A,10A
ERR1065984,GPS_benchmark,34,34,34,34,34,34,34,34,34
SRR26594219,GPS_benchmark,9N,9,9N,9N,9N,9N/9L,9N,9N,9N
ERR8481759,GPS_benchmark,23B,23,23B,23B,23B,23B,23B,23B,23B
SRR26818108,GPS_benchmark,19A,19,19A,19A,19AF,19A,19A,19A,19A
SRR26931645,GPS_benchmark,7C,7,7C,7C,7C,7C,7C,7C,7C
SRR26931491,GPS_benchmark,15F,15,15F,NT,15F,15F,15F,15F,15F
SRR26884247,GPS_benchmark,7C,7,7C,7C,7C,7C,7C,7C,7C
SRR26818258,GPS_benchmark,17F,17,17F,17F,17F,17F,17F,17F,17F
ERR600367,GPS_benchmark,38,38,38,38,38,25F_25A_38,38,38,38
SRR26930803,GPS_benchmark,19F,19,19F,19F,19F,19F,19F,19F,19F
SRR26789516,GPS_benchmark,11A,11,11A,11A,11A,11A/11D,11A,11A,11A
ERR730195,GPS_benchmark,21,21,21,21,21,21,21,21,21
ERR2089167,GPS_benchmark,33F,33,33F,33F,33F,33F/33A,33F,33F,33F
ERR13364590,GPS_benchmark,19F,19,19F,19F,19F,19F,19F,19F,19F
SRR26749902,GPS_benchmark,9N,9,9N,NT,Failed,"Below 70% hit - Poor Sequence quality, variant or non-typeable organism.",9N,9N,9N
ERR862312,GPS_benchmark,12F,12,12F,12F,Failed,12F,12F,12F,12F
ERR7567937,GPS_benchmark,10A,10,10A,10A,10A,10A,10A,10A,10A
SRR26749310,GPS_benchmark,12F,12,12F,12F,12F,12F,12F,12F,12F
SRR26911062,GPS_benchmark,15A,15,15A,15A,15A,15A/15D,15A,15A,15A
ERR884517,GPS_benchmark,6A,6,6A,6A,6A,6A/6B,6A,6A,6A
ERR3303146,GPS_benchmark,6B,6,6B,6E,6E,Serogroup_6_(6E),6B,6B,6E(6B)
SRR26750133,GPS_benchmark,7F,7,7F,7F,7A,7F/7A,7F,7F,7F
ERR8481836,GPS_benchmark,4,4,4,4,4,4,4,4,4
ERR774572,GPS_benchmark,1,1,1,1,1,1,1,1,1
SRR26930193,GPS_benchmark,6C,6,6C,6C,6D,6C/6D,6C,6C,6C
SRR26879546,GPS_benchmark,17F,17,17F,17F,17F,17F,17F,17F,17F
SRR26931589,GPS_benchmark,7C,7,7C,7C,7C,7C,7C,7C,7C
SRR26817938,GPS_benchmark,8,8,8,8,8,8,8,8,8
SRR26750102,GPS_benchmark,6C,6,18C,6C,6D,6C/6D,6C,6C,6C
ERR876676,GPS_benchmark,19F,19,19F,19F,19F,19F,19F,19F,19F
SRR26910859,GPS_benchmark,10A,10,10A,10A,10A,10A,10A,10A,10A
SRR26910955,GPS_benchmark,12F,12,12F,12F,12F,12F,12F,12F,12F
ERR730320,GPS_benchmark,17F,17,17F,17F,17F,17F,17F,17F,17F
ERR505472,GPS_benchmark,19F,19,19F,19F,19F,19F,19F,19F,19F
ERR1788269,GPS_benchmark,15A,15,15A,15A,15A,15A/15D,15A,15A,15A
ERR2089658,GPS_benchmark,19F,19,19F,19F,19F,19F,19F,19F,19F
ERR774046,GPS_benchmark,12F,12,12F,12F,12F,12F,12F,12F,12F
SRR26749371,GPS_benchmark,12F,12,12F,12F,12F,12F,12F,12F,12F
SRR26834208,GPS_benchmark,9N,9,9N,9N,9N,9N/9L,9N,9N,9N
SRR26930608,GPS_benchmark,17F,17,17F,17F,17F,17F,17F,17F,17F
ERR1288967,GPS_benchmark,5,5,5,5,5,5,5,5,5
ERR980306,GPS_benchmark,9L,9,9L,9L,9L,9N/9L,9L,9L,9L
SRR26931202,GPS_benchmark,12F,12,12F,12F,12F,12F,12F,12F,12F
ERR501523,GPS_benchmark,16F,16,16F,NT,Failed,16F,16F,16F,16F
ERR1202542,GPS_benchmark,2,2,2,2,2,2,2,2,2
ERR1795517,GPS_benchmark,14,14,14,14,14,14,14,14,14
SRR26818053,GPS_benchmark,15A,15,15A,15A,15A,15A/15D,15A,15A,15A
ERR2681192,GPS_benchmark,6A,6,6A,6A,6A,6A/6B,6A,6A,6A
SRR26930210,GPS_benchmark,22F,22,22F,22F,22F,22F,22F,22F,22F
ERR13375058,GPS_benchmark,14,14,14,14,14,14,14,14,14
ERR708299,GPS_benchmark,6A,6,6A,6A,6A,6A/6B,6A,6A,6A
SRR26673062,GPS_benchmark,9N,9,9N,9N,9N,9N/9L,9N,9N,9N
SRR26834005,GPS_benchmark,8,8,8,8,8,8,8,8,8
ERR1214685,GPS_benchmark,14,14,14,14,14,14,14,14,14
ERR2091021,GPS_benchmark,10A,10,10A,10A,10A,10A,10A,10A,10A
ERR13364805,GPS_benchmark,14,14,14,14,14,14,14,14,14
ERR2089850,GPS_benchmark,5,5,5,5,5,5,5,5,5
SRR26673391,GPS_benchmark,8,8,8,8,8,8,8,8,8
ERR13397672,GPS_benchmark,22F,22,22F,22F,22F,22F,22F,22F,22F
SRR26931864,GPS_benchmark,12F,12,12F,12F,12F,12F,12F,12F,12F
SRR26878626,GPS_benchmark,8,8,8,8,8,8,8,8,8
SRR26833942,GPS_benchmark,8,8,8,8,8,8,8,8,8
SRR26715058,GPS_benchmark,11A,11,11A,11A,Failed,11A/11D,11A,11A,11A
ERR774273,GPS_benchmark,16F,16,16F,16F,16F,16F,16F,16F,16F
ERR326490,GPS_benchmark,23F,23,22F,23F,23F,23F,23F,23F,23F
ERR884613,GPS_benchmark,19F,19,8,19F,Failed,19F,19F,19F,19F
SRR26797621,GPS_benchmark,7F,7,7F,7F,7A,7F/7A,7F,7F,7F
SRR26594339,GPS_benchmark,8,8,8,8,8,8,8,8,8
SRR26818368,GPS_benchmark,7C,7,7C,7C,7C,7C,7C,7C,7C
ERR925366,GPS_benchmark,7C,7,7C,7C,Failed,7C,7C,7C,7C
SRR26789608,GPS_benchmark,8,8,8,8,8,8,8,8,8
ERR319394,GPS_benchmark,6B,6,15A,6E,6E,Serogroup_6_(6E),6B,6B,6E(6B)
ERR13365258,GPS_benchmark,22F,22,22F,22F,22F,22F,22F,22F,22F
SRR26834310,GPS_benchmark,15A,15,15A,15A,15A,15A/15D,15A,15A,15A
SRR26833894,GPS_benchmark,19A,19,19A,19A,19AF,19A,19A,19A,19A
ERR862343,GPS_benchmark,5,5,5,5,5,5,5,5,5
ERR862326,GPS_benchmark,19F,19,19F,19F,19F,19F,19F,19F,19F
ERR2089907,GPS_benchmark,11B,11,11B,11B,11B,11B/11C,11B,11B,11B
ERR913485,GPS_benchmark,4,4,4,4,4,4,4,4,4
SRR26673576,GPS_benchmark,29,29,15A,29,Failed,29,29,29,29
SRR26594906,GPS_benchmark,22F,22,22F,22F,22F,22F,22F,22F,22F
ERR438970,GPS_benchmark,23F,23,23F,23F,23F,23F,23F,23F,23F
ERR884499,GPS_benchmark,18C,18,18C,18C,18B,18C/18B,18C,18C,18C
ERR1422518,GPS_benchmark,6B,6,6B,6E,6E,Serogroup_6_(6E),6B,6B,6E(6B)
SRR26714922,GPS_benchmark,12F,12,12F,12F,12F,12F,12F,12F,12F
SRR26879792,GPS_benchmark,9N,9,9N,9N,9N,9N/9L,9N,9N,9N
ERR870132,GPS_benchmark,1,1,1,1,1,1,1,1,1
SRR26797376,GPS_benchmark,33F,33,33F,33F,33F,33F/33A,33F,33F,33A/33F
ERR884520,GPS_benchmark,5,5,5,5,5,5,5,5,5
SRR26884171,GPS_benchmark,8,8,8,8,8,8,8,8,8
ERR646569,GPS_benchmark,19F,19,19F,19F,19F,19F,19F,19F,19F
ERR490744,GPS_benchmark,4,4,4,4,4,4,4,4,4
SRR26673287,GPS_benchmark,8,8,8,8,8,8,8,8,8
SRR26834166,GPS_benchmark,15A,15,15A,15A,15A,15A/15D,15A,15A,15A
ERR13364651,GPS_benchmark,19F,19,19F,19F,19F,19F,19F,19F,19F
SRR26749318,GPS_benchmark,22F,22,22F,22F,22F,22F,22F,22F,22F
ERR1756427,GPS_benchmark,6B,6,6B,6E,6E,Serogroup_6_(6E),6B,6B,6E(6B)
SRR26818514,GPS_benchmark,33F,33,33F,33F,33F,33F/33A,33F,33F,33F
ERR1788185,GPS_benchmark,19F,19,19F,19F,19F,19F,19F,19F,19F
ERR2090691,GPS_benchmark,12F,12,12F,12F,12F,12F,12F,12F,12F
SRR26931013,GPS_benchmark,8,8,8,8,8,8,8,8,8
SRR26931315,GPS_benchmark,11A,11,11A,11A,11D,11A/11D,11A,11A,11A
ERR2090377,GPS_benchmark,6A,6,6A,6A,6A,6A/6B,6A,6A,6A
SRR26594717,GPS_benchmark,12F,12,12F,12F,12F,12F,12F,12F,12F
SRR26884613,GPS_benchmark,17F,17,17F,17F,17F,17F,17F,17F,17F
SRR26797204,GPS_benchmark,8,8,8,8,8,8,8,8,8
ERR730240,GPS_benchmark,19A,19,19A,NT,19A,19A,19A,19A,19A
SRR26818197,GPS_benchmark,6A,6,24A,6A,6B,6A/6B,6A,6A,6A
ERR13364685,GPS_benchmark,6C,6,6A,6C,6D,6C/6D,6C,6C,6C
ERR980030,GPS_benchmark,14,14,14,14,14,14,14,14,14
SRR26910219,GPS_benchmark,15A,15,15A,15A,15A,15A/15D,15A,15A,15A
ERR2668120,GPS_benchmark,45,45,45,NT,45,45,45,45,45
ERR449247,GPS_benchmark,6A,6,6A,6A,6A,6A/6B,6A,6A,6A
SRR26884594,GPS_benchmark,7C,7,7C,7C,7C,7C,7C,7C,7C
ERR570419,GPS_benchmark,1,1,1,1,1,1,1,1,1
ERR876783,GPS_benchmark,14,14,14,14,14,14,14,14,14
SRR26910574,GPS_benchmark,23A,23,23A,23A,23A,23A,23A,23A,23A
ERR516692,GPS_benchmark,19F,19,19F,19F,19F,19F,19F,19F,19F
ERR1756479,GPS_benchmark,1,1,1,1,1,1,1,1,1
ERR13364502,GPS_benchmark,6C,6,14,6C,6D,6A_6B_6C_6D,6C,6C,6C
ERR3899216,GPS_benchmark,14,14,14,14,14,14,14,14,14
ERR876443,GPS_benchmark,14,14,14,14,14,14,14,14,14
ERR862402,GPS_benchmark,21,21,21,21,Failed,21,21,21,21
ERR8481794,GPS_benchmark,38,38,38,38,38,38,38,38,38
SRR26594277,GPS_benchmark,12F,12,12F,12F,12F,12F,12F,12F,12F
ERR1788532,GPS_benchmark,7F,7,7F,7F,7F,7F/7A,7F,7F,7F
SRR26594518,GPS_benchmark,12F,12,12F,12F,12F,12F,12F,12F,12F
SRR26790119,GPS_benchmark,8,8,8,8,8,8,8,8,8
SRR26879603,GPS_benchmark,10A,10,10A,10A,10A,10A,10A,10A,10A
ERR600131,GPS_benchmark,22F,22,22F,22F,22F,22F,22F,22F,22F
ERR600585,GPS_benchmark,6B,6,6B,6B,6A,6A/6B,6B,6B,6B
SRR26673689,GPS_benchmark,19A,19,19A,19A,19AF,19A,19A,19A,19A
ERR3217573,GPS_benchmark,14,14,14,14,14,14,14,14,14
ERR925065,GPS_benchmark,9V,9,9V,9V,9V,9A/9V,9V,9V,9V
SRR26594305,GPS_benchmark,12F,12,12F,12F,12F,12F,12F,12F,12F
ERR876622,GPS_benchmark,14,14,14,14,14,14,14,14,14
SRR26749827,GPS_benchmark,6C,6,6C,6C,6D,6A_6B_6C_6D,6C,6C,6C
SRR26833703,GPS_benchmark,19F,19,19F,19F,19F,19F,19F,19F,19F
ERR980263,GPS_benchmark,20A,20,20A,20,20,20,20,20A,20
ERR774644,GPS_benchmark,1,1,1,1,1,1,1,1,1
ERR2090720,GPS_benchmark,19F,19,19F,19F,19F,19F,19F,19F,19F
ERR331470,GPS_benchmark,9V,9,9V,9V,9V,9A/9V,9V,9V,9V
SRR26878574,GPS_benchmark,20B,20,20B,20,20,20,20,20B,20
SRR26714575,GPS_benchmark,9N,9,9N,9N,9N,9N/9L,9N,9N,9N
ERR331391,GPS_benchmark,4,4,4,4,4,4,4,4,4
ERR714411,GPS_benchmark,1,1,1,1,1,1,1,1,1
SRR26749459,GPS_benchmark,19A,19,19A,19A,19AF,19A,19A,19A,19A
ERR2091238,GPS_benchmark,5,5,5,5,5,5,5,5,5
SRR26931687,GPS_benchmark,8,8,8,8,8,8,8,8,8
SRR26880248,GPS_benchmark,8,8,8,8,8,8,8,8,8
SRR26714308,GPS_benchmark,19A,19,19A,19A,19AF,19A,19A,19A,19A
ERR876768,GPS_benchmark,14,14,14,14,14,14,14,14,14
ERR925163,GPS_benchmark,19F,19,19F,19F,Failed,19F,19F,19F,19F
SRR26714408,GPS_benchmark,22F,22,22F,22F,22F,22F,22F,22F,22F
ERR632925,GPS_benchmark,14,14,14,14,14,14,14,14,14
SRR26878316,GPS_benchmark,10A,10,10A,10A,10A,10A,10A,10A,10A
ERR774111,GPS_benchmark,11A,11,11A,11A,11A,11A/11D,11A,11A,11A
ERR913339,GPS_benchmark,23B,23,23B,23B,Failed,23B,23B,23B,23B
SRR26797745,GPS_benchmark,23B,23,23B,23B,23B,23B,23B,23B,23B
SRR26797330,GPS_benchmark,33F,33,33F,33F,33F,33F/33A,33F,33F,33F
SRR26879958,GPS_benchmark,15B,15,15B,15B,15B,15B/15C,15B,15B,15B/15C
ERR869859,GPS_benchmark,14,14,14,14,Failed,14,14,14,14
ERR7568057,GPS_benchmark,6E,6,6B,6E,6E,Serogroup_6_(6E),6B,6B,6E(6B)
ERR2090550,GPS_benchmark,1,1,1,1,1,1,1,1,1
SRR26834391,GPS_benchmark,9N,9,9N,9N,9N,9N/9L,9N,9N,9N
ERR1214466,GPS_benchmark,33B,33,33F,NT,33B,33B,33B,33B,33D
ERR568437,GPS_benchmark,6A,6,19F,6A,6A,6A/6B,6A,6A,6A
ERR13365937,GPS_benchmark,23B,23,23B,23B1,23B1,23B,23B,23B,23B1
ERR742733,GPS_benchmark,33D,33,33D,NT,33D,"Mixed serotypes- {'33B', '33D'}",33D,33D,33B
ERR13366116,GPS_benchmark,10A,10,10A,10A,10A,10A,10A,10A,10A
ERR925084,GPS_benchmark,23F,23,23F,23F,Failed,23F,23F,23F,23F
ERR1430839,GPS_benchmark,1,1,1,1,1,1,1,1,1
SRR26714237,GPS_benchmark,11A,11,11A,11A,11A,11A/11D,11A,11A,11A
ERR869925,GPS_benchmark,19F,19,19F,19F,19F,19F,19F,19F,19F
ERR774127,GPS_benchmark,19F,19,19F,19F,19F,19F,19F,19F,19F
ERR774331,GPS_benchmark,23F,23,23F,23F,23F,23F,23F,23F,23F
ERR13365478,GPS_benchmark,14,14,14,14,14,14,14,14,14
ERR870325,GPS_benchmark,6B,6,6B,6E,6E,Serogroup_6_(6E),6B,6B,6E(6B)
SRR26749840,GPS_benchmark,9N,9,9N,9N,9N,9N/9L,9N,9N,9N
SRR26878707,GPS_benchmark,10A,10,10A,10A,10A,10A,10A,10A,10A
SRR26672836,GPS_benchmark,12F,12,12F,12F,12F,12F,12F,12F,12F
ERR13365282,GPS_benchmark,10A,10,10A,10A,10A,10A,10A,10A,10A
ERR1453816,GPS_benchmark,12F,12,12F,12F,12F,12F,12F,12F,12F
SRR26789679,GPS_benchmark,9N,9,9N,9N,9N,9N/9L,9N,9N,9N
ERR505763,GPS_benchmark,7F,7,7F,7F,7A,7F/7A,7F,7F,7F
ERR774079,GPS_benchmark,35B,35,35B,35B,35B,35B/35D,35B,35B,35B
SRR26930258,GPS_benchmark,8,8,8,8,8,8,8,8,8
SRR26797764,GPS_benchmark,38,38,38,38,38,38,38,38,38
ERR2681215,GPS_benchmark,19F,19,19F,19F,19F,19F,19F,19F,19F
ERR646554,GPS_benchmark,14,14,14,14,14,14,14,14,14
SRR26879620,GPS_benchmark,8,8,8,8,8,8,8,8,8
SRR26884334,GPS_benchmark,12F,12,12F,12F,12F,12F,12F,12F,12F
ERR876762,GPS_benchmark,14,14,14,14,Failed,14,14,14,14
ERR2090679,GPS_benchmark,12F,12,12F,12F,12F,12F,12F,12F,12F
SRR26878665,GPS_benchmark,21,21,21,21,21,21,21,21,21
ERR1788165,GPS_benchmark,8,8,8,8,8,8,8,8,8
ERR2091131,GPS_benchmark,5,5,5,5,5,5,5,5,5
SRR26883831,GPS_benchmark,12F,12,12F,12F,12F,12F,12F,12F,12F
ERR2090969,GPS_benchmark,5,5,5,5,5,5,5,5,5
SRR26789360,GPS_benchmark,38,38,38,38,38,38,38,38,38
SRR26884378,GPS_benchmark,9N,9,9N,9N,9N,9N/9L,9N,9N,9N
ERR862429,GPS_benchmark,19A,19,19A,19A,19A,19A,19A,19A,19A
ERR913393,GPS_benchmark,34,34,34,34,34,34,34,34,34
ERR1214450,GPS_benchmark,5,5,5,5,5,5,5,5,5
ERR2667770,GPS_benchmark,1,1,1,1,1,1,1,1,1
SRR26714853,GPS_benchmark,22F,22,22F,22F,22F,22F,22F,22F,22F
ERR1066125,GPS_benchmark,7F,7,7F,7F,7A,7F/7A,7F,7F,7F
ERR1422519,GPS_benchmark,6B,6,6B,6E,6E,Serogroup_6_(6E),6B,6B,6E(6B)
ERR326338,GPS_benchmark,6B,6,6B,6E,6E,Serogroup_6_(6E),6B,6B,6E(6B)
SRR26817894,GPS_benchmark,35F,35,34,35F,35F,35F,35F,35F,35F
ERR1192035,GPS_benchmark,19F,19,19F,19F,19F,19F,19F,19F,19F
ERR750827,GPS_benchmark,18A,18,18A,18A,18A,18A,18A,18C,18A
SRR26880021,GPS_benchmark,35F,35,35F,35F,35F,35F,35F,35F,35F
ERR2090413,GPS_benchmark,5,5,5,5,5,5,5,5,5
ERR1430914,GPS_benchmark,10A,10,10A,10A,10A,10A,10A,10A,10A
SRR26789288,GPS_benchmark,22F,22,22F,22F,22F,22F,22F,22F,22F
ERR2667871,GPS_benchmark,9V,9,9V,9V,9V,9A/9V,9V,9V,9V
ERR870293,GPS_benchmark,19A,19,19A,19A,19A,19A,19A,19A,19A
SRR26673271,GPS_benchmark,15B,15,15B,15C,Failed,15B/15C,15B|15C,15B,15B/15C
ERR869821,GPS_benchmark,35B,35,35B,35B,35B,35B/35D,35B,35B,35B
ERR505736,GPS_benchmark,6C,6,1,6C,6C,6C/6D,6C,6C,6C
ERR2090205,GPS_benchmark,6A,6,6A,6A,6A,6A/6B,6A,6A,6A
ERR774359,GPS_benchmark,8,8,8,8,8,8,8,8,8
ERR876480,GPS_benchmark,19F,19,19F,19F,19F,19F,19F,19F,19F
ERR1658111,GPS_benchmark,14,14,14,14,14,14,14,14,14
ERR1288915,GPS_benchmark,4,4,4,4,4,4,4,4,4
SRR26818500,GPS_benchmark,8,8,8,8,8,8,8,8,8
SRR26789518,GPS_benchmark,38,38,38,38,38,38,38,38,38
ERR326499,GPS_benchmark,14,14,14,14,14,14,14,14,14
ERR1799749,GPS_benchmark,9V,9,9V,9V,9V,9A/9V,9V,9V,9V
SRR26877817,GPS_benchmark,22F,22,22F,22F,22F,22F,22F,22F,22F
SRR26672901,GPS_benchmark,12F,12,12F,12F,12F,12F,12F,12F,12F
ERR326492,GPS_benchmark,6B,6,6B,6E,6E,Serogroup_6_(6E),6B,6B,6E(6B)
ERR908943,GPS_benchmark,6B,6,6B,6E,6E,Serogroup_6_(6E),6B,6B,6E(6B)
SRR26594492,GPS_benchmark,7C,7,7C,7C,7C,7C,7C,7C,7C
ERR1430973,GPS_benchmark,19B,19,19B,NT,19B,19B,19B,19B,19B
ERR1202309,GPS_benchmark,9V,9,9V,9V,9V,9A/9V,9V,9V,9V
SRR26880318,GPS_benchmark,8,8,8,8,8,8,8,8,8
ERR632875,GPS_benchmark,14,14,14,14,14,14,14,14,14
SRR26834223,GPS_benchmark,15B,15,15B,15C,Failed,15B/15C,15B|15C,15B,15B/15C
ERR13365014,GPS_benchmark,1,1,1,1,1,1,1,1,1
ERR774369,GPS_benchmark,1,1,1,1,1,1,1,1,1
ERR774591,GPS_benchmark,1,1,1,1,1,1,1,1,1
ERR1288970,GPS_benchmark,5,5,5,5,5,5,5,5,5
SRR26930841,GPS_benchmark,9N,9,9N,9N,9N,9N/9L,9N,9N,9N
ERR730839,GPS_benchmark,19F,19,19F,19F,19F,19F,19F,19F,19F
SRR26930675,GPS_benchmark,22F,22,22F,22F,22F,22F,22F,22F,22F
SRR26749893,GPS_benchmark,15A,15,15A,15A,Failed,15A/15D,15A,15A,15A
ERR984293,GPS_benchmark,34,34,34,34,34,34,34,34,34
ERR742448,GPS_benchmark,38,38,38,38,38,38,38,38,38
ERR908941,GPS_benchmark,6B,6,6B,6E,6E,Serogroup_6_(6E),6B,6B,6E(6B)
SRR26878496,GPS_benchmark,12F,12,12F,12F,12F,12F,12F,12F,12F
ERR730416,GPS_benchmark,14,14,14,14,14,14,14,14,14
ERR1453457,GPS_benchmark,35B,35,35B,35B,35B,35B/35D,35B,35B,35B
ERR501605,GPS_benchmark,19F,19,19F,19F,19F,19F,19F,19F,19F
ERR884589,GPS_benchmark,6A,6,18A,NT,Failed,"Below 70% hit - Poor Sequence quality, variant or non-typeable organism.",6A|06B,6A,6A
ERR13365298,GPS_benchmark,34,34,34,34,34,34,34,34,34
ERR433507,GPS_benchmark,19F,19,19A,NT,Failed,"Below 70% hit - Poor Sequence quality, variant or non-typeable organism.",19F,19A,19F
ERR913215,GPS_benchmark,9L,9,19A,9L,9L,9N/9L,9L,9L,9L
SRR26714470,GPS_benchmark,9N,9,9N,9N,9N,9N/9L,9N,9N,9N
SRR26834058,GPS_benchmark,12F,12,12F,12F,12F,12F,12F,12F,12F
ERR632921,GPS_benchmark,1,1,1,1,1,1,1,1,1
SRR26749804,GPS_benchmark,8,8,8,8,8,8,8,8,8
SRR26910304,GPS_benchmark,8,8,8,8,8,8,8,8,8
ERR2680762,GPS_benchmark,19B,19,19B,NT,19B,19B,19B,19B,19B
ERR433805,GPS_benchmark,1,1,1,1,1,1,1,1,1
ERR13375026,GPS_benchmark,23B,23,23B,23B1,23B1,23B,23B,23B,23B1
SRR26910821,GPS_benchmark,8,8,8,8,8,8,8,8,8
ERR1202508,GPS_benchmark,1,1,1,1,1,1,1,1,1
SRR26595036,GPS_benchmark,8,8,8,8,8,8,8,8,8
ERR714105,GPS_benchmark,12F,12,12F,12F,12F,12F,12F,12F,12F
SRR26884218,GPS_benchmark,8,8,8,8,8,8,8,8,8
SRR26880241,GPS_benchmark,12F,12,12F,12F,12F,12F,12F,12F,12F
SRR26877981,GPS_benchmark,22F,22,22F,22F,22F,22F,22F,22F,22F
ERR751055,GPS_benchmark,6B,6,6B,6E,6E,Serogroup_6_(6E),6B,6B,6E(6B)
SRR26910544,GPS_benchmark,9N,9,9N,9N,9N,9N/9L,9N,9N,9N
ERR730882,GPS_benchmark,12F,12,12F,12F,12F,12F,12F,12F,12F
ERR1453601,GPS_benchmark,4,4,4,4,4,4,4,4,4
SRR26818284,GPS_benchmark,31,31,31,31,31,31,31,31,31
ERR9990854,GPS_benchmark,16F,16,16F,16F,16F,16F,16F,16F,16F
SRR26749729,GPS_benchmark,10A,10,10A,10A,10A,10A,10A,10A,10A
ERR884603,GPS_benchmark,18C,18,18C,18B,Failed,18C/18B,18B,18C,18C
ERR913214,GPS_benchmark,19A,19,19A,19A,19AF,19A,19A,19A,19A
SRR26714908,GPS_benchmark,8,8,8,8,8,8,8,8,8
ERR433508,GPS_benchmark,16F,16,16F,16F,16F,16F,16F,16F,16F
SRR26673679,GPS_benchmark,22F,22,22F,22F,22F,22F,22F,22F,22F
ERR1065383,GPS_benchmark,23F,23,23F,23F,23F,23F,23F,23F,23F
ERR1788347,GPS_benchmark,16F,16,16F,16F,16F,"Below 70% hit - Poor Sequence quality, variant or non-typeable organism.",16F,16F,16F
SRR26877885,GPS_benchmark,10A,10,10A,10A,10A,10A,10A,10A,10A
SRR26749912,GPS_benchmark,4,4,4,4,Failed,4,4,4,4
ERR1066276,GPS_benchmark,14,14,14,14,14,14,14,14,14
SRR26883965,GPS_benchmark,13,13,13,13,13,13,13,13,13
ERR908914,GPS_benchmark,19F,19,19F,19F,19F,19F,19F,19F,19F
ERR730756,GPS_benchmark,4,4,4,4,4,4,4,4,4
SRR26833645,GPS_benchmark,14,14,14,14,14,14,14,14,14
ERR326594,GPS_benchmark,23F,23,23F,23F,23F,23F,23F,23F,23F
SRR26880136,GPS_benchmark,12F,12,12F,12F,12F,12F,12F,12F,12F
ERR2667923,GPS_benchmark,1,1,1,1,1,1,1,1,1
SRR26789692,GPS_benchmark,12F,12,12F,12F,12F,12F,12F,12F,12F
SRR26818170,GPS_benchmark,22F,22,22F,22F,22F,22F,22F,22F,22F
ERR1788301,GPS_benchmark,19F,19,19F,19F,19F,19F,19F,19F,19F
ERR742530,GPS_benchmark,9N,9,9N,9N,9N,9N/9L,9N,9N,9N
ERR646570,GPS_benchmark,1,1,1,1,1,1,1,1,1
ERR876641,GPS_benchmark,14,14,14,14,14,14,14,14,14
SRR26878377,GPS_benchmark,33F,33,33F,33F,33F,33F/33A,33F,33F,33F
ERR774022,GPS_benchmark,1,1,1,1,1,1,1,1,1
SRR26749993,GPS_benchmark,15A,15,15A,15A,Failed,15A/15D,15A,15A,15A
SRR26797569,GPS_benchmark,8,8,8,8,8,8,8,8,8
SRR26818588,GPS_benchmark,10A,10,10A,10A,10A,10A,10A,10A,10A
ERR730671,GPS_benchmark,14,14,14,14,14,14,14,14,14
ERR979892,GPS_benchmark,1,1,1,1,1,1,1,1,1
ERR908897,GPS_benchmark,6A,6,6A,6A,6A,6A/6B,6A,6A,6A
SRR26817726,GPS_benchmark,12F,12,12F,12F,12F,12F,12F,12F,12F
ERR600486,GPS_benchmark,1,1,1,1,1,1,1,1,1
SRR26749553,GPS_benchmark,8,8,8,8,8,8,8,8,8
SRR26673667,GPS_benchmark,8,8,8,8,8,8,8,8,8
ERR730657,GPS_benchmark,6B,6,6B,6E,Failed,Serogroup_6_(6E),6B,6B,6E(6B)
ERR326718,GPS_benchmark,9V,9,9V,9V,9V,9A/9V,9V,9V,9V
SRR26749616,GPS_benchmark,10A,10,10A,10A,10A,10A,10A,10A,10A
ERR1453533,GPS_benchmark,14,14,14,14,14,14,14,14,14
ERR869934,GPS_benchmark,18C,18,18C,NT,18B,18C/18B,18C,18C,18C
SRR26714125,GPS_benchmark,9N,9,9N,9N,9N,9N/9L,9N,9N,9N
SRR26749517,GPS_benchmark,15A,15,15A,15A,15A,15A/15D,15A,15A,15A
ERR326565,GPS_benchmark,14,14,14,14,14,14,14,14,14
ERR1422563,GPS_benchmark,14,14,14,14,14,14,14,14,14
SRR26818061,GPS_benchmark,9N,9,9N,9N,9N,9N/9L,9N,9N,9N
SRR26594941,GPS_benchmark,12F,12,12F,12F,12F,12F,12F,12F,12F
SRR26877875,GPS_benchmark,8,8,8,8,8,8,8,8,8
ERR900714,GPS_benchmark,6B,6,6A,6A,6A,6A_6B_6C_6D,6B,6B,6B
ERR1065703,GPS_benchmark,21,21,21,21,21,21,21,21,21
ERR714550,GPS_benchmark,18C,18,18C,18C,18B,18C/18B,18C,18C,18C
SRR26884521,GPS_benchmark,8,8,8,8,8,8,8,8,8
ERR1065711,GPS_benchmark,6A,6,6A,6A,6B,6A/6B,6A,6A,6A
ERR2089753,GPS_benchmark,12F,12,12F,12F,12F,12F,12F,12F,12F
ERR869938,GPS_benchmark,11A,11,11A,11A,Failed,11A/11D,11A,11A,11A
ERR1066130,GPS_benchmark,6B,6,6B,6E,6E,Serogroup_6_(6E),6B,6B,6E(6B)
SRR26714293,GPS_benchmark,8,8,8,8,8,8,8,8,8
ERR909038,GPS_benchmark,34,34,34,34,34,34,34,34,34
ERR1214660,GPS_benchmark,14,14,14,14,14,14,14,14,14
SRR26884215,GPS_benchmark,8,8,8,8,8,8,8,8,8
ERR870245,GPS_benchmark,5,5,5,5,5,5,5,5,5
ERR869915,GPS_benchmark,5,5,5,5,5,5,5,5,5
ERR925357,GPS_benchmark,23F,23,23F,23F,Failed,23F,23F,23F,23F
ERR714647,GPS_benchmark,19F,19,19F,19F,19F,19F,19F,19F,19F
SRR26714648,GPS_benchmark,12F,12,12F,12F,12F,12F,12F,12F,12F
ERR925293,GPS_benchmark,13,13,13,13,Failed,13,13,13,13
ERR751195,GPS_benchmark,6B,6,6B,6B,6A,6A/6B,6B,6B,6B
ERR884554,GPS_benchmark,4,4,4,4,4,4,4,4,4
ERR600560,GPS_benchmark,4,4,4,4,4,4,4,4,4
ERR884475,GPS_benchmark,22F,22,22F,22F,22F,22F,22F,22F,22F
ERR13365620,GPS_benchmark,14,14,14,14,14,14,14,14,14
ERR13365649,GPS_benchmark,1,1,1,1,1,1,1,1,1
ERR925273,GPS_benchmark,34,34,34,34,34,34,34,34,34
SRR26797393,GPS_benchmark,8,8,8,8,8,8,8,8,8
ERR774304,GPS_benchmark,6B,6,6B,6E,6E,Serogroup_6_(6E),6B,6B,6E(6B)
ERR1453787,GPS_benchmark,9L,9,9L,NT,9L,"Below 70% hit - Poor Sequence quality, variant or non-typeable organism.",9L,9L,9L
SRR26910590,GPS_benchmark,17F,17,17F,17F,17F,17F,17F,17F,17F
SRR26594163,GPS_benchmark,15A,15,15A,15A,15A,15A/15D,15A,15A,15A
ERR600189,GPS_benchmark,35B,35,35B,35B,35B,35B/35D,35B,35B,35B
ERR433850,GPS_benchmark,1,1,1,1,1,1,1,1,1
ERR568684,GPS_benchmark,15A,15,15A,15A,15A,15A/15D,15A,15A,15A
ERR3899339,GPS_benchmark,23F,23,23F,23F,23F,23F,23F,23F,23F
SRR26673600,GPS_benchmark,12F,12,12F,12F,12F,12F,12F,12F,12F
ERR751158,GPS_benchmark,14,14,9V,14,14,14,14,14,14
ERR1288812,GPS_benchmark,4,4,4,4,4,4,4,4,4
ERR326697,GPS_benchmark,22F,22,22F,22F,22F,22F,22F,22F,22F
SRR26818089,GPS_benchmark,8,8,8,8,8,8,8,8,8
ERR1106624,GPS_benchmark,1,1,1,1,1,1,1,1,1
ERR1065407,GPS_benchmark,23F,23,23F,23F,23F,23F,23F,23F,23F
ERR3664421,GPS_benchmark,4,4,4,4,4,4,4,4,4
SRR26672808,GPS_benchmark,9N,9,9N,9N,9N,9N/9L,9N,9N,9N
ERR1658106,GPS_benchmark,14,14,14,14,14,14,14,14,14
SRR26884313,GPS_benchmark,8,8,8,8,8,8,8,8,8
ERR3796552,GPS_benchmark,14,14,14,14,14,14,14,14,14
SRR26911043,GPS_benchmark,8,8,8,8,Failed,8,8,8,8
SRR26880057,GPS_benchmark,8,8,8,8,8,8,8,8,8
ERR1065177,GPS_benchmark,19F,19,19F,19F,19F,19F,19F,19F,19F
ERR2667891,GPS_benchmark,5,5,5,5,5,5,5,5,5
SRR26910834,GPS_benchmark,23B,23,23B,23B,23B,23B,23B,23B,23B
ERR600454,GPS_benchmark,14,14,14,14,14,14,14,14,14
ERR338207,GPS_benchmark,8,8,8,8,8,8,8,8,8
ERR884677,GPS_benchmark,14,14,14,14,14,14,14,14,14
ERR13374862,GPS_benchmark,15C,15,15C,15C,15C,15B/15C,15B|15C,15C,15B/15C
SRR26797451,GPS_benchmark,12F,12,12F,12F,12F,12F,12F,12F,12F
ERR2667755,GPS_benchmark,1,1,1,1,1,1,1,1,1
ERR869996,GPS_benchmark,34,34,34,34,Failed,34,34,34,34
ERR600228,GPS_benchmark,23B,23,19A,NT,23B,23B,23B,23B,23B
SRR26749930,GPS_benchmark,35B,35,35B,35B,35B,35B/35D,35B,35B,35B
ERR714276,GPS_benchmark,1,1,1,1,1,1,1,1,1
ERR326405,GPS_benchmark,6C,6,6C,6C,6D,6C/6D,6C,6C,6C
ERR730663,GPS_benchmark,6B,6,6B,6E,Failed,Serogroup_6_(6E),6B,6B,6E(6A)
ERR516679,GPS_benchmark,5,5,5,5,5,5,5,5,5
SRR26818438,GPS_benchmark,22F,22,22F,22F,22F,22F,22F,22F,22F
ERR505949,GPS_benchmark,5,5,5,5,5,5,5,5,5
ERR1192114,GPS_benchmark,15A,15,15A,15A,15A,15A/15D,15A,15A,15A
ERR13364801,GPS_benchmark,9V,9,9V,9V,9V,9A/9V,9V,9V,9A
ERR2089345,GPS_benchmark,19A,19,19A,19A,19A,19A,19A,19A,19A
SRR26834348,GPS_benchmark,8,8,8,8,8,8,8,8,8
ERR750849,GPS_benchmark,25F,25,25F,25F,25A,25F/25A,25F,25F,25F
SRR26878748,GPS_benchmark,4,4,4,4,4,4,4,4,4
SRR26594404,GPS_benchmark,12F,12,12F,12F,12F,12F,12F,12F,12F
SRR26595061,GPS_benchmark,8,8,8,8,8,8,8,8,8
SRR26818530,GPS_benchmark,22F,22,22F,22F,22F,22F,22F,22F,22F
SRR26930333,GPS_benchmark,22F,22,22F,22F,22F,22F,22F,22F,22F
SRR26884300,GPS_benchmark,19A,19,19A,19A,19AF,19A,19A,19A,19A
ERR8481730,GPS_benchmark,21,21,15A,21,21,21,21,21,21
ERR13374909,GPS_benchmark,8,8,8,8,8,8,8,8,8
SRR26910354,GPS_benchmark,8,8,8,8,8,8,8,8,8
SRR26884275,GPS_benchmark,10A,10,10A,10A,10A,10A,10A,10A,10A
ERR736909,GPS_benchmark,10A,10,10A,10A,Failed,10A,10A,10A,10A
ERR774354,GPS_benchmark,19F,19,19F,19F,19F,19F,19F,19F,19F
SRR26672914,GPS_benchmark,33F,33,33F,33F,33F,33F/33A,33F,33F,33A/33F
ERR13365462,GPS_benchmark,4,4,4,4,4,4,4,4,4
ERR433782,GPS_benchmark,23F,23,23F,23F,23F,23F,23F,23F,23F
ERR2089321,GPS_benchmark,21,21,21,21,21,21,21,21,21
ERR1795515,GPS_benchmark,10F,10,10F,10F,10F,10F,10F,10F,10F
ERR600247,GPS_benchmark,16F,16,16F,16F,16F,16F,16F,16F,16F
SRR26673451,GPS_benchmark,11A,11,11A,11A,11D,11A/11D,11A,11A,11A
SRR26749365,GPS_benchmark,22F,22,22F,22F,22F,22F,22F,22F,22F
SRR26931037,GPS_benchmark,12F,12,12F,12F,12F,12F_12A_12B_44_46,12F,12F,12F
ERR1214483,GPS_benchmark,21,21,21,21,21,21,21,21,21
SRR26879914,GPS_benchmark,8,8,8,8,8,8,8,8,8
ERR869832,GPS_benchmark,10B,10,10B,10B,10B,10B,10B,10B,10B
SRR26930364,GPS_benchmark,7C,7,7C,7C,7C,7C,7C,7C,7C
SRR26931769,GPS_benchmark,8,8,8,8,8,8,8,8,8
SRR26834184,GPS_benchmark,8,8,8,8,8,8,8,8,8
ERR352004,GPS_benchmark,5,5,5,5,5,5,5,5,5
ERR2090327,GPS_benchmark,22F,22,33B,NT,22F,22F,22F,22F,22F
ERR13365769,GPS_benchmark,8,8,8,8,8,8,8,8,8
ERR600491,GPS_benchmark,6B,6,6B,6E,6E,Serogroup_6_(6E),6B,6B,6E(6B)
SRR26880339,GPS_benchmark,23A,23,23A,23A,Failed,23A,23A,23A,23A
SRR26818600,GPS_benchmark,9N,9,9N,9N,9N,9N/9L,9N,9N,9N
SRR26594908,GPS_benchmark,33F,33,33F,33F,Failed,33F/33A,33F,33F,33F
SRR26749183,GPS_benchmark,22F,22,22F,22F,22F,22F,22F,22F,22F
ERR2089018,GPS_benchmark,12F,12,12F,12F,12F,12F,12F,12F,12F
ERR742737,GPS_benchmark,5,5,5,5,5,5,5,5,5
ERR2680642,GPS_benchmark,24A,24,24A,24F,24F,"Below 70% hit - Poor Sequence quality, variant or non-typeable organism.",24F,24B/24C/24F,24A/24B/24F
SRR26672934,GPS_benchmark,12F,12,12F,12F,12F,12F,12F,12F,12F
SRR26797659,GPS_benchmark,8,8,8,8,8,8,8,8,8
ERR586447,GPS_benchmark,19A,19,19A,19A,19A,19A,19A,19A,19A
SRR26672907,GPS_benchmark,8,8,8,8,8,8,8,8,8
SRR26673337,GPS_benchmark,22F,22,22F,22F,22F,22F,22F,22F,22F
SRR26878239,GPS_benchmark,15A,15,15A,15A,15A,15A/15D,15A,15A,15A
ERR13365501,GPS_benchmark,6C,6,6C,6C,6D,6C/6D,6C,6C,6C
ERR925143,GPS_benchmark,15A,15,15A,15A,15A,15A/15D,15A,15A,15A
ERR2667357,GPS_benchmark,46,46,46,46,12A,12A/12B/44/46,46,46,46
SRR26797446,GPS_benchmark,8,8,8,8,8,8,8,8,8
SRR26930255,GPS_benchmark,8,8,8,8,8,8,8,8,8
SRR26714590,GPS_benchmark,19A,19,19A,19A,19AF,19A,19A,19A,19A
ERR870096,GPS_benchmark,46,46,46,46,12A,12A/12B/44/46,46,46,12A/12F/46
ERR8481812,GPS_benchmark,15A,15,17F,15A,15A,15A/15D,15A,15A,15A
ERR2089362,GPS_benchmark,1,1,1,1,1,1,1,1,1
ERR714162,GPS_benchmark,1,1,1,1,1,1,1,1,1
SRR26714679,GPS_benchmark,6C,6,6C,6C,6D,6C/6D,6C,6C,6C
SRR26884390,GPS_benchmark,8,8,8,8,8,8,8,8,8
SRR26673431,GPS_benchmark,22F,22,22F,22F,22F,22F,22F,22F,22F
ERR980112,GPS_benchmark,14,14,14,14,14,14,14,14,14
ERR980049,GPS_benchmark,10A,10,10A,10A,10A,10A,10A,10A,10A
ERR3303206,GPS_benchmark,10A,10,10A,10A,10A,10A,10A,10A,10A
SRR26930882,GPS_benchmark,8,8,8,8,8,8,8,8,8
ERR714313,GPS_benchmark,1,1,1,1,1,1,1,1,1
SRR26834258,GPS_benchmark,8,8,8,8,8,8,8,8,8
ERR632992,GPS_benchmark,6B,6,6B,6E,6E,Serogroup_6_(6E),6B,6B,6E(6B)
ERR662366,GPS_benchmark,15A,15,15A,15A,15A,15A/15D,15A,15A,15A
ERR13364744,GPS_benchmark,15B,15,20B,15B,15B,15B/15C,15B,15B,15B/15C
SRR26884407,GPS_benchmark,15A,15,15A,15A,15A,15A/15D,15A,15A,15A
SRR26880393,GPS_benchmark,22F,22,22F,22F,22F,22F,22F,22F,22F
ERR1065118,GPS_benchmark,13,13,13,13,13,13,13,13,13
ERR774011,GPS_benchmark,4,4,4,4,4,4,4,4,4
SRR26931452,GPS_benchmark,17F,17,17F,17F,17F,17F,17F,17F,17F
SRR26818327,GPS_benchmark,15A,15,15A,15A,15A,15A/15D,15A,15A,15A
SRR26749170,GPS_benchmark,22F,22,22F,22F,22F,22F,22F,22F,22F
SRR26931269,GPS_benchmark,12F,12,12F,12F,12F,12F,12F,12F,12F
ERR2853639,GPS_benchmark,19A,19,19A,19A,19AF,19A,19A,19A,19A
ERR1202424,GPS_benchmark,4,4,4,4,4,4,4,4,4
SRR26818105,GPS_benchmark,16F,16,16F,16F,16F,16F,16F,16F,16F
ERR13374938,GPS_benchmark,8,8,8,8,8,8,8,8,8
ERR13374740,GPS_benchmark,8,8,8,8,8,8,8,8,8
SRR26714372,GPS_benchmark,15A,15,15A,15A,15A,15A/15D,15A,15A,15A
SRR26749882,GPS_benchmark,8,8,8,8,8,8,8,8,8
ERR13366180,GPS_benchmark,14,14,14,14,14,14,14,14,14
ERR773891,GPS_benchmark,33D,33,33D,NT,33D,"Mixed serotypes- {'33B', '33D'}",33D,33D,33D
SRR26880363,GPS_benchmark,16F,16,16F,16F,16F,16F,16F,16F,16F
SRR26879452,GPS_benchmark,8,8,8,8,8,8,8,8,8
SRR26673107,GPS_benchmark,7C,7,7C,7C,7C,7C,7C,7C,7C
ERR979902,GPS_benchmark,1,1,1,1,1,1,1,1,1
ERR730841,GPS_benchmark,14,14,14,14,14,14,14,14,14
SRR26790126,GPS_benchmark,21,21,21,21,21,21,21,21,21
SRR26879832,GPS_benchmark,12F,12,12F,12F,12F,12F,12F,12F,12F
SRR26673110,GPS_benchmark,33F,33,33F,33F,33F,33F/33A,33F,33F,33A/33F
ERR13374918,GPS_benchmark,20A,20,20A,20,20,20,20,20B,20
SRR26818620,GPS_benchmark,22F,22,22F,22F,22F,22F,22F,22F,22F
ERR586402,GPS_benchmark,35B,35,35B,35B,35B,35B/35D,35B,35B,35B
SRR26714087,GPS_benchmark,12F,12,12F,12F,12F,12F,12F,12F,12F
ERR1788153,GPS_benchmark,19F,19,19F,19F,19F,19F,19F,19F,19F
SRR26834403,GPS_benchmark,23A,23,22F,23A,23A,23A,23A,23A,23A
SRR26818628,GPS_benchmark,22F,22,22F,22F,22F,22F,22F,22F,22F
ERR331126,GPS_benchmark,6C,6,6C,6C,6D,6C/6D,6C,6C,6C
SRR26910350,GPS_benchmark,8,8,8,8,8,8,8,8,8
ERR925178,GPS_benchmark,13,13,13,13,13,13,13,13,13
ERR13364725,GPS_benchmark,19A,19,19A,19A,19A,19A,19A,19A,19A
ERR13365581,GPS_benchmark,23A,23,23A,23A,23A,23A,23A,23A,23A
ERR4289070,GPS_benchmark,1,1,1,1,1,1,1,1,1
ERR1540677,GPS_benchmark,19A,19,19A,19A,19A,19A,19A,19A,19A
SRR26749705,GPS_benchmark,19F,19,19F,19F,19F,19F,19F,19F,19F
ERR13364402,GPS_benchmark,14,14,14,14,14,14,14,14,14
ERR862456,GPS_benchmark,16F,16,16F,16F,16F,"Below 70% hit - Poor Sequence quality, variant or non-typeable organism.",16F,16F,16F
ERR8481544,GPS_benchmark,19F,19,19F,19F,19F,19F,19F,19F,19F
ERR1788179,GPS_benchmark,19F,19,19F,19F,19F,19F,19F,19F,19F
ERR909077,GPS_benchmark,9V,9,9V,9V,9V,9A/9V,9V,9V,9V
SRR26673551,GPS_benchmark,22F,22,22F,22F,Failed,22F,22F,22F,22F
ERR980107,GPS_benchmark,6C,6,6C,6C,6D,6A_6B_6C_6D,6C,6C,6C
ERR2090381,GPS_benchmark,6A,6,6A,6A,6A,6A/6B,6A,6A,6A
SRR26714093,GPS_benchmark,8,8,8,8,8,8,8,8,8
SRR26834475,GPS_benchmark,8,8,8,8,8,8,8,8,8
ERR2680647,GPS_benchmark,6A,6,6A,6A,6A,6A/6B,6A,6A,6A
ERR730942,GPS_benchmark,14,14,14,14,14,14,14,14,14
ERR4289148,GPS_benchmark,33B,33,33B,33B,33B,"Mixed serotypes- {'33B', '33D'}",33B,33B,33D
ERR870123,GPS_benchmark,5,5,5,5,5,5,5,5,5
SRR26594190,GPS_benchmark,10A,10,10A,10A,10A,10A,10A,10A,10A
ERR433511,GPS_benchmark,12F,12,12F,12F,12F,12F,12F,12F,12F
ERR1066026,GPS_benchmark,6B,6,6B,6E,6E,Serogroup_6_(6E),6B,6B,6E(6B)
SRR26594886,GPS_benchmark,8,8,8,8,8,8,8,8,8
ERR1658164,GPS_benchmark,10A,10,10A,10A,10A,10A,10A,10A,10A
SRR26879791,GPS_benchmark,22F,22,22F,22F,22F,22F,22F,22F,22F
SRR26931598,GPS_benchmark,7F,7,7F,7F,7A,7F/7A,7F,7F,7F
ERR13365151,GPS_benchmark,19F,19,19F,19F,19F,19F,19F,19F,19F
ERR2089792,GPS_benchmark,12F,12,12F,12F,12F,12F,12F,12F,12F
ERR319354,GPS_benchmark,6C,6,6C,6C,6D,6C/6D,6C,6C,6C
SRR26930711,GPS_benchmark,10A,10,10A,10A,10A,10A,10A,10A,10A
SRR26878226,GPS_benchmark,8,8,8,8,8,8,8,8,8
ERR14653958,GPS_benchmark,14,14,14,14,14,14,14,14,14
ERR2090968,GPS_benchmark,5,5,5,5,5,5,5,5,5
SRR26789638,GPS_benchmark,12F,12,12F,12F,12F,12F,12F,12F,12F
ERR913502,GPS_benchmark,23F,23,23F,23F,23F,23F,23F,23F,23F
ERR13364910,GPS_benchmark,7F,7,7F,7F,7A,7F/7A,7F,7F,7F
ERR331116,GPS_benchmark,6B,6,6B,6E,6E,Serogroup_6_(6E),6B,6B,6E(6B)
ERR730425,GPS_benchmark,29,29,29,29,Failed,"Below 70% hit - Poor Sequence quality, variant or non-typeable organism.",29,29,29
ERR913175,GPS_benchmark,34,34,34,34,34,34,34,34,34
ERR13366090,GPS_benchmark,22F,22,22F,22F,22F,22F,22F,22F,22F
ERR730234,GPS_benchmark,10A,10,10A,10A,10A,10A,10A,10A,10A
SRR26930868,GPS_benchmark,15C,15,15B,15C,15C,15B/15C,15B|15C,15C,15B/15C
ERR316913,GPS_benchmark,18C,18,18C,18C,18B,18C/18B,18C,18C,18C
SRR26594732,GPS_benchmark,12F,12,12F,12F,12F,12F,12F,12F,12F
ERR980301,GPS_benchmark,6A,6,6A,6A,6A,6A/6B,6A,6A,6A
ERR1065123,GPS_benchmark,19F,19,19F,19F,19F,19F,19F,19F,19F
SRR26911047,GPS_benchmark,12F,12,12F,12F,12F,12F,12F,12F,12F
ERR600417,GPS_benchmark,6B,6,6B,6E,6E,Serogroup_6_(6E),6B,6B,6E(6B)
SRR26789416,GPS_benchmark,11A,11,11E,11A,11A,11A/11D,11A,11A,11A
ERR997663,GPS_benchmark,14,14,14,14,14,14,14,14,14
ERR13365466,GPS_benchmark,16F,16,16F,16F,16F,16F,16F,16F,16F
ERR3270730,GPS_benchmark,10F,10,10F,10F,10F,10F,10F,10F,10F
ERR3655184,GPS_benchmark,14,14,14,14,14,14,14,14,14
ERR2091300,GPS_benchmark,33F,33,33F,33F,33F,33F/33A,33F,33F,33F
ERR913461,GPS_benchmark,18A,18,18A,18A,18A,18A,18A,18A,18A
SRR26930591,GPS_benchmark,33F,33,33F,33F,33F,33F/33A,33F,33F,33F
SRR26673027,GPS_benchmark,33F,33,33F,33F,33F,33F/33A,33F,33F,33A/33F
ERR3723326,GPS_benchmark,14,14,14,14,14,14,14,14,14
SRR26714302,GPS_benchmark,15A,15,15A,15A,15A,15A/15D,15A,15A,15A
ERR326394,GPS_benchmark,6A,6,6B,NT,Failed,Serogroup_6_(6E),6A,6A,6E(6A)
SRR26790001,GPS_benchmark,8,8,8,8,8,8,8,8,8
ERR311151,GPS_benchmark,5,5,5,5,5,5,5,5,5
SRR26834065,GPS_benchmark,12F,12,12F,12F,12F,12F,12F,12F,12F
ERR2667881,GPS_benchmark,1,1,1,1,1,1,1,1,1
ERR633065,GPS_benchmark,6A,6,6A,6A,6A,6A/6B,6A,6A,6A
ERR2667408,GPS_benchmark,6A,6,6A,6A,6A,6A/6B,6A,6A,6A
ERR13374930,GPS_benchmark,22F,22,22F,22F,22F,22F,22F,22F,22F
SRR26879639,GPS_benchmark,12F,12,12F,12F,12F,12F,12F,12F,12F
SRR26879997,GPS_benchmark,19A,19,19A,19A,19AF,19A,19A,19A,19A
SRR26749314,GPS_benchmark,33F,33,33F,33F,33F,33F/33A,33B,33F,33A/33F
ERR438972,GPS_benchmark,1,1,1,1,1,1,1,1,1
ERR326724,GPS_benchmark,1,1,1,1,1,1,1,1,1
SRR26931863,GPS_benchmark,23B,23,6A,23B,23B,23B,23B,23B,23B
SRR26789670,GPS_benchmark,12F,12,12F,12F,12F,12F,12F,12F,12F
SRR26833889,GPS_benchmark,9N,9,9N,9N,9N,9N/9L,9N,9N,9N
ERR13366240,GPS_benchmark,14,14,14,14,14,14,14,14,14
ERR730540,GPS_benchmark,6B,6,6B,6E,6E,Serogroup_6_(6E),6B,6B,6E(6B)
SRR26833860,GPS_benchmark,22F,22,22F,22F,22F,22F,22F,22F,22F
ERR884574,GPS_benchmark,19F,19,19F,19F,Failed,19F,19F,19F,19F
ERR1788312,GPS_benchmark,14,14,14,14,14,14,14,14,14
ERR3303458,GPS_benchmark,7F,7,7F,7F,7A,7F/7A,7F,7F,7F
ERR3899492,GPS_benchmark,14,14,19F,14,14,14,14,14,14
ERR633104,GPS_benchmark,1,1,1,1,1,1,1,1,1
SRR26790094,GPS_benchmark,15B,15,15B,15B,15C,15B/15C,15B,15B,15B/15C
ERR1453654,GPS_benchmark,11A,11,11A,11A,11A,11A/11D,11A,11A,11A
ERR425396,GPS_benchmark,6A,6,6A,6A,6A,6A/6B,6A,6A,6A
SRR26930213,GPS_benchmark,8,8,8,8,8,8,8,8,8
SRR26880260,GPS_benchmark,8,8,8,8,8,8,8,8,8
SRR26673512,GPS_benchmark,19A,19,19A,19A,Failed,"19A_19AF:  wzy not found in isolate, possible variant",19A,19A,19A
ERR13366148,GPS_benchmark,14,14,14,14,14,14,14,14,14
ERR869902,GPS_benchmark,14,14,14,14,Failed,14,14,14,14
ERR884694,GPS_benchmark,19A,19,19A,19A,19AF,19A,19A,19A,19A
ERR3303445,GPS_benchmark,5,5,5,5,5,5,5,5,5
ERR730929,GPS_benchmark,6A,6,6A,6A,6A,6A/6B,6A,6A,6A
ERR3899306,GPS_benchmark,14,14,14,14,14,14,14,14,14
ERR13364787,GPS_benchmark,22F,22,22F,22F,22F,22F,22F,22F,22F
ERR2089237,GPS_benchmark,16F,16,16F,16F,16F,"Below 70% hit - Poor Sequence quality, variant or non-typeable organism.",16F,16F,16F
SRR26880088,GPS_benchmark,8,8,8,8,8,8,8,8,8
ERR730798,GPS_benchmark,23F,23,23F,23F,23F,23F,23F,23F,23F
ERR730593,GPS_benchmark,6B,6,6B,6E,6E,Serogroup_6_(6E),6B,6B,6E(6B)
SRR26911213,GPS_benchmark,8,8,8,8,8,8,8,8,8
SRR26790175,GPS_benchmark,10A,10,10A,10A,10A,10A,10A,10A,10A
ERR2667168,GPS_benchmark,38,38,38,38,38,25F_25A_38,38,38,38
SRR26714256,GPS_benchmark,35B,35,35B,35B,35B,35B/35D,35B,35B,35B
ERR505585,GPS_benchmark,35F,35,7C,35F,35F,35F,35F,35F,35F
SRR26930975,GPS_benchmark,33F,33,33F,33F,33F,33F/33A,33F,33F,33F
ERR714112,GPS_benchmark,1,1,1,1,1,1,1,1,1
SRR26749674,GPS_benchmark,33F,33,33F,33F,33F,33F/33A,33F,33F,33A/33F
ERR13365664,GPS_benchmark,14,14,14,14,14,14,14,14,14
ERR773963,GPS_benchmark,6A,6,6A,6A,6A,6A/6B,6A,6A,6A
ERR730706,GPS_benchmark,14,14,14,14,14,14,14,14,14
ERR2668128,GPS_benchmark,5,5,5,5,5,5,5,5,5
ERR730543,GPS_benchmark,1,1,1,1,1,1,1,1,1
ERR2667862,GPS_benchmark,5,5,5,5,5,5,5,5,5
SRR26879443,GPS_benchmark,8,8,8,8,8,8,8,8,8
SRR26931506,GPS_benchmark,10A,10,14,10A,10A,10A,10A,10A,10A
SRR26818094,GPS_benchmark,19A,19,19A,19A,19A,19A,19A,19A,19A
SRR26673448,GPS_benchmark,35B,35,19F,35B,35B,35B/35D,35B,35B,35B
ERR13375121,GPS_benchmark,35B,35,35B,35B,35B,35B/35D,35B,35B,35B
ERR913301,GPS_benchmark,13,13,13,13,13,13,13,13,13
ERR600577,GPS_benchmark,4,4,4,4,4,4,4,4,4
ERR434047,GPS_benchmark,18C,18,18C,18C,18B,18C/18B,18C,18C,18C
SRR26910662,GPS_benchmark,33F,33,33F,33F,33F,33F/33A,33F,33F,33F
SRR26789820,GPS_benchmark,21,21,21,21,21,21,21,21,21
ERR869875,GPS_benchmark,35B,35,35B,35B,35B,35B/35D,35B,35B,35B
SRR26910345,GPS_benchmark,8,8,8,8,8,8,8,8,8
ERR7568061,GPS_benchmark,12F,12,12F,12F,12F,12F,12F,12F,12F
ERR13374606,GPS_benchmark,9V,9,9V,9V,9V,9A/9V,9V,9V,9V
SRR26797733,GPS_benchmark,19F,19,19F,19F,19F,19F,19F,19F,19F
ERR13364669,GPS_benchmark,19F,19,19F,19F,19F,19F,19F,19F,19F
SRR26789871,GPS_benchmark,8,8,8,8,8,8,8,8,8
ERR1202359,GPS_benchmark,1,1,1,1,1,1,1,1,1
SRR26818243,GPS_benchmark,12F,12,12F,12F,12F,12F,12F,12F,12F
SRR26878716,GPS_benchmark,7F,7,7F,7F,7A,7F/7A,7F,7F,7F
ERR742417,GPS_benchmark,14,14,14,14,14,14,14,14,14
ERR596424,GPS_benchmark,35B,35,35B,35B,35B,35B/35D,35B,35B,35B
SRR26594854,GPS_benchmark,9N,9,9N,9N,9N,9N/9L,9N,9N,9N
ERR3270776,GPS_benchmark,10F,10,10F,10F,10F,10F,10F,10F,10F
ERR433815,GPS_benchmark,1,1,1,1,1,1,1,1,1
ERR2853662,GPS_benchmark,19A,19,19A,19A,19A,19A,19A,19A,19A
SRR26818167,GPS_benchmark,8,8,8,8,8,8,8,8,8
SRR26789937,GPS_benchmark,12F,12,12F,12F,12F,12F,12F,12F,12F
ERR2680939,GPS_benchmark,14,14,14,14,14,14,14,14,14
ERR913514,GPS_benchmark,14,14,14,14,14,14,14,14,14
ERR425461,GPS_benchmark,12F,12,12F,12F,12F,12F,12F,12F,12F
SRR26594474,GPS_benchmark,8,8,8,8,8,8,8,8,8
SRR26672856,GPS_benchmark,17F,17,17F,17F,17F,17F,17F,17F,17F
SRR26594462,GPS_benchmark,12F,12,12F,12F,12F,12F,12F,12F,12F
ERR1795485,GPS_benchmark,20B,20,20B,20,20,20,20,20B,20
ERR884578,GPS_benchmark,19A,19,18C,19A,Failed,19A,19A,19A,19A
ERR742423,GPS_benchmark,22F,22,22F,22F,22F,22F,22F,22F,22F
ERR1594515,GPS_benchmark,12F,12,12F,12F,12F,12F,12F,12F,12F
ERR862394,GPS_benchmark,6B,6,6B,6E,Failed,Serogroup_6_(6E),6B,6B,6E(6B)
SRR26878027,GPS_benchmark,9N,9,9N,9N,9N,9N/9L,9N,9N,9N
ERR1422621,GPS_benchmark,23F,23,6A,23F,23F,23F,23F,23F,23F
SRR26834095,GPS_benchmark,15A,15,15A,15A,15A,15A/15D,15A,15A,15A
ERR13365894,GPS_benchmark,20A,20,20B,20,20,20,20,20B,20
ERR1214570,GPS_benchmark,19F,19,19F,19F,19F,19F,19F,19F,19F
ERR751157,GPS_benchmark,9V,9,9V,9V,9V,9A/9V,9V,9V,9V
SRR26834466,GPS_benchmark,19A,19,19A,19A,19AF,19A,19A,19A,19A
SRR26714904,GPS_benchmark,10A,10,10A,10A,10A,10A,10A,10A,10A
ERR13366030,GPS_benchmark,19F,19,19F,19F,19F,19F,19F,19F,19F
SRR26930442,GPS_benchmark,19F,19,19F,19F,19F,19F,19F,19F,19F
ERR884564,GPS_benchmark,18C,18,18C,18,Failed,18C/18B,18B,18C,18C
ERR2681032,GPS_benchmark,6A,6,6A,6A,6A,6A/6B,6A,6A,6A
SRR26834063,GPS_benchmark,22F,22,22F,22F,22F,22F,22F,22F,22F
ERR3795910,GPS_benchmark,14,14,14,14,14,14,14,14,14
ERR9796538,GPS_benchmark,34,34,34,34,34,34,34,34,34
ERR2667458,GPS_benchmark,6A,6,6A,6A,6A,6A/6B,6A,6A,6A
SRR26789678,GPS_benchmark,22F,22,22F,22F,22F,22F,22F,22F,22F
ERR600499,GPS_benchmark,18C,18,18C,18C,18B,18C/18B,18C,18C,18C
ERR13364640,GPS_benchmark,19F,19,19F,19F,19F,19F,19F,19F,19F
ERR1799731,GPS_benchmark,9V,9,9V,9V,9V,9A/9V,9V,9V,9V
ERR600285,GPS_benchmark,14,14,14,14,14,14,14,14,14
ERR505626,GPS_benchmark,9V,9,9V,9V,9V,9A/9V,9V,9V,9V
ERR600379,GPS_benchmark,1,1,1,1,1,1,1,1,1
ERR908939,GPS_benchmark,34,34,34,34,34,34,34,34,34
ERR774225,GPS_benchmark,9V,9,9V,9V,9V,9A/9V,9V,9V,9V
ERR568688,GPS_benchmark,19F,19,19F,19F,19F,19F,19F,19F,19F
SRR26673524,GPS_benchmark,8,8,8,8,8,8,8,8,8
ERR568545,GPS_benchmark,6B,6,6B,6E,6E,Serogroup_6_(6E),6B,6B,6E(6B)
ERR433648,GPS_benchmark,7F,7,7F,7F,7A,7F/7A,7F,7F,7F
ERR773994,GPS_benchmark,6B,6,6B,6E,6E,Serogroup_6_(6E),6B,6B,6E(6B)
ERR632984,GPS_benchmark,14,14,14,14,14,14,14,14,14
SRR26878727,GPS_benchmark,23B,23,23B,23B,23B,23B,23B,23B,23B
ERR2090612,GPS_benchmark,12F,12,12F,12F,12F,12F,12F,12F,12F
ERR4289094,GPS_benchmark,10F,10,10F,10F,10F,10F,10F,10F,10F
ERR13374840,GPS_benchmark,23A,23,23A,23A,23A,23A,23A,23A,23A
SRR26833986,GPS_benchmark,10A,10,10A,10A,10A,10A,10A,10A,10A
ERR1795458,GPS_benchmark,7F,7,7F,7F,7A,7F/7A,7F,7F,7F
ERR3217384,GPS_benchmark,16F,16,16F,16F,16F,"Below 70% hit - Poor Sequence quality, variant or non-typeable organism.",16F,16F,16F
ERR13365281,GPS_benchmark,22F,22,22F,22F,22F,22F,22F,22F,22F
SRR26749997,GPS_benchmark,19A,19,19A,19A,19A,19A,19A,19A,19A
ERR2667642,GPS_benchmark,5,5,5,5,5,5,5,5,5
ERR13374958,GPS_benchmark,20A,20,20A,20,20,20,20,20B,20
SRR26789278,GPS_benchmark,31,31,31,31,31,31,31,31,31
SRR26714828,GPS_benchmark,8,8,8,8,Failed,8,8,8,8
SRR26749769,GPS_benchmark,12F,12,12F,12F,12F,12F,12F,12F,12F
SRR26883923,GPS_benchmark,15A,15,16F,15A,15A,15A/15D,15A,15A,15A
SRR26797752,GPS_benchmark,34,34,34,34,34,34,34,34,34
ERR884586,GPS_benchmark,6B,6,6B,6E,Failed,Serogroup_6_(6E),6B,6B,6E(6B)
ERR13364544,GPS_benchmark,14,14,14,14,14,14,14,14,14
ERR632980,GPS_benchmark,19A,19,19A,19A,19AF,19A,19A,19A,19A
SRR26834000,GPS_benchmark,19A,19,19A,19A,19AF,19A,19A,19A,19A
ERR980090,GPS_benchmark,14,14,14,14,Failed,14,14,14,14
ERR1191838,GPS_benchmark,35B,35,35B,35B,35B,35B/35D,35B,35B,35B
ERR568527,GPS_benchmark,10A,10,10A,10A,10A,10A,10A,10A,10A
SRR26884280,GPS_benchmark,8,8,8,8,8,8,8,8,8
ERR633077,GPS_benchmark,14,14,14,14,14,14,14,14,14
ERR646557,GPS_benchmark,34,34,34,34,34,34,34,34,34
SRR26833787,GPS_benchmark,22F,22,22F,22F,22F,22F,22F,22F,22F
ERR1202341,GPS_benchmark,1,1,1,1,1,1,1,1,1
ERR8481883,GPS_benchmark,23B,23,23B,23B,23B,23B,23B,23B,23B
ERR2091059,GPS_benchmark,1,1,1,1,1,1,1,1,1
ERR1065666,GPS_benchmark,19F,19,19F,19F,19F,19F,19F,19F,19F
SRR26789982,GPS_benchmark,11A,11,11A,11A,11A,11A/11D,11A,11A,11A
ERR2089234,GPS_benchmark,31,31,31,31,31,31,31,31,31
ERR1202285,GPS_benchmark,14,14,14,14,14,14,14,14,14
ERR2681287,GPS_benchmark,14,14,14,14,14,14,14,14,14
ERR714319,GPS_benchmark,15A,15,15A,15A,15A,15A/15D,15A,15A,15A
SRR26879676,GPS_benchmark,8,8,8,8,8,8,8,8,8
ERR433641,GPS_benchmark,22F,22,22F,22F,22F,22F,22F,22F,22F
ERR869949,GPS_benchmark,5,5,5,5,5,5,5,5,5
SRR26931516,GPS_benchmark,9N,9,9N,9N,9N,9N/9L,9N,9N,9N
ERR750874,GPS_benchmark,5,5,5,5,5,5,5,5,5
ERR2667096,GPS_benchmark,14,14,14,14,14,14,14,14,14
ERR750775,GPS_benchmark,19F,19,19F,19F,19F,19F,19F,19F,19F
ERR13365629,GPS_benchmark,22F,22,22F,22F,22F,22F,22F,22F,22F
ERR1288904,GPS_benchmark,45,45,45,NT,45,45,45,45,45
SRR26930604,GPS_benchmark,9N,9,9N,9N,9N,9N/9L,9N,9N,9N
SRR26879828,GPS_benchmark,9N,9,9N,9N,9N,9N/9L,9N,9N,9N
ERR326744,GPS_benchmark,10A,10,10A,10A,10A,10A,10A,10A,10A
SRR26910296,GPS_benchmark,8,8,8,8,8,8,8,8,8
ERR4289116,GPS_benchmark,25F,25,25F,25F,25A,25F/25A,25F,25F,25F
SRR26910222,GPS_benchmark,10A,10,10A,10A,10A,10A,10A,10A,10A
SRR26797775,GPS_benchmark,19A,19,19A,19A,19A,19A,19A,19A,19A
ERR600364,GPS_benchmark,4,4,4,4,4,4,4,4,4
ERR2680926,GPS_benchmark,19F,19,19F,19F,19F,19F,19F,19F,19F
SRR26672865,GPS_benchmark,12F,12,12F,12F,12F,12F,12F,12F,12F
ERR3270838,GPS_benchmark,33F,33,33F,33F,33F,33F/33A,33F,33F,33A/37
SRR26714307,GPS_benchmark,15A,15,15A,15A,15A,15A/15D,15A,15A,15A
ERR8481791,GPS_benchmark,13,13,13,13,13,13,13,13,13
ERR1202528,GPS_benchmark,38,38,38,38,38,38,38,38,38
ERR1065572,GPS_benchmark,6C,6,6C,6C,6D,6C/6D,6C,6C,6C
ERR3303400,GPS_benchmark,23B,23,23B,NT,Failed,23B,23B,23B,23B
ERR13374698,GPS_benchmark,22F,22,22F,22F,22F,22F,22F,22F,22F
SRR26594938,GPS_benchmark,6C,6,6C,6C,6D,6C/6D,6C,6C,6C
ERR1422427,GPS_benchmark,19A,19,19A,19A,19A,19A,19A,19A,19A
SRR26910329,GPS_benchmark,15A,15,15A,15A,15A,15A/15D,15A,15A,15A
ERR1788177,GPS_benchmark,1,1,1,1,1,1,1,1,1
ERR714137,GPS_benchmark,5,5,5,5,5,5,5,5,5
SRR26878242,GPS_benchmark,20B,20,20B,20,20,20,20,20B,20
ERR1192118,GPS_benchmark,12F,12,12F,12F,12F,12F,12F,12F,12F
SRR26884351,GPS_benchmark,8,8,8,8,8,8,8,8,8
SRR26818420,GPS_benchmark,8,8,8,8,8,8,8,8,8
SRR26880000,GPS_benchmark,8,8,8,8,8,8,8,8,8
ERR909201,GPS_benchmark,19F,19,19F,19F,19F,19F,19F,19F,19F
ERR1214607,GPS_benchmark,33B,33,33B,33B,33B,"Mixed serotypes- {'33D', '33B'}",33B,33B,33D
ERR1192051,GPS_benchmark,21,21,21,21,21,21,21,21,21
ERR600375,GPS_benchmark,14,14,14,14,14,14,14,14,14
ERR433710,GPS_benchmark,19A,19,19A,19A,19A,19A,19A,19A,19A
SRR26931020,GPS_benchmark,1,1,1,1,1,1,1,1,1
ERR505500,GPS_benchmark,19F,19,19F,19F,19F,19F,19F,19F,19F
ERR979923,GPS_benchmark,1,1,1,1,1,1,1,1,1
ERR774530,GPS_benchmark,17F,17,17F,17F,17F,17F,17F,17F,17F
ERR338204,GPS_benchmark,19F,19,19F,NT,19F,"Below 70% hit - Poor Sequence quality, variant or non-typeable organism.",19F,19F,19F
ERR13365248,GPS_benchmark,14,14,14,14,14,14,14,14,14
SRR26797037,GPS_benchmark,22F,22,22F,22F,22F,22F,22F,22F,22F
SRR26884450,GPS_benchmark,17F,17,17F,17F,17F,17F,17F,17F,17F
ERR3227840,GPS_benchmark,1,1,1,1,1,1,1,1,1
ERR2089225,GPS_benchmark,5,5,5,5,5,5,5,5,5
ERR884372,GPS_benchmark,14,14,14,14,14,14,14,14,14
SRR26910687,GPS_benchmark,6C,6,6C,6C,6D,6C/6D,6C,6C,6C
ERR1422401,GPS_benchmark,28A,28,28A,NT,28F,28F/28A,28A,28A,28A
ERR2091161,GPS_benchmark,33F,33,33F,33F,33F,33F/33A,33F,33F,33F
ERR1788538,GPS_benchmark,16F,16,16F,16F,16F,16F,16F,16F,16F
ERR13375113,GPS_benchmark,9N,9,9N,9N,9N,9N/9L,9N,9N,9N
SRR26594256,GPS_benchmark,12F,12,12F,12F,12F,12F,12F,12F,12F
SRR26789359,GPS_benchmark,22F,22,22F,22F,22F,22F,22F,22F,22F
ERR884632,GPS_benchmark,14,14,14,14,Failed,"Below 70% hit - Poor Sequence quality, variant or non-typeable organism.",14,14,14
ERR516668,GPS_benchmark,6A,6,6A,6A,6A,6A/6B,6A,6A,6A
ERR2680880,GPS_benchmark,19F,19,19F,19F,19F,19F,19F,19F,19F
ERR925087,GPS_benchmark,23F,23,23F,23F,23F,23F,23F,23F,23F
ERR2091286,GPS_benchmark,12F,12,12F,12F,12F,12F,12F,12F,12F
ERR568692,GPS_benchmark,19F,19,19F,19F,19F,19F,19F,19F,19F
SRR26818545,GPS_benchmark,7C,7,7C,7C,7C,7C,7C,7C,7C
SRR26672870,GPS_benchmark,8,8,8,8,8,8,8,8,8
ERR1202621,GPS_benchmark,14,14,14,14,14,14,14,14,14
ERR1214656,GPS_benchmark,14,14,14,14,14,14,14,14,14
SRR26714915,GPS_benchmark,8,8,8,8,8,8,8,8,8
ERR2667588,GPS_benchmark,1,1,1,1,1,1,1,1,1
SRR26878059,GPS_benchmark,27,27,27,27,27,27,27,27,27
ERR1540810,GPS_benchmark,15A,15,15A,15A,15A,15A/15D,15A,15A,15A
ERR13365829,GPS_benchmark,19F,19,6B,19F,19F,19F,19F,19F,19F
ERR316832,GPS_benchmark,19F,19,6B,19F,Failed,19F,19F,19F,19F
SRR26833616,GPS_benchmark,12F,12,12F,12F,12F,12F,12F,12F,12F
ERR925074,GPS_benchmark,6B,6,6B,6E,Failed,Serogroup_6_(6E),6B,6B,6E(6B)
SRR26818638,GPS_benchmark,8,8,8,8,8,8,8,8,8
ERR505604,GPS_benchmark,19F,19,19F,19F,Failed,19F,19F,19F,19F
SRR26884142,GPS_benchmark,8,8,8,8,8,8,8,8,8
ERR714468,GPS_benchmark,9V,9,9V,9V,9V,9A/9V,9V,9V,9V
ERR1065673,GPS_benchmark,6B,6,6B,6E,6E,Serogroup_6_(6E),6B,6B,6E(6B)
ERR662454,GPS_benchmark,4,4,4,4,4,4,4,4,4
SRR26672778,GPS_benchmark,8,8,8,8,8,8,8,8,8
ERR2091026,GPS_benchmark,5,5,5,5,5,5,5,5,5
SRR26878512,GPS_benchmark,22F,22,22F,22F,22F,22F,22F,22F,22F
ERR774288,GPS_benchmark,1,1,1,1,1,1,1,1,1
SRR26877759,GPS_benchmark,8,8,8,8,8,8,8,8,8
SRR26930730,GPS_benchmark,14,14,14,14,14,14,14,14,14
SRR26594849,GPS_benchmark,7F,7,7F,7F,7A,7F/7A,7F,7F,7F
ERR884668,GPS_benchmark,19F,19,19F,19F,19F,19F,19F,19F,19F
SRR26789298,GPS_benchmark,23F,23,23F,23F,23F,23F,23F,23F,23F
ERR1065417,GPS_benchmark,23F,23,23F,23F,23F,23F,23F,23F,23F
SRR26911201,GPS_benchmark,17F,17,17F,17F,17F,17F,17F,17F,17F
ERR2680914,GPS_benchmark,13,13,13,13,13,13,13,13,13
SRR26884441,GPS_benchmark,11A,11,11A,11A,11A,11A/11D,11A,11A,11A
SRR26594407,GPS_benchmark,15A,15,15A,15A,15A,15A/15D,15A,15A,15A
SRR26884732,GPS_benchmark,23B,23,23B,23B1,23B1,23B,23B,23B,23B1
ERR909034,GPS_benchmark,34,34,34,34,34,34,34,34,34
SRR26789940,GPS_benchmark,8,8,8,8,8,8,8,8,8
SRR26818565,GPS_benchmark,22F,22,22F,22F,22F,22F,22F,22F,22F
ERR1106633,GPS_benchmark,1,1,1,1,1,1,1,1,1
ERR900705,GPS_benchmark,6B,6,6B,6E,6E,Serogroup_6_(6E),6B,6B,6E(6B)
ERR13374720,GPS_benchmark,10B,10,10B,10B,10B,10B,10B,10B,10B
ERR2681304,GPS_benchmark,23A,23,23A,23A,23A,23A,23A,23A,23A
SRR26749502,GPS_benchmark,22F,22,22F,22F,22F,22F,22F,22F,22F
ERR870301,GPS_benchmark,22A,22,22A,22A,22A,22A,22A,22A,22A
ERR1191939,GPS_benchmark,12F,12,12F,12F,12F,12F,12F,12F,12F
SRR26818024,GPS_benchmark,20B,20,20B,20,20,20,20,20B,20
ERR2091221,GPS_benchmark,5,5,5,5,5,5,5,5,5
SRR26880028,GPS_benchmark,8,8,8,8,8,8,8,8,8
ERR505672,GPS_benchmark,23A,23,23A,23A,Failed,23A,23A,23A,23A
SRR26749185,GPS_benchmark,38,38,38,38,38,38,38,38,38
SRR26884155,GPS_benchmark,19F,19,19F,19F,19F,19F,19F,19F,19F
ERR662439,GPS_benchmark,8,8,8,8,8,8,8,8,8
ERR3899322,GPS_benchmark,5,5,5,5,5,5,5,5,5
SRR26911198,GPS_benchmark,8,8,10A,8,8,8,8,8,8
ERR2089858,GPS_benchmark,5,5,5,5,5,5,5,5,5
SRR26789463,GPS_benchmark,7C,7,7C,7C,7C,7C,7C,7C,7C
ERR908861,GPS_benchmark,6B,6,6B,6E,6E,Serogroup_6_(6E),6B,6B,6E(6B)
ERR1453391,GPS_benchmark,6B,6,6B,6E,6E,Serogroup_6_(6E),6B,6B,6E(6B)
ERR730766,GPS_benchmark,8,8,8,8,8,8,8,8,8
ERR13365688,GPS_benchmark,22F,22,22F,22F,22F,22F,22F,22F,22F
SRR26877894,GPS_benchmark,10A,10,10A,10A,10A,10A,10A,10A,10A
SRR26879451,GPS_benchmark,20B,20,20B,20,20,20,20,20B,20
ERR1192017,GPS_benchmark,18A,18,18A,18A,18A,18A,18A,18A,18A
ERR884567,GPS_benchmark,19A,19,19A,19A,Failed,19A,19A,19A,19A
ERR568524,GPS_benchmark,12F,12,46,12F,12F,12F,12F,12F,12F
ERR742353,GPS_benchmark,19A,19,19A,19A,19A,19A,19A,19A,19A
ERR570452,GPS_benchmark,1,1,1,1,1,1,1,1,1
SRR26797452,GPS_benchmark,19F,19,19F,19F,19F,19F,19F,19F,19F
ERR2089113,GPS_benchmark,13,13,13,13,13,13,13,13,13
ERR774582,GPS_benchmark,1,1,1,1,1,1,1,1,1
ERR316669,GPS_benchmark,23F,23,23F,23F,23F,23F,23F,23F,23F
ERR501567,GPS_benchmark,10B,10,10B,10B,Failed,10B,10B,10B,10B
ERR2090544,GPS_benchmark,1,1,1,1,1,1,1,1,1
SRR26789582,GPS_benchmark,22F,22,22F,22F,22F,22F,22F,22F,22F
ERR340889,GPS_benchmark,7F,7,7F,7F,7A,7F/7A,7F,7F,7F
ERR1192137,GPS_benchmark,21,21,12F,21,21,21,21,21,21
SRR26877858,GPS_benchmark,22F,22,22F,22F,22F,22F,22F,22F,22F
ERR997504,GPS_benchmark,34,34,34,34,34,34,34,34,34
SRR26833638,GPS_benchmark,8,8,8,8,8,8,8,8,8
SRR26911011,GPS_benchmark,23B,23,23B,23B,23B,23B,23B,23B,23B
ERR774271,GPS_benchmark,1,1,1,1,1,1,1,1,1
ERR2089870,GPS_benchmark,14,14,14,14,14,14,14,14,14
SRR26714822,GPS_benchmark,15B,15,15B,15C,15B,15B/15C,15B|15C,15B,15B/15C
SRR26878703,GPS_benchmark,22F,22,22F,22F,22F,22F,22F,22F,22F
SRR26910593,GPS_benchmark,10A,10,10A,10A,10A,10A,10A,10A,10A
SRR26883793,GPS_benchmark,9N,9,9N,9N,9N,9N/9L,9N,9N,9N
ERR7567962,GPS_benchmark,14,14,14,14,14,14,14,14,14
ERR13364383,GPS_benchmark,14,14,14,14,14,14,14,14,14
SRR26930543,GPS_benchmark,9N,9,9N,9N,9N,9N/9L,9N,9N,9N
ERR774607,GPS_benchmark,5,5,5,5,5,5,5,5,5
ERR714190,GPS_benchmark,19F,19,19F,19F,19F,19F,19F,19F,19F
SRR26789632,GPS_benchmark,11A,11,11A,11A,11A,11A/11D,11A,11A,11A
SRR26749525,GPS_benchmark,8,8,8,8,8,8,8,8,8
SRR26884125,GPS_benchmark,9N,9,9N,9N,9N,9N/9L,9N,9N,9N
ERR714156,GPS_benchmark,1,1,1,1,1,1,1,1,1
SRR26884182,GPS_benchmark,8,8,8,8,8,8,8,8,8
SRR26818390,GPS_benchmark,12F,12,12F,12F,12F,12F,12F,12F,12F
ERR869894,GPS_benchmark,6B,6,6B,6E,6E,Serogroup_6_(6E),6B,6B,6E(6B)
ERR13365669,GPS_benchmark,14,14,14,14,14,14,14,14,14
ERR13374900,GPS_benchmark,9N,9,9N,9N,9N,9N/9L,9N,9N,9N
ERR632908,GPS_benchmark,4,4,4,4,4,4,4,4,4
SRR26878455,GPS_benchmark,8,8,8,8,8,8,8,8,8
SRR26818348,GPS_benchmark,7C,7,7C,7C,7C,7C,7C,7C,7C
SRR26797948,GPS_benchmark,8,8,8,8,8,8,8,8,8
SRR26789553,GPS_benchmark,12F,12,12F,12F,12F,12F,12F,12F,12F
SRR26833667,GPS_benchmark,10A,10,10A,10A,10A,10A,10A,10A,10A
SRR26594679,GPS_benchmark,19F,19,19F,19F,19F,19F,19F,19F,19F
ERR3303223,GPS_benchmark,10A,10,10A,10A,10A,10A,10A,10A,10A
SRR26714586,GPS_benchmark,38,38,38,38,38,38,38,38,38
ERR925032,GPS_benchmark,19F,19,19F,19F,19F,19F,19F,19F,19F
SRR26817941,GPS_benchmark,8,8,8,8,8,8,8,8,8
ERR505710,GPS_benchmark,6C,6,6C,6C,6D,6C/6D,6C,6C,6C
SRR26594473,GPS_benchmark,12F,12,12F,12F,12F,12F,12F,12F,12F
SRR26673219,GPS_benchmark,8,8,8,8,Failed,8,8,8,8
ERR600235,GPS_benchmark,19F,19,19F,19F,19F,19F,19F,19F,19F
SRR26930424,GPS_benchmark,4,4,4,4,4,4,4,4,4
ERR2667736,GPS_benchmark,6A,6,12F,6A,6B,6A/6B,6A,6A,6A
ERR331402,GPS_benchmark,7F,7,7F,7F,7A,7F/7A,7F,7F,7F
ERR570445,GPS_benchmark,14,14,14,14,14,14,14,14,14
ERR13374691,GPS_benchmark,7C,7,14,7C,7C,7C,7C,7C,7C
ERR1065264,GPS_benchmark,18C,18,18C,18C,18B,18C/18B,18C,18C,18C
ERR13374680,GPS_benchmark,19F,19,19F,19F,Failed,19F,19F,19F,19F
ERR449120,GPS_benchmark,12F,12,12F,12F,12F,12F,12F,12F,12F
ERR2667609,GPS_benchmark,1,1,1,1,1,1,1,1,1
ERR774335,GPS_benchmark,19F,19,19F,19F,19F,19F,19F,19F,19F
ERR662441,GPS_benchmark,7F,7,7F,7F,7A,7F/7A,7F,7F,7F
SRR26878488,GPS_benchmark,8,8,8,8,8,8,8,8,8
ERR600195,GPS_benchmark,22F,22,22F,22F,22F,22F,22F,22F,22F
SRR26789792,GPS_benchmark,12F,12,12F,12F,12F,12F,12F,12F,12F
SRR26931841,GPS_benchmark,16F,16,16F,16F,16F,16F,16F,16F,16F
SRR26714574,GPS_benchmark,8,8,8,8,8,8,8,8,8
SRR26880105,GPS_benchmark,8,8,8,8,8,8,8,8,8
ERR433545,GPS_benchmark,12F,12,12F,12F,12F,12F,12F,12F,12F
SRR26750041,GPS_benchmark,20B,20,20B,20,20,20,20,20B,20
ERR742347,GPS_benchmark,22F,22,22F,22F,22F,22F,22F,22F,22F
ERR13374942,GPS_benchmark,15C,15,15B,15C,15C,15B/15C,15B|15C,15C,15B/15C
ERR2667718,GPS_benchmark,9V,9,9V,9V,9V,9A/9V,9V,9V,9V
SRR26789314,GPS_benchmark,12F,12,12F,12F,12F,12F,12F,12F,12F
SRR26749353,GPS_benchmark,33F,33,33F,33F,33F,33F/33A,33F,33F,33F
ERR774617,GPS_benchmark,6A,6,6A,6A,6A,6A_6B_6C_6D,6A,6A,6A
SRR26931032,GPS_benchmark,33F,33,33F,33F,33F,33F/33A,33F,33F,33F
ERR714505,GPS_benchmark,19F,19,19F,19F,19F,19F,19F,19F,19F
SRR26833930,GPS_benchmark,11A,11,11A,11A,11A,11A/11D,11A,11A,11A
SRR26673390,GPS_benchmark,8,8,8,8,8,8,8,8,8
SRR26797499,GPS_benchmark,8,8,8,8,8,8,8,8,8
SRR26931615,GPS_benchmark,8,8,8,8,8,8,8,8,8
SRR26714077,GPS_benchmark,22F,22,22F,22F,22F,22F,22F,22F,22F
ERR774376,GPS_benchmark,1,1,1,1,1,1,1,1,1
ERR773973,GPS_benchmark,12F,12,12F,12F,12F,12F,12F,12F,12F
ERR2680929,GPS_benchmark,6A,6,6A,6A,6A,6A/6B,6A,6A,6A
ERR876654,GPS_benchmark,6B,6,6B,6B,6A,6A/6B,6B,6B,6B
ERR1799762,GPS_benchmark,38,38,25F,NT,38,25F_25A_38,38,38,38
ERR870109,GPS_benchmark,11E,11,11A,11A,11D,11A/11D,11A,11E,11A
ERR870017,GPS_benchmark,19F,19,19F,19F,19F,19F,19F,19F,19F
ERR449202,GPS_benchmark,14,14,14,14,14,14,14,14,14
ERR900658,GPS_benchmark,19F,19,19F,19F,19F,19F,19F,19F,19F
ERR925127,GPS_benchmark,5,5,5,5,5,5,5,5,5
ERR2667541,GPS_benchmark,14,14,14,14,14,14,14,14,14
ERR908960,GPS_benchmark,6A,6,6A,6A,6A,6A/6B,6A,6A,6A
ERR751068,GPS_benchmark,14,14,14,14,14,14,14,14,14
SRR26884147,GPS_benchmark,7C,7,7C,7C,7C,7C,7C,7C,7C
ERR13365253,GPS_benchmark,19F,19,19F,19F,19F,19F,19F,19F,19F
SRR26884418,GPS_benchmark,9V,9,9V,9V,9V,9A/9V,9V,9V,9V
ERR774075,GPS_benchmark,1,1,1,1,1,1,1,1,1
SRR26714099,GPS_benchmark,12F,12,12F,12F,Failed,12F,12F,12F,12F
SRR26797332,GPS_benchmark,9N,9,9N,9N,9N,9N/9L,9N,9N,9N
ERR505662,GPS_benchmark,19F,19,4,23B1,19AF,19A_19AF,19A,19F,23B1
SRR26797090,GPS_benchmark,38,38,38,38,38,38,38,38,38
ERR714181,GPS_benchmark,5,5,5,5,5,5,5,5,5
SRR26910496,GPS_benchmark,8,8,8,8,8,8,8,8,8
SRR26878420,GPS_benchmark,8,8,8,8,8,8,8,8,8
SRR26930951,GPS_benchmark,19A,19,19A,19A,19A,19A,19A,19A,19A
ERR2667941,GPS_benchmark,1,1,1,1,1,1,1,1,1
ERR2089876,GPS_benchmark,1,1,1,1,1,1,1,1,1
ERR586379,GPS_benchmark,14,14,9V,14,14,14,14,14,14
ERR701822,GPS_benchmark,14,14,14,14,14,14,14,14,14
SRR26834434,GPS_benchmark,12F,12,12F,12F,12F,12F,12F,12F,12F
ERR2090424,GPS_benchmark,10B,10,10B,10B,10B,10B,10B,10B,10B
ERR1066217,GPS_benchmark,9V,9,9V,9V,9V,9A/9V,9V,9V,9V
ERR1795493,GPS_benchmark,1,1,1,1,1,1,1,1,1
SRR26833555,GPS_benchmark,10A,10,10A,10A,10A,10A,10A,10A,10A
ERR505750,GPS_benchmark,19A,19,19A,19A,19A,19A,19A,19A,19A
ERR925028,GPS_benchmark,38,38,38,38,38,38,38,38,38
SRR26879691,GPS_benchmark,19A,19,19A,19A,19AF,19A,19A,19A,19A
SRR26880427,GPS_benchmark,7C,7,7C,7C,7C,7C,7C,7C,7C
ERR2090776,GPS_benchmark,16F,16,16F,16F,16F,16F,16F,16F,16F
SRR26834518,GPS_benchmark,16F,16,16F,16F,16F,16F,16F,16F,16F
ERR869917,GPS_benchmark,3,3,3,3,3,"Below 70% hit - Poor Sequence quality, variant or non-typeable organism.",3,3,3
SRR26818213,GPS_benchmark,21,21,21,21,21,21,21,21,21
ERR8481843,GPS_benchmark,10A,10,10A,10A,10A,10A,10A,10A,10A
ERR913410,GPS_benchmark,13,13,13,13,13,13,13,13,13
ERR869833,GPS_benchmark,9V,9,9V,9V,9V,9A/9V,9V,9V,9V
SRR26789894,GPS_benchmark,9V,9,9V,9V,9V,9A/9V,9V,9V,9A
ERR2089756,GPS_benchmark,33F,33,33F,33F,33F,33F/33A,33F,33F,FAILED
ERR2090958,GPS_benchmark,5,5,5,5,5,5,5,5,5
SRR26594791,GPS_benchmark,21,21,21,21,21,21,21,21,21
SRR26673622,GPS_benchmark,33F,33,33F,33F,Failed,33F/33A,33F,33F,33F
ERR13374991,GPS_benchmark,19F,19,9V,19F,19F,19F,19F,19F,19F
ERR980342,GPS_benchmark,9V,9,9V,9V,9V,9A/9V,9V,9V,9V
ERR736925,GPS_benchmark,6A,6,6A,6A,Failed,6A/6B,6A,6A,6A
ERR1065781,GPS_benchmark,7C,7,7C,7C,7C,7C,7C,7C,7C
ERR3270710,GPS_benchmark,6B,6,6B,6E,6E,Serogroup_6_(6E),6B,6B,6E(6B)
ERR751029,GPS_benchmark,5,5,5,5,5,5,5,5,5
ERR2091103,GPS_benchmark,9V,9,9V,9V,9V,9A/9V,9V,9V,9V
SRR26818224,GPS_benchmark,9N,9,9N,9N,9N,9N/9L,9N,9N,9N
SRR26714882,GPS_benchmark,20B,20,20B,20,20,20,20,20B,20
ERR13364915,GPS_benchmark,19F,19,19F,19F,19F,19F,19F,19F,19F
ERR505884,GPS_benchmark,7F,7,7F,7F,7F,7F/7A,7F,7F,7F
SRR26714821,GPS_benchmark,22F,22,22F,22F,22F,22F,22F,22F,22F
SRR26797875,GPS_benchmark,15C,15,15C,15C,15B,15B/15C,15B|15C,15C,15B/15C
ERR338182,GPS_benchmark,19F,19,19F,19F,19F,19F,19F,19F,19F
ERR870197,GPS_benchmark,14,14,14,14,14,14,14,14,14
SRR26714997,GPS_benchmark,8,8,8,8,8,8,8,8,8
SRR26880268,GPS_benchmark,9N,9,9N,9N,9N,9N/9L,9N,9N,9N
ERR1658251,GPS_benchmark,6B,6,6B,6E,6E,Serogroup_6_(6E),6B,6B,6E(6B)
SRR26673573,GPS_benchmark,12F,12,12F,12F,12F,12F,12F,12F,12F
SRR26749687,GPS_benchmark,33F,33,33F,33F,Failed,33F/33A,33F,33F,33F
SRR26878216,GPS_benchmark,19A,19,19A,19A,19AF,19A,19A,19A,19A
ERR13365033,GPS_benchmark,14,14,14,14,14,14,14,14,14
ERR701782,GPS_benchmark,1,1,1,1,1,1,1,1,1
SRR26673054,GPS_benchmark,22F,22,22F,22F,22F,22F,22F,22F,22F
ERR13375074,GPS_benchmark,20A,20,20A,20,20,20,20,20B,20
SRR26884522,GPS_benchmark,9N,9,9N,9N,9N,9N/9L,9N,9N,9N
ERR13365520,GPS_benchmark,23B,23,23B,23B,23B,23B,23B,23B,23B
ERR870318,GPS_benchmark,1,1,1,1,1,1,1,1,1
SRR26714119,GPS_benchmark,8,8,8,8,8,8,8,8,8
ERR2090287,GPS_benchmark,16F,16,16F,16F,16F,16F,16F,16F,16F
ERR751133,GPS_benchmark,6B,6,6B,6E,6E,Serogroup_6_(6E),6B,6B,6E(6B)
ERR2090681,GPS_benchmark,5,5,5,5,5,5,5,5,5
ERR13365573,GPS_benchmark,8,8,8,8,8,8,8,8,8
ERR1065847,GPS_benchmark,7C,7,7C,7C,7C,7C,7C,7C,7C
SRR26879963,GPS_benchmark,8,8,8,8,8,8,8,8,8
ERR979922,GPS_benchmark,1,1,1,1,1,1,1,1,1
ERR845762,GPS_benchmark,14,14,14,14,Failed,14,14,14,14
SRR26749933,GPS_benchmark,8,8,8,8,8,8,8,8,8
ERR774564,GPS_benchmark,15A,15,15A,15A,15A,15A/15D,15A,15A,15A
ERR774515,GPS_benchmark,35D,35,35B,35D,35B,35B/35D,35D,35D,35B
SRR26910494,GPS_benchmark,9N,9,9N,9N,9N,9N/9L,9N,9N,9N
ERR3795755,GPS_benchmark,14,14,14,14,14,14,14,14,14
ERR980183,GPS_benchmark,10A,10,10A,10A,10A,10A,10A,coverage too low,10A
ERR876785,GPS_benchmark,14,14,14,14,14,14,14,14,14
ERR13364607,GPS_benchmark,9V,9,9V,9V,9V,9A/9V,9V,9V,9V
SRR26910731,GPS_benchmark,6B,6,6B,6E,Failed,"Below 70% hit - Poor Sequence quality, variant or non-typeable organism.",6B,6B,6E(6B)
SRR26673535,GPS_benchmark,12F,12,12F,12F,12F,12F,12F,12F,12F
SRR26818414,GPS_benchmark,8,8,8,8,8,8,8,8,8
ERR870263,GPS_benchmark,11B,11,11B,11B,11B,11B/11C,11B,11B,11B
SRR26931431,GPS_benchmark,33F,33,33F,33F,33F,33F/33A,33F,33F,33A/33F
SRR26789441,GPS_benchmark,7F,7,7F,7F,7A,7F/7A,7F,7F,7F
ERR570443,GPS_benchmark,6A,6,6A,6A,6A,6A/6B,6A,6A,6A
ERR433843,GPS_benchmark,5,5,5,5,5,5,5,5,5
SRR26673651,GPS_benchmark,8,8,8,8,8,8,8,8,8
ERR869997,GPS_benchmark,10B,10,10B,10B,10B,10B,10B,10B,10B
SRR26714249,GPS_benchmark,15A,15,15A,15A,15A,15A/15D,15A,15A,15A
SRR26877908,GPS_benchmark,8,8,8,8,8,8,8,8,8
SRR26789438,GPS_benchmark,11A,11,11A,11A,11D,11A/11D,11A,11A,11A
SRR26789842,GPS_benchmark,8,8,8,8,8,8,8,8,8
ERR1540794,GPS_benchmark,16F,16,23B,16F,16F,"Below 70% hit - Poor Sequence quality, variant or non-typeable organism.",16F,16F,16F
SRR26817804,GPS_benchmark,12F,12,12F,12F,12F,12F,12F,12F,12F
SRR26749780,GPS_benchmark,20B,20,20B,20,20,20,20,20B,20
ERR774224,GPS_benchmark,6B,6,6B,6E,6E,Serogroup_6_(6E),6B,6B,6E(6B)
ERR751101,GPS_benchmark,6B,6,6B,6B,6A,6A/6B,6B,6B,6B
SRR26833580,GPS_benchmark,12F,12,12F,12F,12F,12F,12F,12F,12F
SRR26817739,GPS_benchmark,8,8,8,8,8,8,8,8,8
ERR750901,GPS_benchmark,29,29,29,29,29,29,29,29,29
ERR1065796,GPS_benchmark,12F,12,12F,12F,12F,12F,12F,12F,12F
SRR26797761,GPS_benchmark,12F,12,12F,12F,12F,12F,12F,12F,12F
SRR26750138,GPS_benchmark,33F,33,33F,33F,33F,33F/33A,33F,33F,33A/33F
ERR1540697,GPS_benchmark,16F,16,16F,16F,16F,"Below 70% hit - Poor Sequence quality, variant or non-typeable organism.",16F,16F,16F
ERR2091202,GPS_benchmark,5,5,5,5,5,5,5,5,5
ERR13365183,GPS_benchmark,14,14,14,14,14,14,14,14,14
SRR26884547,GPS_benchmark,9N,9,9N,9N,9N,9N/9L,9N,9N,9N
ERR13364762,GPS_benchmark,1,1,1,1,1,1,1,1,1
ERR730786,GPS_benchmark,23F,23,23F,23F,23F,23F,23F,23F,23F
ERR600084,GPS_benchmark,7F,7,7F,7F,7A,7F/7A,7F,7F,7F
ERR3303386,GPS_benchmark,21,21,21,21,21,21,21,21,21
ERR730931,GPS_benchmark,14,14,14,14,14,14,14,14,14
ERR3899231,GPS_benchmark,14,14,14,14,14,14,14,14,14
SRR26878499,GPS_benchmark,8,8,8,8,8,8,8,8,8
SRR26749182,GPS_benchmark,8,8,8,8,8,8,8,8,8
SRR26879657,GPS_benchmark,12F,12,12F,12F,12F,12F,12F,12F,12F
SRR26818252,GPS_benchmark,7C,7,7C,7C,7C,7C,7C,7C,7C
ERR568777,GPS_benchmark,6C,6,6C,6C,6D,6C/6D,6C,6C,6C
SRR26797260,GPS_benchmark,8,8,8,8,8,8,8,8,8
ERR316613,GPS_benchmark,6A,6,6A,6A,6A,6A_6B_6C_6D,6A,6A,6A
ERR13374868,GPS_benchmark,22F,22,22F,22F,22F,22F,22F,22F,22F
ERR505698,GPS_benchmark,14,14,14,14,14,14,14,14,14
SRR26931019,GPS_benchmark,22F,22,22F,22F,22F,22F,22F,22F,22F
ERR316607,GPS_benchmark,9V,9,14,9V,9V,9A/9V,9V,9V,9V
ERR2090372,GPS_benchmark,28A,28,28A,28A,28F,28F/28A,28A,28A,28A
ERR600392,GPS_benchmark,12F,12,12F,12F,12F,12F,12F,12F,12F
ERR730370,GPS_benchmark,19F,19,19F,19F,19F,19F,19F,19F,19F
SRR26931469,GPS_benchmark,33F,33,33F,33F,33F,33F/33A,33F,33F,33F
SRR26672783,GPS_benchmark,19A,19,19A,19A,19AF,19A,19A,19A,19A
SRR26594545,GPS_benchmark,22F,22,22F,22F,22F,22F,22F,22F,22F
ERR13365800,GPS_benchmark,9N,9,9N,9N,9N,9N/9L,9N,9N,9N
ERR2089318,GPS_benchmark,17F,17,17F,17F,17F,17F,17F,17F,17F
SRR26790115,GPS_benchmark,8,8,8,8,8,8,8,8,8
SRR26931800,GPS_benchmark,22F,22,22F,22F,22F,22F,22F,22F,22F
ERR876483,GPS_benchmark,14,14,14,14,14,14,14,14,14
ERR909030,GPS_benchmark,34,34,34,34,34,34,34,34,34
ERR326395,GPS_benchmark,6B,6,6B,23B1,Failed,Serogroup_6_(6E),6B,6B,6E(6B)
ERR714229,GPS_benchmark,1,1,1,1,1,1,1,1,1
SRR26931309,GPS_benchmark,8,8,8,8,8,8,8,8,8
ERR505483,GPS_benchmark,19F,19,6A,19F,19F,19F,19F,19F,19F
SRR26877785,GPS_benchmark,22F,22,22F,22F,22F,22F,22F,22F,22F
SRR26749445,GPS_benchmark,8,8,8,8,8,8,8,8,8
SRR26879663,GPS_benchmark,8,8,8,8,Failed,8,8,8,8
ERR913400,GPS_benchmark,21,21,21,21,21,21,21,21,21
ERR979969,GPS_benchmark,6A,6,6A,6A,6A,6A/6B,6A,6A,6A
SRR26880176,GPS_benchmark,20B,20,20B,20,20,20,20,20B,20
ERR980224,GPS_benchmark,33F,33,33F,33F,33F,33F/33A,33F,33F,33F
ERR1202288,GPS_benchmark,5,5,5,5,5,5,5,5,5
ERR13364756,GPS_benchmark,9V,9,9V,9V,9V,9A/9V,9V,9V,9V
SRR26880323,GPS_benchmark,16F,16,16F,16F,16F,16F,16F,16F,16F
ERR2089248,GPS_benchmark,19F,19,19F,19F,19F,19F,19F,19F,19F
ERR2681009,GPS_benchmark,19F,19,19F,19F,19F,19F,19F,19F,19F
SRR26714982,GPS_benchmark,11E,11,11E,11A,11A,11A/11D,11A,11E,11A
ERR2091106,GPS_benchmark,14,14,14,14,14,14,14,14,14
SRR26931790,GPS_benchmark,8,8,8,8,8,8,8,8,8
SRR26930518,GPS_benchmark,12F,12,12F,12F,12F,12F,12F,12F,12F
ERR714664,GPS_benchmark,6A,6,6A,6A,6A,6A/6B,6A,6A,6A
SRR26879493,GPS_benchmark,16F,16,16F,16F,16F,16F,16F,16F,16F
SRR26910636,GPS_benchmark,15A,15,15A,15A,15A,15A/15D,15A,15A,15A
ERR2091187,GPS_benchmark,21,21,21,21,21,21,21,21,21
SRR26673336,GPS_benchmark,8,8,8,8,8,8,8,8,8
ERR13365638,GPS_benchmark,14,14,14,14,14,14,14,14,14
ERR13364903,GPS_benchmark,19A,19,19A,19A,Failed,19A,19A,19A,19A
ERR501593,GPS_benchmark,10B,10,10B,10B,10B,10B,10B,10B,10B
ERR13364372,GPS_benchmark,14,14,14,14,14,14,14,14,14
ERR1453432,GPS_benchmark,16F,16,16F,16F,16F,"Below 70% hit - Poor Sequence quality, variant or non-typeable organism.",16F,16F,16F
SRR26931838,GPS_benchmark,22F,22,22F,22F,22F,22F,22F,22F,22F
ERR2225365,GPS_benchmark,14,14,14,14,14,14,14,14,14
ERR876626,GPS_benchmark,4,4,4,4,4,4,4,4,4
ERR2090438,GPS_benchmark,1,1,1,1,1,1,1,1,1
ERR1192012,GPS_benchmark,1,1,1,1,1,1,1,1,1
ERR8481894,GPS_benchmark,19B,19,10A,NT,Failed,19B,19B,19B,19B
SRR26930902,GPS_benchmark,8,8,8,8,8,8,8,8,8
ERR326554,GPS_benchmark,23F,23,6B,23F,23F,23F,23F,23F,23F
ERR2090014,GPS_benchmark,38,38,38,38,38,25F_25A_38,38,38,38
ERR1202554,GPS_benchmark,5,5,5,5,5,5,5,5,5
SRR26878150,GPS_benchmark,19F,19,19F,19F,19F,19F,19F,19F,19F
SRR26750020,GPS_benchmark,8,8,8,8,8,8,8,8,8
ERR1065414,GPS_benchmark,15A,15,15A,15A,15A,15A/15D,15A,15A,15A
SRR26797910,GPS_benchmark,35B,35,35B,35B,35B,35B/35D,35B,35B,35B
SRR26672965,GPS_benchmark,33F,33,33F,33F,33F,33F/33A,33F,33F,33A/33F
ERR1202073,GPS_benchmark,19F,19,19F,19F,19F,19F,19F,19F,19F
SRR26910738,GPS_benchmark,8,8,8,8,8,8,8,8,8
SRR26817713,GPS_benchmark,20B,20,20B,20,20,20,20,20B,20
SRR26833933,GPS_benchmark,8,8,8,8,8,8,8,8,8
ERR869932,GPS_benchmark,19F,19,19F,19F,19F,19F,19F,19F,19F
ERR774162,GPS_benchmark,28A,28,28A,28A,28F,28F/28A,28A,28A,28A
ERR505692,GPS_benchmark,14,14,14,14,14,14,14,14,14
SRR26818271,GPS_benchmark,8,8,8,8,8,8,8,8,8
SRR26749808,GPS_benchmark,8,8,8,8,8,8,8,8,8
ERR1065462,GPS_benchmark,1,1,1,1,1,1,1,1,1
SRR26797607,GPS_benchmark,14,14,14,14,14,14,14,14,14
ERR449143,GPS_benchmark,7F,7,7F,7F,7A,7F/7A,7F,7F,7F
SRR26930346,GPS_benchmark,23B,23,23B,23B,23B,23B,23B,23B,23B
ERR490778,GPS_benchmark,6A,6,6A,6A,6A,6A/6B,6A,6A,6A
ERR1065734,GPS_benchmark,21,21,21,21,21,21,21,21,21
ERR2089932,GPS_benchmark,6A,6,6A,6A,6B,6A/6B,6A,6A,6A
ERR884643,GPS_benchmark,34,34,34,34,Failed,34,34,34,34
SRR26931911,GPS_benchmark,9N,9,9N,9N,9N,9N/9L,9N,9N,9N
ERR913535,GPS_benchmark,6B,6,6B,6E,6E,Serogroup_6_(6E),6B,6B,6E(6B)
SRR26910894,GPS_benchmark,9N,9,9N,9N,9N,9N/9L,9N,9N,9N
SRR26930163,GPS_benchmark,19A,19,19A,19A,19A,19A,19A,19A,19A
SRR26797991,GPS_benchmark,8,8,8,8,8,8,8,8,8
ERR742575,GPS_benchmark,11A,11,11A,11A,11A,11A/11D,11A,11A,11A
SRR26673090,GPS_benchmark,12F,12,12F,12F,12F,12F,12F,12F,12F
ERR1065963,GPS_benchmark,6B,6,6B,6E,6E,Serogroup_6_(6E),6B,6B,6E(6B)
ERR2090926,GPS_benchmark,14,14,14,14,14,14,14,14,14
SRR26714226,GPS_benchmark,4,4,4,4,4,4,4,4,4
ERR13364776,GPS_benchmark,9V,9,9V,9V,9V,9A/9V,9V,9V,9V
ERR319334,GPS_benchmark,6C,6,6C,6C,6D,6C/6D,6C,6C,6C
SRR26880200,GPS_benchmark,19F,19,19F,19F,19F,19F,19F,19F,19F
ERR632989,GPS_benchmark,6A,6,6A,6A,6A,6A/6B,6A,6A,6A
SRR26594263,GPS_benchmark,20B,20,20B,20,20,20,20,20B,20
ERR730768,GPS_benchmark,10A,10,10A,10A,10A,10A,10A,10A,10A
ERR742408,GPS_benchmark,38,38,38,38,38,38,38,38,38
SRR26910849,GPS_benchmark,22F,22,22F,22F,22F,22F,22F,22F,22F
SRR26797347,GPS_benchmark,19A,19,19A,19A,19AF,19A,19A,19A,19A
SRR26817779,GPS_benchmark,7F,7,7F,7F,7A,7F/7A,7F,7F,7F
SRR26797980,GPS_benchmark,7B,7,23A,7B,40,7B/40,7B,7B,7B
SRR26790003,GPS_benchmark,8,8,8,8,8,8,8,8,8
ERR1066331,GPS_benchmark,21,21,21,21,21,21,21,21,21
SRR26880168,GPS_benchmark,8,8,8,8,8,8,8,8,8
ERR1065470,GPS_benchmark,4,4,4,4,4,4,4,4,4
ERR2667807,GPS_benchmark,5,5,5,5,5,5,5,5,5
ERR4289143,GPS_benchmark,35B,35,35B,35B,35B,35B/35D,35B,35B,35B
ERR870085,GPS_benchmark,21,21,21,21,21,21,21,21,21
ERR316637,GPS_benchmark,4,4,4,4,4,4,4,4,4
ERR1066050,GPS_benchmark,14,14,14,14,14,14,14,14,14
ERR13366005,GPS_benchmark,38,38,38,38,38,38,38,38,38
ERR980099,GPS_benchmark,13,13,33B,13,13,13,13,13,13
SRR26910783,GPS_benchmark,33F,33,33F,33F,33F,33F/33A,33F,33F,33A/33F
ERR2089525,GPS_benchmark,7F,7,7F,7F,7A,7F/7A,7F,7F,7F
SRR26594994,GPS_benchmark,8,8,8,8,8,8,8,8,8
SRR26930768,GPS_benchmark,8,8,8,8,8,8,8,8,8
SRR26797092,GPS_benchmark,22F,22,22F,22F,22F,22F,22F,22F,22F
ERR730652,GPS_benchmark,7C,7,7C,7C,Failed,7C,7C,7B,7C
SRR26817728,GPS_benchmark,12F,12,12F,12F,12F,12F,12F,12F,12F
SRR26797698,GPS_benchmark,10A,10,10A,10A,10A,10A,10A,10A,10A
ERR13364570,GPS_benchmark,14,14,14,14,14,14,14,14,14
SRR26594250,GPS_benchmark,22F,22,22F,22F,22F,22F,22F,22F,22F
ERR316574,GPS_benchmark,5,5,5,5,5,5,5,5,5
SRR26818423,GPS_benchmark,8,8,8,8,8,8,8,8,8
SRR26883796,GPS_benchmark,8,8,8,8,8,8,8,8,8
ERR13365406,GPS_benchmark,14,14,14,14,14,14,14,14,14
ERR774114,GPS_benchmark,12F,12,12F,12F,12F,12F,12F,12F,12F
ERR980349,GPS_benchmark,6D,6,15A,NT,6D,6A_6B_6C_6D,6D,6D,6D
SRR26910596,GPS_benchmark,23B,23,23B,23B,23B,23B,23B,23B,23B
SRR26883932,GPS_benchmark,10A,10,10A,10A,10A,10A,10A,10A,10A
ERR742835,GPS_benchmark,6B,6,6B,6E,6E,Serogroup_6_(6E),6B,6B,6E(6B)
SRR26714554,GPS_benchmark,8,8,8,8,8,8,8,8,8
ERR1658155,GPS_benchmark,19F,19,19F,19F,19F,19F,19F,19F,19F
ERR742676,GPS_benchmark,14,14,14,14,14,14,14,14,14
ERR633059,GPS_benchmark,4,4,4,4,4,4,4,4,4
SRR26789950,GPS_benchmark,17F,17,17F,17F,17F,17F,17F,17F,17F
SRR26818120,GPS_benchmark,16F,16,16F,16F,16F,16F,16F,16F,16F
SRR26789311,GPS_benchmark,12F,12,12F,12F,12F,12F,12F,12F,12F
ERR501595,GPS_benchmark,1,1,1,1,1,1,1,1,1
SRR26797418,GPS_benchmark,19A,19,19A,19A,19AF,19A,19A,19A,19A
SRR26911032,GPS_benchmark,6C,6,6C,6C,6C,6C/6D,6C,6C,6C
SRR26673740,GPS_benchmark,20B,20,20B,20,20,20,20,20B,20
ERR7567866,GPS_benchmark,33D,33,33D,NT,33D,"Mixed serotypes- {'33B', '33D'}",33D,33D,33D
ERR742388,GPS_benchmark,19A,19,19A,19A,19A,19A,19A,19A,19A
ERR2612048,GPS_benchmark,5,5,5,5,5,5,5,5,5
ERR730843,GPS_benchmark,6A,6,6A,6A,6A,6A/6B,6A,6A,6A
ERR13365264,GPS_benchmark,8,8,8,8,8,8,8,8,8
ERR1788470,GPS_benchmark,14,14,14,14,14,14,14,14,14
ERR1540729,GPS_benchmark,14,14,14,14,14,14,14,14,14
SRR26818709,GPS_benchmark,8,8,8,8,8,8,8,8,8
ERR3796530,GPS_benchmark,14,14,14,14,14,14,14,14,14
ERR980228,GPS_benchmark,21,21,12F,21,21,21,21,21,21
SRR26789818,GPS_benchmark,16F,16,16F,16F,16F,16F,16F,16F,16F
ERR913387,GPS_benchmark,34,34,34,34,34,34,34,34,34
ERR1191851,GPS_benchmark,21,21,12F,21,21,21,21,21,21
SRR26884716,GPS_benchmark,8,8,8,8,8,8,8,8,8
ERR750956,GPS_benchmark,4,4,4,4,4,4,4,4,4
ERR2090685,GPS_benchmark,5,5,5,5,5,5,5,5,5
ERR1065187,GPS_benchmark,16F,16,16F,16F,16F,"Below 70% hit - Poor Sequence quality, variant or non-typeable organism.",16F,16F,16F
SRR26789990,GPS_benchmark,22F,22,22F,22F,22F,22F,22F,22F,22F
ERR774177,GPS_benchmark,35B,35,35B,35B,35B,35B/35D,35B,35B,35B
ERR2091036,GPS_benchmark,5,5,5,5,5,5,5,5,5
ERR13374746,GPS_benchmark,11A,11,11A,11A,11A,11A/11D,11A,11A,11A
ERR2089364,GPS_benchmark,14,14,14,14,14,14,14,14,14
ERR505937,GPS_benchmark,14,14,14,14,14,14,14,14,14
ERR506058,GPS_benchmark,7F,7,7F,7F,7A,7F/7A,7F,7F,7F
ERR862418,GPS_benchmark,31,31,31,31,31,31,31,31,31
ERR13364852,GPS_benchmark,14,14,14,14,14,14,14,14,14
SRR26818297,GPS_benchmark,17F,17,17F,17F,17F,17F,17F,17F,17F
ERR714475,GPS_benchmark,1,1,1,1,1,1,1,1,1
ERR742499,GPS_benchmark,19F,19,19F,19F,19F,19F,19F,19F,19F
ERR980074,GPS_benchmark,14,14,14,14,14,14,14,14,14
ERR13374604,GPS_benchmark,4,4,4,4,4,4,4,4,4
ERR2089082,GPS_benchmark,16F,16,16F,16F,16F,"Below 70% hit - Poor Sequence quality, variant or non-typeable organism.",16F,16F,16F
ERR1453563,GPS_benchmark,14,14,14,14,14,14,14,14,14
ERR1788427,GPS_benchmark,14,14,14,14,14,14,14,14,14
SRR26930973,GPS_benchmark,9N,9,12F,9N,9N,9N/9L,9N,9N,9N
ERR633025,GPS_benchmark,6B,6,6B,6E,6E,Serogroup_6_(6E),6B,6B,6E(6B)
ERR2680589,GPS_benchmark,1,1,1,1,1,1,1,1,1
ERR600233,GPS_benchmark,33F,33,33F,33F,33F,33F/33A,33F,33F,33F
ERR2090105,GPS_benchmark,34,34,34,34,34,34,34,34,34
ERR736937,GPS_benchmark,15A,15,15A,15A,Failed,15A/15D,15A,15A,15A
ERR2667491,GPS_benchmark,6A,6,6A,6A,6A,6A/6B,6A,6A,6A
SRR26878001,GPS_benchmark,19A,19,19A,19A,19AF,19A,19A,19A,19A
ERR433954,GPS_benchmark,24F,24,24F,24F,24B,24F/24B,24B,24B/24C/24F,24A/24B/24F
SRR26789813,GPS_benchmark,8,8,8,8,8,8,8,8,8
ERR3795762,GPS_benchmark,14,14,14,14,14,14,14,14,14
ERR2853573,GPS_benchmark,19A,19,19A,19A,19A,19A,19A,19A,19A
ERR2681188,GPS_benchmark,6A,6,6A,6A,6A,6A/6B,6A,6A,6A
SRR26789393,GPS_benchmark,9N,9,9N,9N,9N,9N/9L,9N,9N,9N
SRR26878650,GPS_benchmark,22F,22,22F,22F,22F,22F,22F,22F,22F
ERR2089586,GPS_benchmark,5,5,5,5,5,5,5,5,5
ERR997571,GPS_benchmark,16F,16,16F,16F,16F,"Below 70% hit - Poor Sequence quality, variant or non-typeable organism.",16F,16F,16F
SRR26833914,GPS_benchmark,8,8,8,8,8,8,8,8,8
ERR5336814,GPS_benchmark,4,4,4,4,4,4,4,4,4
ERR997556,GPS_benchmark,10A,10,10A,10A,10A,10A,10A,10A,10A
ERR331176,GPS_benchmark,6C,6,6C,6C,6D,6C/6D,6C,6C,6C
ERR600119,GPS_benchmark,22F,22,22F,22F,22F,22F,22F,22F,22F
SRR26797729,GPS_benchmark,8,8,8,8,8,8,8,8,8
ERR730371,GPS_benchmark,14,14,9V,NT,Failed,"Below 70% hit - Poor Sequence quality, variant or non-typeable organism.",14,14,14
SRR26910646,GPS_benchmark,12F,12,12F,12F,12F,12F,12F,12F,12F
SRR26749976,GPS_benchmark,11A,11,11A,11A,11D,11A/11D,11A,11A,11A
SRR26931290,GPS_benchmark,10A,10,10A,10A,10A,10A,10A,10A,10A
ERR714554,GPS_benchmark,9V,9,9V,9V,9V,9A/9V,9V,9V,9V
SRR26833848,GPS_benchmark,8,8,8,8,8,8,8,8,8
SRR26672749,GPS_benchmark,10A,10,10A,10A,10A,10A,10A,10A,10A
ERR13366026,GPS_benchmark,23B,23,23B,23B,23B,23B,23B,23B,23B
ERR714484,GPS_benchmark,19F,19,19F,19F,19F,19F,19F,19F,19F
SRR26797049,GPS_benchmark,20B,20,20B,20,20,20,20,20B,20
ERR331133,GPS_benchmark,6A,6,6A,6E,6E,Serogroup_6_(6E),6A,6A,6E(6A)
ERR2667551,GPS_benchmark,14,14,14,14,14,14,14,14,14
ERR908992,GPS_benchmark,6A,6,6A,6A,6A,6A/6B,6A,6A,6A
ERR2091117,GPS_benchmark,17F,17,17F,17F,17F,17F,17F,17F,17F
SRR26931338,GPS_benchmark,19A,19,19A,19A,19A,19A,19A,19A,19A
SRR26673466,GPS_benchmark,8,8,8,8,8,8,8,8,8
ERR326564,GPS_benchmark,12F,12,12F,12F,12F,12F,12F,12F,12F
ERR2681021,GPS_benchmark,19F,19,19F,19F,19F,19F,19F,19F,19F
ERR909087,GPS_benchmark,14,14,14,14,14,14,14,14,14
ERR909002,GPS_benchmark,15A,15,15A,15A,15A,15A/15D,15A,15A,15A
ERR2667566,GPS_benchmark,7F,7,7F,7F,7A,7F/7A,7F,7F,7F
ERR774047,GPS_benchmark,7C,7,7C,7C,7C,7C,7C,7C,7C
ERR773882,GPS_benchmark,1,1,1,1,1,1,1,1,1
SRR26884544,GPS_benchmark,7C,7,7C,7C,7C,7C,7C,7C,7C
ERR773856,GPS_benchmark,1,1,1,1,1,1,1,1,1
SRR26884608,GPS_benchmark,15B,15,15B,15B,15C,15B/15C,15B,15B,15B/15C
SRR26910713,GPS_benchmark,19F,19,19F,19F,19F,19F,19F,19F,19F
SRR26879529,GPS_benchmark,10A,10,10A,10A,10A,10A,10A,10A,10A
ERR774116,GPS_benchmark,35B,35,35B,35B,35B,35B/35D,35B,35B,35B
ERR980189,GPS_benchmark,6D,6,6C,NT,6D,6A_6B_6C_6D,6D,coverage too low,6D
ERR2090677,GPS_benchmark,10A,10,10A,10A,10A,10A,10A,10A,10A
ERR2091217,GPS_benchmark,1,1,1,1,1,1,1,1,1
ERR1066313,GPS_benchmark,12F,12,12F,12F,12F,12F,12F,12F,12F
SRR26878384,GPS_benchmark,20B,20,20B,20,20,20,20,20B,20
ERR2089984,GPS_benchmark,1,1,1,1,1,1,1,1,1
ERR730266,GPS_benchmark,11B,11,11B,11B,11B,11B/11C,11B,11B,11B
ERR7568054,GPS_benchmark,19F,19,19F,19F,19F,19F,19F,19F,19F
SRR26879880,GPS_benchmark,23B,23,23B,23B,23B,23B,23B,23B,23B
ERR701828,GPS_benchmark,6B,6,6B,6E,6E,Serogroup_6_(6E),6B,6B,6E(6B)
SRR26878096,GPS_benchmark,12F,12,12F,12F,12F,12F,12F,12F,12F
SRR26878646,GPS_benchmark,12F,12,12F,12F,12F,12F,12F,12F,12F
SRR26790147,GPS_benchmark,8,8,8,8,8,8,8,8,8
ERR2089368,GPS_benchmark,6A,6,6A,6A,6B,6A/6B,6A,6A,6A
SRR26880015,GPS_benchmark,12F,12,12F,12F,12F,12F,12F,12F,12F
SRR26818131,GPS_benchmark,19A,19,19A,19A,19AF,19A,19A,19A,19A
ERR884302,GPS_benchmark,14,14,14,14,14,14,14,14,14
SRR26673565,GPS_benchmark,8,8,8,8,8,8,8,8,8
ERR980044,GPS_benchmark,23F,23,23F,23F,23F,23F,23F,23F,23F
ERR319318,GPS_benchmark,6B,6,6B,NT,Failed,Serogroup_6_(6E),6B,6B,6E(6B)
ERR1788572,GPS_benchmark,14,14,14,14,14,14,14,14,14
SRR26878069,GPS_benchmark,12F,12,12F,12F,12F,12F,12F,12F,12F
ERR433598,GPS_benchmark,19A,19,19A,19A,19A,19A,19A,19A,19A
SRR26879608,GPS_benchmark,8,8,8,8,8,8,8,8,8
ERR997535,GPS_benchmark,14,14,14,14,14,14,14,14,14
SRR26878368,GPS_benchmark,19F,19,19F,19F,19F,19F,19F,19F,19F
ERR884544,GPS_benchmark,18C,18,18C,18C,18B,18C/18B,18C,18C,18C
ERR1106684,GPS_benchmark,1,1,1,1,1,1,1,1,1
ERR13365470,GPS_benchmark,4,4,4,4,4,4,4,4,4
ERR338202,GPS_benchmark,19F,19,19F,19F,19F,19F,19F,19F,19F
ERR13374658,GPS_benchmark,35B,35,35B,35B,35B,35B/35D,35B,35B,35B
SRR26594547,GPS_benchmark,8,8,8,8,8,8,8,8,8
SRR26911020,GPS_benchmark,35B,35,35B,35B,35B,35B/35D,35B,35B,35B
ERR7567871,GPS_benchmark,35B,35,35B,35B,35B,35B/35D,35B,35B,35B
SRR26834195,GPS_benchmark,12F,12,12F,12F,12F,12F,12F,12F,12F
SRR26817767,GPS_benchmark,19F,19,19F,19F,19F,19F,19F,19F,19F
ERR632885,GPS_benchmark,1,1,1,1,1,1,1,1,1
SRR26595109,GPS_benchmark,12F,12,12F,12F,12F,12F,12F,12F,12F
SRR26930315,GPS_benchmark,9N,9,9N,9N,9N,9N/9L,9N,9N,9N
ERR742672,GPS_benchmark,5,5,5,5,5,5,5,5,5
SRR26879772,GPS_benchmark,10A,10,10A,10A,10A,10A,10A,10A,10A
ERR913137,GPS_benchmark,13,13,13,13,13,13,13,13,13
ERR2089291,GPS_benchmark,15A,15,15A,15A,15A,15A/15D,15A,15A,15A
SRR26880417,GPS_benchmark,22F,22,22F,22F,22F,22F,22F,22F,22F
SRR26673402,GPS_benchmark,12F,12,12F,12F,12F,12F,12F,12F,12F
ERR568621,GPS_benchmark,9N,9,9N,9N,9N,9N/9L,9N,9N,9N
ERR2090447,GPS_benchmark,16F,16,16F,16F,16F,16F,16F,16F,16F
SRR26880116,GPS_benchmark,16F,16,16F,16F,16F,16F,16F,16F,16F
ERR908928,GPS_benchmark,23F,23,23F,23F,23F,23F,23F,23F,23F
ERR505560,GPS_benchmark,39,39,27,39,Failed,39,39,39,39
ERR13365654,GPS_benchmark,22F,22,22F,22F,22F,22F,22F,22F,22F
SRR26910423,GPS_benchmark,12F,12,12F,12F,12F,12F,12F,12F,12F
ERR2090830,GPS_benchmark,33F,33,33F,33F,33F,33F/33A,33F,33F,33A
ERR331166,GPS_benchmark,6B,6,6B,6E,6E,Serogroup_6_(6E),6B,6B,6E(6A)
ERR13374974,GPS_benchmark,23B,23,23B,23B1,23B1,23B,23B,23B,23B1
SRR26930397,GPS_benchmark,8,8,8,8,8,8,8,8,8
ERR1202289,GPS_benchmark,5,5,5,5,5,5,5,5,5
ERR714353,GPS_benchmark,1,1,1,1,1,1,1,1,1
ERR433901,GPS_benchmark,19A,19,19A,19A,19A,19A,19A,19A,19A
ERR490787,GPS_benchmark,19F,19,19F,19F,19F,19F,19F,19F,19F
SRR26789869,GPS_benchmark,8,8,8,8,8,8,8,8,8
ERR326357,GPS_benchmark,6B,6,6B,6E,6E,Serogroup_6_(6E),6B,6B,6E(6B)
ERR980251,GPS_benchmark,34,34,34,34,34,34,34,34,34
ERR751075,GPS_benchmark,6A,6,6A,6A,6A,6A/6B,6A,6A,6A
SRR26910716,GPS_benchmark,8,8,8,8,8,8,8,8,8
ERR913520,GPS_benchmark,7C,7,7C,7C,7C,7C,7C,7C,7C
ERR632942,GPS_benchmark,14,14,14,14,14,14,14,14,14
SRR26714389,GPS_benchmark,9N,9,12F,9N,9N,9N/9L,9N,9N,9N
ERR338218,GPS_benchmark,7F,7,7F,7F,7A,7F/7A,7F,7F,7F
ERR1065872,GPS_benchmark,23F,23,23F,23F,23F,23F,23F,23F,23F
ERR2681394,GPS_benchmark,6A,6,6A,6A,6A,6A/6B,6A,6A,6A
ERR980077,GPS_benchmark,6D,6,15A,NT,6D,6A_6B_6C_6D,6D,6D,6D
SRR26834059,GPS_benchmark,8,8,8,8,8,8,8,8,8
ERR925381,GPS_benchmark,15A,15,15A,15A,Failed,15A/15D,15A,15A,15A
ERR2089031,GPS_benchmark,19F,19,19F,19F,19F,19F,19F,19F,19F
SRR26714627,GPS_benchmark,12F,12,12F,12F,12F,12F,12F,12F,12F
ERR13364538,GPS_benchmark,7F,7,7F,7F,7F,7F/7A,7F,7F,7F
ERR2090229,GPS_benchmark,7C,7,7B,7C,7C,7C,7C,7C,7C
ERR980292,GPS_benchmark,21,21,21,21,21,21,21,21,21
SRR26911136,GPS_benchmark,8,8,8,8,8,8,8,8,8
SRR26883860,GPS_benchmark,8,8,8,8,8,8,8,8,8
ERR714413,GPS_benchmark,14,14,14,14,14,14,14,14,14
ERR1658200,GPS_benchmark,10A,10,10A,10A,10A,10A,10A,10A,10A
ERR600590,GPS_benchmark,23F,23,23F,23F,23F,23F,23F,23F,23F
ERR319333,GPS_benchmark,6B,6,6B,6E,6E,Serogroup_6_(6E),6B,6B,6E(6B)
ERR900663,GPS_benchmark,19F,19,19F,19F,19F,19F,19F,19F,19F
ERR331416,GPS_benchmark,7F,7,7F,7F,7A,7F/7A,7F,7F,7F
SRR26594360,GPS_benchmark,12F,12,12F,12F,12F,12F,12F,12F,12F
ERR774505,GPS_benchmark,35B,35,35B,35B,35B,35B/35D,35B,35B,35B
ERR1453723,GPS_benchmark,29,29,29,29,29,29,29,29,29
ERR1065822,GPS_benchmark,9N,9,9N,9N,9N,9N/9L,9N,9N,9N
ERR1065813,GPS_benchmark,19F,19,19F,19F,19F,19F,19F,19F,19F
SRR26883872,GPS_benchmark,8,8,8,8,8,8,8,8,8
SRR26594913,GPS_benchmark,13,13,13,13,13,13,13,13,13
ERR326699,GPS_benchmark,14,14,14,14,14,14,14,14,14
ERR2680980,GPS_benchmark,19F,19,19F,19F,19F,19F,19F,19F,19F
SRR26797655,GPS_benchmark,8,8,8,8,8,8,8,8,8
SRR26789999,GPS_benchmark,22F,22,22F,22F,22F,22F,22F,22F,22F
SRR26594729,GPS_benchmark,22F,22,22F,22F,22F,22F,22F,22F,22F
SRR26714745,GPS_benchmark,46,46,46,46,12B,12A/12B/44/46,12B,46,12A/12B
SRR26797475,GPS_benchmark,33F,33,33F,33F,33F,33F/33A,33F,33F,33F
ERR13374790,GPS_benchmark,8,8,8,8,8,8,8,8,8
SRR26715021,GPS_benchmark,38,38,38,38,38,38,38,38,38
ERR876782,GPS_benchmark,14,14,14,14,14,14,14,14,14
SRR26714670,GPS_benchmark,8,8,8,8,8,8,8,8,8
ERR505465,GPS_benchmark,12F,12,12F,12F,12F,12F,12F,12F,12F
SRR26714954,GPS_benchmark,12F,12,12F,12F,12F,12F,12F,12F,12F
ERR730638,GPS_benchmark,6A,6,6A,6A,Failed,6A/6B,6A,6A,6A
ERR730693,GPS_benchmark,23F,23,23F,23F,23F,23F,23F,23F,23F
SRR26879814,GPS_benchmark,22F,22,22F,22F,22F,22F,22F,22F,22F
ERR13364503,GPS_benchmark,8,8,8,8,8,8,8,8,8
ERR326450,GPS_benchmark,14,14,14,14,14,14,14,14,14
ERR5262745,GPS_benchmark,4,4,4,4,4,4,4,4,4
ERR646599,GPS_benchmark,1,1,1,1,1,1,1,1,1
ERR862485,GPS_benchmark,33F,33,33F,33F,33F,33F/33A,33F,33F,33A
ERR13365334,GPS_benchmark,8,8,8,8,8,8,8,8,8
SRR26714834,GPS_benchmark,8,8,8,8,8,8,8,8,8
SRR26878146,GPS_benchmark,8,8,8,8,8,8,8,8,8
ERR774201,GPS_benchmark,1,1,1,1,1,1,1,1,1
ERR1202173,GPS_benchmark,19A,19,19A,19A,19A,19A,19A,19A,19A
ERR750744,GPS_benchmark,14,14,14,14,14,14,14,14,14
SRR26910349,GPS_benchmark,22F,22,22F,22F,22F,22F,22F,22F,22F
SRR26880125,GPS_benchmark,33F,33,33F,33F,33F,33F/33A,33F,33F,33F
ERR13364849,GPS_benchmark,22F,22,22F,22F,22F,22F,22F,22F,22F
ERR913205,GPS_benchmark,6A,6,6A,6A,6B,6A/6B,6A,6A,6A
SRR26884297,GPS_benchmark,8,8,8,8,8,8,8,8,8
SRR26672819,GPS_benchmark,22F,22,22F,22F,22F,22F,22F,22F,22F
ERR3899269,GPS_benchmark,6B,6,6B,6E,6E,Serogroup_6_(6E),6B,6B,6E(6B)
SRR26673001,GPS_benchmark,22F,22,22F,22F,22F,22F,22F,22F,22F
SRR26878052,GPS_benchmark,8,8,8,8,8,8,8,8,8
SRR26750089,GPS_benchmark,8,8,8,8,Failed,8,8,8,8
SRR26930672,GPS_benchmark,38,38,38,38,38,38,38,38,38
SRR26818273,GPS_benchmark,15B,15,15B,15B,15B,15B/15C,15B,15B,15B/15C
ERR2091041,GPS_benchmark,14,14,14,14,14,14,14,14,14
SRR26877994,GPS_benchmark,8,8,8,8,8,8,8,8,8
ERR714154,GPS_benchmark,1,1,1,1,1,1,1,1,1
ERR13374776,GPS_benchmark,8,8,8,8,8,8,8,8,8
ERR2090697,GPS_benchmark,7F,7,7F,7F,7A,7F/7A,7F,7F,7F
SRR26594790,GPS_benchmark,33F,33,33F,33F,33F,33F/33A,33F,33F,33A
ERR1422526,GPS_benchmark,19F,19,19F,19F,19F,19F,19F,19F,19F
SRR26930164,GPS_benchmark,8,8,8,8,8,8,8,8,8
ERR505686,GPS_benchmark,6A,6,6B,NT,Failed,Serogroup_6_(6E),6A,6A,6E(6A)
SRR26797313,GPS_benchmark,12F,12,12F,12F,12F,12F,12F,12F,12F
SRR26884197,GPS_benchmark,8,8,8,8,8,8,8,8,8
SRR26878305,GPS_benchmark,10A,10,10A,10A,10A,10A,10A,10A,10A
SRR26817902,GPS_benchmark,6A,6,4,6A,6A,6A/6B,6A,6A,6A
ERR913194,GPS_benchmark,15A,15,15A,15A,15A,15A/15D,15A,15A,15A
ERR925096,GPS_benchmark,9V,9,9V,9V,Failed,9A/9V,9V,9V,9V
SRR26594294,GPS_benchmark,19F,19,19F,19F,19F,19F,19F,19F,19F
ERR742630,GPS_benchmark,19A,19,19A,19A,19A,19A,19A,19A,19A
SRR26931507,GPS_benchmark,12F,12,12F,12F,12F,12F,12F,12F,12F
ERR876578,GPS_benchmark,14,14,14,14,14,14,14,14,14
SRR26930224,GPS_benchmark,10A,10,10A,10A,10A,10A,10A,10A,10A
SRR26879656,GPS_benchmark,11A,11,11A,11A,11A,11A/11D,11A,11A,11A
SRR26883985,GPS_benchmark,22F,22,22F,22F,22F,22F,22F,22F,22F
SRR26834427,GPS_benchmark,11A,11,11A,11A,11A,11A/11D,11A,11A,11A
ERR433549,GPS_benchmark,4,4,4,4,4,4,4,4,4
ERR505942,GPS_benchmark,23F,23,23F,23F,23F,23F,23F,23F,23F
ERR568507,GPS_benchmark,6A,6,6A,6A,6A,6A/6B,6A,6A,6A
SRR26749861,GPS_benchmark,11E,11,11A,11A,Failed,11A/11D,11A,11E,11A
SRR26594924,GPS_benchmark,10A,10,10A,10A,10A,10A,10A,10A,10A
ERR2089918,GPS_benchmark,8,8,8,8,8,8,8,8,8
ERR331428,GPS_benchmark,1,1,1,1,1,1,1,1,1
SRR26673339,GPS_benchmark,10A,10,10A,10A,10A,10A,10A,10A,10A
SRR26749724,GPS_benchmark,8,8,8,8,8,8,8,8,8
SRR26931873,GPS_benchmark,8,8,8,8,8,8,8,8,8
ERR774622,GPS_benchmark,9V,9,9V,9V,9V,9A/9V,9V,9V,9V
SRR26833695,GPS_benchmark,12F,12,12F,12F,12F,12F,12F,12F,12F
ERR14653946,GPS_benchmark,14,14,14,14,14,14,14,14,14
ERR14654042,GPS_benchmark,15B,15,15B,15B,15C,15B/15C,15B,15B,15B/15C
SRR26749744,GPS_benchmark,8,8,8,8,8,8,8,8,8
ERR1065358,GPS_benchmark,13,13,13,13,13,13,13,13,13
ERR862492,GPS_benchmark,19F,19,19F,19F,19F,19F,19F,19F,19F
ERR876457,GPS_benchmark,14,14,14,14,14,14,14,14,14
SRR26749234,GPS_benchmark,34,34,6C,34,Failed,34,34,34,34
ERR773913,GPS_benchmark,14,14,14,14,14,14,14,14,14
ERR2668110,GPS_benchmark,14,14,14,14,14,14,14,14,14
ERR326340,GPS_benchmark,6B,6,6B,6E,6E,Serogroup_6_(6E),6B,6B,6E(6B)
SRR26797869,GPS_benchmark,8,8,8,8,8,8,8,8,8
ERR1453419,GPS_benchmark,4,4,4,4,4,4,4,4,4
ERR13364588,GPS_benchmark,4,4,4,4,4,4,4,4,4
ERR319337,GPS_benchmark,6B,6,6B,NT,Failed,Serogroup_6_(6E),6B,6B,6E(6B)
ERR1594516,GPS_benchmark,12F,12,12F,12F,12F,12F,12F,12F,12F
SRR26797187,GPS_benchmark,8,8,8,8,8,8,8,8,8
ERR2090744,GPS_benchmark,24F,24,19F,24F,24B,24F/24B,24B,24B/24C/24F,24A/24B/24F
SRR26797374,GPS_benchmark,8,8,8,8,8,8,8,8,8
SRR26931503,GPS_benchmark,8,8,8,8,8,8,8,8,8
ERR13374955,GPS_benchmark,22F,22,22F,22F,22F,22F,22F,22F,22F
SRR26789885,GPS_benchmark,8,8,8,8,8,8,8,8,8
SRR26834522,GPS_benchmark,19A,19,19A,19A,19A,19A,19A,19A,19A
ERR2090901,GPS_benchmark,5,5,5,5,5,5,5,5,5
ERR13374748,GPS_benchmark,6C,6,6C,6C,6D,6C/6D,6C,6C,6C
ERR2667360,GPS_benchmark,5,5,5,5,5,5,5,5,5
SRR26749296,GPS_benchmark,8,8,8,8,8,8,8,8,8
ERR1202602,GPS_benchmark,1,1,1,1,1,1,1,1,1
ERR870309,GPS_benchmark,28F,28,10A,28A,28F,28F/28A,28F,28F,28F
SRR26930316,GPS_benchmark,8,8,8,8,8,8,8,8,8
ERR774631,GPS_benchmark,19A,19,19A,19A,19A,19A,19A,19A,19A
ERR2090654,GPS_benchmark,33F,33,33F,33F,33F,33F/33A,33F,33F,33F
ERR13374774,GPS_benchmark,23B,23,23B,23B,23B,23B,23B,23B,23B
ERR774045,GPS_benchmark,35D,35,35B,35D,35B,35B/35D,35D,35D,35B
ERR13365697,GPS_benchmark,17F,17,17F,17F,17F,17F,17F,17F,17F
ERR714139,GPS_benchmark,5,5,5,5,5,5,5,5,5
SRR26749239,GPS_benchmark,12F,12,12F,12F,12F,12F,12F,12F,12F
ERR568687,GPS_benchmark,23F,23,23F,23F,23F,23F,23F,23F,23F
ERR13365217,GPS_benchmark,18C,18,18C,18C,Failed,18C/18B,18C,18C,18C
ERR750882,GPS_benchmark,14,14,14,14,14,14,14,14,14
ERR433535,GPS_benchmark,4,4,4,4,4,4,4,4,4
ERR326777,GPS_benchmark,14,14,14,14,14,14,14,14,14
SRR26878079,GPS_benchmark,35B,35,35B,35B,35B,35B/35D,35B,35B,35B
SRR26911160,GPS_benchmark,8,8,8,8,8,8,8,8,8
SRR26749436,GPS_benchmark,9N,9,9N,9N,9N,9N/9L,9N,9N,9N
ERR460209,GPS_benchmark,9V,9,9V,9V,9V,9A/9V,9V,9V,9V
SRR26880244,GPS_benchmark,8,8,8,8,8,8,8,8,8
SRR26594685,GPS_benchmark,22F,22,22F,22F,22F,22F,22F,22F,22F
SRR26789580,GPS_benchmark,4,4,4,4,4,4,4,4,4
SRR26797175,GPS_benchmark,9N,9,9N,9N,9N,9N/9L,9N,9N,9N
SRR26834174,GPS_benchmark,8,8,8,8,8,8,8,8,8
SRR26818173,GPS_benchmark,10A,10,10A,10A,10A,10A,10A,10A,10A
ERR979920,GPS_benchmark,1,1,1,1,1,1,1,1,1
ERR979952,GPS_benchmark,11A,11,19F,11A,11A,11A/11D,11A,11A,11A
ERR913431,GPS_benchmark,15A,15,15A,15A,15A,15A/15D,15A,15A,15A
ERR1214699,GPS_benchmark,4,4,4,4,4,4,4,4,4
SRR26714377,GPS_benchmark,8,8,8,8,8,8,8,8,8
ERR1214502,GPS_benchmark,9N,9,9N,9N,9N,9N/9L,9N,9N,9N
ERR433699,GPS_benchmark,7F,7,7F,7F,7A,7F/7A,7F,7F,7F
SRR26884342,GPS_benchmark,10A,10,10A,10A,10A,10A,10A,10A,10A
ERR2089904,GPS_benchmark,16F,16,16F,16F,16F,"Below 70% hit - Poor Sequence quality, variant or non-typeable organism.",16F,16F,16F
SRR26817748,GPS_benchmark,12F,12,12F,12F,12F,12F,12F,12F,12F
SRR26789886,GPS_benchmark,8,8,8,8,8,8,8,8,8
SRR26883823,GPS_benchmark,17F,17,17F,17F,17F,17F,17F,17F,17F
ERR997538,GPS_benchmark,13,13,13,13,13,13,13,13,13
ERR742751,GPS_benchmark,9L,9,9L,9L,9L,9N/9L,9L,9L,9L
SRR26880364,GPS_benchmark,33F,33,33F,33F,33F,33F/33A,33F,33F,33A
ERR701833,GPS_benchmark,19F,19,19F,19F,19F,19F,19F,19F,19F
ERR1594506,GPS_benchmark,12F,12,12F,12F,12F,12F,12F,12F,12F
SRR26789385,GPS_benchmark,23B,23,23B,23B,23B,23B,23B,23B,23B
ERR997526,GPS_benchmark,21,21,21,21,21,21,21,21,21
ERR1453513,GPS_benchmark,21,21,21,21,21,21,21,21,21
SRR26911100,GPS_benchmark,8,8,8,8,8,8,8,8,8
ERR490709,GPS_benchmark,4,4,4,4,4,4,4,4,4
ERR2090804,GPS_benchmark,12F,12,12F,12F,12F,12F,12F,12F,12F
ERR568755,GPS_benchmark,23A,23,23F,23A,23A,23A,23A,23A,23A
SRR26715015,GPS_benchmark,8,8,8,8,8,8,8,8,8
SRR26931514,GPS_benchmark,7C,7,7C,7C,7C,7C,7C,7C,7C
ERR870199,GPS_benchmark,6B,6,6B,6E,6E,Serogroup_6_(6E),6B,6B,6E(6B)
SRR26818060,GPS_benchmark,9N,9,9N,9N,9N,9N/9L,9N,9N,9N
SRR26834311,GPS_benchmark,8,8,8,8,8,8,8,8,8
SRR26879764,GPS_benchmark,8,8,8,8,8,8,8,8,8
SRR26797510,GPS_benchmark,8,8,8,8,8,8,8,8,8
ERR3303380,GPS_benchmark,5,5,5,5,5,5,5,5,5
SRR26879675,GPS_benchmark,19F,19,19F,19F,19F,19F,19F,19F,19F
ERR1422658,GPS_benchmark,14,14,14,14,14,14,14,14,14
ERR714192,GPS_benchmark,14,14,14,14,14,14,14,14,14
SRR26594466,GPS_benchmark,33F,33,33F,33F,33F,33F/33A,33F,33F,33F
SRR26880054,GPS_benchmark,22F,22,22F,22F,22F,22F,22F,22F,22F
ERR869901,GPS_benchmark,3,3,3,3,3,"Below 70% hit - Poor Sequence quality, variant or non-typeable organism.",3,3,3
ERR730512,GPS_benchmark,1,1,1,1,1,1,1,1,1
ERR913525,GPS_benchmark,23F,23,23F,23F,23F,23F,23F,23F,23F
ERR570461,GPS_benchmark,17F,17,17F,17F,17F,17F,17F,17F,17F
ERR701856,GPS_benchmark,23F,23,23F,23F,23F,23F,23F,23F,23F
SRR26884187,GPS_benchmark,8,8,8,8,Failed,8,8,8,8
ERR505727,GPS_benchmark,34,34,34,NT,34,34,34,34,34
ERR925327,GPS_benchmark,34,34,34,34,34,34,34,34,34
ERR13364942,GPS_benchmark,7F,7,7F,7F,7A,7F/7A,7F,7F,7F
ERR908970,GPS_benchmark,18A,18,18A,18A,18A,18A,18A,18A,18A
SRR26879900,GPS_benchmark,19A,19,19A,19A,19A,19A,19A,19A,19A
ERR501616,GPS_benchmark,18F,18,18A,18F,Failed,18F,18F,18F,18F
ERR331423,GPS_benchmark,14,14,14,14,14,14,14,14,14
SRR26749938,GPS_benchmark,8,8,8,8,8,8,8,8,8
ERR979906,GPS_benchmark,14,14,14,14,14,14,14,14,14
ERR2089726,GPS_benchmark,46,46,46,46,12A,12A/12B/44/46,46,46,46
ERR751016,GPS_benchmark,19F,19,19F,NT,Failed,"Below 70% hit - Poor Sequence quality, variant or non-typeable organism.",19F,19F,19F
ERR870027,GPS_benchmark,10B,10,10B,10B,10B,10B,10B,10B,10B
ERR1202072,GPS_benchmark,25F,25,25F,25F,25A,25F/25A,25F,25F,25F
ERR701837,GPS_benchmark,1,1,1,1,1,1,1,1,1
SRR26833648,GPS_benchmark,9N,9,9N,9N,9N,9N/9L,9N,9N,9N
ERR7567733,GPS_benchmark,10A,10,10A,10A,10A,10A,10A,10A,10A
SRR26879723,GPS_benchmark,12F,12,12F,12F,12F,12F,12F,12F,12F
SRR26883885,GPS_benchmark,8,8,8,8,8,8,8,8,8
ERR2667837,GPS_benchmark,1,1,1,1,1,1,1,1,1
SRR26930326,GPS_benchmark,8,8,8,8,8,8,8,8,8
ERR2667934,GPS_benchmark,1,1,1,1,1,1,1,1,1
SRR26750003,GPS_benchmark,12F,12,12F,12F,Failed,12F,12F,12F,12F
SRR26673581,GPS_benchmark,8,8,8,8,Failed,8,8,8,8
SRR26595018,GPS_benchmark,7C,7,7C,7C,7C,7C,7C,7C,7C
ERR1202607,GPS_benchmark,6A,6,6C,6A,6A,6A/6B,6A,6A,6A
ERR13366088,GPS_benchmark,38,38,38,38,38,38,38,38,38
ERR980240,GPS_benchmark,19F,19,6B,19F,19F,19F,19F,19F,19F
ERR13364482,GPS_benchmark,33F,33,33F,33F,33F,33F/33A,33F,33F,33F
SRR26884741,GPS_benchmark,20B,20,20B,20,20,20,20,20B,20
ERR1453388,GPS_benchmark,6A,6,19F,6A,6B,6A/6B,6A,6A,6A
ERR633078,GPS_benchmark,6A,6,6A,6A,6A,6A/6B,6A,6A,6A
ERR2089198,GPS_benchmark,12F,12,12F,12F,12F,12F,12F,12F,12F
ERR2090902,GPS_benchmark,1,1,1,1,1,1,1,1,1
ERR925153,GPS_benchmark,34,34,34,34,Failed,34,34,34,34
ERR862295,GPS_benchmark,6A,6,6A,6A,6B,6A/6B,6A,6A,6A
SRR26673320,GPS_benchmark,16F,16,16F,16F,16F,16F,16F,16F,16F
ERR1192143,GPS_benchmark,10A,10,31,10A,10A,10A,10A,10A,10A
ERR13374782,GPS_benchmark,22F,22,22F,22F,22F,22F,22F,22F,22F
ERR774257,GPS_benchmark,1,1,1,1,1,1,1,1,1
SRR26877789,GPS_benchmark,17F,17,17F,17F,17F,17F,17F,17F,17F
ERR1795453,GPS_benchmark,14,14,14,14,14,14,14,14,14
SRR26749903,GPS_benchmark,22F,22,22F,22F,22F,22F,22F,22F,22F
ERR701843,GPS_benchmark,19F,19,19F,19F,19F,19F,19F,19F,19F
SRR26789513,GPS_benchmark,38,38,38,38,38,38,38,38,38
ERR1288896,GPS_benchmark,19F,19,19F,19F,19F,19F,19F,19F,19F
SRR26789285,GPS_benchmark,8,8,8,8,8,8,8,8,8
ERR600312,GPS_benchmark,23F,23,23F,23F,23F,23F,23F,23F,23F
ERR870103,GPS_benchmark,19B,19,19B,NT,19B,19B,19B,19B,19B
ERR876792,GPS_benchmark,23F,23,23F,23F,23F,23F,23F,23F,23F
ERR730739,GPS_benchmark,19F,19,19F,19F,19F,19F,19F,19F,19F
SRR26931861,GPS_benchmark,7C,7,7C,7C,7C,7C,7C,7C,7C
ERR884340,GPS_benchmark,7F,7,7F,7F,7A,7F/7A,7F,7F,7F
SRR26931240,GPS_benchmark,12F,12,12F,12F,12F,12F,12F,12F,12F
ERR751095,GPS_benchmark,6A,6,6A,6A,6A,6A/6B,6A,6A,6A
SRR26817950,GPS_benchmark,4,4,4,4,4,4,4,4,4
ERR596390,GPS_benchmark,22F,22,22F,22F,22F,22F,22F,22F,22F
SRR26749677,GPS_benchmark,15A,15,15A,NT,Failed,"Below 70% hit - Poor Sequence quality, variant or non-typeable organism.",15A,15A,15A
SRR26749545,GPS_benchmark,10A,10,10A,10A,10A,10A,10A,10A,10A
ERR13365569,GPS_benchmark,22F,22,22F,22F,22F,22F,22F,22F,22F
ERR774190,GPS_benchmark,31,31,31,31,31,31,31,31,31
SRR26749977,GPS_benchmark,22F,22,22F,22F,22F,22F,22F,22F,22F
SRR26878042,GPS_benchmark,35B,35,35B,35B,35B,35B/35D,35B,35B,35B
ERR774159,GPS_benchmark,8,8,8,8,8,8,8,8,8
SRR26878333,GPS_benchmark,8,8,8,8,8,8,8,8,8
SRR26884659,GPS_benchmark,8,8,8,8,8,8,8,8,8
ERR2089715,GPS_benchmark,5,5,5,5,5,5,5,5,5
ERR1422597,GPS_benchmark,6C,6,6C,6C,6D,6A_6B_6C_6D,6C,6C,6C
SRR26594450,GPS_benchmark,12F,12,12F,12F,12F,12F,12F,12F,12F
ERR13366182,GPS_benchmark,29,29,29,29,29,29,29,29,29
ERR1202280,GPS_benchmark,1,1,1,1,1,1,1,1,1
ERR1202094,GPS_benchmark,5,5,5,5,5,5,5,5,5
SRR26879973,GPS_benchmark,9N,9,9N,9N,9N,9N/9L,9N,9N,9N
ERR3270759,GPS_benchmark,23B,23,23B,NT,Failed,23B,23B,23B,23B
ERR909167,GPS_benchmark,19F,19,6B,NT,19F,19F,19F,19F,19F
ERR505619,GPS_benchmark,6A,6,6B,NT,Failed,Serogroup_6_(6E),6A,6A,6E(6A)
ERR3303293,GPS_benchmark,10A,10,10A,10A,10A,10A,10A,10A,10A
ERR1065914,GPS_benchmark,13,13,13,13,13,13,13,13,13
ERR1066095,GPS_benchmark,23F,23,23F,23F,23F,23F,23F,23F,23F
SRR26910618,GPS_benchmark,20B,20,20B,20,20,20,20,20B,20
ERR870196,GPS_benchmark,17F,17,17F,17F,17F,17F,17F,17F,17F
SRR26834207,GPS_benchmark,35B,35,35B,35B,35B,35B/35D,35B,35B,35B
ERR2681217,GPS_benchmark,34,34,34,34,34,34,34,34,34
SRR26594597,GPS_benchmark,19A,19,19A,19A,19AF,19A,19A,19A,19A
ERR876726,GPS_benchmark,14,14,14,14,14,14,14,14,14
SRR26880383,GPS_benchmark,21,21,21,21,21,21,21,21,21
ERR980247,GPS_benchmark,7C,7,4,7C,7C,7C,7C,7C,7C
ERR980128,GPS_benchmark,34,34,34,34,34,34,34,coverage too low,34
ERR869842,GPS_benchmark,20A,20,20A,20,20,20,20,20A,20
SRR26797903,GPS_benchmark,10A,10,10A,10A,10A,10A,10A,10A,10A
SRR26749820,GPS_benchmark,19F,19,19F,19F,19F,19F,19F,19F,19F
ERR2090414,GPS_benchmark,5,5,5,5,5,5,5,5,5
ERR751146,GPS_benchmark,14,14,14,14,14,14,14,14,14
SRR26883981,GPS_benchmark,8,8,8,8,8,8,8,8,8
SRR26930984,GPS_benchmark,12F,12,12F,12F,12F,12F,12F,12F,12F
SRR26817841,GPS_benchmark,22F,22,22F,22F,22F,22F,22F,22F,22F
ERR730405,GPS_benchmark,12F,12,12F,12F,12F,12F,12F,12F,12F
SRR26878532,GPS_benchmark,17F,17,17F,17F,17F,17F,17F,17F,17F
ERR7567723,GPS_benchmark,31,31,31,31,31,31,31,31,31
ERR774172,GPS_benchmark,15A,15,15A,15A,15A,15A/15D,15A,15A,15A
ERR1422680,GPS_benchmark,19A,19,19A,19A,19A,19A,19A,19A,19A
SRR26714756,GPS_benchmark,8,8,8,8,8,8,8,8,8
SRR26931664,GPS_benchmark,22F,22,22F,22F,22F,22F,22F,22F,22F
SRR26594234,GPS_benchmark,17F,17,17F,17F,17F,17F,17F,17F,17F
ERR600249,GPS_benchmark,23B,23,23B,23B,23B,23B,23B,23B,23B
ERR1065856,GPS_benchmark,23F,23,6B,23F,Failed,23F,23F,NCC1_pspK_non_encapsulated,23F
ERR2090316,GPS_benchmark,19F,19,19F,19F,19F,19F,19F,19F,19F
ERR773925,GPS_benchmark,23F,23,23F,23F,23F,23F,23F,23F,23F
SRR26797116,GPS_benchmark,10A,10,10A,10A,10A,10A,10A,10A,10A
SRR26714071,GPS_benchmark,19F,19,19F,19F,19F,19F,19F,19F,19F
ERR1658144,GPS_benchmark,35B,35,35B,35B,35B,35B/35D,35B,35B,35B
SRR26672875,GPS_benchmark,9N,9,9N,9N,9N,9N/9L,9N,9N,9N
ERR2680932,GPS_benchmark,19F,19,19F,19F,19F,19F,19F,19F,19F
ERR13374644,GPS_benchmark,31,31,31,31,31,31,31,31,31
SRR26834225,GPS_benchmark,19A,19,19A,19A,19AF,19A,19A,19A,19A
SRR26930362,GPS_benchmark,8,8,8,8,8,8,8,8,8
ERR1288924,GPS_benchmark,1,1,1,1,1,1,1,1,1
SRR26884175,GPS_benchmark,8,8,8,8,8,8,8,8,8
ERR13365427,GPS_benchmark,17F,17,17F,17F,17F,17F,17F,17F,17F
ERR701812,GPS_benchmark,14,14,14,14,14,14,14,14,14
SRR26910278,GPS_benchmark,8,8,8,8,8,8,8,8,8
ERR714417,GPS_benchmark,1,1,1,1,1,1,1,1,1
ERR876488,GPS_benchmark,33F,33,33F,33F,33F,33F/33A,33F,33F,33F
ERR862371,GPS_benchmark,10A,10,10A,10A,10A,10A,10A,10A,10A
ERR13365601,GPS_benchmark,14,14,14,14,14,14,14,14,14
SRR26884129,GPS_benchmark,38,38,38,38,38,38,38,38,38
ERR662404,GPS_benchmark,15A,15,15A,15A,15A,15A/15D,15A,15A,15A
ERR1658158,GPS_benchmark,4,4,4,4,4,4,4,4,4
SRR26673303,GPS_benchmark,8,8,8,8,8,8,8,8,8
SRR26880355,GPS_benchmark,19F,19,19F,19F,19F,19F,19F,19F,19F
ERR505637,GPS_benchmark,21,21,21,21,Failed,21,21,21,21
ERR774043,GPS_benchmark,12F,12,12F,12F,12F,12F,12F,12F,12F
SRR26880092,GPS_benchmark,12F,12,12F,12F,12F,12F,12F,12F,12F
ERR13364670,GPS_benchmark,9N,9,9N,9N,9N,9N/9L,9N,9N,9N
SRR26594507,GPS_benchmark,12F,12,12F,12F,12F,12F,12F,12F,12F
ERR505923,GPS_benchmark,23F,23,23F,23F,23F,23F,23F,23F,23F
ERR1422695,GPS_benchmark,35B,35,35B,35B,35B,35B/35D,35B,35B,35B
ERR2667182,GPS_benchmark,20,20,20B,20,20,20,20,20B,20
SRR26789426,GPS_benchmark,8,8,8,8,8,8,8,8,8
ERR316577,GPS_benchmark,5,5,5,5,5,5,5,5,5
ERR3899342,GPS_benchmark,14,14,14,14,14,14,14,14,14
ERR600349,GPS_benchmark,14,14,14,14,14,14,14,14,14
ERR2667907,GPS_benchmark,5,5,5,5,5,5,5,5,5
SRR26714770,GPS_benchmark,8,8,8,8,Failed,8,8,8,8
SRR26714550,GPS_benchmark,22F,22,22F,22F,Failed,22F,22F,22F,22F
SRR26789368,GPS_benchmark,12F,12,12F,12F,12F,12F,12F,12F,12F
ERR862351,GPS_benchmark,19F,19,19F,19F,19F,19F,19F,19F,19F
SRR26714689,GPS_benchmark,8,8,8,8,8,8,8,8,8
SRR26884387,GPS_benchmark,35B,35,35B,35B,35B,35B/35D,35B,35B,35B
ERR433571,GPS_benchmark,19F,19,19F,19F,19F,19F,19F,19F,19F
ERR600359,GPS_benchmark,19F,19,19F,19F,19F,19F,19F,19F,19F
ERR505864,GPS_benchmark,16F,16,16F,16F,16F,16F,16F,16F,16F
ERR1202165,GPS_benchmark,12F,12,12F,12F,12F,12F_12A_12B_44_46,12F,12F,12F
ERR909230,GPS_benchmark,17F,17,17F,17F,17F,17F,17F,17F,17F
ERR501603,GPS_benchmark,21,21,21,21,21,21,21,21,21
SRR26930911,GPS_benchmark,20B,20,20B,20,20,20,20,20B,20
SRR26834068,GPS_benchmark,8,8,8,8,8,8,8,8,8
SRR26931715,GPS_benchmark,8,8,8,8,8,8,8,8,8
SRR26789401,GPS_benchmark,8,8,8,8,8,8,8,8,8
ERR600202,GPS_benchmark,33F,33,33F,33F,33F,33F/33A,33F,33F,33F
SRR26673638,GPS_benchmark,20B,20,20B,20,20,20,20,20B,20
SRR26883933,GPS_benchmark,15C,15,15C,15C,15C,15B/15C,15B|15C,15C,15B/15C
ERR1065112,GPS_benchmark,19F,19,19F,19F,19F,19F,19F,19F,19F
ERR884541,GPS_benchmark,7F,7,7F,7F,7A,7F/7A,7F,7F,7F
ERR2667187,GPS_benchmark,9N,9,9N,9N,9N,9N/9L,9N,9N,9N
ERR516694,GPS_benchmark,18C,18,18C,18C,18B,18C/18B,18C,18C,18C
SRR26673702,GPS_benchmark,23A,23,23A,23A,Failed,23A,23A,23A,23A
SRR26833762,GPS_benchmark,17F,17,17F,17F,17F,17F,17F,17F,17F
SRR26594254,GPS_benchmark,7C,7,7C,7C,7C,7C,7C,7C,7C
ERR913370,GPS_benchmark,28F,28,28F,NT,28A,28F/28A,28F,28F,28F
SRR26673574,GPS_benchmark,9N,9,9N,9N,9N,9N/9L,9N,9N,9N
ERR2681154,GPS_benchmark,19F,19,19F,19F,19F,19F,19F,19F,19F
SRR26714657,GPS_benchmark,22F,22,22F,22F,22F,22F,22F,22F,22F
ERR311154,GPS_benchmark,6B,6,6B,6E,6E,Serogroup_6_(6E),6B,6B,6E(6B)
ERR1453416,GPS_benchmark,6A,6,6A,6A,6A,6A/6B,6A,6A,6A
SRR26879713,GPS_benchmark,15A,15,15A,15A,15A,15A/15D,15A,15A,15A
SRR26797877,GPS_benchmark,15C,15,15A,15C,15C,15B/15C,15B|15C,15C,15B/15C
SRR26884442,GPS_benchmark,22F,22,22F,22F,22F,22F,22F,22F,22F
SRR26749743,GPS_benchmark,23B,23,23B,23B1,23B1,23B,23B,23B,23B1
SRR26714426,GPS_benchmark,22F,22,22F,22F,22F,22F,22F,22F,22F
ERR742560,GPS_benchmark,4,4,4,4,4,4,4,4,4
SRR26672952,GPS_benchmark,19A,19,19A,19A,19A,19A,19A,19A,19A
ERR1202277,GPS_benchmark,46,46,46,46,12A,12A/12B/44/46,46,46,46
ERR774646,GPS_benchmark,1,1,1,1,1,1,1,1,1
ERR2090440,GPS_benchmark,9V,9,9V,9V,9V,9A/9V,9V,9V,9V
ERR3270859,GPS_benchmark,11A,11,11A,11A,11A,11A/11D,11A,11A,11A
ERR925341,GPS_benchmark,17F,17,17F,17F,Failed,17F,17F,17F,17F
SRR26878170,GPS_benchmark,12F,12,12F,12F,12F,12F,12F,12F,12F
ERR2680669,GPS_benchmark,6A,6,6A,6A,6A,6A/6B,6A,6A,6A
SRR26594738,GPS_benchmark,38,38,38,38,38,38,38,38,38
SRR26930490,GPS_benchmark,12F,12,12F,12F,12F,12F,12F,12F,12F
ERR331110,GPS_benchmark,6B,6,6B,6E,6E,Serogroup_6_(6E),6B,6B,6E(6A)
SRR26789235,GPS_benchmark,7F,7,7F,7F,7A,7F/7A,7F,7F,7F
ERR2089620,GPS_benchmark,1,1,1,1,1,1,1,1,1
ERR326729,GPS_benchmark,14,14,14,14,14,14,14,14,14
SRR26910325,GPS_benchmark,8,8,8,8,Failed,8,8,8,8
SRR26818016,GPS_benchmark,11A,11,11A,11A,11A,11A/11D,11A,11A,11A
ERR13364904,GPS_benchmark,6C,6,6C,6C,6D,6C/6D,6C,6C,6C
ERR742655,GPS_benchmark,10F,10,10F,10F,10F,10F,10F,10F,10F
ERR714389,GPS_benchmark,5,5,5,5,5,5,5,5,5
ERR13364702,GPS_benchmark,14,14,14,14,14,14,14,14,14
SRR26817831,GPS_benchmark,12F,12,12F,12F,12F,12F,12F,12F,12F
SRR26749282,GPS_benchmark,22F,22,22F,22F,22F,22F,22F,22F,22F
ERR568749,GPS_benchmark,1,1,1,1,1,1,1,1,1
ERR862514,GPS_benchmark,10B,10,10B,10B,10B,10B,10B,10B,10B
SRR26818301,GPS_benchmark,8,8,8,8,8,8,8,8,8
ERR2667898,GPS_benchmark,4,4,4,4,4,4,4,4,4
SRR26877815,GPS_benchmark,12F,12,12F,12F,12F,12F,12F,12F,12F
ERR884335,GPS_benchmark,19F,19,19F,19F,19F,19F,19F,19F,19F
ERR13375128,GPS_benchmark,22F,22,22F,22F,22F,22F,22F,22F,22F
SRR26749843,GPS_benchmark,33F,33,33F,33F,33F,33F/33A,33F,33F,33F
ERR449264,GPS_benchmark,19A,19,19A,19A,19A,19A,19A,19A,19A
SRR26931427,GPS_benchmark,9N,9,9N,9N,9N,9N/9L,9N,9N,9N
ERR340867,GPS_benchmark,19F,19,19F,19F,19F,19F,19F,19F,19F
ERR568741,GPS_benchmark,34,34,34,34,34,34,34,34,34
SRR26594667,GPS_benchmark,12F,12,12F,12F,12F,12F,12F,12F,12F
ERR2667719,GPS_benchmark,14,14,14,14,14,14,14,14,14
SRR26818645,GPS_benchmark,8,8,8,8,8,8,8,8,8
ERR925271,GPS_benchmark,35B,35,35B,35B,35B,35B/35D,35B,35B,35B
ERR13366132,GPS_benchmark,22F,22,22F,22F,22F,22F,22F,22F,22F
ERR8481832,GPS_benchmark,7F,7,7F,7F,7A,7F/7A,7F,7F,7F
SRR26817966,GPS_benchmark,8,8,8,8,8,8,8,8,8
ERR909048,GPS_benchmark,6B,6,6B,6E,6E,Serogroup_6_(6E),6B,6B,6E(6B)
ERR13364878,GPS_benchmark,9V,9,9V,9V,9V,9A/9V,9V,9V,9V
SRR26673266,GPS_benchmark,11,11,11A,11A,11D,11A/11D,11A,11A/11B/11C/11D/11E/11F/11F_like,11A
ERR433909,GPS_benchmark,1,1,1,1,1,1,1,1,1
ERR2090461,GPS_benchmark,8,8,8,8,8,8,8,8,8
ERR980312,GPS_benchmark,19F,19,19F,19F,19F,19F,19F,19F,19F
ERR7567850,GPS_benchmark,16F,16,16F,16F,16F,"Below 70% hit - Poor Sequence quality, variant or non-typeable organism.",16F,16F,16F
ERR1422402,GPS_benchmark,5,5,5,5,5,5,5,5,5
ERR13374689,GPS_benchmark,9N,9,9N,9N,9N,9N/9L,9N,9N,9N
ERR586468,GPS_benchmark,1,1,1,1,1,1,1,1,1
SRR26931820,GPS_benchmark,12F,12,12F,12F,12F,12F,12F,12F,12F
SRR26714581,GPS_benchmark,8,8,8,8,8,8,8,8,8
ERR742828,GPS_benchmark,5,5,5,5,5,5,5,5,5
SRR26879964,GPS_benchmark,12F,12,12F,12F,12F,12F,12F,12F,12F
ERR1333966,GPS_benchmark,1,1,1,1,1,1,1,1,1
SRR26834007,GPS_benchmark,8,8,8,8,8,8,8,8,8
SRR26911162,GPS_benchmark,38,38,38,38,38,38,38,38,38
ERR1422574,GPS_benchmark,22F,22,22F,22F,22F,22F,22F,22F,22F
SRR26673672,GPS_benchmark,12F,12,12F,12F,12F,12F,12F,12F,12F
ERR13375109,GPS_benchmark,19F,19,19F,19F,19F,19F,19F,19F,19F
SRR26931404,GPS_benchmark,7C,7,7C,7C,7C,7C,7C,7C,7C
SRR26818033,GPS_benchmark,12F,12,12F,12F,12F,12F,12F,12F,12F
ERR3655238,GPS_benchmark,19F,19,19F,19F,19F,19F,19F,19F,19F
ERR600386,GPS_benchmark,6B,6,6B,6E,6E,Serogroup_6_(6E),6B,6B,6E(6B)
SRR26883759,GPS_benchmark,8,8,8,8,8,8,8,8,8
ERR13364440,GPS_benchmark,22F,22,22F,22F,22F,22F,22F,22F,22F
SRR26878165,GPS_benchmark,22F,22,20B,22F,22F,22F,22F,22F,22F
ERR1453658,GPS_benchmark,6B,6,6B,6E,6E,Serogroup_6_(6E),6B,6B,6E(6B)
ERR662455,GPS_benchmark,38,38,38,38,38,38,38,38,38
ERR876552,GPS_benchmark,18C,18,18C,18C,18B,18C/18B,18C,18C,18C
ERR1066176,GPS_benchmark,23F,23,14,23F,23F,23F,23F,23F,23F
SRR26797977,GPS_benchmark,9L,9,9L,9L,9L,9N/9L,9L,9L,9L
ERR774205,GPS_benchmark,15A,15,15A,15A,15A,15A/15D,15A,15A,15A
SRR26714929,GPS_benchmark,8,8,8,8,8,8,8,8,8
ERR2089589,GPS_benchmark,14,14,14,14,14,14,14,14,14
ERR1202433,GPS_benchmark,35B,35,35B,35B,35B,35B/35D,35B,35B,35B
ERR600528,GPS_benchmark,34,34,34,34,34,34,34,34,34
SRR26749865,GPS_benchmark,8,8,8,8,8,8,8,8,8
SRR26789390,GPS_benchmark,8,8,8,8,8,8,8,8,8
ERR2681275,GPS_benchmark,6C,6,6C,6C,6D,6A_6B_6C_6D,6C,6C,6C
ERR433570,GPS_benchmark,18C,18,18C,18C,18A,18C/18B,18C,18C,18C
ERR884497,GPS_benchmark,19F,19,19F,19F,19F,19F,19F,19F,19F
ERR774355,GPS_benchmark,38,38,38,38,38,38,38,38,38
SRR26817913,GPS_benchmark,8,8,8,8,8,8,8,8,8
SRR26930696,GPS_benchmark,22F,22,22F,22F,22F,22F,22F,22F,22F
ERR742601,GPS_benchmark,31,31,31,31,31,31,31,31,31
ERR1453515,GPS_benchmark,1,1,1,1,1,1,1,1,1
ERR730511,GPS_benchmark,1,1,1,1,1,1,1,1,1
ERR505933,GPS_benchmark,23F,23,23F,23F,23F,23F,23F,23F,23F
ERR1430870,GPS_benchmark,1,1,1,1,1,1,1,1,1
ERR862486,GPS_benchmark,6B,6,6B,6E,6E,Serogroup_6_(6E),6B,6B,6E(6B)
ERR13364385,GPS_benchmark,14,14,14,14,14,14,14,14,14
ERR2089215,GPS_benchmark,5,5,5,5,5,5,5,5,5
SRR26818463,GPS_benchmark,17F,17,17F,17F,17F,17F,17F,17F,17F
ERR2091252,GPS_benchmark,5,5,5,5,5,5,5,5,5
ERR884590,GPS_benchmark,19A,19,19A,19A,Failed,19A,19A,19A,19A
SRR26714694,GPS_benchmark,9N,9,9N,9N,9N,9N/9L,9N,9N,9N
ERR742824,GPS_benchmark,5,5,5,5,5,5,5,5,5
ERR433594,GPS_benchmark,14,14,14,14,14,14,14,14,14
SRR26818193,GPS_benchmark,8,8,8,8,8,8,8,8,8
SRR26673231,GPS_benchmark,22F,22,22F,22F,22F,22F,22F,22F,22F
ERR331189,GPS_benchmark,6C,6,6C,6C,6D,6C/6D,6C,6C,6C
SRR26797932,GPS_benchmark,15B,15,15C,15B,FAILED,15B/15C,15B,FAILED,FAILED
ERR714687,GPS_benchmark,6A,6,6A,6A,6A,6A/6B,6A,6A,6A
ERR600117,GPS_benchmark,35B,35,35B,35B,35B,35B/35D,35B,35B,35B
SRR26910489,GPS_benchmark,23B,23,23B,23B,23B,23B,23B,23B,23B
ERR751040,GPS_benchmark,6B,6,6B,6E,6E,Serogroup_6_(6E),6B,6B,6E(6B)
SRR26749734,GPS_benchmark,22F,22,22F,22F,22F,22F,22F,22F,22F
ERR979949,GPS_benchmark,33F,33,33F,33F,33F,33F/33A,33A|33B|33F|37,33F,33A
ERR570416,GPS_benchmark,6B,6,6B,6E,6E,Serogroup_6_(6E),6B,6B,6E(6B)
ERR742778,GPS_benchmark,4,4,4,4,4,4,4,4,4
ERR1453418,GPS_benchmark,13,13,13,13,13,13,13,13,13
SRR26797594,GPS_benchmark,12F,12,12F,12F,12F,12F,12F,12F,12F
ERR870183,GPS_benchmark,6A,6,6A,6A,6A,6A/6B,6A,6A,6A
ERR714644,GPS_benchmark,6A,6,6A,6A,6A,6A/6B,6A,6A,6A
ERR742466,GPS_benchmark,19A,19,19A,19A,19A,19A,19A,19A,19A
ERR925030,GPS_benchmark,18C,18,18C,18C,18B,18C/18B,18C,18C,18C
ERR3795515,GPS_benchmark,14,14,14,14,14,14,14,14,14
SRR26878280,GPS_benchmark,9N,9,9N,9N,9N,9N/9L,9N,9N,9N
SRR26594516,GPS_benchmark,8,8,8,8,8,8,8,8,8
ERR751073,GPS_benchmark,5,5,5,5,5,5,5,5,5
ERR869958,GPS_benchmark,5,5,5,5,5,5,5,5,5
SRR26750062,GPS_benchmark,12F,12,18C,12F,12F,12F,12F,12F,12F
SRR26749188,GPS_benchmark,8,8,8,8,8,8,8,8,8
SRR26594915,GPS_benchmark,6C,6,6C,6C,6C,6C/6D,6C,6C,6C
SRR26910806,GPS_benchmark,22F,22,22F,22F,22F,22F,22F,22F,22F
SRR26673395,GPS_benchmark,46,46,46,46,12B,12A/12B/44/46,12B,46,12A/12B
ERR884429,GPS_benchmark,19A,19,6A,19A,19AF,19A,19A,19A,19A
SRR26884540,GPS_benchmark,15A,15,15A,15A,15A,15A/15D,15A,15A,15A
ERR730905,GPS_benchmark,6B,6,6B,6E,6E,Serogroup_6_(6E),6B,6B,6E(6B)
ERR750868,GPS_benchmark,19F,19,19F,19F,19F,19F,19F,19F,19F
ERR13364922,GPS_benchmark,15B,15,15A,15B,15C,15B/15C,15B,15B,15B/15C
ERR1422336,GPS_benchmark,5,5,5,5,5,5,5,5,5
SRR26797184,GPS_benchmark,19A,19,19A,19A,19AF,19A,19A,19A,19A
ERR913094,GPS_benchmark,34,34,34,34,34,34,34,34,34
SRR26818392,GPS_benchmark,9N,9,9N,9N,9N,9N/9L,9N,9N,9N
ERR730742,GPS_benchmark,14,14,14,14,14,14,14,14,14
SRR26749454,GPS_benchmark,15B,15,15A,15B,15B,15B/15C,15B,15B,15B/15C
ERR13364444,GPS_benchmark,22F,22,22F,22F,22F,22F,22F,22F,22F
ERR869991,GPS_benchmark,19F,19,11B,19F,19F,19F,19F,19F,19F
ERR505688,GPS_benchmark,19A,19,19A,19A,19A,19A,19A,19A,19A
ERR701817,GPS_benchmark,6B,6,6B,6E,6E,Serogroup_6_(6E),6B,6B,6E(6B)
ERR2090645,GPS_benchmark,10B,10,10B,10B,10B,10B,10B,10B,10B
ERR338193,GPS_benchmark,7F,7,7F,7F,7A,7F/7A,7F,7F,7F
ERR13364394,GPS_benchmark,14,14,14,14,14,14,14,14,14
SRR26594824,GPS_benchmark,12F,12,12F,12F,12F,12F,12F,12F,12F
ERR505804,GPS_benchmark,11A,11,11A,11A,11D,11A/11D,11A,11A,11A
ERR600338,GPS_benchmark,10A,10,10A,10A,10A,10A,10A,10A,10A
SRR26714870,GPS_benchmark,9N,9,9N,9N,9N,9N/9L,9N,9N,9N
ERR714533,GPS_benchmark,19F,19,19F,19F,19F,19F,19F,19F,19F
ERR600623,GPS_benchmark,14,14,14,14,14,14,14,14,14
SRR26910863,GPS_benchmark,8,8,8,8,8,8,8,8,8
ERR568483,GPS_benchmark,19F,19,19F,19F,19F,19F,19F,19F,19F
SRR26880036,GPS_benchmark,22F,22,22F,22F,22F,22F,22F,22F,22F
ERR876596,GPS_benchmark,14,14,14,14,14,14,14,14,14
SRR26834164,GPS_benchmark,11,11,11A,11A,11D,11A/11D,11A,11A/11B/11C/11D/11E/11F/11F_like,11A
ERR2089622,GPS_benchmark,1,1,1,1,1,1,1,1,1
SRR26595049,GPS_benchmark,8,8,8,8,8,8,8,8,8
SRR26797988,GPS_benchmark,27,27,27,27,27,27,27,27,27
SRR26595071,GPS_benchmark,38,38,38,38,38,25F_25A_38,38,38,38
SRR26673654,GPS_benchmark,8,8,8,8,8,8,8,8,8
ERR774309,GPS_benchmark,17F,17,17F,17F,17F,17F,17F,17F,17F
SRR26789221,GPS_benchmark,12F,12,12F,12F,12F,12F,12F,12F,12F
ERR2681395,GPS_benchmark,14,14,14,14,14,14,14,14,14
ERR13366019,GPS_benchmark,23F,23,23F,23F,23F,23F,23F,23F,23F
SRR26880166,GPS_benchmark,7C,7,7C,7C,7C,7C,7C,7C,7C
SRR26789814,GPS_benchmark,8,8,8,8,8,8,8,8,8
SRR26834489,GPS_benchmark,22F,22,22F,22F,22F,22F,22F,22F,22F
ERR326462,GPS_benchmark,19A,19,19A,19A,19A,19A,19A,19A,19A
ERR2668027,GPS_benchmark,14,14,14,14,14,14,14,14,14
ERR1453355,GPS_benchmark,19F,19,19F,19F,19F,19F,19F,19F,19F
SRR26672877,GPS_benchmark,15A,15,15A,15A,15A,15A/15D,15A,15A,15A
SRR26797060,GPS_benchmark,6C,6,19F,6C,6D,6A_6B_6C_6D,6C,6C,6C
SRR26931073,GPS_benchmark,38,38,38,38,38,38,38,38,38
SRR26714503,GPS_benchmark,8,8,8,8,8,8,8,8,8
ERR1202605,GPS_benchmark,4,4,4,4,4,4,4,4,4
ERR730869,GPS_benchmark,6A,6,6A,6A,6A,6A/6B,6A,6A,6A
ERR714582,GPS_benchmark,18C,18,18C,18C,18B,18C/18B,18C,18C,18C
SRR26595007,GPS_benchmark,8,8,8,8,8,8,8,8,8
SRR26880161,GPS_benchmark,15C,15,15B,15C,15B,15B/15C,15B|15C,15C,15B/15C
ERR2680969,GPS_benchmark,6B,6,6B,6E,6E,Serogroup_6_(6E),6B,6B,6E(6B)
ERR316891,GPS_benchmark,18C,18,18C,18C,18B,18C/18B,18C,18C,18C
SRR26880096,GPS_benchmark,8,8,8,8,8,8,8,8,8
ERR876518,GPS_benchmark,38,38,38,38,38,38,38,38,38
ERR913131,GPS_benchmark,19F,19,19F,19F,19F,19F,19F,19F,19F
ERR773970,GPS_benchmark,1,1,1,1,1,1,1,1,1
ERR3796788,GPS_benchmark,24F,24,24F,24B,24B,24F/24B,24B,24B/24C/24F,24A/24B/24F
ERR2090410,GPS_benchmark,38,38,38,38,38,25F_25A_38,38,38,38
SRR26797051,GPS_benchmark,22F,22,22F,22F,22F,22F,22F,22F,22F
ERR730571,GPS_benchmark,14,14,14,14,14,14,14,14,14
ERR13365209,GPS_benchmark,12F,12,12F,12F,12F,12F,12F,12F,12F
ERR2681091,GPS_benchmark,6A,6,6A,6A,6A,6A/6B,6A,6A,6A
SRR26931767,GPS_benchmark,8,8,8,8,8,8,8,8,8
SRR26834457,GPS_benchmark,8,8,8,8,8,8,8,8,8
ERR13374800,GPS_benchmark,17F,17,17F,17F,17F,17F,17F,17F,17F
SRR26834271,GPS_benchmark,20B,20,20B,20,20,20,20,20B,20
ERR1453618,GPS_benchmark,4,4,4,4,4,4,4,4,4
ERR13397669,GPS_benchmark,19F,19,19F,19F,19F,19F,19F,19F,19F
ERR884442,GPS_benchmark,19F,19,15A,19F,19F,19F,19F,19F,19F
ERR326365,GPS_benchmark,6B,6,6B,6E,6E,Serogroup_6_(6E),6B,6B,6E(6B)
ERR862510,GPS_benchmark,18A,18,18C,18A,18A,18A,18A,18A,18A
ERR490733,GPS_benchmark,5,5,5,5,Failed,5,5,5,5
ERR1065157,GPS_benchmark,10A,10,10A,10A,10A,10A,10A,10A,10A
ERR730412,GPS_benchmark,14,14,14,14,14,14,14,14,14
SRR26878364,GPS_benchmark,8,8,8,8,8,8,8,8,8
ERR326420,GPS_benchmark,4,4,4,4,4,4,4,4,4
SRR26930184,GPS_benchmark,8,8,8,8,8,8,8,8,8
SRR26818402,GPS_benchmark,35B,35,35B,35B,35B,35B/35D,35B,35B,35B
ERR1788311,GPS_benchmark,19F,19,19F,19F,19F,19F,19F,19F,19F
ERR1788423,GPS_benchmark,6B,6,6B,6E,6E,Serogroup_6_(6E),6B,6B,6E(6B)
SRR26931904,GPS_benchmark,10A,10,10A,10A,10A,10A,10A,10A,10A
ERR568536,GPS_benchmark,1,1,1,1,1,1,1,1,1
ERR3270701,GPS_benchmark,6A,6,15A,6A,6A,6A/6B,6A,6A,6A
SRR26594995,GPS_benchmark,8,8,8,8,8,8,8,8,8
ERR925313,GPS_benchmark,19B,19,19B,NT,Failed,19B,19B,19B,19B
SRR26595149,GPS_benchmark,8,8,8,8,8,8,8,8,8
SRR26797149,GPS_benchmark,8,8,8,8,8,8,8,8,8
ERR600422,GPS_benchmark,19F,19,19F,19F,19F,19F,19F,19F,19F
ERR319344,GPS_benchmark,6A,6,6A,6E,6E,Serogroup_6_(6E),6A,6A,6E(6A)
ERR326454,GPS_benchmark,19F,19,19F,19F,19F,19F,19F,19F,19F
SRR26594241,GPS_benchmark,23B,23,23B,23B,23B,23B,23B,23B,23B
ERR2612089,GPS_benchmark,1,1,1,1,1,1,1,1,1
ERR1540720,GPS_benchmark,14,14,14,14,14,14,14,14,14
ERR909155,GPS_benchmark,9N,9,9N,9N,9N,9N/9L,9N,9N,9N
ERR568730,GPS_benchmark,18C,18,18C,18C,18B,18C/18B,18C,18C,18C
SRR26931707,GPS_benchmark,38,38,38,38,38,38,38,38,38
ERR13365100,GPS_benchmark,31,31,31,31,31,31,31,31,31
SRR26931333,GPS_benchmark,8,8,8,8,8,8,8,8,8
SRR26884332,GPS_benchmark,15A,15,15A,15A,15A,15A/15D,15A,15A,15A
SRR26833991,GPS_benchmark,9N,9,9N,9N,9N,9N/9L,9N,9N,9N
ERR742812,GPS_benchmark,6B,6,6B,6E,6E,Serogroup_6_(6E),6B,6B,6E(6B)
SRR26884250,GPS_benchmark,9V,9,9V,9V,9V,9A/9V,9V,9L,9V
SRR26594780,GPS_benchmark,8,8,8,8,8,8,8,8,8
SRR26931371,GPS_benchmark,35B,35,35B,35B,35B,35B/35D,35B,35B,35B
SRR26797262,GPS_benchmark,8,8,8,8,8,8,8,8,8
SRR26714801,GPS_benchmark,11A,11,11A,11A,Failed,11A/11D,11A,11A,11A
SRR26749726,GPS_benchmark,20B,20,20B,20,20,20,20,20B,20
ERR14654056,GPS_benchmark,34,34,34,34,34,34,34,34,34
ERR433846,GPS_benchmark,1,1,1,1,1,1,1,1,1
ERR1430874,GPS_benchmark,1,1,1,1,1,1,1,1,1
SRR26714808,GPS_benchmark,8,8,8,8,8,8,8,8,8
SRR26797351,GPS_benchmark,12F,12,12F,12F,12F,12F,12F,12F,12F
SRR26749413,GPS_benchmark,7F,7,7F,7F,7A,7F/7A,7F,7F,7F
SRR26931602,GPS_benchmark,8,8,8,8,8,8,8,8,8
SRR26817970,GPS_benchmark,10A,10,10A,10A,10A,10A,10A,10A,10A
SRR26749811,GPS_benchmark,8,8,8,8,8,8,8,8,8
ERR1202344,GPS_benchmark,1,1,1,1,1,1,1,1,1
ERR13374916,GPS_benchmark,22F,22,22F,22F,22F,22F,22F,22F,22F
SRR26931249,GPS_benchmark,33F,33,33F,33F,33F,33F/33A,33F,33F,33A/33F
ERR925059,GPS_benchmark,5,5,5,5,Failed,5,5,5,5
ERR1540820,GPS_benchmark,35B,35,35B,NT,35B,35B/35D,35B,35B,35B
SRR26818513,GPS_benchmark,8,8,8,8,8,8,8,8,8
SRR26789645,GPS_benchmark,8,8,8,8,8,8,8,8,8
ERR876681,GPS_benchmark,9V,9,9V,9V,9V,9A/9V,9V,9V,9V
ERR2667576,GPS_benchmark,5,5,5,5,5,5,5,5,5
ERR1453403,GPS_benchmark,19F,19,19F,19F,19F,19F,19F,19F,19F
ERR845766,GPS_benchmark,14,14,14,14,Failed,14,14,14,14
ERR884408,GPS_benchmark,19A,19,19A,19A,19AF,19A,19A,19A,19A
SRR26789456,GPS_benchmark,8,8,8,8,8,8,8,8,8
ERR568482,GPS_benchmark,38,38,38,38,38,38,38,38,38
ERR13365326,GPS_benchmark,10A,10,10A,10A,10A,10A,10A,10A,10A
SRR26878691,GPS_benchmark,22F,22,22F,22F,22F,22F,22F,22F,22F
SRR26797543,GPS_benchmark,12F,12,12F,12F,12F,12F,12F,12F,12F
SRR26879537,GPS_benchmark,22F,22,22F,22F,22F,22F,22F,22F,22F
ERR13365089,GPS_benchmark,14,14,14,14,14,14,14,14,14
SRR26911142,GPS_benchmark,8,8,8,8,8,8,8,8,8
SRR26673548,GPS_benchmark,8,8,8,8,8,8,8,8,8
ERR2090001,GPS_benchmark,19F,19,19F,19F,19F,19F,19F,19F,19F
SRR26797565,GPS_benchmark,8,8,8,8,8,8,8,8,8
SRR26714990,GPS_benchmark,8,8,8,8,8,8,8,8,8
SRR26749637,GPS_benchmark,8,8,8,8,8,8,8,8,8
SRR26818521,GPS_benchmark,8,8,8,8,8,8,8,8,8
SRR26930572,GPS_benchmark,22F,22,22F,22F,22F,22F,22F,22F,22F
ERR876467,GPS_benchmark,33F,33,33F,33F,33F,33F/33A,33F,33F,33F
ERR319345,GPS_benchmark,6B,6,6B,6E,6E,Serogroup_6_(6E),6B,6B,6E(6B)
ERR751148,GPS_benchmark,12F,12,12F,12F,12F,12F,12F,12F,12F
ERR3796839,GPS_benchmark,24F,24,19F,24F,24B,24F/24B,24B,24B/24C/24F,24A/24B/24F
ERR3899350,GPS_benchmark,14,14,14,14,14,14,14,14,14
ERR3332177,GPS_benchmark,14,14,14,14,14,14,14,14,14
ERR751171,GPS_benchmark,6B,6,6B,6B,6A,6A/6B,6B,6B,6B
SRR26749555,GPS_benchmark,23B,23,23B,23B,23B,23B,23B,23B,23B
SRR26834008,GPS_benchmark,9N,9,9N,9N,9N,9N/9L,9N,9N,9N
ERR730401,GPS_benchmark,1,1,1,1,1,1,1,1,1
SRR26594626,GPS_benchmark,10A,10,10A,10A,10A,10A,10A,10A,10A
SRR26878713,GPS_benchmark,22F,22,22F,22F,22F,22F,22F,22F,22F
ERR4289090,GPS_benchmark,14,14,14,14,14,14,14,14,14
ERR2089059,GPS_benchmark,19F,19,19F,19F,19F,19F,19F,19F,19F
ERR2680916,GPS_benchmark,4,4,4,4,4,4,4,4,4
SRR26797817,GPS_benchmark,7C,7,7C,7C,7C,7C,7C,7C,7C
ERR1191869,GPS_benchmark,14,14,14,14,14,14,14,14,14
ERR751179,GPS_benchmark,19A,19,19A,NT,19AF,19A_19AF,19A,19F,19A
SRR26880269,GPS_benchmark,8,8,8,8,8,8,8,8,8
ERR3303139,GPS_benchmark,1,1,1,1,1,1,1,1,1
ERR13364842,GPS_benchmark,7F,7,7F,7F,7F,7F/7A,7F,7F,7F
ERR876646,GPS_benchmark,14,14,14,14,14,14,14,14,14
SRR26749338,GPS_benchmark,12F,12,12F,12F,12F,12F,12F,12F,12F
SRR26910923,GPS_benchmark,12F,12,12F,12F,12F,12F,12F,12F,12F
ERR979935,GPS_benchmark,33B,33,33B,33B,33B,"Mixed serotypes- {'33D', '33B'}",33B,33B,33D
ERR876722,GPS_benchmark,14,14,14,14,14,14,14,14,14
SRR26714921,GPS_benchmark,7C,7,7C,7C,7C,7C,7C,7C,7C
SRR26594822,GPS_benchmark,15B,15,10A,15B,15C,15B/15C,15B,15B,15B/15C
SRR26878648,GPS_benchmark,15A,15,15A,15A,15A,15A/15D,15A,15A,15A
ERR2089735,GPS_benchmark,33F,33,33F,33F,33F,33F/33A,33F,33F,33A
SRR26750115,GPS_benchmark,12F,12,12F,12F,Failed,12F,12F,12F,12F
ERR3899302,GPS_benchmark,6A,6,6A,6A,6A,6A/6B,6A,6A,6A
SRR26880251,GPS_benchmark,8,8,8,8,8,8,8,8,8
SRR26884193,GPS_benchmark,9N,9,9N,9N,Failed,9N/9L,9N,9N,9N
SRR26714714,GPS_benchmark,22F,22,22F,22F,22F,22F,22F,22F,22F
SRR26714385,GPS_benchmark,8,8,8,8,8,8,8,8,8
ERR2853656,GPS_benchmark,19A,19,19A,19A,19A,19A,19A,19A,19A
ERR2089537,GPS_benchmark,6A,6,6A,6A,6A,6A/6B,6A,6A,6A
ERR742714,GPS_benchmark,9V,9,9V,9V,9V,9A/9V,9V,9V,9V
ERR1066171,GPS_benchmark,19F,19,19F,19F,19F,19F,19F,19F,19F
ERR884403,GPS_benchmark,19A,19,19A,1,19AF,19A,19A,19A,19A
SRR26714078,GPS_benchmark,8,8,8,8,8,8,8,8,8
ERR1066087,GPS_benchmark,10A,10,10A,10A,10A,10A,10A,10A,10A
SRR26749819,GPS_benchmark,17F,17,17F,17F,17F,17F,17F,17F,17F
ERR338225,GPS_benchmark,9V,9,9V,9V,9V,9A/9V,9V,9V,9V
SRR26880010,GPS_benchmark,22F,22,22F,22F,22F,22F,22F,22F,22F
ERR434039,GPS_benchmark,14,14,14,14,14,14,14,14,14
SRR26749925,GPS_benchmark,23B,23,23B,23B1,23B1,23B,23B,23B,23B1
ERR979912,GPS_benchmark,5,5,5,5,5,5,5,5,5
ERR2091134,GPS_benchmark,31,31,31,31,31,31,31,31,31
SRR26884424,GPS_benchmark,9N,9,9N,9N,9N,9N/9L,9N,9N,9N
ERR3227802,GPS_benchmark,33F,33,33F,33F,33F,33F/33A,33F,33F,37
SRR26789572,GPS_benchmark,6C,6,6C,6C,6C,6C/6D,6A,6C,6C
ERR742657,GPS_benchmark,15A,15,15A,15A,15A,15A/15D,15A,15A,15A
ERR2090079,GPS_benchmark,28F,28,28F,28A,28F,28F/28A,28F,28F,28F
ERR467043,GPS_benchmark,1,1,1,1,1,1,1,1,1
SRR26930536,GPS_benchmark,9N,9,9N,9N,9N,9N/9L,9N,9N,9N
ERR1453284,GPS_benchmark,12F,12,12F,12F,12F,12F,12F,12F,12F
ERR505529,GPS_benchmark,9V,9,9V,9V,9V,9A/9V,9V,9V,9V
ERR730939,GPS_benchmark,6B,6,6B,6E,6E,Serogroup_6_(6E),6B,6B,6E(6B)
SRR26797349,GPS_benchmark,19A,19,19A,19A,19AF,19A,19A,19A,19A
SRR26880385,GPS_benchmark,12F,12,12F,12F,12F,12F,12F,12F,12F
ERR1191885,GPS_benchmark,6B,6,6B,6E,6E,Serogroup_6_(6E),6B,6B,6E(6B)
SRR26797074,GPS_benchmark,8,8,8,8,8,8,8,8,8
SRR26714347,GPS_benchmark,12F,12,12F,12F,12F,12F,12F,12F,12F
ERR3303178,GPS_benchmark,11A,11,11A,11A,11A,11A/11D,11A,11A,11A
ERR596389,GPS_benchmark,22F,22,22F,22F,22F,22F,22F,22F,22F
SRR26834194,GPS_benchmark,9N,9,9N,9N,9N,9N/9L,9N,9N,9N
ERR331138,GPS_benchmark,6B,6,6B,6E,6E,Serogroup_6_(6E),6B,6B,6E(6B)
SRR26749297,GPS_benchmark,12F,12,18C,12F,Failed,12F,12F,12F,12F
ERR913249,GPS_benchmark,1,1,1,1,1,1,1,1,1
ERR1453305,GPS_benchmark,7B,7,14,NT,7B,7B/40,7B,7C,7B
ERR2667529,GPS_benchmark,14,14,14,14,14,14,14,14,14
ERR2667539,GPS_benchmark,14,14,14,14,14,14,14,14,14
ERR505544,GPS_benchmark,9N,9,9N,9N,9N,9N/9L,9N,9N,9N
ERR730434,GPS_benchmark,14,14,14,14,14,14,14,14,14
ERR714534,GPS_benchmark,23F,23,23F,23F,23F,23F,23F,23F,23F
ERR2667797,GPS_benchmark,19A,19,19A,14,19AF,"Mixed serotypes- {'14', '19A_19AF'}",19A,19A,19A
ERR900696,GPS_benchmark,23F,23,23F,23F,23F,23F,23F,23F,23F
SRR26930345,GPS_benchmark,22F,22,22F,22F,22F,22F,22F,22F,22F
ERR646559,GPS_benchmark,4,4,4,4,4,4,4,4,4
ERR773835,GPS_benchmark,14,14,14,14,14,14,14,14,14
SRR26594937,GPS_benchmark,10A,10,10A,10A,10A,10A,10A,10A,10A
ERR600257,GPS_benchmark,19A,19,19A,19A,19A,19A,19A,19A,19A
SRR26789988,GPS_benchmark,12F,12,12F,12F,12F,12F,12F,12F,12F
ERR2681347,GPS_benchmark,10A,10,10A,10A,10A,10A,10A,10A,10A
ERR3796488,GPS_benchmark,14,14,14,14,14,14,14,14,14
SRR26931801,GPS_benchmark,17F,17,17F,17F,17F,17F,17F,17F,17F
ERR884572,GPS_benchmark,19A,19,19A,19A,Failed,19A,19A,19A,19A
ERR13364555,GPS_benchmark,19F,19,19F,19F,19F,19F,19F,19F,19F
ERR646534,GPS_benchmark,23F,23,23F,23F,23F,23F,23F,23F,23F
ERR2612069,GPS_benchmark,1,1,1,1,1,1,1,1,1
ERR2090303,GPS_benchmark,6B,6,6B,6E,6E,Serogroup_6_(6E),6B,6B,6E(6B)
ERR751137,GPS_benchmark,6B,6,6B,6E,6E,Serogroup_6_(6E),6B,6B,6E(6B)
ERR845754,GPS_benchmark,7F,7,7F,7F,7A,7F/7A,7F,7F,7F
SRR26789851,GPS_benchmark,10A,10,10A,10A,10A,10A,10A,10A,10A
ERR751142,GPS_benchmark,6B,6,6B,6E,6E,Serogroup_6_(6E),6B,6B,6E(6B)
ERR1065624,GPS_benchmark,1,1,1,1,1,1,1,1,1
ERR505853,GPS_benchmark,7F,7,7F,7F,7A,7F/7A,7F,7F,7F
ERR2089036,GPS_benchmark,16F,16,16F,16F,16F,"Below 70% hit - Poor Sequence quality, variant or non-typeable organism.",16F,16F,16F
ERR750979,GPS_benchmark,5,5,5,5,5,5,5,5,5
ERR13374796,GPS_benchmark,23A,23,23A,23A,23A,23A,23A,23A,23A
SRR26595021,GPS_benchmark,10A,10,10A,10A,10A,10A,10A,10A,10A
SRR26714712,GPS_benchmark,8,8,8,8,8,8,8,8,8
ERR425387,GPS_benchmark,14,14,14,14,14,14,14,14,14
ERR4289129,GPS_benchmark,9V,9,9V,9V,9V,9A/9V,9V,9V,9V
ERR633051,GPS_benchmark,14,14,14,14,14,14,14,14,14
ERR2667598,GPS_benchmark,9N,9,9N,9N,9N,9N/9L,9N,9N,9N
ERR3655125,GPS_benchmark,14,14,14,14,14,14,14,14,14
SRR26878421,GPS_benchmark,9N,9,9N,9N,9N,9N/9L,9N,9N,9N
ERR1214698,GPS_benchmark,7C,7,7C,7C,7C,7C,7C,7C,7C
ERR1788564,GPS_benchmark,40,40,10A,40,7B,7B/40,40,40,40
ERR13365291,GPS_benchmark,19A,19,19A,19A,19AF,19A,19A,19A,19A
ERR13374870,GPS_benchmark,33F,33,33F,33F,33F,33F/33A,33F,33F,33F
ERR730633,GPS_benchmark,1,1,1,1,1,1,1,1,1
SRR26884007,GPS_benchmark,19F,19,19F,19F,19F,19F,19F,19F,19F
SRR26749711,GPS_benchmark,14,14,14,14,14,14,14,14,14
SRR26818616,GPS_benchmark,9N,9,9N,9N,9N,9N/9L,9N,9N,9N
ERR13364889,GPS_benchmark,9V,9,9V,9V,9V,9A/9V,9V,9V,9V
ERR505983,GPS_benchmark,14,14,14,14,14,14,14,14,14
ERR1192168,GPS_benchmark,1,1,1,1,1,1,1,1,1
ERR2089165,GPS_benchmark,19F,19,19F,19F,19F,19F,19F,19F,19F
ERR3669363,GPS_benchmark,16F,16,16F,16F,16F,16F,16F,16F,16F
ERR2089775,GPS_benchmark,6B,6,6B,6E,6E,Serogroup_6_(6E),6B,6B,6E(6B)
SRR26910563,GPS_benchmark,8,8,8,8,8,8,8,8,8
ERR2612111,GPS_benchmark,5,5,5,5,5,5,5,5,5
ERR2090249,GPS_benchmark,4,4,4,4,4,4,4,4,4
ERR600132,GPS_benchmark,9N,9,9N,9N,9N,9N/9L,9N,9N,9N
SRR26930261,GPS_benchmark,10A,10,10A,10A,10A,10A,10A,10A,10A
SRR26790048,GPS_benchmark,8,8,8,8,8,8,8,8,8
ERR3303337,GPS_benchmark,6B,6,6B,6E,6E,Serogroup_6_(6E),6B,6B,6E(6B)
SRR26789859,GPS_benchmark,33F,33,33F,33F,33F,33F/33A,33F,33F,33A/33F
ERR1540756,GPS_benchmark,19F,19,19F,19F,19F,19F,19F,19F,19F
SRR26672944,GPS_benchmark,22F,22,22F,22F,22F,22F,22F,22F,22F
ERR2090669,GPS_benchmark,12F,12,12F,12F,12F,12F,12F,12F,12F
SRR26878399,GPS_benchmark,8,8,8,8,8,8,8,8,8
ERR326375,GPS_benchmark,35B,35,35B,35B,35B,35B/35D,35B,35B,35B
ERR13364618,GPS_benchmark,14,14,14,14,14,14,14,14,14
ERR876647,GPS_benchmark,14,14,14,14,14,14,14,14,14
ERR913443,GPS_benchmark,34,34,34,34,34,34,34,34,34
ERR2091137,GPS_benchmark,12F,12,12F,12F,12F,12F,12F,12F,12F
ERR2089566,GPS_benchmark,6C,6,6C,6C,6D,6C/6D,6C,6C,6C
SRR26911071,GPS_benchmark,20A,20,9V,20,Failed,20,20,20A,20
SRR26594372,GPS_benchmark,8,8,8,8,8,8,8,8,8
SRR26818320,GPS_benchmark,12F,12,12F,12F,12F,12F,12F,12F,12F
SRR26879449,GPS_benchmark,8,8,8,8,8,8,8,8,8
SRR26931384,GPS_benchmark,9N,9,9N,9N,9N,9N/9L,9N,9N,9N
ERR997488,GPS_benchmark,10A,10,10A,10A,10A,10A,10A,10A,10A
ERR1214498,GPS_benchmark,19F,19,19F,19F,19F,19F,19F,19F,19F
ERR774211,GPS_benchmark,14,14,14,14,14,14,14,14,14
ERR1795514,GPS_benchmark,6C,6,6C,6C,6D,6C/6D,6C,6C,6C
SRR26930823,GPS_benchmark,16F,16,16F,16F,16F,16F,16F,16F,16F
ERR730369,GPS_benchmark,14,14,14,14,14,14,14,14,14
ERR1202230,GPS_benchmark,21,21,21,21,21,21,21,21,21
ERR1202535,GPS_benchmark,1,1,1,1,1,1,1,1,1
SRR26714572,GPS_benchmark,35B,35,35B,35B,35B,35B/35D,35B,35B,35B
ERR433754,GPS_benchmark,19F,19,19F,19F,19F,19F,19F,19F,19F
ERR13365275,GPS_benchmark,22F,22,22F,22F,22F,22F,22F,22F,22F
ERR913424,GPS_benchmark,5,5,5,5,5,5,5,5,5
ERR632911,GPS_benchmark,14,14,14,14,14,14,14,14,14
ERR3270820,GPS_benchmark,11A,11,11A,11A,11A,11A/11D,11A,11A,11A
ERR7567751,GPS_benchmark,33D,33,33D,NT,33D,"Mixed serotypes- {'33D', '33B'}",33D,33D,33D
SRR26878536,GPS_benchmark,17F,17,17F,17F,17F,17F,17F,17F,17F
ERR997509,GPS_benchmark,35B,35,35B,35B,35B,35B/35D,35B,35B,35B
ERR632997,GPS_benchmark,4,4,4,4,4,4,4,4,4
SRR26833812,GPS_benchmark,9N,9,9N,9N,9N,9N/9L,9N,9N,9N
SRR26797517,GPS_benchmark,23B,23,23B,23B,23B,23B,23B,23B,23B
SRR26594441,GPS_benchmark,11A,11,6B,11A,11A,11A/11D,11A,11A,11A
SRR26789654,GPS_benchmark,22F,22,22F,22F,22F,22F,22F,22F,22F
SRR26834353,GPS_benchmark,16F,16,16F,16F,16F,16F,16F,16F,16F
ERR13365796,GPS_benchmark,23F,23,23F,23F,23F,23F,23F,23F,23F
ERR505789,GPS_benchmark,19A,19,19A,19A,19A,19A,19A,19A,19A
SRR26818415,GPS_benchmark,12F,12,12F,12F,12F,12F,12F,12F,12F
ERR425421,GPS_benchmark,14,14,14,14,14,14,14,14,14
ERR1106626,GPS_benchmark,19A,19,6A,19A,19A,19A,19A,19A,19A
ERR2681312,GPS_benchmark,34,34,34,34,34,34,34,34,34
SRR26884231,GPS_benchmark,15A,15,15A,15A,15A,15A/15D,15A,15A,15A
ERR1764036,GPS_benchmark,1,1,1,1,1,1,1,1,1
ERR13364833,GPS_benchmark,14,14,14,14,14,14,14,14,14
ERR913209,GPS_benchmark,1,1,1,1,1,1,1,1,1
ERR433848,GPS_benchmark,38,38,38,38,38,25F_25A_38,38,38,38
ERR1422501,GPS_benchmark,9V,9,9V,9V,9V,9A/9V,9V,9V,9V
ERR714337,GPS_benchmark,12F,12,12F,12F,12F,12F,12F,12F,12F
ERR913212,GPS_benchmark,25F,25,25F,25F,25A,25F/25A,25F,25F,25F
ERR1788501,GPS_benchmark,19F,19,19F,19F,19F,19F,19F,19F,19F
SRR26833790,GPS_benchmark,22F,22,22F,22F,22F,22F,22F,22F,22F
SRR26790201,GPS_benchmark,22F,22,22F,22F,22F,22F,22F,22F,22F
SRR26884296,GPS_benchmark,12F,12,12F,12F,12F,12F,12F,12F,12F
ERR2089033,GPS_benchmark,13,13,13,13,13,13,13,13,13
SRR26749666,GPS_benchmark,12F,12,12F,12F,12F,12F,12F,12F,12F
ERR979956,GPS_benchmark,35B,35,35B,35B,35B,35B/35D,35B,35B,35B
ERR909141,GPS_benchmark,13,13,13,13,13,13,13,13,13
ERR2090638,GPS_benchmark,1,1,1,1,1,1,1,1,1
SRR26790085,GPS_benchmark,8,8,8,8,8,8,8,8,8
ERR714549,GPS_benchmark,14,14,14,14,14,14,14,14,14
ERR742586,GPS_benchmark,35B,35,35B,NT,35B,35B/35D,35B,35B,35B
SRR26877797,GPS_benchmark,12F,12,12F,12F,12F,12F,12F,12F,12F
SRR26878272,GPS_benchmark,22F,22,22F,22F,22F,22F,22F,22F,22F
ERR908857,GPS_benchmark,7C,7,7C,7C,7C,7C,7C,7C,7C
SRR26879503,GPS_benchmark,8,8,8,8,8,8,8,8,8
ERR876713,GPS_benchmark,14,14,14,14,14,14,14,14,14
ERR2089987,GPS_benchmark,1,1,1,1,1,1,1,1,1
SRR26595093,GPS_benchmark,10A,10,10A,10A,10A,10A,10A,10A,10A
ERR568558,GPS_benchmark,9V,9,10A,9V,9V,9A/9V,9V,9V,9V
SRR26797257,GPS_benchmark,23B,23,23B,23B,23B,23B,23B,23B,23B
SRR26714312,GPS_benchmark,12F,12,12F,12F,12F,12F,12F,12F,12F
ERR925064,GPS_benchmark,23F,23,23F,23F,23F,23F,23F,23F,23F
ERR505645,GPS_benchmark,19F,19,19F,19F,19F,19F,19F,19F,19F
SRR26883980,GPS_benchmark,12F,12,12F,12F,12F,12F,12F,12F,12F
ERR862535,GPS_benchmark,15A,15,15A,15A,15A,15A/15D,15A,15A,15A
SRR26930398,GPS_benchmark,15A,15,15A,15A,15A,15A/15D,15A,15A,15A
SRR26879583,GPS_benchmark,10A,10,10A,10A,10A,10A,10A,10A,10A
SRR26833542,GPS_benchmark,7C,7,7C,7C,7C,7C,7C,7C,7C
ERR750883,GPS_benchmark,14,14,14,14,14,14,14,14,14
ERR646580,GPS_benchmark,14,14,14,14,14,14,14,14,14
ERR326362,GPS_benchmark,6B,6,6A,6E,6A,Serogroup_6_(6E),6B,6B,6E(6B)
SRR26714945,GPS_benchmark,10A,10,10A,10A,10A,10A,10A,10A,10A
SRR26834482,GPS_benchmark,9N,9,9N,9N,9N,9N/9L,9N,9N,9N
ERR600174,GPS_benchmark,33F,33,33F,33F,33F,33F/33A,33F,33F,33F
ERR1202399,GPS_benchmark,46,46,46,46,12A,12A/12B/44/46,12B,46,12A/12B
ERR352055,GPS_benchmark,14,14,14,14,14,14,14,14,14
SRR26910292,GPS_benchmark,8,8,8,8,8,8,8,8,8
ERR2667548,GPS_benchmark,14,14,14,14,14,14,14,14,14
ERR2089964,GPS_benchmark,17F,17,17F,17F,17F,17F,17F,17F,17F
ERR1192174,GPS_benchmark,20A,20,19F,20,20,20,20,20A,20
ERR425468,GPS_benchmark,38,38,38,NT,38,38,38,38,38
SRR26833834,GPS_benchmark,8,8,8,8,8,8,8,8,8
ERR870148,GPS_benchmark,12F,12,12F,12F,12F,12F,12F,12F,12F
SRR26797057,GPS_benchmark,3,3,3,3,3,"Below 70% hit - Poor Sequence quality, variant or non-typeable organism.",3,3,3
ERR326507,GPS_benchmark,4,4,4,4,4,4,4,4,4
ERR568639,GPS_benchmark,13,13,13,13,13,13,13,13,13
SRR26749443,GPS_benchmark,12F,12,12F,12F,12F,12F,12F,12F,12F
SRR26883808,GPS_benchmark,8,8,8,8,8,8,8,8,8
ERR13365685,GPS_benchmark,1,1,1,1,1,1,1,1,1
ERR326391,GPS_benchmark,34,34,34,34,34,34,34,34,34
SRR26594899,GPS_benchmark,8,8,8,8,8,8,8,8,8
ERR714268,GPS_benchmark,6A,6,6A,6A,6B,6A/6B,6A,6A,6A
SRR26673713,GPS_benchmark,20B,20,20B,20,20,20,20,20B,20
ERR505917,GPS_benchmark,6C,6,6C,6C,Failed,6C/6D,6C,6C,6C
ERR1066131,GPS_benchmark,6B,6,6B,6E,6E,Serogroup_6_(6E),6B,6B,6E(6B)
ERR730470,GPS_benchmark,34,34,34,34,34,34,34,34,34
ERR600325,GPS_benchmark,1,1,1,1,1,1,1,1,1
ERR2090962,GPS_benchmark,14,14,14,14,14,14,14,14,14
SRR26834435,GPS_benchmark,9N,9,9N,9N,9N,9N/9L,9N,9N,9N
SRR26673498,GPS_benchmark,8,8,8,8,8,8,8,8,8
SRR26931219,GPS_benchmark,37,37,37,37,33F,37,37,37,37
ERR862475,GPS_benchmark,46,46,46,46,12A,12A/12B/44/46,46,46,46
ERR1202282,GPS_benchmark,19F,19,19F,19F,19F,19F,19F,19F,19F
ERR505580,GPS_benchmark,11A,11,11A,11A,11A,11A/11D,11A,11A,11A
ERR1422533,GPS_benchmark,14,14,14,14,14,14,14,14,14
SRR26789948,GPS_benchmark,12F,12,12F,12F,12F,12F,12F,12F,12F
SRR26594861,GPS_benchmark,16F,16,16F,16F,16F,16F,16F,16F,16F
SRR26789765,GPS_benchmark,33F,33,33F,33F,33F,33F/33A,33F,33F,33A/33F
ERR750997,GPS_benchmark,5,5,5,5,5,5,5,5,5
SRR26789458,GPS_benchmark,19F,19,19F,19F,19F,19F,19F,19F,19F
ERR997528,GPS_benchmark,4,4,4,4,4,4,4,4,4
ERR1066202,GPS_benchmark,23F,23,12F,23F,23F,23F,23F,23F,23F
SRR26930679,GPS_benchmark,9N,9,9N,9N,9N,9N/9L,9N,9N,9N
ERR2680845,GPS_benchmark,19F,19,19F,19F,19F,19F,19F,19F,19F
ERR568616,GPS_benchmark,4,4,4,4,Failed,4,4,4,4
ERR984249,GPS_benchmark,48,48,48,48,48,48,48,48,48
ERR862428,GPS_benchmark,22A,22,18C,22A,22A,22A,22A,22A,22A
SRR26790030,GPS_benchmark,8,8,8,8,8,8,8,8,8
ERR750873,GPS_benchmark,5,5,5,5,5,5,5,5,5
SRR26750058,GPS_benchmark,8,8,8,8,8,8,8,8,8
SRR26673292,GPS_benchmark,22F,22,22F,22F,22F,22F,22F,22F,22F
ERR714696,GPS_benchmark,6B,6,6B,6E,6E,Serogroup_6_(6E),6B,6B,6E(6B)
ERR751140,GPS_benchmark,12F,12,12F,12F,12F,12F,12F,12F,12F
ERR13366250,GPS_benchmark,22F,22,22F,22F,22F,22F,22F,22F,22F
ERR925333,GPS_benchmark,6A,6,15B,6A,Failed,6A/6B,6A,6A,6A
SRR26715028,GPS_benchmark,8,8,8,8,8,8,8,8,8
SRR26672763,GPS_benchmark,22F,22,22F,22F,22F,22F,22F,22F,22F
ERR908925,GPS_benchmark,34,34,34,34,34,34,34,34,34
ERR1540803,GPS_benchmark,13,13,13,13,13,13,13,13,13
ERR1192023,GPS_benchmark,15A,15,15A,15A,15A,15A/15D,15A,15A,15A
SRR26931901,GPS_benchmark,33F,33,33F,33F,33F,33F/33A,33F,33F,33A/33F
SRR26878228,GPS_benchmark,8,8,8,8,8,8,8,8,8
ERR980332,GPS_benchmark,6A,6,6A,6A,6A,6A/6B,6A,6A,6A
ERR13365010,GPS_benchmark,14,14,14,14,14,14,14,14,14
ERR2089298,GPS_benchmark,18A,18,18A,18A,18A,18A,18A,18A,18A
ERR633113,GPS_benchmark,1,1,1,1,1,1,1,1,1
ERR925353,GPS_benchmark,19F,19,19F,19F,Failed,19F,19F,19F,19F
ERR730314,GPS_benchmark,16F,16,16F,16F,16F,"Below 70% hit - Poor Sequence quality, variant or non-typeable organism.",16F,16F,16F
ERR319336,GPS_benchmark,6C,6,6C,6C,6D,6C/6D,6C,6C,6C
ERR1788019,GPS_benchmark,9L,9,9L,NT,9L,"Below 70% hit - Poor Sequence quality, variant or non-typeable organism.",9L,9L,9L
SRR26910310,GPS_benchmark,9N,9,9N,9N,9N,9N/9L,9N,9N,9N
SRR26931446,GPS_benchmark,12F,12,12F,12F,12F,12F,12F,12F,12F
SRR26594765,GPS_benchmark,12F,12,12F,12F,12F,12F,12F,12F,12F
ERR2681226,GPS_benchmark,34,34,34,34,34,34,34,34,34
SRR26931079,GPS_benchmark,8,8,8,8,8,8,8,8,8
ERR425373,GPS_benchmark,14,14,14,14,14,14,14,14,14
ERR900721,GPS_benchmark,7C,7,7C,7C,7C,7C,7C,7C,7C
ERR774630,GPS_benchmark,19F,19,19F,NT,19F,19F,19F,19F,19F
ERR1836940,GPS_benchmark,28A,28,19F,28A,28F,28F/28A,28A,28A,28A
ERR2090799,GPS_benchmark,12F,12,12F,12F,12F,12F,12F,12F,12F
SRR26673121,GPS_benchmark,8,8,8,8,8,8,8,8,8
ERR751154,GPS_benchmark,5,5,5,5,5,5,5,5,5
ERR662367,GPS_benchmark,31,31,31,31,31,31,31,31,31
ERR1106738,GPS_benchmark,17F,17,17F,17F,17F,17F,17F,17F,17F
SRR26880262,GPS_benchmark,11A,11,11A,11A,11A,11A/11D,11A,11A,11A
ERR742747,GPS_benchmark,14,14,14,14,14,14,14,14,14
SRR26750096,GPS_benchmark,11E,11,11A,11A,11A,11A/11D,11A,11E,11A
SRR26911090,GPS_benchmark,8,8,8,8,8,8,8,8,8
SRR26749566,GPS_benchmark,22F,22,22F,22F,22F,22F,22F,22F,22F
ERR876461,GPS_benchmark,14,14,14,14,14,14,14,14,14
ERR1214490,GPS_benchmark,38,38,38,38,38,25F_25A_38,38,38,38
ERR1788342,GPS_benchmark,16F,16,16F,16F,16F,"Below 70% hit - Poor Sequence quality, variant or non-typeable organism.",16F,16F,16F
ERR570428,GPS_benchmark,9N,9,9N,9N,9N,9N/9L,9N,9N,9N
SRR26797834,GPS_benchmark,8,8,8,8,8,8,8,8,8
SRR26818058,GPS_benchmark,22F,22,22F,22F,22F,22F,22F,22F,22F
SRR26911064,GPS_benchmark,19A,19,19A,19A,Failed,19A,19A,19A,19A
ERR600153,GPS_benchmark,38,38,38,38,38,38,38,38,38
SRR26714879,GPS_benchmark,7C,7,7C,7C,7C,7C,7C,7C,7C
ERR3217621,GPS_benchmark,3,3,3,3,3,"Below 70% hit - Poor Sequence quality, variant or non-typeable organism.",3,3,3
ERR326402,GPS_benchmark,6C,6,6C,6C,6D,6C/6D,6C,6C,6C
ERR979986,GPS_benchmark,35B,35,35B,35B,35B,35B/35D,35B,35B,35B
ERR3270844,GPS_benchmark,11A,11,11A,11A,11A,11A/11D,11A,11A,11A
ERR425501,GPS_benchmark,6B,6,6B,6E,6E,Serogroup_6_(6E),6B,6B,6E(6B)
SRR26930563,GPS_benchmark,9N,9,9N,9N,9N,9N/9L,9N,9N,9N
ERR319339,GPS_benchmark,6A,6,6A,6E,6E,Serogroup_6_(6E),6A,6A,6E(6A)
SRR26931091,GPS_benchmark,7C,7,7C,7C,7C,7C,7C,7C,7C
SRR26672785,GPS_benchmark,22F,22,22F,22F,22F,22F,22F,22F,22F
SRR26749457,GPS_benchmark,7C,7,7C,7C,Failed,7C,7C,7C,7C
ERR876639,GPS_benchmark,1,1,1,1,1,1,1,1,1
SRR26594478,GPS_benchmark,9N,9,9N,9N,9N,9N/9L,9N,9N,9N
ERR909115,GPS_benchmark,19F,19,19F,19F,19F,19F,19F,19F,19F
ERR2090674,GPS_benchmark,12F,12,12F,12F,12F,12F,12F,12F,12F
ERR319313,GPS_benchmark,6A,6,6B,NT,Failed,Serogroup_6_(6E),6A,6A,6E(6A)
SRR26789536,GPS_benchmark,38,38,38,38,38,38,38,38,38
SRR26879738,GPS_benchmark,22F,22,22F,22F,22F,22F,22F,22F,22F
ERR13364436,GPS_benchmark,8,8,8,8,8,8,8,8,8
ERR773862,GPS_benchmark,1,1,1,1,1,1,1,1,1
ERR433505,GPS_benchmark,22F,22,22F,22F,22F,22F,22F,22F,22F
ERR13365609,GPS_benchmark,14,14,14,14,14,14,14,14,14
SRR26931220,GPS_benchmark,22F,22,22F,22F,22F,22F,22F,22F,22F
ERR13364477,GPS_benchmark,15A,15,15A,15A,15A,15A/15D,15A,15A,15A
SRR26818178,GPS_benchmark,38,38,38,38,38,38,38,38,38
SRR26789740,GPS_benchmark,7C,7,7C,7C,7C,7C,7C,7C,7C
ERR316678,GPS_benchmark,6A,6,6A,6A,Failed,6A/6B,6A,6A,6A
SRR26931908,GPS_benchmark,19A,19,19A,19A,19AF,19A,19A,19A,19A
ERR2090788,GPS_benchmark,33F,33,33F,33F,33F,33F/33A,33F,33F,33F
SRR26714587,GPS_benchmark,12F,12,12F,12F,12F,12F,12F,12F,12F
SRR26880392,GPS_benchmark,12F,12,12F,12F,12F,12F,12F,12F,12F
SRR26750045,GPS_benchmark,12F,12,12F,12F,12F,12F,12F,12F,12F
SRR26931914,GPS_benchmark,12F,12,12F,12F,12F,12F,12F,12F,12F
SRR26818491,GPS_benchmark,22F,22,22F,22F,22F,22F,22F,22F,22F
SRR26878712,GPS_benchmark,9N,9,9N,9N,9N,9N/9L,9N,9N,9N
ERR730744,GPS_benchmark,23F,23,23F,23F,23F,23F,23F,23F,23F
ERR730535,GPS_benchmark,23F,23,23F,23F,23F,23F,23F,23F,23F
ERR730300,GPS_benchmark,6A,6,6A,6A,6B,6A/6B,6A,6A,6A
SRR26878498,GPS_benchmark,9N,9,9N,9N,9N,9N/9L,9N,9N,9N
ERR742525,GPS_benchmark,1,1,1,1,1,1,1,1,1
ERR10419722,GPS_benchmark,NA,NA,12F,12F,12F,12F,12F,12F,12F
ERR1065115,GPS_benchmark,NA,NA,19F,19F,19F,19F,19F,19F,19F
ERR1065159,GPS_benchmark,NA,NA,20A,20,20,20,20,20A,20
ERR1065185,GPS_benchmark,NA,NA,31,31,31,31,31,31,31
ERR1065191,GPS_benchmark,NA,NA,22A,22A,22A,22A,22A,22A,22A
ERR1065272,GPS_benchmark,NA,NA,15C,15C,15C,15B/15C,15B|15C,15B/15C,15B/15C
ERR1065277,GPS_benchmark,NA,NA,11A,11A,11A,11A/11D,11A,11A,11A
ERR1065296,GPS_benchmark,NA,NA,34,34,34,34,34,34,34
ERR1065306,GPS_benchmark,NA,NA,34,34,34,34,34,34,34
ERR1065319,GPS_benchmark,NA,NA,19A,19A,19AF,19A,19A,19A,19A
ERR1065321,GPS_benchmark,NA,NA,19A,19A,19AF,19A,19A,19A,19A
ERR1065336,GPS_benchmark,NA,NA,6A,6A,6A,6A/6B,6A,6A,6A
ERR1065350,GPS_benchmark,NA,NA,23F,NT,23F,23F,23F,23F,23F
ERR1065352,GPS_benchmark,NA,NA,15B,15B,15C,15B/15C,15B,15B,15B/15C
ERR1065392,GPS_benchmark,NA,NA,22F,22F,22F,22F,22F,22F,22F
ERR1065400,GPS_benchmark,NA,NA,16F,16F,16F,"Below 70% hit - Poor Sequence quality, variant or non-typeable organism.",16F,16F,16F
ERR1065441,GPS_benchmark,NA,NA,6A,6A,6A,6A/6B,6A,6A,6A
ERR1065465,GPS_benchmark,NA,NA,18C,18C,18B,18C/18B,18C,18C,18C
ERR1065466,GPS_benchmark,NA,NA,15B,15B,15C,15B/15C,15B,15B,15B/15C
ERR1065468,GPS_benchmark,NA,NA,15B,15B,15C,15B/15C,15B,15B,15B/15C
ERR1065484,GPS_benchmark,NA,NA,19A,19A,19AF,19A,19A,19A,19A
ERR1065489,GPS_benchmark,NA,NA,15A,15A,15A,15A/15D,15A,15A,15A
ERR1065530,GPS_benchmark,NA,NA,16F,16F,16F,"Below 70% hit - Poor Sequence quality, variant or non-typeable organism.",16F,16F,16F
ERR1065552,GPS_benchmark,NA,NA,9N,9N,9L,9N/9L,9N,9N,9N
ERR1065568,GPS_benchmark,NA,NA,20A,20,20,20,20,20A,20
ERR1065611,GPS_benchmark,NA,NA,35B,35B,35B,35B/35D,35B,35B,35B
ERR1065623,GPS_benchmark,NA,NA,28F,NT,28F,28F/28A,28F,28F,28F
ERR1065629,GPS_benchmark,NA,NA,1,1,1,1,1,1,1
ERR1065649,GPS_benchmark,NA,NA,19A,19A,19AF,19A,19A,19A,19A
ERR1065718,GPS_benchmark,NA,NA,16F,16F,16F,16F,16F,16F,16F
ERR1065726,GPS_benchmark,NA,NA,34,34,34,34,34,34,34
ERR1065739,GPS_benchmark,NA,NA,18C,18C,18B,18C/18B,18C,18C,18C
ERR1065755,GPS_benchmark,NA,NA,11A,11A,11A,11A/11D,11A,11A,11A
ERR1065771,GPS_benchmark,NA,NA,23A,23A,23A,23A,23A,23A,23A
ERR1065784,GPS_benchmark,NA,NA,31,31,31,31,31,31,31
ERR1065827,GPS_benchmark,NA,NA,15B,15B,15C,15B/15C,15B,15B,15B/15C
ERR1065841,GPS_benchmark,NA,NA,19A,19A,19AF,19A,19A,19A,19A
ERR1065843,GPS_benchmark,NA,NA,12F,12F,12F,12F,12F,12F,12F
ERR1065885,GPS_benchmark,NA,NA,15B,15B,15C,15B/15C,15B,15B,15B/15C
ERR1065890,GPS_benchmark,NA,NA,23A,23A,23A,23A,23A,23A,23A
ERR1065905,GPS_benchmark,NA,NA,15A,15A,15A,15A/15D,15A,15A,15A
ERR1065909,GPS_benchmark,NA,NA,15C,15C,15C,15B/15C,15B|15C,15C,15B/15C
ERR1065911,GPS_benchmark,NA,NA,23F,23F,23F,23F,23F,23F,23F
ERR1065915,GPS_benchmark,NA,NA,19F,19F,19F,19F,19F,19F,19F
ERR1065960,GPS_benchmark,NA,NA,15A,15A,15A,15A/15D,15A,15A,15A
ERR1065962,GPS_benchmark,NA,NA,11A,11A,11A,11A/11D,11A,11A,11A
ERR1065964,GPS_benchmark,NA,NA,11B,15B,15C,15B/15C,15B,15B,15B/15C
ERR1065970,GPS_benchmark,NA,NA,15C,15C,15C,15B/15C,15B|15C,15C,15B/15C
ERR1065981,GPS_benchmark,NA,NA,23F,23F,23F,23F,23F,23F,23F
ERR1065993,GPS_benchmark,NA,NA,15A,15A,15A,15A/15D,15A,15A,15A
ERR1066002,GPS_benchmark,NA,NA,11A,11A,11A,11A/11D,11A,11A,11A
ERR1066030,GPS_benchmark,NA,NA,19F,19F,19F,19F,19F,19F,19F
ERR1066101,GPS_benchmark,NA,NA,13,13,13,13,13,13,13
ERR1066105,GPS_benchmark,NA,NA,15A,15A,15A,15A/15D,15A,15A,15A
ERR1066122,GPS_benchmark,NA,NA,6A,6A,6A,6A/6B,6A,6A,6A
ERR1066124,GPS_benchmark,NA,NA,19A,19A,19AF,19A,19A,19A,19A
ERR1066138,GPS_benchmark,NA,NA,16F,16F,16F,"Below 70% hit - Poor Sequence quality, variant or non-typeable organism.",16F,16F,16F
ERR1066149,GPS_benchmark,NA,NA,16F,16F,16F,"Below 70% hit - Poor Sequence quality, variant or non-typeable organism.",16F,16F,16F
ERR1066155,GPS_benchmark,NA,NA,15C,15C,15C,15B/15C,15B|15C,15B/15C,15B/15C
ERR1066165,GPS_benchmark,NA,NA,22F,22F,22F,22F,22F,22F,22F
ERR1066206,GPS_benchmark,NA,NA,16F,16F,16F,"Below 70% hit - Poor Sequence quality, variant or non-typeable organism.",16F,16F,16F
ERR1066226,GPS_benchmark,NA,NA,8,8,8,8,8,8,8
ERR1066246,GPS_benchmark,NA,NA,15B,15C,15C,15B/15C,15C,15C,15B/15C
ERR1066264,GPS_benchmark,NA,NA,23A,23A,23A,23A,23A,23A,23A
ERR1066309,GPS_benchmark,NA,NA,23B,23B,23B,23B,23B,23B,23B
ERR1066310,GPS_benchmark,NA,NA,8,8,8,8,8,8,8
ERR1066321,GPS_benchmark,NA,NA,19F,19F,19F,19F,19F,19F,19F
ERR1066349,GPS_benchmark,NA,NA,16F,16F,16F,"Below 70% hit - Poor Sequence quality, variant or non-typeable organism.",16F,16F,16F
ERR1066354,GPS_benchmark,NA,NA,3,3,3,3,3,3,3
ERR1066355,GPS_benchmark,NA,NA,6C,6C,6D,6C/6D,6C,6C,6C
ERR1106654,GPS_benchmark,NA,NA,3,3,3,3,3,3,3
ERR1106726,GPS_benchmark,NA,NA,6B,6E,6E,Serogroup_6_(6E),6B,6B,6E(6B)
ERR1106752,GPS_benchmark,NA,NA,19F,19F,19F,19F,19F,19F,19F
ERR1106754,GPS_benchmark,NA,NA,15B,15C,15C,15B/15C,15C,15C,15B/15C
ERR1106770,GPS_benchmark,NA,NA,15C,15C,15C,15B/15C,15C,15C,15B/15C
ERR1106782,GPS_benchmark,NA,NA,19A,19A,19A,19A,19A,19A,19A
ERR1106808,GPS_benchmark,NA,NA,35B,35B,35B,35B/35D,35B,35B,35B
ERR1191864,GPS_benchmark,NA,NA,19A,19A,19A,19A,19A,19A,19A
ERR1191870,GPS_benchmark,NA,NA,6A,6A,6A,6A_6B_6C_6D,6A,6A,6A
ERR1191897,GPS_benchmark,NA,NA,23F,23F,23F,23F,23F,23F,23F
ERR1191933,GPS_benchmark,NA,NA,23B,23B,Failed,23B,23B,23B,23B
ERR1191958,GPS_benchmark,NA,NA,15A,15A,15A,15A/15D,15A,15A,15A
ERR1191981,GPS_benchmark,NA,NA,16F,16F,16F,"Below 70% hit - Poor Sequence quality, variant or non-typeable organism.",16F,16F,16F
ERR1192069,GPS_benchmark,NA,NA,48,48,48,48,48,48,48
ERR1192081,GPS_benchmark,NA,NA,23A,23A,23A,23A,23A,23A,23A
ERR1192128,GPS_benchmark,NA,NA,20A,20,Failed,20,20,20A,20
ERR1192151,GPS_benchmark,NA,NA,19A,19A,19AF,19A,19A,19A,19A
ERR1192157,GPS_benchmark,NA,NA,35B,35B,35B,35B/35D,35B,35B,35B
ERR1192170,GPS_benchmark,NA,NA,28F,28A,28F,28F/28A,28F,28F,28F
ERR1192182,GPS_benchmark,NA,NA,9V,9V,9V,9A/9V,9V,9V,9V
ERR1202118,GPS_benchmark,NA,NA,13,13,13,13,13,13,13
ERR1202158,GPS_benchmark,NA,NA,11A,11A,11A,11A/11D,11A,11A,11A
ERR1202197,GPS_benchmark,NA,NA,6A,6A,6A,6A/6B,6A,6A,6A
ERR1202199,GPS_benchmark,NA,NA,3,3,3,"Below 70% hit - Poor Sequence quality, variant or non-typeable organism.",3,3,3
ERR1202214,GPS_benchmark,NA,NA,6B,6E,6E,Serogroup_6_(6E),6B,6B,6E(6B)
ERR1202225,GPS_benchmark,NA,NA,6B,6E,6E,Serogroup_6_(6E),6B,6B,6E(6B)
ERR1202261,GPS_benchmark,NA,NA,6A,6A,6A,6A/6B,6A,6A,6A
ERR1202391,GPS_benchmark,NA,NA,9V,9V,9V,9A/9V,9V,9V,9V
ERR1202397,GPS_benchmark,NA,NA,1,1,1,1,1,1,1
ERR1202398,GPS_benchmark,NA,NA,3,3,3,"Below 70% hit - Poor Sequence quality, variant or non-typeable organism.",3,3,3
ERR1202400,GPS_benchmark,NA,NA,23F,23F,23F,23F,23F,23F,23F
ERR1202444,GPS_benchmark,NA,NA,13,13,13,13,13,13,13
ERR1202470,GPS_benchmark,NA,NA,3,3,3,"Below 70% hit - Poor Sequence quality, variant or non-typeable organism.",3,3,3
ERR1202487,GPS_benchmark,NA,NA,23F,23F,23F,23F,23F,23F,23F
ERR1202490,GPS_benchmark,NA,NA,12F,12F,12F,12F,12F,12F,12F
ERR1202491,GPS_benchmark,NA,NA,23F,23F,23F,23F,23F,23F,23F
ERR1202511,GPS_benchmark,NA,NA,9V,9V,9V,9A/9V,9V,9V,9V
ERR1202575,GPS_benchmark,NA,NA,7F,7F,7A,7F/7A,7F,7F,7F
ERR1202576,GPS_benchmark,NA,NA,17F,17F,Failed,17F,17F,17F,23A
ERR1202616,GPS_benchmark,NA,NA,18C,18C,18B,18C/18B,18C,18C,18C
ERR1214323,GPS_benchmark,NA,NA,35B,35B,35B,35B/35D,35B,35B,35B
ERR1214329,GPS_benchmark,NA,NA,5,5,5,5,5,5,5
ERR1214332,GPS_benchmark,NA,NA,19F,19F,19F,19F,19F,19F,19F
ERR1214345,GPS_benchmark,NA,NA,19F,19F,19F,19F,19F,19F,19F
ERR1214370,GPS_benchmark,NA,NA,6A,6A,6A,6A/6B,6A,6A,6A
ERR1214378,GPS_benchmark,NA,NA,23F,23F,23F,23F,23F,23F,23F
ERR1214417,GPS_benchmark,NA,NA,19A,19A,19AF,19A,19A,19A,19A
ERR1214443,GPS_benchmark,NA,NA,38,1,38,1,1,38,38
ERR1214465,GPS_benchmark,NA,NA,19A,19A,19AF,19A,19A,19A,19A
ERR1214467,GPS_benchmark,NA,NA,6A,6A,6A,6A/6B,6A,6A,6A
ERR1214494,GPS_benchmark,NA,NA,18C,18C,18B,18C/18B,18C,18C,18C
ERR1214513,GPS_benchmark,NA,NA,11A,11A,11A,11A/11D,11A,11A,11A
ERR1214518,GPS_benchmark,NA,NA,15A,15A,15A,15A/15D,15A,15A,15A
ERR1214538,GPS_benchmark,NA,NA,3,3,3,3,3,3,3
ERR1214583,GPS_benchmark,NA,NA,19F,19F,19F,19F,19F,19F,19F
ERR1214584,GPS_benchmark,NA,NA,22F,22F,22F,22F,22F,22F,22F
ERR1214623,GPS_benchmark,NA,NA,6A,6A,6A,6A/6B,6A,6A,6A
ERR1214675,GPS_benchmark,NA,NA,14,14,14,14,14,14,14
ERR1214678,GPS_benchmark,NA,NA,6B,6E,6E,Serogroup_6_(6E),6B,6B,6E(6A)
ERR1214691,GPS_benchmark,NA,NA,23F,23F,23F,23F,23F,23F,23F
ERR1288815,GPS_benchmark,NA,NA,35F,35F,35F,35F,35F,35F,35F
ERR1288862,GPS_benchmark,NA,NA,6B,6E,6E,Serogroup_6_(6E),6B,6B,6E(6B)
ERR1288863,GPS_benchmark,NA,NA,16F,16F,16F,"Below 70% hit - Poor Sequence quality, variant or non-typeable organism.",16F,16F,16F
ERR1288866,GPS_benchmark,NA,NA,19B,NT,19B,19B,19B,19B,19B
ERR1288867,GPS_benchmark,NA,NA,19B,NT,19B,19B,19B,19B,19B
ERR1288870,GPS_benchmark,NA,NA,23F,23F,23F,23F,23F,23F,23F
ERR1288873,GPS_benchmark,NA,NA,10B,10B,10B,10B,10B,10B,10B
ERR1288876,GPS_benchmark,NA,NA,19B,NT,19B,19B,19B,19B,19B
ERR1288884,GPS_benchmark,NA,NA,23B,23B,Failed,23B,23B,23B,23B
ERR1288895,GPS_benchmark,NA,NA,15C,15C,15C,15B/15C,15B|15C,15C,15B/15C
ERR1288920,GPS_benchmark,NA,NA,19A,19A,19AF,19A,19A,19A,19A
ERR1288922,GPS_benchmark,NA,NA,7C,7C,7C,7C,7C,7C,7C
ERR13364387,GPS_benchmark,NA,NA,35F,35F,35F,35F,35F,35F,35F
ERR13364392,GPS_benchmark,NA,NA,18C,18C,18A,18C/18B,18C,18C,18C
ERR13364395,GPS_benchmark,NA,NA,35B,35B,35B,35B/35D,35B,35B,35B
ERR13364417,GPS_benchmark,NA,NA,19F,19F,19F,19F,19F,19F,19F
ERR13364425,GPS_benchmark,NA,NA,14,14,14,14,14,14,14
ERR13364441,GPS_benchmark,NA,NA,3,3,3,3,3,3,3
ERR13364457,GPS_benchmark,NA,NA,8,8,8,8,8,8,8
ERR13364473,GPS_benchmark,NA,NA,3,3,3,3,3,3,3
ERR13364476,GPS_benchmark,NA,NA,8,8,8,8,8,8,8
ERR13364478,GPS_benchmark,NA,NA,35F,35F,35F,35F,35F,35F,35F
ERR13364487,GPS_benchmark,NA,NA,35F,35F,35F,35F,35F,35F,35F
ERR13364512,GPS_benchmark,NA,NA,3,3,3,3,3,3,3
ERR13364526,GPS_benchmark,NA,NA,6B,6E,6E,Serogroup_6_(6E),6B,6B,6E(6B)
ERR13364534,GPS_benchmark,NA,NA,14,14,14,14,14,14,14
ERR13364550,GPS_benchmark,NA,NA,23F,23F,23F,23F,23F,23F,23F
ERR13364571,GPS_benchmark,NA,NA,23F,23F,23F,23F,23F,23F,23F
ERR13364620,GPS_benchmark,NA,NA,4,4,4,4,4,4,4
ERR13364645,GPS_benchmark,NA,NA,14,14,14,14,14,14,14
ERR13364678,GPS_benchmark,NA,NA,33F,33F,33F,33F/33A,33F,33F,33F
ERR13364691,GPS_benchmark,NA,NA,33F,33F,33F,33F/33A,33F,33F,33F
ERR13364735,GPS_benchmark,NA,NA,19A,19A,19AF,19A,19A,19A,19A
ERR13364761,GPS_benchmark,NA,NA,23F,23F,23F,23F,23F,23F,23F
ERR13364767,GPS_benchmark,NA,NA,7F,7F,Failed,7F/7A,7F,7F,7F
ERR13364788,GPS_benchmark,NA,NA,6B,6E,6E,Serogroup_6_(6E),6B,6B,6E(6B)
ERR13364844,GPS_benchmark,NA,NA,14,14,14,14,14,14,14
ERR13364860,GPS_benchmark,NA,NA,23F,23F,23F,23F,23F,23F,23F
ERR13364920,GPS_benchmark,NA,NA,19F,19F,19F,19F,19F,19F,19F
ERR13364941,GPS_benchmark,NA,NA,16F,16F,16F,16F,16F,16F,16F
ERR13364957,GPS_benchmark,NA,NA,15B,15B,15C,15B/15C,15B,15B,15B/15C
ERR13364974,GPS_benchmark,NA,NA,35F,35F,35F,35F,35F,35F,35F
ERR13364976,GPS_benchmark,NA,NA,8,8,Failed,8,8,8,8
ERR13365029,GPS_benchmark,NA,NA,14,14,14,14,14,14,14
ERR13365041,GPS_benchmark,NA,NA,23A,23A,23A,23A,23A,23A,23A
ERR13365054,GPS_benchmark,NA,NA,3,3,3,3,3,3,3
ERR13365136,GPS_benchmark,NA,NA,23A,23A,23A,23A,23A,23A,23A
ERR13365186,GPS_benchmark,NA,NA,15A,15A,15A,15A/15D,15A,15A,15A
ERR13365206,GPS_benchmark,NA,NA,19F,19F,19F,19F,19F,19F,19F
ERR13365254,GPS_benchmark,NA,NA,3,3,Failed,3,3,3,3
ERR13365268,GPS_benchmark,NA,NA,19A,19A,19AF,19A,19A,19A,19A
ERR13365269,GPS_benchmark,NA,NA,19A,19A,19AF,19A,19A,19A,19A
ERR13365272,GPS_benchmark,NA,NA,3,3,3,3,3,3,3
ERR13365273,GPS_benchmark,NA,NA,3,3,3,3,3,3,3
ERR13365322,GPS_benchmark,NA,NA,15A,15A,15A,15A/15D,15A,15C,15A
ERR13365335,GPS_benchmark,NA,NA,8,8,8,8,8,8,8
ERR13365378,GPS_benchmark,NA,NA,6B,6B,6A,6A/6B,6B,6B,6B
ERR13365382,GPS_benchmark,NA,NA,8,8,8,8,8,8,8
ERR13365391,GPS_benchmark,NA,NA,15A,15A,15A,15A/15D,15A,15A,15A
ERR13365396,GPS_benchmark,NA,NA,3,22F,Failed,22F,22F,22F,22F
ERR13365425,GPS_benchmark,NA,NA,9N,9N,9N,9N/9L,9N,9N,9N
ERR13365446,GPS_benchmark,NA,NA,24F,24B,24F,24F/24B,24B,24B/24C/24F,24A/24B/24F
ERR13365512,GPS_benchmark,NA,NA,9N,9N,9N,9N/9L,9N,9N,9N
ERR13365523,GPS_benchmark,NA,NA,3,3,3,3,3,3,3
ERR13365524,GPS_benchmark,NA,NA,9N,9N,9N,9N/9L,9N,9N,9N
ERR13365530,GPS_benchmark,NA,NA,11A,11A,11A,11A/11D,11A,11A,11A
ERR13365545,GPS_benchmark,NA,NA,3,3,3,3,3,3,3
ERR13365553,GPS_benchmark,NA,NA,18C,18C,18A,18C/18B,18C,18C,18C
ERR13365571,GPS_benchmark,NA,NA,9N,9N,9N,9N/9L,9N,9N,9N
ERR13365602,GPS_benchmark,NA,NA,6B,6E,6E,Serogroup_6_(6E),6B,Serogroup 6,6E(6B)
ERR13365606,GPS_benchmark,NA,NA,15A,15A,15A,15A/15D,15A,15A,15A
ERR13365617,GPS_benchmark,NA,NA,6B,23B1,Failed,Serogroup_6_(6E),6B,6B,6E(6B)
ERR13365722,GPS_benchmark,NA,NA,35B,35B,35B,35B/35D,35B,35B,35B
ERR13365737,GPS_benchmark,NA,NA,9N,9N,9N,9N/9L,9N,9N,9N
ERR13365806,GPS_benchmark,NA,NA,10A,10A,10A,10A,10A,10A,10A
ERR13365807,GPS_benchmark,NA,NA,3,3,3,3,3,3,3
ERR13365847,GPS_benchmark,NA,NA,3,3,3,3,3,3,3
ERR13365904,GPS_benchmark,NA,NA,3,3,3,3,3,3,3
ERR13365905,GPS_benchmark,NA,NA,23A,23A,23A,23A,23A,23A,23A
ERR13365907,GPS_benchmark,NA,NA,3,3,3,3,3,3,3
ERR13365911,GPS_benchmark,NA,NA,3,3,3,3,3,3,3
ERR13365972,GPS_benchmark,NA,NA,31,31,31,31,31,31,31
ERR13365973,GPS_benchmark,NA,NA,22F,22F,22F,22F,22F,22F,22F
ERR13365975,GPS_benchmark,NA,NA,3,3,3,3,3,3,3
ERR13365979,GPS_benchmark,NA,NA,9N,9N,9N,9N/9L,9N,9N,9N
ERR13365992,GPS_benchmark,NA,NA,11A,11A,11A,11A/11D,11A,11E,11A
ERR13365994,GPS_benchmark,NA,NA,24F,24B,24B,24F/24B,24B,24B/24C/24F,24A/24B/24F
ERR13365998,GPS_benchmark,NA,NA,7F,7F,7A,7F/7A,7F,7F,7F
ERR13366021,GPS_benchmark,NA,NA,23B,23B1,23B1,23B,23B,23B,23B1
ERR13366025,GPS_benchmark,NA,NA,8,8,8,8,8,8,8
ERR13366042,GPS_benchmark,NA,NA,8,8,8,8,8,8,8
ERR13366060,GPS_benchmark,NA,NA,24F,24B,24F,24F/24B,24B,24B/24C/24F,24A/24B/24F
ERR13366083,GPS_benchmark,NA,NA,8,8,8,8,8,8,8
ERR13366087,GPS_benchmark,NA,NA,4,4,4,4,4,4,4
ERR13366097,GPS_benchmark,NA,NA,15A,15A,15A,15A/15D,15A,15A,15A
ERR13366147,GPS_benchmark,NA,NA,23A,23A,23A,23A,23A,23A,23A
ERR13366187,GPS_benchmark,NA,NA,23F,23F,23F,23F,23F,23F,23F
ERR13366205,GPS_benchmark,NA,NA,23F,23F,23F,23F,23F,23F,23F
ERR13366206,GPS_benchmark,NA,NA,18C,18C,18B,18C/18B,18C,18C,18C
ERR13366245,GPS_benchmark,NA,NA,15C,15C,15C,15B/15C,15B|15C,15C,15B/15C
ERR13374600,GPS_benchmark,NA,NA,6A,6A,6A,6A/6B,6A,6A,6A
ERR13374611,GPS_benchmark,NA,NA,3,3,3,3,3,3,3
ERR13374614,GPS_benchmark,NA,NA,3,3,3,3,3,3,3
ERR13374638,GPS_benchmark,NA,NA,14,14,14,14,14,14,14
ERR13374659,GPS_benchmark,NA,NA,17F,17F,17F,17F,17F,17F,17F
ERR13374660,GPS_benchmark,NA,NA,15A,15A,15A,15A/15D,15A,15A,15A
ERR13374673,GPS_benchmark,NA,NA,23A,23A,23A,23A,23A,23A,23A
ERR13374688,GPS_benchmark,NA,NA,19A,19A,19AF,19A,19A,19A,19A
ERR13374712,GPS_benchmark,NA,NA,35B,35B,35B,35B/35D,35B,35B,35B
ERR13374715,GPS_benchmark,NA,NA,3,3,3,3,3,3,3
ERR13374728,GPS_benchmark,NA,NA,19F,19F,19F,19F,19F,19F,19F
ERR13374754,GPS_benchmark,NA,NA,16F,16F,16F,16F,16F,16F,16F
ERR13374764,GPS_benchmark,NA,NA,33F,33F,33F,33F/33A,33F,33F,33F
ERR13374804,GPS_benchmark,NA,NA,6C,6C,6C,6C/6D,6C,6C,6C
ERR13374857,GPS_benchmark,NA,NA,3,3,3,3,3,3,3
ERR13374914,GPS_benchmark,NA,NA,15B,15B,15C,15B/15C,15B,15B,15B/15C
ERR13374931,GPS_benchmark,NA,NA,8,8,8,8,8,8,8
ERR13374936,GPS_benchmark,NA,NA,15C,15C,15C,15B/15C,15B|15C,15C,15B/15C
ERR13374946,GPS_benchmark,NA,NA,24F,24B,24B,24F/24B,24B,24B/24C/24F,24A/24B/24F
ERR13374956,GPS_benchmark,NA,NA,15A,15A,15A,15A/15D,15A,15A,15A
ERR13374992,GPS_benchmark,NA,NA,19A,19A,19AF,19A,19A,19A,19A
ERR13374994,GPS_benchmark,NA,NA,8,8,8,8,8,8,8
ERR13375037,GPS_benchmark,NA,NA,11A,11A,11A,11A/11D,11A,11A,11A
ERR13375116,GPS_benchmark,NA,NA,3,3,3,3,3,3,3
ERR13397666,GPS_benchmark,NA,NA,19A,19A,19A,19A,19A,19A,19A
ERR13397667,GPS_benchmark,NA,NA,19F,19F,19F,19F,19F,19F,19F
ERR1422338,GPS_benchmark,NA,NA,15B,15B,15C,15B/15C,15B,15B,15B/15C
ERR1422346,GPS_benchmark,NA,NA,16F,16F,16F,16F,16F,16F,16F
ERR1422350,GPS_benchmark,NA,NA,15C,15C,15C,15B/15C,15B|15C,15C,15B/15C
ERR1422361,GPS_benchmark,NA,NA,10A,10A,10A,10A,10A,10A,10A
ERR1422370,GPS_benchmark,NA,NA,7F,7F,7F,7F/7A,7F,7F,7F
ERR1422375,GPS_benchmark,NA,NA,12F,12F,12F,12F,12F,12F,12F
ERR1422414,GPS_benchmark,NA,NA,3,3,3,3,3,3,3
ERR1422423,GPS_benchmark,NA,NA,12F,12F,12F,12F,12F,12F,12F
ERR1422424,GPS_benchmark,NA,NA,6B,6E,6A,Serogroup_6_(6E),6B,6B,6E(6B)
ERR1422458,GPS_benchmark,NA,NA,23F,23F,23F,23F,23F,23F,23F
ERR1422478,GPS_benchmark,NA,NA,11A,11A,11A,11A/11D,11A,11A,11A
ERR1422507,GPS_benchmark,NA,NA,35F,35F,35F,35F,35F,35F,35F
ERR1422523,GPS_benchmark,NA,NA,35A,35A,35A,35A/35C/42,35A,35A,35A
ERR1422534,GPS_benchmark,NA,NA,34,34,34,34,34,34,34
ERR1422579,GPS_benchmark,NA,NA,11A,11A,11A,11A/11D,11A,11A,11A
ERR1422614,GPS_benchmark,NA,NA,16F,16F,16F,16F,16F,16F,16F
ERR1422615,GPS_benchmark,NA,NA,2,2,2,2,2,2,2
ERR1422617,GPS_benchmark,NA,NA,23F,23F,23F,23F,23F,23F,23F
ERR1422640,GPS_benchmark,NA,NA,6B,6E,6E,Serogroup_6_(6E),6B,6B,6E(6B)
ERR1422646,GPS_benchmark,NA,NA,19A,19A,19AF,19A,19A,19A,19A
ERR1422653,GPS_benchmark,NA,NA,3,3,3,3,3,3,3
ERR1422683,GPS_benchmark,NA,NA,17F,17F,17F,17F,17F,17F,17F
ERR1422689,GPS_benchmark,NA,NA,19A,19A,19A,19A,19A,19A,19A
ERR1430857,GPS_benchmark,NA,NA,20A,20,Failed,20,20,20A,20
ERR1430861,GPS_benchmark,NA,NA,1,1,1,1,1,1,1
ERR1430875,GPS_benchmark,NA,NA,1,1,1,1,1,1,1
ERR1430929,GPS_benchmark,NA,NA,19A,19A,19AF,19A,19A,19A,19A
ERR1430948,GPS_benchmark,NA,NA,19A,19A,19AF,19A,19A,19A,19A
ERR1430960,GPS_benchmark,NA,NA,15B,15B,15C,15B/15C,15B,15B,15B/15C
ERR1453293,GPS_benchmark,NA,NA,34,34,34,34,34,34,34
ERR1453312,GPS_benchmark,NA,NA,34,34,34,34,34,34,34
ERR1453317,GPS_benchmark,NA,NA,23F,23F,23F,23F,23F,23F,23F
ERR1453328,GPS_benchmark,NA,NA,34,34,34,34,34,34,34
ERR1453329,GPS_benchmark,NA,NA,6A,6A,6A,6A/6B,6A,6A,6A
ERR1453336,GPS_benchmark,NA,NA,18C,18C,18B,18C/18B,18C,18C,18C
ERR1453344,GPS_benchmark,NA,NA,23F,23F,23F,23F,23F,23F,23F
ERR1453358,GPS_benchmark,NA,NA,19F,19F,19F,19F,19F,19F,19F
ERR1453376,GPS_benchmark,NA,NA,21,21,21,21,21,21,21
ERR1453383,GPS_benchmark,NA,NA,12F,12F,12F,12F,12F,12F,12F
ERR1453387,GPS_benchmark,NA,NA,19A,19A,19A,19A,19A,19A,19A
ERR1453397,GPS_benchmark,NA,NA,19F,19F,19F,19F,19F,19F,19F
ERR1453412,GPS_benchmark,NA,NA,35B,35B,35B,35B/35D,35B,35B,35B
ERR1453443,GPS_benchmark,NA,NA,12F,12F,12F,12F,12F,12F,12F
ERR1453445,GPS_benchmark,NA,NA,5,5,5,5,5,5,5
ERR1453456,GPS_benchmark,NA,NA,35A,35A,35A,35A/35C/42,35A,35A,35A
ERR1453484,GPS_benchmark,NA,NA,19A,19A,19A,19A,19A,19A,19A
ERR1453485,GPS_benchmark,NA,NA,9V,9V,9V,9A/9V,9V,9V,9V
ERR1453494,GPS_benchmark,NA,NA,12F,12F,12F,12F,12F,12F,12F
ERR1453516,GPS_benchmark,NA,NA,7F,7F,7A,7F/7A,7F,7F,7F
ERR1453528,GPS_benchmark,NA,NA,6B,6E,6E,Serogroup_6_(6E),6B,6B,6E(6B)
ERR1453587,GPS_benchmark,NA,NA,3,3,3,3,3,3,3
ERR1453592,GPS_benchmark,NA,NA,3,3,3,3,3,3,3
ERR1453603,GPS_benchmark,NA,NA,3,3,3,3,3,3,3
ERR1453610,GPS_benchmark,NA,NA,7C,7C,7C,7C,7C,7C,7C
ERR1453629,GPS_benchmark,NA,NA,6B,6E,6E,Serogroup_6_(6E),6B,6B,6E(6B)
ERR1453637,GPS_benchmark,NA,NA,9N,15C,15C,15B/15C,15C,15C,15B/15C
ERR1453640,GPS_benchmark,NA,NA,15B,15B,15C,15B/15C,15B,15B,15B/15C
ERR1453648,GPS_benchmark,NA,NA,23A,23A,23A,23A,23A,23A,23A
ERR1453675,GPS_benchmark,NA,NA,15B,15B,15C,15B/15C,15B,15B,15B/15C
ERR1453694,GPS_benchmark,NA,NA,15B,15B,15C,15B/15C,15B,15B,15B/15C
ERR1453713,GPS_benchmark,NA,NA,35F,15C,15C,15B/15C,15B|15C,15C,15B/15C
ERR1453717,GPS_benchmark,NA,NA,3,3,3,3,3,3,3
ERR1453744,GPS_benchmark,NA,NA,15C,15C,15C,15B/15C,15B|15C,15C,15B/15C
ERR1453749,GPS_benchmark,NA,NA,15C,15C,15C,15B/15C,15B|15C,15C,15B/15C
ERR1453751,GPS_benchmark,NA,NA,10A,15B,15C,15B/15C,15B,15B,15B/15C
ERR1453752,GPS_benchmark,NA,NA,10A,15B,15C,15B/15C,15B,15B,15B/15C
ERR1453780,GPS_benchmark,NA,NA,22A,NT,22F,22A,22A,22A,22A
ERR1453798,GPS_benchmark,NA,NA,23B,23B1,23B1,23B,23B,23B,23B1
ERR1453799,GPS_benchmark,NA,NA,35F,35F,35F,35F,35F,35F,35F
ERR1453801,GPS_benchmark,NA,NA,34,34,34,34,34,34,34
ERR1453829,GPS_benchmark,NA,NA,6C,6C,6C,6A_6B_6C_6D,6C,6C,6C
ERR1453831,GPS_benchmark,NA,NA,19F,19F,19F,19F,19F,19F,19F
ERR14653919,GPS_benchmark,NA,NA,6B,6E,6E,Serogroup_6_(6E),6B,6B,6E(6B)
ERR14653934,GPS_benchmark,NA,NA,19F,19F,19F,19F,19F,19F,19F
ERR14653961,GPS_benchmark,NA,NA,6A,6A,6B,6A/6B,6B,6B,6B
ERR14654000,GPS_benchmark,NA,NA,14,14,14,14,14,14,14
ERR14654006,GPS_benchmark,NA,NA,6A,6A,6A,6A/6B,6A,6A,6A
ERR1540680,GPS_benchmark,NA,NA,34,34,34,34,34,34,34
ERR1540693,GPS_benchmark,NA,NA,7C,15C,15C,15B/15C,15C,15C,15B/15C
ERR1540714,GPS_benchmark,NA,NA,19A,19A,19A,19A,19A,19A,19A
ERR1540727,GPS_benchmark,NA,NA,19A,19A,19AF,19A,19A,19A,19A
ERR1540761,GPS_benchmark,NA,NA,23F,23F,23F,23F,23F,23F,23F
ERR1540774,GPS_benchmark,NA,NA,35B,35B,35B,35B/35D,35B,35B,35B
ERR1540779,GPS_benchmark,NA,NA,19A,19A,19A,19A,19A,19A,19A
ERR1540780,GPS_benchmark,NA,NA,19A,19A,19A,19A,19A,19A,19A
ERR1540785,GPS_benchmark,NA,NA,18C,18C,18B,18C/18B,18C,18C,18C
ERR1540832,GPS_benchmark,NA,NA,16F,16F,16F,"Below 70% hit - Poor Sequence quality, variant or non-typeable organism.",16F,16F,16F
ERR1594521,GPS_benchmark,NA,NA,12F,12F,12F,12F,12F,12F,12F
ERR1658076,GPS_benchmark,NA,NA,11A,11A,11A,11A/11D,11A,11A,11A
ERR1658103,GPS_benchmark,NA,NA,39,39,39,39,39,39,39
ERR1658110,GPS_benchmark,NA,NA,23B,23B1,23B1,23B,23B,23B,23B1
ERR1658131,GPS_benchmark,NA,NA,7B,7B,7B,7B/40,7B,7B,7B
ERR1658151,GPS_benchmark,NA,NA,15B,15B,15C,15B/15C,15B,15B,15B/15C
ERR1658157,GPS_benchmark,NA,NA,35B,35B,35B,35B/35D,35B,35B,35B
ERR1658163,GPS_benchmark,NA,NA,34,34,34,34,34,34,34
ERR1658169,GPS_benchmark,NA,NA,14,14,14,14,14,14,14
ERR1658190,GPS_benchmark,NA,NA,11A,11A,11A,11A/11D,11A,11A,11A
ERR1658227,GPS_benchmark,NA,NA,23A,23A,23A,23A,23A,23A,23A
ERR1658252,GPS_benchmark,NA,NA,12F,12F,12F,12F,12F,12F,12F
ERR1756429,GPS_benchmark,NA,NA,15C,15B,15C,15B/15C,15B,15B,15B/15C
ERR1756433,GPS_benchmark,NA,NA,19F,19F,19F,19F,19F,19F,19F
ERR1756438,GPS_benchmark,NA,NA,35A,35A,35A,35A/35C/42,35A,35A,35A
ERR1756467,GPS_benchmark,NA,NA,17F,17F,17F,17F,17F,17F,17F
ERR1788047,GPS_benchmark,NA,NA,12F,12F,12F,12F,12F,12F,12F
ERR1788048,GPS_benchmark,NA,NA,12F,12F,12F,12F,12F,12F,12F
ERR1788051,GPS_benchmark,NA,NA,18C,18C,18B,18C/18B,18C,18C,18C
ERR1788056,GPS_benchmark,NA,NA,14,14,14,14,14,14,14
ERR1788059,GPS_benchmark,NA,NA,14,NT,14,"Mixed serotypes- {'14', '19A_19AF'}",14,14,14
ERR1788075,GPS_benchmark,NA,NA,19A,19A,19A,19A,19A,19A,19A
ERR1788083,GPS_benchmark,NA,NA,35C,35C,35A,35A/35C/42,35C,35C,35C
ERR1788087,GPS_benchmark,NA,NA,8,8,8,8,8,8,8
ERR1788100,GPS_benchmark,NA,NA,7F,7F,7A,7F/7A,7F,7F,7F
ERR1788126,GPS_benchmark,NA,NA,19A,19A,19A,19A,19A,19A,19A
ERR1788128,GPS_benchmark,NA,NA,19A,19A,19AF,19A,19A,19A,19A
ERR1788163,GPS_benchmark,NA,NA,35F,35F,35F,35F,35F,35F,35F
ERR1788178,GPS_benchmark,NA,NA,23F,23F,23F,23F,23F,23F,23F
ERR1788209,GPS_benchmark,NA,NA,19F,19F,19F,19F,19F,19F,19F
ERR1788221,GPS_benchmark,NA,NA,3,3,3,3,3,3,3
ERR1788222,GPS_benchmark,NA,NA,11A,11A,11A,11A/11D,11A,11A,11A
ERR1788246,GPS_benchmark,NA,NA,6B,6E,6E,Serogroup_6_(6E),6B,6B,6E(6B)
ERR1788271,GPS_benchmark,NA,NA,37,37,37,37,37,37,37
ERR1788287,GPS_benchmark,NA,NA,6A,6A,6B,6A/6B,6A,6B,6B
ERR1788288,GPS_benchmark,NA,NA,11A,11A,11A,11A/11D,11A,11A,11A
ERR1788327,GPS_benchmark,NA,NA,7C,15B,15C,15B/15C,15B,15B,15B/15C
ERR1788375,GPS_benchmark,NA,NA,23F,23F,23F,23F,23F,23F,23F
ERR1788418,GPS_benchmark,NA,NA,7C,7C,7C,7C,7C,7C,7C
ERR1788440,GPS_benchmark,NA,NA,23F,23F,23F,23F,23F,23F,23F
ERR1788449,GPS_benchmark,NA,NA,6B,6E,6E,Serogroup_6_(6E),6B,6B,6E(6B)
ERR1788455,GPS_benchmark,NA,NA,23F,23F,23F,23F,23F,23F,23F
ERR1788491,GPS_benchmark,NA,NA,23F,23F,23F,23F,23F,23F,23F
ERR1788510,GPS_benchmark,NA,NA,3,3,3,3,3,3,3
ERR1788517,GPS_benchmark,NA,NA,3,3,3,3,3,3,3
ERR1788518,GPS_benchmark,NA,NA,18C,18C,18B,18C/18B,18C,18C,18C
ERR1788536,GPS_benchmark,NA,NA,29,29,29,29,29,29,29
ERR1788545,GPS_benchmark,NA,NA,3,3,3,3,3,3,3
ERR1788555,GPS_benchmark,NA,NA,12F,12F,12F,12F,12F,12F,12F
ERR1795480,GPS_benchmark,NA,NA,19A,19A,19AF,19A,19A,19A,19A
ERR1795499,GPS_benchmark,NA,NA,18C,18C,18A,18C/18B,18C,18C,18C
ERR1799709,GPS_benchmark,NA,NA,15B,15C,15C,15B/15C,15C,15C,15B/15C
ERR1799710,GPS_benchmark,NA,NA,15A,15A,15A,15A/15D,15A,15A,15A
ERR1799713,GPS_benchmark,NA,NA,15B,15C,15C,15B/15C,15C,15C,15B/15C
ERR1799717,GPS_benchmark,NA,NA,9N,9N,9N,9N/9L,9N,9N,9N
ERR1799729,GPS_benchmark,NA,NA,23F,23F,23F,23F,23F,23F,23F
ERR1799734,GPS_benchmark,NA,NA,9L,9L,9L,9N/9L,9L,9L,9L
ERR2089037,GPS_benchmark,NA,NA,23B,23B1,23B1,23B,23B,23B,23B1
ERR2089054,GPS_benchmark,NA,NA,24F,24F,24F,24F/24B,24F,24B/24C/24F,24A/24B/24F
ERR2089062,GPS_benchmark,NA,NA,6A,6A,6A,6A/6B,6A,6A,6A
ERR2089071,GPS_benchmark,NA,NA,19A,19A,19A,19A,19A,19A,19A
ERR2089130,GPS_benchmark,NA,NA,11A,11A,11A,11A/11D,11A,11A,11A
ERR2089132,GPS_benchmark,NA,NA,3,3,3,3,3,3,3
ERR2089159,GPS_benchmark,NA,NA,34,34,34,34,34,34,34
ERR2089166,GPS_benchmark,NA,NA,3,3,3,3,3,3,3
ERR2089193,GPS_benchmark,NA,NA,14,14,14,14,14,14,14
ERR2089232,GPS_benchmark,NA,NA,17F,17F,17F,17F,17F,17F,17F
ERR2089247,GPS_benchmark,NA,NA,11A,11A,11A,11A/11D,11A,11A,11A
ERR2089265,GPS_benchmark,NA,NA,20A,20,Failed,20,20,20A,20
ERR2089294,GPS_benchmark,NA,NA,20A,20,Failed,20,20,20A,20
ERR2089296,GPS_benchmark,NA,NA,17F,17F,17F,17F,17F,17F,17F
ERR2089303,GPS_benchmark,NA,NA,15C,15C,15C,15B/15C,15C,15C,15B/15C
ERR2089325,GPS_benchmark,NA,NA,6B,6E,6E,Serogroup_6_(6E),6B,6B,6E(6B)
ERR2089326,GPS_benchmark,NA,NA,9V,9V,9V,9A/9V,9V,9V,9V
ERR2089352,GPS_benchmark,NA,NA,15B,15B,15C,15B/15C,15B,15B,15B/15C
ERR2089354,GPS_benchmark,NA,NA,7B,7B,7B,7B/40,7B,7B,7B
ERR2089373,GPS_benchmark,NA,NA,12F,12F,12F,12F,12F,12F,12F
ERR2089419,GPS_benchmark,NA,NA,24F,24F,24B,24F/24B,24B,24B/24C/24F,24A/24B/24F
ERR2089426,GPS_benchmark,NA,NA,8,8,8,8,8,8,8
ERR2089443,GPS_benchmark,NA,NA,6B,6E,6E,Serogroup_6_(6E),6B,6B,6E(6B)
ERR2089470,GPS_benchmark,NA,NA,6C,6C,6D,6C/6D,6C,6C,6C
ERR2089483,GPS_benchmark,NA,NA,33F,33F,33F,33F/33A,33F,33F,33F
ERR2089506,GPS_benchmark,NA,NA,12F,12F,12F,12F,12F,12F,12F
ERR2089531,GPS_benchmark,NA,NA,19A,19A,19A,19A,19A,19A,19A
ERR2089541,GPS_benchmark,NA,NA,19A,19A,19AF,19A,19A,19A,19A
ERR2089549,GPS_benchmark,NA,NA,24F,24F,24B,24F/24B,24B,24B/24C/24F,24A/24B/24F
ERR2089555,GPS_benchmark,NA,NA,15A,15A,15A,15A/15D,15A,15A,15A
ERR2089593,GPS_benchmark,NA,NA,6B,6E,6E,Serogroup_6_(6E),6B,6B,6E(6B)
ERR2089623,GPS_benchmark,NA,NA,6A,6A,6A,6A/6B,6A,6A,6A
ERR2089642,GPS_benchmark,NA,NA,11B,15C,15C,15B/15C,15C,15C,15B/15C
ERR2089655,GPS_benchmark,NA,NA,6B,6B,6A,6A/6B,6B,6B,6B
ERR2089676,GPS_benchmark,NA,NA,6A,6A,6A,6A/6B,6A,6A,6A
ERR2089698,GPS_benchmark,NA,NA,19A,23B1,19AF,19A_19AF,19A,19F,23B1
ERR2089727,GPS_benchmark,NA,NA,24F,24F,24B,24F/24B,24B,24B/24C/24F,24A/24B/24F
ERR2089728,GPS_benchmark,NA,NA,6B,6E,6E,Serogroup_6_(6E),6B,6B,6E(6B)
ERR2089758,GPS_benchmark,NA,NA,18C,18C,18B,18C/18B,18C,18C,18C
ERR2089759,GPS_benchmark,NA,NA,6B,6E,6E,Serogroup_6_(6E),6B,6B,6E(6B)
ERR2089793,GPS_benchmark,NA,NA,6A,6A,6B,6A/6B,6A,6A,6A
ERR2089846,GPS_benchmark,NA,NA,9V,9V,9V,9A/9V,9V,9V,9V
ERR2089853,GPS_benchmark,NA,NA,18C,18C,18B,18C/18B,18C,18C,18C
ERR2089855,GPS_benchmark,NA,NA,18C,18C,18B,18C/18B,18C,18C,18C
ERR2089857,GPS_benchmark,NA,NA,24F,24F,24F,24F/24B,24F,24B/24C/24F,24A/24B/24F
ERR2089881,GPS_benchmark,NA,NA,7C,15B,15C,15B/15C,15B,15B,15B/15C
ERR2089894,GPS_benchmark,NA,NA,4,15C,15C,15B/15C,15C,15C,15B/15C
ERR2089927,GPS_benchmark,NA,NA,34,34,34,34,34,34,34
ERR2089929,GPS_benchmark,NA,NA,13,13,13,13,13,13,13
ERR2089950,GPS_benchmark,NA,NA,40,40,7B,7B/40,40,40,40
ERR2089956,GPS_benchmark,NA,NA,19F,19F,19F,19F,19F,19F,19F
ERR2089996,GPS_benchmark,NA,NA,15C,15C,15C,15B/15C,15C,15C,15B/15C
ERR2090004,GPS_benchmark,NA,NA,2,2,2,2,2,2,2
ERR2090026,GPS_benchmark,NA,NA,15B,15C,15C,15B/15C,15C,15C,15B/15C
ERR2090044,GPS_benchmark,NA,NA,15C,NT,15C,15B/15C,15C,15C,15B/15C
ERR2090074,GPS_benchmark,NA,NA,10B,10B,10B,10B,10B,10B,10B
ERR2090089,GPS_benchmark,NA,NA,16F,16F,16F,"Below 70% hit - Poor Sequence quality, variant or non-typeable organism.",16F,16F,16F
ERR2090110,GPS_benchmark,NA,NA,15C,15C,15C,15B/15C,15B|15C,15C,15B/15C
ERR2090113,GPS_benchmark,NA,NA,19F,19F,19F,19F,19F,19F,19F
ERR2090118,GPS_benchmark,NA,NA,15B,15B,15C,15B/15C,15B,15B,15B/15C
ERR2090157,GPS_benchmark,NA,NA,35B,35B,35B,35B/35D,35B,35B,35B
ERR2090166,GPS_benchmark,NA,NA,18C,NT,18A,"Below 70% hit - Poor Sequence quality, variant or non-typeable organism.",18A,18C,18A
ERR2090172,GPS_benchmark,NA,NA,1,1,1,1,1,1,1
ERR2090187,GPS_benchmark,NA,NA,4,4,4,4,4,4,4
ERR2090225,GPS_benchmark,NA,NA,6A,6A,6A,6A/6B,6A,6A,6A
ERR2090250,GPS_benchmark,NA,NA,23F,23F,23F,23F,23F,23F,23F
ERR2090293,GPS_benchmark,NA,NA,18C,18C,18B,18C/18B,18C,18C,18C
ERR2090302,GPS_benchmark,NA,NA,15B,15B,15C,15B/15C,15B,15B,15B/15C
ERR2090349,GPS_benchmark,NA,NA,31,31,31,31,31,31,31
ERR2090356,GPS_benchmark,NA,NA,19F,19F,19F,19F,19F,19F,19F
ERR2090357,GPS_benchmark,NA,NA,3,3,3,3,3,3,3
ERR2090397,GPS_benchmark,NA,NA,15C,15C,15C,15B/15C,15B|15C,15C,15B/15C
ERR2090401,GPS_benchmark,NA,NA,19A,19A,19AF,19A,19A,19A,19A
ERR2090417,GPS_benchmark,NA,NA,12F,12F,12F,12F,12F,12F,12F
ERR2090431,GPS_benchmark,NA,NA,5,5,5,5,5,5,5
ERR2090468,GPS_benchmark,NA,NA,19A,19A,19AF,19A,19A,19A,19A
ERR2090479,GPS_benchmark,NA,NA,23F,23F,23F,23F,23F,23F,23F
ERR2090503,GPS_benchmark,NA,NA,19A,19A,19AF,19A,19A,19A,19A
ERR2090520,GPS_benchmark,NA,NA,8,8,8,8,8,8,8
ERR2090575,GPS_benchmark,NA,NA,6A,6A,6A,6A/6B,6A,6A,6A
ERR2090614,GPS_benchmark,NA,NA,23F,NT,Failed,23F,23F,23F,23F
ERR2090637,GPS_benchmark,NA,NA,5,5,5,5,5,5,5
ERR2090650,GPS_benchmark,NA,NA,19A,19A,19AF,19A,19A,19A,19A
ERR2090695,GPS_benchmark,NA,NA,33F,33F,33F,33F/33A,33F,33F,33A
ERR2090700,GPS_benchmark,NA,NA,15B,15C,15C,15B/15C,15B|15C,15C,15B/15C
ERR2090725,GPS_benchmark,NA,NA,15A,15A,15A,15A/15D,15A,15A,15A
ERR2090730,GPS_benchmark,NA,NA,16F,16F,16F,16F,16F,16F,16F
ERR2090739,GPS_benchmark,NA,NA,13,13,13,13,13,13,13
ERR2090741,GPS_benchmark,NA,NA,3,3,3,3,3,3,3
ERR2090756,GPS_benchmark,NA,NA,27,27,27,27,27,27,27
ERR2090759,GPS_benchmark,NA,NA,16F,16F,16F,16F,16F,16F,16F
ERR2090763,GPS_benchmark,NA,NA,15B,15C,15C,15B/15C,15B|15C,15C,15B/15C
ERR2090765,GPS_benchmark,NA,NA,15C,15C,15C,15B/15C,15B|15C,15C,15B/15C
ERR2090766,GPS_benchmark,NA,NA,12F,12F,12F,12F,12F,12F,12F
ERR2090778,GPS_benchmark,NA,NA,9N,9N,9N,9N/9L,9N,9N,9N
ERR2090796,GPS_benchmark,NA,NA,7B,7B,7B,7B/40,7B,7B,7B
ERR2090851,GPS_benchmark,NA,NA,15B,15B,15C,15B/15C,15B,15B,15B/15C
ERR2090890,GPS_benchmark,NA,NA,33F,33F,33F,33F/33A,33F,33F,33A
ERR2090892,GPS_benchmark,NA,NA,13,13,13,13,13,13,13
ERR2090910,GPS_benchmark,NA,NA,23F,23F,23F,23F,23F,23F,23F
ERR2090920,GPS_benchmark,NA,NA,23F,23F,23F,23F,23F,23F,23F
ERR2090934,GPS_benchmark,NA,NA,9V,9V,9V,9A/9V,9V,9V,9V
ERR2090936,GPS_benchmark,NA,NA,14,14,14,14,14,14,14
ERR2090973,GPS_benchmark,NA,NA,19A,19A,19AF,19A,19A,19A,19A
ERR2090994,GPS_benchmark,NA,NA,4,4,4,4,4,4,4
ERR2091010,GPS_benchmark,NA,NA,15A,15A,15A,15A/15D,15A,15A,15A
ERR2091013,GPS_benchmark,NA,NA,10A,10A,10A,10A,10A,10A,10A
ERR2091061,GPS_benchmark,NA,NA,23F,23F,23F,23F,23F,23F,23F
ERR2091135,GPS_benchmark,NA,NA,16F,16F,16F,16F,16F,16F,16F
ERR2091142,GPS_benchmark,NA,NA,23F,23F,23F,23F,23F,23F,23F
ERR2091172,GPS_benchmark,NA,NA,19A,19A,19AF,19A,19A,19A,19A
ERR2091180,GPS_benchmark,NA,NA,10B,10B,10B,10B,10B,10B,10B
ERR2091196,GPS_benchmark,NA,NA,2,2,2,2,2,2,2
ERR2091235,GPS_benchmark,NA,NA,3,3,3,3,3,3,3
ERR2091264,GPS_benchmark,NA,NA,15B,15C,15C,15B/15C,15B|15C,15C,15B/15C
ERR2091290,GPS_benchmark,NA,NA,10B,10B,10B,10B,10B,10B,10B
ERR2213017,GPS_benchmark,NA,NA,7B,7B,7B,7B/40,7B,7B,7B
ERR2612052,GPS_benchmark,NA,NA,19A,19A,19AF,19A,19A,19A,19A
ERR2612085,GPS_benchmark,NA,NA,19A,19A,19AF,19A,19A,19A,19A
ERR2612121,GPS_benchmark,NA,NA,19F,19F,19F,19F,19F,19F,19F
ERR2667081,GPS_benchmark,NA,NA,3,3,3,3,3,3,3
ERR2667104,GPS_benchmark,NA,NA,19A,19A,19A,19A,19A,19A,19A
ERR2667111,GPS_benchmark,NA,NA,15C,15C,15C,15B/15C,15B|15C,15C,15B/15C
ERR2667117,GPS_benchmark,NA,NA,19F,19F,19F,19F,19F,19F,19F
ERR2667121,GPS_benchmark,NA,NA,19A,19A,19A,19A,19A,19A,19A
ERR2667132,GPS_benchmark,NA,NA,3,3,3,3,3,3,3
ERR2667159,GPS_benchmark,NA,NA,3,3,3,3,3,3,3
ERR2667166,GPS_benchmark,NA,NA,3,3,3,3,3,3,3
ERR2667239,GPS_benchmark,NA,NA,19A,19A,19AF,19A,19A,19A,19A
ERR2667271,GPS_benchmark,NA,NA,5,5,5,5,5,5,5
ERR2667308,GPS_benchmark,NA,NA,14,14,14,14,14,14,14
ERR2667348,GPS_benchmark,NA,NA,23F,23F,23F,"Mixed serotypes- {'23F', '5'}",23F,23F,23F
ERR2667368,GPS_benchmark,NA,NA,12F,12F,12F,12F,12F,12F,12F
ERR2667381,GPS_benchmark,NA,NA,2,2,2,2,2,2,2
ERR2667406,GPS_benchmark,NA,NA,35B,35B,35B,35B/35D,35B,35B,35B
ERR2667421,GPS_benchmark,NA,NA,15C,15C,15B,15B/15C,15B|15C,15C,15B/15C
ERR2667428,GPS_benchmark,NA,NA,18C,18C,18A,18C/18B,18C,18C,18C
ERR2667431,GPS_benchmark,NA,NA,6B,6E,6E,Serogroup_6_(6E),6B,6B,6E(6B)
ERR2667436,GPS_benchmark,NA,NA,6B,6E,6E,Serogroup_6_(6E),6B,6B,6E(6B)
ERR2667440,GPS_benchmark,NA,NA,19A,19A,19A,19A,19A,19A,19A
ERR2667454,GPS_benchmark,NA,NA,23F,23F,23F,23F,23F,23F,23F
ERR2667465,GPS_benchmark,NA,NA,15B,15B,15C,15B/15C,15B,15B,15B/15C
ERR2667467,GPS_benchmark,NA,NA,16F,16F,16F,16F,16F,16F,16F
ERR2667471,GPS_benchmark,NA,NA,6B,6E,6E,Serogroup_6_(6E),6B,6B,6E(6B)
ERR2667505,GPS_benchmark,NA,NA,23F,23F,23F,23F,23F,23F,23F
ERR2667562,GPS_benchmark,NA,NA,18C,18C,18B,18C/18B,18C,18C,18C
ERR2667597,GPS_benchmark,NA,NA,9N,9N,9N,9N/9L,9N,9N,9N
ERR2667608,GPS_benchmark,NA,NA,18A,18A,18A,18A,18A,18A,18A
ERR2667694,GPS_benchmark,NA,NA,19A,19A,19AF,19A,19A,19A,19A
ERR2667696,GPS_benchmark,NA,NA,3,3,3,3,3,3,3
ERR2667756,GPS_benchmark,NA,NA,19A,19A,19AF,19A,19A,19A,19A
ERR2667758,GPS_benchmark,NA,NA,3,3,3,3,3,3,3
ERR2667795,GPS_benchmark,NA,NA,19A,19A,19A,19A,19A,19A,19A
ERR2667803,GPS_benchmark,NA,NA,19A,19A,19AF,19A,19A,19A,19A
ERR2667806,GPS_benchmark,NA,NA,19A,19A,19AF,19A,19A,19A,19A
ERR2667810,GPS_benchmark,NA,NA,7F,7F,7A,7F/7A,7F,7F,7F
ERR2667857,GPS_benchmark,NA,NA,24F,24F,24B,24F/24B,24B,24B/24C/24F,24A/24B/24F
ERR2667908,GPS_benchmark,NA,NA,23B,23B1,23B1,23B,23B,23B,23B1
ERR2667915,GPS_benchmark,NA,NA,19A,19A,19AF,19A,19A,19A,19A
ERR2667918,GPS_benchmark,NA,NA,18A,18A,18A,18A,18A,18A,18A
ERR2667922,GPS_benchmark,NA,NA,23B,23B1,23B1,23B,23B,23B,23B1
ERR2667932,GPS_benchmark,NA,NA,19A,19A,19AF,19A,19A,19A,19A
ERR2667933,GPS_benchmark,NA,NA,19A,19A,19AF,19A,19A,19A,19A
ERR2667974,GPS_benchmark,NA,NA,33F,33F,33F,33F/33A,33F,33F,33A
ERR2667978,GPS_benchmark,NA,NA,24F,24F,24B,24F/24B,24B,24B/24C/24F,24A/24B/24F
ERR2668030,GPS_benchmark,NA,NA,2,2,2,2,2,2,2
ERR2668096,GPS_benchmark,NA,NA,18C,18C,18B,18C/18B,18C,18C,18C
ERR2668101,GPS_benchmark,NA,NA,2,2,2,2,2,2,2
ERR2668102,GPS_benchmark,NA,NA,19A,19A,19A,19A,19A,19A,19A
ERR2668113,GPS_benchmark,NA,NA,12F,12F,12F,12F,12F,12F,12F
ERR2668119,GPS_benchmark,NA,NA,8,NT,8,8,8,8,8
ERR2668123,GPS_benchmark,NA,NA,27,27,27,27,27,27,27
ERR2668124,GPS_benchmark,NA,NA,6C,6C,6D,6C/6D,6C,6C,6C
ERR2668149,GPS_benchmark,NA,NA,6A,6A,6B,6A/6B,6B,6B,6B
ERR2680582,GPS_benchmark,NA,NA,23F,23F,23F,23F,23F,23F,23F
ERR2680603,GPS_benchmark,NA,NA,19A,19A,19A,19A,19A,19A,19A
ERR2680638,GPS_benchmark,NA,NA,11A,11A,11D,11A/11D,11A,11A,11A
ERR2680640,GPS_benchmark,NA,NA,6B,6E,6E,Serogroup_6_(6E),6B,6B,6E(6B)
ERR2680692,GPS_benchmark,NA,NA,15B,15B,15C,15B/15C,15B,15B,15B/15C
ERR2680697,GPS_benchmark,NA,NA,24A,NT,24F,"Below 70% hit - Poor Sequence quality, variant or non-typeable organism.",24F,24B/24C/24F,24A/24B/24F
ERR2680713,GPS_benchmark,NA,NA,15A,15A,15A,15A/15D,15A,15A,15A
ERR2680724,GPS_benchmark,NA,NA,15B,15B,15C,15B/15C,15B,15B,15B/15C
ERR2680740,GPS_benchmark,NA,NA,35A,35A,35C,35A/35C/42,35A,35A,35A
ERR2680743,GPS_benchmark,NA,NA,6B,6E,6E,Serogroup_6_(6E),6B,6B,6E(6B)
ERR2680797,GPS_benchmark,NA,NA,6B,6E,6E,Serogroup_6_(6E),6B,6B,6E(6B)
ERR2680802,GPS_benchmark,NA,NA,19A,19A,19A,19A,19A,19A,19A
ERR2680828,GPS_benchmark,NA,NA,15C,NT,15C,15B/15C,15B|15C,15C,15B/15C
ERR2680874,GPS_benchmark,NA,NA,6B,6E,6E,Serogroup_6_(6E),6B,6B,6E(6B)
ERR2680878,GPS_benchmark,NA,NA,19A,19A,19A,19A,19A,19A,19A
ERR2680897,GPS_benchmark,NA,NA,15B,15B,15C,15B/15C,15B,15B,15B/15C
ERR2680925,GPS_benchmark,NA,NA,23A,23A,23A,23A,23A,23A,23A
ERR2680936,GPS_benchmark,NA,NA,23F,23F,23F,23F,23F,23F,23F
ERR2680961,GPS_benchmark,NA,NA,6B,6E,6E,Serogroup_6_(6E),6B,6B,6E(6B)
ERR2680986,GPS_benchmark,NA,NA,15B,15B,15C,15B/15C,15B,15B,15B/15C
ERR2680996,GPS_benchmark,NA,NA,34,34,34,34,34,34,34
ERR2681059,GPS_benchmark,NA,NA,6D,6C,6D,6A_6B_6C_6D,6D,6D,6D
ERR2681076,GPS_benchmark,NA,NA,15B,15B,15C,15B/15C,15B,15B,15B/15C
ERR2681083,GPS_benchmark,NA,NA,19A,19A,19A,19A,19A,19A,19A
ERR2681087,GPS_benchmark,NA,NA,23F,23F,23F,23F,23F,23F,23F
ERR2681094,GPS_benchmark,NA,NA,35F,NT,15C,15B/15C,15B|15C,15C,15B/15C
ERR2681095,GPS_benchmark,NA,NA,6C,6C,6D,6A_6B_6C_6D,6C,6C,6C
ERR2681100,GPS_benchmark,NA,NA,6B,6E,6E,Serogroup_6_(6E),6B,6B,6E(6B)
ERR2681137,GPS_benchmark,NA,NA,11A,11A,11F,"Below 70% hit - Poor Sequence quality, variant or non-typeable organism.",11A,11A,11F
ERR2681139,GPS_benchmark,NA,NA,15A,15A,15A,15A/15D,15A,15A,15A
ERR2681141,GPS_benchmark,NA,NA,6B,6E,6E,Serogroup_6_(6E),6B,6B,6E(6B)
ERR2681150,GPS_benchmark,NA,NA,6B,6E,6E,Serogroup_6_(6E),6B,6B,6E(6B)
ERR2681189,GPS_benchmark,NA,NA,18A,18A,18A,18A,18A,18A,18A
ERR2681211,GPS_benchmark,NA,NA,19F,19F,19F,19F,19F,19F,19F
ERR2681228,GPS_benchmark,NA,NA,15A,15A,15A,15A/15D,15A,15A,15A
ERR2681251,GPS_benchmark,NA,NA,6B,6E,6E,Serogroup_6_(6E),6B,6B,6E(6B)
ERR2681252,GPS_benchmark,NA,NA,11A,11A,11F,"Below 70% hit - Poor Sequence quality, variant or non-typeable organism.",11A,11A,11F
ERR2681258,GPS_benchmark,NA,NA,6B,6E,6E,Serogroup_6_(6E),6B,6B,6E(6B)
ERR2681262,GPS_benchmark,NA,NA,23F,23F,23F,23F,23F,23F,23F
ERR2681283,GPS_benchmark,NA,NA,6B,6E,6E,Serogroup_6_(6E),6B,6B,6E(6B)
ERR2681307,GPS_benchmark,NA,NA,19A,19A,19A,19A,19A,19A,19A
ERR2681315,GPS_benchmark,NA,NA,6C,6C,6D,6A_6B_6C_6D,6C,6C,6C
ERR2681319,GPS_benchmark,NA,NA,15C,15C,15C,15B/15C,15B|15C,15C,15B/15C
ERR2681331,GPS_benchmark,NA,NA,6B,6E,6E,Serogroup_6_(6E),6B,6B,6E(6B)
ERR2681338,GPS_benchmark,NA,NA,11A,11A,11F,"Below 70% hit - Poor Sequence quality, variant or non-typeable organism.",11A,11A,11F
ERR2681367,GPS_benchmark,NA,NA,33B,33B,33B,33B,33B,33B,33B
ERR2681391,GPS_benchmark,NA,NA,35A,35A,35A,35A/35C/42,35A,35A,35A
ERR2818754,GPS_benchmark,NA,NA,19A,19A,19AF,19A,19A,19A,19A
ERR2853410,GPS_benchmark,NA,NA,19A,19A,19AF,19A,19A,19A,19A
ERR2853438,GPS_benchmark,NA,NA,19A,19A,19AF,19A,19A,19A,19A
ERR2853441,GPS_benchmark,NA,NA,19A,19A,19AF,19A,19A,19A,19A
ERR2853457,GPS_benchmark,NA,NA,19A,19A,19A,19A,19A,19A,19A
ERR2853463,GPS_benchmark,NA,NA,19A,19A,19AF,19A,19A,19A,19A
ERR2853466,GPS_benchmark,NA,NA,19A,19A,19AF,19A,19A,19A,19A
ERR2853487,GPS_benchmark,NA,NA,19A,19A,19AF,19A,19A,19A,19A
ERR2853503,GPS_benchmark,NA,NA,19A,19A,19AF,19A,19A,19A,19A
ERR2853521,GPS_benchmark,NA,NA,19A,19A,19A,19A,19A,19A,19A
ERR2853525,GPS_benchmark,NA,NA,19A,19A,19A,19A,19A,19A,19A
ERR2853526,GPS_benchmark,NA,NA,19A,19A,19A,19A,19A,19A,19A
ERR2853529,GPS_benchmark,NA,NA,19A,19A,19AF,19A,19A,19A,19A
ERR2853549,GPS_benchmark,NA,NA,19A,19A,19A,19A,19A,19A,19A
ERR2853574,GPS_benchmark,NA,NA,19A,19A,19A,19A,19A,19A,19A
ERR2853577,GPS_benchmark,NA,NA,19A,19A,19AF,19A,19A,19A,19A
ERR2853625,GPS_benchmark,NA,NA,19A,19A,19A,19A,19A,19A,19A
ERR2853630,GPS_benchmark,NA,NA,19A,19A,19AF,19A,19A,19A,19A
ERR2853631,GPS_benchmark,NA,NA,19A,19A,19AF,19A,19A,19A,19A
ERR2853654,GPS_benchmark,NA,NA,19A,19A,19AF,19A,19A,19A,19A
ERR2853675,GPS_benchmark,NA,NA,19A,19A,19A,19A,19A,19A,19A
ERR2853684,GPS_benchmark,NA,NA,19A,19A,19AF,19A,19A,19A,19A
ERR2853687,GPS_benchmark,NA,NA,19A,19A,19A,19A,19A,19A,19A
ERR2853693,GPS_benchmark,NA,NA,19A,19A,19AF,19A,19A,19A,19A
ERR3164125,GPS_benchmark,NA,NA,14,14,14,14,14,14,14
ERR316595,GPS_benchmark,NA,NA,6A,6A,6A,6A/6B,6A,6A,6A
ERR316611,GPS_benchmark,NA,NA,19A,19A,19AF,19A,19A,19A,19A
ERR316635,GPS_benchmark,NA,NA,6A,6A,6A,6A_6B_6C_6D,6A,6A,6A
ERR316681,GPS_benchmark,NA,NA,7F,7F,7F,7F/7A,7F,7F,7F
ERR316750,GPS_benchmark,NA,NA,23F,23F,23F,23F,23F,23F,23F
ERR316817,GPS_benchmark,NA,NA,23F,23F,23F,23F,23F,23F,23F
ERR316874,GPS_benchmark,NA,NA,15B,15C,15B,15B/15C,15C,15C,15B/15C
ERR316903,GPS_benchmark,NA,NA,9V,9V,9V,9A/9V,9V,9V,9V
ERR316909,GPS_benchmark,NA,NA,16F,16F,16F,"Below 70% hit - Poor Sequence quality, variant or non-typeable organism.",16F,16F,16F
ERR316917,GPS_benchmark,NA,NA,19B,NT,19B,19B,19B,19B,19B
ERR316928,GPS_benchmark,NA,NA,15B,15C,15B,15B/15C,15C,15C,15B/15C
ERR319314,GPS_benchmark,NA,NA,6B,NT,Failed,Serogroup_6_(6E),6B,6B,6E(6B)
ERR3227725,GPS_benchmark,NA,NA,15A,15A,15A,15A/15D,15A,15A,15A
ERR3227727,GPS_benchmark,NA,NA,19A,19A,19A,19A,19A,19A,19A
ERR3227735,GPS_benchmark,NA,NA,11A,11A,11A,11A/11D,11A,11A,11A
ERR3227736,GPS_benchmark,NA,NA,19F,19F,19F,19F,19F,19F,19F
ERR3227755,GPS_benchmark,NA,NA,19F,19F,19F,19F,19F,19F,19F
ERR3227765,GPS_benchmark,NA,NA,19F,19F,19F,19F,19F,19F,19F
ERR3227767,GPS_benchmark,NA,NA,15A,15A,15A,15A/15D,15A,15A,15A
ERR3227768,GPS_benchmark,NA,NA,8,8,8,8,8,8,8
ERR3227774,GPS_benchmark,NA,NA,14,14,14,14,14,14,14
ERR3227778,GPS_benchmark,NA,NA,14,14,14,14,14,14,14
ERR3227800,GPS_benchmark,NA,NA,7F,7F,7A,7F/7A,7F,7F,7F
ERR3227801,GPS_benchmark,NA,NA,24F,24F,24B,24F/24B,24B,24B/24C/24F,24A/24B/24F
ERR3227811,GPS_benchmark,NA,NA,35A,35A,35A,35A/35C/42,35A,35A,35A
ERR326414,GPS_benchmark,NA,NA,15C,15C,15B,15B/15C,15B|15C,15C,15B/15C
ERR326530,GPS_benchmark,NA,NA,9V,15C,15B,15B/15C,15B|15C,15C,15B/15C
ERR326717,GPS_benchmark,NA,NA,19A,19A,19AF,19A,19A,19A,19A
ERR326730,GPS_benchmark,NA,NA,23F,23F,23F,23F,23F,23F,23F
ERR3270720,GPS_benchmark,NA,NA,23F,23F,23F,23F,23F,23F,23F
ERR3270724,GPS_benchmark,NA,NA,6A,6A,6B,6A/6B,6A,6A,6A
ERR3270748,GPS_benchmark,NA,NA,9V,9V,9V,9A/9V,9V,9V,9V
ERR3270779,GPS_benchmark,NA,NA,3,3,3,3,3,3,3
ERR3270829,GPS_benchmark,NA,NA,6A,6B,6A,6A/6B,6A,6A,6A
ERR3270836,GPS_benchmark,NA,NA,35B,35B,35B,35B/35D,35B,35B,35B
ERR3270845,GPS_benchmark,NA,NA,12F,12F,12F,12F,12F,12F,12F
ERR3270849,GPS_benchmark,NA,NA,35B,35B,35B,35B/35D,35B,35B,35B
ERR3270857,GPS_benchmark,NA,NA,17F,17F,17F,17F,17F,17F,17F
ERR3303157,GPS_benchmark,NA,NA,6A,6A,6A,6A/6B,6A,6A,6A
ERR3303237,GPS_benchmark,NA,NA,23F,23F,23F,23F,23F,23F,23F
ERR3303251,GPS_benchmark,NA,NA,19F,19F,19F,19F,19F,19F,19F
ERR3303261,GPS_benchmark,NA,NA,6A,6A,6A,6A/6B,6A,6A,6A
ERR3303308,GPS_benchmark,NA,NA,31,31,31,31,31,31,31
ERR3303318,GPS_benchmark,NA,NA,19A,19A,19AF,19A,19A,19A,19A
ERR3303323,GPS_benchmark,NA,NA,39,39,39,39,39,39,39
ERR3303328,GPS_benchmark,NA,NA,6A,6B,6A,6A/6B,6A,6A,6A
ERR3303333,GPS_benchmark,NA,NA,6B,6B,6A,6A/6B,6A,6A,6A
ERR3303343,GPS_benchmark,NA,NA,6A,6A,6A,6A/6B,6A,6A,6A
ERR3303362,GPS_benchmark,NA,NA,24A,24F,24F,"Below 70% hit - Poor Sequence quality, variant or non-typeable organism.",24F,24B/24C/24F,24A/24B/24F
ERR3303377,GPS_benchmark,NA,NA,19F,19F,19F,19F,19F,19F,19F
ERR3303389,GPS_benchmark,NA,NA,19A,19A,19AF,19A,19A,19A,19A
ERR3303393,GPS_benchmark,NA,NA,35A,35A,35A,35A/35C/42,35A,35A,35A
ERR3303402,GPS_benchmark,NA,NA,23F,23F,23F,23F,23F,23F,23F
ERR3303428,GPS_benchmark,NA,NA,9V,9V,9V,9A/9V,9V,9V,9V
ERR3303436,GPS_benchmark,NA,NA,6B,6B,6A,6A/6B,6B,6B,6B
ERR3303451,GPS_benchmark,NA,NA,7B,7B,7B,7B/40,7B,7B,7B
ERR3303452,GPS_benchmark,NA,NA,33B,33B,33B,"Mixed serotypes- {'33B', '33D'}",33B,33B,33D
ERR331167,GPS_benchmark,NA,NA,6C,6C,6D,6C/6D,6C,6C,6C
ERR331400,GPS_benchmark,NA,NA,14,14,14,14,14,14,14
ERR331417,GPS_benchmark,NA,NA,3,3,3,3,3,3,3
ERR331422,GPS_benchmark,NA,NA,3,3,3,3,3,3,3
ERR3332202,GPS_benchmark,NA,NA,24F,24F,24F,24F/24B,24F,24B/24C/24F,24A/24B/24F
ERR340837,GPS_benchmark,NA,NA,8,8,8,8,8,8,8
ERR340870,GPS_benchmark,NA,NA,23A,23A,23A,23A,23A,23A,23A
ERR340871,GPS_benchmark,NA,NA,9N,9N,9N,9N/9L,9N,9N,9N
ERR352038,GPS_benchmark,NA,NA,23F,23F,23F,23F,23F,23F,23F
ERR352043,GPS_benchmark,NA,NA,12F,12F,12F,12F,12F,12F,12F
ERR3655157,GPS_benchmark,NA,NA,19A,19A,19AF,19A,19A,19A,19A
ERR3655229,GPS_benchmark,NA,NA,7F,7F,7A,7F/7A,7F,7F,7F
ERR3655283,GPS_benchmark,NA,NA,6B,6B,6A,6A/6B,6B,6B,6B
ERR3655301,GPS_benchmark,NA,NA,23F,23F,23F,23F,23F,23F,23F
ERR3664419,GPS_benchmark,NA,NA,4,4,4,4,4,4,4
ERR3669255,GPS_benchmark,NA,NA,14,14,14,14,14,14,14
ERR3669261,GPS_benchmark,NA,NA,4,4,4,4,4,4,4
ERR3669268,GPS_benchmark,NA,NA,12F,12F,12F,12F,12F,12F,12F
ERR3669278,GPS_benchmark,NA,NA,3,3,3,3,3,3,3
ERR3669301,GPS_benchmark,NA,NA,19A,19A,19AF,19A,19A,19A,19A
ERR3669371,GPS_benchmark,NA,NA,16F,16F,16F,16F,16F,16F,16F
ERR3669376,GPS_benchmark,NA,NA,24F,24F,24F,24F/24B,24F,24B/24C/24F,24A/24B/24F
ERR3723394,GPS_benchmark,NA,NA,3,3,3,"Below 70% hit - Poor Sequence quality, variant or non-typeable organism.",3,3,3
ERR3795981,GPS_benchmark,NA,NA,14,14,14,14,14,14,14
ERR3796571,GPS_benchmark,NA,NA,24F,24F,24B,24F/24B,24B,24B/24C/24F,24A/24B/24F
ERR3796606,GPS_benchmark,NA,NA,24F,24B,24B,24F/24B,24B,24B/24C/24F,24A/24B/24F
ERR3796631,GPS_benchmark,NA,NA,24F,24F,24B,24F/24B,24B,24B/24C/24F,24A/24B/24F
ERR3796643,GPS_benchmark,NA,NA,24F,24B,24B,24F/24B,24B,24B/24C/24F,24A/24B/24F
ERR3796654,GPS_benchmark,NA,NA,24F,24F,24B,24F/24B,24B,24B/24C/24F,24A/24B/24F
ERR3796659,GPS_benchmark,NA,NA,24F,24F,24B,24F/24B,24B,24B/24C/24F,24A/24B/24F
ERR3796660,GPS_benchmark,NA,NA,24F,24F,24B,24F/24B,24B,24B/24C/24F,24A/24B/24F
ERR3796667,GPS_benchmark,NA,NA,24F,24F,24B,24F/24B,24B,24B/24C/24F,24A/24B/24F
ERR3796689,GPS_benchmark,NA,NA,24F,24B,24B,24F/24B,24B,24B/24C/24F,24A/24B/24F
ERR3796702,GPS_benchmark,NA,NA,24F,24B,24B,24F/24B,24B,24B/24C/24F,24A/24B/24F
ERR3796707,GPS_benchmark,NA,NA,24F,24F,24B,24F/24B,24B,24B/24C/24F,24A/24B/24F
ERR3796710,GPS_benchmark,NA,NA,24F,24F,24B,24F/24B,24B,24B/24C/24F,24A/24B/24F
ERR3796723,GPS_benchmark,NA,NA,24F,24F,24B,24F/24B,24B,24B/24C/24F,24A/24B/24F
ERR3796724,GPS_benchmark,NA,NA,24F,24B,24B,24F/24B,24B,24B/24C/24F,24A/24B/24F
ERR3796754,GPS_benchmark,NA,NA,24F,24F,24B,24F/24B,24B,24B/24C/24F,24A/24B/24F
ERR3796760,GPS_benchmark,NA,NA,24F,24F,24B,24F/24B,24B,24B/24C/24F,24A/24B/24F
ERR3796769,GPS_benchmark,NA,NA,24F,24B,24B,24F/24B,24B,24B/24C/24F,24A/24B/24F
ERR3796779,GPS_benchmark,NA,NA,24F,24B,24B,24F/24B,24B,24B/24C/24F,24A/24B/24F
ERR3796781,GPS_benchmark,NA,NA,24F,24F,24B,24F/24B,24B,24B/24C/24F,24A/24B/24F
ERR3796786,GPS_benchmark,NA,NA,24F,24F,24B,24F/24B,24B,24B/24C/24F,24A/24B/24F
ERR3796806,GPS_benchmark,NA,NA,24F,24B,24B,24F/24B,24B,24B/24C/24F,24A/24B/24F
ERR3796810,GPS_benchmark,NA,NA,24F,24F,24B,24F/24B,24B,24B/24C/24F,24A/24B/24F
ERR3796818,GPS_benchmark,NA,NA,24F,24B,24B,24F/24B,24B,24B/24C/24F,24A/24B/24F
ERR3796877,GPS_benchmark,NA,NA,24F,24F,24B,24F/24B,24B,24B/24C/24F,24A/24B/24F
ERR3796887,GPS_benchmark,NA,NA,24F,24F,24B,24F/24B,24B,24B/24C/24F,24A/24B/24F
ERR3796908,GPS_benchmark,NA,NA,24F,24F,24B,24F/24B,24B,24B/24C/24F,24A/24B/24F
ERR3796909,GPS_benchmark,NA,NA,24F,24F,24B,24F/24B,24B,24B/24C/24F,24A/24B/24F
ERR3796912,GPS_benchmark,NA,NA,24F,24B,24B,24F/24B,24B,24B/24C/24F,24A/24B/24F
ERR3796913,GPS_benchmark,NA,NA,24F,24F,24B,24F/24B,24B,24B/24C/24F,24A/24B/24F
ERR3796915,GPS_benchmark,NA,NA,24F,24F,24B,24F/24B,24B,24B/24C/24F,24A/24B/24F
ERR3796932,GPS_benchmark,NA,NA,24F,24F,24B,24F/24B,24B,24B/24C/24F,24A/24B/24F
ERR3796947,GPS_benchmark,NA,NA,24F,24B,24B,24F/24B,24B,24B/24C/24F,24A/24B/24F
ERR3796948,GPS_benchmark,NA,NA,24F,24F,24B,24F/24B,24B,24B/24C/24F,24A/24B/24F
ERR3796950,GPS_benchmark,NA,NA,24F,24F,24B,24F/24B,24B,24B/24C/24F,24A/24B/24F
ERR3831128,GPS_benchmark,NA,NA,24F,24F,24B,24F/24B,24B,24B/24C/24F,24A/24B/24F
ERR3831137,GPS_benchmark,NA,NA,24F,24F,24B,24F/24B,24B,24B/24C/24F,24A/24B/24F
ERR3831139,GPS_benchmark,NA,NA,24F,24F,24B,24F/24B,24B,24B/24C/24F,24A/24B/24F
ERR3899201,GPS_benchmark,NA,NA,19A,19A,19AF,19A,19A,19A,19A
ERR3899218,GPS_benchmark,NA,NA,23F,23F,23F,23F,23F,23F,23F
ERR3899228,GPS_benchmark,NA,NA,23F,NT,23F,23F,23F,23F,23F
ERR3899261,GPS_benchmark,NA,NA,23B,23B,23B,23B,23B,23B,23B1
ERR3899298,GPS_benchmark,NA,NA,15B,15B,15C,15B/15C,15B,15B,15B/15C
ERR3899314,GPS_benchmark,NA,NA,19A,19A,19AF,19A,19A,19A,19A
ERR425430,GPS_benchmark,NA,NA,23F,23F,23F,23F,23F,23F,23F
ERR425488,GPS_benchmark,NA,NA,11A,11A,11A,11A/11D,11A,11A,11A
ERR425526,GPS_benchmark,NA,NA,19F,19F,19F,19F,19F,19F,19F
ERR4289046,GPS_benchmark,NA,NA,17F,17F,17F,17F,17F,17F,17F
ERR4289053,GPS_benchmark,NA,NA,3,3,3,3,3,3,3
ERR4289136,GPS_benchmark,NA,NA,23A,23A,23A,23A,23A,23A,23A
ERR433539,GPS_benchmark,NA,NA,4,4,4,4,4,4,4
ERR433541,GPS_benchmark,NA,NA,23F,23F,23F,23F,23F,23F,23F
ERR433692,GPS_benchmark,NA,NA,15B,15B,15C,15B/15C,15B,15B,15B/15C
ERR433696,GPS_benchmark,NA,NA,23A,23A,23A,23A,23A,23A,23A
ERR433778,GPS_benchmark,NA,NA,4,4,4,4,4,4,4
ERR433851,GPS_benchmark,NA,NA,23F,23F,23F,23F,23F,23F,23F
ERR433950,GPS_benchmark,NA,NA,6B,6E,6E,Serogroup_6_(6E),6B,6B,6E(6B)
ERR433987,GPS_benchmark,NA,NA,15B,15B,15C,15B/15C,15B,15B,15B/15C
ERR449156,GPS_benchmark,NA,NA,6A,6A,6A,6A/6B,6A,6A,6A
ERR449161,GPS_benchmark,NA,NA,23F,23F,23F,23F,23F,23F,23F
ERR449226,GPS_benchmark,NA,NA,11A,11A,11A,11A/11D,11A,11A,11A
ERR449230,GPS_benchmark,NA,NA,9V,9V,9V,9A/9V,9V,9V,9V
ERR449236,GPS_benchmark,NA,NA,18C,18C,18B,18C/18B,18C,18C,18C
ERR449246,GPS_benchmark,NA,NA,6B,6E,6E,Serogroup_6_(6E),6B,6B,6E(6B)
ERR4501325,GPS_benchmark,NA,NA,24F,24F,24B,24F/24B,24B,24B/24C/24F,24A/24B/24F
ERR4501328,GPS_benchmark,NA,NA,19A,19A,19AF,19A,19A,19A,19A
ERR4501329,GPS_benchmark,NA,NA,24F,24F,24B,24F/24B,24B,24B/24C/24F,24A/24B/24F
ERR4501338,GPS_benchmark,NA,NA,24F,24F,24B,24F/24B,24B,24B/24C/24F,24A/24B/24F
ERR4501369,GPS_benchmark,NA,NA,24F,24F,24B,24F/24B,24B,24B/24C/24F,24A/24B/24F
ERR4501404,GPS_benchmark,NA,NA,19A,19A,19AF,19A,19A,19A,19A
ERR4501418,GPS_benchmark,NA,NA,24F,24F,24B,24F/24B,24B,24B/24C/24F,24A/24B/24F
ERR4501435,GPS_benchmark,NA,NA,24F,24F,24B,24F/24B,24B,24B/24C/24F,24A/24B/24F
ERR4501439,GPS_benchmark,NA,NA,24F,24F,24B,24F/24B,24B,24B/24C/24F,24A/24B/24F
ERR4501445,GPS_benchmark,NA,NA,19A,19A,19AF,19A,19A,19A,19A
ERR4501454,GPS_benchmark,NA,NA,24F,24F,24B,24F/24B,24B,24B/24C/24F,24A/24B/24F
ERR4501455,GPS_benchmark,NA,NA,24F,24F,24B,24F/24B,24B,24B/24C/24F,24A/24B/24F
ERR4501458,GPS_benchmark,NA,NA,24F,24F,24B,24F/24B,24B,24B/24C/24F,24A/24B/24F
ERR4501469,GPS_benchmark,NA,NA,24F,24F,24B,24F/24B,24B,24B/24C/24F,24A/24B/24F
ERR490722,GPS_benchmark,NA,NA,6B,NT,6A,"Mixed serotypes- {'6A_6B_6C_6D', '18F'}",6A|06B|18B|18C|18F,6B,6B
ERR490775,GPS_benchmark,NA,NA,4,4,4,4,4,4,4
ERR490794,GPS_benchmark,NA,NA,3,3,3,3,3,3,3
ERR490798,GPS_benchmark,NA,NA,19A,19A,19AF,19A,19A,19A,19A
ERR505469,GPS_benchmark,NA,NA,19F,19F,19F,19F,19F,19F,19F
ERR505491,GPS_benchmark,NA,NA,24F,24F,24B,24F/24B,24B,24B/24C/24F,24A/24B/24F
ERR505520,GPS_benchmark,NA,NA,19F,23B1,19AF,19A_19AF,19A,19F,23B1
ERR505545,GPS_benchmark,NA,NA,19F,19F,19F,19F,19F,19F,19F
ERR505555,GPS_benchmark,NA,NA,10A,10A,Failed,10A,10A,10A,10A
ERR505587,GPS_benchmark,NA,NA,19F,19F,19F,19F,19F,19F,19F
ERR505652,GPS_benchmark,NA,NA,6B,6B,6A,6A/6B,6B,6B,6B
ERR505675,GPS_benchmark,NA,NA,6B,6E,6E,Serogroup_6_(6E),6B,6B,6E(6B)
ERR505705,GPS_benchmark,NA,NA,11A,11A,11D,11A/11D,11A,11A,11A
ERR505747,GPS_benchmark,NA,NA,19A,19A,19A,19A,19A,19A,19A
ERR505758,GPS_benchmark,NA,NA,16F,16F,16F,16F,16F,16F,16F
ERR505760,GPS_benchmark,NA,NA,10A,10A,10A,10A,10A,10A,10A
ERR505893,GPS_benchmark,NA,NA,18C,18C,18B,18C/18B,18C,18C,18B
ERR505905,GPS_benchmark,NA,NA,19A,19A,19AF,19A,19A,19A,19A
ERR505913,GPS_benchmark,NA,NA,6A,6A,6A,6A/6B,6A,6A,6A
ERR505922,GPS_benchmark,NA,NA,6C,6C,6D,6A_6B_6C_6D,6C,6C,6C
ERR505934,GPS_benchmark,NA,NA,6A,6A,6A,6A/6B,6A,6A,6A
ERR505956,GPS_benchmark,NA,NA,6A,6A,6A,6A/6B,6A,6A,6A
ERR505971,GPS_benchmark,NA,NA,19F,19F,19F,19F,19F,19F,19F
ERR505999,GPS_benchmark,NA,NA,33F,33F,33F,33F/33A,33F,33F,33F
ERR506028,GPS_benchmark,NA,NA,19A,19A,19A,19A,19A,19A,19A
ERR506038,GPS_benchmark,NA,NA,23A,23A,23A,23A,23A,23A,23A
ERR5104419,GPS_benchmark,NA,NA,4,4,4,4,4,4,4
ERR516634,GPS_benchmark,NA,NA,19F,19F,Failed,19F,19F,19F,19F
ERR516635,GPS_benchmark,NA,NA,6B,6A,6A,6A/6B,6A,6A,6A
ERR516658,GPS_benchmark,NA,NA,35F,35F,35F,35F,35F,35F,35F
ERR516672,GPS_benchmark,NA,NA,19A,19A,19A,19A,19A,19A,19A
ERR516691,GPS_benchmark,NA,NA,13,13,13,13,13,13,13
ERR5336815,GPS_benchmark,NA,NA,4,4,4,4,4,4,4
ERR568446,GPS_benchmark,NA,NA,1,1,1,1,1,1,1
ERR568494,GPS_benchmark,NA,NA,6B,6E,6E,Serogroup_6_(6E),6B,6B,6E(6B)
ERR568500,GPS_benchmark,NA,NA,19F,19F,19F,19F,19F,19F,19F
ERR568525,GPS_benchmark,NA,NA,23F,NT,23F,23F,23F,23F,23F
ERR568550,GPS_benchmark,NA,NA,23F,23F,23F,23F,23F,23F,23F
ERR568567,GPS_benchmark,NA,NA,23F,23F,23F,23F,23F,23F,23F
ERR568600,GPS_benchmark,NA,NA,35F,35F,35F,35F,35F,35F,35F
ERR568608,GPS_benchmark,NA,NA,6A,6A,6A,6A/6B,6A,6A,6A
ERR568610,GPS_benchmark,NA,NA,19F,19F,19F,19F,19F,19F,19F
ERR568638,GPS_benchmark,NA,NA,19A,19A,19AF,19A,19A,19A,19A
ERR568751,GPS_benchmark,NA,NA,23B,23B1,23B1,23B,23B,23B,23B1
ERR568764,GPS_benchmark,NA,NA,6B,6E,6E,Serogroup_6_(6E),6B,6B,6E(6B)
ERR570392,GPS_benchmark,NA,NA,3,3,3,3,3,3,3
ERR570401,GPS_benchmark,NA,NA,6A,6A,6A,6A/6B,6A,6A,6A
ERR570412,GPS_benchmark,NA,NA,14,14,14,14,14,14,14
ERR586335,GPS_benchmark,NA,NA,19F,23B1,19AF,19A_19AF,19A,19F,23B1
ERR586345,GPS_benchmark,NA,NA,15B,15B,15C,15B/15C,15B,15B,15B/15C
ERR586363,GPS_benchmark,NA,NA,6B,6E,6A,Serogroup_6_(6E),6B,6B,6E(6B)
ERR586367,GPS_benchmark,NA,NA,15B,15B,15C,15B/15C,15B,15B,15B/15C
ERR586448,GPS_benchmark,NA,NA,19A,19A,19A,19A,19A,19A,19A
ERR586455,GPS_benchmark,NA,NA,19A,NT,19A,19A,19A,19A,19A
ERR586463,GPS_benchmark,NA,NA,6A,6A,6A,6A/6B,6A,6A,6A
ERR586472,GPS_benchmark,NA,NA,6A,6A,6A,6A/6B,6A,6A,6A
ERR600090,GPS_benchmark,NA,NA,7F,7F,7A,7F/7A,7F,7F,7F
ERR600104,GPS_benchmark,NA,NA,15C,15B,15C,15B/15C,15B,15B,15B/15C
ERR600107,GPS_benchmark,NA,NA,23A,23A,23A,23A,23A,23A,23A
ERR600111,GPS_benchmark,NA,NA,23B,23B1,23B1,23B,23B,23B,23B1
ERR600167,GPS_benchmark,NA,NA,3,15B,15C,15B/15C,15C,15B,15B/15C
ERR600176,GPS_benchmark,NA,NA,33F,33F,33F,33F/33A,33F,33F,33F
ERR600236,GPS_benchmark,NA,NA,15C,15C,15B,15B/15C,15B|15C,15C,15B/15C
ERR600248,GPS_benchmark,NA,NA,11A,11A,11D,11A/11D,11A,11E,11A
ERR600267,GPS_benchmark,NA,NA,23B,23B1,23B1,23B,23B,23B,23B1
ERR600270,GPS_benchmark,NA,NA,3,3,3,3,3,3,3
ERR600378,GPS_benchmark,NA,NA,1,1,1,1,1,1,1
ERR600424,GPS_benchmark,NA,NA,1,1,1,1,1,1,1
ERR600458,GPS_benchmark,NA,NA,15C,15C,15C,15B/15C,15B|15C,15B/15C,15B/15C
ERR600481,GPS_benchmark,NA,NA,14,14,14,14,14,14,14
ERR600484,GPS_benchmark,NA,NA,15B,15B,15B,15B/15C,15B,15B,15B/15C
ERR600496,GPS_benchmark,NA,NA,19F,19F,19F,19F,19F,19F,19F
ERR600516,GPS_benchmark,NA,NA,15C,15C,15C,15B/15C,15B|15C,15C,15B/15C
ERR600524,GPS_benchmark,NA,NA,23A,23A,23A,23A,23A,23A,23A
ERR600552,GPS_benchmark,NA,NA,16F,15C,15C,15B/15C,15C,15C,15B/15C
ERR600555,GPS_benchmark,NA,NA,8,8,8,8,8,8,8
ERR600557,GPS_benchmark,NA,NA,6A,6A,6A,6A/6B,6A,6A,6A
ERR600562,GPS_benchmark,NA,NA,23F,23F,23F,23F,23F,23F,23F
ERR600574,GPS_benchmark,NA,NA,6A,6A,6A,6A_6B_6C_6D,6A,6A,6A
ERR632883,GPS_benchmark,NA,NA,15B,15C,15C,15B/15C,15C,15C,15B/15C
ERR632929,GPS_benchmark,NA,NA,1,1,1,1,1,1,1
ERR632948,GPS_benchmark,NA,NA,6A,6A,6A,6A/6B,6A,6A,6A
ERR632958,GPS_benchmark,NA,NA,19A,19A,19AF,19A,19A,19A,19A
ERR633016,GPS_benchmark,NA,NA,1,1,1,1,1,1,1
ERR633083,GPS_benchmark,NA,NA,23F,23F,23F,23F,23F,23F,23F
ERR633089,GPS_benchmark,NA,NA,13,13,13,13,13,13,13
ERR633099,GPS_benchmark,NA,NA,6A,6A,6A,6A/6B,6A,6A,6A
ERR633108,GPS_benchmark,NA,NA,15B,15B,15B,15B/15C,15B,15B,15B/15C
ERR633111,GPS_benchmark,NA,NA,6A,6A,6A,6A/6B,6A,6A,6A
ERR633115,GPS_benchmark,NA,NA,6A,6A,6A,6A/6B,6A,6A,6A
ERR646540,GPS_benchmark,NA,NA,6A,6A,6A,6A/6B,6A,6A,6A
ERR646548,GPS_benchmark,NA,NA,23F,23F,23F,23F,23F,23F,23F
ERR662387,GPS_benchmark,NA,NA,11A,11A,11A,11A/11D,11A,11A,11A
ERR662403,GPS_benchmark,NA,NA,15C,15C,15B,15B/15C,15B|15C,15C,15B/15C
ERR662416,GPS_benchmark,NA,NA,3,3,Failed,3,3,3,3
ERR662422,GPS_benchmark,NA,NA,19A,19A,19A,19A,19A,19A,19A
ERR662424,GPS_benchmark,NA,NA,6A,6A,6A,6A/6B,6A,6A,6A
ERR662435,GPS_benchmark,NA,NA,16F,16F,16F,16F,16F,16F,16F
ERR662447,GPS_benchmark,NA,NA,3,3,Failed,3,3,3,3
ERR701825,GPS_benchmark,NA,NA,23F,NT,23F,23F,23F,23F,23F
ERR701840,GPS_benchmark,NA,NA,18F,18F,18A,18F,18F,18F,18F
ERR714106,GPS_benchmark,NA,NA,1,1,1,1,1,1,1
ERR714109,GPS_benchmark,NA,NA,9V,9V,9V,9A/9V,9V,9V,9V
ERR714118,GPS_benchmark,NA,NA,12F,12F,12F,12F,12F,12F,12F
ERR714126,GPS_benchmark,NA,NA,40,40,7B,7B/40,40,40,40
ERR714228,GPS_benchmark,NA,NA,6B,6E,6E,Serogroup_6_(6E),6B,6B,6E(6B)
ERR714252,GPS_benchmark,NA,NA,7C,15C,15C,15B/15C,15C,15C,15B/15C
ERR714261,GPS_benchmark,NA,NA,7B,7B,7B,7B/40,7B,7B,7B
ERR714288,GPS_benchmark,NA,NA,35B,35B,35B,35B/35D,35B,35B,35B
ERR714326,GPS_benchmark,NA,NA,6B,6E,6E,Serogroup_6_(6E),6B,6B,6E(6B)
ERR714441,GPS_benchmark,NA,NA,6B,6E,6E,Serogroup_6_(6E),6B,6B,6E(6B)
ERR714456,GPS_benchmark,NA,NA,22F,22F,22F,22F,22F,22F,22F
ERR714493,GPS_benchmark,NA,NA,6A,6A,6A,6A/6B,6A,6A,6A
ERR714515,GPS_benchmark,NA,NA,1,1,1,1,1,1,1
ERR714540,GPS_benchmark,NA,NA,6B,6B,6A,6A/6B,6B,6B,6B
ERR714567,GPS_benchmark,NA,NA,7F,7F,7A,7F/7A,7F,7F,7F
ERR714571,GPS_benchmark,NA,NA,6B,6E,6E,Serogroup_6_(6E),6B,6B,6E(6B)
ERR714618,GPS_benchmark,NA,NA,6B,NT,6A,6A_6B_6C_6D,6B,6B,6B
ERR714638,GPS_benchmark,NA,NA,19A,19A,19AF,19A,19A,19A,19A
ERR714646,GPS_benchmark,NA,NA,19A,19A,19AF,19A,19A,19A,19A
ERR714698,GPS_benchmark,NA,NA,4,4,4,4,4,4,4
ERR730165,GPS_benchmark,NA,NA,35B,35B,35B,35B/35D,35B,35B,35B
ERR730206,GPS_benchmark,NA,NA,11A,11A,11D,11A/11D,11A,11A,11A
ERR730217,GPS_benchmark,NA,NA,14,15C,15C,15B/15C,15C,15C,15B/15C
ERR730242,GPS_benchmark,NA,NA,19A,19A,19A,19A,19A,19A,19A
ERR730255,GPS_benchmark,NA,NA,6A,6A,6A,6A/6B,6A,6A,6A
ERR730263,GPS_benchmark,NA,NA,6A,6A,6A,6A/6B,6A,6A,6A
ERR730270,GPS_benchmark,NA,NA,9V,9V,9V,9A/9V,9V,9V,9V
ERR730318,GPS_benchmark,NA,NA,6B,6E,6E,Serogroup_6_(6E),6B,6B,6E(6B)
ERR730330,GPS_benchmark,NA,NA,14,15B,15C,15B/15C,15B,15B,15B/15C
ERR730332,GPS_benchmark,NA,NA,9V,9V,9V,9A/9V,9V,9V,9V
ERR730340,GPS_benchmark,NA,NA,6B,6E,6E,Serogroup_6_(6E),6B,6B,6E(6B)
ERR730375,GPS_benchmark,NA,NA,9V,9V,9V,9A/9V,9V,9V,9V
ERR730431,GPS_benchmark,NA,NA,24F,24F,24F,24F/24B,24F,24B/24C/24F,24A/24B/24F
ERR730449,GPS_benchmark,NA,NA,23B,23B,Failed,23B,23B,23B,23B
ERR730474,GPS_benchmark,NA,NA,6B,6E,6E,Serogroup_6_(6E),6B,6B,6E(6B)
ERR730476,GPS_benchmark,NA,NA,6B,6E,6E,Serogroup_6_(6E),6B,6B,6E(6B)
ERR730522,GPS_benchmark,NA,NA,6A,6A,6A,6A/6B,6A,6A,6A
ERR730545,GPS_benchmark,NA,NA,3,3,3,3,3,3,3
ERR730579,GPS_benchmark,NA,NA,6A,6A,6A,6A/6B,6A,6A,6A
ERR730646,GPS_benchmark,NA,NA,5,5,Failed,5,5,5,5
ERR730672,GPS_benchmark,NA,NA,19A,19A,19AF,19A,19A,19A,19A
ERR730678,GPS_benchmark,NA,NA,4,4,4,4,4,4,4
ERR730690,GPS_benchmark,NA,NA,19A,19A,19AF,19A,19A,19A,19A
ERR730812,GPS_benchmark,NA,NA,22F,22F,22F,22F,22F,22F,22F
ERR730862,GPS_benchmark,NA,NA,23B,23B1,23B1,23B,23B,23B,23B1
ERR730868,GPS_benchmark,NA,NA,23F,23F,23F,23F,23F,23F,23F
ERR730904,GPS_benchmark,NA,NA,6A,6A,6A,6A_6B_6C_6D,6A,6A,6A
ERR730912,GPS_benchmark,NA,NA,19F,19F,19F,19F,19F,19F,19F
ERR730915,GPS_benchmark,NA,NA,6A,6A,6A,6A/6B,6A,6A,6A
ERR742346,GPS_benchmark,NA,NA,7F,7F,Failed,7F/7A,7F,7F,7F
ERR742350,GPS_benchmark,NA,NA,18C,18B,Failed,18C/18B,18B,18B,18C
ERR742379,GPS_benchmark,NA,NA,15C,15C,15C,15B/15C,15C,15B/15C,15B/15C
ERR742380,GPS_benchmark,NA,NA,19A,19A,19A,19A,19A,19A,19A
ERR742389,GPS_benchmark,NA,NA,19A,19A,19AF,19A,19A,19A,19A
ERR742407,GPS_benchmark,NA,NA,19A,19A,19A,19A,19A,19A,19A
ERR742436,GPS_benchmark,NA,NA,9V,9V,9V,9A/9V,9V,9V,9V
ERR742437,GPS_benchmark,NA,NA,6B,6B,6A,6A/6B,6B,6B,6B
ERR742438,GPS_benchmark,NA,NA,23F,23F,23F,23F,23F,23F,23F
ERR742450,GPS_benchmark,NA,NA,6A,6A,6A,6A/6B,6A,6A,6A
ERR742453,GPS_benchmark,NA,NA,6A,6A,6A,6A/6B,6A,6A,6A
ERR742504,GPS_benchmark,NA,NA,19A,19A,19A,19A,19A,19A,19A
ERR742519,GPS_benchmark,NA,NA,19A,19A,19A,19A,19A,19A,19A
ERR742594,GPS_benchmark,NA,NA,3,3,3,3,3,3,3
ERR742613,GPS_benchmark,NA,NA,3,3,3,3,3,3,3
ERR742615,GPS_benchmark,NA,NA,19A,19A,19A,19A,19A,19A,19A
ERR742621,GPS_benchmark,NA,NA,15C,15C,15B,15B/15C,15B|15C,15C,15B/15C
ERR742678,GPS_benchmark,NA,NA,19F,19F,19F,19F,19F,19F,19F
ERR742682,GPS_benchmark,NA,NA,12F,12F,12F,12F_12A_12B_44_46,12F,12F,12F
ERR742692,GPS_benchmark,NA,NA,7F,7F,7A,7F/7A,7F,7F,7F
ERR742694,GPS_benchmark,NA,NA,2,2,2,2,2,2,2
ERR742695,GPS_benchmark,NA,NA,12F,12F,12F,12F_12A_12B_44_46,12F,12F,12F
ERR742704,GPS_benchmark,NA,NA,6A,6A,6A,6A/6B,6A,6A,6A
ERR742706,GPS_benchmark,NA,NA,6A,6A,6A,6A/6B,6A,6A,6A
ERR742721,GPS_benchmark,NA,NA,23F,23F,23F,23F,23F,23F,23F
ERR742741,GPS_benchmark,NA,NA,9L,9L,9L,9N/9L,9L,9L,9L
ERR742769,GPS_benchmark,NA,NA,7C,7C,7C,7C,7C,7C,7C
ERR742777,GPS_benchmark,NA,NA,29,29,Failed,"Below 70% hit - Poor Sequence quality, variant or non-typeable organism.",29,29,29
ERR742808,GPS_benchmark,NA,NA,7F,7F,7A,7F/7A,7F,7F,7F
ERR742827,GPS_benchmark,NA,NA,9N,9N,9N,9N/9L,9N,9N,9N
ERR742866,GPS_benchmark,NA,NA,7F,7F,7A,7F/7A,7F,7F,7F
ERR750763,GPS_benchmark,NA,NA,3,3,3,3,3,3,3
ERR750784,GPS_benchmark,NA,NA,4,4,4,4,4,4,4
ERR750841,GPS_benchmark,NA,NA,10F,10F,10F,10F,10F,10F,10F
ERR750855,GPS_benchmark,NA,NA,19F,19F,19F,19F,19F,19F,19F
ERR750888,GPS_benchmark,NA,NA,6C,6C,6D,6C/6D,6C,6C,6C
ERR750906,GPS_benchmark,NA,NA,6B,6E,6E,Serogroup_6_(6E),6B,6B,6E(6B)
ERR750934,GPS_benchmark,NA,NA,19A,19A,19A,19A,19A,19A,19A
ERR750937,GPS_benchmark,NA,NA,11A,11A,11A,11A/11D,11A,11A,11A
ERR750963,GPS_benchmark,NA,NA,14,14,14,14,14,14,14
ERR750968,GPS_benchmark,NA,NA,15A,15A,15A,15A/15D,15A,15A,15A
ERR750977,GPS_benchmark,NA,NA,15B,15B,15C,15B/15C,15B,15B,15B/15C
ERR751009,GPS_benchmark,NA,NA,19A,19A,19AF,19A,19A,19A,19A
ERR751038,GPS_benchmark,NA,NA,7F,7F,7F,7F/7A,7F,7F,7F
ERR751049,GPS_benchmark,NA,NA,9N,9N,9N,9N/9L,9N,9N,9N
ERR751066,GPS_benchmark,NA,NA,6A,6A,6A,6A/6B,6A,6A,6A
ERR751078,GPS_benchmark,NA,NA,19A,19A,19AF,19A,19A,19A,19A
ERR751109,GPS_benchmark,NA,NA,6A,6A,6A,6A/6B,6A,6A,6A
ERR751162,GPS_benchmark,NA,NA,23F,23F,23F,23F,23F,23F,23F
ERR751166,GPS_benchmark,NA,NA,3,3,3,3,3,3,3
ERR751172,GPS_benchmark,NA,NA,6A,6A,6B,6A/6B,6A,6A,6A
ERR751184,GPS_benchmark,NA,NA,23F,23F,23F,23F,23F,23F,23F
ERR751187,GPS_benchmark,NA,NA,6B,6E,6E,Serogroup_6_(6E),6B,6B,6E(6B)
ERR7567728,GPS_benchmark,NA,NA,12F,12F,12F,12F,12F,12F,12F
ERR7567770,GPS_benchmark,NA,NA,15B,15B,15C,15B/15C,15B,15B,15B/15C
ERR7567800,GPS_benchmark,NA,NA,12F,12F,12F,12F,12F,12F,12F
ERR7567804,GPS_benchmark,NA,NA,35B,35B,35B,35B/35D,35B,35B,35B
ERR7567824,GPS_benchmark,NA,NA,22F,22F,22F,22F,22F,22F,22F
ERR7567840,GPS_benchmark,NA,NA,8,8,8,8,8,8,8
ERR7567869,GPS_benchmark,NA,NA,6C,6C,6D,6C/6D,6C,6C,6C
ERR7567934,GPS_benchmark,NA,NA,12F,12F,12F,12F,12F,12F,12F
ERR7567959,GPS_benchmark,NA,NA,8,8,8,8,8,8,8
ERR7567967,GPS_benchmark,NA,NA,8,8,8,8,8,8,8
ERR7568020,GPS_benchmark,NA,NA,9N,9N,9N,9N/9L,9N,9N,9N
ERR7568046,GPS_benchmark,NA,NA,8,8,8,8,8,8,8
ERR7568047,GPS_benchmark,NA,NA,4,4,4,4,4,4,4
ERR7568056,GPS_benchmark,NA,NA,34,34,34,34,34,34,34
ERR7568065,GPS_benchmark,NA,NA,8,8,8,8,8,8,8
ERR7568068,GPS_benchmark,NA,NA,23B,23B,23B,23B,23B,23B,23B
ERR7568083,GPS_benchmark,NA,NA,8,8,8,8,8,8,8
ERR773847,GPS_benchmark,NA,NA,19A,19A,19AF,19A,19A,19A,19A
ERR773859,GPS_benchmark,NA,NA,6A,6A,6A,6A_6B_6C_6D,6A,6A,6A
ERR773907,GPS_benchmark,NA,NA,23F,23F,23F,23F,23F,23F,23F
ERR773915,GPS_benchmark,NA,NA,1,1,1,1,1,1,1
ERR773919,GPS_benchmark,NA,NA,6A,6A,6A,6A/6B,6A,6A,6A
ERR773960,GPS_benchmark,NA,NA,6B,6E,6E,Serogroup_6_(6E),6B,6B,6E(6B)
ERR773975,GPS_benchmark,NA,NA,1,1,1,1,1,1,1
ERR774004,GPS_benchmark,NA,NA,23A,23A,23A,23A,23A,23A,23A
ERR774036,GPS_benchmark,NA,NA,18C,15B,15C,15B/15C,15B,15B,15B/15C
ERR774041,GPS_benchmark,NA,NA,7C,7C,7C,7C,7C,7C,7C
ERR774044,GPS_benchmark,NA,NA,19A,19A,19AF,19A,19A,19A,19A
ERR774058,GPS_benchmark,NA,NA,11A,11A,11D,11A/11D,11A,11A,11A
ERR774070,GPS_benchmark,NA,NA,15B,15B,15B,15B/15C,15B,15B,15B/15C
ERR774074,GPS_benchmark,NA,NA,22F,22F,22F,22F,22F,22F,22F
ERR774082,GPS_benchmark,NA,NA,15B,15B,15B,15B/15C,15B,15B,15B/15C
ERR774083,GPS_benchmark,NA,NA,19A,19A,19AF,19A,19A,19A,19A
ERR774128,GPS_benchmark,NA,NA,15B,15C,15B,15B/15C,15C,15C,15B/15C
ERR774136,GPS_benchmark,NA,NA,23B,23B,23B,23B,23B,23B,23B
ERR774143,GPS_benchmark,NA,NA,9V,9V,9V,9A/9V,9V,9V,9V
ERR774150,GPS_benchmark,NA,NA,15B,15B,15B,15B/15C,15B,15B,15B/15C
ERR774152,GPS_benchmark,NA,NA,8,8,8,8,8,8,8
ERR774170,GPS_benchmark,NA,NA,13,13,13,13,13,13,13
ERR774184,GPS_benchmark,NA,NA,15B,15C,15C,15B/15C,15C,15C,15B/15C
ERR774195,GPS_benchmark,NA,NA,19A,19A,19AF,19A,19A,19A,19A
ERR774200,GPS_benchmark,NA,NA,23A,23A,23A,23A,23A,23A,23A
ERR774219,GPS_benchmark,NA,NA,6A,6A,6A,6A/6B,6A,6A,6A
ERR774227,GPS_benchmark,NA,NA,14,14,14,14,14,14,14
ERR774275,GPS_benchmark,NA,NA,14,14,14,14,14,14,14
ERR774282,GPS_benchmark,NA,NA,16F,16F,16F,"Below 70% hit - Poor Sequence quality, variant or non-typeable organism.",16F,16F,16F
ERR774284,GPS_benchmark,NA,NA,11A,11A,11A,11A/11D,11A,11A,11A
ERR774298,GPS_benchmark,NA,NA,16F,16F,16F,"Below 70% hit - Poor Sequence quality, variant or non-typeable organism.",16F,16F,16F
ERR774308,GPS_benchmark,NA,NA,20A,20,20,20,20,20A,20
ERR774312,GPS_benchmark,NA,NA,15B,15C,15B,15B/15C,15B|15C,15C,15B/15C
ERR774327,GPS_benchmark,NA,NA,18A,15C,15B,15B/15C,15C,15C,15B/15C
ERR774353,GPS_benchmark,NA,NA,12F,12F,12F,12F,12F,12F,12F
ERR774487,GPS_benchmark,NA,NA,15A,15A,15A,15A/15D,15A,15A,15A
ERR774491,GPS_benchmark,NA,NA,15C,15C,15C,15B/15C,15B|15C,15B/15C,15B/15C
ERR774524,GPS_benchmark,NA,NA,15B,15B,15B,15B/15C,15B,15B,15B/15C
ERR774534,GPS_benchmark,NA,NA,19A,19A,19AF,19A,19A,19A,19A
ERR774538,GPS_benchmark,NA,NA,35A,35A,35A,35A/35C/42,35A,35A,35A
ERR774552,GPS_benchmark,NA,NA,29,29,Failed,"Below 70% hit - Poor Sequence quality, variant or non-typeable organism.",29,29,29
ERR774566,GPS_benchmark,NA,NA,39,39,39,39,39,39,39
ERR774647,GPS_benchmark,NA,NA,6B,NT,6A,Serogroup_6_(6E),6B,6B,6E(6B)
ERR774654,GPS_benchmark,NA,NA,23F,23F,Failed,23F,23F,23F,23F
ERR774701,GPS_benchmark,NA,NA,13,13,13,13,13,13,13
ERR774705,GPS_benchmark,NA,NA,15B,15C,15B,15B/15C,15B|15C,15C,15B/15C
ERR774714,GPS_benchmark,NA,NA,6A,6A,6A,6A/6B,6A,6A,6A
ERR774728,GPS_benchmark,NA,NA,23B,NT,Failed,23B,23B,23B,23B1
ERR845749,GPS_benchmark,NA,NA,18C,18C,18B,18C/18B,18C,18C,18C
ERR845760,GPS_benchmark,NA,NA,6A,6A,Failed,6A/6B,6A,6A,6A
ERR845781,GPS_benchmark,NA,NA,14,15C,Failed,15B/15C,15C,15C,15B/15C
ERR845786,GPS_benchmark,NA,NA,2,2,Failed,2,2,2,2
ERR8481546,GPS_benchmark,NA,NA,13,13,13,13,13,13,13
ERR8481587,GPS_benchmark,NA,NA,12F,12F,12F,12F,12F,12F,12F
ERR8481666,GPS_benchmark,NA,NA,19F,19F,19F,19F,19F,19F,19F
ERR8481692,GPS_benchmark,NA,NA,16F,16F,16F,16F,16F,16F,16F
ERR8481706,GPS_benchmark,NA,NA,35B,35B,35B,35B/35D,35B,35B,35B
ERR8481708,GPS_benchmark,NA,NA,8,8,8,8,8,8,8
ERR8481737,GPS_benchmark,NA,NA,8,8,8,8,8,8,8
ERR8481746,GPS_benchmark,NA,NA,15B,15B,15C,15B/15C,15B,15B,15B/15C
ERR8481776,GPS_benchmark,NA,NA,8,8,8,8,8,8,8
ERR8481785,GPS_benchmark,NA,NA,19F,19F,19F,19F,19F,19F,19F
ERR8481786,GPS_benchmark,NA,NA,15B,15B,15C,15B/15C,15B,15B/15C,15B/15C
ERR8481795,GPS_benchmark,NA,NA,35B,35D,35B,35B/35D,35D,35D,35B
ERR8481807,GPS_benchmark,NA,NA,15B,15C,15C,15B/15C,15C,15C,15B/15C
ERR8481815,GPS_benchmark,NA,NA,19A,19A,19AF,19A,19A,19A,19A
ERR8481817,GPS_benchmark,NA,NA,31,31,31,31,31,31,31
ERR8481827,GPS_benchmark,NA,NA,6C,6C,6D,6C/6D,6C,6C,6C
ERR8481834,GPS_benchmark,NA,NA,16F,16F,16F,16F,16F,16F,16F
ERR8481859,GPS_benchmark,NA,NA,11A,11A,11A,11A/11D,11A,11A,11A
ERR8481873,GPS_benchmark,NA,NA,15A,15A,15A,15A/15D,15A,15A,15A
ERR8481905,GPS_benchmark,NA,NA,24F,24F,24B,24F/24B,24B,24B/24C/24F,24A/24B/24F
ERR862320,GPS_benchmark,NA,NA,22A,22A,22A,22A,22A,22A,22A
ERR862324,GPS_benchmark,NA,NA,13,13,13,13,13,13,13
ERR862414,GPS_benchmark,NA,NA,6A,6A,6A,6A/6B,6A,6A,6A
ERR862419,GPS_benchmark,NA,NA,15B,15C,Failed,15B/15C,15C,15C,15B/15C
ERR862454,GPS_benchmark,NA,NA,22F,22F,22F,22F,22F,22F,22F
ERR862478,GPS_benchmark,NA,NA,7F,7F,7A,7F/7A,7F,7F,7F
ERR862496,GPS_benchmark,NA,NA,6B,6E,6E,Serogroup_6_(6E),6B,6B,6E(6B)
ERR862498,GPS_benchmark,NA,NA,6B,6E,6E,Serogroup_6_(6E),6B,6B,6E(6B)
ERR862518,GPS_benchmark,NA,NA,6B,6E,6E,Serogroup_6_(6E),6B,6B,6E(6B)
ERR862525,GPS_benchmark,NA,NA,23F,23F,23F,23F,23F,23F,23F
ERR862534,GPS_benchmark,NA,NA,18C,18C,18B,18C/18B,18C,18C,18C
ERR869830,GPS_benchmark,NA,NA,13,13,13,13,13,13,13
ERR869834,GPS_benchmark,NA,NA,16F,16F,16F,"Below 70% hit - Poor Sequence quality, variant or non-typeable organism.",16F,16F,16F
ERR869839,GPS_benchmark,NA,NA,19B,NT,19B,19B,19B,19B,19B
ERR869871,GPS_benchmark,NA,NA,6A,6A,6A,6A/6B,6A,6A,6A
ERR869936,GPS_benchmark,NA,NA,19A,19A,19A,19A,19A,19A,19A
ERR869937,GPS_benchmark,NA,NA,23F,23F,23F,23F,23F,23F,23F
ERR869941,GPS_benchmark,NA,NA,6B,6E,6E,Serogroup_6_(6E),6B,6B,6E(6B)
ERR869963,GPS_benchmark,NA,NA,3,3,3,3,3,3,3
ERR869981,GPS_benchmark,NA,NA,15B,15C,15C,15B/15C,15B|15C,15C,15B/15C
ERR870031,GPS_benchmark,NA,NA,6B,NT,6A,6A/6B,6A,6A,6A
ERR870036,GPS_benchmark,NA,NA,14,15B,15B,15B/15C,15B,15B,15B/15C
ERR870076,GPS_benchmark,NA,NA,6A,6A,Failed,6A/6B,6A,6A,6A
ERR870108,GPS_benchmark,NA,NA,6A,6A,6A,6A/6B,6A,6A,6A
ERR870145,GPS_benchmark,NA,NA,18C,18C,18B,18C/18B,18C,18C,18C
ERR870146,GPS_benchmark,NA,NA,23B,23B,Failed,23B,23B,23B,23B
ERR870170,GPS_benchmark,NA,NA,3,3,3,3,3,3,3
ERR870204,GPS_benchmark,NA,NA,3,3,3,3,3,3,3
ERR870205,GPS_benchmark,NA,NA,6B,6E,6E,Serogroup_6_(6E),6B,6B,6E(6B)
ERR870209,GPS_benchmark,NA,NA,24F,24F,24F,24F/24B,24F,24B/24C/24F,24A/24B/24F
ERR870212,GPS_benchmark,NA,NA,24F,24F,24F,24F/24B,24F,24B/24C/24F,24A/24B/24F
ERR870234,GPS_benchmark,NA,NA,9V,15B,15B,15B/15C,15B,15B,15B/15C
ERR870236,GPS_benchmark,NA,NA,12F,12F,12F,12F,12F,12F,12F
ERR870285,GPS_benchmark,NA,NA,23A,23A,23A,23A,23A,23A,23A
ERR870289,GPS_benchmark,NA,NA,6B,NT,6E,Serogroup_6_(6E),6B,6B,6E(6B)
ERR870292,GPS_benchmark,NA,NA,35B,35B,35B,35B/35D,35B,35B,35B
ERR870316,GPS_benchmark,NA,NA,6B,6E,6E,Serogroup_6_(6E),6B,6B,6E(6B)
ERR870326,GPS_benchmark,NA,NA,1,1,1,1,1,1,1
ERR876465,GPS_benchmark,NA,NA,14,14,14,14,14,14,14
ERR876509,GPS_benchmark,NA,NA,12F,12F,12F,12F,12F,12F,12F
ERR876521,GPS_benchmark,NA,NA,35B,35B,35B,35B/35D,35B,35B,35B
ERR876590,GPS_benchmark,NA,NA,6A,6A,6A,6A/6B,6A,6A,6A
ERR876603,GPS_benchmark,NA,NA,6B,6B,6A,6A/6B,6B,6B,6B
ERR876609,GPS_benchmark,NA,NA,23F,23F,23F,23F,23F,23F,23F
ERR876657,GPS_benchmark,NA,NA,15B,15C,15B,15B/15C,15B|15C,15C,15B/15C
ERR876658,GPS_benchmark,NA,NA,15B,15C,15C,15B/15C,15B|15C,15C,15B/15C
ERR876673,GPS_benchmark,NA,NA,3,3,3,3,3,3,3
ERR876678,GPS_benchmark,NA,NA,6B,6E,6E,Serogroup_6_(6E),6B,6B,6E(6B)
ERR876702,GPS_benchmark,NA,NA,19F,19F,19F,19F,19F,19F,19F
ERR876756,GPS_benchmark,NA,NA,3,3,3,3,3,3,3
ERR876772,GPS_benchmark,NA,NA,23F,23F,23F,23F,23F,23F,23F
ERR876774,GPS_benchmark,NA,NA,23F,23F,23F,23F,23F,23F,23F
ERR884339,GPS_benchmark,NA,NA,3,3,3,3,3,3,3
ERR884366,GPS_benchmark,NA,NA,12F,12F,12F,12F,12F,12F,12F
ERR884383,GPS_benchmark,NA,NA,10A,10A,10A,10A,10A,10A,10A
ERR884402,GPS_benchmark,NA,NA,15B,15C,15B,15B/15C,15B|15C,15C,15B/15C
ERR884413,GPS_benchmark,NA,NA,3,3,3,3,3,3,3
ERR884425,GPS_benchmark,NA,NA,6B,6E,6E,Serogroup_6_(6E),6B,6B,6E(6B)
ERR884435,GPS_benchmark,NA,NA,38,38,38,38,38,38,38
ERR884479,GPS_benchmark,NA,NA,19A,19A,19AF,19A,19A,19A,19A
ERR884511,GPS_benchmark,NA,NA,9V,9V,9V,9A/9V,9V,9V,9V
ERR884556,GPS_benchmark,NA,NA,6B,6E,6E,Serogroup_6_(6E),6B,6B,6E(6B)
ERR884560,GPS_benchmark,NA,NA,15B,15B,15C,15B/15C,15B,15B,15B/15C
ERR884561,GPS_benchmark,NA,NA,18C,18C,18B,18C/18B,18C,18C,18C
ERR884581,GPS_benchmark,NA,NA,3,3,Failed,3,3,3,3
ERR884594,GPS_benchmark,NA,NA,40,15B,Failed,15B/15C,15B|15C,15B,15B/15C
ERR884690,GPS_benchmark,NA,NA,19A,19A,19A,19A,19A,19A,19A
ERR884691,GPS_benchmark,NA,NA,19F,19F,19F,19F,19F,19F,19F
ERR900685,GPS_benchmark,NA,NA,13,13,13,13,13,13,13
ERR900718,GPS_benchmark,NA,NA,23F,23F,23F,23F,23F,23F,23F
ERR900735,GPS_benchmark,NA,NA,16F,16F,16F,"Below 70% hit - Poor Sequence quality, variant or non-typeable organism.",16F,16F,16F
ERR908874,GPS_benchmark,NA,NA,6B,6E,6E,Serogroup_6_(6E),6B,6B,6E(6B)
ERR908888,GPS_benchmark,NA,NA,15B,15B,15B,15B/15C,15B,15B,15B/15C
ERR908898,GPS_benchmark,NA,NA,15B,15B,15C,15B/15C,15B,15B,15B/15C
ERR908900,GPS_benchmark,NA,NA,15C,15C,15B,15B/15C,15B|15C,15C,15B/15C
ERR908901,GPS_benchmark,NA,NA,3,3,3,3,3,3,3
ERR908933,GPS_benchmark,NA,NA,46,46,12B,12A/12B/44/46,12B,46,12B
ERR908952,GPS_benchmark,NA,NA,14,14,14,14,14,14,14
ERR908962,GPS_benchmark,NA,NA,3,3,3,3,3,3,3
ERR908972,GPS_benchmark,NA,NA,6B,6E,6E,Serogroup_6_(6E),6B,6B,6E(6B)
ERR909183,GPS_benchmark,NA,NA,15B,15B,15B,15B/15C,15B,15B,15B/15C
ERR909194,GPS_benchmark,NA,NA,3,3,3,3,3,3,3
ERR909228,GPS_benchmark,NA,NA,7C,7C,7C,7C,7C,7C,7C
ERR909235,GPS_benchmark,NA,NA,19A,19A,19AF,19A,19A,19A,19A
ERR909251,GPS_benchmark,NA,NA,3,3,3,3,3,3,3
ERR909297,GPS_benchmark,NA,NA,11A,11A,11A,11A/11D,11A,11A,11A
ERR909301,GPS_benchmark,NA,NA,19A,19A,19AF,19A,19A,19A,19A
ERR909309,GPS_benchmark,NA,NA,14,15C,15B,15B/15C,15C,15C,15B/15C
ERR909314,GPS_benchmark,NA,NA,21,21,21,21,21,21,21
ERR913088,GPS_benchmark,NA,NA,15B,15B,15B,15B/15C,15B,15B/15C,15B/15C
ERR913090,GPS_benchmark,NA,NA,19A,19A,19AF,19A,19A,19A,19A
ERR913115,GPS_benchmark,NA,NA,16F,16F,16F,"Below 70% hit - Poor Sequence quality, variant or non-typeable organism.",16F,16F,16F
ERR913126,GPS_benchmark,NA,NA,16F,16F,16F,"Below 70% hit - Poor Sequence quality, variant or non-typeable organism.",16F,16F,16F
ERR913136,GPS_benchmark,NA,NA,6B,6E,6A,Serogroup_6_(6E),6B,6B,6E(6B)
ERR913139,GPS_benchmark,NA,NA,19A,19A,19AF,19A,19A,19A,19A
ERR913142,GPS_benchmark,NA,NA,6A,6A,6A,6A/6B,6A,6A,6A
ERR913176,GPS_benchmark,NA,NA,23B,23B1,23B1,23B,23B,23B,23B1
ERR913185,GPS_benchmark,NA,NA,19A,19A,19A,19A,19A,19A,19A
ERR913219,GPS_benchmark,NA,NA,23B,23B,Failed,23B,23B,23B,23B1
ERR913221,GPS_benchmark,NA,NA,23F,23F,23F,23F,23F,23F,23F
ERR913232,GPS_benchmark,NA,NA,19A,19A,19AF,19A,19A,19A,19A
ERR913248,GPS_benchmark,NA,NA,14,14,14,14,14,14,14
ERR913280,GPS_benchmark,NA,NA,19A,19A,19A,19A,19A,19A,19A
ERR913281,GPS_benchmark,NA,NA,19A,19A,19AF,19A,19A,19A,19A
ERR913289,GPS_benchmark,NA,NA,6B,6E,6E,Serogroup_6_(6E),6B,6B,6E(6B)
ERR913302,GPS_benchmark,NA,NA,19A,NT,19A,19A,19A,19A,19A
ERR913306,GPS_benchmark,NA,NA,14,15B,15C,15B/15C,15B,15B,15B/15C
ERR913322,GPS_benchmark,NA,NA,19A,19A,19A,19A,19A,19A,19A
ERR913335,GPS_benchmark,NA,NA,19A,19A,19A,19A,19A,19A,19A
ERR913345,GPS_benchmark,NA,NA,7C,15B,15C,15B/15C,15B,15B,15B/15C
ERR913352,GPS_benchmark,NA,NA,19A,NT,19AF,19A,19A,19A,19A
ERR913367,GPS_benchmark,NA,NA,11A,11A,11A,11A/11D,11A,11A,11A
ERR913390,GPS_benchmark,NA,NA,11A,11A,11D,11A/11D,11A,11A,11A
ERR913394,GPS_benchmark,NA,NA,23B,23B,Failed,23B,23B,23B,23B1
ERR913426,GPS_benchmark,NA,NA,6A,6A,6A,6A/6B,6A,6A,6A
ERR913438,GPS_benchmark,NA,NA,16F,15B,15C,15B/15C,15B,15B,15B/15C
ERR913441,GPS_benchmark,NA,NA,15B,15B,15C,15B/15C,15B,15B,15B/15C
ERR913524,GPS_benchmark,NA,NA,23B,23B,23B,23B,23B,23B,23B
ERR913528,GPS_benchmark,NA,NA,11A,11A,11A,11A/11D,11A,11A,11A
ERR913563,GPS_benchmark,NA,NA,15C,15C,15B,15B/15C,15B|15C,15C,15B/15C
ERR925029,GPS_benchmark,NA,NA,23B,23B,23B,23B,23B,23B,23B1
ERR925053,GPS_benchmark,NA,NA,6B,6E,6E,Serogroup_6_(6E),6B,6B,6E(6B)
ERR925101,GPS_benchmark,NA,NA,23B,23B,Failed,23B,23B,23B,23B
ERR925130,GPS_benchmark,NA,NA,15B,15B,Failed,15B/15C,15B,15B,15B/15C
ERR925147,GPS_benchmark,NA,NA,35A,35A,35A,35A/35C/42,35A,35A,35A
ERR925181,GPS_benchmark,NA,NA,23B,23B1,Failed,23B,23B,23B,23B1
ERR925198,GPS_benchmark,NA,NA,15B,15B,15B,15B/15C,15B,15B,15B/15C
ERR925218,GPS_benchmark,NA,NA,15A,15C,Failed,15B/15C,15C,15C,15B/15C
ERR925230,GPS_benchmark,NA,NA,19A,19A,Failed,19A,19A,19A,19A
ERR925239,GPS_benchmark,NA,NA,3,3,Failed,3,3,3,3
ERR925266,GPS_benchmark,NA,NA,15C,15C,15B,15B/15C,15B|15C,15C,15B/15C
ERR925289,GPS_benchmark,NA,NA,16F,16F,Failed,"Below 70% hit - Poor Sequence quality, variant or non-typeable organism.",16F,16F,16F
ERR925298,GPS_benchmark,NA,NA,35F,35F,Failed,35F,35F,35F,35F
ERR925307,GPS_benchmark,NA,NA,15B,15C,Failed,15B/15C,15B|15C,15B/15C,15B/15C
ERR925335,GPS_benchmark,NA,NA,11B,15B,Failed,15B/15C,15B,15B,15B/15C
ERR925355,GPS_benchmark,NA,NA,6B,6E,Failed,Serogroup_6_(6E),6B,6B,6E(6B)
ERR925369,GPS_benchmark,NA,NA,19F,19F,Failed,19F,19F,19F,19F
ERR956290,GPS_benchmark,NA,NA,15A,15A,15A,15A/15D,15A,15A,15A
ERR956311,GPS_benchmark,NA,NA,6B,6E,6E,Serogroup_6_(6E),6B,6B,6E(6B)
ERR9796471,GPS_benchmark,NA,NA,24F,24F,24F,24F/24B,24F,24B/24C/24F,24A/24B/24F
ERR9796482,GPS_benchmark,NA,NA,19A,19A,19A,19A,19A,19A,19A
ERR9796509,GPS_benchmark,NA,NA,19A,19A,19A,19A,19A,19A,19A
ERR9796512,GPS_benchmark,NA,NA,35F,35F,35F,35F,35F,35F,35F
ERR9796528,GPS_benchmark,NA,NA,15B,15B,15C,15B/15C,15B,15B,15B/15C
ERR9796529,GPS_benchmark,NA,NA,34,34,34,34,34,34,34
ERR9796530,GPS_benchmark,NA,NA,11A,11A,11A,11A/11D,11A,11A,11A
ERR9796539,GPS_benchmark,NA,NA,19A,19A,19AF,19A,19A,19A,19A
ERR979955,GPS_benchmark,NA,NA,19F,19F,19F,19F,19F,19F,19F
ERR979962,GPS_benchmark,NA,NA,35F,35F,35F,35F,35F,35F,35F
ERR979984,GPS_benchmark,NA,NA,6C,6C,6C,6C/6D,6C,6C,6C
ERR979987,GPS_benchmark,NA,NA,23F,23F,23F,23F,23F,23F,23F
ERR980004,GPS_benchmark,NA,NA,24A,NT,24A,24A,24A,24A,24A/24B/24F
ERR980013,GPS_benchmark,NA,NA,19F,19F,19F,19F,19F,19F,19F
ERR980018,GPS_benchmark,NA,NA,15B,15C,15B,15B/15C,15C,15B/15C,15B/15C
ERR980039,GPS_benchmark,NA,NA,2,2,2,2,2,2,2
ERR980051,GPS_benchmark,NA,NA,35A,35A,35A,35A/35C/42,35A,35A,35A
ERR980054,GPS_benchmark,NA,NA,9V,9V,9V,9A/9V,9V,9V,9V
ERR980062,GPS_benchmark,NA,NA,6A,6A,6A,6A/6B,6A,6A,6A
ERR980073,GPS_benchmark,NA,NA,14,14,14,14,14,14,14
ERR980075,GPS_benchmark,NA,NA,19A,19A,19AF,19A,19A,19A,19A
ERR980076,GPS_benchmark,NA,NA,15B,15B,15B,15B/15C,15B,15B,15B/15C
ERR980201,GPS_benchmark,NA,NA,6B,6B,Failed,6A/6B,6B,coverage too low,6B
ERR980217,GPS_benchmark,NA,NA,23B,23B1,23B1,23B,23B,23B,23B1
ERR980238,GPS_benchmark,NA,NA,19F,19F,19F,19F,19F,19F,19F
ERR980288,GPS_benchmark,NA,NA,18C,15C,15B,15B/15C,15C,15C,15B/15C
ERR980307,GPS_benchmark,NA,NA,3,NT,3,3,3,3,3
ERR984250,GPS_benchmark,NA,NA,35F,35F,35F,35F,35F,35F,35F
ERR984255,GPS_benchmark,NA,NA,11B,11B,11C,11B/11C,11B,11B,11B
ERR984258,GPS_benchmark,NA,NA,6B,6E,6E,Serogroup_6_(6E),6B,6B,6E(6B)
ERR984262,GPS_benchmark,NA,NA,6A,6A,6A,6A/6B,6A,6A,6A
ERR984272,GPS_benchmark,NA,NA,15B,15B,15C,15B/15C,15B,15B,15B/15C
ERR984295,GPS_benchmark,NA,NA,23F,23F,23F,23F,23F,23F,23F
ERR997469,GPS_benchmark,NA,NA,6A,6A,6A,6A/6B,6A,6A,6A
ERR997492,GPS_benchmark,NA,NA,11A,15B,15C,15B/15C,15B,15B,15B/15C
ERR997517,GPS_benchmark,NA,NA,19A,19A,19AF,19A,19A,19A,19A
ERR997534,GPS_benchmark,NA,NA,6B,6E,6E,Serogroup_6_(6E),6B,6B,6E(6B)
ERR997553,GPS_benchmark,NA,NA,20A,20,Failed,20,20,20A,20
ERR997577,GPS_benchmark,NA,NA,23B,23B,Failed,23B,23B,23B,23B1
ERR997619,GPS_benchmark,NA,NA,15B,15B,15B,15B/15C,15B,15B,15B/15C
ERR997626,GPS_benchmark,NA,NA,6A,6A,6A,6A/6B,6A,6A,6A
ERR997661,GPS_benchmark,NA,NA,35B,35B,35B,35B/35D,35B,35B,35B
ERR997690,GPS_benchmark,NA,NA,6B,6E,6E,Serogroup_6_(6E),6B,6B,6E(6B)
ERR997693,GPS_benchmark,NA,NA,6A,6A,6A,6A/6B,6A,6A,6A
SRR26594179,GPS_benchmark,NA,NA,19A,19A,19AF,19A,19A,19A,19A
SRR26594188,GPS_benchmark,NA,NA,3,3,3,3,3,3,3
SRR26594199,GPS_benchmark,NA,NA,3,3,3,3,3,3,3
SRR26594202,GPS_benchmark,NA,NA,23B,23B1,23B1,23B,23B,23B,23B1
SRR26594248,GPS_benchmark,NA,NA,23A,23A,23A,23A,23A,23A,23A
SRR26594272,GPS_benchmark,NA,NA,3,3,3,3,3,3,3
SRR26594279,GPS_benchmark,NA,NA,9V,9V,9V,9A/9V,9V,9V,9V
SRR26594288,GPS_benchmark,NA,NA,3,3,3,3,3,3,3
SRR26594297,GPS_benchmark,NA,NA,23A,23A,23A,23A,23A,23A,23A
SRR26594310,GPS_benchmark,NA,NA,19A,19A,19AF,19A,19A,19A,19A
SRR26594362,GPS_benchmark,NA,NA,8,8,8,8,8,8,8
SRR26594364,GPS_benchmark,NA,NA,24F,24F,24B,24F/24B,24B,24B/24C/24F,24A/24B/24F
SRR26594380,GPS_benchmark,NA,NA,33F,33F,33F,33F/33A,33F,33F,33F
SRR26594383,GPS_benchmark,NA,NA,9N,9N,9N,9N/9L,9N,9N,9N
SRR26594403,GPS_benchmark,NA,NA,3,3,3,3,3,3,3
SRR26594408,GPS_benchmark,NA,NA,15C,15C,15B,15B/15C,15B|15C,15B,15B/15C
SRR26594423,GPS_benchmark,NA,NA,33F,33F,33F,33F/33A,33F,33A/33E/33F,33F
SRR26594427,GPS_benchmark,NA,NA,10A,10A,10A,10A,10A,10A,10A
SRR26594442,GPS_benchmark,NA,NA,24F,24F,24B,24F/24B,24B,24B/24C/24F,24A/24B/24F
SRR26594446,GPS_benchmark,NA,NA,9N,9N,9N,9N/9L,9N,9N,9N
SRR26594476,GPS_benchmark,NA,NA,3,3,3,3,3,3,3
SRR26594505,GPS_benchmark,NA,NA,35B,35D,35B,35B/35D,35D,35D,35B
SRR26594508,GPS_benchmark,NA,NA,15A,15A,15A,15A/15D,15A,15A,15A
SRR26594527,GPS_benchmark,NA,NA,19A,19A,19AF,19A,19A,19A,19A
SRR26594553,GPS_benchmark,NA,NA,3,3,3,3,3,3,3
SRR26594624,GPS_benchmark,NA,NA,3,3,3,3,3,3,3
SRR26594637,GPS_benchmark,NA,NA,8,8,8,8,8,8,8
SRR26594659,GPS_benchmark,NA,NA,19A,19A,19AF,19A,19A,19A,19A
SRR26594691,GPS_benchmark,NA,NA,3,3,3,3,3,3,3
SRR26594699,GPS_benchmark,NA,NA,19A,19A,19AF,19A,19A,19A,19A
SRR26594701,GPS_benchmark,NA,NA,31,31,31,31,31,31,31
SRR26594712,GPS_benchmark,NA,NA,8,8,8,8,8,8,8
SRR26594745,GPS_benchmark,NA,NA,11A,11A,11D,11A/11D,11A,11A,11A
SRR26594758,GPS_benchmark,NA,NA,11A,11A,11A,11A/11D,11A,11A,11A
SRR26594760,GPS_benchmark,NA,NA,23A,23A,23A,23A,23A,23A,23A
SRR26594764,GPS_benchmark,NA,NA,33F,33F,33F,33F/33A,33F,33A/33E/33F,33F
SRR26594796,GPS_benchmark,NA,NA,33F,33F,33F,33F/33A,33F,33F,33F
SRR26594799,GPS_benchmark,NA,NA,8,8,8,8,8,8,8
SRR26594808,GPS_benchmark,NA,NA,3,3,3,3,3,3,3
SRR26594812,GPS_benchmark,NA,NA,8,8,8,8,8,8,8
SRR26594850,GPS_benchmark,NA,NA,15A,15A,15A,15A/15D,15A,15A,15A
SRR26594874,GPS_benchmark,NA,NA,15B,15B,15B,15B/15C,15B,15B,15B/15C
SRR26594904,GPS_benchmark,NA,NA,8,8,8,8,8,8,8
SRR26594942,GPS_benchmark,NA,NA,17F,17F,17F,17F,17F,17F,17F
SRR26594982,GPS_benchmark,NA,NA,23A,23A,23A,23A,23A,23A,23A
SRR26594999,GPS_benchmark,NA,NA,3,3,3,3,3,3,3
SRR26595035,GPS_benchmark,NA,NA,15A,15A,15A,15A/15D,15A,15A,15A
SRR26595063,GPS_benchmark,NA,NA,19A,19A,19AF,19A,19A,19A,19A
SRR26595064,GPS_benchmark,NA,NA,3,3,3,3,3,3,3
SRR26595096,GPS_benchmark,NA,NA,35B,35B,35B,35B/35D,35B,35B,35B
SRR26595148,GPS_benchmark,NA,NA,8,8,8,8,8,8,8
SRR26672759,GPS_benchmark,NA,NA,23A,23A,23A,23A,23A,23A,23A
SRR26672801,GPS_benchmark,NA,NA,3,3,3,3,3,3,3
SRR26672833,GPS_benchmark,NA,NA,15B,15B,15B,15B/15C,15B,15B,15B/15C
SRR26672834,GPS_benchmark,NA,NA,3,3,Failed,3,3,3,3
SRR26672848,GPS_benchmark,NA,NA,3,3,3,3,3,3,3
SRR26672881,GPS_benchmark,NA,NA,3,3,3,3,3,3,3
SRR26672885,GPS_benchmark,NA,NA,9N,9N,9N,9N/9L,9N,9N,9N
SRR26672892,GPS_benchmark,NA,NA,8,8,8,8,8,8,8
SRR26672894,GPS_benchmark,NA,NA,35F,35F,Failed,35F,35F,35F,35F
SRR26672897,GPS_benchmark,NA,NA,3,3,3,3,3,3,3
SRR26672957,GPS_benchmark,NA,NA,8,8,8,8,8,8,8
SRR26672961,GPS_benchmark,NA,NA,3,3,3,3,3,3,3
SRR26672963,GPS_benchmark,NA,NA,15A,15A,15A,15A/15D,15A,15A,15A
SRR26672966,GPS_benchmark,NA,NA,33F,33F,33F,33F/33A,33B,33A/33E/33F,33F
SRR26673051,GPS_benchmark,NA,NA,11A,11A,11A,11A/11D,11A,11A,11A
SRR26673100,GPS_benchmark,NA,NA,8,8,8,8,8,8,8
SRR26673106,GPS_benchmark,NA,NA,31,31,31,31,31,31,31
SRR26673122,GPS_benchmark,NA,NA,3,3,3,3,3,3,3
SRR26673143,GPS_benchmark,NA,NA,3,3,3,3,3,3,3
SRR26673144,GPS_benchmark,NA,NA,8,8,Failed,8,8,8,8
SRR26673145,GPS_benchmark,NA,NA,33F,33F,Failed,33F/33A,33F,33A/33E/33F,33F
SRR26673175,GPS_benchmark,NA,NA,15A,15A,15A,15A/15D,15A,15A,15A
SRR26673182,GPS_benchmark,NA,NA,3,3,3,3,3,3,3
SRR26673184,GPS_benchmark,NA,NA,3,3,3,3,3,3,3
SRR26673185,GPS_benchmark,NA,NA,8,8,8,8,8,8,8
SRR26673191,GPS_benchmark,NA,NA,9N,9N,9N,9N/9L,9N,9N,9N
SRR26673239,GPS_benchmark,NA,NA,3,3,3,3,3,3,3
SRR26673248,GPS_benchmark,NA,NA,3,3,3,3,3,3,3
SRR26673277,GPS_benchmark,NA,NA,8,8,Failed,8,8,8,8
SRR26673311,GPS_benchmark,NA,NA,8,8,8,8,8,8,8
SRR26673331,GPS_benchmark,NA,NA,19A,19A,19A,19A,19A,19A,19A
SRR26673417,GPS_benchmark,NA,NA,3,3,3,3,3,3,3
SRR26673433,GPS_benchmark,NA,NA,3,3,3,3,3,3,3
SRR26673438,GPS_benchmark,NA,NA,19A,19A,19AF,19A,19A,19A,19A
SRR26673469,GPS_benchmark,NA,NA,3,3,3,3,3,3,3
SRR26673485,GPS_benchmark,NA,NA,3,3,3,3,3,3,3
SRR26673516,GPS_benchmark,NA,NA,23A,23A,23A,23A,23A,23A,23A
SRR26673521,GPS_benchmark,NA,NA,8,8,8,8,8,8,8
SRR26673552,GPS_benchmark,NA,NA,35B,35B,35B,35B/35D,35B,35B,35B
SRR26673564,GPS_benchmark,NA,NA,23B,23B1,23B1,23B,23B,23B,23B1
SRR26673586,GPS_benchmark,NA,NA,24A,24F,Failed,24F/24B,24B,24B/24C/24F,24A/24B/24F
SRR26673588,GPS_benchmark,NA,NA,19A,19A,19A,19A,19A,19A,19A
SRR26673637,GPS_benchmark,NA,NA,24F,24F,24B,24F/24B,24B,24B/24C/24F,24A/24B/24F
SRR26673680,GPS_benchmark,NA,NA,3,3,3,3,3,3,3
SRR26673685,GPS_benchmark,NA,NA,12F,12F,12F,12F,12F,12F,12F
SRR26673700,GPS_benchmark,NA,NA,33F,33F,33F,33F/33A,33F,33F,33F
SRR26673701,GPS_benchmark,NA,NA,3,3,3,3,3,3,3
SRR26673729,GPS_benchmark,NA,NA,9N,9N,9N,9N/9L,9N,9N,9N
SRR26673742,GPS_benchmark,NA,NA,22F,22F,22F,22F,22F,22F,22F
SRR26673744,GPS_benchmark,NA,NA,3,3,3,3,3,3,3
SRR26714094,GPS_benchmark,NA,NA,3,3,3,3,3,3,3
SRR26714121,GPS_benchmark,NA,NA,19F,24F,Failed,24F/24B,24B,24B/24C/24F,24A/24B/24F
SRR26714122,GPS_benchmark,NA,NA,23A,23A,23A,23A,23A,23A,23A
SRR26714143,GPS_benchmark,NA,NA,8,8,8,8,8,8,8
SRR26714160,GPS_benchmark,NA,NA,15A,15A,Failed,15A/15D,15A,15A,15A
SRR26714173,GPS_benchmark,NA,NA,19F,24F,24B,24F/24B,24B,24B/24C/24F,24A/24B/24F
SRR26714180,GPS_benchmark,NA,NA,19A,19A,19AF,19A,19A,19A,19A
SRR26714186,GPS_benchmark,NA,NA,8,8,8,8,8,8,8
SRR26714202,GPS_benchmark,NA,NA,19F,24F,Failed,24F/24B,24B,24B/24C/24F,24A/24B/24F
SRR26714206,GPS_benchmark,NA,NA,3,3,3,3,3,3,3
SRR26714217,GPS_benchmark,NA,NA,19A,19A,19AF,19A,19A,19A,19A
SRR26714220,GPS_benchmark,NA,NA,8,8,8,8,8,8,8
SRR26714233,GPS_benchmark,NA,NA,15A,15A,15A,15A/15D,15A,15A,15A
SRR26714240,GPS_benchmark,NA,NA,23A,23A,23A,23A,23A,23A,23A
SRR26714255,GPS_benchmark,NA,NA,3,3,3,3,3,3,3
SRR26714279,GPS_benchmark,NA,NA,19A,19A,19A,19A,19A,19A,19A
SRR26714330,GPS_benchmark,NA,NA,8,8,8,8,8,8,8
SRR26714367,GPS_benchmark,NA,NA,24A,24F,24B,24F/24B,24B,24B/24C/24F,24A/24B/24F
SRR26714420,GPS_benchmark,NA,NA,3,3,3,3,3,3,3
SRR26714438,GPS_benchmark,NA,NA,15A,15A,15A,15A/15D,15A,15A,15A
SRR26714449,GPS_benchmark,NA,NA,9N,9N,9N,9N/9L,9N,9N,9N
SRR26714485,GPS_benchmark,NA,NA,16F,16F,16F,16F,16F,16F,16F
SRR26714500,GPS_benchmark,NA,NA,3,3,3,3,3,3,3
SRR26714517,GPS_benchmark,NA,NA,3,3,3,3,3,3,3
SRR26714546,GPS_benchmark,NA,NA,33F,33F,33F,33F/33A,33F,33F,33F
SRR26714548,GPS_benchmark,NA,NA,19A,19A,Failed,19A,19A,19A,19A
SRR26714596,GPS_benchmark,NA,NA,15A,15A,15A,15A/15D,15A,15A,15A
SRR26714626,GPS_benchmark,NA,NA,3,3,3,3,3,3,3
SRR26714642,GPS_benchmark,NA,NA,8,8,8,8,8,8,8
SRR26714660,GPS_benchmark,NA,NA,3,3,3,3,3,3,3
SRR26714674,GPS_benchmark,NA,NA,3,3,3,3,3,3,3
SRR26714685,GPS_benchmark,NA,NA,3,3,3,3,3,3,3
SRR26714688,GPS_benchmark,NA,NA,19F,19F,19F,19F,19F,19F,19F
SRR26714718,GPS_benchmark,NA,NA,11A,11A,11A,11A/11D,11A,11A,11A
SRR26714733,GPS_benchmark,NA,NA,3,3,3,3,3,3,3
SRR26714742,GPS_benchmark,NA,NA,8,8,8,8,8,8,8
SRR26714750,GPS_benchmark,NA,NA,15A,15A,15A,15A/15D,15A,15A,15A
SRR26714780,GPS_benchmark,NA,NA,23B,23B,23B,23B,23B,23B,23B
SRR26714795,GPS_benchmark,NA,NA,3,3,3,3,3,3,3
SRR26714819,GPS_benchmark,NA,NA,33F,33F,33F,33F/33A,33F,33F,33F
SRR26714838,GPS_benchmark,NA,NA,3,3,3,3,3,3,3
SRR26714909,GPS_benchmark,NA,NA,33F,33F,33F,33F/33A,33F,33F,33F
SRR26714959,GPS_benchmark,NA,NA,3,3,3,3,3,3,3
SRR26714967,GPS_benchmark,NA,NA,3,3,3,3,3,3,3
SRR26715006,GPS_benchmark,NA,NA,35B,35B,35B,35B/35D,35B,35B,35B
SRR26715025,GPS_benchmark,NA,NA,22F,22F,22F,22F,22F,22F,22F
SRR26715037,GPS_benchmark,NA,NA,3,3,3,3,3,3,3
SRR26715038,GPS_benchmark,NA,NA,35F,35F,35F,35F,35F,35F,35F
SRR26715046,GPS_benchmark,NA,NA,12F,12F,12F,12F,12F,12F,12F
SRR26715050,GPS_benchmark,NA,NA,3,3,3,3,3,3,3
SRR26715065,GPS_benchmark,NA,NA,3,3,3,3,3,3,3
SRR26715067,GPS_benchmark,NA,NA,3,3,3,3,3,3,3
SRR26749176,GPS_benchmark,NA,NA,15B,15C,15B,15B/15C,15C,15C,15B/15C
SRR26749190,GPS_benchmark,NA,NA,19A,19A,19AF,19A,19A,19A,19A
SRR26749197,GPS_benchmark,NA,NA,3,3,3,3,3,3,3
SRR26749214,GPS_benchmark,NA,NA,9N,9N,9N,9N/9L,9N,9N,9N
SRR26749255,GPS_benchmark,NA,NA,8,8,8,8,8,8,8
SRR26749257,GPS_benchmark,NA,NA,3,3,3,3,3,3,3
SRR26749291,GPS_benchmark,NA,NA,35F,35F,35F,35F,35F,35F,35F
SRR26749293,GPS_benchmark,NA,NA,3,3,Failed,"Below 70% hit - Poor Sequence quality, variant or non-typeable organism.",3,3,3
SRR26749323,GPS_benchmark,NA,NA,35F,35F,35F,35F,35F,35F,35F
SRR26749330,GPS_benchmark,NA,NA,35B,35D,Failed,"Below 70% hit - Poor Sequence quality, variant or non-typeable organism.",35D,35B,35B
SRR26749403,GPS_benchmark,NA,NA,23A,23A,23A,23A,23A,23A,23A
SRR26749421,GPS_benchmark,NA,NA,15A,15A,15A,15A/15D,15A,15A,15A
SRR26749426,GPS_benchmark,NA,NA,15A,15A,15A,15A/15D,15A,15A,15A
SRR26749468,GPS_benchmark,NA,NA,12F,12F,12F,12F,12F,12F,12F
SRR26749478,GPS_benchmark,NA,NA,19A,19A,19AF,19A,19A,19A,19A
SRR26749489,GPS_benchmark,NA,NA,8,8,8,8,8,8,8
SRR26749498,GPS_benchmark,NA,NA,3,3,3,3,3,3,3
SRR26749535,GPS_benchmark,NA,NA,20B,20,20,20,20,20B,20
SRR26749557,GPS_benchmark,NA,NA,3,3,3,3,3,3,3
SRR26749592,GPS_benchmark,NA,NA,33F,33F,33F,33F/33A,33F,33F,33A/33F
SRR26749610,GPS_benchmark,NA,NA,35F,35F,35F,35F,35F,35F,35F
SRR26749672,GPS_benchmark,NA,NA,19A,19A,19A,19A,19A,19A,19A
SRR26749688,GPS_benchmark,NA,NA,3,3,3,3,3,3,3
SRR26749697,GPS_benchmark,NA,NA,7C,7C,Failed,7C,7C,7C,7C
SRR26749704,GPS_benchmark,NA,NA,3,3,3,3,3,3,3
SRR26749737,GPS_benchmark,NA,NA,35F,35F,35F,35F,35F,35F,35F
SRR26749745,GPS_benchmark,NA,NA,19A,19A,19AF,19A,19A,19A,19A
SRR26749748,GPS_benchmark,NA,NA,6C,6C,6D,6C/6D,6C,6C,6C
SRR26749767,GPS_benchmark,NA,NA,19A,19A,19AF,19A,19A,19A,19A
SRR26749789,GPS_benchmark,NA,NA,3,3,3,3,3,3,3
SRR26749815,GPS_benchmark,NA,NA,23A,23A,23A,23A,23A,23A,23A
SRR26749831,GPS_benchmark,NA,NA,19F,24F,24B,24F/24B,24B,24B/24C/24F,24A/24B/24F
SRR26749850,GPS_benchmark,NA,NA,3,3,3,3,3,3,3
SRR26749857,GPS_benchmark,NA,NA,3,3,3,3,3,3,3
SRR26749871,GPS_benchmark,NA,NA,8,8,Failed,8,8,8,8
SRR26749879,GPS_benchmark,NA,NA,11A,11A,Failed,11A/11D,11A,11A,11A
SRR26749924,GPS_benchmark,NA,NA,9N,9N,9N,9N/9L,9N,9N,9N
SRR26749945,GPS_benchmark,NA,NA,3,3,3,3,3,3,3
SRR26749946,GPS_benchmark,NA,NA,33F,33F,33F,33F/33A,33F,33A/33E/33F,33F
SRR26749953,GPS_benchmark,NA,NA,19A,19A,19AF,19A,19A,19A,19A
SRR26749966,GPS_benchmark,NA,NA,8,8,8,8,8,8,8
SRR26749989,GPS_benchmark,NA,NA,31,31,31,31,31,31,31
SRR26750012,GPS_benchmark,NA,NA,3,3,3,3,3,3,3
SRR26750016,GPS_benchmark,NA,NA,24A,24F,Failed,24F/24B,24B,24B/24C/24F,24A/24B/24F
SRR26750023,GPS_benchmark,NA,NA,9N,9N,9N,9N/9L,9N,9N,9N
SRR26750025,GPS_benchmark,NA,NA,19A,19A,19AF,19A,19A,19A,19A
SRR26750028,GPS_benchmark,NA,NA,3,3,3,3,3,3,3
SRR26750030,GPS_benchmark,NA,NA,8,8,8,8,8,8,8
SRR26750033,GPS_benchmark,NA,NA,19F,19F,19F,19F,19F,19F,19F
SRR26750044,GPS_benchmark,NA,NA,9N,9N,Failed,9N/9L,9N,9N,9N
SRR26750047,GPS_benchmark,NA,NA,3,3,3,3,3,3,3
SRR26750048,GPS_benchmark,NA,NA,8,8,8,8,8,8,8
SRR26750081,GPS_benchmark,NA,NA,8,8,8,8,8,8,8
SRR26789220,GPS_benchmark,NA,NA,3,3,3,3,3,3,3
SRR26789245,GPS_benchmark,NA,NA,3,3,3,3,3,3,3
SRR26789264,GPS_benchmark,NA,NA,22F,22F,22F,22F,22F,22F,22F
SRR26789328,GPS_benchmark,NA,NA,35F,35F,35F,35F,35F,35F,35F
SRR26789333,GPS_benchmark,NA,NA,3,3,3,3,3,3,3
SRR26789420,GPS_benchmark,NA,NA,23B,23B1,23B1,23B,23B,23B,23B1
SRR26789424,GPS_benchmark,NA,NA,22F,22F,22F,22F,22F,22F,22F
SRR26789480,GPS_benchmark,NA,NA,23B,23B1,23B1,23B,23B,23B,23B1
SRR26789493,GPS_benchmark,NA,NA,24F,24F,24B,24F/24B,24B,24B/24C/24F,24A/24B/24F
SRR26789517,GPS_benchmark,NA,NA,15C,15C,15B,15B/15C,15B|15C,15C,15B/15C
SRR26789526,GPS_benchmark,NA,NA,6A,6A,6A,6A/6B,6A,6A,6A
SRR26789596,GPS_benchmark,NA,NA,19A,19A,19AF,19A,19A,19A,19A
SRR26789663,GPS_benchmark,NA,NA,22F,22F,22F,22F,22F,22F,22F
SRR26789664,GPS_benchmark,NA,NA,33F,33F,33F,33F/33A,33F,33A/33E/33F,33F
SRR26789671,GPS_benchmark,NA,NA,16F,16F,16F,16F,16F,16F,16F
SRR26789695,GPS_benchmark,NA,NA,8,8,8,8,8,8,8
SRR26789800,GPS_benchmark,NA,NA,35B,35B,35B,35B/35D,35B,35B,35B
SRR26789830,GPS_benchmark,NA,NA,15C,15C,15B,15B/15C,15B|15C,15C,15B/15C
SRR26789854,GPS_benchmark,NA,NA,3,3,3,3,3,3,3
SRR26789856,GPS_benchmark,NA,NA,19A,19A,19A,19A,19A,19A,19A
SRR26789873,GPS_benchmark,NA,NA,8,8,8,8,8,8,8
SRR26789884,GPS_benchmark,NA,NA,6C,6C,6C,6C/6D,6C,6C,6C
SRR26789921,GPS_benchmark,NA,NA,33F,33F,33F,33F/33A,38,33E,33A/37
SRR26789924,GPS_benchmark,NA,NA,23B,23B1,23B1,23B,23B,23B,23B1
SRR26789929,GPS_benchmark,NA,NA,3,3,3,3,3,3,3
SRR26789957,GPS_benchmark,NA,NA,23A,23A,23A,23A,23A,23A,23A
SRR26789972,GPS_benchmark,NA,NA,3,3,3,3,3,3,3
SRR26789975,GPS_benchmark,NA,NA,22F,22F,22F,22F,22F,22F,22F
SRR26790088,GPS_benchmark,NA,NA,3,3,3,3,3,3,3
SRR26790099,GPS_benchmark,NA,NA,9N,9N,9N,9N/9L,9N,9N,9N
SRR26790108,GPS_benchmark,NA,NA,24F,24F,24B,24F/24B,24B,24B/24C/24F,24A/24B/24F
SRR26790190,GPS_benchmark,NA,NA,3,3,3,3,3,3,3
SRR26790192,GPS_benchmark,NA,NA,23A,23A,23A,23A,23A,23A,23A
SRR26790202,GPS_benchmark,NA,NA,6C,6C,6D,6C/6D,6C,6C,6C
SRR26797059,GPS_benchmark,NA,NA,23A,23A,23A,23A,23A,23A,23A
SRR26797099,GPS_benchmark,NA,NA,8,8,8,8,8,8,8
SRR26797123,GPS_benchmark,NA,NA,15A,15A,15A,15A/15D,15A,15A,15A
SRR26797136,GPS_benchmark,NA,NA,9N,9N,9N,9N/9L,9N,9N,9N
SRR26797231,GPS_benchmark,NA,NA,9N,9N,9N,9N/9L,9N,9N,9N
SRR26797266,GPS_benchmark,NA,NA,35F,35F,35F,35F,35F,35F,35F
SRR26797280,GPS_benchmark,NA,NA,8,8,8,8,8,8,8
SRR26797281,GPS_benchmark,NA,NA,3,3,3,3,3,3,3
SRR26797283,GPS_benchmark,NA,NA,33F,33F,33F,33F/33A,33F,33F,33F
SRR26797290,GPS_benchmark,NA,NA,10A,10A,10A,10A,10A,10A,10A
SRR26797387,GPS_benchmark,NA,NA,19A,19A,19A,19A,19A,19A,19A
SRR26797411,GPS_benchmark,NA,NA,19A,19A,19AF,19A,19A,19A,19A
SRR26797467,GPS_benchmark,NA,NA,23B,23B1,23B1,23B,23B,23B,23B1
SRR26797505,GPS_benchmark,NA,NA,16F,16F,16F,16F,16F,16F,16F
SRR26797507,GPS_benchmark,NA,NA,9V,9V,9V,9A/9V,9V,9V,9V
SRR26797538,GPS_benchmark,NA,NA,8,8,8,8,8,8,8
SRR26797546,GPS_benchmark,NA,NA,19F,24F,24B,24F/24B,24B,24B/24C/24F,24A/24B/24F
SRR26797563,GPS_benchmark,NA,NA,3,3,3,3,3,3,3
SRR26797566,GPS_benchmark,NA,NA,3,3,3,3,3,3,3
SRR26797567,GPS_benchmark,NA,NA,3,3,3,3,3,3,3
SRR26797577,GPS_benchmark,NA,NA,8,8,8,8,8,8,8
SRR26797598,GPS_benchmark,NA,NA,31,31,31,31,31,31,31
SRR26797645,GPS_benchmark,NA,NA,16F,16F,16F,16F,16F,16F,16F
SRR26797662,GPS_benchmark,NA,NA,15A,15A,15A,15A/15D,15A,15A,15A
SRR26797668,GPS_benchmark,NA,NA,9N,9N,9N,9N/9L,9N,9N,9N
SRR26797669,GPS_benchmark,NA,NA,19A,19A,19A,19A,19A,19A,19A
SRR26797684,GPS_benchmark,NA,NA,24F,24F,24B,24F/24B,24B,24B/24C/24F,24A/24B/24F
SRR26797686,GPS_benchmark,NA,NA,8,8,8,8,8,8,8
SRR26797699,GPS_benchmark,NA,NA,3,3,3,3,3,3,3
SRR26797703,GPS_benchmark,NA,NA,17F,17F,17F,17F,17F,17F,17F
SRR26797744,GPS_benchmark,NA,NA,23A,23A,23A,23A,23A,23A,23A
SRR26797782,GPS_benchmark,NA,NA,16F,16F,16F,16F,16F,16F,16F
SRR26797789,GPS_benchmark,NA,NA,3,3,3,3,3,3,3
SRR26797798,GPS_benchmark,NA,NA,15B,15C,15C,15B/15C,15C,15C,15B/15C
SRR26797806,GPS_benchmark,NA,NA,23B,23B1,23B1,23B,23B,23B,23B1
SRR26797815,GPS_benchmark,NA,NA,31,31,31,31,31,31,31
SRR26797826,GPS_benchmark,NA,NA,8,8,8,8,8,8,8
SRR26797862,GPS_benchmark,NA,NA,15A,15A,15A,15A/15D,15A,15A,15A
SRR26797902,GPS_benchmark,NA,NA,8,8,8,8,8,8,8
SRR26797921,GPS_benchmark,NA,NA,19A,19A,19AF,19A,19A,19A,19A
SRR26797964,GPS_benchmark,NA,NA,15A,15A,15A,15A/15D,15A,15A,15A
SRR26797985,GPS_benchmark,NA,NA,8,8,8,8,8,8,8
SRR26798006,GPS_benchmark,NA,NA,33F,33F,33F,33F/33A,33F,33A/33E/33F,33F
SRR26817717,GPS_benchmark,NA,NA,19A,19A,19A,19A,19A,19A,19A
SRR26817724,GPS_benchmark,NA,NA,3,3,3,3,3,3,3
SRR26817725,GPS_benchmark,NA,NA,8,8,8,8,8,8,8
SRR26817732,GPS_benchmark,NA,NA,19A,19A,19AF,19A,19A,19A,19A
SRR26817738,GPS_benchmark,NA,NA,8,8,8,8,8,8,8
SRR26817759,GPS_benchmark,NA,NA,4,4,4,4,4,4,4
SRR26817798,GPS_benchmark,NA,NA,34,34,34,34,34,34,34
SRR26817799,GPS_benchmark,NA,NA,8,8,8,8,8,8,8
SRR26817835,GPS_benchmark,NA,NA,8,8,8,8,8,8,8
SRR26817854,GPS_benchmark,NA,NA,9N,9N,9N,9N/9L,9N,9N,9N
SRR26817897,GPS_benchmark,NA,NA,11A,11A,11D,11A/11D,11A,11E,11A
SRR26817915,GPS_benchmark,NA,NA,35B,35B,35B,35B/35D,35B,35B,35B
SRR26817916,GPS_benchmark,NA,NA,3,3,3,3,3,3,3
SRR26817918,GPS_benchmark,NA,NA,3,3,3,3,3,3,3
SRR26817946,GPS_benchmark,NA,NA,12F,12F,12F,12F,12F,12F,12F
SRR26817971,GPS_benchmark,NA,NA,16F,16F,16F,16F,16F,16F,16F
SRR26817996,GPS_benchmark,NA,NA,8,8,8,8,8,8,8
SRR26818102,GPS_benchmark,NA,NA,12F,12F,12F,12F,12F,12F,12F
SRR26818129,GPS_benchmark,NA,NA,8,8,8,8,8,8,8
SRR26818149,GPS_benchmark,NA,NA,19A,19A,19AF,19A,19A,19A,19A
SRR26818180,GPS_benchmark,NA,NA,35F,35F,35F,35F,35F,35F,35F
SRR26818216,GPS_benchmark,NA,NA,8,8,8,8,8,8,8
SRR26818275,GPS_benchmark,NA,NA,3,3,3,3,3,3,3
SRR26818293,GPS_benchmark,NA,NA,3,3,3,3,3,3,3
SRR26818337,GPS_benchmark,NA,NA,10A,10A,10A,10A,10A,10A,10A
SRR26818350,GPS_benchmark,NA,NA,31,31,31,31,31,31,31
SRR26818358,GPS_benchmark,NA,NA,3,3,3,3,3,3,3
SRR26818430,GPS_benchmark,NA,NA,8,8,8,8,8,8,8
SRR26818481,GPS_benchmark,NA,NA,6C,6C,6D,6C/6D,6C,6C,6C
SRR26818522,GPS_benchmark,NA,NA,22F,22F,22F,22F,22F,22F,22F
SRR26818524,GPS_benchmark,NA,NA,3,3,3,3,3,3,3
SRR26818555,GPS_benchmark,NA,NA,8,8,8,8,8,8,8
SRR26818573,GPS_benchmark,NA,NA,9N,9N,9N,9N/9L,9N,9N,9N
SRR26818580,GPS_benchmark,NA,NA,19A,19A,19A,19A,19A,19A,19A
SRR26818585,GPS_benchmark,NA,NA,3,3,3,3,3,3,3
SRR26818632,GPS_benchmark,NA,NA,9V,9V,9V,9A/9V,9V,9V,9V
SRR26818636,GPS_benchmark,NA,NA,18C,18C,18B,18C/18B,18C,18C,18C
SRR26818637,GPS_benchmark,NA,NA,19A,19A,19A,19A,19A,19A,19A
SRR26818643,GPS_benchmark,NA,NA,8,8,8,8,8,8,8
SRR26818651,GPS_benchmark,NA,NA,10A,10A,10A,10A,10A,10A,10A
SRR26818660,GPS_benchmark,NA,NA,15B,15C,15B,15B/15C,15C,15C,15B/15C
SRR26818664,GPS_benchmark,NA,NA,19A,19A,19AF,19A,19A,19A,19A
SRR26818688,GPS_benchmark,NA,NA,3,3,3,3,3,3,3
SRR26818706,GPS_benchmark,NA,NA,23A,23A,23A,23A,23A,23A,23A
SRR26833544,GPS_benchmark,NA,NA,35F,35F,35F,35F,35F,35F,35F
SRR26833558,GPS_benchmark,NA,NA,33F,33F,33F,33F/33A,33F,33A/33E/33F,33F/37
SRR26833586,GPS_benchmark,NA,NA,3,3,3,3,3,3,3
SRR26833595,GPS_benchmark,NA,NA,3,3,3,3,3,3,3
SRR26833699,GPS_benchmark,NA,NA,24A,24F,Failed,24F/24B,24B,24B/24C/24F,24A/24B/24F
SRR26833718,GPS_benchmark,NA,NA,22F,22F,22F,22F,22F,22F,22F
SRR26833767,GPS_benchmark,NA,NA,8,8,8,8,8,8,8
SRR26833802,GPS_benchmark,NA,NA,3,3,3,3,3,3,3
SRR26833925,GPS_benchmark,NA,NA,8,8,8,8,8,8,8
SRR26833946,GPS_benchmark,NA,NA,23A,23A,23A,23A,23A,23A,23A
SRR26833953,GPS_benchmark,NA,NA,19F,24F,Failed,24F/24B,24B,24B/24C/24F,24A/24B/24F
SRR26833958,GPS_benchmark,NA,NA,35F,35F,35F,35F,35F,35F,35F
SRR26833997,GPS_benchmark,NA,NA,35B,35B,35B,35B/35D,35B,35B,35B
SRR26834006,GPS_benchmark,NA,NA,3,3,3,3,3,3,3
SRR26834053,GPS_benchmark,NA,NA,19A,19A,19AF,19A,19A,19A,19A
SRR26834057,GPS_benchmark,NA,NA,3,3,3,3,3,3,3
SRR26834126,GPS_benchmark,NA,NA,23B,23B1,23B1,23B,23B,23B,23B1
SRR26834129,GPS_benchmark,NA,NA,12F,12F,12F,12F,12F,12F,12F
SRR26834135,GPS_benchmark,NA,NA,3,3,3,3,3,3,3
SRR26834138,GPS_benchmark,NA,NA,8,8,8,8,8,8,8
SRR26834145,GPS_benchmark,NA,NA,3,3,3,3,3,3,3
SRR26834148,GPS_benchmark,NA,NA,11A,11A,11A,11A/11D,11A,11A,11A
SRR26834152,GPS_benchmark,NA,NA,23A,23A,23A,23A,23A,23A,23A
SRR26834191,GPS_benchmark,NA,NA,3,3,3,3,3,3,3
SRR26834259,GPS_benchmark,NA,NA,31,31,31,31,31,31,31
SRR26834262,GPS_benchmark,NA,NA,15A,15A,15A,15A/15D,15A,15A,15A
SRR26834266,GPS_benchmark,NA,NA,35F,35F,35F,35F,35F,35F,35F
SRR26834268,GPS_benchmark,NA,NA,8,8,8,8,8,8,8
SRR26834338,GPS_benchmark,NA,NA,7C,7C,7C,7C,7C,7C,7C
SRR26834365,GPS_benchmark,NA,NA,23A,23A,23A,23A,23A,23A,23A
SRR26834366,GPS_benchmark,NA,NA,15B,15C,15B,15B/15C,15B|15C,15B,15B/15C
SRR26834377,GPS_benchmark,NA,NA,3,3,3,3,3,3,3
SRR26834382,GPS_benchmark,NA,NA,3,3,3,3,3,3,3
SRR26834389,GPS_benchmark,NA,NA,15B,15B,15B,15B/15C,15B,15B,15B/15C
SRR26834405,GPS_benchmark,NA,NA,35B,35B,35B,35B/35D,35B,35B,35B
SRR26834406,GPS_benchmark,NA,NA,8,8,8,8,8,8,8
SRR26834409,GPS_benchmark,NA,NA,3,3,3,3,3,3,3
SRR26834438,GPS_benchmark,NA,NA,3,3,3,3,3,3,3
SRR26834448,GPS_benchmark,NA,NA,8,8,8,8,8,8,8
SRR26834449,GPS_benchmark,NA,NA,13,13,13,13,13,13,13
SRR26834453,GPS_benchmark,NA,NA,22F,22F,22F,22F,22F,22F,22F
SRR26834458,GPS_benchmark,NA,NA,3,3,3,3,3,3,3
SRR26834505,GPS_benchmark,NA,NA,9N,9N,9N,9N/9L,9N,9N,9N
SRR26877782,GPS_benchmark,NA,NA,9N,9N,9N,9N/9L,9N,9N,9N
SRR26877853,GPS_benchmark,NA,NA,15A,15A,15A,15A/15D,15A,15A,15A
SRR26877867,GPS_benchmark,NA,NA,23B,23B1,23B1,23B,23B,23B,23B1
SRR26877889,GPS_benchmark,NA,NA,3,3,3,3,3,3,3
SRR26877891,GPS_benchmark,NA,NA,31,31,31,31,31,31,31
SRR26877897,GPS_benchmark,NA,NA,12F,12F,12F,12F,12F,12F,12F
SRR26877919,GPS_benchmark,NA,NA,19A,19A,19AF,19A,19A,19A,19A
SRR26877934,GPS_benchmark,NA,NA,19A,19A,19AF,19A,19A,19A,19A
SRR26877947,GPS_benchmark,NA,NA,33F,33F,33F,33F/33A,33F,33A/33E/33F,33F
SRR26877982,GPS_benchmark,NA,NA,23B,23B1,23B1,23B,23B,23B,23B1
SRR26877995,GPS_benchmark,NA,NA,3,3,3,3,3,3,3
SRR26878040,GPS_benchmark,NA,NA,3,3,3,3,3,3,3
SRR26878056,GPS_benchmark,NA,NA,8,8,8,8,8,8,8
SRR26878061,GPS_benchmark,NA,NA,9N,9N,9N,9N/9L,9N,9N,9N
SRR26878100,GPS_benchmark,NA,NA,8,8,8,8,8,8,8
SRR26878139,GPS_benchmark,NA,NA,19A,19A,19AF,19A,19A,19A,19A
SRR26878156,GPS_benchmark,NA,NA,23B,23B1,23B1,23B,23B,23B,23B1
SRR26878176,GPS_benchmark,NA,NA,8,8,8,8,8,8,8
SRR26878235,GPS_benchmark,NA,NA,24F,24F,24B,24F/24B,24B,24B/24C/24F,24A/24B/24F
SRR26878284,GPS_benchmark,NA,NA,23B,23B1,23B1,23B,23B,23B,23B1
SRR26878304,GPS_benchmark,NA,NA,11A,11A,11D,11A/11D,11A,11A,11A
SRR26878378,GPS_benchmark,NA,NA,13,13,13,13,13,13,13
SRR26878392,GPS_benchmark,NA,NA,11A,11A,11D,11A/11D,11A,11A,11A
SRR26878402,GPS_benchmark,NA,NA,23B,23B1,23B1,23B,23B,23B,23B1
SRR26878405,GPS_benchmark,NA,NA,20B,20,20,20,20,20B,20
SRR26878423,GPS_benchmark,NA,NA,23B,23B1,23B1,23B,23B,23B,23B1
SRR26878474,GPS_benchmark,NA,NA,8,8,8,8,8,8,8
SRR26878487,GPS_benchmark,NA,NA,4,4,4,4,4,4,4
SRR26878542,GPS_benchmark,NA,NA,3,3,3,3,3,3,3
SRR26878562,GPS_benchmark,NA,NA,35F,35F,35F,35F,35F,35F,35F
SRR26878573,GPS_benchmark,NA,NA,35B,35B,35B,35B/35D,35B,35B,35B
SRR26878578,GPS_benchmark,NA,NA,24A,24F,24B,24F/24B,24B,24B/24C/24F,24A/24B/24F
SRR26878593,GPS_benchmark,NA,NA,3,3,3,3,3,3,3
SRR26878610,GPS_benchmark,NA,NA,35F,35F,35F,35F,35F,35F,35F
SRR26878663,GPS_benchmark,NA,NA,16F,16F,16F,16F,16F,16F,16F
SRR26878695,GPS_benchmark,NA,NA,35F,35F,35F,35F,35F,35F,35F
SRR26879467,GPS_benchmark,NA,NA,35F,35F,35F,35F,35F,35F,35F
SRR26879479,GPS_benchmark,NA,NA,23A,23A,23A,23A,23A,23A,23A
SRR26879499,GPS_benchmark,NA,NA,8,8,8,8,8,8,8
SRR26879509,GPS_benchmark,NA,NA,8,8,8,8,8,8,8
SRR26879549,GPS_benchmark,NA,NA,24F,24F,24B,24F/24B,24B,24B/24C/24F,24A/24B/24F
SRR26879557,GPS_benchmark,NA,NA,8,8,8,8,8,8,8
SRR26879558,GPS_benchmark,NA,NA,9N,9N,9N,9N/9L,9N,9N,9N
SRR26879576,GPS_benchmark,NA,NA,8,8,8,8,8,8,8
SRR26879599,GPS_benchmark,NA,NA,9N,9N,9N,9N/9L,9N,9N,9N
SRR26879610,GPS_benchmark,NA,NA,31,31,31,31,31,31,31
SRR26879614,GPS_benchmark,NA,NA,33F,33F,33F,33F/33A,33F,33F,33A/33F
SRR26879625,GPS_benchmark,NA,NA,3,3,3,3,3,3,3
SRR26879667,GPS_benchmark,NA,NA,8,8,8,8,8,8,8
SRR26879672,GPS_benchmark,NA,NA,3,3,3,3,3,3,3
SRR26879697,GPS_benchmark,NA,NA,7C,7C,7C,7C,7C,7C,7C
SRR26879698,GPS_benchmark,NA,NA,16F,16F,16F,16F,16F,16F,16F
SRR26879749,GPS_benchmark,NA,NA,3,3,3,3,3,3,3
SRR26879766,GPS_benchmark,NA,NA,8,8,8,8,8,8,8
SRR26879775,GPS_benchmark,NA,NA,8,8,8,8,8,8,8
SRR26879783,GPS_benchmark,NA,NA,10A,10A,10A,10A,10A,10A,10A
SRR26879787,GPS_benchmark,NA,NA,24F,24F,24B,24F/24B,24B,24B/24C/24F,24A/24B/24F
SRR26879891,GPS_benchmark,NA,NA,19A,19A,19A,19A,19A,19A,19A
SRR26879915,GPS_benchmark,NA,NA,35F,35F,35F,35F,35F,35F,35F
SRR26879954,GPS_benchmark,NA,NA,35B,35B,35B,35B/35D,35B,35B,35B
SRR26879961,GPS_benchmark,NA,NA,8,8,8,8,8,8,8
SRR26879965,GPS_benchmark,NA,NA,23A,23A,23A,23A,23A,23A,23A
SRR26879967,GPS_benchmark,NA,NA,13,13,Failed,13,13,13,13
SRR26879978,GPS_benchmark,NA,NA,19A,19A,19A,19A,19A,19A,19A
SRR26879985,GPS_benchmark,NA,NA,6C,6C,6D,6C/6D,6C,6C,6C
SRR26879994,GPS_benchmark,NA,NA,34,34,34,34,34,34,34
SRR26880044,GPS_benchmark,NA,NA,8,8,8,8,8,8,8
SRR26880056,GPS_benchmark,NA,NA,3,3,3,3,3,3,3
SRR26880060,GPS_benchmark,NA,NA,18C,18C,18A,18C/18B,18C,18C,18C
SRR26880080,GPS_benchmark,NA,NA,3,3,3,3,3,3,3
SRR26880086,GPS_benchmark,NA,NA,9N,9N,9N,9N/9L,9N,9N,9N
SRR26880109,GPS_benchmark,NA,NA,23B,23B1,23B1,23B,23B,23B,23B1
SRR26880111,GPS_benchmark,NA,NA,3,3,3,3,3,3,3
SRR26880138,GPS_benchmark,NA,NA,23B,23B1,23B1,23B,23B,23B,23B1
SRR26880150,GPS_benchmark,NA,NA,15A,15A,15A,15A/15D,15A,15A,15A
SRR26880165,GPS_benchmark,NA,NA,18C,18C,18B,18C/18B,18C,18C,18B/18C
SRR26880214,GPS_benchmark,NA,NA,11A,11A,11D,11A/11D,11A,11A,11A
SRR26880259,GPS_benchmark,NA,NA,19A,19A,19AF,19A,19A,19A,19A
SRR26880274,GPS_benchmark,NA,NA,9N,9N,9N,9N/9L,9N,9N,9N
SRR26880283,GPS_benchmark,NA,NA,3,3,3,3,3,3,3
SRR26880308,GPS_benchmark,NA,NA,3,3,3,3,3,3,3
SRR26880317,GPS_benchmark,NA,NA,15A,15A,15A,15A/15D,15A,15A,15A
SRR26880327,GPS_benchmark,NA,NA,3,3,3,3,3,3,3
SRR26880358,GPS_benchmark,NA,NA,8,8,8,8,8,8,8
SRR26880426,GPS_benchmark,NA,NA,3,3,3,3,3,3,3
SRR26880437,GPS_benchmark,NA,NA,8,8,8,8,8,8,8
SRR26883765,GPS_benchmark,NA,NA,6C,6C,6D,6C/6D,6C,6C,6C
SRR26883774,GPS_benchmark,NA,NA,3,3,3,3,3,3,3
SRR26883825,GPS_benchmark,NA,NA,3,3,3,3,3,3,3
SRR26883841,GPS_benchmark,NA,NA,3,3,3,3,3,3,3
SRR26883869,GPS_benchmark,NA,NA,35F,35F,35F,35F,35F,35F,35F
SRR26883894,GPS_benchmark,NA,NA,8,8,8,8,8,8,8
SRR26883911,GPS_benchmark,NA,NA,33F,33F,33F,33F/33A,33F,33F,33F
SRR26883917,GPS_benchmark,NA,NA,3,3,3,3,3,3,3
SRR26883924,GPS_benchmark,NA,NA,8,8,8,8,8,8,8
SRR26883931,GPS_benchmark,NA,NA,12F,12F,12F,12F,12F,12F,12F
SRR26883978,GPS_benchmark,NA,NA,31,31,31,31,31,31,31
SRR26883993,GPS_benchmark,NA,NA,23A,23A,23A,23A,23A,23A,23A
SRR26884063,GPS_benchmark,NA,NA,8,8,8,8,8,8,8
SRR26884091,GPS_benchmark,NA,NA,24F,24F,24B,24F/24B,24B,24B/24C/24F,24A/24B/24F
SRR26884100,GPS_benchmark,NA,NA,23A,23A,23A,23A,23A,23A,23A
SRR26884102,GPS_benchmark,NA,NA,16F,16F,16F,16F,16F,16F,16F
SRR26884152,GPS_benchmark,NA,NA,3,3,3,3,3,3,3
SRR26884159,GPS_benchmark,NA,NA,8,8,8,8,8,8,8
SRR26884164,GPS_benchmark,NA,NA,15A,15A,15A,15A/15D,15A,15A,15A
SRR26884189,GPS_benchmark,NA,NA,8,8,Failed,8,8,8,8
SRR26884204,GPS_benchmark,NA,NA,23B,23B1,23B1,23B,23B,23B,23B1
SRR26884207,GPS_benchmark,NA,NA,19A,19A,19AF,19A,19A,19A,19A
SRR26884222,GPS_benchmark,NA,NA,15B,15B,15B,15B/15C,15B,15B,15B/15C
SRR26884310,GPS_benchmark,NA,NA,17F,17F,17F,17F,17F,17F,17F
SRR26884329,GPS_benchmark,NA,NA,3,3,3,3,3,3,3
SRR26884338,GPS_benchmark,NA,NA,8,8,8,8,8,8,8
SRR26884376,GPS_benchmark,NA,NA,3,3,3,3,3,3,3
SRR26884388,GPS_benchmark,NA,NA,3,3,3,3,3,3,3
SRR26884396,GPS_benchmark,NA,NA,3,3,3,3,3,3,3
SRR26884404,GPS_benchmark,NA,NA,9N,9N,9N,9N/9L,9N,9N,9N
SRR26884415,GPS_benchmark,NA,NA,24F,24F,24B,24F/24B,24B,24B/24C/24F,24A/24B/24F
SRR26884467,GPS_benchmark,NA,NA,3,3,3,3,3,3,3
SRR26884477,GPS_benchmark,NA,NA,19A,19A,19AF,19A,19A,19A,19A
SRR26884487,GPS_benchmark,NA,NA,8,8,8,8,8,8,8
SRR26884488,GPS_benchmark,NA,NA,24F,24F,24B,24F/24B,24B,24B/24C/24F,24A/24B/24F
SRR26884500,GPS_benchmark,NA,NA,23A,23A,23A,23A,23A,23A,23A
SRR26884566,GPS_benchmark,NA,NA,3,3,3,3,3,3,3
SRR26884573,GPS_benchmark,NA,NA,19A,19A,19AF,19A,19A,19A,19A
SRR26884598,GPS_benchmark,NA,NA,4,4,4,4,4,4,4
SRR26884607,GPS_benchmark,NA,NA,9N,9N,9N,9N/9L,9N,9N,9N
SRR26884640,GPS_benchmark,NA,NA,8,8,8,8,8,8,8
SRR26884652,GPS_benchmark,NA,NA,3,3,3,3,3,3,3
SRR26884667,GPS_benchmark,NA,NA,16F,16F,16F,16F,16F,16F,16F
SRR26884682,GPS_benchmark,NA,NA,15A,15A,15A,15A/15D,15A,15A,15A
SRR26884688,GPS_benchmark,NA,NA,19A,19A,19AF,19A,19A,19A,19A
SRR26884695,GPS_benchmark,NA,NA,23B,23B1,23B1,23B,23B,23B,23B1
SRR26910312,GPS_benchmark,NA,NA,15C,15C,15B,15B/15C,15B|15C,15C,15B/15C
SRR26910313,GPS_benchmark,NA,NA,23B,23B,23B,23B,23B,23B,23B
SRR26910336,GPS_benchmark,NA,NA,17F,17F,17F,17F,17F,17F,17F
SRR26910363,GPS_benchmark,NA,NA,9N,9N,9N,9N/9L,9N,9N,9N
SRR26910388,GPS_benchmark,NA,NA,3,3,3,3,3,3,3
SRR26910397,GPS_benchmark,NA,NA,3,3,3,3,3,3,3
SRR26910404,GPS_benchmark,NA,NA,15A,15A,15A,15A/15D,15A,15A,15A
SRR26910415,GPS_benchmark,NA,NA,35B,35B,35B,35B/35D,35B,35B,35B
SRR26910431,GPS_benchmark,NA,NA,9N,9N,9N,9N/9L,9N,9N,9N
SRR26910454,GPS_benchmark,NA,NA,9N,9N,9N,9N/9L,9N,9N,9N
SRR26910468,GPS_benchmark,NA,NA,23B,23B,23B,23B,23B,23B,23B
SRR26910487,GPS_benchmark,NA,NA,19A,19A,19AF,19A,19A,19A,19A
SRR26910500,GPS_benchmark,NA,NA,8,8,8,8,8,8,8
SRR26910543,GPS_benchmark,NA,NA,3,3,3,3,3,3,3
SRR26910554,GPS_benchmark,NA,NA,11A,11A,11A,11A/11D,11A,11A,11A
SRR26910577,GPS_benchmark,NA,NA,23A,23A,23A,23A,23A,23A,23A
SRR26910622,GPS_benchmark,NA,NA,15B,15B,15B,15B/15C,15B,15B,15B/15C
SRR26910625,GPS_benchmark,NA,NA,22F,22F,22F,22F,22F,22F,22F
SRR26910668,GPS_benchmark,NA,NA,9N,9N,9N,9N/9L,9N,9N,9N
SRR26910674,GPS_benchmark,NA,NA,19A,19A,19AF,19A,19A,19A,19A
SRR26910683,GPS_benchmark,NA,NA,19A,19A,19AF,19A,19A,19A,19A
SRR26910743,GPS_benchmark,NA,NA,31,31,31,31,31,31,31
SRR26910746,GPS_benchmark,NA,NA,19A,19A,19AF,19A,19A,19A,19A
SRR26910768,GPS_benchmark,NA,NA,8,8,8,8,8,8,8
SRR26910837,GPS_benchmark,NA,NA,15A,15A,15A,15A/15D,15A,15A,15A
SRR26910838,GPS_benchmark,NA,NA,19F,24F,24B,24F/24B,24B,24B/24C/24F,24A/24B/24F
SRR26910840,GPS_benchmark,NA,NA,22F,22F,22F,22F,22F,22F,22F
SRR26910866,GPS_benchmark,NA,NA,24F,24F,24B,24F/24B,24B,24B/24C/24F,24A/24B/24F
SRR26910895,GPS_benchmark,NA,NA,3,3,3,3,3,3,3
SRR26910897,GPS_benchmark,NA,NA,8,8,8,8,8,8,8
SRR26910950,GPS_benchmark,NA,NA,8,8,8,8,8,8,8
SRR26910995,GPS_benchmark,NA,NA,3,3,3,3,3,3,3
SRR26911000,GPS_benchmark,NA,NA,3,3,3,3,3,3,3
SRR26911015,GPS_benchmark,NA,NA,15A,15A,15A,15A/15D,15A,15A,15A
SRR26911021,GPS_benchmark,NA,NA,9N,9N,9N,9N/9L,9N,9N,9N
SRR26911022,GPS_benchmark,NA,NA,8,8,8,8,8,8,8
SRR26911036,GPS_benchmark,NA,NA,9N,9N,9N,9N/9L,9N,9N,9N
SRR26911052,GPS_benchmark,NA,NA,3,3,3,3,3,3,3
SRR26911097,GPS_benchmark,NA,NA,3,3,3,3,3,3,3
SRR26911140,GPS_benchmark,NA,NA,3,3,3,3,3,3,3
SRR26911169,GPS_benchmark,NA,NA,9N,9N,9N,9N/9L,9N,9N,9N
SRR26911188,GPS_benchmark,NA,NA,3,3,3,3,3,3,3
SRR26911190,GPS_benchmark,NA,NA,8,8,8,8,8,8,8
SRR26930185,GPS_benchmark,NA,NA,3,3,3,3,3,3,3
SRR26930253,GPS_benchmark,NA,NA,3,3,3,3,3,3,3
SRR26930275,GPS_benchmark,NA,NA,3,3,3,3,3,3,3
SRR26930287,GPS_benchmark,NA,NA,20B,20,20,20,20,20B,20
SRR26930292,GPS_benchmark,NA,NA,31,31,31,31,31,31,31
SRR26930293,GPS_benchmark,NA,NA,31,31,31,31,31,31,31
SRR26930352,GPS_benchmark,NA,NA,8,8,8,8,8,8,8
SRR26930367,GPS_benchmark,NA,NA,19A,19A,19AF,19A,19A,19A,19A
SRR26930369,GPS_benchmark,NA,NA,14,19A,19A,19A,19A,19A,19A
SRR26930388,GPS_benchmark,NA,NA,3,3,3,3,3,3,3
SRR26930389,GPS_benchmark,NA,NA,23B,23B1,23B1,23B,23B,23B,23B1
SRR26930403,GPS_benchmark,NA,NA,8,8,8,8,8,8,8
SRR26930409,GPS_benchmark,NA,NA,19A,19A,19A,19A,19A,19A,19A
SRR26930425,GPS_benchmark,NA,NA,8,8,8,8,8,8,8
SRR26930434,GPS_benchmark,NA,NA,3,3,3,3,3,3,3
SRR26930451,GPS_benchmark,NA,NA,15A,15A,15A,15A/15D,15A,15A,15A
SRR26930468,GPS_benchmark,NA,NA,3,3,3,3,3,3,3
SRR26930547,GPS_benchmark,NA,NA,3,3,3,3,3,3,3
SRR26930565,GPS_benchmark,NA,NA,15A,15A,15A,15A/15D,15A,15A,15A
SRR26930582,GPS_benchmark,NA,NA,7F,7F,7A,7F/7A,7F,7F,7F
SRR26930627,GPS_benchmark,NA,NA,19F,19F,19F,19F,19F,19F,19F
SRR26930657,GPS_benchmark,NA,NA,33F,33F,33F,33F/33A,33F,33E,33A
SRR26930665,GPS_benchmark,NA,NA,19A,19A,19A,19A,19A,19A,19A
SRR26930676,GPS_benchmark,NA,NA,23B,23B1,23B1,23B,23B,23B,23B1
SRR26930685,GPS_benchmark,NA,NA,6C,6C,6C,6C/6D,6C,6C,6C
SRR26930695,GPS_benchmark,NA,NA,31,31,31,31,31,31,31
SRR26930697,GPS_benchmark,NA,NA,12F,12F,12F,12F,12F,12F,12F
SRR26930707,GPS_benchmark,NA,NA,6C,6C,6C,6C/6D,6C,6C,6C
SRR26930722,GPS_benchmark,NA,NA,23A,23A,23A,23A,23A,23A,23A
SRR26930742,GPS_benchmark,NA,NA,8,8,8,8,8,8,8
SRR26930797,GPS_benchmark,NA,NA,3,3,3,3,3,3,3
SRR26930810,GPS_benchmark,NA,NA,11A,11A,11A,11A/11D,11A,11A,11A
SRR26930826,GPS_benchmark,NA,NA,8,8,8,8,8,8,8
SRR26930853,GPS_benchmark,NA,NA,8,8,8,8,8,8,8
SRR26930867,GPS_benchmark,NA,NA,11A,11A,11A,11A/11D,11A,11A,11A
SRR26930869,GPS_benchmark,NA,NA,3,3,3,3,3,3,3
SRR26930870,GPS_benchmark,NA,NA,3,3,3,3,3,3,3
SRR26930874,GPS_benchmark,NA,NA,31,31,31,31,31,31,31
SRR26930897,GPS_benchmark,NA,NA,9N,9N,9N,9N/9L,9N,9N,9N
SRR26930927,GPS_benchmark,NA,NA,23B,23B1,23B1,23B,23B,23B,23B1
SRR26930967,GPS_benchmark,NA,NA,19F,24F,24B,24F/24B,24B,24B/24C/24F,24A/24B/24F
SRR26931002,GPS_benchmark,NA,NA,31,31,31,31,31,31,31
SRR26931009,GPS_benchmark,NA,NA,15A,15A,15A,15A/15D,15A,15A,15A
SRR26931045,GPS_benchmark,NA,NA,3,3,3,3,3,3,3
SRR26931048,GPS_benchmark,NA,NA,8,8,8,8,8,8,8
SRR26931059,GPS_benchmark,NA,NA,24F,24F,24B,24F/24B,24B,24B/24C/24F,24A/24B/24F
SRR26931096,GPS_benchmark,NA,NA,3,3,3,3,3,3,3
SRR26931119,GPS_benchmark,NA,NA,23B,23B1,23B1,23B,23B,23B,23B1
SRR26931123,GPS_benchmark,NA,NA,23A,23A,23A,23A,23A,23A,23A
SRR26931130,GPS_benchmark,NA,NA,3,3,3,3,3,3,3
SRR26931192,GPS_benchmark,NA,NA,3,3,3,3,3,3,3
SRR26931221,GPS_benchmark,NA,NA,23A,23A,23A,23A,23A,23A,23A
SRR26931243,GPS_benchmark,NA,NA,20B,20,20,20,20,20B,20
SRR26931251,GPS_benchmark,NA,NA,8,8,8,8,8,8,8
SRR26931270,GPS_benchmark,NA,NA,3,3,3,3,3,3,3
SRR26931284,GPS_benchmark,NA,NA,13,13,13,13,13,13,13
SRR26931298,GPS_benchmark,NA,NA,11A,11A,11A,11A/11D,11A,11A,11A
SRR26931304,GPS_benchmark,NA,NA,9N,9N,9N,9N/9L,9N,9N,9N
SRR26931320,GPS_benchmark,NA,NA,15A,15A,15A,15A/15D,15A,15A,15A
SRR26931324,GPS_benchmark,NA,NA,8,8,8,8,8,8,8
SRR26931406,GPS_benchmark,NA,NA,23A,23A,23A,23A,23A,23A,23A
SRR26931430,GPS_benchmark,NA,NA,3,3,3,3,3,3,3
SRR26931437,GPS_benchmark,NA,NA,9N,9N,9N,9N/9L,9N,9N,9N
SRR26931481,GPS_benchmark,NA,NA,23B,23B,23B,23B,23B,23B,23B
SRR26931515,GPS_benchmark,NA,NA,33F,33F,33F,33F/33A,33F,33F,33F
SRR26931522,GPS_benchmark,NA,NA,23B,23B1,23B1,23B,23B,23B,23B1
SRR26931526,GPS_benchmark,NA,NA,11A,11A,11D,11A/11D,11A,11A,11A
SRR26931570,GPS_benchmark,NA,NA,35F,35F,35F,35F,35F,35F,35F
SRR26931586,GPS_benchmark,NA,NA,16F,16F,16F,16F,16F,16F,16F
SRR26931597,GPS_benchmark,NA,NA,23A,23A,23A,23A,23A,23A,23A
SRR26931608,GPS_benchmark,NA,NA,8,8,8,8,8,8,8
SRR26931632,GPS_benchmark,NA,NA,3,3,3,3,3,3,3
SRR26931634,GPS_benchmark,NA,NA,8,8,8,8,8,8,8
SRR26931636,GPS_benchmark,NA,NA,23B,23B1,23B1,23B,23B,23B,23B1
SRR26931649,GPS_benchmark,NA,NA,9N,9N,9N,9N/9L,9N,9N,9N
SRR26931660,GPS_benchmark,NA,NA,3,3,3,3,3,3,3
SRR26931698,GPS_benchmark,NA,NA,35B,35B,35B,35B/35D,35B,35B,35B
SRR26931699,GPS_benchmark,NA,NA,3,3,3,3,3,3,3
SRR26931713,GPS_benchmark,NA,NA,3,3,3,3,3,3,3
SRR26931740,GPS_benchmark,NA,NA,23A,23A,23A,23A,23A,23A,23A
SRR26931782,GPS_benchmark,NA,NA,22F,22F,22F,22F,22F,22F,22F
SRR26931785,GPS_benchmark,NA,NA,3,3,3,3,3,3,3
SRR26931805,GPS_benchmark,NA,NA,31,31,31,31,31,31,31
SRR26931828,GPS_benchmark,NA,NA,8,8,8,8,8,8,8
SRR26931844,GPS_benchmark,NA,NA,35B,35B,35B,35B/35D,35B,35B,35B
SRR26931855,GPS_benchmark,NA,NA,35F,35F,35F,35F,35F,35F,35F
SRR26931865,GPS_benchmark,NA,NA,15A,15A,15A,15A/15D,15A,15A,15A
SRR26931874,GPS_benchmark,NA,NA,8,8,8,8,8,8,8
SRR26931875,GPS_benchmark,NA,NA,3,3,3,3,3,3,3
SRR26931898,GPS_benchmark,NA,NA,8,8,8,8,8,8,8
ERR1439528,UK_benchmark,22F,22,22F,22F,22F,22F,22F,22F,22F
ERR1440475,UK_benchmark,20,20,20B,20,20,20,20,20B,20
ERR1439960,UK_benchmark,15A,15,15A,15A,Failed,15A/15D,15A,15A,15A
ERR1440633,UK_benchmark,15A,15,15A,15A,15A,15A/15D,15A,15A,15A
ERR1439539,UK_benchmark,14,14,14,14,14,14,14,14,14
ERR1440248,UK_benchmark,20,20,20B,20,20,20,20,20B,20
ERR1439319,UK_benchmark,15A,15,15A,15A,15A,15A/15D,15A,15A,15A
ERR1438903,UK_benchmark,19A,19,19A,19A,19AF,19A,19A,19A,19A
ERR1439481,UK_benchmark,8,8,8,8,8,8,8,8,8
ERR1439253,UK_benchmark,23F,23,23F,23F,23F,23F,23F,23F,23F
ERR1440441,UK_benchmark,35B,35,35B,35B,35B,35B/35D,35B,35B,35B
ERR1440678,UK_benchmark,5,5,5,5,5,5,5,5,5
ERR1439727,UK_benchmark,5,5,5,5,5,5,5,5,5
ERR1439737,UK_benchmark,19A,19,19A,19A,19AF,19A,19A,19A,19A
ERR1440606,UK_benchmark,9V,9,9V,9V,9V,9A/9V,9V,9V,9V
ERR1440172,UK_benchmark,24F,24,19F,24F,Failed,24F/24B,24B,24B/24C/24F,24A/24B/24F
ERR1439738,UK_benchmark,1,1,1,1,1,1,1,1,1
ERR1439482,UK_benchmark,22F,22,22F,22F,22F,22F,22F,22F,22F
ERR1439455,UK_benchmark,4,4,4,4,4,4,4,4,4
ERR1440178,UK_benchmark,9N,9,9N,9N,9N,9N/9L,9N,9N,9N
ERR1439252,UK_benchmark,19A,19,19A,19A,19A,19A,19A,19A,19A
ERR1439047,UK_benchmark,15A,15,15A,15A,15A,15A/15D,15A,15A,15A
ERR1438870,UK_benchmark,3,3,3,3,3,3,3,3,3
ERR1439736,UK_benchmark,34,34,34,34,34,34,34,34,34
ERR1439364,UK_benchmark,15B,15,15C,15C,15C,15B/15C,15B|15C,15C,15B/15C
ERR1439584,UK_benchmark,9V,9,9V,9V,9V,9A/9V,9V,9V,9V
ERR1440255,UK_benchmark,12F,12,12F,12F,12F,12F,12F,12F,12F
ERR1439668,UK_benchmark,19A,19,19A,19A,19AF,19A,19A,19A,19A
ERR1439961,UK_benchmark,1,1,1,1,Failed,1,1,1,1
ERR1439274,UK_benchmark,35B,35,35B,35B,Failed,35B/35D,35B,35B,35B
ERR1438833,UK_benchmark,19A,19,19A,19A,19A,19A,19A,19A,19A
ERR1439133,UK_benchmark,19A,19,19A,19A,19A,19A,19A,19A,19A
ERR1439102,UK_benchmark,15A,15,15A,15A,15A,15A/15D,15A,15A,15A
ERR1439170,UK_benchmark,15A,15,15A,15A,15A,15A/15D,15A,15A,15A
ERR1439073,UK_benchmark,19A,19,19A,19A,19A,19A,19A,19A,19A
ERR1439150,UK_benchmark,15A,15,15A,15A,15A,15A/15D,15A,15A,15A
ERR1439777,UK_benchmark,9N,9,9N,9N,9N,9N/9L,9N,9N,9N
ERR1439378,UK_benchmark,24F,24,24F,24F,24B,24F/24B,24B,24B/24C/24F,24A/24B/24F
ERR1439913,UK_benchmark,24F,24,24F,24F,24B,24F/24B,24B,24B/24C/24F,24A/24B/24F
ERR1440413,UK_benchmark,35F,35,35F,35F,35F,35F,35F,35F,35F
ERR1440150,UK_benchmark,10A,10,10A,10A,10A,10A,10A,10A,10A
ERR1439742,UK_benchmark,19A,19,19A,19A,19A,19A,19A,19A,19A
ERR1440146,UK_benchmark,23B,23,23B,23B1,23B1,23B,23B,23B,23B1
ERR1439379,UK_benchmark,15A,15,15A,15A,15A,15A/15D,15A,15A,15A
ERR1439896,UK_benchmark,10A,10,10A,10A,10A,10A,10A,10A,10A
ERR1439144,UK_benchmark,19A,19,19A,19A,Failed,19A,19A,19A,19A
ERR1440334,UK_benchmark,31,31,31,31,31,31,31,31,31
ERR1440392,UK_benchmark,31,31,31,31,31,31,31,31,31
ERR1440272,UK_benchmark,8,8,8,8,8,8,8,8,8
ERR1440600,UK_benchmark,18C,18,18C,18C,18B,18C/18B,18C,18C,18C
ERR1439000,UK_benchmark,35B,35,35B,35D,35B,35B/35D,35D,35D,35B
ERR1438816,UK_benchmark,28A,28,28A,28A,28F,28F/28A,28A,28A,28A
ERR1439911,UK_benchmark,10A,10,10A,10A,10A,10A,10A,10A,10A
ERR1439769,UK_benchmark,19A,19,19A,19A,19AF,19A,19A,19A,19A
ERR1440480,UK_benchmark,21,21,21,21,21,21,21,21,21
ERR1438807,UK_benchmark,24F,24,24A,24B,Failed,24F/24B,24B,24B/24C/24F,24A/24B/24F
ERR1439166,UK_benchmark,19A,19,19A,19A,19AF,19A,19A,19A,19A
ERR1439243,UK_benchmark,19F,19,19F,19F,19F,19F,19F,19F,19F
ERR1438876,UK_benchmark,9N,9,9N,9N,9N,9N/9L,9N,9N,9N
ERR1439764,UK_benchmark,7C,7,7C,7C,Failed,7C,7C,7C,7C
ERR1439510,UK_benchmark,19F,19,19F,19F,19F,19F,19F,19F,19F
ERR1440093,UK_benchmark,20,20,20B,20,20,20,20,20B,20
ERR1439935,UK_benchmark,10A,10,10A,10A,10A,10A,10A,10A,10A
ERR1438797,UK_benchmark,48,48,48,48,48,48,48,48,48
ERR1440420,UK_benchmark,23A,23,23A,23A,Failed,23A,23A,23A,23A
ERR1440064,UK_benchmark,20,20,20B,20,20,20,20,20B,20
ERR1440294,UK_benchmark,9V,9,9V,9V,9V,9A/9V,9V,9V,9V
ERR1440350,UK_benchmark,21,21,21,21,21,21,21,21,21
ERR1439981,UK_benchmark,12F,12,12F,12F,Failed,12F,12F,12F,12F
ERR1439734,UK_benchmark,19A,19,19A,19A,19AF,19A,19A,19A,19A
ERR1440574,UK_benchmark,12F,12,12F,12F,12F,12F,12F,12F,12F
ERR1439220,UK_benchmark,15A,15,15A,15A,15A,15A/15D,15A,15A,15A
ERR1439541,UK_benchmark,4,4,4,4,4,4,4,4,4
ERR1440511,UK_benchmark,17F,17,17F,17F,17F,17F,17F,17F,17F
ERR1438810,UK_benchmark,31,31,31,31,Failed,31,31,31,31
ERR1440537,UK_benchmark,33F,33,33F,33F,33F,33F/33A,33F,33F,33F
ERR1439660,UK_benchmark,19A,19,19A,19A,19A,19A,19A,19A,19A
ERR1440095,UK_benchmark,7B,7,24F,7B,40,7B/40,7B,7B,7B
ERR1440067,UK_benchmark,8,8,8,8,8,8,8,8,8
ERR1439523,UK_benchmark,15A,15,15A,15A,15A,15A/15D,15A,15A,15A
ERR1439990,UK_benchmark,3,3,3,3,Failed,3,3,3,3
ERR1439797,UK_benchmark,6B,6,6B,6B,6A,6A/6B,6B,6B,6B
ERR1439633,UK_benchmark,19A,19,19A,19A,19AF,19A,19A,19A,19A
ERR1440144,UK_benchmark,3,3,3,3,3,3,3,3,3
ERR1439789,UK_benchmark,6B,6,6B,6E,6E,Serogroup_6_(6E),6B,6B,6E(6B)
ERR1440132,UK_benchmark,22F,22,22F,22F,22F,22F,22F,22F,22F
ERR1439169,UK_benchmark,24F,24,24F,24F,24B,24F/24B,24B,24B/24C/24F,24A/24B/24F
ERR1440207,UK_benchmark,17F,17,17F,17F,17F,17F,17F,17F,17F
ERR1439551,UK_benchmark,15A,15,15A,15A,Failed,15A/15D,15A,15A,15A
ERR1439424,UK_benchmark,9N,9,9N,9N,9N,9N/9L,9N,9N,9N
ERR1440169,UK_benchmark,15A,15,15A,15A,Failed,15A/15D,15A,15A,15A
ERR1439743,UK_benchmark,1,1,1,1,1,1,1,1,1
ERR1439820,UK_benchmark,17F,17,17F,17F,17F,17F,17F,17F,17F
ERR1440589,UK_benchmark,6D,6,6C,6C,6D,6A_6B_6C_6D,6D,6D,6D
ERR1439325,UK_benchmark,15A,15,15A,15A,15A,15A/15D,15A,15A,15A
ERR1440500,UK_benchmark,35B,35,35B,35B,35B,35B/35D,35B,35B,35B
ERR1440102,UK_benchmark,9N,9,9N,9N,9N,9N/9L,9N,9N,9N
ERR1439587,UK_benchmark,14,14,14,14,14,14,14,14,14
ERR1438938,UK_benchmark,7F,7,7F,7F,7A,7F/7A,7F,7F,7F
ERR1439975,UK_benchmark,8,8,8,8,Failed,8,8,8,8
ERR1438933,UK_benchmark,19A,19,19A,19A,19AF,19A,19A,19A,19A
ERR1440399,UK_benchmark,11A,11,11A,11A,11A,11A/11D,11A,11A,11A
ERR1438853,UK_benchmark,35F,35,35F,35F,35F,35F,35F,35F,35F
ERR1440008,UK_benchmark,15A,15,15A,15A,15A,15A/15D,15A,15A,15A
ERR1439416,UK_benchmark,13,13,13,13,Failed,13,13,13,13
ERR1439456,UK_benchmark,12F,12,12F,12F,12F,12F,12F,12F,12F
ERR1440373,UK_benchmark,10A,10,10A,10A,10A,10A,10A,10A,10A
ERR1440194,UK_benchmark,4,4,4,4,4,4,4,4,4
ERR1438857,UK_benchmark,9V,9,9V,9V,9V,9A/9V,9V,9V,9V
ERR1439550,UK_benchmark,12F,12,12F,12F,12F,12F,12F,12F,12F
ERR1439036,UK_benchmark,19F,19,19F,19F,19F,19F,19F,19F,19F
ERR1439602,UK_benchmark,37,37,37,37,33F,37,37,37,37
ERR1439300,UK_benchmark,14,14,14,14,14,14,14,14,14
ERR1438949,UK_benchmark,19A,19,19A,19A,19A,19A,19A,19A,19A
ERR1438886,UK_benchmark,19A,19,19A,19A,19AF,19A,19A,19A,19A
ERR1440292,UK_benchmark,33F,33,33F,33F,33F,33F/33A,33F,33F,33A/33F
ERR1439477,UK_benchmark,22F,22,22F,22F,22F,22F,22F,22F,22F
ERR1440456,UK_benchmark,10A,10,10A,10A,10A,10A,10A,10A,10A
ERR1440510,UK_benchmark,33F,33,33F,33F,33F,33F/33A,33F,33F,33F
ERR1439053,UK_benchmark,15A,15,15A,15A,15A,15A/15D,15A,15A,15A
ERR1439881,UK_benchmark,20,20,20A,20,20,20,20,20B,20
ERR1439861,UK_benchmark,6B,6,6B,6E,6E,Serogroup_6_(6E),6B,6B,6E(6B)
ERR1440590,UK_benchmark,20,20,20B,20,20,20,20,20B,20
ERR1439240,UK_benchmark,15A,15,15A,15A,15A,15A/15D,15A,15A,15A
ERR1439212,UK_benchmark,18C,18,18C,18C,18B,18C/18B,18C,18C,18C
ERR1440022,UK_benchmark,8,8,8,8,8,8,8,8,8
ERR1440472,UK_benchmark,11A,11,11A,11A,11D,11A/11D,11A,11A,11A
ERR1439723,UK_benchmark,19A,19,19A,19A,19AF,19A,19A,19A,19A
ERR1439346,UK_benchmark,35B,35,35B,35B,35B,35B/35D,35B,35B,35B
ERR1439173,UK_benchmark,6A,6,6A,6A,6A,6A/6B,6A,6A,6A
ERR1440504,UK_benchmark,35F,35,35F,35F,35F,35F,35F,35F,35F
ERR1439159,UK_benchmark,9V,9,9V,9V,9V,9A/9V,9V,9V,9V
ERR1439468,UK_benchmark,15A,15,15A,15A,Failed,15A/15D,15A,15A,15A
ERR1440202,UK_benchmark,20,20,20B,20,20,20,20,20B,20
ERR1440347,UK_benchmark,19F,19,19F,19F,19F,19F,19F,19F,19F
ERR1439761,UK_benchmark,18C,18,18C,18C,18B,18C/18B,18C,18C,18C
ERR1439153,UK_benchmark,19A,19,19A,19A,19AF,19A,19A,19A,19A
ERR1438894,UK_benchmark,33F,33,33F,33F,33F,33F/33A,33F,33F,33F
ERR1440268,UK_benchmark,6A,6,6A,6A,6A,6A/6B,6A,6A,6A
ERR1439405,UK_benchmark,33F,33,33F,33F,33F,33F/33A,33F,33F,33F
ERR1439231,UK_benchmark,15B,15,15B,15C,Failed,15B/15C,15C,15C,15B/15C
ERR1438843,UK_benchmark,3,3,3,3,3,3,3,3,3
ERR1438891,UK_benchmark,9N,9,9N,9N,9N,9N/9L,9N,9N,9N
ERR1439703,UK_benchmark,19A,19,19A,19A,19AF,19A,19A,19A,19A
ERR1439264,UK_benchmark,15A,15,15A,15A,15A,15A/15D,15A,15A,15A
ERR1440152,UK_benchmark,19F,19,19F,19F,19F,19F,19F,19F,19F
ERR1440138,UK_benchmark,11A,11,11A,11A,Failed,11A/11D,11A,11A,11A
ERR1438974,UK_benchmark,19A,19,19A,19A,19AF,19A,19A,19A,19A
ERR1439819,UK_benchmark,17F,17,17F,17F,17F,17F,17F,17F,17F
ERR1438890,UK_benchmark,12F,12,12F,12F,12F,12F,12F,12F,12F
ERR1440649,UK_benchmark,4,4,4,4,4,4,4,4,4
ERR1438923,UK_benchmark,15C,15,5,15C,15B,15B/15C,15B|15C,15C,15B/15C
ERR1440402,UK_benchmark,10A,10,10A,10A,10A,10A,10A,10A,10A
ERR1440212,UK_benchmark,19A,19,19A,19A,19A,19A,19A,19A,19A
ERR1439809,UK_benchmark,23B,23,23B,23B1,23B1,23B,23B,23B,23B1
ERR1439008,UK_benchmark,19A,19,19A,19A,19A,19A,19A,19A,19A
ERR1439422,UK_benchmark,4,4,4,4,4,4,4,4,4
ERR1439916,UK_benchmark,12F,12,12F,12F,12F,12F,12F,12F,12F
ERR1439760,UK_benchmark,1,1,1,1,1,1,1,1,1
ERR1439126,UK_benchmark,19A,19,19A,19A,19AF,19A,19A,19A,19A
ERR1440297,UK_benchmark,33F,33,33F,33F,33F,33F/33A,33F,33F,33F
ERR1440366,UK_benchmark,13,13,13,13,13,13,13,13,13
ERR1438866,UK_benchmark,39,39,39,39,39,39,39,39,39
ERR1439303,UK_benchmark,15A,15,15A,15A,15A,15A/15D,15A,15A,15A
ERR1440604,UK_benchmark,5,5,5,5,5,"Below 70% hit - Poor Sequence quality, variant or non-typeable organism.",5,5,5
ERR1439502,UK_benchmark,3,3,3,3,3,3,3,3,3
ERR1438897,UK_benchmark,15A,15,15A,15A,15A,15A/15D,15A,15A,15A
ERR1439690,UK_benchmark,14,14,14,14,14,14,14,14,14
ERR1440055,UK_benchmark,11A,11,11A,11A,Failed,11A/11D,11A,11E,11A
ERR1440029,UK_benchmark,17F,17,17F,17F,17F,17F,17F,17F,17F
ERR1439768,UK_benchmark,6A,6,6A,6A,6A,6A/6B,6A,6A,6A
ERR1439569,UK_benchmark,12F,12,12F,12F,12F,12F,12F,12F,12F
ERR1439107,UK_benchmark,34,34,34,34,34,34,34,34,34
ERR1439914,UK_benchmark,3,3,3,3,3,3,3,3,3
ERR1439567,UK_benchmark,4,4,4,4,Failed,4,4,4,4
ERR1439659,UK_benchmark,18C,18,18C,18C,18B,18C/18B,18C,18C,18C
ERR1440226,UK_benchmark,7F,7,7F,7F,7A,7F/7A,7F,7F,7F
ERR1439489,UK_benchmark,20,20,20B,20,20,20,20,20B,20
ERR1439338,UK_benchmark,15A,15,15A,15A,15A,15A/15D,15A,15A,15A
ERR1440575,UK_benchmark,24F,24,24F,24F,24B,24F/24B,24B,24B/24C/24F,24A/24B/24F
ERR1439092,UK_benchmark,7F,7,7F,7F,7A,7F/7A,7F,7F,7F
ERR1439735,UK_benchmark,19A,19,19A,19A,19A,19A,19A,19A,19A
ERR1440195,UK_benchmark,6B,6,6B,6B,Failed,6A/6B,6B,6B,6B
ERR1440564,UK_benchmark,11A,11,11A,11A,11D,11A/11D,11A,11A,11A
ERR1439851,UK_benchmark,23F,23,23F,23F,23F,23F,23F,23F,23F
ERR1440182,UK_benchmark,16F,16,16F,16F,16F,16F,16F,16F,16F
ERR1439656,UK_benchmark,19A,19,19A,19A,19AF,19A,19A,19A,19A
ERR1440066,UK_benchmark,33F,33,33F,33F,Failed,33F/33A,33F,33F,33F
ERR1439826,UK_benchmark,1,1,1,1,1,1,1,1,1
ERR1439028,UK_benchmark,35B,35,35B,35B,35B,35B/35D,35B,35B,35B
ERR1439995,UK_benchmark,19A,19,19A,19A,19A,19A,19A,19A,19A
ERR1439419,UK_benchmark,19F,19,19F,19F,19F,19F,19F,19F,19F
ERR1440089,UK_benchmark,8,8,8,8,8,8,8,8,8
ERR1439802,UK_benchmark,1,1,1,1,1,1,1,1,1
ERR1438798,UK_benchmark,48,48,48,48,48,48,48,48,48
ERR1440623,UK_benchmark,18C,18,18C,18B,18B,18C/18B,18B,18B,18C
ERR1438976,UK_benchmark,18B,18,18C,18B,18B,18C/18B,18B,18B,18C
ERR1440163,UK_benchmark,23B,23,23B,23B1,23B1,23B,23B,23B,23B1
ERR1440380,UK_benchmark,35F,35,35F,35F,35F,35F,35F,35F,35F
ERR1440069,UK_benchmark,23B,23,23B,23B,23B,23B,23B,23B,23B
ERR1439145,UK_benchmark,19A,19,19A,19A,19AF,19A,19A,19A,19A
ERR1439050,UK_benchmark,19A,19,19A,19A,19A,19A,19A,19A,19A
ERR1439993,UK_benchmark,15A,15,15A,15A,Failed,15A/15D,15A,15A,15A
ERR1439072,UK_benchmark,19A,19,19A,19A,19A,19A,19A,19A,19A
ERR1439386,UK_benchmark,6B,6,6B,6E,6E,Serogroup_6_(6E),6B,6B,6E(6B)
ERR1440553,UK_benchmark,12F,12,12F,12F,12F,12F,12F,12F,12F
ERR1440388,UK_benchmark,10A,10,10A,10A,10A,10A,10A,10A,10A
ERR1440411,UK_benchmark,23A,23,23A,23A,Failed,23A,23A,23A,23A
ERR1439609,UK_benchmark,12F,12,12F,12F,12F,12F,12F,12F,12F
ERR1440325,UK_benchmark,17F,17,17F,17F,17F,17F,17F,17F,17F
ERR1439048,UK_benchmark,15A,15,15A,15A,15A,15A/15D,15A,15A,15A
ERR1439418,UK_benchmark,15B,15,15B,15B,15C,15B/15C,15B,15B,15B/15C
ERR1440341,UK_benchmark,6B,6,6B,6E,6E,Serogroup_6_(6E),6B,6B,6E(6B)
ERR1440405,UK_benchmark,35F,35,35F,35F,35F,35F,35F,35F,35F
ERR1440407,UK_benchmark,20,20,20B,20,20,20,20,20B,20
ERR1438869,UK_benchmark,7F,7,7F,7F,7F,7F/7A,7F,7F,7F
ERR1440395,UK_benchmark,10A,10,10A,10A,10A,10A,10A,10A,10A
ERR1439086,UK_benchmark,15A,15,15A,15A,15A,15A/15D,15A,15A,15A
ERR1440290,UK_benchmark,8,8,8,8,8,8,8,8,8
ERR1440085,UK_benchmark,9N,9,9N,9N,Failed,9N/9L,9N,9N,9N
ERR1440225,UK_benchmark,17F,17,17F,17F,17F,17F,17F,17F,17F
ERR1439202,UK_benchmark,13,13,13,13,13,13,13,13,13
ERR1439342,UK_benchmark,15B,15,15B,15C,15C,15B/15C,15C,15C,15B/15C
ERR1440309,UK_benchmark,9V,9,9V,9V,9V,9A/9V,9V,9V,9A
ERR1439640,UK_benchmark,18C,18,18C,18C,18B,18C/18B,18C,18C,18C
ERR1440404,UK_benchmark,35F,35,35F,35F,35F,35F,35F,35F,35F
ERR1439655,UK_benchmark,19A,19,19A,19A,19AF,19A,19A,19A,19A
ERR1439956,UK_benchmark,15A,15,15A,15A,Failed,15A/15D,15A,15A,15A
ERR1439313,UK_benchmark,19F,19,19F,19F,19F,19F,19F,19F,19F
ERR1439982,UK_benchmark,23A,23,23A,23A,23A,23A,23A,23A,23A
ERR1439720,UK_benchmark,19A,19,19A,19A,19AF,19A,19A,19A,19A
ERR1440122,UK_benchmark,3,3,3,3,3,3,3,3,3
ERR1440660,UK_benchmark,6A,6,6A,6A,6B,6A/6B,6A,6A,6A
ERR1439718,UK_benchmark,6B,6,6B,6E,6E,Serogroup_6_(6E),6B,6B,6E(6B)
ERR1440315,UK_benchmark,27,27,27,27,27,27,27,27,27
ERR1440429,UK_benchmark,10A,10,10A,10A,10A,10A,10A,10A,10A
ERR1438823,UK_benchmark,19A,19,19A,19A,19AF,19A,19A,19A,19A
ERR1439665,UK_benchmark,14,14,14,14,14,14,14,14,14
ERR1440672,UK_benchmark,23B,23,23B,23B,23B,23B,23B,23B,23B
ERR1439946,UK_benchmark,6C,6,6C,6C,6D,6C/6D,6C,6C,6C
ERR1439270,UK_benchmark,15B,15,45,NT,15C,15B/15C,15B,15B,15B/15C
ERR1439798,UK_benchmark,18C,18,18C,18C,18B,18C/18B,18C,18C,18C
ERR1440283,UK_benchmark,34,34,34,34,34,34,34,34,34
ERR1439122,UK_benchmark,19A,19,19A,19A,19A,19A,19A,19A,19A
ERR1439273,UK_benchmark,15B,15,15B,15B,Failed,15B/15C,15B,15B,15B/15C
ERR1439204,UK_benchmark,19A,19,19A,19A,19A,19A,19A,19A,19A
ERR1439795,UK_benchmark,1,1,1,1,1,1,1,1,1
ERR1438799,UK_benchmark,36,36,36,NT,Failed,36A,36,36A,36
ERR1440153,UK_benchmark,33F,33,33F,33F,33F,33F/33A,33F,33F,33A/33F
ERR1439989,UK_benchmark,24F,24,24A,24F,Failed,24F/24B,24B,24B/24C/24F,24A/24B/24F
ERR1439160,UK_benchmark,39,39,39,39,39,39,39,39,39
ERR1439454,UK_benchmark,6A,6,6A,6A,6A,6A/6B,6A,6A,6A
ERR1439279,UK_benchmark,15B,15,15B,15B,15C,15B/15C,15C,15B,15B/15C
ERR1439838,UK_benchmark,4,4,4,4,4,4,4,4,4
ERR1440205,UK_benchmark,6B,6,6B,6B,6A,6A/6B,6B,6B,6B
ERR1438883,UK_benchmark,19A,19,19A,19A,19A,19A,19A,19A,19A
ERR1438926,UK_benchmark,19A,19,19A,19A,19A,19A,19A,19A,19A
ERR1439716,UK_benchmark,18C,18,18C,18C,18B,18C/18B,18C,18C,18C
ERR1440602,UK_benchmark,6A,6,6C,6A,6A,6A/6B,6A,6A,6A
ERR1440005,UK_benchmark,15A,15,15A,15A,Failed,15A/15D,15A,15A,15A
ERR1438830,UK_benchmark,19A,19,19A,19A,19AF,19A,19A,19A,19A
ERR1438828,UK_benchmark,19A,19,19A,19A,19A,19A,19A,19A,19A
ERR1439431,UK_benchmark,15A,15,15A,15A,15A,15A/15D,15A,15A,15A
ERR1440023,UK_benchmark,3,3,3,3,3,3,3,3,3
ERR1439991,UK_benchmark,16F,16,16F,16F,Failed,16F,16F,16F,16F
ERR1440532,UK_benchmark,24F,24,24F,24F,24B,24F/24B,24B,24B/24C/24F,24A/24B/24F
ERR1439740,UK_benchmark,34,34,34,34,34,34,34,34,34
ERR1438908,UK_benchmark,1,1,1,1,1,1,1,1,1
ERR1439349,UK_benchmark,19A,19,19A,19A,19AF,19A,19A,19A,19A
ERR1440139,UK_benchmark,8,8,8,8,8,8,8,8,8
ERR1439206,UK_benchmark,19A,19,19A,19A,19AF,19A,19A,19A,19A
ERR1440375,UK_benchmark,10A,10,10A,10A,10A,10A,10A,10A,10A
ERR1439566,UK_benchmark,37,37,37,37,33F,37,37,37,37
ERR1440639,UK_benchmark,27,27,27,27,27,27,27,27,27
ERR1439275,UK_benchmark,10A,10,10A,10A,10A,10A,10A,10A,10A
ERR1439827,UK_benchmark,6A,6,6B,6E,6E,Serogroup_6_(6E),6A,6A,6E(6A)
ERR1439731,UK_benchmark,19A,19,19A,19A,19AF,19A,19A,19A,19A
ERR1440016,UK_benchmark,8,8,8,8,Failed,8,8,8,8
ERR1439385,UK_benchmark,13,13,13,13,13,13,13,13,13
ERR1439834,UK_benchmark,23B,23,23B,23B1,23B1,23B,23B,23B,23B1
ERR1439871,UK_benchmark,1,1,1,1,1,1,1,1,1
ERR1439854,UK_benchmark,17F,17,17F,17F,17F,17F,17F,17F,17F
ERR1440028,UK_benchmark,15A,15,15A,15A,15A,15A/15D,15A,15A,15A
ERR1438912,UK_benchmark,11A,11,11A,11A,11A,11A/11D,11A,11A,11A
ERR1440568,UK_benchmark,9N,9,9N,9N,9N,9N/9L,9N,9N,9N
ERR1439272,UK_benchmark,15A,15,15A,15A,15A,15A/15D,15A,15A,15A
ERR1439168,UK_benchmark,18A,18,18A,18A,18A,18A,18A,18A,18A
ERR1438875,UK_benchmark,22F,22,22F,22F,22F,22F,22F,22F,22F
ERR1438975,UK_benchmark,19A,19,19A,19A,19AF,19A,19A,19A,19A
ERR1438852,UK_benchmark,19A,19,19A,19A,19AF,19A,19A,19A,19A
ERR1440646,UK_benchmark,18C,18,18C,18C,18B,18C/18B,18C,18C,18B
ERR1439315,UK_benchmark,35B,35,35B,35B,35B,35B/35D,35B,35B,35B
ERR1439207,UK_benchmark,15A,15,15A,15A,15A,15A/15D,15A,15A,15A
ERR1439445,UK_benchmark,15B,15,15B,15C,15C,15B/15C,15C,15C,15B/15C
ERR1439912,UK_benchmark,8,8,8,8,8,8,8,8,8
ERR1439752,UK_benchmark,1,1,1,1,1,1,1,1,1
ERR1439667,UK_benchmark,19A,19,19A,19A,19A,19A,19A,19A,19A
ERR1440580,UK_benchmark,1,1,1,1,1,1,1,1,1
ERR1440245,UK_benchmark,18C,18,18C,18C,18B,18C/18B,18C,18C,18C
ERR1439147,UK_benchmark,15A,15,15A,15A,15A,15A/15D,15A,15A,15A
ERR1439357,UK_benchmark,19A,19,19A,19A,19AF,19A,19A,19A,19A
ERR1439317,UK_benchmark,15B,15,15B,15C,15C,15B/15C,15B|15C,15C,15B/15C
ERR1440506,UK_benchmark,35F,35,35F,35F,35F,35F,35F,35F,35F
ERR1439560,UK_benchmark,15A,15,15A,15A,15A,15A/15D,15A,15A,15A
ERR1440228,UK_benchmark,7F,7,7F,7F,7A,7F/7A,7F,7F,7F
ERR1439304,UK_benchmark,15A,15,15A,15A,15A,15A/15D,15A,15A,15A
ERR1440176,UK_benchmark,22F,22,22F,22F,22F,22F,22F,22F,22F
ERR1439844,UK_benchmark,19A,19,19A,19A,19A,19A,19A,19A,19A
ERR1440579,UK_benchmark,33F,33,33F,33F,33F,33F/33A,33F,33F,33F
ERR1439553,UK_benchmark,14,14,14,14,14,14,14,14,14
ERR1439161,UK_benchmark,19A,19,19A,19A,19AF,19A,19A,19A,19A
ERR1440450,UK_benchmark,31,31,31,31,31,31,31,31,31
ERR1439775,UK_benchmark,19A,19,19A,19A,19A,19A,19A,19A,19A
ERR1440546,UK_benchmark,35B,35,35B,35B,35B,35B/35D,35B,35B,35B
ERR1438834,UK_benchmark,19A,19,19A,19A,19A,19A,19A,19A,19A
ERR1440092,UK_benchmark,15A,15,15A,15A,15A,15A/15D,15A,15A,15A
ERR1438884,UK_benchmark,19A,19,19A,19A,19A,19A,19A,19A,19A
ERR1440363,UK_benchmark,18C,18,18C,18C,18B,18C/18B,18C,18C,18C
ERR1439399,UK_benchmark,15A,15,15A,15A,Failed,15A/15D,15A,15A,15A
ERR1438930,UK_benchmark,33F,33,33F,33F,33F,33F/33A,33F,33F,33A/33F
ERR1439205,UK_benchmark,13,13,13,13,13,13,13,13,13
ERR1439684,UK_benchmark,14,14,14,14,14,14,14,14,14
ERR1439849,UK_benchmark,17F,17,17F,17F,17F,17F,17F,17F,17F
ERR1440158,UK_benchmark,19A,19,19A,19A,19AF,19A,19A,19A,19A
ERR1440306,UK_benchmark,6B,6,6B,6E,6E,Serogroup_6_(6E),6B,6B,6E(6B)
ERR1438939,UK_benchmark,7F,7,7F,7F,7A,7F/7A,7F,7F,7F
ERR1439269,UK_benchmark,15A,15,15A,15A,Failed,15A/15D,15A,15A,15A
ERR1439958,UK_benchmark,23B,23,23B,23B,23B,23B,23B,23B,23B1
ERR1438851,UK_benchmark,9N,9,9N,9N,9N,9N/9L,9N,9N,9N
ERR1440496,UK_benchmark,38,38,38,38,38,38,38,38,38
ERR1439434,UK_benchmark,19F,19,19F,19F,19F,19F,19F,19F,19F
ERR1439247,UK_benchmark,23B,23,23B,23B,23B,23B,23B,23B,23B
ERR1439627,UK_benchmark,6A,6,6A,6A,6A,6A/6B,6A,6A,6A
ERR1439239,UK_benchmark,19A,19,19A,19A,19A,19A,19A,19A,19A
ERR1439700,UK_benchmark,37,37,37,37,Failed,37,37,37,37
ERR1438874,UK_benchmark,33F,33,33F,33F,33F,33F/33A,33F,33A/33E/33F,33F
ERR1440142,UK_benchmark,8,8,8,8,8,8,8,8,8
ERR1439192,UK_benchmark,19A,19,19A,19A,19AF,19A,19A,19A,19A
ERR1439155,UK_benchmark,15A,15,15A,15A,15A,15A/15D,15A,15A,15A
ERR1439374,UK_benchmark,15B,15,15B,15B,15B,15B/15C,15B,15B,15B/15C
ERR1439417,UK_benchmark,15B,15,15B,15B,15C,15B/15C,15C,15B,15B/15C
ERR1438868,UK_benchmark,6A,6,10A,6A,6A,6A/6B,6A,6A,6A
ERR1440665,UK_benchmark,18C,18,18C,18C,18A,18C/18B,18C,18C,18C
ERR1440505,UK_benchmark,7F,7,7F,7F,7A,7F/7A,7F,7F,7F
ERR1439934,UK_benchmark,3,3,3,3,Failed,3,3,3,3
ERR1439570,UK_benchmark,12B,12,12F,12F,12F,12F,12F,12F,12F
ERR1439064,UK_benchmark,19A,19,19A,19A,19A,19A,19A,19A,19A
ERR1439017,UK_benchmark,19F,19,19F,19F,19F,19F,19F,19F,19F
ERR1439807,UK_benchmark,23A,23,23A,23A,23A,23A,23A,23A,23A
ERR1439973,UK_benchmark,23A,23,23A,23A,23A,23A,23A,23A,23A
ERR1439678,UK_benchmark,19A,19,19A,19A,19AF,19A,19A,19A,19A
ERR1438924,UK_benchmark,19A,19,19A,19A,19A,19A,19A,19A,19A
ERR1440040,UK_benchmark,3,3,3,3,3,3,3,3,3
ERR1440189,UK_benchmark,31,31,31,31,Failed,31,31,31,31
ERR1440058,UK_benchmark,19F,19,19F,19F,19F,19F,19F,19F,19F
ERR1439882,UK_benchmark,34,34,22F,34,34,34,34,34,34
ERR1439976,UK_benchmark,19A,19,19A,19A,Failed,19A,19A,19A,19A
ERR1439485,UK_benchmark,8,8,8,8,8,8,8,8,8
ERR1438957,UK_benchmark,19A,19,19A,19A,19A,19A,19A,19A,19A
ERR1439433,UK_benchmark,34,34,34,34,34,34,34,34,34
ERR1438993,UK_benchmark,22F,22,22F,22F,22F,22F,22F,22F,22F
ERR1439278,UK_benchmark,35B,35,35B,35B,35B,35B/35D,35B,35B,35B
ERR1440147,UK_benchmark,15A,15,15A,15A,Failed,15A/15D,15A,15A,15A
ERR1439646,UK_benchmark,19A,19,19A,19A,19AF,19A,19A,19A,19A
ERR1439705,UK_benchmark,4,4,4,4,Failed,4,4,4,4
ERR1440128,UK_benchmark,22F,22,22F,22F,22F,22F,22F,22F,22F
ERR1440667,UK_benchmark,37,37,37,37,37,37,37,37,37
ERR1438898,UK_benchmark,7F,7,7F,7F,7A,7F/7A,7F,7F,7F
ERR1439494,UK_benchmark,6C,6,6A,6C,Failed,6C/6D,6C,6C,6C
ERR1439870,UK_benchmark,23F,23,23F,23F,23F,23F,23F,23F,23F
ERR1440229,UK_benchmark,1,1,1,1,1,1,1,1,1
ERR1440277,UK_benchmark,10A,10,10A,10A,10A,10A,10A,10A,10A
ERR1439590,UK_benchmark,6A,6,6A,6A,6A,6A/6B,6A,6A,6A
ERR1440034,UK_benchmark,9V,9,9V,9V,9V,9A/9V,9V,9V,9V
ERR1439041,UK_benchmark,15A,15,15A,15A,15A,15A/15D,15A,15A,15A
ERR1438962,UK_benchmark,19A,19,19A,19A,19A,19A,19A,19A,19A
ERR1439753,UK_benchmark,19A,19,19A,19A,19AF,19A,19A,19A,19A
ERR1439977,UK_benchmark,9V,9,9V,9V,Failed,9A/9V,9V,9V,9V
ERR1438809,UK_benchmark,38,38,38,38,38,25F_25A_38,38,38,38
ERR1438849,UK_benchmark,11A,11,11A,11A,Failed,11A/11D,11A,11A,11A
ERR1440447,UK_benchmark,19F,19,19F,19F,19F,19F,19F,19F,19F
ERR1439223,UK_benchmark,15A,15,15A,15A,15A,15A/15D,15A,15A,15A
ERR1439104,UK_benchmark,15A,15,15A,15A,15A,15A/15D,15A,15A,15A
ERR1439505,UK_benchmark,24F,24,24F,24F,24B,24F/24B,24B,24B/24C/24F,24A/24B/24F
ERR1440280,UK_benchmark,20,20,20A,20,20,20,20,20B,20
ERR1439511,UK_benchmark,3,3,3,3,3,3,3,3,3
ERR1439540,UK_benchmark,35F,35,35F,35F,35F,35F,35F,35F,35F
ERR1438943,UK_benchmark,19A,19,19A,19A,19AF,19A,19A,19A,19A
ERR1440111,UK_benchmark,3,3,3,3,3,3,3,3,3
ERR1438805,UK_benchmark,24F,24,24A,24F,Failed,24F/24B,24B,24A,24A/24B/24F
ERR1439016,UK_benchmark,19A,19,19A,19A,19AF,19A,19A,19A,19A
ERR1440535,UK_benchmark,4,4,4,4,4,4,4,4,4
ERR1438802,UK_benchmark,9V,9,9V,9V,9V,9A/9V,9A,9A,9V
ERR1439515,UK_benchmark,8,8,8,8,8,8,8,8,8
ERR1439437,UK_benchmark,9V,9,9V,9V,9V,9A/9V,9V,9V,9V
ERR1439410,UK_benchmark,11A,11,11A,11A,11D,11A/11D,11A,11A,11A
ERR1439967,UK_benchmark,23B,23,23B,23B1,Failed,23B,23B,23B,23B1
ERR1439985,UK_benchmark,7F,7,7F,7F,Failed,7F/7A,7F,7F,7F
ERR1439328,UK_benchmark,23F,23,23F,23F,23F,23F,23F,23F,23F
ERR1439962,UK_benchmark,3,3,3,3,Failed,3,3,3,3
ERR1438818,UK_benchmark,28A,28,28A,28A,28A,28F/28A,28A,28A,28A
ERR1439423,UK_benchmark,15A,15,15A,15A,15A,15A/15D,15A,15A,15A
ERR1439717,UK_benchmark,18C,18,18C,18C,18B,18C/18B,18C,18C,18B
ERR1438806,UK_benchmark,12F,12,12F,12F,12F,12F,12F,12F,12F
ERR1440421,UK_benchmark,10A,10,10A,10A,10A,10A,10A,10A,10A
ERR1440333,UK_benchmark,29,29,29,29,29,29,29,29,29
ERR1439822,UK_benchmark,17F,17,17F,17F,17F,17F,17F,17F,17F
ERR1439932,UK_benchmark,38,38,38,38,38,38,38,38,38
ERR1440412,UK_benchmark,23A,23,23A,23A,23A,23A,23A,23A,23A
ERR1439334,UK_benchmark,12F,12,12F,12F,12F,12F,12F,12F,12F
ERR1439100,UK_benchmark,6B,6,6B,6E,6E,Serogroup_6_(6E),6B,6B,6E(6B)
ERR1440362,UK_benchmark,17F,17,17F,17F,17F,17F,17F,17F,17F
ERR1439554,UK_benchmark,9V,9,9V,9V,9V,9A/9V,9V,9V,9V
ERR1439623,UK_benchmark,14,14,14,14,14,14,14,14,14
ERR1439711,UK_benchmark,9V,9,9V,9V,9V,9A/9V,9V,9V,9V
ERR1439058,UK_benchmark,15A,15,15A,15A,15A,15A/15D,15A,15A,15A
ERR1438841,UK_benchmark,9N,9,9N,9N,9N,9N/9L,9N,9N,9N
ERR1440526,UK_benchmark,24F,24,24F,24F,24B,24F/24B,24B,24B/24C/24F,24A/24B/24F
ERR1440459,UK_benchmark,16F,16,16F,16F,16F,16F,16F,16F,16F
ERR1440627,UK_benchmark,5,5,5,5,Failed,5,5,5,5
ERR1439928,UK_benchmark,8,8,8,8,8,8,8,8,8
ERR1440515,UK_benchmark,17F,17,17F,17F,17F,17F,17F,17F,17F
ERR1439521,UK_benchmark,1,1,1,1,1,1,1,1,1
ERR1440273,UK_benchmark,8,8,8,8,8,8,8,8,8
ERR1438927,UK_benchmark,7F,7,7F,7F,7A,7F/7A,7F,7F,7F
ERR1440445,UK_benchmark,31,31,31,31,Failed,31,31,31,31
ERR1439992,UK_benchmark,11A,11,11A,11A,Failed,11A/11D,11A,11A,11A
ERR1438905,UK_benchmark,19A,19,19A,19A,19AF,19A,19A,19A,19A
ERR1440179,UK_benchmark,10A,10,10A,10A,10A,10A,10A,10A,10A
ERR1440641,UK_benchmark,6A,6,6A,6A,6A,6A/6B,6A,6A,6A
ERR1439578,UK_benchmark,37,37,37,37,37,37,37,37,37
ERR1438855,UK_benchmark,19A,19,19A,19A,19AF,19A,19A,19A,19A
ERR1440389,UK_benchmark,19F,19,19F,19F,19F,19F,19F,19F,19F
ERR1440635,UK_benchmark,15C,15,15B,15C,15C,15B/15C,15B|15C,15C,15B/15C
ERR1439435,UK_benchmark,23A,23,23A,23A,23A,23A,23A,23A,23A
ERR1438862,UK_benchmark,6A,6,6C,6A,6A,6A/6B,6A,6A,6A
ERR1440385,UK_benchmark,35F,35,35F,35F,35F,35F,35F,35F,35F
ERR1440676,UK_benchmark,18C,18,18C,18C,18B,18C/18B,18C,18C,18C
ERR1439469,UK_benchmark,15A,15,15A,15A,15A,15A/15D,15A,15A,15A
ERR1438951,UK_benchmark,19A,19,19A,19A,19AF,19A,19A,19A,19A
ERR1439148,UK_benchmark,18C,18,18C,18C,18B,18C/18B,18C,18C,18C
ERR1438836,UK_benchmark,12F,12,12F,12F,12F,12F,12F,12F,12F
ERR1439848,UK_benchmark,10B,10,10B,10B,10B,10B,10B,10B,10B
ERR1438859,UK_benchmark,9N,9,9N,9N,9N,9N/9L,9N,9N,9N
ERR1440072,UK_benchmark,12F,12,12F,12F,12F,12F,12F,12F,12F
ERR1439618,UK_benchmark,6B,6,6B,6B,Failed,6A/6B,6B,6B,6B
ERR1439885,UK_benchmark,13,13,13,13,13,13,13,13,13
ERR1439461,UK_benchmark,18A,18,18A,18A,18A,18A,18A,18A,18A
ERR1440434,UK_benchmark,11A,11,11A,11A,11A,11A/11D,11A,11A,11A
ERR1440124,UK_benchmark,7F,7,7F,7F,7A,7F/7A,7F,7F,7F
ERR1440365,UK_benchmark,20,20,20B,20,20,20,20,20B,20
ERR1439694,UK_benchmark,6A,6,6A,6A,6A,6A/6B,6A,6A,6A
ERR1439872,UK_benchmark,37,37,37,37,33F,37,37,37,37
ERR1440427,UK_benchmark,38,38,38,38,38,38,38,38,38
ERR1440308,UK_benchmark,14,14,9V,14,14,14,14,14,14
ERR1439123,UK_benchmark,15A,15,15A,15A,15A,15A/15D,15A,15A,15A
ERR1440486,UK_benchmark,11A,11,11A,11A,11A,11A/11D,11A,11A,11A
ERR1439878,UK_benchmark,5,5,5,5,Failed,5,5,5,5
ERR1439135,UK_benchmark,15A,15,15A,15A,15A,15A/15D,15A,15A,15A
ERR1440539,UK_benchmark,19F,19,19F,19F,19F,19F,19F,19F,19F
ERR1438850,UK_benchmark,19A,19,19A,19A,19A,19A,19A,19A,19A
ERR1440091,UK_benchmark,23B,23,23B,23B,23B,23B,23B,23B,23B
ERR1439200,UK_benchmark,4,4,4,4,4,4,4,4,4
ERR1440141,UK_benchmark,23A,23,23A,23A,23A,23A,23A,23A,23A
ERR1439120,UK_benchmark,15A,15,15A,15A,15A,15A/15D,15A,15A,15A
ERR1440109,UK_benchmark,17F,17,17F,17F,17F,17F,17F,17F,17F
ERR1439453,UK_benchmark,9V,9,9V,9V,9V,9A/9V,9V,9V,9V
ERR1439352,UK_benchmark,33F,33,33F,33F,33F,33F/33A,33F,33F,33F
ERR1439593,UK_benchmark,35B,35,35B,35B,35B,35B/35D,35B,35B,35B
ERR1440098,UK_benchmark,23A,23,23A,23A,23A,23A,23A,23A,23A
ERR1440599,UK_benchmark,14,14,14,14,14,14,14,14,14
ERR1438918,UK_benchmark,15A,15,15A,15A,15A,15A/15D,15A,15A,15A
ERR1439049,UK_benchmark,19A,19,19A,19A,19AF,19A,19A,19A,19A
ERR1439411,UK_benchmark,19A,19,19A,19A,19AF,19A,19A,19A,19A
ERR1440611,UK_benchmark,15C,15,15C,15C,15B,15B/15C,15B|15C,15C,15B/15C
ERR1439577,UK_benchmark,11B,11,11B,11B,11C,11B/11C,11B|11C,11B,11B
ERR1439925,UK_benchmark,15A,15,15A,15A,15A,15A/15D,15A,15A,15A
ERR1440563,UK_benchmark,7F,7,7F,7F,7F,7F/7A,7F,7F,7F
ERR1440162,UK_benchmark,8,8,8,8,8,8,8,8,8
ERR1439732,UK_benchmark,4,4,4,4,4,4,4,4,4
ERR1440401,UK_benchmark,11A,11,11A,11A,11D,11A/11D,11A,11A,11A
ERR1439821,UK_benchmark,34,34,31,34,34,34,34,34,34
ERR1439866,UK_benchmark,19A,19,19A,19A,19A,19A,19A,19A,19A
ERR1440206,UK_benchmark,20,20,20B,20,20,20,20,20B,20
ERR1438860,UK_benchmark,6D,6,6C,6C,6C,6A_6B_6C_6D,6D,6D,6D
ERR1440265,UK_benchmark,12F,12,12F,12F,12F,12F,12F,12F,12F
ERR1439024,UK_benchmark,35B,35,35B,35B,35B,35B/35D,35B,35B,35B
ERR1439548,UK_benchmark,9N,9,9N,9N,9N,9N/9L,9N,9N,9N
ERR1440061,UK_benchmark,12F,12,12F,12F,12F,12F,12F,12F,12F
ERR1440351,UK_benchmark,19F,19,19F,19F,19F,19F,19F,19F,19F
ERR1440448,UK_benchmark,33F,33,33F,33F,33F,33F/33A,33F,33F,33F
ERR1439543,UK_benchmark,8,8,8,8,8,8,8,8,8
ERR1440525,UK_benchmark,33F,33,33F,33F,33F,33F/33A,33F,33F,33A/33F
ERR1439216,UK_benchmark,19A,19,19A,19A,19AF,19A,19A,19A,19A
ERR1440019,UK_benchmark,21,21,21,21,21,21,21,21,21
ERR1440414,UK_benchmark,6B,6,6B,6B,6A,6A/6B,6B,6B,6B
ERR1439933,UK_benchmark,8,8,8,8,8,8,8,8,8
ERR1440644,UK_benchmark,23B,23,23B,23B1,23B1,23B,23B,23B,23B1
ERR1440048,UK_benchmark,12F,12,12F,12F,12F,12F,12F,12F,12F
ERR1438842,UK_benchmark,19A,19,19A,19A,19AF,19A,19A,19A,19A
ERR1440104,UK_benchmark,16F,16,16F,16F,16F,16F,16F,16F,16F
ERR1440190,UK_benchmark,15A,15,15A,15A,15A,15A/15D,15A,15A,15A
ERR1440059,UK_benchmark,7F,7,7F,7F,7A,7F/7A,7F,7F,7F
ERR1440235,UK_benchmark,27,27,27,27,27,27,27,27,27
ERR1439910,UK_benchmark,35B,35,35B,35B,35B,35B/35D,35B,35B,35B
ERR1438941,UK_benchmark,6C,6,6C,6C,6D,6C/6D,6C,6C,6C
ERR1439687,UK_benchmark,3,3,3,3,3,3,3,3,3
ERR1439771,UK_benchmark,19A,19,19A,19A,19A,19A,19A,19A,19A
ERR1440508,UK_benchmark,31,31,31,31,31,31,31,31,31
ERR1440592,UK_benchmark,9N,9,9N,9N,9N,9N/9L,9N,9N,9N
ERR1438892,UK_benchmark,3,3,3,3,3,3,3,3,3
ERR1439988,UK_benchmark,7F,7,7F,7F,Failed,7F/7A,7F,7F,7F
ERR1439034,UK_benchmark,19A,19,19A,19A,19A,19A,19A,19A,19A
ERR1439704,UK_benchmark,4,4,4,4,4,4,4,4,4
ERR1440279,UK_benchmark,33F,33,33F,33F,33F,33F/33A,33F,33F,33A
ERR1439706,UK_benchmark,9V,9,9V,9V,9V,9A/9V,9V,9V,9V
ERR1439986,UK_benchmark,19A,19,19A,19A,19A,19A,19A,19A,19A
ERR1440274,UK_benchmark,10F,10,10F,10F,10F,10F,10F,10F,10F
ERR1439225,UK_benchmark,15A,15,15A,15A,15A,15A/15D,15A,15A,15A
ERR1439070,UK_benchmark,15A,15,15A,15A,15A,15A/15D,15A,15A,15A
ERR1439818,UK_benchmark,17F,17,17F,17F,17F,17F,17F,17F,17F
ERR1439746,UK_benchmark,19A,19,19A,19A,19AF,19A,19A,19A,19A
ERR1439174,UK_benchmark,15C,15,15A,15C,15B,15B/15C,15C,15C,15B/15C
ERR1440243,UK_benchmark,9N,9,9N,9N,9N,9N/9L,9N,9N,9N
ERR1439427,UK_benchmark,16F,16,16F,16F,16F,16F,16F,16F,16F
ERR1439088,UK_benchmark,19A,19,19A,19A,19A,19A,19A,19A,19A
ERR1439509,UK_benchmark,6C,6,6C,6C,6D,6A_6B_6C_6D,6C,6C,6C
ERR1439930,UK_benchmark,16F,16,16F,16F,16F,16F,16F,16F,16F
ERR1439415,UK_benchmark,15A,15,15A,15A,15A,15A/15D,15A,15A,15A
ERR1440041,UK_benchmark,8,8,8,8,8,8,8,8,8
ERR1439113,UK_benchmark,15A,15,15A,15A,15A,15A/15D,15A,15A,15A
ERR1439032,UK_benchmark,35B,35,35B,35B,35B,35B/35D,35B,35B,35B
ERR1440490,UK_benchmark,17F,17,17F,17F,17F,17F,17F,17F,17F
ERR1440084,UK_benchmark,6C,6,6C,6C,6C,6C/6D,6C,6C,6C
ERR1440275,UK_benchmark,9L,9,9L,9L,9L,9N/9L,9L,9L,9L
ERR1439238,UK_benchmark,15A,15,15A,15A,Failed,15A/15D,15A,15A,15A
ERR1439442,UK_benchmark,15A,15,15A,15A,15A,15A/15D,15A,15A,15A
ERR1440181,UK_benchmark,8,8,8,8,Failed,8,8,8,8
ERR1438812,UK_benchmark,18B,18,18C,18B,18B,18C/18B,18B,18B,18C
ERR1439438,UK_benchmark,15B,15,15A,15C,15C,15B/15C,15C,15C,15B/15C
ERR1440236,UK_benchmark,12F,12,12F,12F,12F,12F,12F,12F,12F
ERR1440220,UK_benchmark,15A,15,15A,15A,15A,15A/15D,15A,15A,15A
ERR1440547,UK_benchmark,9N,9,9N,9N,9N,9N/9L,9N,9N,9N
ERR1440177,UK_benchmark,31,31,31,31,31,31,31,31,31
ERR1439452,UK_benchmark,35B,35,35B,35D,35B,35B/35D,35D,35D,35B
ERR1440321,UK_benchmark,20,20,20B,20,20,20,20,20B,20
ERR1440037,UK_benchmark,8,8,8,8,8,8,8,8,8
ERR1440106,UK_benchmark,19A,19,19A,19A,19AF,19A,19A,19A,19A
ERR1439387,UK_benchmark,15B,15,15B,15B,15C,15B/15C,15B,15B,15B/15C
ERR1439271,UK_benchmark,15A,15,15A,15A,15A,15A/15D,15A,15A,15A
ERR1439682,UK_benchmark,9V,9,9V,9V,9V,9A/9V,9V,9V,9A
ERR1439697,UK_benchmark,19A,19,19A,19A,19AF,19A,19A,19A,19A
ERR1440361,UK_benchmark,19F,19,19F,19F,19F,19F,19F,19F,19F
ERR1440523,UK_benchmark,33F,33,33F,33F,33F,33F/33A,33F,33F,33F
ERR1438921,UK_benchmark,19A,19,19A,19A,19A,19A,19A,19A,19A
ERR1439638,UK_benchmark,33B,33,33B,33B,33B,33D,33B,33B,33D
ERR1440680,UK_benchmark,13,13,13,13,Failed,13,13,13,13
ERR1439425,UK_benchmark,19A,19,19A,19A,19A,19A,19A,19A,19A
ERR1439052,UK_benchmark,15A,15,15A,15A,15A,15A/15D,15A,15A,15A
ERR1439082,UK_benchmark,15A,15,15A,15A,15A,15A/15D,15A,15A,15A
ERR1439069,UK_benchmark,15A,15,15A,15A,15A,15A/15D,15A,15A,15A
ERR1439654,UK_benchmark,23F,23,23F,23F,23F,23F,23F,23F,23F
ERR1439919,UK_benchmark,7F,7,7F,7F,7A,7F/7A,7F,7F,7F
ERR1439606,UK_benchmark,14,14,14,14,14,14,14,14,14
ERR1439475,UK_benchmark,12F,12,12F,12F,12F,12F,12F,12F,12F
ERR1440328,UK_benchmark,17F,17,17F,17F,17F,17F,17F,17F,17F
ERR1439140,UK_benchmark,19A,19,19A,19A,19A,19A,19A,19A,19A
ERR1439329,UK_benchmark,7C,7,7C,7C,7C,7C,7C,7C,7C
ERR1439351,UK_benchmark,15B,15,15B,15B,15C,15B/15C,15B,15B,15B/15C
ERR1439294,UK_benchmark,4,4,4,4,4,4,4,4,4
ERR1439483,UK_benchmark,19A,19,19A,19A,19A,19A,19A,19A,19A
ERR1439591,UK_benchmark,12B,12,12F,12F,Failed,12F,12F,12F,12F
ERR1439184,UK_benchmark,11A,11,11A,11A,11A,11A/11D,11A,11A,11A
ERR1439952,UK_benchmark,12F,12,12F,12F,12F,12F,12F,12F,12F
ERR1439128,UK_benchmark,19A,19,19A,19A,19A,19A,19A,19A,19A
ERR1439847,UK_benchmark,14,14,14,14,14,14,14,14,14
ERR1440550,UK_benchmark,10A,10,10A,10A,10A,10A,10A,10A,10A
ERR1438997,UK_benchmark,29,29,35B,35D,35B,35B/35D,35D,35D,35B
ERR1440372,UK_benchmark,31,31,31,31,31,31,31,31,31
ERR1438885,UK_benchmark,19A,19,19A,19A,19A,19A,19A,19A,19A
ERR1439621,UK_benchmark,6A,6,6A,6A,6B,6A/6B,6A,6A,6A
ERR1439898,UK_benchmark,16F,16,16F,16F,16F,16F,16F,16F,16F
ERR1439248,UK_benchmark,15A,15,15A,15A,15A,15A/15D,15A,15A,15A
ERR1438958,UK_benchmark,19A,19,19A,19A,19AF,19A,19A,19A,19A
ERR1440471,UK_benchmark,27,27,27,27,27,27,27,27,27
ERR1439512,UK_benchmark,1,1,1,1,1,1,1,1,1
ERR1439555,UK_benchmark,6B,6,6B,6E,6E,Serogroup_6_(6E),6B,6B,6E(6B)
ERR1438888,UK_benchmark,1,1,1,1,1,1,1,1,1
ERR1440303,UK_benchmark,9V,9,9V,9V,9V,9A/9V,9V,9V,9V
ERR1439139,UK_benchmark,15A,15,15A,15A,15A,15A/15D,15A,15A,15A
ERR1439093,UK_benchmark,15A,15,15A,15A,15A,15A/15D,15A,15A,15A
ERR1440326,UK_benchmark,17F,17,17F,17F,17F,17F,17F,17F,17F
ERR1439987,UK_benchmark,3,3,3,3,3,3,3,3,3
ERR1438910,UK_benchmark,11A,11,11A,11A,11A,11A/11D,11A,11A,11A
ERR1439800,UK_benchmark,6A,6,6A,6A,6A,6A/6B,6A,6A,6A
ERR1438829,UK_benchmark,19A,19,19A,19A,19AF,19A,19A,19A,19A
ERR1439037,UK_benchmark,17F,17,17F,17F,17F,17F,17F,17F,17F
ERR1439255,UK_benchmark,19A,19,19A,19A,19A,19A,19A,19A,19A
ERR1439403,UK_benchmark,15A,15,15A,15A,15A,15A/15D,15A,15A,15A
ERR1439348,UK_benchmark,15A,15,15A,15A,15A,15A/15D,15A,15A,15A
ERR1440112,UK_benchmark,35B,35,35B,35B,35B,35B/35D,35B,35B,35B
ERR1439664,UK_benchmark,19A,19,19A,19A,19AF,19A,19A,19A,19A
ERR1439589,UK_benchmark,4,4,4,4,4,4,4,4,4
ERR1439927,UK_benchmark,33F,33,33F,33F,33F,33F/33A,33F,33F,33A/33F
ERR1439011,UK_benchmark,15A,15,15A,15A,15A,15A/15D,15A,15A,15A
ERR1440422,UK_benchmark,10F,10,10F,10F,10F,10F,10F,10F,10F
ERR1439217,UK_benchmark,27,27,27,27,27,27,27,27,27
ERR1440247,UK_benchmark,14,14,14,14,14,14,14,14,14
ERR1439301,UK_benchmark,15A,15,15A,15A,15A,15A/15D,15A,15A,15A
ERR1439375,UK_benchmark,6C,6,6C,6C,6D,6C/6D,6C,6C,6C
ERR1440552,UK_benchmark,33F,33,33F,33F,33F,33F/33A,33F,33F,33F
ERR1440355,UK_benchmark,31,31,31,31,31,31,31,31,31
ERR1440165,UK_benchmark,23A,23,23A,23A,Failed,23A,23A,23A,23A
ERR1439098,UK_benchmark,19A,19,19A,19A,19A,19A,19A,19A,19A
ERR1440046,UK_benchmark,19F,19,19F,19F,19F,19F,19F,19F,19F
ERR1439507,UK_benchmark,24F,24,24F,24F,24B,24F/24B,24B,24B/24C/24F,24A/24B/24F
ERR1440234,UK_benchmark,20,20,20B,20,20,20,20,20B,20
ERR1440343,UK_benchmark,4,4,4,4,4,4,4,4,4
ERR1439457,UK_benchmark,23F,23,23F,23F,23F,23F,23F,23F,23F
ERR1440400,UK_benchmark,10A,10,10A,10A,10A,10A,10A,10A,10A
ERR1439060,UK_benchmark,15A,15,15A,15A,Failed,15A/15D,15A,15A,15A
ERR1439527,UK_benchmark,35F,35,35F,35F,35F,35F,35F,35F,35F
ERR1439172,UK_benchmark,15A,15,15A,15A,Failed,15A/15D,15A,15A,15A
ERR1440231,UK_benchmark,10B,10,10B,10B,10B,10B,10B,10B,10B
ERR1439693,UK_benchmark,19A,19,19A,19A,19AF,19A,19A,19A,19A
ERR1440559,UK_benchmark,33F,33,33F,33F,33F,33F/33A,33F,33F,33F
ERR1440666,UK_benchmark,13,13,13,13,13,13,13,13,13
ERR1440036,UK_benchmark,35F,35,35F,35F,35F,35F,35F,35F,35F
ERR1438861,UK_benchmark,27,27,27,27,27,27,27,27,27
ERR1439368,UK_benchmark,15A,15,15A,15A,15A,15A/15D,15A,15A,15A
ERR1439261,UK_benchmark,23F,23,23F,23F,23F,23F,23F,23F,23F
ERR1440214,UK_benchmark,34,34,34,34,34,34,34,34,34
ERR1438907,UK_benchmark,6C,6,6C,6C,6C,6C/6D,6C,6C,6C
ERR1438914,UK_benchmark,4,4,4,4,4,4,4,4,4
ERR1440262,UK_benchmark,7F,7,7F,7F,7A,7F/7A,7F,7F,7F
ERR1439688,UK_benchmark,19A,19,19A,19A,19AF,19A,19A,19A,19A
ERR1440591,UK_benchmark,23B,23,23B,23B,23B,23B,23B,23B,23B
ERR1439466,UK_benchmark,15A,15,15A,15A,Failed,15A/15D,15A,15A,15A
ERR1439604,UK_benchmark,6A,6,6A,6A,6A,6A/6B,6A,6A,6A
ERR1440203,UK_benchmark,4,4,4,4,Failed,4,4,4,4
ERR1440478,UK_benchmark,17F,17,17F,17F,17F,17F,17F,17F,17F
ERR1440585,UK_benchmark,12F,12,12F,12F,12F,12F,12F,12F,12F
ERR1439136,UK_benchmark,15A,15,15A,15A,15A,15A/15D,15A,15A,15A
ERR1439945,UK_benchmark,15A,15,15A,15A,15A,15A/15D,15A,15A,15A
ERR1438896,UK_benchmark,4,4,4,4,4,4,4,4,4
ERR1439601,UK_benchmark,10F,10,10F,10F,10F,10F,10F,10F,10F
ERR1440160,UK_benchmark,8,8,8,8,8,8,8,8,8
ERR1439327,UK_benchmark,15A,15,15A,15A,15A,15A/15D,15A,15A,15A
ERR1440522,UK_benchmark,24F,24,24F,24F,24B,24F/24B,24B,24B/24C/24F,24A/24B/24F
ERR1440121,UK_benchmark,28A,28,28A,28A,28A,28F/28A,28A,28A,28A
ERR1440577,UK_benchmark,12F,12,12F,12F,12F,12F,12F,12F,12F
ERR1438978,UK_benchmark,36,36,36,NT,36,36A,36,36A,36
ERR1440498,UK_benchmark,23F,23,22F,23F,23F,23F,23F,23F,23F
ERR1439579,UK_benchmark,31,31,31,31,31,31,31,31,31
ERR1440126,UK_benchmark,12F,12,12F,12F,12F,12F,12F,12F,12F
ERR1440425,UK_benchmark,6A,6,6B,6E,6E,Serogroup_6_(6E),6A,6A,6E(6A)/06E(6B)
ERR1439407,UK_benchmark,15B,15,15B,15C,15C,15B/15C,15B|15C,15C,15B/15C
ERR1439412,UK_benchmark,15A,15,15A,15A,Failed,15A/15D,15A,15A,15A
ERR1439075,UK_benchmark,22A,22,12F,22A,22A,22A,22A,22A,22A
ERR1439873,UK_benchmark,22F,22,22F,22F,22F,22F,22F,22F,22F
ERR1440251,UK_benchmark,1,1,1,1,1,1,1,1,1
ERR1440430,UK_benchmark,17F,17,17F,17F,Failed,17F,17F,17F,17F
ERR1439692,UK_benchmark,6A,6,6A,6A,6A,6A/6B,6A,6A,6A
ERR1439188,UK_benchmark,10A,10,10B,10B,10B,10B,10B,10B,10B
ERR1440285,UK_benchmark,22F,22,22F,22F,22F,22F,22F,22F,22F
ERR1439054,UK_benchmark,15A,15,15A,15A,15A,15A/15D,15A,15A,15A
ERR1440517,UK_benchmark,11A,11,11A,11A,11A,11A/11D,11A,11A,11A
ERR1439951,UK_benchmark,11A,11,11A,11A,Failed,11A/11D,11A,11A,11A
ERR1439637,UK_benchmark,19A,19,19A,19A,19AF,19A,19A,19A,19A
ERR1439978,UK_benchmark,12F,12,12F,12F,Failed,12F,12F,12F,12F
ERR1439850,UK_benchmark,1,1,1,1,1,1,1,1,1
ERR1439721,UK_benchmark,18C,18,18C,18C,18A,18C/18B,18C,18C,18B
ERR1440371,UK_benchmark,20,20,20B,20,20,20,20,20B,20
ERR1439666,UK_benchmark,6B,6,6B,6B,6A,6A/6B,6B,6B,6B
ERR1439341,UK_benchmark,27,27,27,27,27,27,27,27,27
ERR1440035,UK_benchmark,12F,12,12F,12F,12F,12F,12F,12F,12F
ERR1438947,UK_benchmark,19A,19,19A,19A,19AF,19A,19A,19A,19A
ERR1439755,UK_benchmark,23F,23,23F,23F,23F,23F,23F,23F,23F
ERR1440462,UK_benchmark,23A,23,23A,23A,23A,23A,23A,23A,23A
ERR1439909,UK_benchmark,8,8,8,8,8,8,8,8,8
ERR1440555,UK_benchmark,33F,33,33F,33F,33F,33F/33A,33F,33F,33A/33F
ERR1439074,UK_benchmark,15A,15,15A,15A,15A,15A/15D,15A,15A,15A
ERR1439915,UK_benchmark,8,8,8,8,8,8,8,8,8
ERR1440101,UK_benchmark,3,3,3,3,3,3,3,3,3
ERR1440156,UK_benchmark,15A,15,15A,15A,15A,15A/15D,15A,15A,15A
ERR1439865,UK_benchmark,7F,7,7F,7F,7A,7F/7A,7F,7F,7F
ERR1440216,UK_benchmark,20,20,20B,20,20,20,20,20B,20
ERR1439781,UK_benchmark,7F,7,7F,7F,7A,7F/7A,7F,7F,7F
ERR1439966,UK_benchmark,11A,11,11A,11A,11A,11A/11D,11A,11A,11A
ERR1439503,UK_benchmark,19A,19,19A,19A,19A,19A,19A,19A,19A
ERR1438837,UK_benchmark,22F,22,22F,22F,22F,22F,22F,22F,22F
ERR1439157,UK_benchmark,14,14,14,14,14,14,14,14,14
ERR1439287,UK_benchmark,7C,7,7C,7C,7C,7C,7C,7C,7C
ERR1439524,UK_benchmark,19F,19,19F,19F,19F,19F,19F,19F,19F
ERR1439612,UK_benchmark,23F,23,23F,23F,23F,23F,23F,23F,23F
ERR1438955,UK_benchmark,19A,19,19A,19A,19AF,19A,19A,19A,19A
ERR1440542,UK_benchmark,9N,9,9N,9N,9N,9N/9L,9N,9N,9N
ERR1440014,UK_benchmark,19A,19,19A,19A,19AF,19A,19A,19A,19A
ERR1440065,UK_benchmark,8,8,8,8,8,8,8,8,8
ERR1439268,UK_benchmark,15B,15,15B,15B,15B,15B/15C,15B,15B,15B/15C
ERR1439908,UK_benchmark,37,37,37,37,33F,37,37,37,37
ERR1440261,UK_benchmark,9N,9,9N,9N,9N,9N/9L,9N,9N,9N
ERR1440631,UK_benchmark,27,27,27,27,27,27,27,27,27
ERR1440218,UK_benchmark,20,20,20B,20,20,20,20,20B,20
ERR1440473,UK_benchmark,35F,35,35F,35F,35F,35F,35F,35F,35F
ERR1439719,UK_benchmark,4,4,4,4,4,4,4,4,4
ERR1439384,UK_benchmark,15A,15,15A,15A,15A,15A/15D,15A,15A,15A
ERR1439026,UK_benchmark,19F,19,19F,19F,19F,19F,19F,19F,19F
ERR1439780,UK_benchmark,23B,23,23B,23B,23B,23B,23B,23B,23B
ERR1440348,UK_benchmark,31,31,31,31,31,31,31,31,31
ERR1440566,UK_benchmark,19F,19,19F,19F,19F,19F,19F,19F,19F
ERR1439622,UK_benchmark,18A,18,18C,NT,Failed,"Below 70% hit - Poor Sequence quality, variant or non-typeable organism.",18A,18C,18A
ERR1439843,UK_benchmark,6A,6,6A,6A,6A,6A/6B,6A,6A,6A
ERR1440449,UK_benchmark,18A,18,18A,18A,18A,18A,18A,18A,18A
ERR1440021,UK_benchmark,8,8,8,8,8,8,8,8,8
ERR1439813,UK_benchmark,9V,9,9V,9V,9V,9A/9V,9V,9V,9V
ERR1440312,UK_benchmark,4,4,4,4,4,4,4,4,4
ERR1439259,UK_benchmark,15C,15,15C,15C,15B,15B/15C,15B|15C,15C,15B/15C
ERR1439018,UK_benchmark,19F,19,19F,19F,19F,19F,19F,19F,19F
ERR1439936,UK_benchmark,8,8,8,8,8,8,8,8,8
ERR1438887,UK_benchmark,7F,7,7F,7F,7A,7F/7A,7F,7F,7F
ERR1440217,UK_benchmark,17F,17,17F,17F,17F,17F,17F,17F,17F
ERR1440278,UK_benchmark,19A,19,19A,19A,19A,19A,19A,19A,19A
ERR1439245,UK_benchmark,19A,19,19A,19A,19AF,19A,19A,19A,19A
ERR1439391,UK_benchmark,4,4,4,4,Failed,4,4,4,4
ERR1440455,UK_benchmark,10A,10,10A,10A,10A,10A,10A,10A,10A
ERR1439998,UK_benchmark,35B,35,35B,35B,Failed,35B/35D,35B,35B,35B
ERR1440638,UK_benchmark,18C,18,18C,18C,18B,18C/18B,18C,18C,18C
ERR1440558,UK_benchmark,10A,10,10A,10A,10A,10A,10A,10A,10A
ERR1439496,UK_benchmark,8,8,8,8,8,8,8,8,8
ERR1440339,UK_benchmark,21,21,21,21,21,21,21,21,21
ERR1439350,UK_benchmark,3,3,3,3,3,3,3,3,3
ERR1440090,UK_benchmark,23B,23,23B,23B,23B,23B,23B,23B,23B
ERR1439051,UK_benchmark,19F,19,19F,19F,19F,19F,19F,19F,19F
ERR1439254,UK_benchmark,4,4,4,4,Failed,4,4,4,4
ERR1439963,UK_benchmark,6C,6,18C,6C,Failed,6C/6D,6C,6C,6C
ERR1440331,UK_benchmark,21,21,21,21,21,21,21,21,21
ERR1438950,UK_benchmark,19A,19,19A,19A,19AF,19A,19A,19A,19A
ERR1439186,UK_benchmark,6A,6,6A,6A,6A,6A/6B,6A,6A,6A
ERR1439232,UK_benchmark,15A,15,15A,15A,15A,15A/15D,15A,15A,15A
ERR1440324,UK_benchmark,38,38,38,38,38,38,38,38,38
ERR1439900,UK_benchmark,8,8,8,8,8,8,8,8,8
ERR1438814,UK_benchmark,35B,35,35B,35B,35B,35B/35D,35B,35B,35B
ERR1439617,UK_benchmark,19A,19,19A,19A,19AF,19A,19A,19A,19A
ERR1440302,UK_benchmark,22F,22,22F,22F,22F,22F,22F,22F,22F
ERR1440296,UK_benchmark,3,3,3,3,3,3,3,3,3
ERR1438899,UK_benchmark,22F,22,22F,22F,22F,22F,22F,22F,22F
ERR1439076,UK_benchmark,19A,19,23A,19A,19AF,19A,19A,19A,19A
ERR1440479,UK_benchmark,33F,33,33F,33F,33F,33F/33A,33F,33F,33F
ERR1439683,UK_benchmark,16F,16,16F,16F,16F,16F,16F,16F,16F
ERR1440671,UK_benchmark,23B,23,23B,23B,23B,23B,23B,23B,23B
ERR1440442,UK_benchmark,38,38,38,38,38,38,38,38,38
ERR1439463,UK_benchmark,23F,23,23F,23F,23F,23F,23F,23F,23F
ERR1439209,UK_benchmark,19A,19,19A,19A,19AF,19A,19A,19A,19A
ERR1439691,UK_benchmark,23F,23,23F,23F,23F,23F,23F,23F,23F
ERR1439903,UK_benchmark,22F,22,22F,22F,22F,22F,22F,22F,22F
ERR1439748,UK_benchmark,6B,6,6B,6E,6E,Serogroup_6_(6E),6B,6B,6E(6B)
ERR1439282,UK_benchmark,8,8,34,8,Failed,8,8,8,8
ERR1439814,UK_benchmark,4,4,4,4,4,4,4,4,4
ERR1439366,UK_benchmark,34,34,34,34,34,34,34,34,34
ERR1439733,UK_benchmark,37,37,37,37,33F,37,37,37,37
ERR1440383,UK_benchmark,21,21,21,21,21,21,21,21,21
ERR1439089,UK_benchmark,19A,19,19A,19A,19AF,19A,19A,19A,19A
ERR1439397,UK_benchmark,11A,11,11A,11A,11A,11A/11D,11A,11A,11A
ERR1439594,UK_benchmark,33F,33,33F,33F,33F,33F/33A,33F,33F,33F
ERR1439307,UK_benchmark,35B,35,35B,35B,35B,35B/35D,35B,35B,35B
ERR1439035,UK_benchmark,21,21,21,21,21,21,21,21,21
ERR1439619,UK_benchmark,23F,23,23F,23F,23F,23F,23F,23F,23F
ERR1439085,UK_benchmark,34,34,34,34,34,34,34,34,34
ERR1438994,UK_benchmark,29,29,29,29,29,29,29,29,29
ERR1439137,UK_benchmark,24F,24,24F,24F,24B,24F/24B,24B,24B/24C/24F,24A/24B/24F
ERR1439370,UK_benchmark,15B,15,15C,15B,15B,15B/15C,15B,15B,15B/15C
ERR1438973,UK_benchmark,19A,19,19A,19A,19A,19A,19A,19A,19A
ERR1440621,UK_benchmark,7C,7,7C,7C,7C,7C,7C,7C,7C
ERR1439464,UK_benchmark,23F,23,23F,23F,23F,23F,23F,23F,23F
ERR1440336,UK_benchmark,18A,18,18A,18A,18A,18A,18A,18A,18A
ERR1439598,UK_benchmark,27,27,27,27,27,27,27,27,27
ERR1439969,UK_benchmark,16F,16,16F,16F,Failed,16F,16F,16F,16F
ERR1439421,UK_benchmark,15A,15,15A,15A,15A,15A/15D,15A,15A,15A
ERR1439355,UK_benchmark,23B,23,23B,23B1,23B1,23B,23B,23B,23B1
ERR1439868,UK_benchmark,35A,35,35B,35B,35B,35B/35D,35B,35B,35B
ERR1440259,UK_benchmark,22F,22,22F,22F,22F,22F,22F,22F,22F
ERR1440199,UK_benchmark,8,8,8,8,8,8,8,8,8
ERR1439103,UK_benchmark,15A,15,15A,15A,15A,15A/15D,15A,15A,15A
ERR1439923,UK_benchmark,33F,33,33F,33F,Failed,33F/33A,33F,33F,33F
ERR1440624,UK_benchmark,6A,6,6A,6A,6A,6A/6B,6A,6A,6A
ERR1438794,UK_benchmark,33C,33,33C,33C,Failed,"Below 70% hit - Poor Sequence quality, variant or non-typeable organism.",33C,33C,33C
ERR1438937,UK_benchmark,19A,19,19A,19A,19A,19A,19A,19A,19A
ERR1440514,UK_benchmark,16F,16,16F,16F,16F,16F,16F,16F,16F
ERR1439957,UK_benchmark,15A,15,15A,15A,15A,15A/15D,15A,15A,15A
ERR1438882,UK_benchmark,7F,7,7F,7F,7A,7F/7A,7F,7F,7F
ERR1440074,UK_benchmark,35F,35,35F,35F,35F,35F,35F,35F,35F
ERR1440197,UK_benchmark,21,21,21,21,21,21,21,21,21
ERR1439193,UK_benchmark,15A,15,15A,15A,15A,15A/15D,15A,15A,15A
ERR1439762,UK_benchmark,6A,6,6A,6A,6B,6A/6B,6A,6A,6A
ERR1440304,UK_benchmark,7F,7,7F,7F,7A,7F/7A,7F,7F,7F
ERR1440620,UK_benchmark,6A,6,6A,6A,6B,6A/6B,6A,6A,6A
ERR1440359,UK_benchmark,19A,19,19A,19A,19A,19A,19A,19A,19A
ERR1440659,UK_benchmark,15A,15,15A,15A,15A,15A/15D,15A,15A,15A
ERR1439964,UK_benchmark,19A,19,19A,19A,19A,19A,19A,19A,19A
ERR1439476,UK_benchmark,12F,12,12F,12F,12F,12F,12F,12F,12F
ERR1439131,UK_benchmark,15A,15,15A,15A,15A,15A/15D,15A,15A,15A
ERR1440252,UK_benchmark,14,14,14,14,14,14,14,14,14
ERR1439025,UK_benchmark,15A,15,15A,15A,Failed,15A/15D,15A,15A,15A
ERR1439779,UK_benchmark,16F,16,16F,16F,16F,16F,16F,16F,16F
ERR1439087,UK_benchmark,6B,6,6B,6E,6E,Serogroup_6_(6E),6B,6B,6E(6B)
ERR1440161,UK_benchmark,33F,33,33F,33F,33F,33F/33A,33F,33E,33F
ERR1440630,UK_benchmark,15A,15,15A,15A,15A,15A/15D,15A,15A,15A
ERR1439146,UK_benchmark,15A,15,15A,15A,15A,15A/15D,15A,15A,15A
ERR1439033,UK_benchmark,19A,19,19A,19A,19A,19A,19A,19A,19A
ERR1440446,UK_benchmark,33F,33,33F,33F,33F,33F/33A,33F,33F,33F
ERR1440223,UK_benchmark,23F,23,23F,23F,23F,23F,23F,23F,23F
ERR1438982,UK_benchmark,19A,19,19A,19A,19AF,19A,19A,19A,19A
ERR1439439,UK_benchmark,15B,15,15B,15B,15B,15B/15C,15B,15B,15B/15C
ERR1439536,UK_benchmark,5,5,5,5,5,5,5,5,5
ERR1439516,UK_benchmark,19F,19,19F,19F,19F,19F,19F,19F,19F
ERR1439574,UK_benchmark,14,14,14,14,14,14,14,14,14
ERR1439491,UK_benchmark,9N,9,9N,9N,9N,9N/9L,9N,9N,9N
ERR1439448,UK_benchmark,6B,6,6B,6E,6E,Serogroup_6_(6E),6B,6B,6E(6B)
ERR1440332,UK_benchmark,6A,6,6A,6A,6A,6A_6B_6C_6D,6A,6A,6A
ERR1438913,UK_benchmark,3,3,3,3,3,3,3,3,3
ERR1440437,UK_benchmark,7F,7,7F,7F,7A,7F/7A,7F,7F,7F
ERR1438817,UK_benchmark,9V,9,9V,9V,9V,9A/9V,9A,9V,9A
ERR1439899,UK_benchmark,38,38,38,38,38,38,38,38,38
ERR1440307,UK_benchmark,34,34,34,34,34,34,34,34,34
ERR1439629,UK_benchmark,33F,33,33F,33F,33F,33F/33A,33F,33A/33E/33F,33F
ERR1439097,UK_benchmark,15A,15,15A,15A,15A,15A/15D,15A,15A,15A
ERR1439265,UK_benchmark,9V,9,9V,9V,9V,9A/9V,9V,9V,9V
ERR1439389,UK_benchmark,6B,6,6B,6E,6E,Serogroup_6_(6E),6B,6B,6E(6B)
ERR1440125,UK_benchmark,23F,23,23B,23B,Failed,23B,23B,23B,23B
ERR1439340,UK_benchmark,19A,19,19A,19A,19AF,19A,19A,19A,19A
ERR1440342,UK_benchmark,38,38,38,38,38,38,38,38,38
ERR1439377,UK_benchmark,5,5,5,5,5,5,5,5,5
ERR1439875,UK_benchmark,20,20,20B,20,20,20,20,20B,20
ERR1439044,UK_benchmark,15A,15,15A,15A,15A,15A/15D,15A,15A,15A
ERR1439658,UK_benchmark,14,14,14,14,14,14,14,14,14
ERR1439063,UK_benchmark,15A,15,15A,15A,15A,15A/15D,15A,15A,15A
ERR1439260,UK_benchmark,15A,15,15A,15A,15A,15A/15D,15A,15A,15A
ERR1439450,UK_benchmark,9V,9,9V,9V,9V,9A/9V,9V,9V,9V
ERR1440495,UK_benchmark,23A,23,23A,23A,23A,23A,23A,23A,23A
ERR1439710,UK_benchmark,9V,9,9V,9V,9V,9A/9V,9V,9V,9V
ERR1439586,UK_benchmark,12B,12,12F,12F,12F,12F,12F,12F,12F
ERR1438791,UK_benchmark,3,3,3,3,3,3,3,3,3
ERR1440673,UK_benchmark,29,29,6C,6C,6C,6C/6D,6C,6C,6C
ERR1439234,UK_benchmark,19A,19,19A,19A,19AF,19A,19A,19A,19A
ERR1438881,UK_benchmark,22F,22,22F,22F,22F,22F,22F,22F,22F
ERR1439213,UK_benchmark,6A,6,6A,6A,6A,6A/6B,6A,6A,6A
ERR1439581,UK_benchmark,15B,15,6B,15B,15C,15B/15C,15B,15B,15B/15C
ERR1440157,UK_benchmark,6C,6,6C,6C,6D,6C/6D,6C,6C,6C
ERR1440541,UK_benchmark,11A,11,11A,11A,Failed,11A/11D,11A,11A,11A
ERR1439062,UK_benchmark,15A,15,15A,15A,15A,15A/15D,15A,15A,15A
ERR1438956,UK_benchmark,19A,19,19A,19A,19AF,19A,19A,19A,19A
ERR1440503,UK_benchmark,18A,18,18A,18A,18A,18A,18A,18A,18A
ERR1440083,UK_benchmark,8,8,8,8,Failed,8,8,8,8
ERR1440140,UK_benchmark,16F,16,16F,16F,16F,16F,16F,16F,16F
ERR1440136,UK_benchmark,33F,33,33F,33F,Failed,33F/33A,33F,33F,33F
ERR1439487,UK_benchmark,7F,7,7F,7F,7F,7F/7A,7F,7F,7F
ERR1440669,UK_benchmark,23B,23,23B,23B,23B,23B,23B,23B,23B
ERR1439750,UK_benchmark,35A,35,35A,35A,35C,35A/35C/42,35A,35A,35A
ERR1440617,UK_benchmark,34,34,34,34,34,34,34,34,34
ERR1439774,UK_benchmark,6B,6,6B,6B,6A,6A/6B,6B,6B,6B
ERR1439864,UK_benchmark,16F,16,16F,16F,16F,16F,16F,16F,16F
ERR1439698,UK_benchmark,14,14,14,14,14,14,14,14,14
ERR1439258,UK_benchmark,15A,15,15A,15A,Failed,15A/15D,15A,15A,15A
ERR1440386,UK_benchmark,9V,9,9V,9V,9V,9A/9V,9V,9V,9V
ERR1439816,UK_benchmark,4,4,4,4,4,4,4,4,4
ERR1439672,UK_benchmark,19A,19,19A,19A,19AF,19A,19A,19A,19A
ERR1439473,UK_benchmark,22F,22,22F,22F,22F,22F,22F,22F,22F
ERR1440009,UK_benchmark,15A,15,15A,15A,Failed,15A/15D,15A,15A,15A
ERR1440184,UK_benchmark,22F,22,22F,22F,22F,22F,22F,22F,22F
ERR1439500,UK_benchmark,22F,22,22F,22F,22F,22F,22F,22F,22F
ERR1439400,UK_benchmark,15A,15,15A,15A,15A,15A/15D,15A,15A,15A
ERR1440629,UK_benchmark,18C,18,18C,18C,18B,18C/18B,18C,18C,18C
ERR1440461,UK_benchmark,33F,33,33F,33F,33F,33F/33A,33F,33A/33E/33F,33F
ERR1439413,UK_benchmark,35B,35,35B,35B,35B,35B/35D,35B,35B,35B
ERR1440338,UK_benchmark,34,34,34,34,34,34,34,34,34
ERR1439547,UK_benchmark,24F,24,24F,24F,24B,24F/24B,24B,24B/24C/24F,24A/24B/24F
ERR1439371,UK_benchmark,19F,19,19F,19F,19F,19F,19F,19F,19F
ERR1439190,UK_benchmark,15A,15,15A,15A,15A,15A/15D,15A,15A,15A
ERR1439824,UK_benchmark,23F,23,23F,23F,23F,23F,23F,23F,23F
ERR1439458,UK_benchmark,35B,35,35B,35B,35B,35B/35D,35B,35B,35B
ERR1439406,UK_benchmark,8,8,8,8,8,8,8,8,8
ERR1439905,UK_benchmark,3,3,3,3,3,3,3,3,3
ERR1439754,UK_benchmark,1,1,1,1,1,1,1,1,1
ERR1438948,UK_benchmark,19A,19,19A,19A,19AF,19A,19A,19A,19A
ERR1440097,UK_benchmark,7F,7,7F,7F,7F,7F/7A,7F,7F,7F
ERR1439603,UK_benchmark,6B,6,19F,6E,6E,Serogroup_6_(6E),6B,6B,6E(6B)
ERR1440369,UK_benchmark,10F,10,10F,10F,10F,10F,10F,10F,10F
ERR1439701,UK_benchmark,15B,15,15B,15B,15B,15B/15C,15B,15B,15B/15C
ERR1440319,UK_benchmark,6B,6,6B,6B,6A,6A/6B,6B,6B,6B
ERR1440254,UK_benchmark,1,1,1,1,1,1,1,1,1
ERR1440645,UK_benchmark,23B,23,23B,23B,23B,23B,23B,23B,23B
ERR1440056,UK_benchmark,22F,22,22F,22F,22F,22F,22F,22F,22F
ERR1439372,UK_benchmark,15B,15,15B,15B,15C,15B/15C,15B,15B,15B/15C
ERR1439152,UK_benchmark,15A,15,15A,15A,15A,15A/15D,15A,15A,15A
ERR1440320,UK_benchmark,31,31,31,31,31,31,31,31,31
ERR1439613,UK_benchmark,34,34,34,34,34,34,34,34,34
ERR1440487,UK_benchmark,33F,33,33F,33F,33F,33F/33A,33F,33F,33F
ERR1440012,UK_benchmark,19F,19,19F,19F,19F,19F,19F,19F,19F
ERR1439675,UK_benchmark,19A,19,19A,19A,19AF,19A,19A,19A,19A
ERR1440613,UK_benchmark,27,27,27,27,27,27,27,27,27
ERR1438831,UK_benchmark,19A,19,19A,19A,19AF,19A,19A,19A,19A
ERR1440474,UK_benchmark,31,31,31,31,31,31,31,31,31
ERR1439451,UK_benchmark,11A,11,11A,11A,11F,"Below 70% hit - Poor Sequence quality, variant or non-typeable organism.",11A,11A,11F
ERR1440607,UK_benchmark,18C,18,18C,18C,18B,18C/18B,18C,18C,18C
ERR1439236,UK_benchmark,4,4,4,4,4,4,4,4,4
ERR1440527,UK_benchmark,11A,11,11A,11A,11A,11A/11D,11A,11A,11A
ERR1440269,UK_benchmark,8,8,8,8,8,8,8,8,8
ERR1438847,UK_benchmark,8,8,8,8,8,8,8,8,8
ERR1439321,UK_benchmark,11A,11,11A,11A,11D,11A/11D,11A,11A,11A
ERR1440200,UK_benchmark,14,14,14,14,14,14,14,14,14
ERR1440578,UK_benchmark,6B,6,6B,6E,6E,Serogroup_6_(6E),6B,6B,6E(6B)
ERR1439344,UK_benchmark,6C,6,6C,6C,6D,6C/6D,6C,6C,6C
ERR1440060,UK_benchmark,6C,6,6C,6C,6C,6C/6D,6C,6C,6C
ERR1440042,UK_benchmark,33F,33,33F,33F,33F,33F/33A,33F,33F,33A/33F
ERR1440662,UK_benchmark,27,27,27,27,Failed,27,27,27,27
ERR1440513,UK_benchmark,23A,23,23A,23A,23A,23A,23A,23A,23A
ERR1440424,UK_benchmark,10A,10,10A,10A,10A,10A,10A,10A,10A
ERR1439810,UK_benchmark,4,4,4,4,4,4,4,4,4
ERR1439081,UK_benchmark,19A,19,19A,19A,19AF,19A,19A,19A,19A
ERR1440661,UK_benchmark,15B,15,15B,15,Failed,15B/15C,15B|15C,15B,15B/15C
ERR1440569,UK_benchmark,33F,33,33F,33F,33F,33F/33A,33F,33F,33F
ERR1439725,UK_benchmark,14,14,14,14,14,14,14,14,14
ERR1439842,UK_benchmark,6A,6,10A,6A,6A,6A/6B,6A,6A,6A
ERR1439110,UK_benchmark,18C,18,18C,18C,18B,18C/18B,18C,18C,18C
ERR1440426,UK_benchmark,11A,11,11A,11A,Failed,11A/11D,11A,11A,11A
ERR1440079,UK_benchmark,9N,9,9N,9N,Failed,9N/9L,9N,9N,9N
ERR1439249,UK_benchmark,15C,15,15C,15C,15C,15B/15C,15B|15C,15C,15B/15C
ERR1439281,UK_benchmark,15A,15,15A,15A,15A,15A/15D,15A,15A,15A
ERR1438856,UK_benchmark,22F,22,22F,22F,22F,22F,22F,22F,22F
ERR1439182,UK_benchmark,19F,19,19F,19F,19F,19F,19F,19F,19F
ERR1440634,UK_benchmark,15C,15,15B,15C,Failed,15B/15C,15B|15C,15B,15B/15C
ERR1439906,UK_benchmark,9N,9,9N,9N,9N,9N/9L,9N,9N,9N
ERR1439825,UK_benchmark,10F,10,10F,10F,10F,10F,10F,10F,10F
ERR1439380,UK_benchmark,35B,35,35B,35B,35B,35B/35D,35B,35B,35B
ERR1439853,UK_benchmark,14,14,14,14,14,14,14,14,14
ERR1439571,UK_benchmark,12B,12,12F,12F,Failed,12F,12F,12F,12F
ERR1439038,UK_benchmark,18B,18,18C,18B,18B,18C/18B,18B,18B,18C
ERR1439030,UK_benchmark,19A,19,19A,19A,19AF,19A,19A,19A,19A
ERR1439921,UK_benchmark,8,8,8,8,Failed,8,8,8,8
ERR1440382,UK_benchmark,23F,23,23F,23F,23F,23F,23F,23F,23F
ERR1439251,UK_benchmark,15B,15,15B,15B,Failed,15B/15C,15B,15B,15B/15C
ERR1440561,UK_benchmark,9N,9,9N,9N,9N,9N/9L,9N,9N,9N
ERR1440271,UK_benchmark,31,31,31,31,31,31,31,31,31
ERR1439699,UK_benchmark,19A,19,19A,19A,19AF,19A,19A,19A,19A
ERR1439194,UK_benchmark,19A,19,19A,19A,19AF,19A,19A,19A,19A
ERR1440594,UK_benchmark,23B,23,23B,23B,23B,23B,23B,23B,23B
ERR1439794,UK_benchmark,12F,12,12F,12F,12F,12F,12F,12F,12F
ERR1440120,UK_benchmark,22F,22,22F,22F,22F,22F,22F,22F,22F
ERR1438961,UK_benchmark,19A,19,19A,19A,19A,19A,19A,19A,19A
ERR1440155,UK_benchmark,3,3,3,3,3,3,3,3,3
ERR1439343,UK_benchmark,6B,6,6B,6B,Failed,6A/6B,6B,6B,6B
ERR1439080,UK_benchmark,19A,19,19A,19A,19A,19A,19A,19A,19A
ERR1438922,UK_benchmark,19F,19,19F,19F,19F,19F,19F,19F,19F
ERR1440105,UK_benchmark,9N,9,9N,9N,9N,9N/9L,9N,9N,9N
ERR1439632,UK_benchmark,35B,35,35B,35B,35B,35B/35D,35B,35B,35B
ERR1439337,UK_benchmark,15B,15,15B,15C,15B,15B/15C,15B|15C,15C,15B/15C
ERR1439414,UK_benchmark,19A,19,19A,19A,19A,19A,19A,19A,19A
ERR1440364,UK_benchmark,9V,9,9V,9V,9V,9A/9V,9V,9V,9V
ERR1439776,UK_benchmark,21,21,21,21,21,21,21,21,21
ERR1439175,UK_benchmark,15A,15,15A,15A,15A,15A/15D,15A,15A,15A
ERR1440209,UK_benchmark,9V,9,9V,9V,9V,9A/9V,9V,9V,9V
ERR1440038,UK_benchmark,3,3,3,3,3,3,3,3,3
ERR1439460,UK_benchmark,6B,6,6B,6B,6A,6A/6B,6B,6B,6B
ERR1439793,UK_benchmark,1,1,1,1,1,1,1,1,1
ERR1440374,UK_benchmark,35A,35,35A,35A,35A,35A/35C/42,35A,35A,35A
ERR1439831,UK_benchmark,6B,6,6B,6B,6A,6A/6B,6B,6B,6B
ERR1440557,UK_benchmark,12F,12,12F,12F,12F,12F,12F,12F,12F
ERR1439867,UK_benchmark,17F,17,17F,17F,17F,17F,17F,17F,17F
ERR1438819,UK_benchmark,18C,18,18C,18C,18B,18C/18B,18C,18C,18C
ERR1439497,UK_benchmark,10A,10,10A,10A,10A,10A,10A,10A,10A
ERR1440250,UK_benchmark,6A,6,6A,6A,Failed,6A/6B,6A,6A,6A
ERR1440087,UK_benchmark,15A,15,15A,15A,Failed,15A/15D,15A,15A,15A
ERR1439588,UK_benchmark,12B,12,12F,12F,12F,12F,12F,12F,12F
ERR1438915,UK_benchmark,19A,19,19A,19A,19AF,19A,19A,19A,19A
ERR1440378,UK_benchmark,18C,18,18C,18C,18B,18C/18B,18C,18C,18C
ERR1440567,UK_benchmark,9N,9,9N,9N,9N,9N/9L,9N,9N,9N
ERR1439517,UK_benchmark,8,8,8,8,8,8,8,8,8
ERR1440148,UK_benchmark,15A,15,15A,15A,15A,15A/15D,15A,15A,15A
ERR1439778,UK_benchmark,3,3,3,3,3,3,3,3,3
ERR1439228,UK_benchmark,34,34,34,34,34,34,34,34,34
ERR1439501,UK_benchmark,35F,35,35F,35F,35F,35F,35F,35F,35F
ERR1440099,UK_benchmark,8,8,8,8,8,8,8,8,8
ERR1439362,UK_benchmark,34,34,34,34,34,34,34,34,34
ERR1439218,UK_benchmark,15A,15,15A,15A,15A,15A/15D,15A,15A,15A
ERR1439545,UK_benchmark,19A,19,19A,19A,19AF,19A,19A,19A,19A
ERR1439608,UK_benchmark,37,37,37,37,33F,37,37,37,37
ERR1438826,UK_benchmark,19A,19,19A,19A,19A,19A,19A,19A,19A
ERR1439031,UK_benchmark,35B,35,35B,35B,35B,35B/35D,35B,35B,35B
ERR1439597,UK_benchmark,6B,6,6B,6B,6A,6A/6B,6B,6B,6B
ERR1439467,UK_benchmark,23B,23,23B,23B,23B,23B,23B,23B,23B
ERR1439324,UK_benchmark,15A,15,15A,15A,15A,15A/15D,15A,15A,15A
ERR1439432,UK_benchmark,19A,19,19A,19A,19A,19A,19A,19A,19A
ERR1439285,UK_benchmark,6A,6,6A,6A,6B,6A/6B,6A,6A,6A
ERR1439757,UK_benchmark,1,1,1,1,1,1,1,1,1
ERR1438916,UK_benchmark,21,21,21,21,21,21,21,21,21
ERR1439685,UK_benchmark,9V,9,9V,9V,9V,9A/9V,9V,9V,9V
ERR1439393,UK_benchmark,19F,19,19F,19F,19F,19F,19F,19F,19F
ERR1440536,UK_benchmark,11A,11,11A,11A,11D,11A/11D,11A,11A,11A
ERR1438889,UK_benchmark,19A,19,19A,19A,19AF,19A,19A,19A,19A
ERR1440094,UK_benchmark,8,8,8,8,8,8,8,8,8
ERR1439669,UK_benchmark,19A,19,19A,19A,19A,19A,19A,19A,19A
ERR1440668,UK_benchmark,35B,35,35B,35B,35B,35B/35D,35B,35B,35B
ERR1438970,UK_benchmark,19A,19,19A,19A,19AF,19A,19A,19A,19A
ERR1439001,UK_benchmark,19F,19,19F,19F,19F,19F,19F,19F,19F
ERR1439094,UK_benchmark,15A,15,15A,15A,15A,15A/15D,15A,15A,15A
ERR1440070,UK_benchmark,12F,12,12F,12F,12F,12F,12F,12F,12F
ERR1439079,UK_benchmark,19A,19,15A,15A,15A,15A/15D,15A,15A,15A
ERR1439558,UK_benchmark,15A,15,15A,15A,15A,15A/15D,15A,15A,15A
ERR1439863,UK_benchmark,7F,7,7F,7F,7A,7F/7A,7F,7F,7F
ERR1439014,UK_benchmark,14,14,14,14,14,14,14,14,14
ERR1439531,UK_benchmark,22F,22,22F,22F,22F,22F,22F,22F,22F
ERR1440358,UK_benchmark,27,27,27,27,27,27,27,27,27
ERR1440451,UK_benchmark,21,21,21,21,21,21,21,21,21
ERR1438954,UK_benchmark,19A,19,19A,19A,19AF,19A,19A,19A,19A
ERR1439695,UK_benchmark,19A,19,19A,19A,19A,19A,19A,19A,19A
ERR1439056,UK_benchmark,15A,15,15A,15A,Failed,15A/15D,15A,15A,15A
ERR1439562,UK_benchmark,35B,35,35B,35B,35B,35B/35D,35B,35B,35B
ERR1438964,UK_benchmark,9V,9,9V,9V,9V,9A/9V,9A,9V,9V
ERR1438928,UK_benchmark,19A,19,19A,19A,19AF,19A,19A,19A,19A
ERR1440417,UK_benchmark,23F,23,23F,23F,Failed,23F,23F,23F,23F
ERR1440134,UK_benchmark,23B,23,23B,23B1,23B1,23B,23B,23B,23B1
ERR1440052,UK_benchmark,12F,12,12F,12F,12F,12F,12F,12F,12F
ERR1438827,UK_benchmark,19A,19,19A,19A,19AF,19A,19A,19A,19A
ERR1439653,UK_benchmark,19A,19,19A,19A,Failed,19A,19A,19A,19A
ERR1440131,UK_benchmark,8,8,8,8,Failed,8,8,8,8
ERR1440588,UK_benchmark,3,3,3,3,3,3,3,3,3
ERR1439447,UK_benchmark,15A,15,15A,15A,15A,15A/15D,15A,15A,15A
ERR1440408,UK_benchmark,10A,10,10A,10A,10A,10A,10A,10A,10A
ERR1439931,UK_benchmark,8,8,8,8,Failed,8,8,8,8
ERR1440529,UK_benchmark,33F,33,33F,33F,33F,33F/33A,33F,33A/33E/33F,33A/33F
ERR1440293,UK_benchmark,24F,24,24F,24F,24B,24F/24B,24B,24B/24C/24F,24A/24B/24F
ERR1440230,UK_benchmark,12F,12,12F,12F,12F,12F,12F,12F,12F
ERR1438895,UK_benchmark,33F,33,33F,33F,33F,33F/33A,33F,33F,33A/33F
ERR1439943,UK_benchmark,16F,16,16F,16F,16F,16F,16F,16F,16F
ERR1439061,UK_benchmark,23F,23,23F,23F,23F,23F,23F,23F,23F
ERR1440050,UK_benchmark,35B,35,35B,35B,35B,35B/35D,35B,35B,35B
ERR1439323,UK_benchmark,19A,19,19A,19A,19A,19A,19A,19A,19A
ERR1440031,UK_benchmark,34,34,34,34,34,34,34,34,34
ERR1440452,UK_benchmark,10A,10,10A,10A,10A,10A,10A,10A,10A
ERR1439652,UK_benchmark,19A,19,19A,19A,19AF,19A,19A,19A,19A
ERR1440291,UK_benchmark,8,8,8,8,8,8,8,8,8
ERR1440100,UK_benchmark,8,8,8,8,8,8,8,8,8
ERR1440288,UK_benchmark,31,31,31,31,31,31,31,31,31
ERR1439129,UK_benchmark,15A,15,15A,15A,15A,15A/15D,15A,15A,15A
ERR1440376,UK_benchmark,20,20,20B,20,20,20,20,20B,20
ERR1440113,UK_benchmark,22F,22,22F,22F,22F,22F,22F,22F,22F
ERR1438911,UK_benchmark,8,8,8,8,8,8,8,8,8
ERR1439801,UK_benchmark,10F,10,10F,10F,10F,10F,10F,10F,10F
ERR1438873,UK_benchmark,1,1,1,1,1,1,1,1,1
ERR1439708,UK_benchmark,23F,23,23F,23F,23F,23F,23F,23F,23F
ERR1439837,UK_benchmark,4,4,4,4,Failed,4,4,4,4
ERR1440168,UK_benchmark,9N,9,9N,9N,9N,9N/9L,9N,9N,9N
ERR1440540,UK_benchmark,3,3,3,3,3,3,3,3,3
ERR1440642,UK_benchmark,23B,23,23B,23B,Failed,23B,23B,23B,23B
ERR1439178,UK_benchmark,19A,19,19A,19A,19AF,19A,19A,19A,19A
ERR1439625,UK_benchmark,23B,23,23B,23B,23B,23B,23B,23B,23B
ERR1440377,UK_benchmark,1,1,1,1,1,1,1,1,1
ERR1439067,UK_benchmark,10A,10,10A,10A,10A,10A,10A,10A,10A
ERR1439996,UK_benchmark,8,8,8,8,Failed,8,8,8,8
ERR1439534,UK_benchmark,8,8,8,8,8,8,8,8,8
ERR1439954,UK_benchmark,16F,16,16F,16F,16F,16F,16F,16F,16F
ERR1440208,UK_benchmark,17F,17,17F,17F,17F,17F,17F,17F,17F
ERR1440175,UK_benchmark,19A,19,19A,19A,19AF,19A,19A,19A,19A
ERR1439472,UK_benchmark,24F,24,24F,24F,Failed,24F/24B,24B,24B/24C/24F,24A/24B/24F
ERR1440677,UK_benchmark,13,13,13,13,13,13,13,13,13
ERR1440616,UK_benchmark,27,27,27,27,27,27,27,27,27
ERR1440027,UK_benchmark,20,20,20B,20,20,20,20,20B,20
ERR1439626,UK_benchmark,35A,35,35A,35A,35C,35A/35C/42,35A,35A,35A
ERR1439101,UK_benchmark,15A,15,15A,15A,Failed,15A/15D,15A,15A,15A
ERR1439642,UK_benchmark,6B,6,6B,6E,6E,Serogroup_6_(6E),6B,6B,6E(6B)
ERR1438919,UK_benchmark,33F,33,33F,33F,33F,33F/33A,33F,33F,33F
ERR1439949,UK_benchmark,24F,24,24F,24F,Failed,24F/24B,24B,24B/24C/24F,24A/24B/24F
ERR1440103,UK_benchmark,33F,33,33F,33F,33F,33F/33A,33F,33F,33F
ERR1439561,UK_benchmark,5,5,5,5,5,5,5,5,5
ERR1440463,UK_benchmark,10A,10,10A,10A,10A,10A,10A,10A,10A
ERR1440143,UK_benchmark,15A,15,15A,15A,15A,15A/15D,15A,15A,15A
ERR1439773,UK_benchmark,4,4,4,4,4,4,4,4,4
ERR1438999,UK_benchmark,29,29,29,29,29,29,29,29,29
ERR1440086,UK_benchmark,8,8,8,8,8,8,8,8,8
ERR1439599,UK_benchmark,37,37,37,37,33F,37,37,37,37
ERR1440015,UK_benchmark,7F,7,7F,7F,Failed,7F/7A,7F,7F,7F
ERR1439091,UK_benchmark,15A,15,15A,15A,15A,15A/15D,15A,15A,15A
ERR1440493,UK_benchmark,23A,23,23A,23A,Failed,23A,23A,23A,23A
ERR1438960,UK_benchmark,19A,19,19A,19A,19AF,19A,19A,19A,19A
ERR1440010,UK_benchmark,19F,19,19F,19F,Failed,19F,19F,19F,19F
ERR1440068,UK_benchmark,23B,23,23B,23B,Failed,23B,23B,23B,23B
ERR1439116,UK_benchmark,15A,15,15A,15A,15A,15A/15D,15A,15A,15A
ERR1439532,UK_benchmark,6C,6,6C,6C,6C,6C/6D,6C,6C,6C
ERR1439974,UK_benchmark,7F,7,7F,7F,Failed,7F/7A,7F,7F,7F
ERR1440573,UK_benchmark,16F,16,16F,16F,16F,16F,16F,16F,16F
ERR1439057,UK_benchmark,15A,15,15A,15A,15A,15A/15D,15A,15A,15A
ERR1439783,UK_benchmark,5,5,5,5,5,5,5,5,5
ERR1439383,UK_benchmark,27,27,27,27,27,27,27,27,27
ERR1440081,UK_benchmark,16F,16,16F,16F,16F,16F,16F,16F,16F
ERR1439316,UK_benchmark,15B,15,15B,15B,15C,15B/15C,15B,15B,15B/15C
ERR1439479,UK_benchmark,7F,7,7F,7F,7A,7F/7A,7F,7F,7F
ERR1440619,UK_benchmark,14,14,14,14,14,14,14,14,14
ERR1438989,UK_benchmark,34,34,34,34,34,34,34,34,34
ERR1440625,UK_benchmark,27,27,27,27,27,27,27,27,27
ERR1440215,UK_benchmark,20,20,20B,20,20,20,20,20B,20
ERR1438959,UK_benchmark,19A,19,19A,19A,Failed,19A,19A,19A,19A
ERR1439745,UK_benchmark,14,14,14,14,14,14,14,14,14
ERR1440497,UK_benchmark,7F,7,7F,7F,7A,7F/7A,7F,7F,7F
ERR1439883,UK_benchmark,17F,17,17F,17F,17F,17F,17F,17F,17F
ERR1439823,UK_benchmark,37,37,37,37,33F,37,37,37,37
ERR1438977,UK_benchmark,19A,19,19A,19A,19AF,19A,19A,19A,19A
ERR1439022,UK_benchmark,23A,23,23A,23A,23A,23A,23A,23A,23A
ERR1438998,UK_benchmark,23B,23,23B,23B,Failed,23B,23B,23B,23B
ERR1440438,UK_benchmark,11A,11,11A,11A,Failed,11A/11D,11A,11A,11A
ERR1439583,UK_benchmark,12F,12,12F,12F,12F,12F,12F,12F,12F
ERR1439614,UK_benchmark,14,14,14,14,14,14,14,14,14
ERR1439641,UK_benchmark,35A,35,35A,35A,35C,35A/35C/42,35A,35A,35A
ERR1439787,UK_benchmark,6A,6,6A,6A,6B,6A/6B,6A,6A,6A
ERR1440502,UK_benchmark,7F,7,7F,7F,7F,7F/7A,7F,7F,7F
ERR1440011,UK_benchmark,23A,23,23A,23A,23A,23A,23A,23A,23A
ERR1439749,UK_benchmark,6B,6,6B,6E,6E,Serogroup_6_(6E),6B,6B,6E(6B)
ERR1439291,UK_benchmark,19A,19,19A,19A,19AF,19A,19A,19A,19A
ERR1440224,UK_benchmark,24F,24,24F,24F,24B,24F/24B,24B,24B/24C/24F,24A/24B/24F
ERR1440071,UK_benchmark,19A,19,19A,19A,19AF,19A,19A,19A,19A
ERR1438893,UK_benchmark,19A,19,19A,19A,19AF,19A,19A,19A,19A
ERR1439791,UK_benchmark,14,14,14,14,14,14,14,14,14
ERR1439197,UK_benchmark,35F,35,35F,35F,35F,35F,35F,35F,35F
ERR1439042,UK_benchmark,7B,7,7B,7B,40,7B/40,7B,7B,7B
ERR1440524,UK_benchmark,24F,24,24F,24F,24B,24F/24B,24B,24B/24C/24F,24A/24B/24F
ERR1440650,UK_benchmark,18C,18,18C,18C,18B,18C/18B,18C,18C,18C
ERR1440289,UK_benchmark,8,8,8,8,8,8,8,8,8
ERR1440260,UK_benchmark,9N,9,9N,9N,9N,9N/9L,9N,9N,9N
ERR1440507,UK_benchmark,38,38,38,38,38,38,38,38,38
ERR1439336,UK_benchmark,15B,15,15B,15B,15C,15B/15C,15B,15B,15B/15C
ERR1439290,UK_benchmark,4,4,4,4,Failed,4,4,4,4
ERR1439498,UK_benchmark,22F,22,22F,22F,22F,22F,22F,22F,22F
ERR1439522,UK_benchmark,22F,22,22F,22F,22F,22F,22F,22F,22F
ERR1439180,UK_benchmark,6B,6,6B,6E,6E,Serogroup_6_(6E),6B,6B,6E(6B)
ERR1438966,UK_benchmark,19A,19,19A,19A,19AF,19A,19A,19A,19A
ERR1440080,UK_benchmark,11A,11,11A,11A,Failed,11A/11D,11A,11A,11A
ERR1439257,UK_benchmark,15A,15,15A,15A,Failed,15A/15D,15A,15A,15A
ERR1439276,UK_benchmark,15A,15,15A,15A,15A,15A/15D,15A,15A,15A
ERR1439390,UK_benchmark,9N,9,9N,9N,9N,9N/9L,9N,9N,9N
ERR1440626,UK_benchmark,18C,18,18C,18C,18B,18C/18B,18C,18C,18B
ERR1440185,UK_benchmark,15A,15,15A,15A,15A,15A/15D,15A,15A,15A
ERR1440675,UK_benchmark,23B,23,23B,23B,23B,23B,23B,23B,23B
ERR1438934,UK_benchmark,7F,7,7F,7F,7A,7F/7A,7F,7F,7F
ERR1438929,UK_benchmark,7F,7,7F,7F,Failed,7F/7A,7F,7F,7F
ERR1440521,UK_benchmark,11A,11,11A,11A,11D,11A/11D,11A,11A,11A
ERR1440026,UK_benchmark,9N,9,9N,9N,9N,9N/9L,9N,9N,9N
ERR1440057,UK_benchmark,8,8,8,8,Failed,8,8,8,8
ERR1439335,UK_benchmark,15A,15,15A,15A,15A,15A/15D,15A,15A,15A
ERR1439388,UK_benchmark,15A,15,15A,15A,15A,15A/15D,15A,15A,15A
ERR1440501,UK_benchmark,7F,7,7F,7F,7A,7F/7A,7F,7F,7F
ERR1439940,UK_benchmark,24F,24,24A,24F,Failed,24F/24B,24B,24B/24C/24F,24A/24B/24F
ERR1439770,UK_benchmark,9V,9,9V,9V,9V,9A/9V,9V,9V,9V
ERR1440276,UK_benchmark,7B,7,7B,7B,7B,7B/40,7B,7B,7B
ERR1439542,UK_benchmark,35B,35,35B,35B,35B,35B/35D,35B,35B,35B
ERR1439233,UK_benchmark,15A,15,15A,15A,15A,15A/15D,15A,15A,15A
ERR1439408,UK_benchmark,15B,15,15B,15B,15C,15B/15C,15B,15B,15B/15C
ERR1440135,UK_benchmark,11A,11,11A,11A,11A,11A/11D,11A,11A,11A
ERR1440281,UK_benchmark,1,1,1,1,1,1,1,1,1
ERR1439741,UK_benchmark,1,1,1,1,1,1,1,1,1
ERR1439201,UK_benchmark,19A,19,19A,19A,19A,19A,19A,19A,19A
ERR1438901,UK_benchmark,1,1,1,1,1,1,1,1,1
ERR1439373,UK_benchmark,12F,12,12F,12F,12F,12F,12F,12F,12F
ERR1439839,UK_benchmark,4,4,4,4,4,4,4,4,4
ERR1439833,UK_benchmark,23B,23,23B,23B1,23B1,23B,23B,23B,23B1
ERR1440658,UK_benchmark,15C,15,15A,15B,Failed,15B/15C,15B|15C,15B,15B/15C
ERR1439811,UK_benchmark,4,4,4,4,4,4,4,4,4
ERR1439163,UK_benchmark,19A,19,19A,19A,19A,19A,19A,19A,19A
ERR1439955,UK_benchmark,23A,23,23A,23A,Failed,23A,23A,23A,23A
ERR1440572,UK_benchmark,23A,23,23A,23A,23A,23A,23A,23A,23A
ERR1439297,UK_benchmark,15B,15,15C,15C,Failed,15B/15C,15B|15C,15C,15B/15C
ERR1439920,UK_benchmark,8,8,8,8,8,8,8,8,8
ERR1439339,UK_benchmark,15B,15,15B,15B,15C,15B/15C,15B,15B,15B/15C
ERR1439241,UK_benchmark,18C,18,18C,18C,18A,18C/18B,18C,18C,18C
ERR1440076,UK_benchmark,22F,22,22F,22F,22F,22F,22F,22F,22F
ERR1440454,UK_benchmark,10A,10,10A,10A,10A,10A,10A,10A,10A
ERR1439084,UK_benchmark,15A,15,15A,15A,15A,15A/15D,15A,15A,15A
ERR1439556,UK_benchmark,10F,10,10F,10F,Failed,10F,10F,10F,10F
ERR1439580,UK_benchmark,35B,35,35B,35D,35B,35B/35D,35D,35D,35B
ERR1439132,UK_benchmark,15A,15,15A,15A,15A,15A/15D,15A,15A,15A
ERR1440453,UK_benchmark,16F,16,16F,16F,16F,16F,16F,16F,16F
ERR1439709,UK_benchmark,19A,19,19A,19A,19A,19A,19A,19A,19A
ERR1439311,UK_benchmark,15A,15,15A,15A,15A,15A/15D,15A,15A,15A
ERR1440491,UK_benchmark,23A,23,23A,23A,23A,23A,23A,23A,23A
ERR1439953,UK_benchmark,3,3,3,3,3,3,3,3,3
ERR1439474,UK_benchmark,8,8,8,8,8,8,8,8,8
ERR1438936,UK_benchmark,11A,11,11A,11A,11A,11A/11D,11A,11E,11A
ERR1440000,UK_benchmark,15A,15,15A,15A,Failed,15A/15D,15A,15A,15A
ERR1439886,UK_benchmark,20,20,20B,20,20,20,20,20B,20
ERR1439884,UK_benchmark,17F,17,17F,17F,17F,17F,17F,17F,17F
ERR1438909,UK_benchmark,33F,33,33F,33F,33F,33F/33A,33F,33F,33A/33F
ERR1439674,UK_benchmark,19A,19,19A,19A,19AF,19A,19A,19A,19A
ERR1440484,UK_benchmark,1,1,1,1,1,1,1,1,1
ERR1440432,UK_benchmark,14,14,14,14,14,14,14,14,14
ERR1439465,UK_benchmark,34,34,34,34,34,34,34,34,34
ERR1440615,UK_benchmark,14,14,14,14,14,14,14,14,14
ERR1438987,UK_benchmark,2,2,2,2,2,2,2,2,2
ERR1438945,UK_benchmark,19A,19,19A,19A,19AF,19A,19A,19A,19A
ERR1439836,UK_benchmark,4,4,4,4,4,4,4,4,4
ERR1439942,UK_benchmark,10A,10,10A,10A,10A,10A,10A,10A,10A
ERR1439002,UK_benchmark,15A,15,15A,15A,Failed,15A/15D,15A,15A,15A
ERR1439332,UK_benchmark,15A,15,15A,15A,15A,15A/15D,15A,15A,15A
ERR1440096,UK_benchmark,27,27,27,27,27,27,27,27,27
ERR1439513,UK_benchmark,12F,12,12F,12F,12F,12F,12F,12F,12F
ERR1440267,UK_benchmark,8,8,8,8,8,8,8,8,8
ERR1438932,UK_benchmark,33F,33,33F,33F,33F,33F/33A,33F,33A/33E/33F,33F
ERR1438902,UK_benchmark,17F,17,17F,17F,17F,17F,17F,17F,17F
ERR1439246,UK_benchmark,18C,18,18C,18C,18A,18C/18B,18C,18C,18C
ERR1440082,UK_benchmark,19A,19,19A,19A,19AF,19A,19A,19A,19A
ERR1438940,UK_benchmark,33F,33,33F,33F,33F,33F/33A,33F,33F,33A/33F
ERR1439713,UK_benchmark,6A,6,6A,6A,6B,6A/6B,6A,6A,6A
ERR1440170,UK_benchmark,22F,22,22F,22F,22F,22F,22F,22F,22F
ERR1439444,UK_benchmark,10F,10,10F,10F,10F,10F,10F,10F,10F
ERR1440167,UK_benchmark,33F,33,33F,33F,33F,33F/33A,33F,33F,33F
ERR1439902,UK_benchmark,38,38,38,38,38,38,38,38,38
ERR1439636,UK_benchmark,23F,23,23F,23F,23F,23F,23F,23F,23F
ERR1439901,UK_benchmark,12F,12,12F,12F,12F,12F,12F,12F,12F
ERR1440323,UK_benchmark,38,38,38,38,38,38,38,38,38
ERR1438839,UK_benchmark,7F,7,7F,7F,7A,7F/7A,7F,7F,7F
ERR1439124,UK_benchmark,9V,9,9V,9V,9V,9A/9V,9V,9V,9V
ERR1440653,UK_benchmark,15A,15,15A,15A,15A,15A/15D,15A,15A,15A
ERR1440664,UK_benchmark,27,27,27,27,27,27,27,27,27
ERR1440159,UK_benchmark,12F,12,12F,12F,12F,12F,12F,12F,12F
ERR1438965,UK_benchmark,19A,19,19A,19A,19AF,19A,19A,19A,19A
ERR1439938,UK_benchmark,8,8,8,8,Failed,8,8,8,8
ERR1439105,UK_benchmark,15A,15,15A,15A,15A,15A/15D,15A,15A,15A
ERR1440298,UK_benchmark,6A,6,6A,6A,6A,6A/6B,6A,6A,6A
ERR1439835,UK_benchmark,5,5,5,5,5,5,5,5,5
ERR1439907,UK_benchmark,12F,12,12F,12F,12F,12F,12F,12F,12F
ERR1439676,UK_benchmark,9V,9,9V,9V,9V,9A/9V,9V,9V,9V
ERR1438963,UK_benchmark,19A,19,19A,19A,19AF,19A,19A,19A,19A
ERR1440587,UK_benchmark,3,3,3,3,3,3,3,3,3
ERR1438984,UK_benchmark,29,29,29,29,29,29,29,29,29
ERR1440301,UK_benchmark,15A,15,15A,15A,15A,15A/15D,15A,15A,15A
ERR1439796,UK_benchmark,19F,19,19F,19F,19F,19F,19F,19F,19F
ERR1440393,UK_benchmark,9V,9,9V,9V,9V,9A/9V,9V,9V,9V
ERR1439840,UK_benchmark,4,4,4,4,4,4,4,4,4
ERR1439099,UK_benchmark,19A,19,19A,19A,19AF,19A,19A,19A,19A
ERR1440043,UK_benchmark,8,8,8,8,8,8,8,8,8
ERR1439828,UK_benchmark,6A,6,6A,6A,6A,6A/6B,6A,6A,6A
ERR1440346,UK_benchmark,17F,17,17F,17F,17F,17F,17F,17F,17F
ERR1439077,UK_benchmark,15A,15,15A,15A,15A,15A/15D,15A,15A,15A
ERR1440637,UK_benchmark,6A,6,6A,6A,6A,6A_6B_6C_6D,6A,6A,6A
ERR1438795,UK_benchmark,48,48,48,48,48,48,48,48,48
ERR1440423,UK_benchmark,10A,10,10A,10A,10A,10A,10A,10A,10A
ERR1439310,UK_benchmark,19F,19,19F,19F,19F,19F,19F,19F,19F
ERR1440063,UK_benchmark,19A,19,19A,19A,Failed,19A,19A,19A,19A
ERR1440647,UK_benchmark,23B,23,23B,23B,23B,23B,23B,23B,23B
ERR1439130,UK_benchmark,15A,15,15A,15A,15A,15A/15D,15A,15A,15A
ERR1440211,UK_benchmark,1,1,1,1,1,1,1,1,1
ERR1439199,UK_benchmark,15A,15,15A,15A,15A,15A/15D,15A,15A,15A
ERR1440352,UK_benchmark,12A,12,46,46,12A,12A/12B/44/46,12B,46,12A/12B
ERR1438877,UK_benchmark,15C,15,15B,15C,Failed,15B/15C,15B|15C,15B,15B/15C
ERR1438983,UK_benchmark,22F,22,22F,22F,22F,22F,22F,22F,22F
ERR1440460,UK_benchmark,11A,11,11A,11A,11A,11A/11D,11A,11A,11A
ERR1440299,UK_benchmark,12F,12,12F,12F,12F,12F,12F,12F,12F
ERR1439013,UK_benchmark,19A,19,19A,19A,19AF,19A,19A,19A,19A
ERR1439306,UK_benchmark,15A,15,15A,15A,15A,15A/15D,15A,15A,15A
ERR1439671,UK_benchmark,23F,23,23F,23F,23F,23F,23F,23F,23F
ERR1439965,UK_benchmark,6C,6,6C,6C,Failed,6A_6B_6C_6D,6C,6C,6C
ERR1440335,UK_benchmark,31,31,31,31,31,31,31,31,31
ERR1440145,UK_benchmark,23B,23,23B,23B,23B,23B,23B,23B,23B
ERR1440164,UK_benchmark,8,8,8,8,Failed,8,8,8,8
ERR1439856,UK_benchmark,35C,35,35C,NT,35C,35A/35C/42,42,42,42
ERR1439055,UK_benchmark,15A,15,15A,15A,15A,15A/15D,15A,15A,15A
ERR1440119,UK_benchmark,8,8,8,8,8,8,8,8,8
ERR1439730,UK_benchmark,19A,19,19A,19A,19AF,19A,19A,19A,19A
ERR1439893,UK_benchmark,23B,23,23B,23B1,23B1,23B,23B,23B,23B1
ERR1439302,UK_benchmark,35B,35,35B,35B,35B,35B/35D,35B,35B,35B
ERR1438872,UK_benchmark,9N,9,9N,9N,9N,9N/9L,9N,9N,9N
ERR1439295,UK_benchmark,15B,15,15B,15B,15C,15B/15C,15B,15B,15B/15C
ERR1439552,UK_benchmark,15A,15,15A,15A,15A,15A/15D,15A,15A,15A
ERR1439114,UK_benchmark,19A,19,19A,19A,19AF,19A,19A,19A,19A
ERR1438995,UK_benchmark,36,36,36,NT,36,36A,36,36A,36
ERR1439544,UK_benchmark,13,13,13,13,13,13,13,13,13
ERR1439944,UK_benchmark,38,38,38,38,38,38,38,38,38
ERR1439980,UK_benchmark,8,8,8,8,Failed,8,8,8,8
ERR1439292,UK_benchmark,7C,7,7C,7C,7C,7C,7C,7C,7C
ERR1440284,UK_benchmark,21,21,21,21,21,21,21,21,21
ERR1439409,UK_benchmark,15B,15,15B,15C,15C,15B/15C,15B|15C,15C,15B/15C
ERR1439803,UK_benchmark,35B,35,35B,35B,35B,35B/35D,35B,35B,35B
ERR1438979,UK_benchmark,11A,11,11A,11A,11A,11A/11D,11A,11A,11A
ERR1439426,UK_benchmark,27,27,27,27,Failed,27,27,27,27
ERR1439650,UK_benchmark,35B,35,35B,35B,35B,35B/35D,35B,35B,35B
ERR1439526,UK_benchmark,19A,19,19A,19A,19AF,19A,19A,19A,19A
ERR1439679,UK_benchmark,14,14,14,14,14,14,14,14,14
ERR1439670,UK_benchmark,19A,19,19A,19A,19A,19A,19A,19A,19A
ERR1439167,UK_benchmark,15A,15,15A,15A,15A,15A/15D,15A,15A,15A
ERR1439191,UK_benchmark,19A,19,19A,19A,19AF,19A,19A,19A,19A
ERR1439506,UK_benchmark,9N,9,9N,9N,9N,9N/9L,9N,9N,9N
ERR1440470,UK_benchmark,20,20,20B,20,20,20,20,20B,20
ERR1440188,UK_benchmark,8,8,8,8,8,8,8,8,8
ERR1439360,UK_benchmark,4,4,4,4,4,4,4,4,4
ERR1439859,UK_benchmark,9V,9,9V,9V,Failed,9A/9V,9V,9V,9A
ERR1440597,UK_benchmark,36,36,36,NT,Failed,36B,36,36B,36
ERR1439756,UK_benchmark,19A,19,19A,19A,19A,19A,19A,19A,19A
ERR1439396,UK_benchmark,27,27,27,27,27,27,27,27,27
ERR1440609,UK_benchmark,9V,9,9V,9V,9V,9A/9V,9V,9V,9V
ERR1440509,UK_benchmark,16F,16,16F,16F,16F,16F,16F,16F,16F
ERR1439493,UK_benchmark,22F,22,22F,22F,22F,22F,22F,22F,22F
ERR1440533,UK_benchmark,33F,33,33F,33F,33F,33F/33A,33F,33F,33F
ERR1440024,UK_benchmark,23A,23,23A,23A,23A,23A,23A,23A,23A
ERR1440088,UK_benchmark,19A,19,19A,19A,19AF,19A,19A,19A,19A
ERR1439874,UK_benchmark,1,1,1,1,1,1,1,1,1
ERR1440114,UK_benchmark,21,21,21,21,21,21,21,21,21
ERR1439478,UK_benchmark,22F,22,22F,22F,22F,22F,22F,22F,22F
ERR1439739,UK_benchmark,6A,6,6A,6A,6A,6A/6B,6A,6A,6A
ERR1440117,UK_benchmark,3,3,3,3,3,3,3,3,3
ERR1440166,UK_benchmark,22F,22,22F,22F,22F,22F,22F,22F,22F
ERR1440494,UK_benchmark,16F,16,16F,16F,16F,16F,16F,16F,16F
ERR1438813,UK_benchmark,18F,18,18F,18F,Failed,18F,18F,18F,18F
ERR1439891,UK_benchmark,6A,6,6A,6A,6B,6A/6B,6A,6A,6A
ERR1439729,UK_benchmark,19A,19,19A,19A,Failed,19A,19A,19A,19A
ERR1439610,UK_benchmark,27,27,27,27,27,27,27,27,27
ERR1439937,UK_benchmark,22F,22,22F,22F,22F,22F,22F,22F,22F
ERR1438832,UK_benchmark,19A,19,19A,19A,19AF,19A,19A,19A,19A
ERR1439222,UK_benchmark,19A,19,19A,19A,19A,19A,19A,19A,19A
ERR1440344,UK_benchmark,20,20,20B,20,20,20,20,20B,20
ERR1440020,UK_benchmark,6C,6,6C,6C,6D,6A_6B_6C_6D,6C,6C,6C
ERR1438796,UK_benchmark,48,48,48,48,48,48,48,48,48
ERR1439648,UK_benchmark,19A,19,19A,19A,Failed,19A,19A,19A,19A
ERR1440576,UK_benchmark,35B,35,35B,35B,35B,35B/35D,35B,35B,35B
ERR1439046,UK_benchmark,19A,19,19A,19A,19A,19A,19A,19A,19A
ERR1439747,UK_benchmark,1,1,1,1,1,1,1,1,1
ERR1438845,UK_benchmark,6C,6,6C,6C,6C,6C/6D,6C,6C,6C
ERR1439127,UK_benchmark,15A,15,15A,15A,15A,15A/15D,15A,15A,15A
ERR1440428,UK_benchmark,11A,11,11A,11A,11A,11A/11D,11A,11A,11A
ERR1439333,UK_benchmark,15A,15,15A,15A,15A,15A/15D,15A,15A,15A
ERR1439651,UK_benchmark,23B,23,23B,23B1,23B1,23B,23B,23B,23B1
ERR1439242,UK_benchmark,19F,19,19F,19F,19F,19F,19F,19F,19F
ERR1439443,UK_benchmark,35B,35,35B,35B,35B,35B/35D,35B,35B,35B
ERR1440679,UK_benchmark,29,29,29,29,29,29,29,29,29
ERR1439806,UK_benchmark,35F,35,35F,35F,35F,35F,35F,35F,35F
ERR1440221,UK_benchmark,6C,6,6C,6C,6D,6C/6D,6C,6C,6C
ERR1439440,UK_benchmark,15A,15,15A,15A,15A,15A/15D,15A,15A,15A
ERR1439208,UK_benchmark,15A,15,15A,15A,15A,15A/15D,15A,15A,15A
ERR1440581,UK_benchmark,3,3,3,3,3,3,3,3,3
ERR1440222,UK_benchmark,9V,9,9V,9V,9V,9A/9V,9V,9V,9V
ERR1439538,UK_benchmark,11A,11,11A,11A,11D,11A/11D,11A,11A,11A
ERR1439045,UK_benchmark,15A,15,15A,15A,Failed,15A/15D,15A,15A,15A
ERR1439298,UK_benchmark,18C,18,18C,18C,18B,18C/18B,18C,18C,18B
ERR1439696,UK_benchmark,19A,19,19A,19A,19A,19A,19A,19A,19A
ERR1439712,UK_benchmark,34,34,34,34,34,34,34,34,34
ERR1439125,UK_benchmark,19A,19,19A,19A,19AF,19A,19A,19A,19A
ERR1439183,UK_benchmark,15A,15,15A,15A,15A,15A/15D,15A,15A,15A
ERR1440282,UK_benchmark,17F,17,17F,17F,17F,17F,17F,17F,17F
ERR1439726,UK_benchmark,13,13,13,13,13,13,13,13,13
ERR1439203,UK_benchmark,15A,15,15A,15A,15A,15A/15D,15A,15A,15A
ERR1439488,UK_benchmark,15A,15,15A,15A,15A,15A/15D,15A,15A,15A
ERR1440305,UK_benchmark,9V,9,9V,9V,9A,9A/9V,9V,9V,9V
ERR1440370,UK_benchmark,1,1,1,1,1,1,1,1,1
ERR1439308,UK_benchmark,15B,15,4,15C,15B,15B/15C,15C,15C,15B/15C
ERR1440311,UK_benchmark,20,20,20B,20,20,20,20,20B,20
ERR1439181,UK_benchmark,19F,19,19F,19F,19F,19F,19F,19F,19F
ERR1439984,UK_benchmark,19A,19,19A,19A,Failed,19A,19A,19A,19A
ERR1440075,UK_benchmark,7F,7,7F,7F,7A,7F/7A,7F,7F,7F
ERR1439897,UK_benchmark,8,8,8,8,8,8,8,8,8
ERR1439832,UK_benchmark,4,4,4,4,4,4,4,4,4
ERR1439381,UK_benchmark,15B,15,15B,15B,15C,15B/15C,15B,15B,15B/15C
ERR1440244,UK_benchmark,4,4,4,4,4,4,4,4,4
ERR1438931,UK_benchmark,3,3,3,3,3,3,3,3,3
ERR1439115,UK_benchmark,19A,19,19A,19A,19AF,19A,19A,19A,19A
ERR1439888,UK_benchmark,19A,19,19A,19A,19AF,19A,19A,19A,19A
ERR1439471,UK_benchmark,14,14,14,14,14,14,14,14,14
ERR1440439,UK_benchmark,34,34,34,34,Failed,34,34,34,34
ERR1440054,UK_benchmark,11A,11,11A,11A,Failed,11A/11D,11A,11A,11A
ERR1440256,UK_benchmark,6A,6,6A,6A,6A,6A/6B,6A,6A,6A
ERR1439529,UK_benchmark,3,3,3,3,3,3,3,3,3
ERR1438981,UK_benchmark,19A,19,19A,19A,19AF,19A,19A,19A,19A
ERR1439585,UK_benchmark,12B,12,12F,12F,12F,12F,12F,12F,12F
ERR1439751,UK_benchmark,1,1,1,1,1,1,1,1,1
ERR1439210,UK_benchmark,18C,18,18C,18C,Failed,18C/18B,18C,18C,18C
ERR1439530,UK_benchmark,10A,10,10A,10A,10A,10A,10A,10A,10A
ERR1440330,UK_benchmark,17F,17,17F,17F,17F,17F,17F,17F,17F
ERR1439320,UK_benchmark,15A,15,15A,15A,15A,15A/15D,15A,15A,15A
ERR1438944,UK_benchmark,7F,7,7F,7F,7A,7F/7A,7F,7F,7F
ERR1440123,UK_benchmark,6C,6,6C,6C,6C,6C/6D,6C,6C,6C
ERR1440443,UK_benchmark,11A,11,11A,11A,11D,11A/11D,11A,11A,11A
ERR1439680,UK_benchmark,11A,11,7C,11A,11A,11A/11D,11A,11A,11A
ERR1439537,UK_benchmark,9N,9,9N,9N,9N,9N/9L,9N,9N,9N
ERR1438815,UK_benchmark,7F,7,7F,7F,7A,7F/7A,7F,7F,7F
ERR1439889,UK_benchmark,19A,19,19A,19A,19AF,19A,19A,19A,19A
ERR1440151,UK_benchmark,19F,19,6B,19F,19F,19F,19F,19F,19F
ERR1439999,UK_benchmark,20,20,20B,20,Failed,20,20,20B,20
ERR1439707,UK_benchmark,19A,19,19A,19A,19AF,19A,19A,19A,19A
ERR1439305,UK_benchmark,15A,15,15A,15A,15A,15A/15D,15A,15A,15A
ERR1440512,UK_benchmark,10A,10,10A,10A,10A,10A,10A,10A,10A
ERR1440062,UK_benchmark,22F,22,22F,22F,22F,22F,22F,22F,22F
ERR1438969,UK_benchmark,19A,19,19A,19A,19A,19A,19A,19A,19A
ERR1439365,UK_benchmark,15A,15,15A,15A,15A,15A/15D,15A,15A,15A
ERR1440314,UK_benchmark,6B,6,6B,6E,6E,Serogroup_6_(6E),6B,6B,6E(6B)
ERR1440192,UK_benchmark,12B,12,12F,12F,12F,12F,12F,12F,12F
ERR1439970,UK_benchmark,15A,15,15A,15A,Failed,15A/15D,15A,15A,15A
ERR1440030,UK_benchmark,19A,19,19A,19A,19A,19A,19A,19A,19A
ERR1439763,UK_benchmark,4,4,4,4,4,4,4,4,4
ERR1439420,UK_benchmark,15A,15,15A,15A,15A,15A/15D,15A,15A,15A
ERR1440663,UK_benchmark,34,34,34,34,34,34,34,34,34
ERR1438844,UK_benchmark,6C,6,6C,6C,6C,6C/6D,6C,6C,6C
ERR1440003,UK_benchmark,8,8,8,8,Failed,8,8,8,8
ERR1439766,UK_benchmark,18C,18,18C,18C,18B,18C/18B,18C,18C,18C
ERR1438917,UK_benchmark,12F,12,12F,12F,12F,12F,12F,12F,12F
ERR1439353,UK_benchmark,15A,15,15A,15A,15A,15A/15D,15A,15A,15A
ERR1439179,UK_benchmark,18C,18,18C,NT,18A,"Below 70% hit - Poor Sequence quality, variant or non-typeable organism.",18A,18C,18A
ERR1440601,UK_benchmark,7C,7,7C,7C,7C,7C,7C,7C,7C
ERR1439428,UK_benchmark,27,27,27,27,27,27,27,27,27
ERR1439149,UK_benchmark,19A,19,19A,19A,19A,19A,19A,19A,19A
ERR1439939,UK_benchmark,3,3,3,3,3,3,3,3,3
ERR1439714,UK_benchmark,34,34,34,34,34,34,34,34,34
ERR1439363,UK_benchmark,6B,6,6B,6E,6E,Serogroup_6_(6E),6B,6B,6E(6B)
ERR1438972,UK_benchmark,19A,19,19A,19A,19AF,19A,19A,19A,19A
ERR1439894,UK_benchmark,9N,9,9N,9N,9N,9N/9L,9N,9N,9N
ERR1440238,UK_benchmark,10A,10,10A,10A,10A,10A,10A,10A,10A
ERR1439657,UK_benchmark,19A,19,19A,19A,19AF,19A,19A,19A,19A
ERR1439250,UK_benchmark,19A,19,19A,19A,19A,19A,19A,19A,19A
ERR1439576,UK_benchmark,9V,9,9V,9V,9V,9A/9V,9A,9A,9V
ERR1439715,UK_benchmark,19A,19,19A,19A,19AF,19A,19A,19A,19A
ERR1439106,UK_benchmark,18C,18,18C,18C,18B,18C/18B,18C,18C,18C
ERR1439154,UK_benchmark,15B,15,19F,15B,15C,15B/15C,15B,15B,15B/15C
ERR1439394,UK_benchmark,35B,35,35B,35B,35B,35B/35D,35B,35B,35B
ERR1440017,UK_benchmark,15A,15,15A,15A,15A,15A/15D,15A,15A,15A
ERR1440264,UK_benchmark,8,8,8,8,8,8,8,8,8
ERR1439786,UK_benchmark,9V,9,9V,9V,9V,9A/9V,9V,9V,9V
ERR1440253,UK_benchmark,4,4,4,4,4,4,4,4,4
ERR1439922,UK_benchmark,9N,9,9N,9N,9N,9N/9L,9N,9N,9N
ERR1439549,UK_benchmark,6B,6,6B,6B,6A,6A/6B,6B,6B,6B
ERR1440640,UK_benchmark,15C,15,15C,15C,15B,15B/15C,15C,15C,15B/15C
ERR1439647,UK_benchmark,22F,22,22F,22F,22F,22F,22F,22F,22F
ERR1439289,UK_benchmark,15B,15,15C,15B,15C,15B/15C,15B,15B,15B/15C
ERR1440543,UK_benchmark,9N,9,9N,9N,9N,9N/9L,9N,9N,9N
ERR1439165,UK_benchmark,19A,19,19A,19A,19AF,19A,19A,19A,19A
ERR1439459,UK_benchmark,23F,23,23F,23F,Failed,23F,23F,23F,23F
ERR1439392,UK_benchmark,15B,15,15C,15C,15B,15B/15C,15B|15C,15C,15B/15C
ERR1440583,UK_benchmark,3,3,3,3,3,3,3,3,3
ERR1438991,UK_benchmark,29,29,29,29,Failed,"Below 70% hit - Poor Sequence quality, variant or non-typeable organism.",29,29,29
ERR1439484,UK_benchmark,19A,19,19A,19A,19AF,19A,19A,19A,19A
ERR1438871,UK_benchmark,15C,15,15B,15C,Failed,15B/15C,15B|15C,15C,15B/15C
ERR1439681,UK_benchmark,19A,19,19A,19A,19AF,19A,19A,19A,19A
ERR1440360,UK_benchmark,9V,9,9V,9V,9V,9A/9V,9V,9V,9V
ERR1439490,UK_benchmark,24F,24,24F,24F,24B,24F/24B,24B,24B/24C/24F,24A/24B/24F
ERR1438878,UK_benchmark,22F,22,22F,22F,22F,22F,22F,22F,22F
ERR1439266,UK_benchmark,19F,19,19F,19F,19F,19F,19F,19F,19F
ERR1439582,UK_benchmark,10B,10,10B,10B,10B,10B,10B,10B,10B
ERR1440039,UK_benchmark,23A,23,23A,23A,23A,23A,23A,23A,23A
ERR1439196,UK_benchmark,6C,6,6C,6C,6D,6C/6D,6B|06C,6C,6C
ERR1439607,UK_benchmark,6B,6,6B,6E,6E,Serogroup_6_(6E),6B,6B,6E(6B)
ERR1439575,UK_benchmark,23F,23,23F,23F,23F,23F,23F,23F,23F
ERR1440249,UK_benchmark,14,14,14,14,14,14,14,14,14
ERR1439767,UK_benchmark,18C,18,18C,18C,18B,18C/18B,18C,18C,18C
ERR1438971,UK_benchmark,2,2,2,2,2,2,2,2,2
ERR1438858,UK_benchmark,19A,19,19A,19A,19AF,19A,19A,19A,19A
ERR1439663,UK_benchmark,9V,9,9V,9V,9V,9A/9V,9V,9V,9V
ERR1440001,UK_benchmark,12F,12,12F,12F,Failed,12F,12F,12F,12F
ERR1440396,UK_benchmark,31,31,31,31,31,31,31,31,31
ERR1440337,UK_benchmark,17F,17,17F,17F,17F,17F,17F,17F,17F
ERR1439600,UK_benchmark,19A,19,19A,19A,19AF,19A,19A,19A,19A
ERR1440608,UK_benchmark,14,14,14,14,14,14,14,14,14
ERR1439441,UK_benchmark,14,14,14,14,14,14,14,14,14
ERR1440006,UK_benchmark,19A,19,19A,19A,19AF,19A,19A,19A,19A
ERR1440466,UK_benchmark,10A,10,10A,10A,10A,10A,10A,10A,10A
ERR1440053,UK_benchmark,22F,22,22F,22F,22F,22F,22F,22F,22F
ERR1438986,UK_benchmark,35B,35,35B,35B,35B,35B/35D,35B,35B,35B
ERR1438996,UK_benchmark,15C,15,15C,15C,15C,15B/15C,15B|15C,15C,15B/15C
ERR1440403,UK_benchmark,20,20,20B,20,20,20,20,20B,20
ERR1439644,UK_benchmark,19A,19,19A,19A,19AF,19A,19A,19A,19A
ERR1439518,UK_benchmark,19A,19,19A,19A,19AF,19A,19A,19A,19A
ERR1439398,UK_benchmark,15A,15,15A,15A,Failed,15A/15D,15A,15A,15A
ERR1440643,UK_benchmark,23B,23,23B,23B1,23B1,23B,23B,23B,23B1
ERR1438801,UK_benchmark,18F,18,18F,18F,18B,18F,18F,18F,18F
ERR1439230,UK_benchmark,15A,15,15A,15A,15A,15A/15D,15A,15A,15A
ERR1439564,UK_benchmark,14,14,14,14,14,14,14,14,14
ERR1439121,UK_benchmark,9V,9,9V,9V,9V,9A/9V,9V,9V,9A
ERR1439369,UK_benchmark,15B,15,15C,15B,Failed,15B/15C,15B,15B,15B/15C
ERR1440488,UK_benchmark,16F,16,16F,16F,16F,16F,16F,16F,16F
ERR1439971,UK_benchmark,19A,19,19A,19A,Failed,19A,19A,19A,19A
ERR1440444,UK_benchmark,23A,23,23A,23A,23A,23A,23A,23A,23A
ERR1440544,UK_benchmark,10A,10,10A,10A,10A,10A,10A,10A,10A
ERR1440322,UK_benchmark,21,21,21,21,21,21,21,21,21
ERR1440183,UK_benchmark,9N,9,9N,9N,9N,9N/9L,9N,9N,9N
ERR1440483,UK_benchmark,10A,10,10A,10A,10A,10A,10A,10A,10A
ERR1439979,UK_benchmark,33F,33,33F,33F,Failed,33F/33A,33F,33F,33A/33F
ERR1440387,UK_benchmark,17F,17,17F,17F,17F,17F,17F,17F,17F
ERR1439143,UK_benchmark,19A,19,19A,19A,19AF,19A,19A,19A,19A
ERR1439877,UK_benchmark,1,1,1,1,1,1,1,1,1
ERR1439673,UK_benchmark,6A,6,6A,6A,6A,6A/6B,6A,6A,6A
ERR1439446,UK_benchmark,4,4,4,4,4,4,4,4,4
ERR1439096,UK_benchmark,11B,11,11B,11B,11B,11B/11C,11B,11B,11B
ERR1440198,UK_benchmark,20,20,20B,20,20,20,20,20B,20
ERR1439185,UK_benchmark,15A,15,15A,15A,15A,15A/15D,15A,15A,15A
ERR1439645,UK_benchmark,19A,19,19A,19A,19AF,19A,19A,19A,19A
ERR1439361,UK_benchmark,9V,9,9V,9V,9V,9A/9V,9V,9V,9V
ERR1439492,UK_benchmark,22F,22,22F,22F,22F,22F,22F,22F,22F
ERR1440379,UK_benchmark,7C,7,7C,7C,7C,7C,7C,7C,7C
ERR1439354,UK_benchmark,15B,15,15A,15C,15C,15B/15C,15B|15C,15C,15B/15C
ERR1439605,UK_benchmark,37,37,37,37,37,37,37,37,37
ERR1440193,UK_benchmark,23F,23,23F,23F,23F,23F,23F,23F,23F
ERR1439429,UK_benchmark,18C,18,18C,18C,18B,18C/18B,18C,18C,18C
ERR1440476,UK_benchmark,33F,33,33F,33F,33F,33F/33A,33F,33F,33F
ERR1440345,UK_benchmark,31,31,31,31,31,31,31,31,31
ERR1440381,UK_benchmark,17F,17,17F,17F,17F,17F,17F,17F,17F
ERR1439395,UK_benchmark,15B,15,15B,15B,15C,15B/15C,15B,15B,15B/15C
ERR1439235,UK_benchmark,19F,19,19F,19F,19F,19F,19F,19F,19F
ERR1439108,UK_benchmark,19A,19,19A,19A,19AF,19A,19A,19A,19A
ERR1439141,UK_benchmark,15A,15,15A,15A,15A,15A/15D,15A,15A,15A
ERR1438867,UK_benchmark,6C,6,6C,6C,6C,6C/6D,6C,6C,6C
ERR1440562,UK_benchmark,35B,35,35B,35B,35B,35B/35D,35B,35B,35B
ERR1439994,UK_benchmark,35F,35,35F,35F,35F,35F,35F,35F,35F
ERR1440110,UK_benchmark,7F,7,7F,7F,7A,7F/7A,7F,7F,7F
ERR1438793,UK_benchmark,18F,18,18F,18F,Failed,18F,18F,18F,18F
ERR1440605,UK_benchmark,14,14,14,14,14,14,14,14,14
ERR1439557,UK_benchmark,15A,15,15A,15A,15A,15A/15D,15A,15A,15A
ERR1439808,UK_benchmark,9N,9,9N,9N,9N,9N/9L,9N,9N,9N
ERR1440467,UK_benchmark,33F,33,33F,33F,33F,33F/33A,33F,33F,33F
ERR1439006,UK_benchmark,15A,15,15A,15A,15A,15A/15D,15A,15A,15A
ERR1440073,UK_benchmark,3,3,3,3,3,3,3,3,3
ERR1440468,UK_benchmark,33F,33,33F,33F,33F,33F/33A,33F,33F,33A/33F
ERR1439226,UK_benchmark,14,14,14,14,14,14,14,14,14
ERR1439499,UK_benchmark,35F,35,35F,35F,35F,35F,35F,35F,35F
ERR1440137,UK_benchmark,22F,22,22F,22F,22F,22F,22F,22F,22F
ERR1439280,UK_benchmark,28A,28,28A,28A,28F,28F/28A,28A,28A,28A
ERR1440233,UK_benchmark,28A,28,28A,28A,28A,28F/28A,28A,28A,28A
ERR1438942,UK_benchmark,9N,9,9N,9N,9N,9N/9L,9N,9N,9N
ERR1438952,UK_benchmark,19A,19,19A,19A,19AF,19A,19A,19A,19A
ERR1440219,UK_benchmark,10B,10,10B,10B,10B,10B,10B,10B,10B
ERR1440173,UK_benchmark,24F,24,24A,24F,Failed,24F/24B,24B,24B/24C/24F,24A/24B/24F
ERR1439744,UK_benchmark,22A,22,12F,22A,22A,22A,22A,22A,22A
ERR1439628,UK_benchmark,11A,11,11A,11A,11A,11A/11D,11A,11E,11A
ERR1440481,UK_benchmark,33F,33,33F,33F,33F,33F/33A,33F,33F,33A
ERR1439376,UK_benchmark,31,31,31,31,31,31,31,31,31
ERR1440516,UK_benchmark,33F,33,33F,33F,33F,33F/33A,33F,33A/33E/33F,33A/33F
ERR1440210,UK_benchmark,21,21,21,21,21,21,21,21,21
ERR1439277,UK_benchmark,15C,15,15C,15C,15C,15B/15C,15B|15C,15B/15C,15B/15C
ERR1439401,UK_benchmark,19A,19,12F,NT,Failed,"Below 20% hit - possible acapsular organism, check species identity and sequence quality.",25F|38,NCC2_S_mitis_aliC_aliD_non_encapsulated,FAILED
ERR1440612,UK_benchmark,18C,18,18C,18C,18B,18C/18B,18C,18C,18C
ERR1439256,UK_benchmark,15A,15,15A,15A,Failed,15A/15D,15A,15A,15A
ERR1439142,UK_benchmark,15A,15,15A,15A,15A,15A/15D,15A,15A,15A
ERR1439358,UK_benchmark,23F,23,23F,23F,23F,23F,23F,23F,23F
ERR1439788,UK_benchmark,4,4,4,4,Failed,4,4,4,4
ERR1440318,UK_benchmark,20,20,20B,20,20,20,20,20B,20
ERR1439224,UK_benchmark,19A,19,19A,19A,19A,19A,19A,19A,19A
ERR1440329,UK_benchmark,21,21,21,21,21,21,21,21,21
ERR1439267,UK_benchmark,15A,15,15A,15A,15A,15A/15D,15A,15A,15A
ERR1440632,UK_benchmark,15A,15,15A,15A,Failed,15A/15D,15A,15A,15A
ERR1440171,UK_benchmark,8,8,8,8,8,8,8,8,8
ERR1440648,UK_benchmark,23B,23,23B,23B1,23B1,23B,23B,23B,23B1
ERR1440431,UK_benchmark,10A,10,10A,10A,10A,10A,10A,10A,10A
ERR1439221,UK_benchmark,4,4,4,4,4,4,4,4,4
ERR1439019,UK_benchmark,35B,35,35B,35B,35B,35B/35D,35B,35B,35B
ERR1439293,UK_benchmark,15A,15,15A,15A,15A,15A/15D,15A,15A,15A
ERR1439244,UK_benchmark,6C,6,6C,6C,6D,6C/6D,6C,6C,6C
ERR1440551,UK_benchmark,3,3,3,3,3,3,3,3,3
ERR1440391,UK_benchmark,23F,23,23B,23B,Failed,23B,23B,23B,23B
ERR1440548,UK_benchmark,11A,11,11A,11A,11A,11A/11D,11A,11A,11A
ERR1440356,UK_benchmark,17F,17,17F,17F,17F,17F,17F,17F,17F
ERR1440286,UK_benchmark,35F,35,35F,35F,35F,35F,35F,35F,35F
ERR1439083,UK_benchmark,15A,15,15A,15A,15A,15A/15D,15A,15A,15A
ERR1440433,UK_benchmark,23B,23,23B,23B,Failed,23B,23B,23B,23B
ERR1440180,UK_benchmark,8,8,8,8,8,8,8,8,8
ERR1438967,UK_benchmark,19A,19,19A,19A,19AF,19A,19A,19A,19A
ERR1440129,UK_benchmark,9N,9,9N,9N,9N,9N/9L,9N,9N,9N
ERR1439138,UK_benchmark,35B,35,35B,35B,35B,35B/35D,35B,35B,35B
ERR1439815,UK_benchmark,4,4,4,4,4,4,4,4,4
ERR1439158,UK_benchmark,19A,19,19A,19A,19AF,19A,19A,19A,19A
ERR1440266,UK_benchmark,3,3,3,3,3,3,3,3,3
ERR1439095,UK_benchmark,35B,35,35B,35B,35B,35B/35D,35B,35B,35B
ERR1439941,UK_benchmark,23B,23,23B,23B,23B,23B,23B,23B,23B
ERR1439620,UK_benchmark,27,27,27,27,27,27,27,27,27
ERR1440458,UK_benchmark,38,38,38,38,38,25F_25A_38,38,38,38
ERR1439211,UK_benchmark,15A,15,15A,15A,15A,15A/15D,15A,15A,15A
ERR1439880,UK_benchmark,10B,10,10B,10B,10B,10B,10B,10B,10B
ERR1439662,UK_benchmark,4,4,4,4,4,4,4,4,4
ERR1440116,UK_benchmark,9N,9,9N,9N,9N,9N/9L,9N,9N,9N
ERR1438825,UK_benchmark,19A,19,19A,19A,19AF,19A,19A,19A,19A
ERR1439322,UK_benchmark,15A,15,15A,15A,15A,15A/15D,15A,15A,15A
ERR1440310,UK_benchmark,20,20,20B,20,20,20,20,20B,20
ERR1439845,UK_benchmark,10F,10,10F,10F,10F,10F,10F,10F,10F
ERR1438925,UK_benchmark,7F,7,7F,7F,7F,7F/7A,7F,7F,7F
ERR1440409,UK_benchmark,10A,10,10A,10A,10A,10A,10A,10A,10A
ERR1438880,UK_benchmark,19A,19,19A,19A,19AF,19A,19A,19A,19A
ERR1439187,UK_benchmark,19A,19,19A,19A,19A,19A,19A,19A,19A
ERR1440239,UK_benchmark,7F,7,7F,7F,7A,7F/7A,7F,7F,7F
ERR1439812,UK_benchmark,17F,17,17F,17F,17F,17F,17F,17F,17F
ERR1440340,UK_benchmark,23F,23,23F,23F,23F,23F,23F,23F,23F
ERR1440636,UK_benchmark,27,27,27,27,27,27,27,27,27
ERR1438900,UK_benchmark,1,1,1,1,1,1,1,1,1
ERR1440300,UK_benchmark,18C,18,18C,NT,18A,18C/18B,18C,18C,18B
ERR1440047,UK_benchmark,31,31,31,31,31,31,31,31,31
ERR1439841,UK_benchmark,7C,7,7C,7C,7C,7C,7C,7C,7C
ERR1440651,UK_benchmark,15C,15,15B,15C,Failed,15B/15C,15C,15B,15B/15C
ERR1439470,UK_benchmark,12F,12,12F,12F,12F,12F,12F,12F,12F
ERR1439436,UK_benchmark,15B,15,15B,15B,Failed,15B/15C,15B,15B,15B/15C
ERR1440670,UK_benchmark,23B,23,23B,23B,23B,23B,23B,23B,23B
ERR1439314,UK_benchmark,35B,35,35B,35B,35B,35B/35D,35B,35B,35B
ERR1439309,UK_benchmark,15A,15,15A,15A,15A,15A/15D,15A,15A,15A
ERR1440390,UK_benchmark,11A,11,11A,11A,11A,11A/11D,11A,11A,11A
ERR1439559,UK_benchmark,14,14,14,14,14,14,14,14,14
ERR1438854,UK_benchmark,21,21,21,21,Failed,21,21,21,21
ERR1439869,UK_benchmark,17F,17,17F,17F,17F,17F,17F,17F,17F
ERR1439480,UK_benchmark,37,37,37,37,37,37,37,37,37
ERR1439134,UK_benchmark,19A,19,19A,19A,19AF,19A,19A,19A,19A
ERR1439068,UK_benchmark,35B,35,35B,35B,35B,35B/35D,35B,35B,35B
ERR1438838,UK_benchmark,6C,6,6C,6C,6D,6A_6B_6C_6D,6C,6C,6C
ERR1440656,UK_benchmark,18C,18,18C,18C,18B,18C/18B,18C,18C,18C
ERR1440586,UK_benchmark,12F,12,12F,12F,12F,12F,12F,12F,12F
ERR1439312,UK_benchmark,15A,15,15A,15A,Failed,15A/15D,15A,15A,15A
ERR1439830,UK_benchmark,1,1,1,1,1,1,1,1,1
ERR1439805,UK_benchmark,7C,7,7C,7C,7C,7C,7C,7C,7C
ERR1439596,UK_benchmark,19A,19,19A,19A,19AF,19A,19A,19A,19A
ERR1439947,UK_benchmark,22F,22,22F,22F,22F,22F,22F,22F,22F
ERR1439299,UK_benchmark,19F,19,19F,19F,19F,19F,19F,19F,19F
ERR1439924,UK_benchmark,22F,22,22F,22F,22F,22F,22F,22F,22F
ERR1439702,UK_benchmark,19A,19,19A,19A,19AF,19A,19A,19A,19A
ERR1440538,UK_benchmark,7F,7,7F,7F,7A,7F/7A,7F,7F,7F
ERR1440531,UK_benchmark,3,3,3,3,3,3,3,3,3
ERR1439356,UK_benchmark,35B,35,35B,35B,35B,35B/35D,35B,35B,35B
ERR1439895,UK_benchmark,19A,19,19A,19A,19AF,19A,19A,19A,19A
ERR1440416,UK_benchmark,17F,17,17F,17F,Failed,17F,17F,17F,17F
ERR1439119,UK_benchmark,19A,19,19A,19A,19AF,19A,19A,19A,19A
ERR1439887,UK_benchmark,6B,6,6B,6E,6E,Serogroup_6_(6E),6B,6B,6E(6B)
ERR1440489,UK_benchmark,17F,17,17F,17F,17F,17F,17F,17F,17F
ERR1440025,UK_benchmark,8,8,8,8,8,8,8,8,8
ERR1439790,UK_benchmark,35B,35,35B,35D,35B,35B/35D,35D,35D,35B
ERR1440560,UK_benchmark,12F,12,12F,12F,12F,12F,12F,12F,12F
ERR1439804,UK_benchmark,5,5,5,5,5,5,5,5,5
ERR1438840,UK_benchmark,19A,19,19A,19A,19AF,19A,19A,19A,19A
ERR1439284,UK_benchmark,15A,15,15A,15A,15A,15A/15D,15A,15A,15A
ERR1440440,UK_benchmark,38,38,38,38,38,38,38,38,38
ERR1439151,UK_benchmark,15A,15,15A,15A,Failed,15A/15D,15A,15A,15A
ERR1439817,UK_benchmark,9V,9,9V,9V,9V,9A/9V,9V,9V,9V
ERR1440204,UK_benchmark,6C,6,6C,6C,6D,6C/6D,6C,6C,6C
ERR1439860,UK_benchmark,23B,23,23B,23B1,23B1,23B,23B,23B,23B1
ERR1439486,UK_benchmark,3,3,3,3,3,3,3,3,3
ERR1439972,UK_benchmark,15A,15,15A,15A,Failed,15A/15D,15A,15A,15A
ERR1439852,UK_benchmark,20,20,20B,20,20,20,20,20B,20
ERR1439765,UK_benchmark,1,1,1,1,1,1,1,1,1
ERR1439968,UK_benchmark,8,8,8,8,Failed,8,8,8,8
ERR1439040,UK_benchmark,11A,11,18C,11A,11A,"Below 70% hit - Poor Sequence quality, variant or non-typeable organism.",11A,11A/11B/11C/11D/11E/11F/11F_like,11F
ERR1439043,UK_benchmark,19A,19,19A,19A,19AF,19A,19A,19A,19A
ERR1440317,UK_benchmark,17F,17,6B,17F,17F,17F,17F,17F,17F
ERR1438864,UK_benchmark,19A,19,19A,19A,19AF,19A,19A,19A,19A
ERR1440263,UK_benchmark,10A,10,10A,10A,10A,10A,10A,10A,10A
ERR1439829,UK_benchmark,1,1,1,1,1,1,1,1,1
ERR1439382,UK_benchmark,15A,15,15A,15A,Failed,15A/15D,15A,15A,15A
ERR1440545,UK_benchmark,8,8,8,8,8,8,8,8,8
ERR1439012,UK_benchmark,19A,19,19A,19A,19A,19A,19A,19A,19A
ERR1440464,UK_benchmark,38,38,38,38,38,38,38,38,38
ERR1438879,UK_benchmark,20,20,20B,20,20,20,20,20B,20
ERR1440240,UK_benchmark,12F,12,12F,12F,12F,12F,12F,12F,12F
ERR1439508,UK_benchmark,12F,12,12F,12F,12F,12F,12F,12F,12F
ERR1440367,UK_benchmark,35F,35,35F,35F,35F,35F,35F,35F,35F
ERR1439918,UK_benchmark,9N,9,9N,9N,Failed,9N/9L,9N,9N,9N
ERR1439347,UK_benchmark,11A,11,11A,11A,11D,11A/11D,11A,11A,11A
ERR1440406,UK_benchmark,35B,35,35B,35B,35B,35B/35D,35B,35B,35B
ERR1440520,UK_benchmark,7F,7,7F,7F,7A,7F/7A,7F,7F,7F
ERR1439595,UK_benchmark,10B,10,10B,10B,10B,10B,10B,10B,10B
ERR1440187,UK_benchmark,22F,22,22F,22F,22F,22F,22F,22F,22F
ERR1440534,UK_benchmark,7F,7,7F,7F,7A,7F/7A,7F,7F,7F
ERR1440174,UK_benchmark,15A,15,15A,15A,15A,15A/15D,15A,15A,15A
ERR1440628,UK_benchmark,13,13,13,13,13,13,13,13,13
ERR1440327,UK_benchmark,20,20,20B,20,20,20,20,20B,20
ERR1440415,UK_benchmark,10A,10,10A,10A,10A,10A,10A,10A,10A
ERR1440237,UK_benchmark,3,3,3,3,3,3,3,3,3
ERR1440593,UK_benchmark,11A,11,11A,11A,11A,11A/11D,11A,11A,11A
ERR1439855,UK_benchmark,18C,18,18C,18C,18B,18C/18B,18C,18C,18C
ERR1438990,UK_benchmark,28A,28,28A,28A,28A,28F/28A,28A,28A,28A
ERR1440418,UK_benchmark,35B,35,35B,35D,Failed,35B/35D,35D,35D,35B
ERR1439677,UK_benchmark,11A,11,11A,11A,11D,11A/11D,11A,11A,11A
ERR1440614,UK_benchmark,15C,15,15B,NT,15C,15B/15C,15B|15C,15C,15B/15C
ERR1439792,UK_benchmark,1,1,1,1,1,1,1,1,1
ERR1440398,UK_benchmark,10A,10,10A,10A,10A,10A,10A,10A,10A
ERR1439533,UK_benchmark,16F,16,16F,16F,16F,16F,16F,16F,16F
ERR1439722,UK_benchmark,19A,19,19A,19A,19AF,19A,19A,19A,19A
ERR1440246,UK_benchmark,9V,9,9V,9V,9V,9A/9V,9V,9V,9V
ERR1440270,UK_benchmark,12F,12,12F,12F,12F,12F,12F,12F,12F
ERR1439997,UK_benchmark,12B,12,12F,12F,Failed,12F,12F,12F,12F
ERR1440482,UK_benchmark,23A,23,23A,23A,23A,23A,23A,23A,23A
ERR1439857,UK_benchmark,6B,6,6B,6E,6E,Serogroup_6_(6E),6B,6B,6E(6B)
ERR1439402,UK_benchmark,35B,35,35B,35B,35B,35B/35D,35B,35B,35B
ERR1439634,UK_benchmark,23A,23,23A,23A,23A,23A,23A,23A,23A
ERR1439004,UK_benchmark,15A,15,15A,15A,Failed,15A/15D,15A,15A,15A
ERR1440004,UK_benchmark,12F,12,12F,12F,Failed,12F,12F,12F,12F
ERR1439318,UK_benchmark,15A,15,15A,15A,15A,15A/15D,15A,15A,15A
ERR1438968,UK_benchmark,19A,19,19A,19A,19AF,19A,19A,19A,19A
ERR1439630,UK_benchmark,5,5,5,5,5,5,5,5,5
ERR1440049,UK_benchmark,19A,19,19A,19A,19AF,19A,19A,19A,19A
ERR1439784,UK_benchmark,19A,19,19A,19A,19AF,19A,19A,19A,19A
ERR1439367,UK_benchmark,6A,6,6A,6A,6B,6A/6B,6A,6A,6A
ERR1440149,UK_benchmark,35B,35,35B,35B,Failed,35B/35D,35B,35B,35B
ERR1439635,UK_benchmark,10F,10,10F,10F,10F,10F,10F,10F,10F
ERR1440519,UK_benchmark,16F,16,16F,16F,16F,16F,16F,16F,16F
ERR1438946,UK_benchmark,19A,19,19A,19A,19AF,19A,19A,19A,19A
ERR1438808,UK_benchmark,16F,16,16F,16F,16F,16F,16F,16F,16F
ERR1440554,UK_benchmark,10A,10,10A,10A,10A,10A,10A,10A,10A
ERR1439535,UK_benchmark,15A,15,15A,15A,15A,15A/15D,15A,15A,15A
ERR1440002,UK_benchmark,19A,19,19A,19A,19A,19A,19A,19A,19A
ERR1439071,UK_benchmark,15A,15,15A,15A,15A,15A/15D,15A,15A,15A
ERR1439858,UK_benchmark,20,20,20B,20,20,20,20,20B,20
ERR1440013,UK_benchmark,9N,9,9N,9N,Failed,9N/9L,9N,9N,9N
ERR1439345,UK_benchmark,23B,23,23B,23B,23B,23B,23B,23B,23B
ERR1440410,UK_benchmark,31,31,31,31,31,31,31,31,31
ERR1439504,UK_benchmark,24F,24,24F,24F,24B,24F/24B,24B,24B/24C/24F,24A/24B/24F
ERR1440107,UK_benchmark,3,3,3,3,3,3,3,3,3
ERR1439643,UK_benchmark,6A,6,6A,6A,6B,6A/6B,6A,6A,6A
ERR1439649,UK_benchmark,19A,19,19A,19A,19A,19A,19A,19A,19A
ERR1439177,UK_benchmark,15C,15,15B,15C,15C,15B/15C,15B|15C,15C,15B/15C
ERR1439003,UK_benchmark,15A,15,15A,15A,15A,15A/15D,15A,15A,15A
ERR1438811,UK_benchmark,48,48,48,48,48,48,48,48,48
ERR1440191,UK_benchmark,37,37,37,37,33F,37,37,37,37
ERR1439904,UK_benchmark,8,8,8,8,8,8,8,8,8
ERR1440295,UK_benchmark,9V,9,9V,9V,9V,9A/9V,9V,9V,9V
ERR1439948,UK_benchmark,3,3,3,3,3,3,3,3,3
ERR1440384,UK_benchmark,21,21,21,21,21,21,21,21,21
ERR1439519,UK_benchmark,19F,19,19F,19F,19F,19F,19F,19F,19F
ERR1438980,UK_benchmark,19A,19,19A,19A,19AF,19A,19A,19A,19A
ERR1439631,UK_benchmark,9V,9,9V,9V,9V,9A/9V,9V,9V,9V
ERR1439195,UK_benchmark,19A,19,19A,19A,19AF,19A,19A,19A,19A
ERR1438904,UK_benchmark,9N,9,9N,9N,9N,9N/9L,9N,9N,9N
ERR1440032,UK_benchmark,22F,22,22F,22F,22F,22F,22F,22F,22F
ERR1439959,UK_benchmark,15A,15,15A,15A,Failed,15A/15D,15A,15A,15A
ERR1439164,UK_benchmark,19A,19,19A,19A,19AF,19A,19A,19A,19A
ERR1438863,UK_benchmark,19A,19,19A,19A,19AF,19A,19A,19A,19A
ERR1440655,UK_benchmark,6A,6,6A,6A,6A,6A/6B,6A,6A,6A
ERR1440316,UK_benchmark,20,20,20B,20,20,20,20,20B,20
ERR1440518,UK_benchmark,10A,10,10A,10A,10A,10A,10A,10A,10A
ERR1438835,UK_benchmark,19A,19,19A,19A,19A,19A,19A,19A,19A
ERR1439525,UK_benchmark,11A,11,11A,11A,11A,11A/11D,11A,11A,11A
ERR1439117,UK_benchmark,15A,15,15A,15A,15A,15A/15D,15A,15A,15A
ERR1439568,UK_benchmark,12F,12,12F,12F,12F,12F,12F,12F,12F
ERR1440044,UK_benchmark,8,8,8,8,8,8,8,8,8
ERR1440465,UK_benchmark,38,38,38,38,38,38,38,38,38
ERR1440108,UK_benchmark,22F,22,22F,22F,22F,22F,22F,22F,22F
ERR1440654,UK_benchmark,15A,15,15A,15A,15A,15A/15D,15A,15A,15A
ERR1439926,UK_benchmark,12F,12,12F,12F,12F,12F,12F,12F,12F
ERR1440571,UK_benchmark,3,3,3,3,3,3,3,3,3
ERR1439009,UK_benchmark,19F,19,19F,19F,19F,19F,19F,19F,19F
ERR1440133,UK_benchmark,23B,23,23B,23B,23B,23B,23B,23B,23B
ERR1438848,UK_benchmark,19A,19,19A,19A,19AF,19A,19A,19A,19A
ERR1440549,UK_benchmark,9N,9,9N,9N,9N,9N/9L,9N,9N,9N
ERR1439917,UK_benchmark,3,3,3,3,3,3,3,3,3
ERR1439573,UK_benchmark,15A,15,15A,15A,Failed,15A/15D,15A,15A,15A
ERR1440394,UK_benchmark,11A,11,11A,11A,Failed,11A/11D,11A,11A,11A
ERR1439782,UK_benchmark,7C,7,7C,7C,7C,7C,7C,7C,7C
ERR1439404,UK_benchmark,15B,15,15B,15B,15B,15B/15C,15B,15B,15B/15C
ERR1439286,UK_benchmark,15A,15,15A,15A,15A,15A/15D,15A,15A,15A
ERR1440242,UK_benchmark,8,8,8,8,8,8,8,8,8
ERR1438820,UK_benchmark,19A,19,19A,19A,19AF,19A,19A,19A,19A
ERR1439686,UK_benchmark,19A,19,19A,19A,19A,19A,19A,19A,19A
ERR1439616,UK_benchmark,25F,25,38,25F,25A,25F/25A,25F,25F,25F
ERR1439007,UK_benchmark,19A,19,19A,19A,19A,19A,19A,19A,19A
ERR1439728,UK_benchmark,19A,19,19A,19A,19AF,19A,19A,19A,19A
ERR1440227,UK_benchmark,21,21,19F,21,21,21,21,21,21
ERR1439689,UK_benchmark,34,34,34,34,34,34,34,34,34
ERR1439799,UK_benchmark,1,1,1,1,1,1,1,1,1
ERR1439189,UK_benchmark,15A,15,15A,15A,15A,15A/15D,15A,15A,15A
ERR1440556,UK_benchmark,12F,12,12F,12F,12F,12F,12F,12F,12F
ERR1439078,UK_benchmark,19A,19,19A,19A,19A,19A,19A,19A,19A
ERR1440492,UK_benchmark,16F,16,16F,16F,16F,16F,16F,16F,16F
ERR1439237,UK_benchmark,15B,15,15B,15B,15C,15B/15C,15B,15B,15B/15C
ERR1440618,UK_benchmark,13,13,13,13,13,13,13,13,13
ERR1440419,UK_benchmark,20,20,20B,20,Failed,20,20,20B,20
ERR1439029,UK_benchmark,35B,35,35B,35B,35B,35B/35D,35B,35B,35B
ERR1439162,UK_benchmark,15A,15,15A,15A,Failed,15A/15D,15A,15A,15A
ERR1438992,UK_benchmark,28A,28,28A,28A,28A,28F/28A,28A,28A,28A
ERR1439066,UK_benchmark,19A,19,19A,19A,19AF,19A,19A,19A,19A
ERR1439892,UK_benchmark,8,8,8,8,8,8,8,8,8
ERR1440354,UK_benchmark,38,38,38,38,38,38,38,38,38
ERR1439214,UK_benchmark,15A,15,15A,15A,15A,15A/15D,15A,15A,15A
ERR1439023,UK_benchmark,19F,19,19F,19F,19F,19F,19F,19F,19F
ERR1440077,UK_benchmark,22F,22,22F,22F,22F,22F,22F,22F,22F
ERR1439572,UK_benchmark,12B,12,12F,12F,12F,12F,12F,12F,12F
ERR1440051,UK_benchmark,19F,19,19F,19F,19F,19F,19F,19F,19F
ERR1440196,UK_benchmark,13,13,13,13,13,13,13,13,13
ERR1440368,UK_benchmark,20,20,20B,20,20,20,20,20B,20
ERR1439876,UK_benchmark,17F,17,17F,17F,17F,17F,17F,17F,17F
ERR1440045,UK_benchmark,38,38,38,38,38,38,38,38,38
ERR1440469,UK_benchmark,4,4,4,4,4,4,4,4,4
ERR1439065,UK_benchmark,19A,19,19A,19A,19A,19A,19A,19A,19A
ERR1440477,UK_benchmark,20,20,20B,20,20,20,20,20B,20
ERR1440033,UK_benchmark,15A,15,15A,15A,15A,15A/15D,15A,15A,15A
ERR1439611,UK_benchmark,18C,18,18C,18C,18B,18C/18B,18C,18C,18C
ERR1439929,UK_benchmark,12B,12,12F,12F,12F,12F,12F,12F,12F
ERR1440570,UK_benchmark,20,20,20B,20,20,20,20,20B,20
ERR1440652,UK_benchmark,15C,15,15C,15C,15C,15B/15C,15B|15C,15C,15B/15C
ERR1440241,UK_benchmark,8,8,8,8,8,8,8,8,8
ERR1439430,UK_benchmark,9V,9,9V,9V,9V,9A/9V,9V,9V,9V
ERR1439785,UK_benchmark,6A,6,6A,6A,6A,6A/6B,6A,6A,6A
ERR1440130,UK_benchmark,33F,33,33F,33F,33F,33F/33A,33F,33F,33F
ERR1439758,UK_benchmark,6B,6,6B,6B,6A,6A/6B,6B,6B,6B
ERR1440622,UK_benchmark,9V,9,9V,9V,9V,9A/9V,9V,9V,9V
ERR1440349,UK_benchmark,38,38,38,38,38,38,38,38,38
ERR1439495,UK_benchmark,8,8,8,8,8,8,8,8,8
ERR1438953,UK_benchmark,19A,19,19A,19A,19AF,19A,19A,19A,19A
ERR1439176,UK_benchmark,19A,19,19A,19A,19A,19A,19A,19A,19A
ERR1439296,UK_benchmark,15A,15,15A,15A,15A,15A/15D,15A,15A,15A
ERR1439198,UK_benchmark,19A,19,19A,19A,19AF,19A,19A,19A,19A
ERR1440530,UK_benchmark,3,3,3,3,3,3,3,3,3
ERR1439846,UK_benchmark,1,1,1,1,1,1,1,1,1
ERR1440436,UK_benchmark,17F,17,17F,17F,17F,17F,17F,17F,17F
ERR1439090,UK_benchmark,14,14,14,14,14,14,14,14,14
ERR1439661,UK_benchmark,18C,18,18C,18C,18B,18C/18B,18C,18C,18C
ERR1439520,UK_benchmark,15A,15,15A,15A,15A,15A/15D,15A,15A,15A
ERR1439215,UK_benchmark,15A,15,15A,15A,15A,15A/15D,15A,15A,15A
ERR1439565,UK_benchmark,14,14,14,14,14,14,14,14,14
ERR1440287,UK_benchmark,35F,35,35F,35F,35F,35F,35F,35F,35F
ERR1440499,UK_benchmark,11A,11,11A,11A,11A,11A/11D,11A,11A,11A
ERR1440565,UK_benchmark,35F,35,35F,35F,35F,35F,35F,35F,35F
ERR1439156,UK_benchmark,19A,19,19A,19A,19AF,19A,19A,19A,19A
ERR1440397,UK_benchmark,31,31,31,31,31,31,31,31,31
ERR1438803,UK_benchmark,9V,9,9V,9V,9V,9A/9V,9V,9V,9V
ERR1439624,UK_benchmark,15A,15,15A,15A,15A,15A/15D,15A,15A,15A
ERR1440186,UK_benchmark,38,38,38,38,38,38,38,38,38
ERR1439879,UK_benchmark,17F,17,17F,17F,17F,17F,17F,17F,17F
ERR1438846,UK_benchmark,19A,19,19A,19A,19AF,19A,19A,19A,19A
ERR1440213,UK_benchmark,20,20,20B,20,20,20,20,20B,20
ERR1440127,UK_benchmark,15A,15,15A,15A,Failed,15A/15D,15A,15A,15A
ERR1438906,UK_benchmark,22F,22,22F,22F,22F,22F,22F,22F,22F
ERR1440154,UK_benchmark,15A,15,15A,15A,15A,15A/15D,15A,15A,15A
ERR1438821,UK_benchmark,19A,19,19A,19A,19AF,19A,19A,19A,19A
ERR1438865,UK_benchmark,19A,19,19A,19A,19AF,19A,19A,19A,19A
ERR1438822,UK_benchmark,19A,19,19A,19A,19AF,19A,19A,19A,19A
ERR1439359,UK_benchmark,15A,15,15A,15A,15A,15A/15D,15A,15A,15A
ERR1440582,UK_benchmark,9N,9,9N,9N,9N,9N/9L,9N,9N,9N
ERR1440007,UK_benchmark,15A,15,15A,15A,15A,15A/15D,15A,15A,15A
ERR1439759,UK_benchmark,19A,19,19A,19A,19AF,19A,19A,19A,19A
ERR1438824,UK_benchmark,19A,19,19A,19A,19A,19A,19A,19A,19A
ERR1439546,UK_benchmark,22F,22,22F,22F,22F,22F,22F,22F,22F
ERR1439171,UK_benchmark,14,14,14,14,14,14,14,14,14
ERR1439772,UK_benchmark,6B,6,6B,6B,6A,6A/6B,6B,6B,6B
ERR1439109,UK_benchmark,15A,15,15A,15A,15A,15A/15D,15A,15A,15A
ERR1439288,UK_benchmark,15A,15,15A,15A,15A,15A/15D,15A,15A,15A
ERR1439449,UK_benchmark,19F,19,19F,19F,19F,19F,19F,19F,19F
ERR1438920,UK_benchmark,11A,11,11A,11A,11D,11A/11D,11A,11A,11A
ERR1438935,UK_benchmark,6C,6,6C,6C,6D,6C/6D,6C,6C,6C
ERR1439229,UK_benchmark,15B,15,15B,15B,15C,15B/15C,15B,15B,15B/15C
ERR1440435,UK_benchmark,23B,23,23B,23B1,23B1,23B,23B,23B,23B1
ERR1440485,UK_benchmark,11A,11,11A,11A,11A,11A/11D,11A,11A,11A
ERR1439112,UK_benchmark,15A,15,15A,15A,15A,15A/15D,15A,15A,15A
ERR1439219,UK_benchmark,15A,15,15A,15A,15A,15A/15D,15A,15A,15A
ERR1439514,UK_benchmark,24F,24,24F,24F,24B,24F/24B,24B,24B/24C/24F,24A/24B/24F
ERR1439890,UK_benchmark,10F,10,9V,NT,Failed,"Below 70% hit - Poor Sequence quality, variant or non-typeable organism.",10B|33B|35B|35D,33G,10B
ERR1438612,UK_benchmark,NA,NA,35B,35B,35B,35B/35D,35B,35B,35B
ERR1438613,UK_benchmark,NA,NA,23A,23A,23A,23A,23A,23A,23A
ERR1438614,UK_benchmark,NA,NA,33F,33F,33F,33F/33A,33F,33F,33F
ERR1438615,UK_benchmark,NA,NA,24F,24F,24B,24F/24B,24B,24B/24C/24F,24A/24B/24F
ERR1438616,UK_benchmark,NA,NA,22F,22F,22F,22F,22F,22F,22F
ERR1438617,UK_benchmark,NA,NA,23A,23A,23A,23A,23A,23A,23A
ERR1438618,UK_benchmark,NA,NA,19A,19A,19AF,19A,19A,19A,19A
ERR1438619,UK_benchmark,NA,NA,19A,19A,19AF,19A,19A,19A,19A
ERR1438620,UK_benchmark,NA,NA,23B,23B1,23B1,23B,23B,23B,23B1
ERR1438621,UK_benchmark,NA,NA,35F,35F,Failed,35F,35F,35F,35F
ERR1438622,UK_benchmark,NA,NA,33F,33F,33F,33F/33A,33F,33F,33F
ERR1438623,UK_benchmark,NA,NA,24A,24F,24B,24F/24B,24B,24B/24C/24F,24A/24B/24F
ERR1438624,UK_benchmark,NA,NA,23A,23A,23A,23A,23A,23A,23A
ERR1438625,UK_benchmark,NA,NA,23B,23B1,23B1,23B,23B,23B,23B1
ERR1438626,UK_benchmark,NA,NA,16F,16F,16F,16F,16F,16F,16F
ERR1438627,UK_benchmark,NA,NA,15A,15A,15A,15A/15D,15A,15A,15A
ERR1438628,UK_benchmark,NA,NA,19A,19A,19A,19A,19A,19A,19A
ERR1438629,UK_benchmark,NA,NA,22F,22F,22F,22F,22F,22F,22F
ERR1438630,UK_benchmark,NA,NA,11A,11A,Failed,11A/11D,11A,11A,11A
ERR1438631,UK_benchmark,NA,NA,17F,17F,17F,17F,17F,17F,17F
ERR1438632,UK_benchmark,NA,NA,19A,19A,19AF,19A,19A,19A,19A
ERR1438633,UK_benchmark,NA,NA,19F,19F,19F,19F,19F,19F,19F
ERR1438634,UK_benchmark,NA,NA,19F,19F,19F,19F,19F,19F,19F
ERR1438635,UK_benchmark,NA,NA,24A,24F,24B,24F/24B,24B,24B/24C/24F,24A/24B/24F
ERR1438636,UK_benchmark,NA,NA,15B,15B,Failed,15B/15C,15B|15C,15B,15B/15C
ERR1438637,UK_benchmark,NA,NA,19A,19A,19AF,19A,19A,19A,19A
ERR1438638,UK_benchmark,NA,NA,19A,19A,19AF,19A,19A,19A,19A
ERR1438639,UK_benchmark,NA,NA,12F,12F,12F,12F,12F,12F,12F
ERR1438640,UK_benchmark,NA,NA,23B,23B1,23B1,23B,23B,23B,23B1
ERR1438641,UK_benchmark,NA,NA,11A,11A,Failed,11A/11D,11A,11A,11A
ERR1438642,UK_benchmark,NA,NA,19A,19A,19AF,19A,19A,19A,19A
ERR1438643,UK_benchmark,NA,NA,11A,11A,11A,11A/11D,11A,11A,11A
ERR1438644,UK_benchmark,NA,NA,17F,17F,17F,17F,17F,17F,17F
ERR1438645,UK_benchmark,NA,NA,19A,19A,19AF,19A,19A,19A,19A
ERR1438646,UK_benchmark,NA,NA,19A,19A,19AF,19A,19A,19A,19A
ERR1438647,UK_benchmark,NA,NA,17F,17F,17F,17F,17F,17F,17F
ERR1438648,UK_benchmark,NA,NA,23A,23A,23A,23A,23A,23A,23A
ERR1438649,UK_benchmark,NA,NA,33F,33F,33F,33F/33A,33F,33F,33F
ERR1438650,UK_benchmark,NA,NA,19A,19F,19F,19F,19F,19F,19F
ERR1438651,UK_benchmark,NA,NA,17F,17F,17F,17F,17F,17F,17F
ERR1438652,UK_benchmark,NA,NA,19A,19A,19AF,19A,19A,19A,19A
ERR1438653,UK_benchmark,NA,NA,38,38,38,38,38,38,38
ERR1438654,UK_benchmark,NA,NA,23B,23B,23B,23B,23B,23B,23B
ERR1438655,UK_benchmark,NA,NA,22F,22F,22F,22F,22F,22F,22F
ERR1438656,UK_benchmark,NA,NA,35F,35F,35F,35F,35F,35F,35F
ERR1438657,UK_benchmark,NA,NA,24A,NT,Failed,7B/40,7B,7C,7B
ERR1438658,UK_benchmark,NA,NA,35B,35B,35B,35B/35D,35B,35B,35B
ERR1438659,UK_benchmark,NA,NA,38,38,38,38,38,38,38
ERR1438660,UK_benchmark,NA,NA,33F,33F,33F,33F/33A,33F,33F,33F
ERR1438661,UK_benchmark,NA,NA,33F,33F,33F,33F/33A,33F,33F,33F
ERR1438662,UK_benchmark,NA,NA,33F,33F,33F,33F/33A,33F,33F,33F
ERR1438663,UK_benchmark,NA,NA,35F,35F,35F,35F,35F,35F,35F
ERR1438664,UK_benchmark,NA,NA,38,38,38,38,38,38,38
ERR1438665,UK_benchmark,NA,NA,15B,15C,15B,15B/15C,15B|15C,15C,15B/15C
ERR1438666,UK_benchmark,NA,NA,38,38,38,38,38,38,38
ERR1438667,UK_benchmark,NA,NA,38,38,38,38,38,38,38
ERR1438668,UK_benchmark,NA,NA,23A,23A,23A,23A,23A,23A,23A
ERR1438669,UK_benchmark,NA,NA,19A,19A,19A,19A,19A,19A,19A
ERR1438670,UK_benchmark,NA,NA,8,8,8,8,8,8,8
ERR1438671,UK_benchmark,NA,NA,12F,12F,12F,12F,12F,12F,12F
ERR1438672,UK_benchmark,NA,NA,24F,24F,24B,24F/24B,24B,24B/24C/24F,24A/24B/24F
ERR1438673,UK_benchmark,NA,NA,23B,23B,23B,23B,23B,23B,23B
ERR1438674,UK_benchmark,NA,NA,23A,23A,23A,23A,23A,23A,23A
ERR1438675,UK_benchmark,NA,NA,15A,15A,15A,15A/15D,15A,15A,15A
ERR1438676,UK_benchmark,NA,NA,31,31,31,31,31,31,31
ERR1438677,UK_benchmark,NA,NA,19F,19F,19F,19F,19F,19F,19F
ERR1438678,UK_benchmark,NA,NA,23B,23B1,23B1,23B,23B,23B,23B1
ERR1438679,UK_benchmark,NA,NA,23B,23B,23B,23B,23B,23B,23B
ERR1438680,UK_benchmark,NA,NA,4,4,4,4,4,4,4
ERR1438681,UK_benchmark,NA,NA,4,5,Failed,5,5,5,5
ERR1438682,UK_benchmark,NA,NA,7F,7F,7F,7F/7A,7F,7F,7F
ERR1438683,UK_benchmark,NA,NA,7F,7F,7A,7F/7A,7A,7A,7A
ERR1438684,UK_benchmark,NA,NA,7B,7B,40,7B/40,7B,7B,7B
ERR1438685,UK_benchmark,NA,NA,7C,7C,7C,7C,7C,7C,7C
ERR1438686,UK_benchmark,NA,NA,9V,9V,9V,9A/9V,9A,9A,9A
ERR1438687,UK_benchmark,NA,NA,9N,9N,9N,9N/9L,9N,9N,9N
ERR1438688,UK_benchmark,NA,NA,9V,9V,9V,9A/9V,9V,9V,9V
ERR1438689,UK_benchmark,NA,NA,10F,10F,Failed,10F,10F,10F,10F
ERR1438690,UK_benchmark,NA,NA,10A,10A,10A,10A,10A,10A,10A
ERR1438691,UK_benchmark,NA,NA,12F,12F,Failed,12F,12F,12F,12F
ERR1438692,UK_benchmark,NA,NA,14,14,Failed,14,14,14,14
ERR1438693,UK_benchmark,NA,NA,15B,15B,Failed,15B/15C,15B,15B,15B/15C
ERR1438694,UK_benchmark,NA,NA,17F,17F,17F,17F,17F,17F,17F
ERR1438695,UK_benchmark,NA,NA,18C,18C,Failed,18C/18B,18C,18C,18C
ERR1438696,UK_benchmark,NA,NA,19F,19F,19F,19F,19F,19F,19F
ERR1438697,UK_benchmark,NA,NA,19A,19A,19A,19A,19A,19A,19A
ERR1438698,UK_benchmark,NA,NA,20B,20,20,20,20,20B,20
ERR1438699,UK_benchmark,NA,NA,22F,22F,22F,22F,22F,22F,22F
ERR1438700,UK_benchmark,NA,NA,23F,23F,23F,23F,23F,23F,23F
ERR1438701,UK_benchmark,NA,NA,15B,15C,15B,15B/15C,15C,15C,15B/15C
ERR1438702,UK_benchmark,NA,NA,1,1,1,1,1,1,1
ERR1438703,UK_benchmark,NA,NA,2,2,2,2,2,2,2
ERR1438704,UK_benchmark,NA,NA,3,3,3,3,3,3,3
ERR1438705,UK_benchmark,NA,NA,17F,17F,17F,17F,17F,17F,17F
ERR1438706,UK_benchmark,NA,NA,7C,24F,Failed,24F/24B,24B,24A,24A/24B/24F
ERR1438707,UK_benchmark,NA,NA,11A,11A,Failed,11A/11D,11A,11E,11A
ERR1438708,UK_benchmark,NA,NA,33F,33F,33F,33F/33A,33F,33F,33F
ERR1438709,UK_benchmark,NA,NA,10F,10F,10F,10F,10F,10F,10F
ERR1438710,UK_benchmark,NA,NA,10A,10A,10A,10A,10A,10A,10A
ERR1438711,UK_benchmark,NA,NA,19A,19A,Failed,19A,19A,19A,19A
ERR1438712,UK_benchmark,NA,NA,1,1,Failed,1,1,1,1
ERR1438713,UK_benchmark,NA,NA,23F,23F,23F,23F,23F,23F,23F
ERR1438714,UK_benchmark,NA,NA,7F,7F,7A,7F/7A,7F,7F,7F
ERR1438715,UK_benchmark,NA,NA,12F,12F,12F,12F,12F,12F,12F
ERR1438716,UK_benchmark,NA,NA,35F,35F,Failed,35F,35F,35F,35F
ERR1438717,UK_benchmark,NA,NA,4,4,4,4,4,4,4
ERR1438718,UK_benchmark,NA,NA,22F,22F,Failed,22F,22F,22F,22F
ERR1438719,UK_benchmark,NA,NA,18C,18C,18B,18C/18B,18C,18C,18C
ERR1438720,UK_benchmark,NA,NA,20B,20,Failed,20,20,20B,20
ERR1438721,UK_benchmark,NA,NA,8,8,8,8,8,8,8
ERR1438722,UK_benchmark,NA,NA,9V,9V,9V,9A/9V,9V,9V,9V
ERR1438723,UK_benchmark,NA,NA,3,3,3,3,3,3,3
ERR1438724,UK_benchmark,NA,NA,14,14,Failed,14,14,14,14
ERR1438725,UK_benchmark,NA,NA,19F,19F,19F,19F,19F,19F,19F
ERR1438726,UK_benchmark,NA,NA,38,38,38,38,38,38,38
ERR1438727,UK_benchmark,NA,NA,31,31,31,31,31,31,31
ERR1438728,UK_benchmark,NA,NA,35B,35B,Failed,35B/35D,35B,35B,35B
ERR1438729,UK_benchmark,NA,NA,21,21,21,21,21,21,21
ERR1438730,UK_benchmark,NA,NA,34,34,34,34,34,34,34
ERR1438731,UK_benchmark,NA,NA,22F,23A,Failed,23A,23A,23A,23A
ERR1438732,UK_benchmark,NA,NA,39,39,Failed,39,39,39,39
ERR1438733,UK_benchmark,NA,NA,38,38,38,25F_25A_38,38,38,38
ERR1438734,UK_benchmark,NA,NA,35B,35B,Failed,35B/35D,35B,35B,35B
ERR1438735,UK_benchmark,NA,NA,31,27,41A,41A,41A,41A,41A
ERR1438736,UK_benchmark,NA,NA,31,31,31,31,31,31,31
ERR1438737,UK_benchmark,NA,NA,11A,11A,Failed,11A/11D,11A,11A,11A
ERR1438738,UK_benchmark,NA,NA,11A,11A,Failed,11A/11D,11A,11A,11A
ERR1438739,UK_benchmark,NA,NA,6B,6B,6A,6A/6B,6B,6B,6B
ERR1438740,UK_benchmark,NA,NA,11A,11A,11A,11A/11D,11A,11A,11A
ERR1438741,UK_benchmark,NA,NA,11A,11A,11D,11A/11D,11A,11A,11A
ERR1438742,UK_benchmark,NA,NA,6C,6C,6C,6C/6D,6C,6C,6C
ERR1438743,UK_benchmark,NA,NA,16F,16F,16F,16F,16F,16F,16F
ERR1438744,UK_benchmark,NA,NA,31,31,31,31,31,31,31
ERR1438745,UK_benchmark,NA,NA,24F,24F,Failed,24F/24B,24B,24B/24C/24F,24A/24B/24F
ERR1438746,UK_benchmark,NA,NA,23B,28A,28F,28F/28A,28A,28F,28A
ERR1438747,UK_benchmark,NA,NA,33B,NT,33B,33B,33B,33B,33B
ERR1438748,UK_benchmark,NA,NA,33C,33C,33C,33C,33C,33C,33C
ERR1438749,UK_benchmark,NA,NA,33B,NT,33B,33B,33B,33B,33B
ERR1438750,UK_benchmark,NA,NA,35A,35A,35C,35A/35C/42,35A,35A,35A
ERR1438751,UK_benchmark,NA,NA,35C,NT,35C,35A/35C/42,42,42,42
ERR1438752,UK_benchmark,NA,NA,7C,7C,Failed,7C,7C,7C,7C
ERR1438753,UK_benchmark,NA,NA,35B,35B,35B,35B/35D,35B,35B,35B
ERR1438754,UK_benchmark,NA,NA,35B,35B,35B,35B/35D,35B,35B,35B
ERR1438755,UK_benchmark,NA,NA,35B,35B,Failed,35B/35D,35B,35B,35B
ERR1438756,UK_benchmark,NA,NA,35B,35B,35B,35B/35D,35B,35B,35B
ERR1438757,UK_benchmark,NA,NA,15C,15C,15B,15B/15C,15B|15C,15C,15B/15C
ERR1438758,UK_benchmark,NA,NA,11A,11A,11A,11A/11D,11A,11A,11A
ERR1438759,UK_benchmark,NA,NA,6C,6C,6C,6A_6B_6C_6D,6C,6D,6C
ERR1438760,UK_benchmark,NA,NA,6C,6C,6D,6A_6B_6C_6D,6D,6D,6D
ERR1438761,UK_benchmark,NA,NA,6A,6A,Failed,6A/6B,6A,6A,6A
ERR1438762,UK_benchmark,NA,NA,6C,6C,Failed,6C/6D,6C,6C,6C
ERR1438763,UK_benchmark,NA,NA,7B,7B,40,7B/40,7B,7B,7B
ERR1438764,UK_benchmark,NA,NA,7B,7B,40,7B/40,7B,7C,7B
ERR1438765,UK_benchmark,NA,NA,7B,7B,7B,7B/40,7B,7C,7B
ERR1438766,UK_benchmark,NA,NA,10B,10B,Failed,10B,10B,10B,10B
ERR1438767,UK_benchmark,NA,NA,19F,19F,Failed,19F,19F,19F,19F
ERR1438768,UK_benchmark,NA,NA,19A,19A,Failed,19A,19A,19A,19A
ERR1438769,UK_benchmark,NA,NA,23B,23B,Failed,23B,23B,23B,23B
ERR1438770,UK_benchmark,NA,NA,23B,23B,Failed,23B,23B,23B,23B
ERR1438771,UK_benchmark,NA,NA,23B,NT,23B,23B,23B,23B,23B
ERR1438772,UK_benchmark,NA,NA,15A,23B,23B,23B,23B,23B,23B
ERR1438773,UK_benchmark,NA,NA,23B,23B1,23B1,23B,23B,23B,23B1
ERR1438774,UK_benchmark,NA,NA,2,2,Failed,2,2,2,2
ERR1438775,UK_benchmark,NA,NA,23B,23B1,23B1,23B,23B,23B,23B1
ERR1438776,UK_benchmark,NA,NA,23B,23B1,Failed,23B,23B,23B,23B1
ERR1438777,UK_benchmark,NA,NA,23B,23B1,23B1,23B,23B,23B,23B1
ERR1438778,UK_benchmark,NA,NA,23B,23B1,23B1,23B,23B,23B,23B1
ERR1438779,UK_benchmark,NA,NA,23B,23B1,23B1,23B,23B,23B,23B1
ERR1438780,UK_benchmark,NA,NA,23B,23B1,23B1,23B,23B,23B,23B1
ERR1438781,UK_benchmark,NA,NA,23B,23B1,23B1,23B,23B,23B,23B1
ERR1438782,UK_benchmark,NA,NA,23B,23B1,23B1,23B,23B,23B,23B1
ERR1438783,UK_benchmark,NA,NA,23B,23B1,23B1,23B,23B,23B,23B1
ERR1438784,UK_benchmark,NA,NA,23B,23B1,23B1,23B,23B,23B,23B1
ERR1438785,UK_benchmark,NA,NA,23B,23B1,23B1,23B,23B,23B,23B1
ERR1438786,UK_benchmark,NA,NA,23B,23B1,23B1,23B,23B,23B,23B1
ERR1438787,UK_benchmark,NA,NA,23B,23B1,23B1,23B,23B,23B,23B1
ERR1438788,UK_benchmark,NA,NA,23B,23B,23B,23B,23B,23B,23B
ERR1438789,UK_benchmark,NA,NA,33F,33F,33F,33F/33A,33F,33F,33F
ERR1438790,UK_benchmark,NA,NA,35B,35B,35B,35B/35D,35B,35B,35B
ERR1438792,UK_benchmark,NA,NA,35F,9L,Failed,"Below 70% hit - Poor Sequence quality, variant or non-typeable organism.",9L,9L,9L
ERR1438800,UK_benchmark,NA,NA,38,38,38,25F_25A_38,38,38,38
ERR1438804,UK_benchmark,NA,NA,9V,9V,9V,9A/9V,9A,9V,9V
ERR1438985,UK_benchmark,NA,NA,35C,NT,35C,35A/35C/42,42,42,42
ERR1438988,UK_benchmark,NA,NA,31,NT,41F,41F,41F,41F,41F
ERR1439010,UK_benchmark,NA,NA,12F,NT,Failed,"Below 20% hit - possible acapsular organism, check species identity and sequence quality.",25F|38,NCC2_S_mitis_aliC_aliD_non_encapsulated,FAILED
ERR1439015,UK_benchmark,NA,NA,12F,NT,Failed,"Below 20% hit - possible acapsular organism, check species identity and sequence quality.",25F|38,NCC2_S_mitis_aliC_aliD_non_encapsulated,FAILED
ERR1439020,UK_benchmark,NA,NA,12F,NT,Failed,"Below 20% hit - possible acapsular organism, check species identity and sequence quality.",25F|38,NCC2_S_mitis_aliC_aliD_non_encapsulated,FAILED
ERR1439027,UK_benchmark,NA,NA,12F,NT,Failed,"Below 20% hit - possible acapsular organism, check species identity and sequence quality.",25F|38,NCC2_S_mitis_aliC_aliD_non_encapsulated,FAILED
ERR1439039,UK_benchmark,NA,NA,38,NT,Failed,25F/25A,25F,25A,38
ERR1439059,UK_benchmark,NA,NA,12F,NT,Failed,"Below 20% hit - possible acapsular organism, check species identity and sequence quality.",25F|38,NCC2_S_mitis_aliC_aliD_non_encapsulated,FAILED
ERR1439111,UK_benchmark,NA,NA,15C,15C,15C,15B/15C,15B|15C,15B/15C,15B/15C
ERR1439118,UK_benchmark,NA,NA,12F,NT,Failed,"Below 20% hit - possible acapsular organism, check species identity and sequence quality.",25F|38,NCC2_S_mitis_aliC_aliD_non_encapsulated,FAILED
ERR1439227,UK_benchmark,NA,NA,15A,15C,15C,15B/15C,15B|15C,15C,15B/15C
ERR1439262,UK_benchmark,NA,NA,24F,24F,24B,24F/24B,24B,24B/24C/24F,24A/24B/24F
ERR1439263,UK_benchmark,NA,NA,24F,24B,24B,24F/24B,24B,24B/24C/24F,24A/24B/24F
ERR1439326,UK_benchmark,NA,NA,15C,15C,15B,15B/15C,15B|15C,15C,15B/15C
ERR1439330,UK_benchmark,NA,NA,23B,NT,Failed,"Below 20% hit - possible acapsular organism, check species identity and sequence quality.",29|47A,untypable,FAILED
ERR1439462,UK_benchmark,NA,NA,11A,11A,11D,11A/11D,11A,11A,11A
ERR1439563,UK_benchmark,NA,NA,12F,NT,Failed,"Below 20% hit - possible acapsular organism, check species identity and sequence quality.",25F|38,NCC2_S_mitis_aliC_aliD_non_encapsulated,FAILED
ERR1439592,UK_benchmark,NA,NA,24F,24F,24B,24F/24B,24B,24B/24C/24F,24A/24B/24F
ERR1439639,UK_benchmark,NA,NA,24F,24F,24B,24F/24B,24B,24B/24C/24F,24A/24B/24F
ERR1439724,UK_benchmark,NA,NA,15B,15B,15C,15B/15C,15B,15B,15B/15C
ERR1439862,UK_benchmark,NA,NA,15B,15C,15B,15B/15C,15B|15C,15C,15B/15C
ERR1439950,UK_benchmark,NA,NA,15B,15B,Failed,15B/15C,15B,15B,15B/15C
ERR1439983,UK_benchmark,NA,NA,15B,15B,15B,15B/15C,15B,15B,15B/15C
ERR1440018,UK_benchmark,NA,NA,15B,15B,15B,15B/15C,15B,15B,15B/15C
ERR1440078,UK_benchmark,NA,NA,8,8,8,8,8,8,8
ERR1440201,UK_benchmark,NA,NA,24F,24F,24B,24F/24B,24B,24B/24C/24F,24A/24B/24F
ERR1440232,UK_benchmark,NA,NA,7F,7F,7A,7F/7A,7A,7A,7A
ERR1440257,UK_benchmark,NA,NA,15C,15C,15B,15B/15C,15B|15C,15C,15B/15C
ERR1440258,UK_benchmark,NA,NA,15B,15B,15C,15B/15C,15B,15B,15B/15C
ERR1440313,UK_benchmark,NA,NA,24F,24F,24B,24F/24B,24B,24B/24C/24F,24A/24B/24F
ERR1440353,UK_benchmark,NA,NA,12F,NT,Failed,"Below 20% hit - possible acapsular organism, check species identity and sequence quality.",25F|38,NCC2_S_mitis_aliC_aliD_non_encapsulated,FAILED
ERR1440357,UK_benchmark,NA,NA,24F,24F,24B,24F/24B,24B,24B/24C/24F,24A/24B/24F
ERR1440457,UK_benchmark,NA,NA,24F,24F,24B,24F/24B,24B,24B/24C/24F,24A/24B/24F
ERR1440528,UK_benchmark,NA,NA,18F,35A,35C,35A/35C/42,35A,35A,35A
ERR1440584,UK_benchmark,NA,NA,24F,24F,Failed,24F/24B,24B,24B/24C/24F,24A/24B/24F
ERR1440595,UK_benchmark,NA,NA,33F,33F,33F,33F/33A,33F,33E,33F
ERR1440596,UK_benchmark,NA,NA,33F,33F,Failed,33F/33A,33F,33A/33E/33F,33A
ERR1440598,UK_benchmark,NA,NA,14,14,14,14,14,14,14
ERR1440603,UK_benchmark,NA,NA,15B,15B,15C,15B/15C,15B,15B,15B/15C
