benchmark,analysis,tool,class,TP,FP,FN,TN,Total,sensitivity,specificity,precision,accuracy,f1
GPS_benchmark,serotype_exact,ALLCAPS,1,130,0,0,3538,130,1,1,1,1,1
GPS_benchmark,serotype_exact,ALLCAPS,10A,76,1,0,3591,76,1,0.9997216035634744,0.987012987012987,0.9997273718647764,0.9934640522875817
GPS_benchmark,serotype_exact,ALLCAPS,10B,10,0,0,3658,10,1,1,1,1,1
GPS_benchmark,serotype_exact,ALLCAPS,10F,3,0,0,3665,3,1,1,1,1,1
GPS_benchmark,serotype_exact,ALLCAPS,11,0,0,1,3667,1,0,1,0,0.9997273718647764,0
GPS_benchmark,serotype_exact,ALLCAPS,11A,73,5,0,3590,73,1,0.9986091794158554,0.9358974358974359,0.9986368593238822,0.9668874172185431
GPS_benchmark,serotype_exact,ALLCAPS,11B,2,0,1,3665,3,0.6666666666666666,1,1,0.9997273718647764,0.8
GPS_benchmark,serotype_exact,ALLCAPS,11E,0,0,5,3663,5,0,1,0,0.9986368593238822,0
GPS_benchmark,serotype_exact,ALLCAPS,12B,0,0,2,3666,2,0,1,0,0.9994547437295529,0
GPS_benchmark,serotype_exact,ALLCAPS,12F,165,1,1,3501,166,0.9939759036144579,0.9997144488863506,0.9939759036144579,0.9994547437295529,0.9939759036144579
GPS_benchmark,serotype_exact,ALLCAPS,13,40,0,0,3628,40,1,1,1,1,1
GPS_benchmark,serotype_exact,ALLCAPS,14,188,4,1,3475,189,0.9947089947089947,0.9988502443230813,0.9791666666666666,0.9986368593238822,0.9868766404199474
GPS_benchmark,serotype_exact,ALLCAPS,15A,95,6,1,3566,96,0.9895833333333334,0.9983202687569989,0.9405940594059405,0.9980916030534351,0.964467005076142
GPS_benchmark,serotype_exact,ALLCAPS,15B,18,4,5,3641,23,0.782608695652174,0.9989026063100137,0.8181818181818182,0.997546346782988,0.8
GPS_benchmark,serotype_exact,ALLCAPS,15C,8,0,5,3655,13,0.6153846153846154,1,1,0.9986368593238822,0.761904761904762
GPS_benchmark,serotype_exact,ALLCAPS,15F,2,0,0,3666,2,1,1,1,1,1
GPS_benchmark,serotype_exact,ALLCAPS,16F,82,0,0,3586,82,1,1,1,1,1
GPS_benchmark,serotype_exact,ALLCAPS,17F,42,0,1,3625,43,0.9767441860465116,1,1,0.9997273718647764,0.988235294117647
GPS_benchmark,serotype_exact,ALLCAPS,18A,7,0,1,3660,8,0.875,1,1,0.9997273718647764,0.9333333333333333
GPS_benchmark,serotype_exact,ALLCAPS,18B,1,0,1,3666,2,0.5,1,1,0.9997273718647764,0.6666666666666666
GPS_benchmark,serotype_exact,ALLCAPS,18C,46,1,0,3621,46,1,0.999723909442297,0.9787234042553191,0.9997273718647764,0.989247311827957
GPS_benchmark,serotype_exact,ALLCAPS,18F,2,0,0,3666,2,1,1,1,1,1
GPS_benchmark,serotype_exact,ALLCAPS,19A,264,2,1,3401,265,0.9962264150943396,0.9994122832794593,0.9924812030075187,0.9991821155943293,0.9943502824858758
GPS_benchmark,serotype_exact,ALLCAPS,19B,7,0,0,3661,7,1,1,1,1,1
GPS_benchmark,serotype_exact,ALLCAPS,19F,167,4,3,3494,170,0.9823529411764705,0.9988564894225271,0.9766081871345029,0.9980916030534351,0.9794721407624634
GPS_benchmark,serotype_exact,ALLCAPS,2,10,0,0,3658,10,1,1,1,1,1
GPS_benchmark,serotype_exact,ALLCAPS,20,0,0,3,3665,3,0,1,0,0.9991821155943293,0
GPS_benchmark,serotype_exact,ALLCAPS,20A,10,1,2,3655,12,0.8333333333333334,0.99972647702407,0.9090909090909091,0.9991821155943293,0.8695652173913043
GPS_benchmark,serotype_exact,ALLCAPS,20B,19,5,1,3643,20,0.95,0.9986293859649122,0.7916666666666666,0.9983642311886587,0.8636363636363635
GPS_benchmark,serotype_exact,ALLCAPS,21,25,1,0,3642,25,1,0.9997255009607466,0.9615384615384616,0.9997273718647764,0.9803921568627451
GPS_benchmark,serotype_exact,ALLCAPS,22A,5,0,0,3663,5,1,1,1,1,1
GPS_benchmark,serotype_exact,ALLCAPS,22F,135,2,0,3531,135,1,0.9994339088593264,0.9854014598540146,0.9994547437295529,0.9926470588235294
GPS_benchmark,serotype_exact,ALLCAPS,23A,57,0,2,3609,59,0.9661016949152542,1,1,0.9994547437295529,0.9827586206896551
GPS_benchmark,serotype_exact,ALLCAPS,23B,74,0,1,3593,75,0.9866666666666667,1,1,0.9997273718647764,0.9932885906040269
GPS_benchmark,serotype_exact,ALLCAPS,23F,122,0,1,3545,123,0.991869918699187,1,1,0.9997273718647764,0.9959183673469388
GPS_benchmark,serotype_exact,ALLCAPS,24A,2,2,1,3663,3,0.6666666666666666,0.9994542974079127,0.5,0.9991821155943293,0.5714285714285715
GPS_benchmark,serotype_exact,ALLCAPS,24F,62,0,2,3604,64,0.96875,1,1,0.9994547437295529,0.9841269841269841
GPS_benchmark,serotype_exact,ALLCAPS,25F,2,0,1,3665,3,0.6666666666666666,1,1,0.9997273718647764,0.8
GPS_benchmark,serotype_exact,ALLCAPS,27,4,0,0,3664,4,1,1,1,1,1
GPS_benchmark,serotype_exact,ALLCAPS,28A,5,1,0,3662,5,1,0.9997269997269997,0.8333333333333334,0.9997273718647764,0.9090909090909091
GPS_benchmark,serotype_exact,ALLCAPS,28F,4,0,1,3663,5,0.8,1,1,0.9997273718647764,0.888888888888889
GPS_benchmark,serotype_exact,ALLCAPS,29,5,0,0,3663,5,1,1,1,1,1
GPS_benchmark,serotype_exact,ALLCAPS,3,239,1,0,3428,239,1,0.99970836978711,0.9958333333333333,0.9997273718647764,0.9979123173277662
GPS_benchmark,serotype_exact,ALLCAPS,31,28,0,0,3640,28,1,1,1,1,1
GPS_benchmark,serotype_exact,ALLCAPS,33B,4,0,0,3664,4,1,1,1,1,1
GPS_benchmark,serotype_exact,ALLCAPS,33D,5,0,0,3663,5,1,1,1,1,1
GPS_benchmark,serotype_exact,ALLCAPS,33F,60,0,0,3608,60,1,1,1,1,1
GPS_benchmark,serotype_exact,ALLCAPS,34,44,0,1,3623,45,0.9777777777777777,1,1,0.9997273718647764,0.9887640449438202
GPS_benchmark,serotype_exact,ALLCAPS,35A,10,0,0,3658,10,1,1,1,1,1
GPS_benchmark,serotype_exact,ALLCAPS,35B,65,3,0,3600,65,1,0.9991673605328892,0.9558823529411765,0.9991821155943293,0.9774436090225563
GPS_benchmark,serotype_exact,ALLCAPS,35C,2,0,0,3666,2,1,1,1,1,1
GPS_benchmark,serotype_exact,ALLCAPS,35D,0,0,3,3665,3,0,1,0,0.9991821155943293,0
GPS_benchmark,serotype_exact,ALLCAPS,35F,35,0,0,3633,35,1,1,1,1,1
GPS_benchmark,serotype_exact,ALLCAPS,37,3,0,0,3665,3,1,1,1,1,1
GPS_benchmark,serotype_exact,ALLCAPS,38,33,1,0,3634,33,1,0.9997248968363136,0.9705882352941176,0.9997273718647764,0.9850746268656716
GPS_benchmark,serotype_exact,ALLCAPS,39,4,0,0,3664,4,1,1,1,1,1
GPS_benchmark,serotype_exact,ALLCAPS,4,64,1,0,3603,64,1,0.9997225305216426,0.9846153846153847,0.9997273718647764,0.9922480620155039
GPS_benchmark,serotype_exact,ALLCAPS,40,3,1,0,3664,3,1,0.9997271487039563,0.75,0.9997273718647764,0.8571428571428571
GPS_benchmark,serotype_exact,ALLCAPS,45,2,0,0,3666,2,1,1,1,1,1
GPS_benchmark,serotype_exact,ALLCAPS,46,6,1,0,3661,6,1,0.9997269251774986,0.8571428571428571,0.9997273718647764,0.923076923076923
GPS_benchmark,serotype_exact,ALLCAPS,48,2,0,0,3666,2,1,1,1,1,1
GPS_benchmark,serotype_exact,ALLCAPS,5,68,0,0,3600,68,1,1,1,1,1
GPS_benchmark,serotype_exact,ALLCAPS,6A,120,7,11,3530,131,0.916030534351145,0.9980209216850439,0.9448818897637795,0.995092693565976,0.9302325581395349
GPS_benchmark,serotype_exact,ALLCAPS,6B,139,16,9,3504,148,0.9391891891891891,0.9954545454545455,0.896774193548387,0.9931842966194111,0.9174917491749174
GPS_benchmark,serotype_exact,ALLCAPS,6C,48,3,0,3617,48,1,0.9991712707182321,0.9411764705882353,0.9991821155943293,0.9696969696969697
GPS_benchmark,serotype_exact,ALLCAPS,6D,2,0,1,3665,3,0.6666666666666666,1,1,0.9997273718647764,0.8
GPS_benchmark,serotype_exact,ALLCAPS,6E,0,0,5,3663,5,0,1,0,0.9986368593238822,0
GPS_benchmark,serotype_exact,ALLCAPS,7B,7,0,0,3661,7,1,1,1,1,1
GPS_benchmark,serotype_exact,ALLCAPS,7C,43,0,1,3624,44,0.9772727272727273,1,1,0.9997273718647764,0.9885057471264368
GPS_benchmark,serotype_exact,ALLCAPS,7F,51,0,0,3617,51,1,1,1,1,1
GPS_benchmark,serotype_exact,ALLCAPS,8,357,0,0,3311,357,1,1,1,1,1
GPS_benchmark,serotype_exact,ALLCAPS,9L,4,1,4,3659,8,0.5,0.9997267759562841,0.8,0.9986368593238822,0.6153846153846154
GPS_benchmark,serotype_exact,ALLCAPS,9N,113,5,1,3549,114,0.9912280701754386,0.9985931344963421,0.9576271186440678,0.9983642311886587,0.9741379310344828
GPS_benchmark,serotype_exact,ALLCAPS,9V,57,0,1,3610,58,0.9827586206896551,1,1,0.9997273718647764,0.9913043478260869
GPS_benchmark,serotype_exact,PfaSTer,1,130,0,0,3538,130,1,1,1,1,1
GPS_benchmark,serotype_exact,PfaSTer,10A,74,0,2,3592,76,0.9736842105263158,1,1,0.9994547437295529,0.9866666666666666
GPS_benchmark,serotype_exact,PfaSTer,10B,10,0,0,3658,10,1,1,1,1,1
GPS_benchmark,serotype_exact,PfaSTer,10F,3,0,0,3665,3,1,1,1,1,1
GPS_benchmark,serotype_exact,PfaSTer,11,0,0,1,3667,1,0,1,0,0.9997273718647764,0
GPS_benchmark,serotype_exact,PfaSTer,11A,73,6,0,3589,73,1,0.9983310152990265,0.9240506329113924,0.9983642311886587,0.9605263157894737
GPS_benchmark,serotype_exact,PfaSTer,11B,3,0,0,3665,3,1,1,1,1,1
GPS_benchmark,serotype_exact,PfaSTer,11E,0,0,5,3663,5,0,1,0,0.9986368593238822,0
GPS_benchmark,serotype_exact,PfaSTer,12B,0,0,2,3666,2,0,1,0,0.9994547437295529,0
GPS_benchmark,serotype_exact,PfaSTer,12F,165,1,1,3501,166,0.9939759036144579,0.9997144488863506,0.9939759036144579,0.9994547437295529,0.9939759036144579
GPS_benchmark,serotype_exact,PfaSTer,13,40,0,0,3628,40,1,1,1,1,1
GPS_benchmark,serotype_exact,PfaSTer,14,189,0,0,3479,189,1,1,1,1,1
GPS_benchmark,serotype_exact,PfaSTer,15A,95,0,1,3572,96,0.9895833333333334,1,1,0.9997273718647764,0.9947643979057591
GPS_benchmark,serotype_exact,PfaSTer,15B,21,1,2,3644,23,0.9130434782608695,0.9997256515775035,0.9545454545454546,0.9991821155943293,0.9333333333333332
GPS_benchmark,serotype_exact,PfaSTer,15C,11,2,2,3653,13,0.8461538461538461,0.999452804377565,0.8461538461538461,0.9989094874591058,0.8461538461538461
GPS_benchmark,serotype_exact,PfaSTer,15F,0,0,2,3666,2,0,1,0,0.9994547437295529,0
GPS_benchmark,serotype_exact,PfaSTer,16F,82,0,0,3586,82,1,1,1,1,1
GPS_benchmark,serotype_exact,PfaSTer,17F,43,0,0,3625,43,1,1,1,1,1
GPS_benchmark,serotype_exact,PfaSTer,18A,7,0,1,3660,8,0.875,1,1,0.9997273718647764,0.9333333333333333
GPS_benchmark,serotype_exact,PfaSTer,18B,2,1,0,3665,2,1,0.9997272231314784,0.6666666666666666,0.9997273718647764,0.8
GPS_benchmark,serotype_exact,PfaSTer,18C,45,0,1,3622,46,0.9782608695652174,1,1,0.9997273718647764,0.989010989010989
GPS_benchmark,serotype_exact,PfaSTer,18F,2,0,0,3666,2,1,1,1,1,1
GPS_benchmark,serotype_exact,PfaSTer,19A,259,0,6,3403,265,0.9773584905660377,1,1,0.9983642311886587,0.9885496183206107
GPS_benchmark,serotype_exact,PfaSTer,19B,0,0,7,3661,7,0,1,0,0.9980916030534351,0
GPS_benchmark,serotype_exact,PfaSTer,19F,167,0,3,3498,170,0.9823529411764705,1,1,0.9991821155943293,0.9910979228486646
GPS_benchmark,serotype_exact,PfaSTer,2,9,0,1,3658,10,0.9,1,1,0.9997273718647764,0.9473684210526316
GPS_benchmark,serotype_exact,PfaSTer,20,3,32,0,3633,3,1,0.991268758526603,0.08571428571428572,0.9912758996728462,0.15789473684210528
GPS_benchmark,serotype_exact,PfaSTer,20A,0,0,12,3656,12,0,1,0,0.9967284623773174,0
GPS_benchmark,serotype_exact,PfaSTer,20B,0,0,20,3648,20,0,1,0,0.9945474372955289,0
GPS_benchmark,serotype_exact,PfaSTer,21,25,0,0,3643,25,1,1,1,1,1
GPS_benchmark,serotype_exact,PfaSTer,22A,5,0,0,3663,5,1,1,1,1,1
GPS_benchmark,serotype_exact,PfaSTer,22F,135,0,0,3533,135,1,1,1,1,1
GPS_benchmark,serotype_exact,PfaSTer,23A,58,0,1,3609,59,0.9830508474576272,1,1,0.9997273718647764,0.9914529914529915
GPS_benchmark,serotype_exact,PfaSTer,23B,27,0,48,3593,75,0.36,1,1,0.9869138495092693,0.5294117647058824
GPS_benchmark,serotype_exact,PfaSTer,23F,120,1,3,3544,123,0.975609756097561,0.9997179125528914,0.9917355371900827,0.9989094874591058,0.9836065573770492
GPS_benchmark,serotype_exact,PfaSTer,24A,0,0,3,3665,3,0,1,0,0.9991821155943293,0
GPS_benchmark,serotype_exact,PfaSTer,24F,53,1,11,3603,64,0.828125,0.9997225305216426,0.9814814814814815,0.9967284623773174,0.8983050847457628
GPS_benchmark,serotype_exact,PfaSTer,25F,3,0,0,3665,3,1,1,1,1,1
GPS_benchmark,serotype_exact,PfaSTer,27,4,0,0,3664,4,1,1,1,1,1
GPS_benchmark,serotype_exact,PfaSTer,28A,5,4,0,3659,5,1,0.9989079989079989,0.5555555555555556,0.9989094874591058,0.7142857142857143
GPS_benchmark,serotype_exact,PfaSTer,28F,0,0,5,3663,5,0,1,0,0.9986368593238822,0
GPS_benchmark,serotype_exact,PfaSTer,29,5,0,0,3663,5,1,1,1,1,1
GPS_benchmark,serotype_exact,PfaSTer,3,237,0,2,3429,239,0.9916317991631799,1,1,0.9994547437295529,0.995798319327731
GPS_benchmark,serotype_exact,PfaSTer,31,28,0,0,3640,28,1,1,1,1,1
GPS_benchmark,serotype_exact,PfaSTer,33B,4,0,0,3664,4,1,1,1,1,1
GPS_benchmark,serotype_exact,PfaSTer,33D,0,0,5,3663,5,0,1,0,0.9986368593238822,0
GPS_benchmark,serotype_exact,PfaSTer,33F,60,0,0,3608,60,1,1,1,1,1
GPS_benchmark,serotype_exact,PfaSTer,34,45,0,0,3623,45,1,1,1,1,1
GPS_benchmark,serotype_exact,PfaSTer,35A,10,0,0,3658,10,1,1,1,1,1
GPS_benchmark,serotype_exact,PfaSTer,35B,63,0,2,3603,65,0.9692307692307692,1,1,0.9994547437295529,0.9843749999999999
GPS_benchmark,serotype_exact,PfaSTer,35C,0,0,2,3666,2,0,1,0,0.9994547437295529,0
GPS_benchmark,serotype_exact,PfaSTer,35D,3,1,0,3664,3,1,0.9997271487039563,0.75,0.9997273718647764,0.8571428571428571
GPS_benchmark,serotype_exact,PfaSTer,35F,35,0,0,3633,35,1,1,1,1,1
GPS_benchmark,serotype_exact,PfaSTer,37,3,0,0,3665,3,1,1,1,1,1
GPS_benchmark,serotype_exact,PfaSTer,38,32,0,1,3635,33,0.9696969696969697,1,1,0.9997273718647764,0.9846153846153847
GPS_benchmark,serotype_exact,PfaSTer,39,4,0,0,3664,4,1,1,1,1,1
GPS_benchmark,serotype_exact,PfaSTer,4,64,0,0,3604,64,1,1,1,1,1
GPS_benchmark,serotype_exact,PfaSTer,40,3,0,0,3665,3,1,1,1,1,1
GPS_benchmark,serotype_exact,PfaSTer,45,0,0,2,3666,2,0,1,0,0.9994547437295529,0
GPS_benchmark,serotype_exact,PfaSTer,46,6,1,0,3661,6,1,0.9997269251774986,0.8571428571428571,0.9997273718647764,0.923076923076923
GPS_benchmark,serotype_exact,PfaSTer,48,2,0,0,3666,2,1,1,1,1,1
GPS_benchmark,serotype_exact,PfaSTer,5,68,0,0,3600,68,1,1,1,1,1
GPS_benchmark,serotype_exact,PfaSTer,6A,124,9,7,3528,131,0.9465648854961832,0.9974554707379135,0.9323308270676691,0.9956379498364231,0.9393939393939394
GPS_benchmark,serotype_exact,PfaSTer,6B,13,0,135,3520,148,0.08783783783783784,1,1,0.9631952017448201,0.16149068322981366
GPS_benchmark,serotype_exact,PfaSTer,6C,48,3,0,3617,48,1,0.9991712707182321,0.9411764705882353,0.9991821155943293,0.9696969696969697
GPS_benchmark,serotype_exact,PfaSTer,6D,0,0,3,3665,3,0,1,0,0.9991821155943293,0
GPS_benchmark,serotype_exact,PfaSTer,6E,5,124,0,3539,5,1,0.9661479661479662,0.03875968992248062,0.9661941112322792,0.07462686567164178
GPS_benchmark,serotype_exact,PfaSTer,7B,7,0,0,3661,7,1,1,1,1,1
GPS_benchmark,serotype_exact,PfaSTer,7C,44,0,0,3624,44,1,1,1,1,1
GPS_benchmark,serotype_exact,PfaSTer,7F,51,0,0,3617,51,1,1,1,1,1
GPS_benchmark,serotype_exact,PfaSTer,8,355,0,2,3311,357,0.9943977591036415,1,1,0.9994547437295529,0.9971910112359551
GPS_benchmark,serotype_exact,PfaSTer,9L,7,0,1,3660,8,0.875,1,1,0.9997273718647764,0.9333333333333333
GPS_benchmark,serotype_exact,PfaSTer,9N,114,0,0,3554,114,1,1,1,1,1
GPS_benchmark,serotype_exact,PfaSTer,9V,58,0,0,3610,58,1,1,1,1,1
GPS_benchmark,serotype_exact,PneumoCaT,1,129,0,1,3538,130,0.9923076923076923,1,1,0.9997273718647764,0.9961389961389961
GPS_benchmark,serotype_exact,PneumoCaT,10A,74,0,2,3592,76,0.9736842105263158,1,1,0.9994547437295529,0.9866666666666666
GPS_benchmark,serotype_exact,PneumoCaT,10B,9,0,1,3658,10,0.9,1,1,0.9997273718647764,0.9473684210526316
GPS_benchmark,serotype_exact,PneumoCaT,10F,3,0,0,3665,3,1,1,1,1,1
GPS_benchmark,serotype_exact,PneumoCaT,11,0,0,1,3667,1,0,1,0,0.9997273718647764,0
GPS_benchmark,serotype_exact,PneumoCaT,11A,48,5,25,3590,73,0.6575342465753424,0.9986091794158554,0.9056603773584906,0.9918211559432933,0.761904761904762
GPS_benchmark,serotype_exact,PneumoCaT,11B,2,0,1,3665,3,0.6666666666666666,1,1,0.9997273718647764,0.8
GPS_benchmark,serotype_exact,PneumoCaT,11E,0,0,5,3663,5,0,1,0,0.9986368593238822,0
GPS_benchmark,serotype_exact,PneumoCaT,12B,1,4,1,3662,2,0.5,0.9989088925259137,0.2,0.9986368593238822,0.28571428571428575
GPS_benchmark,serotype_exact,PneumoCaT,12F,160,1,6,3501,166,0.963855421686747,0.9997144488863506,0.9937888198757764,0.9980916030534351,0.9785932721712538
GPS_benchmark,serotype_exact,PneumoCaT,13,39,0,1,3628,40,0.975,1,1,0.9997273718647764,0.9873417721518987
GPS_benchmark,serotype_exact,PneumoCaT,14,183,0,6,3479,189,0.9682539682539683,1,1,0.9983642311886587,0.9838709677419354
GPS_benchmark,serotype_exact,PneumoCaT,15A,94,0,2,3572,96,0.9791666666666666,1,1,0.9994547437295529,0.9894736842105264
GPS_benchmark,serotype_exact,PneumoCaT,15B,12,8,11,3637,23,0.5217391304347826,0.9978052126200274,0.6,0.9948200654307524,0.5581395348837209
GPS_benchmark,serotype_exact,PneumoCaT,15C,5,11,8,3644,13,0.38461538461538464,0.9969904240766074,0.3125,0.9948200654307524,0.3448275862068966
GPS_benchmark,serotype_exact,PneumoCaT,15F,2,0,0,3666,2,1,1,1,1,1
GPS_benchmark,serotype_exact,PneumoCaT,16F,78,0,4,3586,82,0.9512195121951219,1,1,0.9989094874591058,0.975
GPS_benchmark,serotype_exact,PneumoCaT,17F,41,0,2,3625,43,0.9534883720930233,1,1,0.9994547437295529,0.9761904761904763
GPS_benchmark,serotype_exact,PneumoCaT,18A,8,5,0,3655,8,1,0.9986338797814208,0.6153846153846154,0.9986368593238822,0.761904761904762
GPS_benchmark,serotype_exact,PneumoCaT,18B,2,42,0,3624,2,1,0.9885433715220949,0.045454545454545456,0.9885496183206107,0.08695652173913045
GPS_benchmark,serotype_exact,PneumoCaT,18C,0,0,46,3622,46,0,1,0,0.9874591057797165,0
GPS_benchmark,serotype_exact,PneumoCaT,18F,0,0,2,3666,2,0,1,0,0.9994547437295529,0
GPS_benchmark,serotype_exact,PneumoCaT,19A,117,0,148,3403,265,0.44150943396226416,1,1,0.9596510359869138,0.6125654450261779
GPS_benchmark,serotype_exact,PneumoCaT,19B,7,0,0,3661,7,1,1,1,1,1
GPS_benchmark,serotype_exact,PneumoCaT,19F,155,0,15,3498,170,0.9117647058823529,1,1,0.9959105779716467,0.9538461538461539
GPS_benchmark,serotype_exact,PneumoCaT,2,10,0,0,3658,10,1,1,1,1,1
GPS_benchmark,serotype_exact,PneumoCaT,20,3,28,0,3637,3,1,0.9923601637107776,0.0967741935483871,0.9923664122137404,0.17647058823529413
GPS_benchmark,serotype_exact,PneumoCaT,20A,0,0,12,3656,12,0,1,0,0.9967284623773174,0
GPS_benchmark,serotype_exact,PneumoCaT,20B,0,0,20,3648,20,0,1,0,0.9945474372955289,0
GPS_benchmark,serotype_exact,PneumoCaT,21,21,0,4,3643,25,0.84,1,1,0.9989094874591058,0.9130434782608696
GPS_benchmark,serotype_exact,PneumoCaT,22A,5,0,0,3663,5,1,1,1,1,1
GPS_benchmark,serotype_exact,PneumoCaT,22F,133,0,2,3533,135,0.9851851851851852,1,1,0.9994547437295529,0.9925373134328358
GPS_benchmark,serotype_exact,PneumoCaT,23A,56,0,3,3609,59,0.9491525423728814,1,1,0.9991821155943293,0.9739130434782608
GPS_benchmark,serotype_exact,PneumoCaT,23B,21,0,54,3593,75,0.28,1,1,0.985278080697928,0.43750000000000006
GPS_benchmark,serotype_exact,PneumoCaT,23F,123,0,0,3545,123,1,1,1,1,1
GPS_benchmark,serotype_exact,PneumoCaT,24A,0,0,3,3665,3,0,1,0,0.9991821155943293,0
GPS_benchmark,serotype_exact,PneumoCaT,24F,5,2,59,3602,64,0.078125,0.9994450610432852,0.7142857142857143,0.9833696837513631,0.14084507042253522
GPS_benchmark,serotype_exact,PneumoCaT,25F,0,0,3,3665,3,0,1,0,0.9991821155943293,0
GPS_benchmark,serotype_exact,PneumoCaT,27,4,0,0,3664,4,1,1,1,1,1
GPS_benchmark,serotype_exact,PneumoCaT,28A,0,0,5,3663,5,0,1,0,0.9986368593238822,0
GPS_benchmark,serotype_exact,PneumoCaT,28F,4,5,1,3658,5,0.8,0.9986349986349986,0.4444444444444444,0.9983642311886587,0.5714285714285714
GPS_benchmark,serotype_exact,PneumoCaT,29,2,0,3,3663,5,0.4,1,1,0.9991821155943293,0.5714285714285715
GPS_benchmark,serotype_exact,PneumoCaT,3,234,0,5,3429,239,0.9790794979079498,1,1,0.9986368593238822,0.9894291754756871
GPS_benchmark,serotype_exact,PneumoCaT,31,27,0,1,3640,28,0.9642857142857143,1,1,0.9997273718647764,0.9818181818181818
GPS_benchmark,serotype_exact,PneumoCaT,33B,4,0,0,3664,4,1,1,1,1,1
GPS_benchmark,serotype_exact,PneumoCaT,33D,5,0,0,3663,5,1,1,1,1,1
GPS_benchmark,serotype_exact,PneumoCaT,33F,57,1,3,3607,60,0.95,0.9997228381374723,0.9827586206896551,0.9989094874591058,0.9661016949152542
GPS_benchmark,serotype_exact,PneumoCaT,34,44,0,1,3623,45,0.9777777777777777,1,1,0.9997273718647764,0.9887640449438202
GPS_benchmark,serotype_exact,PneumoCaT,35A,9,2,1,3656,10,0.9,0.9994532531437944,0.8181818181818182,0.9991821155943293,0.8571428571428572
GPS_benchmark,serotype_exact,PneumoCaT,35B,63,3,2,3600,65,0.9692307692307692,0.9991673605328892,0.9545454545454546,0.9986368593238822,0.9618320610687022
GPS_benchmark,serotype_exact,PneumoCaT,35C,0,1,2,3665,2,0,0.9997272231314784,0,0.9991821155943293,0
GPS_benchmark,serotype_exact,PneumoCaT,35D,0,0,3,3665,3,0,1,0,0.9991821155943293,0
GPS_benchmark,serotype_exact,PneumoCaT,35F,33,0,2,3633,35,0.9428571428571428,1,1,0.9994547437295529,0.9705882352941176
GPS_benchmark,serotype_exact,PneumoCaT,37,1,0,2,3665,3,0.3333333333333333,1,1,0.9994547437295529,0.5
GPS_benchmark,serotype_exact,PneumoCaT,38,33,0,0,3635,33,1,1,1,1,1
GPS_benchmark,serotype_exact,PneumoCaT,39,4,0,0,3664,4,1,1,1,1,1
GPS_benchmark,serotype_exact,PneumoCaT,4,59,0,5,3604,64,0.921875,1,1,0.9986368593238822,0.959349593495935
GPS_benchmark,serotype_exact,PneumoCaT,40,1,1,2,3664,3,0.3333333333333333,0.9997271487039563,0.5,0.9991821155943293,0.4
GPS_benchmark,serotype_exact,PneumoCaT,45,2,0,0,3666,2,1,1,1,1,1
GPS_benchmark,serotype_exact,PneumoCaT,46,0,0,6,3662,6,0,1,0,0.9983642311886587,0
GPS_benchmark,serotype_exact,PneumoCaT,48,2,0,0,3666,2,1,1,1,1,1
GPS_benchmark,serotype_exact,PneumoCaT,5,68,0,0,3600,68,1,1,1,1,1
GPS_benchmark,serotype_exact,PneumoCaT,6A,110,24,21,3513,131,0.8396946564885496,0.993214588634436,0.8208955223880597,0.9877317339149401,0.830188679245283
GPS_benchmark,serotype_exact,PneumoCaT,6B,6,11,142,3509,148,0.04054054054054054,0.996875,0.35294117647058826,0.9582878953107961,0.07272727272727274
GPS_benchmark,serotype_exact,PneumoCaT,6C,4,1,44,3619,48,0.08333333333333333,0.9997237569060774,0.8,0.9877317339149401,0.1509433962264151
GPS_benchmark,serotype_exact,PneumoCaT,6D,2,41,1,3624,3,0.6666666666666666,0.9888130968622101,0.046511627906976744,0.9885496183206107,0.08695652173913045
GPS_benchmark,serotype_exact,PneumoCaT,6E,5,115,0,3548,5,1,0.9686049686049686,0.041666666666666664,0.9686477644492911,0.07999999999999999
GPS_benchmark,serotype_exact,PneumoCaT,7B,6,2,1,3659,7,0.8571428571428571,0.9994537011745425,0.75,0.9991821155943293,0.7999999999999999
GPS_benchmark,serotype_exact,PneumoCaT,7C,43,0,1,3624,44,0.9772727272727273,1,1,0.9997273718647764,0.9885057471264368
GPS_benchmark,serotype_exact,PneumoCaT,7F,7,0,44,3617,51,0.13725490196078433,1,1,0.9880043620501636,0.24137931034482762
GPS_benchmark,serotype_exact,PneumoCaT,8,344,0,13,3311,357,0.9635854341736695,1,1,0.9964558342420938,0.9814550641940085
GPS_benchmark,serotype_exact,PneumoCaT,9L,5,1,3,3659,8,0.625,0.9997267759562841,0.8333333333333334,0.9989094874591058,0.7142857142857143
GPS_benchmark,serotype_exact,PneumoCaT,9N,111,2,3,3552,114,0.9736842105263158,0.9994372537985369,0.9823008849557522,0.9986368593238822,0.9779735682819383
GPS_benchmark,serotype_exact,PneumoCaT,9V,57,0,1,3610,58,0.9827586206896551,1,1,0.9997273718647764,0.9913043478260869
GPS_benchmark,serotype_exact,PneumoKITy,1,130,0,0,3538,130,1,1,1,1,1
GPS_benchmark,serotype_exact,PneumoKITy,10A,76,0,0,3592,76,1,1,1,1,1
GPS_benchmark,serotype_exact,PneumoKITy,10B,10,0,0,3658,10,1,1,1,1,1
GPS_benchmark,serotype_exact,PneumoKITy,10F,3,0,0,3665,3,1,1,1,1,1
GPS_benchmark,serotype_exact,PneumoKITy,11,0,0,1,3667,1,0,1,0,0.9997273718647764,0
GPS_benchmark,serotype_exact,PneumoKITy,11A,0,0,73,3595,73,0,1,0,0.9800981461286805,0
GPS_benchmark,serotype_exact,PneumoKITy,11B,0,0,3,3665,3,0,1,0,0.9991821155943293,0
GPS_benchmark,serotype_exact,PneumoKITy,11E,0,0,5,3663,5,0,1,0,0.9986368593238822,0
GPS_benchmark,serotype_exact,PneumoKITy,12B,0,0,2,3666,2,0,1,0,0.9994547437295529,0
GPS_benchmark,serotype_exact,PneumoKITy,12F,166,1,0,3501,166,1,0.9997144488863506,0.9940119760479041,0.9997273718647764,0.996996996996997
GPS_benchmark,serotype_exact,PneumoKITy,13,40,0,0,3628,40,1,1,1,1,1
GPS_benchmark,serotype_exact,PneumoKITy,14,189,0,0,3479,189,1,1,1,1,1
GPS_benchmark,serotype_exact,PneumoKITy,15A,0,0,96,3572,96,0,1,0,0.9738276990185387,0
GPS_benchmark,serotype_exact,PneumoKITy,15B,0,0,23,3645,23,0,1,0,0.9937295528898582,0
GPS_benchmark,serotype_exact,PneumoKITy,15C,0,0,13,3655,13,0,1,0,0.9964558342420938,0
GPS_benchmark,serotype_exact,PneumoKITy,15F,2,0,0,3666,2,1,1,1,1,1
GPS_benchmark,serotype_exact,PneumoKITy,16F,42,0,40,3586,82,0.5121951219512195,1,1,0.9890948745910578,0.6774193548387097
GPS_benchmark,serotype_exact,PneumoKITy,17F,43,0,0,3625,43,1,1,1,1,1
GPS_benchmark,serotype_exact,PneumoKITy,18A,7,0,1,3660,8,0.875,1,1,0.9997273718647764,0.9333333333333333
GPS_benchmark,serotype_exact,PneumoKITy,18B,0,0,2,3666,2,0,1,0,0.9994547437295529,0
GPS_benchmark,serotype_exact,PneumoKITy,18C,0,0,46,3622,46,0,1,0,0.9874591057797165,0
GPS_benchmark,serotype_exact,PneumoKITy,18F,2,0,0,3666,2,1,1,1,1,1
GPS_benchmark,serotype_exact,PneumoKITy,19A,261,0,4,3403,265,0.9849056603773585,1,1,0.9989094874591058,0.9923954372623575
GPS_benchmark,serotype_exact,PneumoKITy,19B,7,0,0,3661,7,1,1,1,1,1
GPS_benchmark,serotype_exact,PneumoKITy,19F,167,0,3,3498,170,0.9823529411764705,1,1,0.9991821155943293,0.9910979228486646
GPS_benchmark,serotype_exact,PneumoKITy,2,10,0,0,3658,10,1,1,1,1,1
GPS_benchmark,serotype_exact,PneumoKITy,20,3,32,0,3633,3,1,0.991268758526603,0.08571428571428572,0.9912758996728462,0.15789473684210528
GPS_benchmark,serotype_exact,PneumoKITy,20A,0,0,12,3656,12,0,1,0,0.9967284623773174,0
GPS_benchmark,serotype_exact,PneumoKITy,20B,0,0,20,3648,20,0,1,0,0.9945474372955289,0
GPS_benchmark,serotype_exact,PneumoKITy,21,25,0,0,3643,25,1,1,1,1,1
GPS_benchmark,serotype_exact,PneumoKITy,22A,5,0,0,3663,5,1,1,1,1,1
GPS_benchmark,serotype_exact,PneumoKITy,22F,135,0,0,3533,135,1,1,1,1,1
GPS_benchmark,serotype_exact,PneumoKITy,23A,59,0,0,3609,59,1,1,1,1,1
GPS_benchmark,serotype_exact,PneumoKITy,23B,74,0,1,3593,75,0.9866666666666667,1,1,0.9997273718647764,0.9932885906040269
GPS_benchmark,serotype_exact,PneumoKITy,23F,123,1,0,3544,123,1,0.9997179125528914,0.9919354838709677,0.9997273718647764,0.9959514170040485
GPS_benchmark,serotype_exact,PneumoKITy,24A,0,0,3,3665,3,0,1,0,0.9991821155943293,0
GPS_benchmark,serotype_exact,PneumoKITy,24F,0,0,64,3604,64,0,1,0,0.9825517993456925,0
GPS_benchmark,serotype_exact,PneumoKITy,25F,0,0,3,3665,3,0,1,0,0.9991821155943293,0
GPS_benchmark,serotype_exact,PneumoKITy,27,4,0,0,3664,4,1,1,1,1,1
GPS_benchmark,serotype_exact,PneumoKITy,28A,0,0,5,3663,5,0,1,0,0.9986368593238822,0
GPS_benchmark,serotype_exact,PneumoKITy,28F,0,0,5,3663,5,0,1,0,0.9986368593238822,0
GPS_benchmark,serotype_exact,PneumoKITy,29,2,0,3,3663,5,0.4,1,1,0.9991821155943293,0.5714285714285715
GPS_benchmark,serotype_exact,PneumoKITy,3,235,0,4,3429,239,0.9832635983263598,1,1,0.9989094874591058,0.9915611814345991
GPS_benchmark,serotype_exact,PneumoKITy,31,28,0,0,3640,28,1,1,1,1,1
GPS_benchmark,serotype_exact,PneumoKITy,33B,0,0,4,3664,4,0,1,0,0.9989094874591058,0
GPS_benchmark,serotype_exact,PneumoKITy,33D,0,0,5,3663,5,0,1,0,0.9986368593238822,0
GPS_benchmark,serotype_exact,PneumoKITy,33F,0,0,60,3608,60,0,1,0,0.9836423118865867,0
GPS_benchmark,serotype_exact,PneumoKITy,34,45,0,0,3623,45,1,1,1,1,1
GPS_benchmark,serotype_exact,PneumoKITy,35A,0,0,10,3658,10,0,1,0,0.9972737186477645,0
GPS_benchmark,serotype_exact,PneumoKITy,35B,0,0,65,3603,65,0,1,0,0.9822791712104689,0
GPS_benchmark,serotype_exact,PneumoKITy,35C,0,0,2,3666,2,0,1,0,0.9994547437295529,0
GPS_benchmark,serotype_exact,PneumoKITy,35D,0,0,3,3665,3,0,1,0,0.9991821155943293,0
GPS_benchmark,serotype_exact,PneumoKITy,35F,35,0,0,3633,35,1,1,1,1,1
GPS_benchmark,serotype_exact,PneumoKITy,37,3,0,0,3665,3,1,1,1,1,1
GPS_benchmark,serotype_exact,PneumoKITy,38,26,0,7,3635,33,0.7878787878787878,1,1,0.9980916030534351,0.8813559322033898
GPS_benchmark,serotype_exact,PneumoKITy,39,4,0,0,3664,4,1,1,1,1,1
GPS_benchmark,serotype_exact,PneumoKITy,4,64,0,0,3604,64,1,1,1,1,1
GPS_benchmark,serotype_exact,PneumoKITy,40,0,0,3,3665,3,0,1,0,0.9991821155943293,0
GPS_benchmark,serotype_exact,PneumoKITy,45,2,0,0,3666,2,1,1,1,1,1
GPS_benchmark,serotype_exact,PneumoKITy,46,0,0,6,3662,6,0,1,0,0.9983642311886587,0
GPS_benchmark,serotype_exact,PneumoKITy,48,2,0,0,3666,2,1,1,1,1,1
GPS_benchmark,serotype_exact,PneumoKITy,5,68,0,0,3600,68,1,1,1,1,1
GPS_benchmark,serotype_exact,PneumoKITy,6A,0,0,131,3537,131,0,1,0,0.9642857142857143,0
GPS_benchmark,serotype_exact,PneumoKITy,6B,0,0,148,3520,148,0,1,0,0.9596510359869138,0
GPS_benchmark,serotype_exact,PneumoKITy,6C,0,0,48,3620,48,0,1,0,0.9869138495092693,0
GPS_benchmark,serotype_exact,PneumoKITy,6D,0,0,3,3665,3,0,1,0,0.9991821155943293,0
GPS_benchmark,serotype_exact,PneumoKITy,6E,0,0,5,3663,5,0,1,0,0.9986368593238822,0
GPS_benchmark,serotype_exact,PneumoKITy,7B,0,0,7,3661,7,0,1,0,0.9980916030534351,0
GPS_benchmark,serotype_exact,PneumoKITy,7C,44,0,0,3624,44,1,1,1,1,1
GPS_benchmark,serotype_exact,PneumoKITy,7F,0,0,51,3617,51,0,1,0,0.9860959651035986,0
GPS_benchmark,serotype_exact,PneumoKITy,8,357,0,0,3311,357,1,1,1,1,1
GPS_benchmark,serotype_exact,PneumoKITy,9L,0,0,8,3660,8,0,1,0,0.9978189749182116,0
GPS_benchmark,serotype_exact,PneumoKITy,9N,0,0,114,3554,114,0,1,0,0.9689203925845147,0
GPS_benchmark,serotype_exact,PneumoKITy,9V,0,0,58,3610,58,0,1,0,0.9841875681570338,0
GPS_benchmark,serotype_exact,Pneumo-Typer,1,130,0,0,3538,130,1,1,1,1,1
GPS_benchmark,serotype_exact,Pneumo-Typer,10A,76,0,0,3592,76,1,1,1,1,1
GPS_benchmark,serotype_exact,Pneumo-Typer,10B,10,0,0,3658,10,1,1,1,1,1
GPS_benchmark,serotype_exact,Pneumo-Typer,10F,3,0,0,3665,3,1,1,1,1,1
GPS_benchmark,serotype_exact,Pneumo-Typer,11,0,0,1,3667,1,0,1,0,0.9997273718647764,0
GPS_benchmark,serotype_exact,Pneumo-Typer,11A,73,6,0,3589,73,1,0.9983310152990265,0.9240506329113924,0.9983642311886587,0.9605263157894737
GPS_benchmark,serotype_exact,Pneumo-Typer,11B,3,0,0,3665,3,1,1,1,1,1
GPS_benchmark,serotype_exact,Pneumo-Typer,11E,0,0,5,3663,5,0,1,0,0.9986368593238822,0
GPS_benchmark,serotype_exact,Pneumo-Typer,12B,1,4,1,3662,2,0.5,0.9989088925259137,0.2,0.9986368593238822,0.28571428571428575
GPS_benchmark,serotype_exact,Pneumo-Typer,12F,166,1,0,3501,166,1,0.9997144488863506,0.9940119760479041,0.9997273718647764,0.996996996996997
GPS_benchmark,serotype_exact,Pneumo-Typer,13,40,0,0,3628,40,1,1,1,1,1
GPS_benchmark,serotype_exact,Pneumo-Typer,14,189,0,0,3479,189,1,1,1,1,1
GPS_benchmark,serotype_exact,Pneumo-Typer,15A,96,0,0,3572,96,1,1,1,1,1
GPS_benchmark,serotype_exact,Pneumo-Typer,15B,21,1,2,3644,23,0.9130434782608695,0.9997256515775035,0.9545454545454546,0.9991821155943293,0.9333333333333332
GPS_benchmark,serotype_exact,Pneumo-Typer,15C,3,0,10,3655,13,0.23076923076923078,1,1,0.9972737186477645,0.375
GPS_benchmark,serotype_exact,Pneumo-Typer,15F,2,0,0,3666,2,1,1,1,1,1
GPS_benchmark,serotype_exact,Pneumo-Typer,16F,82,1,0,3585,82,1,0.9997211377579476,0.9879518072289156,0.9997273718647764,0.993939393939394
GPS_benchmark,serotype_exact,Pneumo-Typer,17F,43,0,0,3625,43,1,1,1,1,1
GPS_benchmark,serotype_exact,Pneumo-Typer,18A,8,0,0,3660,8,1,1,1,1,1
GPS_benchmark,serotype_exact,Pneumo-Typer,18B,2,1,0,3665,2,1,0.9997272231314784,0.6666666666666666,0.9997273718647764,0.8
GPS_benchmark,serotype_exact,Pneumo-Typer,18C,45,0,1,3622,46,0.9782608695652174,1,1,0.9997273718647764,0.989010989010989
GPS_benchmark,serotype_exact,Pneumo-Typer,18F,2,0,0,3666,2,1,1,1,1,1
GPS_benchmark,serotype_exact,Pneumo-Typer,19A,265,2,0,3401,265,1,0.9994122832794593,0.9925093632958801,0.9994547437295529,0.9962406015037594
GPS_benchmark,serotype_exact,Pneumo-Typer,19B,7,0,0,3661,7,1,1,1,1,1
GPS_benchmark,serotype_exact,Pneumo-Typer,19F,168,0,2,3498,170,0.9882352941176471,1,1,0.9994547437295529,0.9940828402366864
GPS_benchmark,serotype_exact,Pneumo-Typer,2,10,0,0,3658,10,1,1,1,1,1
GPS_benchmark,serotype_exact,Pneumo-Typer,20,3,32,0,3633,3,1,0.991268758526603,0.08571428571428572,0.9912758996728462,0.15789473684210528
GPS_benchmark,serotype_exact,Pneumo-Typer,20A,0,0,12,3656,12,0,1,0,0.9967284623773174,0
GPS_benchmark,serotype_exact,Pneumo-Typer,20B,0,0,20,3648,20,0,1,0,0.9945474372955289,0
GPS_benchmark,serotype_exact,Pneumo-Typer,21,25,0,0,3643,25,1,1,1,1,1
GPS_benchmark,serotype_exact,Pneumo-Typer,22A,5,0,0,3663,5,1,1,1,1,1
GPS_benchmark,serotype_exact,Pneumo-Typer,22F,135,0,0,3533,135,1,1,1,1,1
GPS_benchmark,serotype_exact,Pneumo-Typer,23A,59,0,0,3609,59,1,1,1,1,1
GPS_benchmark,serotype_exact,Pneumo-Typer,23B,74,0,1,3593,75,0.9866666666666667,1,1,0.9997273718647764,0.9932885906040269
GPS_benchmark,serotype_exact,Pneumo-Typer,23F,123,1,0,3544,123,1,0.9997179125528914,0.9919354838709677,0.9997273718647764,0.9959514170040485
GPS_benchmark,serotype_exact,Pneumo-Typer,24A,0,0,3,3665,3,0,1,0,0.9991821155943293,0
GPS_benchmark,serotype_exact,Pneumo-Typer,24F,5,2,59,3602,64,0.078125,0.9994450610432852,0.7142857142857143,0.9833696837513631,0.14084507042253522
GPS_benchmark,serotype_exact,Pneumo-Typer,25F,3,0,0,3665,3,1,1,1,1,1
GPS_benchmark,serotype_exact,Pneumo-Typer,27,4,0,0,3664,4,1,1,1,1,1
GPS_benchmark,serotype_exact,Pneumo-Typer,28A,5,0,0,3663,5,1,1,1,1,1
GPS_benchmark,serotype_exact,Pneumo-Typer,28F,5,0,0,3663,5,1,1,1,1,1
GPS_benchmark,serotype_exact,Pneumo-Typer,29,5,0,0,3663,5,1,1,1,1,1
GPS_benchmark,serotype_exact,Pneumo-Typer,3,238,0,1,3429,239,0.99581589958159,1,1,0.9997273718647764,0.9979035639412999
GPS_benchmark,serotype_exact,Pneumo-Typer,31,28,0,0,3640,28,1,1,1,1,1
GPS_benchmark,serotype_exact,Pneumo-Typer,33B,4,0,0,3664,4,1,1,1,1,1
GPS_benchmark,serotype_exact,Pneumo-Typer,33D,5,0,0,3663,5,1,1,1,1,1
GPS_benchmark,serotype_exact,Pneumo-Typer,33F,60,0,0,3608,60,1,1,1,1,1
GPS_benchmark,serotype_exact,Pneumo-Typer,34,45,1,0,3622,45,1,0.9997239856472536,0.9782608695652174,0.9997273718647764,0.989010989010989
GPS_benchmark,serotype_exact,Pneumo-Typer,35A,10,0,0,3658,10,1,1,1,1,1
GPS_benchmark,serotype_exact,Pneumo-Typer,35B,64,0,1,3603,65,0.9846153846153847,1,1,0.9997273718647764,0.9922480620155039
GPS_benchmark,serotype_exact,Pneumo-Typer,35C,2,0,0,3666,2,1,1,1,1,1
GPS_benchmark,serotype_exact,Pneumo-Typer,35D,3,1,0,3664,3,1,0.9997271487039563,0.75,0.9997273718647764,0.8571428571428571
GPS_benchmark,serotype_exact,Pneumo-Typer,35F,35,0,0,3633,35,1,1,1,1,1
GPS_benchmark,serotype_exact,Pneumo-Typer,37,3,0,0,3665,3,1,1,1,1,1
GPS_benchmark,serotype_exact,Pneumo-Typer,38,33,0,0,3635,33,1,1,1,1,1
GPS_benchmark,serotype_exact,Pneumo-Typer,39,4,0,0,3664,4,1,1,1,1,1
GPS_benchmark,serotype_exact,Pneumo-Typer,4,64,0,0,3604,64,1,1,1,1,1
GPS_benchmark,serotype_exact,Pneumo-Typer,40,3,0,0,3665,3,1,1,1,1,1
GPS_benchmark,serotype_exact,Pneumo-Typer,45,2,0,0,3666,2,1,1,1,1,1
GPS_benchmark,serotype_exact,Pneumo-Typer,46,2,0,4,3662,6,0.3333333333333333,1,1,0.9989094874591058,0.5
GPS_benchmark,serotype_exact,Pneumo-Typer,48,2,0,0,3666,2,1,1,1,1,1
GPS_benchmark,serotype_exact,Pneumo-Typer,5,68,0,0,3600,68,1,1,1,1,1
GPS_benchmark,serotype_exact,Pneumo-Typer,6A,131,0,0,3537,131,1,1,1,1,1
GPS_benchmark,serotype_exact,Pneumo-Typer,6B,147,5,1,3515,148,0.9932432432432432,0.9985795454545454,0.9671052631578947,0.9983642311886587,0.98
GPS_benchmark,serotype_exact,Pneumo-Typer,6C,48,0,0,3620,48,1,1,1,1,1
GPS_benchmark,serotype_exact,Pneumo-Typer,6D,3,0,0,3665,3,1,1,1,1,1
GPS_benchmark,serotype_exact,Pneumo-Typer,6E,0,0,5,3663,5,0,1,0,0.9986368593238822,0
GPS_benchmark,serotype_exact,Pneumo-Typer,7B,7,0,0,3661,7,1,1,1,1,1
GPS_benchmark,serotype_exact,Pneumo-Typer,7C,44,0,0,3624,44,1,1,1,1,1
GPS_benchmark,serotype_exact,Pneumo-Typer,7F,51,0,0,3617,51,1,1,1,1,1
GPS_benchmark,serotype_exact,Pneumo-Typer,8,357,0,0,3311,357,1,1,1,1,1
GPS_benchmark,serotype_exact,Pneumo-Typer,9L,8,0,0,3660,8,1,1,1,1,1
GPS_benchmark,serotype_exact,Pneumo-Typer,9N,114,0,0,3554,114,1,1,1,1,1
GPS_benchmark,serotype_exact,Pneumo-Typer,9V,58,0,0,3610,58,1,1,1,1,1
GPS_benchmark,serotype_exact,SeroBA,1,130,0,0,3538,130,1,1,1,1,1
GPS_benchmark,serotype_exact,SeroBA,10A,76,0,0,3592,76,1,1,1,1,1
GPS_benchmark,serotype_exact,SeroBA,10B,10,0,0,3658,10,1,1,1,1,1
GPS_benchmark,serotype_exact,SeroBA,10F,3,0,0,3665,3,1,1,1,1,1
GPS_benchmark,serotype_exact,SeroBA,11,0,0,1,3667,1,0,1,0,0.9997273718647764,0
GPS_benchmark,serotype_exact,SeroBA,11A,72,0,1,3595,73,0.9863013698630136,1,1,0.9997273718647764,0.993103448275862
GPS_benchmark,serotype_exact,SeroBA,11B,3,0,0,3665,3,1,1,1,1,1
GPS_benchmark,serotype_exact,SeroBA,11E,5,0,0,3663,5,1,1,1,1,1
GPS_benchmark,serotype_exact,SeroBA,12B,0,0,2,3666,2,0,1,0,0.9994547437295529,0
GPS_benchmark,serotype_exact,SeroBA,12F,166,1,0,3501,166,1,0.9997144488863506,0.9940119760479041,0.9997273718647764,0.996996996996997
GPS_benchmark,serotype_exact,SeroBA,13,40,0,0,3628,40,1,1,1,1,1
GPS_benchmark,serotype_exact,SeroBA,14,187,0,2,3479,189,0.9894179894179894,1,1,0.9994547437295529,0.9946808510638299
GPS_benchmark,serotype_exact,SeroBA,15A,96,0,0,3572,96,1,1,1,1,1
GPS_benchmark,serotype_exact,SeroBA,15B,23,0,0,3645,23,1,1,1,1,1
GPS_benchmark,serotype_exact,SeroBA,15C,13,0,0,3655,13,1,1,1,1,1
GPS_benchmark,serotype_exact,SeroBA,15F,2,0,0,3666,2,1,1,1,1,1
GPS_benchmark,serotype_exact,SeroBA,16F,82,0,0,3586,82,1,1,1,1,1
GPS_benchmark,serotype_exact,SeroBA,17F,43,0,0,3625,43,1,1,1,1,1
GPS_benchmark,serotype_exact,SeroBA,18A,7,0,1,3660,8,0.875,1,1,0.9997273718647764,0.9333333333333333
GPS_benchmark,serotype_exact,SeroBA,18B,2,0,0,3666,2,1,1,1,1,1
GPS_benchmark,serotype_exact,SeroBA,18C,46,1,0,3621,46,1,0.999723909442297,0.9787234042553191,0.9997273718647764,0.989247311827957
GPS_benchmark,serotype_exact,SeroBA,18F,2,0,0,3666,2,1,1,1,1,1
GPS_benchmark,serotype_exact,SeroBA,19A,262,0,3,3403,265,0.9886792452830189,1,1,0.9991821155943293,0.9943074003795066
GPS_benchmark,serotype_exact,SeroBA,19B,7,0,0,3661,7,1,1,1,1,1
GPS_benchmark,serotype_exact,SeroBA,19F,170,2,0,3496,170,1,0.9994282447112636,0.9883720930232558,0.9994547437295529,0.9941520467836257
GPS_benchmark,serotype_exact,SeroBA,2,10,0,0,3658,10,1,1,1,1,1
GPS_benchmark,serotype_exact,SeroBA,20,0,0,3,3665,3,0,1,0,0.9991821155943293,0
GPS_benchmark,serotype_exact,SeroBA,20A,9,0,3,3656,12,0.75,1,1,0.9991821155943293,0.8571428571428571
GPS_benchmark,serotype_exact,SeroBA,20B,20,6,0,3642,20,1,0.9983552631578947,0.7692307692307693,0.9983642311886587,0.8695652173913044
GPS_benchmark,serotype_exact,SeroBA,21,25,0,0,3643,25,1,1,1,1,1
GPS_benchmark,serotype_exact,SeroBA,22A,5,0,0,3663,5,1,1,1,1,1
GPS_benchmark,serotype_exact,SeroBA,22F,135,0,0,3533,135,1,1,1,1,1
GPS_benchmark,serotype_exact,SeroBA,23A,59,0,0,3609,59,1,1,1,1,1
GPS_benchmark,serotype_exact,SeroBA,23B,75,0,0,3593,75,1,1,1,1,1
GPS_benchmark,serotype_exact,SeroBA,23F,122,0,1,3545,123,0.991869918699187,1,1,0.9997273718647764,0.9959183673469388
GPS_benchmark,serotype_exact,SeroBA,24A,1,0,2,3665,3,0.3333333333333333,1,1,0.9994547437295529,0.5
GPS_benchmark,serotype_exact,SeroBA,24F,0,0,64,3604,64,0,1,0,0.9825517993456925,0
GPS_benchmark,serotype_exact,SeroBA,25F,3,0,0,3665,3,1,1,1,1,1
GPS_benchmark,serotype_exact,SeroBA,27,4,0,0,3664,4,1,1,1,1,1
GPS_benchmark,serotype_exact,SeroBA,28A,5,0,0,3663,5,1,1,1,1,1
GPS_benchmark,serotype_exact,SeroBA,28F,5,0,0,3663,5,1,1,1,1,1
GPS_benchmark,serotype_exact,SeroBA,29,5,0,0,3663,5,1,1,1,1,1
GPS_benchmark,serotype_exact,SeroBA,3,236,0,3,3429,239,0.9874476987447699,1,1,0.9991821155943293,0.9936842105263157
GPS_benchmark,serotype_exact,SeroBA,31,27,0,1,3640,28,0.9642857142857143,1,1,0.9997273718647764,0.9818181818181818
GPS_benchmark,serotype_exact,SeroBA,33B,4,0,0,3664,4,1,1,1,1,1
GPS_benchmark,serotype_exact,SeroBA,33D,5,0,0,3663,5,1,1,1,1,1
GPS_benchmark,serotype_exact,SeroBA,33F,58,0,2,3608,60,0.9666666666666667,1,1,0.9994547437295529,0.983050847457627
GPS_benchmark,serotype_exact,SeroBA,34,45,0,0,3623,45,1,1,1,1,1
GPS_benchmark,serotype_exact,SeroBA,35A,10,0,0,3658,10,1,1,1,1,1
GPS_benchmark,serotype_exact,SeroBA,35B,63,0,2,3603,65,0.9692307692307692,1,1,0.9994547437295529,0.9843749999999999
GPS_benchmark,serotype_exact,SeroBA,35C,2,0,0,3666,2,1,1,1,1,1
GPS_benchmark,serotype_exact,SeroBA,35D,3,0,0,3665,3,1,1,1,1,1
GPS_benchmark,serotype_exact,SeroBA,35F,35,0,0,3633,35,1,1,1,1,1
GPS_benchmark,serotype_exact,SeroBA,37,3,0,0,3665,3,1,1,1,1,1
GPS_benchmark,serotype_exact,SeroBA,38,32,0,1,3635,33,0.9696969696969697,1,1,0.9997273718647764,0.9846153846153847
GPS_benchmark,serotype_exact,SeroBA,39,4,0,0,3664,4,1,1,1,1,1
GPS_benchmark,serotype_exact,SeroBA,4,62,0,2,3604,64,0.96875,1,1,0.9994547437295529,0.9841269841269841
GPS_benchmark,serotype_exact,SeroBA,40,3,0,0,3665,3,1,1,1,1,1
GPS_benchmark,serotype_exact,SeroBA,45,2,0,0,3666,2,1,1,1,1,1
GPS_benchmark,serotype_exact,SeroBA,46,6,1,0,3661,6,1,0.9997269251774986,0.8571428571428571,0.9997273718647764,0.923076923076923
GPS_benchmark,serotype_exact,SeroBA,48,2,0,0,3666,2,1,1,1,1,1
GPS_benchmark,serotype_exact,SeroBA,5,68,0,0,3600,68,1,1,1,1,1
GPS_benchmark,serotype_exact,SeroBA,6A,130,0,1,3537,131,0.9923664122137404,1,1,0.9997273718647764,0.9961685823754789
GPS_benchmark,serotype_exact,SeroBA,6B,146,5,2,3515,148,0.9864864864864865,0.9985795454545454,0.9668874172185431,0.9980916030534351,0.9765886287625419
GPS_benchmark,serotype_exact,SeroBA,6C,47,0,1,3620,48,0.9791666666666666,1,1,0.9997273718647764,0.9894736842105264
GPS_benchmark,serotype_exact,SeroBA,6D,3,0,0,3665,3,1,1,1,1,1
GPS_benchmark,serotype_exact,SeroBA,6E,0,0,5,3663,5,0,1,0,0.9986368593238822,0
GPS_benchmark,serotype_exact,SeroBA,7B,7,0,0,3661,7,1,1,1,1,1
GPS_benchmark,serotype_exact,SeroBA,7C,44,0,0,3624,44,1,1,1,1,1
GPS_benchmark,serotype_exact,SeroBA,7F,50,0,1,3617,51,0.9803921568627451,1,1,0.9997273718647764,0.99009900990099
GPS_benchmark,serotype_exact,SeroBA,8,356,0,1,3311,357,0.9971988795518207,1,1,0.9997273718647764,0.9985974754558204
GPS_benchmark,serotype_exact,SeroBA,9L,7,0,1,3660,8,0.875,1,1,0.9997273718647764,0.9333333333333333
GPS_benchmark,serotype_exact,SeroBA,9N,113,0,1,3554,114,0.9912280701754386,1,1,0.9997273718647764,0.9955947136563876
GPS_benchmark,serotype_exact,SeroBA,9V,58,0,0,3610,58,1,1,1,1,1
GPS_benchmark,serotype_exact,SeroCall,1,130,0,0,3538,130,1,1,1,1,1
GPS_benchmark,serotype_exact,SeroCall,10A,76,0,0,3592,76,1,1,1,1,1
GPS_benchmark,serotype_exact,SeroCall,10B,10,0,0,3658,10,1,1,1,1,1
GPS_benchmark,serotype_exact,SeroCall,10F,3,0,0,3665,3,1,1,1,1,1
GPS_benchmark,serotype_exact,SeroCall,11,0,0,1,3667,1,0,1,0,0.9997273718647764,0
GPS_benchmark,serotype_exact,SeroCall,11A,70,6,3,3589,73,0.958904109589041,0.9983310152990265,0.9210526315789473,0.997546346782988,0.9395973154362416
GPS_benchmark,serotype_exact,SeroCall,11B,3,0,0,3665,3,1,1,1,1,1
GPS_benchmark,serotype_exact,SeroCall,11E,0,0,5,3663,5,0,1,0,0.9986368593238822,0
GPS_benchmark,serotype_exact,SeroCall,12B,1,0,1,3666,2,0.5,1,1,0.9997273718647764,0.6666666666666666
GPS_benchmark,serotype_exact,SeroCall,12F,166,1,0,3501,166,1,0.9997144488863506,0.9940119760479041,0.9997273718647764,0.996996996996997
GPS_benchmark,serotype_exact,SeroCall,13,40,0,0,3628,40,1,1,1,1,1
GPS_benchmark,serotype_exact,SeroCall,14,187,0,2,3479,189,0.9894179894179894,1,1,0.9994547437295529,0.9946808510638299
GPS_benchmark,serotype_exact,SeroCall,15A,96,0,0,3572,96,1,1,1,1,1
GPS_benchmark,serotype_exact,SeroCall,15B,0,0,23,3645,23,0,1,0,0.9937295528898582,0
GPS_benchmark,serotype_exact,SeroCall,15C,0,0,13,3655,13,0,1,0,0.9964558342420938,0
GPS_benchmark,serotype_exact,SeroCall,15F,2,0,0,3666,2,1,1,1,1,1
GPS_benchmark,serotype_exact,SeroCall,16F,82,0,0,3586,82,1,1,1,1,1
GPS_benchmark,serotype_exact,SeroCall,17F,43,0,0,3625,43,1,1,1,1,1
GPS_benchmark,serotype_exact,SeroCall,18A,8,0,0,3660,8,1,1,1,1,1
GPS_benchmark,serotype_exact,SeroCall,18B,0,1,2,3665,2,0,0.9997272231314784,0,0.9991821155943293,0
GPS_benchmark,serotype_exact,SeroCall,18C,44,2,2,3620,46,0.9565217391304348,0.9994478188845941,0.9565217391304348,0.9989094874591058,0.9565217391304348
GPS_benchmark,serotype_exact,SeroCall,18F,2,0,0,3666,2,1,1,1,1,1
GPS_benchmark,serotype_exact,SeroCall,19A,264,0,1,3403,265,0.9962264150943396,1,1,0.9997273718647764,0.998109640831758
GPS_benchmark,serotype_exact,SeroCall,19B,7,0,0,3661,7,1,1,1,1,1
GPS_benchmark,serotype_exact,SeroCall,19F,168,0,2,3498,170,0.9882352941176471,1,1,0.9994547437295529,0.9940828402366864
GPS_benchmark,serotype_exact,SeroCall,2,10,0,0,3658,10,1,1,1,1,1
GPS_benchmark,serotype_exact,SeroCall,20,3,32,0,3633,3,1,0.991268758526603,0.08571428571428572,0.9912758996728462,0.15789473684210528
GPS_benchmark,serotype_exact,SeroCall,20A,0,0,12,3656,12,0,1,0,0.9967284623773174,0
GPS_benchmark,serotype_exact,SeroCall,20B,0,0,20,3648,20,0,1,0,0.9945474372955289,0
GPS_benchmark,serotype_exact,SeroCall,21,25,0,0,3643,25,1,1,1,1,1
GPS_benchmark,serotype_exact,SeroCall,22A,5,0,0,3663,5,1,1,1,1,1
GPS_benchmark,serotype_exact,SeroCall,22F,135,0,0,3533,135,1,1,1,1,1
GPS_benchmark,serotype_exact,SeroCall,23A,59,0,0,3609,59,1,1,1,1,1
GPS_benchmark,serotype_exact,SeroCall,23B,27,0,48,3593,75,0.36,1,1,0.9869138495092693,0.5294117647058824
GPS_benchmark,serotype_exact,SeroCall,23F,123,1,0,3544,123,1,0.9997179125528914,0.9919354838709677,0.9997273718647764,0.9959514170040485
GPS_benchmark,serotype_exact,SeroCall,24A,0,0,3,3665,3,0,1,0,0.9991821155943293,0
GPS_benchmark,serotype_exact,SeroCall,24F,0,0,64,3604,64,0,1,0,0.9825517993456925,0
GPS_benchmark,serotype_exact,SeroCall,25F,3,0,0,3665,3,1,1,1,1,1
GPS_benchmark,serotype_exact,SeroCall,27,4,0,0,3664,4,1,1,1,1,1
GPS_benchmark,serotype_exact,SeroCall,28A,5,0,0,3663,5,1,1,1,1,1
GPS_benchmark,serotype_exact,SeroCall,28F,5,0,0,3663,5,1,1,1,1,1
GPS_benchmark,serotype_exact,SeroCall,29,5,0,0,3663,5,1,1,1,1,1
GPS_benchmark,serotype_exact,SeroCall,3,238,0,1,3429,239,0.99581589958159,1,1,0.9997273718647764,0.9979035639412999
GPS_benchmark,serotype_exact,SeroCall,31,27,0,1,3640,28,0.9642857142857143,1,1,0.9997273718647764,0.9818181818181818
GPS_benchmark,serotype_exact,SeroCall,33B,0,4,4,3660,4,0,0.9989082969432315,0,0.9978189749182116,0
GPS_benchmark,serotype_exact,SeroCall,33D,1,4,4,3659,5,0.2,0.9989079989079989,0.2,0.9978189749182116,0.20000000000000004
GPS_benchmark,serotype_exact,SeroCall,33F,36,0,24,3608,60,0.6,1,1,0.9934569247546347,0.7499999999999999
GPS_benchmark,serotype_exact,SeroCall,34,45,0,0,3623,45,1,1,1,1,1
GPS_benchmark,serotype_exact,SeroCall,35A,10,0,0,3658,10,1,1,1,1,1
GPS_benchmark,serotype_exact,SeroCall,35B,63,3,2,3600,65,0.9692307692307692,0.9991673605328892,0.9545454545454546,0.9986368593238822,0.9618320610687022
GPS_benchmark,serotype_exact,SeroCall,35C,2,0,0,3666,2,1,1,1,1,1
GPS_benchmark,serotype_exact,SeroCall,35D,0,0,3,3665,3,0,1,0,0.9991821155943293,0
GPS_benchmark,serotype_exact,SeroCall,35F,35,0,0,3633,35,1,1,1,1,1
GPS_benchmark,serotype_exact,SeroCall,37,3,1,0,3664,3,1,0.9997271487039563,0.75,0.9997273718647764,0.8571428571428571
GPS_benchmark,serotype_exact,SeroCall,38,33,0,0,3635,33,1,1,1,1,1
GPS_benchmark,serotype_exact,SeroCall,39,4,0,0,3664,4,1,1,1,1,1
GPS_benchmark,serotype_exact,SeroCall,4,62,0,2,3604,64,0.96875,1,1,0.9994547437295529,0.9841269841269841
GPS_benchmark,serotype_exact,SeroCall,40,3,0,0,3665,3,1,1,1,1,1
GPS_benchmark,serotype_exact,SeroCall,45,2,0,0,3666,2,1,1,1,1,1
GPS_benchmark,serotype_exact,SeroCall,46,2,0,4,3662,6,0.3333333333333333,1,1,0.9989094874591058,0.5
GPS_benchmark,serotype_exact,SeroCall,48,2,0,0,3666,2,1,1,1,1,1
GPS_benchmark,serotype_exact,SeroCall,5,68,0,0,3600,68,1,1,1,1,1
GPS_benchmark,serotype_exact,SeroCall,6A,124,0,7,3537,131,0.9465648854961832,1,1,0.9980916030534351,0.9725490196078431
GPS_benchmark,serotype_exact,SeroCall,6B,25,0,123,3520,148,0.16891891891891891,1,1,0.9664667393675027,0.28901734104046245
GPS_benchmark,serotype_exact,SeroCall,6C,48,0,0,3620,48,1,1,1,1,1
GPS_benchmark,serotype_exact,SeroCall,6D,3,0,0,3665,3,1,1,1,1,1
GPS_benchmark,serotype_exact,SeroCall,6E,0,0,5,3663,5,0,1,0,0.9986368593238822,0
GPS_benchmark,serotype_exact,SeroCall,7B,7,0,0,3661,7,1,1,1,1,1
GPS_benchmark,serotype_exact,SeroCall,7C,44,0,0,3624,44,1,1,1,1,1
GPS_benchmark,serotype_exact,SeroCall,7F,50,0,1,3617,51,0.9803921568627451,1,1,0.9997273718647764,0.99009900990099
GPS_benchmark,serotype_exact,SeroCall,8,357,0,0,3311,357,1,1,1,1,1
GPS_benchmark,serotype_exact,SeroCall,9L,7,0,1,3660,8,0.875,1,1,0.9997273718647764,0.9333333333333333
GPS_benchmark,serotype_exact,SeroCall,9N,113,0,1,3554,114,0.9912280701754386,1,1,0.9997273718647764,0.9955947136563876
GPS_benchmark,serotype_exact,SeroCall,9V,55,0,3,3610,58,0.9482758620689655,1,1,0.9991821155943293,0.9734513274336283
GPS_benchmark,serotype_within,ALLCAPS,1,1505,6,5,2152,1510,0.9966887417218543,0.9972196478220574,0.9960291197882197,0.9970010905125409,0.9963588215822575
GPS_benchmark,serotype_within,ALLCAPS,10A,76,1,0,3591,76,1,0.9997216035634744,0.987012987012987,0.9997273718647764,0.9934640522875817
GPS_benchmark,serotype_within,ALLCAPS,10B,10,0,0,3658,10,1,1,1,1,1
GPS_benchmark,serotype_within,ALLCAPS,10F,3,0,0,3665,3,1,1,1,1,1
GPS_benchmark,serotype_within,ALLCAPS,11,81,0,1,3586,82,0.9878048780487805,1,1,0.9997273718647764,0.9938650306748467
GPS_benchmark,serotype_within,ALLCAPS,11A,73,5,0,3590,73,1,0.9986091794158554,0.9358974358974359,0.9986368593238822,0.9668874172185431
GPS_benchmark,serotype_within,ALLCAPS,11B,2,0,1,3665,3,0.6666666666666666,1,1,0.9997273718647764,0.8
GPS_benchmark,serotype_within,ALLCAPS,11E,0,0,5,3663,5,0,1,0,0.9986368593238822,0
GPS_benchmark,serotype_within,ALLCAPS,12B,0,0,2,3666,2,0,1,0,0.9994547437295529,0
GPS_benchmark,serotype_within,ALLCAPS,12F,165,1,1,3501,166,0.9939759036144579,0.9997144488863506,0.9939759036144579,0.9994547437295529,0.9939759036144579
GPS_benchmark,serotype_within,ALLCAPS,13,40,0,0,3628,40,1,1,1,1,1
GPS_benchmark,serotype_within,ALLCAPS,14,188,4,1,3475,189,0.9947089947089947,0.9988502443230813,0.9791666666666666,0.9986368593238822,0.9868766404199474
GPS_benchmark,serotype_within,ALLCAPS,15A,95,6,1,3566,96,0.9895833333333334,0.9983202687569989,0.9405940594059405,0.9980916030534351,0.964467005076142
GPS_benchmark,serotype_within,ALLCAPS,15B,18,4,5,3641,23,0.782608695652174,0.9989026063100137,0.8181818181818182,0.997546346782988,0.8
GPS_benchmark,serotype_within,ALLCAPS,15C,8,0,5,3655,13,0.6153846153846154,1,1,0.9986368593238822,0.761904761904762
GPS_benchmark,serotype_within,ALLCAPS,15F,2,0,0,3666,2,1,1,1,1,1
GPS_benchmark,serotype_within,ALLCAPS,16F,82,0,0,3586,82,1,1,1,1,1
GPS_benchmark,serotype_within,ALLCAPS,17F,42,0,1,3625,43,0.9767441860465116,1,1,0.9997273718647764,0.988235294117647
GPS_benchmark,serotype_within,ALLCAPS,18A,7,0,1,3660,8,0.875,1,1,0.9997273718647764,0.9333333333333333
GPS_benchmark,serotype_within,ALLCAPS,18B,1,0,1,3666,2,0.5,1,1,0.9997273718647764,0.6666666666666666
GPS_benchmark,serotype_within,ALLCAPS,18C,46,1,0,3621,46,1,0.999723909442297,0.9787234042553191,0.9997273718647764,0.989247311827957
GPS_benchmark,serotype_within,ALLCAPS,18F,2,0,0,3666,2,1,1,1,1,1
GPS_benchmark,serotype_within,ALLCAPS,19A,264,2,1,3401,265,0.9962264150943396,0.9994122832794593,0.9924812030075187,0.9991821155943293,0.9943502824858758
GPS_benchmark,serotype_within,ALLCAPS,19B,7,0,0,3661,7,1,1,1,1,1
GPS_benchmark,serotype_within,ALLCAPS,19F,167,4,3,3494,170,0.9823529411764705,0.9988564894225271,0.9766081871345029,0.9980916030534351,0.9794721407624634
GPS_benchmark,serotype_within,ALLCAPS,2,717,2,7,2942,724,0.9903314917127072,0.9993206521739131,0.9972183588317107,0.997546346782988,0.9937629937629937
GPS_benchmark,serotype_within,ALLCAPS,20,35,0,0,3633,35,1,1,1,1,1
GPS_benchmark,serotype_within,ALLCAPS,20A,10,1,2,3655,12,0.8333333333333334,0.99972647702407,0.9090909090909091,0.9991821155943293,0.8695652173913043
GPS_benchmark,serotype_within,ALLCAPS,20B,19,5,1,3643,20,0.95,0.9986293859649122,0.7916666666666666,0.9983642311886587,0.8636363636363635
GPS_benchmark,serotype_within,ALLCAPS,21,25,1,0,3642,25,1,0.9997255009607466,0.9615384615384616,0.9997273718647764,0.9803921568627451
GPS_benchmark,serotype_within,ALLCAPS,22A,5,0,0,3663,5,1,1,1,1,1
GPS_benchmark,serotype_within,ALLCAPS,22F,135,2,0,3531,135,1,0.9994339088593264,0.9854014598540146,0.9994547437295529,0.9926470588235294
GPS_benchmark,serotype_within,ALLCAPS,23A,57,0,2,3609,59,0.9661016949152542,1,1,0.9994547437295529,0.9827586206896551
GPS_benchmark,serotype_within,ALLCAPS,23B,74,0,1,3593,75,0.9866666666666667,1,1,0.9997273718647764,0.9932885906040269
GPS_benchmark,serotype_within,ALLCAPS,23F,122,0,1,3545,123,0.991869918699187,1,1,0.9997273718647764,0.9959183673469388
GPS_benchmark,serotype_within,ALLCAPS,24A,2,2,1,3663,3,0.6666666666666666,0.9994542974079127,0.5,0.9991821155943293,0.5714285714285715
GPS_benchmark,serotype_within,ALLCAPS,24F,62,0,2,3604,64,0.96875,1,1,0.9994547437295529,0.9841269841269841
GPS_benchmark,serotype_within,ALLCAPS,25F,2,0,1,3665,3,0.6666666666666666,1,1,0.9997273718647764,0.8
GPS_benchmark,serotype_within,ALLCAPS,27,4,0,0,3664,4,1,1,1,1,1
GPS_benchmark,serotype_within,ALLCAPS,28A,5,1,0,3662,5,1,0.9997269997269997,0.8333333333333334,0.9997273718647764,0.9090909090909091
GPS_benchmark,serotype_within,ALLCAPS,28F,4,0,1,3663,5,0.8,1,1,0.9997273718647764,0.888888888888889
GPS_benchmark,serotype_within,ALLCAPS,29,5,0,0,3663,5,1,1,1,1,1
GPS_benchmark,serotype_within,ALLCAPS,3,828,2,5,2833,833,0.9939975990396158,0.9992945326278659,0.9975903614457832,0.9980916030534351,0.9957907396271798
GPS_benchmark,serotype_within,ALLCAPS,31,28,0,0,3640,28,1,1,1,1,1
GPS_benchmark,serotype_within,ALLCAPS,33B,4,0,0,3664,4,1,1,1,1,1
GPS_benchmark,serotype_within,ALLCAPS,33D,5,0,0,3663,5,1,1,1,1,1
GPS_benchmark,serotype_within,ALLCAPS,33F,60,0,0,3608,60,1,1,1,1,1
GPS_benchmark,serotype_within,ALLCAPS,34,44,0,1,3623,45,0.9777777777777777,1,1,0.9997273718647764,0.9887640449438202
GPS_benchmark,serotype_within,ALLCAPS,35A,10,0,0,3658,10,1,1,1,1,1
GPS_benchmark,serotype_within,ALLCAPS,35B,65,3,0,3600,65,1,0.9991673605328892,0.9558823529411765,0.9991821155943293,0.9774436090225563
GPS_benchmark,serotype_within,ALLCAPS,35C,2,0,0,3666,2,1,1,1,1,1
GPS_benchmark,serotype_within,ALLCAPS,35D,0,0,3,3665,3,0,1,0,0.9991821155943293,0
GPS_benchmark,serotype_within,ALLCAPS,35F,35,0,0,3633,35,1,1,1,1,1
GPS_benchmark,serotype_within,ALLCAPS,37,3,0,0,3665,3,1,1,1,1,1
GPS_benchmark,serotype_within,ALLCAPS,38,33,1,0,3634,33,1,0.9997248968363136,0.9705882352941176,0.9997273718647764,0.9850746268656716
GPS_benchmark,serotype_within,ALLCAPS,39,4,0,0,3664,4,1,1,1,1,1
GPS_benchmark,serotype_within,ALLCAPS,4,375,7,3,3283,378,0.9920634920634921,0.997872340425532,0.981675392670157,0.9972737186477645,0.986842105263158
GPS_benchmark,serotype_within,ALLCAPS,40,3,1,0,3664,3,1,0.9997271487039563,0.75,0.9997273718647764,0.8571428571428571
GPS_benchmark,serotype_within,ALLCAPS,45,2,0,0,3666,2,1,1,1,1,1
GPS_benchmark,serotype_within,ALLCAPS,46,6,1,0,3661,6,1,0.9997269251774986,0.8571428571428571,0.9997273718647764,0.923076923076923
GPS_benchmark,serotype_within,ALLCAPS,48,2,0,0,3666,2,1,1,1,1,1
GPS_benchmark,serotype_within,ALLCAPS,5,320,0,2,3346,322,0.9937888198757764,1,1,0.9994547437295529,0.9968847352024921
GPS_benchmark,serotype_within,ALLCAPS,6A,120,7,11,3530,131,0.916030534351145,0.9980209216850439,0.9448818897637795,0.995092693565976,0.9302325581395349
GPS_benchmark,serotype_within,ALLCAPS,6B,139,16,9,3504,148,0.9391891891891891,0.9954545454545455,0.896774193548387,0.9931842966194111,0.9174917491749174
GPS_benchmark,serotype_within,ALLCAPS,6C,48,3,0,3617,48,1,0.9991712707182321,0.9411764705882353,0.9991821155943293,0.9696969696969697
GPS_benchmark,serotype_within,ALLCAPS,6D,2,0,1,3665,3,0.6666666666666666,1,1,0.9997273718647764,0.8
GPS_benchmark,serotype_within,ALLCAPS,6E,0,0,5,3663,5,0,1,0,0.9986368593238822,0
GPS_benchmark,serotype_within,ALLCAPS,7B,7,0,0,3661,7,1,1,1,1,1
GPS_benchmark,serotype_within,ALLCAPS,7C,43,0,1,3624,44,0.9772727272727273,1,1,0.9997273718647764,0.9885057471264368
GPS_benchmark,serotype_within,ALLCAPS,7F,93,0,1,3574,94,0.9893617021276596,1,1,0.9997273718647764,0.9946524064171123
GPS_benchmark,serotype_within,ALLCAPS,8,459,1,1,3207,460,0.9978260869565218,0.9996882793017456,0.9978260869565218,0.9994547437295529,0.9978260869565218
GPS_benchmark,serotype_within,ALLCAPS,9L,4,1,4,3659,8,0.5,0.9997267759562841,0.8,0.9986368593238822,0.6153846153846154
GPS_benchmark,serotype_within,ALLCAPS,9N,113,5,1,3549,114,0.9912280701754386,0.9985931344963421,0.9576271186440678,0.9983642311886587,0.9741379310344828
GPS_benchmark,serotype_within,ALLCAPS,9V,57,0,1,3610,58,0.9827586206896551,1,1,0.9997273718647764,0.9913043478260869
GPS_benchmark,serotype_within,PfaSTer,1,1487,47,23,2111,1510,0.9847682119205298,0.9782205746061168,0.969361147327249,0.9809160305343512,0.9770039421813403
GPS_benchmark,serotype_within,PfaSTer,10A,74,0,2,3592,76,0.9736842105263158,1,1,0.9994547437295529,0.9866666666666666
GPS_benchmark,serotype_within,PfaSTer,10B,10,0,0,3658,10,1,1,1,1,1
GPS_benchmark,serotype_within,PfaSTer,10F,3,0,0,3665,3,1,1,1,1,1
GPS_benchmark,serotype_within,PfaSTer,11,82,0,0,3586,82,1,1,1,1,1
GPS_benchmark,serotype_within,PfaSTer,11A,73,6,0,3589,73,1,0.9983310152990265,0.9240506329113924,0.9983642311886587,0.9605263157894737
GPS_benchmark,serotype_within,PfaSTer,11B,3,0,0,3665,3,1,1,1,1,1
GPS_benchmark,serotype_within,PfaSTer,11E,0,0,5,3663,5,0,1,0,0.9986368593238822,0
GPS_benchmark,serotype_within,PfaSTer,12B,0,0,2,3666,2,0,1,0,0.9994547437295529,0
GPS_benchmark,serotype_within,PfaSTer,12F,165,1,1,3501,166,0.9939759036144579,0.9997144488863506,0.9939759036144579,0.9994547437295529,0.9939759036144579
GPS_benchmark,serotype_within,PfaSTer,13,40,0,0,3628,40,1,1,1,1,1
GPS_benchmark,serotype_within,PfaSTer,14,189,0,0,3479,189,1,1,1,1,1
GPS_benchmark,serotype_within,PfaSTer,15A,95,0,1,3572,96,0.9895833333333334,1,1,0.9997273718647764,0.9947643979057591
GPS_benchmark,serotype_within,PfaSTer,15B,21,1,2,3644,23,0.9130434782608695,0.9997256515775035,0.9545454545454546,0.9991821155943293,0.9333333333333332
GPS_benchmark,serotype_within,PfaSTer,15C,11,2,2,3653,13,0.8461538461538461,0.999452804377565,0.8461538461538461,0.9989094874591058,0.8461538461538461
GPS_benchmark,serotype_within,PfaSTer,15F,0,0,2,3666,2,0,1,0,0.9994547437295529,0
GPS_benchmark,serotype_within,PfaSTer,16F,82,0,0,3586,82,1,1,1,1,1
GPS_benchmark,serotype_within,PfaSTer,17F,43,0,0,3625,43,1,1,1,1,1
GPS_benchmark,serotype_within,PfaSTer,18A,7,0,1,3660,8,0.875,1,1,0.9997273718647764,0.9333333333333333
GPS_benchmark,serotype_within,PfaSTer,18B,2,1,0,3665,2,1,0.9997272231314784,0.6666666666666666,0.9997273718647764,0.8
GPS_benchmark,serotype_within,PfaSTer,18C,45,0,1,3622,46,0.9782608695652174,1,1,0.9997273718647764,0.989010989010989
GPS_benchmark,serotype_within,PfaSTer,18F,2,0,0,3666,2,1,1,1,1,1
GPS_benchmark,serotype_within,PfaSTer,19A,259,0,6,3403,265,0.9773584905660377,1,1,0.9983642311886587,0.9885496183206107
GPS_benchmark,serotype_within,PfaSTer,19B,0,0,7,3661,7,0,1,0,0.9980916030534351,0
GPS_benchmark,serotype_within,PfaSTer,19F,167,0,3,3498,170,0.9823529411764705,1,1,0.9991821155943293,0.9910979228486646
GPS_benchmark,serotype_within,PfaSTer,2,714,2,10,2942,724,0.9861878453038674,0.9993206521739131,0.9972067039106145,0.9967284623773174,0.9916666666666667
GPS_benchmark,serotype_within,PfaSTer,20,35,0,0,3633,35,1,1,1,1,1
GPS_benchmark,serotype_within,PfaSTer,20A,0,0,12,3656,12,0,1,0,0.9967284623773174,0
GPS_benchmark,serotype_within,PfaSTer,20B,0,0,20,3648,20,0,1,0,0.9945474372955289,0
GPS_benchmark,serotype_within,PfaSTer,21,25,0,0,3643,25,1,1,1,1,1
GPS_benchmark,serotype_within,PfaSTer,22A,5,0,0,3663,5,1,1,1,1,1
GPS_benchmark,serotype_within,PfaSTer,22F,135,0,0,3533,135,1,1,1,1,1
GPS_benchmark,serotype_within,PfaSTer,23A,58,0,1,3609,59,0.9830508474576272,1,1,0.9997273718647764,0.9914529914529915
GPS_benchmark,serotype_within,PfaSTer,23B,74,2,1,3591,75,0.9866666666666667,0.9994433620929585,0.9736842105263158,0.9991821155943293,0.9801324503311258
GPS_benchmark,serotype_within,PfaSTer,23F,120,1,3,3544,123,0.975609756097561,0.9997179125528914,0.9917355371900827,0.9989094874591058,0.9836065573770492
GPS_benchmark,serotype_within,PfaSTer,24A,0,0,3,3665,3,0,1,0,0.9991821155943293,0
GPS_benchmark,serotype_within,PfaSTer,24F,53,1,11,3603,64,0.828125,0.9997225305216426,0.9814814814814815,0.9967284623773174,0.8983050847457628
GPS_benchmark,serotype_within,PfaSTer,25F,3,0,0,3665,3,1,1,1,1,1
GPS_benchmark,serotype_within,PfaSTer,27,4,0,0,3664,4,1,1,1,1,1
GPS_benchmark,serotype_within,PfaSTer,28A,5,4,0,3659,5,1,0.9989079989079989,0.5555555555555556,0.9989094874591058,0.7142857142857143
GPS_benchmark,serotype_within,PfaSTer,28F,0,0,5,3663,5,0,1,0,0.9986368593238822,0
GPS_benchmark,serotype_within,PfaSTer,29,5,0,0,3663,5,1,1,1,1,1
GPS_benchmark,serotype_within,PfaSTer,3,818,2,15,2833,833,0.9819927971188476,0.9992945326278659,0.9975609756097561,0.9953653217011995,0.9897156684815488
GPS_benchmark,serotype_within,PfaSTer,31,28,0,0,3640,28,1,1,1,1,1
GPS_benchmark,serotype_within,PfaSTer,33B,4,0,0,3664,4,1,1,1,1,1
GPS_benchmark,serotype_within,PfaSTer,33D,0,0,5,3663,5,0,1,0,0.9986368593238822,0
GPS_benchmark,serotype_within,PfaSTer,33F,60,0,0,3608,60,1,1,1,1,1
GPS_benchmark,serotype_within,PfaSTer,34,45,0,0,3623,45,1,1,1,1,1
GPS_benchmark,serotype_within,PfaSTer,35A,10,0,0,3658,10,1,1,1,1,1
GPS_benchmark,serotype_within,PfaSTer,35B,63,0,2,3603,65,0.9692307692307692,1,1,0.9994547437295529,0.9843749999999999
GPS_benchmark,serotype_within,PfaSTer,35C,0,0,2,3666,2,0,1,0,0.9994547437295529,0
GPS_benchmark,serotype_within,PfaSTer,35D,3,1,0,3664,3,1,0.9997271487039563,0.75,0.9997273718647764,0.8571428571428571
GPS_benchmark,serotype_within,PfaSTer,35F,35,0,0,3633,35,1,1,1,1,1
GPS_benchmark,serotype_within,PfaSTer,37,3,0,0,3665,3,1,1,1,1,1
GPS_benchmark,serotype_within,PfaSTer,38,32,0,1,3635,33,0.9696969696969697,1,1,0.9997273718647764,0.9846153846153847
GPS_benchmark,serotype_within,PfaSTer,39,4,0,0,3664,4,1,1,1,1,1
GPS_benchmark,serotype_within,PfaSTer,4,374,1,4,3289,378,0.9894179894179894,0.9996960486322188,0.9973333333333333,0.9986368593238822,0.9933598937583001
GPS_benchmark,serotype_within,PfaSTer,40,3,0,0,3665,3,1,1,1,1,1
GPS_benchmark,serotype_within,PfaSTer,45,0,0,2,3666,2,0,1,0,0.9994547437295529,0
GPS_benchmark,serotype_within,PfaSTer,46,6,1,0,3661,6,1,0.9997269251774986,0.8571428571428571,0.9997273718647764,0.923076923076923
GPS_benchmark,serotype_within,PfaSTer,48,2,0,0,3666,2,1,1,1,1,1
GPS_benchmark,serotype_within,PfaSTer,5,313,0,9,3346,322,0.9720496894409938,1,1,0.997546346782988,0.9858267716535433
GPS_benchmark,serotype_within,PfaSTer,6A,124,9,7,3528,131,0.9465648854961832,0.9974554707379135,0.9323308270676691,0.9956379498364231,0.9393939393939394
GPS_benchmark,serotype_within,PfaSTer,6B,13,0,135,3520,148,0.08783783783783784,1,1,0.9631952017448201,0.16149068322981366
GPS_benchmark,serotype_within,PfaSTer,6C,48,3,0,3617,48,1,0.9991712707182321,0.9411764705882353,0.9991821155943293,0.9696969696969697
GPS_benchmark,serotype_within,PfaSTer,6D,0,0,3,3665,3,0,1,0,0.9991821155943293,0
GPS_benchmark,serotype_within,PfaSTer,6E,5,124,0,3539,5,1,0.9661479661479662,0.03875968992248062,0.9661941112322792,0.07462686567164178
GPS_benchmark,serotype_within,PfaSTer,7B,7,0,0,3661,7,1,1,1,1,1
GPS_benchmark,serotype_within,PfaSTer,7C,44,0,0,3624,44,1,1,1,1,1
GPS_benchmark,serotype_within,PfaSTer,7F,94,0,0,3574,94,1,1,1,1,1
GPS_benchmark,serotype_within,PfaSTer,8,455,0,5,3208,460,0.9891304347826086,1,1,0.9986368593238822,0.994535519125683
GPS_benchmark,serotype_within,PfaSTer,9L,7,0,1,3660,8,0.875,1,1,0.9997273718647764,0.9333333333333333
GPS_benchmark,serotype_within,PfaSTer,9N,114,0,0,3554,114,1,1,1,1,1
GPS_benchmark,serotype_within,PfaSTer,9V,58,0,0,3610,58,1,1,1,1,1
GPS_benchmark,serotype_within,PneumoCaT,1,1456,51,54,2107,1510,0.9642384105960264,0.9763670064874884,0.9661579296615793,0.9713740458015268,0.9651972157772623
GPS_benchmark,serotype_within,PneumoCaT,10A,74,0,2,3592,76,0.9736842105263158,1,1,0.9994547437295529,0.9866666666666666
GPS_benchmark,serotype_within,PneumoCaT,10B,9,0,1,3658,10,0.9,1,1,0.9997273718647764,0.9473684210526316
GPS_benchmark,serotype_within,PneumoCaT,10F,3,0,0,3665,3,1,1,1,1,1
GPS_benchmark,serotype_within,PneumoCaT,11,75,0,7,3586,82,0.9146341463414634,1,1,0.9980916030534351,0.9554140127388536
GPS_benchmark,serotype_within,PneumoCaT,11A,48,5,25,3590,73,0.6575342465753424,0.9986091794158554,0.9056603773584906,0.9918211559432933,0.761904761904762
GPS_benchmark,serotype_within,PneumoCaT,11B,2,0,1,3665,3,0.6666666666666666,1,1,0.9997273718647764,0.8
GPS_benchmark,serotype_within,PneumoCaT,11E,0,0,5,3663,5,0,1,0,0.9986368593238822,0
GPS_benchmark,serotype_within,PneumoCaT,12B,1,4,1,3662,2,0.5,0.9989088925259137,0.2,0.9986368593238822,0.28571428571428575
GPS_benchmark,serotype_within,PneumoCaT,12F,160,1,6,3501,166,0.963855421686747,0.9997144488863506,0.9937888198757764,0.9980916030534351,0.9785932721712538
GPS_benchmark,serotype_within,PneumoCaT,13,39,0,1,3628,40,0.975,1,1,0.9997273718647764,0.9873417721518987
GPS_benchmark,serotype_within,PneumoCaT,14,183,0,6,3479,189,0.9682539682539683,1,1,0.9983642311886587,0.9838709677419354
GPS_benchmark,serotype_within,PneumoCaT,15A,94,0,2,3572,96,0.9791666666666666,1,1,0.9994547437295529,0.9894736842105264
GPS_benchmark,serotype_within,PneumoCaT,15B,12,8,11,3637,23,0.5217391304347826,0.9978052126200274,0.6,0.9948200654307524,0.5581395348837209
GPS_benchmark,serotype_within,PneumoCaT,15C,5,11,8,3644,13,0.38461538461538464,0.9969904240766074,0.3125,0.9948200654307524,0.3448275862068966
GPS_benchmark,serotype_within,PneumoCaT,15F,2,0,0,3666,2,1,1,1,1,1
GPS_benchmark,serotype_within,PneumoCaT,16F,78,0,4,3586,82,0.9512195121951219,1,1,0.9989094874591058,0.975
GPS_benchmark,serotype_within,PneumoCaT,17F,41,0,2,3625,43,0.9534883720930233,1,1,0.9994547437295529,0.9761904761904763
GPS_benchmark,serotype_within,PneumoCaT,18A,8,5,0,3655,8,1,0.9986338797814208,0.6153846153846154,0.9986368593238822,0.761904761904762
GPS_benchmark,serotype_within,PneumoCaT,18B,2,42,0,3624,2,1,0.9885433715220949,0.045454545454545456,0.9885496183206107,0.08695652173913045
GPS_benchmark,serotype_within,PneumoCaT,18C,0,0,46,3622,46,0,1,0,0.9874591057797165,0
GPS_benchmark,serotype_within,PneumoCaT,18F,0,0,2,3666,2,0,1,0,0.9994547437295529,0
GPS_benchmark,serotype_within,PneumoCaT,19A,262,2,3,3401,265,0.9886792452830189,0.9994122832794593,0.9924242424242424,0.9986368593238822,0.9905482041587902
GPS_benchmark,serotype_within,PneumoCaT,19B,7,0,0,3661,7,1,1,1,1,1
GPS_benchmark,serotype_within,PneumoCaT,19F,155,0,15,3498,170,0.9117647058823529,1,1,0.9959105779716467,0.9538461538461539
GPS_benchmark,serotype_within,PneumoCaT,2,690,6,34,2938,724,0.9530386740331491,0.9979619565217391,0.9913793103448276,0.9890948745910578,0.971830985915493
GPS_benchmark,serotype_within,PneumoCaT,20,31,0,4,3633,35,0.8857142857142857,1,1,0.9989094874591058,0.9393939393939393
GPS_benchmark,serotype_within,PneumoCaT,20A,0,0,12,3656,12,0,1,0,0.9967284623773174,0
GPS_benchmark,serotype_within,PneumoCaT,20B,0,0,20,3648,20,0,1,0,0.9945474372955289,0
GPS_benchmark,serotype_within,PneumoCaT,21,21,0,4,3643,25,0.84,1,1,0.9989094874591058,0.9130434782608696
GPS_benchmark,serotype_within,PneumoCaT,22A,5,0,0,3663,5,1,1,1,1,1
GPS_benchmark,serotype_within,PneumoCaT,22F,133,0,2,3533,135,0.9851851851851852,1,1,0.9994547437295529,0.9925373134328358
GPS_benchmark,serotype_within,PneumoCaT,23A,56,0,3,3609,59,0.9491525423728814,1,1,0.9991821155943293,0.9739130434782608
GPS_benchmark,serotype_within,PneumoCaT,23B,66,0,9,3593,75,0.88,1,1,0.997546346782988,0.9361702127659575
GPS_benchmark,serotype_within,PneumoCaT,23F,123,0,0,3545,123,1,1,1,1,1
GPS_benchmark,serotype_within,PneumoCaT,24A,0,0,3,3665,3,0,1,0,0.9991821155943293,0
GPS_benchmark,serotype_within,PneumoCaT,24F,5,2,59,3602,64,0.078125,0.9994450610432852,0.7142857142857143,0.9833696837513631,0.14084507042253522
GPS_benchmark,serotype_within,PneumoCaT,25F,0,0,3,3665,3,0,1,0,0.9991821155943293,0
GPS_benchmark,serotype_within,PneumoCaT,27,4,0,0,3664,4,1,1,1,1,1
GPS_benchmark,serotype_within,PneumoCaT,28A,0,0,5,3663,5,0,1,0,0.9986368593238822,0
GPS_benchmark,serotype_within,PneumoCaT,28F,4,5,1,3658,5,0.8,0.9986349986349986,0.4444444444444444,0.9983642311886587,0.5714285714285714
GPS_benchmark,serotype_within,PneumoCaT,29,2,0,3,3663,5,0.4,1,1,0.9991821155943293,0.5714285714285715
GPS_benchmark,serotype_within,PneumoCaT,3,805,0,28,2835,833,0.9663865546218487,1,1,0.9923664122137404,0.9829059829059829
GPS_benchmark,serotype_within,PneumoCaT,31,27,0,1,3640,28,0.9642857142857143,1,1,0.9997273718647764,0.9818181818181818
GPS_benchmark,serotype_within,PneumoCaT,33B,4,0,0,3664,4,1,1,1,1,1
GPS_benchmark,serotype_within,PneumoCaT,33D,5,0,0,3663,5,1,1,1,1,1
GPS_benchmark,serotype_within,PneumoCaT,33F,57,1,3,3607,60,0.95,0.9997228381374723,0.9827586206896551,0.9989094874591058,0.9661016949152542
GPS_benchmark,serotype_within,PneumoCaT,34,44,0,1,3623,45,0.9777777777777777,1,1,0.9997273718647764,0.9887640449438202
GPS_benchmark,serotype_within,PneumoCaT,35A,9,2,1,3656,10,0.9,0.9994532531437944,0.8181818181818182,0.9991821155943293,0.8571428571428572
GPS_benchmark,serotype_within,PneumoCaT,35B,63,3,2,3600,65,0.9692307692307692,0.9991673605328892,0.9545454545454546,0.9986368593238822,0.9618320610687022
GPS_benchmark,serotype_within,PneumoCaT,35C,0,1,2,3665,2,0,0.9997272231314784,0,0.9991821155943293,0
GPS_benchmark,serotype_within,PneumoCaT,35D,0,0,3,3665,3,0,1,0,0.9991821155943293,0
GPS_benchmark,serotype_within,PneumoCaT,35F,33,0,2,3633,35,0.9428571428571428,1,1,0.9994547437295529,0.9705882352941176
GPS_benchmark,serotype_within,PneumoCaT,37,1,0,2,3665,3,0.3333333333333333,1,1,0.9994547437295529,0.5
GPS_benchmark,serotype_within,PneumoCaT,38,33,0,0,3635,33,1,1,1,1,1
GPS_benchmark,serotype_within,PneumoCaT,39,4,0,0,3664,4,1,1,1,1,1
GPS_benchmark,serotype_within,PneumoCaT,4,356,1,22,3289,378,0.9417989417989417,0.9996960486322188,0.9971988795518207,0.9937295528898582,0.9687074829931972
GPS_benchmark,serotype_within,PneumoCaT,40,1,1,2,3664,3,0.3333333333333333,0.9997271487039563,0.5,0.9991821155943293,0.4
GPS_benchmark,serotype_within,PneumoCaT,45,2,0,0,3666,2,1,1,1,1,1
GPS_benchmark,serotype_within,PneumoCaT,46,0,0,6,3662,6,0,1,0,0.9983642311886587,0
GPS_benchmark,serotype_within,PneumoCaT,48,2,0,0,3666,2,1,1,1,1,1
GPS_benchmark,serotype_within,PneumoCaT,5,316,0,6,3346,322,0.9813664596273292,1,1,0.9983642311886587,0.9905956112852665
GPS_benchmark,serotype_within,PneumoCaT,6A,110,24,21,3513,131,0.8396946564885496,0.993214588634436,0.8208955223880597,0.9877317339149401,0.830188679245283
GPS_benchmark,serotype_within,PneumoCaT,6B,6,11,142,3509,148,0.04054054054054054,0.996875,0.35294117647058826,0.9582878953107961,0.07272727272727274
GPS_benchmark,serotype_within,PneumoCaT,6C,4,1,44,3619,48,0.08333333333333333,0.9997237569060774,0.8,0.9877317339149401,0.1509433962264151
GPS_benchmark,serotype_within,PneumoCaT,6D,2,41,1,3624,3,0.6666666666666666,0.9888130968622101,0.046511627906976744,0.9885496183206107,0.08695652173913045
GPS_benchmark,serotype_within,PneumoCaT,6E,5,115,0,3548,5,1,0.9686049686049686,0.041666666666666664,0.9686477644492911,0.07999999999999999
GPS_benchmark,serotype_within,PneumoCaT,7B,6,2,1,3659,7,0.8571428571428571,0.9994537011745425,0.75,0.9991821155943293,0.7999999999999999
GPS_benchmark,serotype_within,PneumoCaT,7C,43,0,1,3624,44,0.9772727272727273,1,1,0.9997273718647764,0.9885057471264368
GPS_benchmark,serotype_within,PneumoCaT,7F,48,0,46,3574,94,0.5106382978723404,1,1,0.9874591057797165,0.676056338028169
GPS_benchmark,serotype_within,PneumoCaT,8,445,0,15,3208,460,0.967391304347826,1,1,0.9959105779716467,0.9834254143646408
GPS_benchmark,serotype_within,PneumoCaT,9L,5,1,3,3659,8,0.625,0.9997267759562841,0.8333333333333334,0.9989094874591058,0.7142857142857143
GPS_benchmark,serotype_within,PneumoCaT,9N,111,2,3,3552,114,0.9736842105263158,0.9994372537985369,0.9823008849557522,0.9986368593238822,0.9779735682819383
GPS_benchmark,serotype_within,PneumoCaT,9V,57,0,1,3610,58,0.9827586206896551,1,1,0.9997273718647764,0.9913043478260869
GPS_benchmark,serotype_within,PneumoKITy,1,1465,6,45,2152,1510,0.9701986754966887,0.9972196478220574,0.9959211420802175,0.9860959651035986,0.9828916470982892
GPS_benchmark,serotype_within,PneumoKITy,10A,76,0,0,3592,76,1,1,1,1,1
GPS_benchmark,serotype_within,PneumoKITy,10B,10,0,0,3658,10,1,1,1,1,1
GPS_benchmark,serotype_within,PneumoKITy,10F,3,0,0,3665,3,1,1,1,1,1
GPS_benchmark,serotype_within,PneumoKITy,11,79,0,3,3586,82,0.9634146341463414,1,1,0.9991821155943293,0.9813664596273292
GPS_benchmark,serotype_within,PneumoKITy,11A,70,6,3,3589,73,0.958904109589041,0.9983310152990265,0.9210526315789473,0.997546346782988,0.9395973154362416
GPS_benchmark,serotype_within,PneumoKITy,11B,3,0,0,3665,3,1,1,1,1,1
GPS_benchmark,serotype_within,PneumoKITy,11E,0,0,5,3663,5,0,1,0,0.9986368593238822,0
GPS_benchmark,serotype_within,PneumoKITy,12B,1,6,1,3660,2,0.5,0.9983633387888707,0.14285714285714285,0.9980916030534351,0.22222222222222224
GPS_benchmark,serotype_within,PneumoKITy,12F,166,1,0,3501,166,1,0.9997144488863506,0.9940119760479041,0.9997273718647764,0.996996996996997
GPS_benchmark,serotype_within,PneumoKITy,13,40,0,0,3628,40,1,1,1,1,1
GPS_benchmark,serotype_within,PneumoKITy,14,189,0,0,3479,189,1,1,1,1,1
GPS_benchmark,serotype_within,PneumoKITy,15A,96,0,0,3572,96,1,1,1,1,1
GPS_benchmark,serotype_within,PneumoKITy,15B,23,13,0,3632,23,1,0.9964334705075446,0.6388888888888888,0.9964558342420938,0.7796610169491525
GPS_benchmark,serotype_within,PneumoKITy,15C,13,23,0,3632,13,1,0.9937072503419973,0.3611111111111111,0.9937295528898582,0.5306122448979591
GPS_benchmark,serotype_within,PneumoKITy,15F,2,0,0,3666,2,1,1,1,1,1
GPS_benchmark,serotype_within,PneumoKITy,16F,42,0,40,3586,82,0.5121951219512195,1,1,0.9890948745910578,0.6774193548387097
GPS_benchmark,serotype_within,PneumoKITy,17F,43,0,0,3625,43,1,1,1,1,1
GPS_benchmark,serotype_within,PneumoKITy,18A,7,0,1,3660,8,0.875,1,1,0.9997273718647764,0.9333333333333333
GPS_benchmark,serotype_within,PneumoKITy,18B,2,46,0,3620,2,1,0.9874522640480087,0.041666666666666664,0.9874591057797165,0.07999999999999999
GPS_benchmark,serotype_within,PneumoKITy,18C,46,2,0,3620,46,1,0.9994478188845941,0.9583333333333334,0.9994547437295529,0.9787234042553191
GPS_benchmark,serotype_within,PneumoKITy,18F,2,0,0,3666,2,1,1,1,1,1
GPS_benchmark,serotype_within,PneumoKITy,19A,265,2,0,3401,265,1,0.9994122832794593,0.9925093632958801,0.9994547437295529,0.9962406015037594
GPS_benchmark,serotype_within,PneumoKITy,19B,7,0,0,3661,7,1,1,1,1,1
GPS_benchmark,serotype_within,PneumoKITy,19F,167,0,3,3498,170,0.9823529411764705,1,1,0.9991821155943293,0.9910979228486646
GPS_benchmark,serotype_within,PneumoKITy,2,718,25,6,2919,724,0.9917127071823204,0.9915081521739131,0.9663526244952894,0.9915485278080698,0.9788684389911384
GPS_benchmark,serotype_within,PneumoKITy,20,35,0,0,3633,35,1,1,1,1,1
GPS_benchmark,serotype_within,PneumoKITy,20A,0,0,12,3656,12,0,1,0,0.9967284623773174,0
GPS_benchmark,serotype_within,PneumoKITy,20B,0,0,20,3648,20,0,1,0,0.9945474372955289,0
GPS_benchmark,serotype_within,PneumoKITy,21,25,0,0,3643,25,1,1,1,1,1
GPS_benchmark,serotype_within,PneumoKITy,22A,5,0,0,3663,5,1,1,1,1,1
GPS_benchmark,serotype_within,PneumoKITy,22F,135,0,0,3533,135,1,1,1,1,1
GPS_benchmark,serotype_within,PneumoKITy,23A,59,0,0,3609,59,1,1,1,1,1
GPS_benchmark,serotype_within,PneumoKITy,23B,74,0,1,3593,75,0.9866666666666667,1,1,0.9997273718647764,0.9932885906040269
GPS_benchmark,serotype_within,PneumoKITy,23F,123,1,0,3544,123,1,0.9997179125528914,0.9919354838709677,0.9997273718647764,0.9959514170040485
GPS_benchmark,serotype_within,PneumoKITy,24A,0,0,3,3665,3,0,1,0,0.9991821155943293,0
GPS_benchmark,serotype_within,PneumoKITy,24F,64,0,0,3604,64,1,1,1,1,1
GPS_benchmark,serotype_within,PneumoKITy,25F,3,7,0,3658,3,1,0.9980900409276944,0.3,0.9980916030534351,0.4615384615384615
GPS_benchmark,serotype_within,PneumoKITy,27,4,0,0,3664,4,1,1,1,1,1
GPS_benchmark,serotype_within,PneumoKITy,28A,5,5,0,3658,5,1,0.9986349986349986,0.5,0.9986368593238822,0.6666666666666666
GPS_benchmark,serotype_within,PneumoKITy,28F,5,5,0,3658,5,1,0.9986349986349986,0.5,0.9986368593238822,0.6666666666666666
GPS_benchmark,serotype_within,PneumoKITy,29,2,0,3,3663,5,0.4,1,1,0.9991821155943293,0.5714285714285715
GPS_benchmark,serotype_within,PneumoKITy,3,829,1,4,2834,833,0.9951980792316927,0.999647266313933,0.9987951807228915,0.9986368593238822,0.9969933854479855
GPS_benchmark,serotype_within,PneumoKITy,31,28,0,0,3640,28,1,1,1,1,1
GPS_benchmark,serotype_within,PneumoKITy,33B,4,5,0,3659,4,1,0.9986353711790393,0.4444444444444444,0.9986368593238822,0.6153846153846153
GPS_benchmark,serotype_within,PneumoKITy,33D,5,4,0,3659,5,1,0.9989079989079989,0.5555555555555556,0.9989094874591058,0.7142857142857143
GPS_benchmark,serotype_within,PneumoKITy,33F,60,0,0,3608,60,1,1,1,1,1
GPS_benchmark,serotype_within,PneumoKITy,34,45,0,0,3623,45,1,1,1,1,1
GPS_benchmark,serotype_within,PneumoKITy,35A,10,2,0,3656,10,1,0.9994532531437944,0.8333333333333334,0.9994547437295529,0.9090909090909091
GPS_benchmark,serotype_within,PneumoKITy,35B,65,3,0,3600,65,1,0.9991673605328892,0.9558823529411765,0.9991821155943293,0.9774436090225563
GPS_benchmark,serotype_within,PneumoKITy,35C,2,10,0,3656,2,1,0.9972722313147845,0.16666666666666666,0.9972737186477645,0.2857142857142857
GPS_benchmark,serotype_within,PneumoKITy,35D,3,65,0,3600,3,1,0.9822646657571623,0.04411764705882353,0.9822791712104689,0.08450704225352113
GPS_benchmark,serotype_within,PneumoKITy,35F,35,0,0,3633,35,1,1,1,1,1
GPS_benchmark,serotype_within,PneumoKITy,37,3,0,0,3665,3,1,1,1,1,1
GPS_benchmark,serotype_within,PneumoKITy,38,33,0,0,3635,33,1,1,1,1,1
GPS_benchmark,serotype_within,PneumoKITy,39,4,1,0,3663,4,1,0.9997270742358079,0.8,0.9997273718647764,0.888888888888889
GPS_benchmark,serotype_within,PneumoKITy,4,375,20,3,3270,378,0.9920634920634921,0.993920972644377,0.9493670886075949,0.9937295528898582,0.9702457956015523
GPS_benchmark,serotype_within,PneumoKITy,40,3,7,0,3658,3,1,0.9980900409276944,0.3,0.9980916030534351,0.4615384615384615
GPS_benchmark,serotype_within,PneumoKITy,45,2,0,0,3666,2,1,1,1,1,1
GPS_benchmark,serotype_within,PneumoKITy,46,6,1,0,3661,6,1,0.9997269251774986,0.8571428571428571,0.9997273718647764,0.923076923076923
GPS_benchmark,serotype_within,PneumoKITy,48,2,0,0,3666,2,1,1,1,1,1
GPS_benchmark,serotype_within,PneumoKITy,5,322,7,0,3339,322,1,0.997907949790795,0.9787234042553191,0.9980916030534351,0.989247311827957
GPS_benchmark,serotype_within,PneumoKITy,6A,127,39,4,3498,131,0.9694656488549618,0.9889737065309584,0.7650602409638554,0.9882769901853872,0.8552188552188552
GPS_benchmark,serotype_within,PneumoKITy,6B,25,141,123,3379,148,0.16891891891891891,0.9599431818181818,0.15060240963855423,0.9280261723009815,0.1592356687898089
GPS_benchmark,serotype_within,PneumoKITy,6C,47,11,1,3609,48,0.9791666666666666,0.9969613259668508,0.8103448275862069,0.9967284623773174,0.8867924528301887
GPS_benchmark,serotype_within,PneumoKITy,6D,3,55,0,3610,3,1,0.984993178717599,0.05172413793103448,0.9850054525627044,0.09836065573770492
GPS_benchmark,serotype_within,PneumoKITy,6E,5,128,0,3535,5,1,0.965055965055965,0.03759398496240601,0.965103598691385,0.07246376811594202
GPS_benchmark,serotype_within,PneumoKITy,7B,7,3,0,3658,7,1,0.9991805517618138,0.7,0.9991821155943293,0.8235294117647058
GPS_benchmark,serotype_within,PneumoKITy,7C,44,0,0,3624,44,1,1,1,1,1
GPS_benchmark,serotype_within,PneumoKITy,7F,94,0,0,3574,94,1,1,1,1,1
GPS_benchmark,serotype_within,PneumoKITy,8,459,0,1,3208,460,0.9978260869565218,1,1,0.9997273718647764,0.9989118607181718
GPS_benchmark,serotype_within,PneumoKITy,9L,7,114,1,3546,8,0.875,0.9688524590163935,0.05785123966942149,0.9686477644492911,0.10852713178294573
GPS_benchmark,serotype_within,PneumoKITy,9N,114,7,0,3547,114,1,0.998030388294879,0.9421487603305785,0.9980916030534351,0.9702127659574468
GPS_benchmark,serotype_within,PneumoKITy,9V,58,0,0,3610,58,1,1,1,1,1
GPS_benchmark,serotype_within,Pneumo-Typer,1,1510,5,0,2153,1510,1,0.9976830398517146,0.9966996699669967,0.9986368593238822,0.9983471074380166
GPS_benchmark,serotype_within,Pneumo-Typer,10A,76,0,0,3592,76,1,1,1,1,1
GPS_benchmark,serotype_within,Pneumo-Typer,10B,10,0,0,3658,10,1,1,1,1,1
GPS_benchmark,serotype_within,Pneumo-Typer,10F,3,0,0,3665,3,1,1,1,1,1
GPS_benchmark,serotype_within,Pneumo-Typer,11,82,0,0,3586,82,1,1,1,1,1
GPS_benchmark,serotype_within,Pneumo-Typer,11A,73,6,0,3589,73,1,0.9983310152990265,0.9240506329113924,0.9983642311886587,0.9605263157894737
GPS_benchmark,serotype_within,Pneumo-Typer,11B,3,0,0,3665,3,1,1,1,1,1
GPS_benchmark,serotype_within,Pneumo-Typer,11E,0,0,5,3663,5,0,1,0,0.9986368593238822,0
GPS_benchmark,serotype_within,Pneumo-Typer,12B,1,4,1,3662,2,0.5,0.9989088925259137,0.2,0.9986368593238822,0.28571428571428575
GPS_benchmark,serotype_within,Pneumo-Typer,12F,166,1,0,3501,166,1,0.9997144488863506,0.9940119760479041,0.9997273718647764,0.996996996996997
GPS_benchmark,serotype_within,Pneumo-Typer,13,40,0,0,3628,40,1,1,1,1,1
GPS_benchmark,serotype_within,Pneumo-Typer,14,189,0,0,3479,189,1,1,1,1,1
GPS_benchmark,serotype_within,Pneumo-Typer,15A,96,0,0,3572,96,1,1,1,1,1
GPS_benchmark,serotype_within,Pneumo-Typer,15B,23,10,0,3635,23,1,0.9972565157750343,0.696969696969697,0.9972737186477645,0.8214285714285715
GPS_benchmark,serotype_within,Pneumo-Typer,15C,12,2,1,3653,13,0.9230769230769231,0.999452804377565,0.8571428571428571,0.9991821155943293,0.888888888888889
GPS_benchmark,serotype_within,Pneumo-Typer,15F,2,0,0,3666,2,1,1,1,1,1
GPS_benchmark,serotype_within,Pneumo-Typer,16F,82,1,0,3585,82,1,0.9997211377579476,0.9879518072289156,0.9997273718647764,0.993939393939394
GPS_benchmark,serotype_within,Pneumo-Typer,17F,43,0,0,3625,43,1,1,1,1,1
GPS_benchmark,serotype_within,Pneumo-Typer,18A,8,0,0,3660,8,1,1,1,1,1
GPS_benchmark,serotype_within,Pneumo-Typer,18B,2,1,0,3665,2,1,0.9997272231314784,0.6666666666666666,0.9997273718647764,0.8
GPS_benchmark,serotype_within,Pneumo-Typer,18C,45,0,1,3622,46,0.9782608695652174,1,1,0.9997273718647764,0.989010989010989
GPS_benchmark,serotype_within,Pneumo-Typer,18F,2,0,0,3666,2,1,1,1,1,1
GPS_benchmark,serotype_within,Pneumo-Typer,19A,265,2,0,3401,265,1,0.9994122832794593,0.9925093632958801,0.9994547437295529,0.9962406015037594
GPS_benchmark,serotype_within,Pneumo-Typer,19B,7,0,0,3661,7,1,1,1,1,1
GPS_benchmark,serotype_within,Pneumo-Typer,19F,168,0,2,3498,170,0.9882352941176471,1,1,0.9994547437295529,0.9940828402366864
GPS_benchmark,serotype_within,Pneumo-Typer,2,724,4,0,2940,724,1,0.998641304347826,0.9945054945054945,0.9989094874591058,0.9972451790633609
GPS_benchmark,serotype_within,Pneumo-Typer,20,35,0,0,3633,35,1,1,1,1,1
GPS_benchmark,serotype_within,Pneumo-Typer,20A,0,0,12,3656,12,0,1,0,0.9967284623773174,0
GPS_benchmark,serotype_within,Pneumo-Typer,20B,0,0,20,3648,20,0,1,0,0.9945474372955289,0
GPS_benchmark,serotype_within,Pneumo-Typer,21,25,0,0,3643,25,1,1,1,1,1
GPS_benchmark,serotype_within,Pneumo-Typer,22A,5,0,0,3663,5,1,1,1,1,1
GPS_benchmark,serotype_within,Pneumo-Typer,22F,135,0,0,3533,135,1,1,1,1,1
GPS_benchmark,serotype_within,Pneumo-Typer,23A,59,0,0,3609,59,1,1,1,1,1
GPS_benchmark,serotype_within,Pneumo-Typer,23B,74,0,1,3593,75,0.9866666666666667,1,1,0.9997273718647764,0.9932885906040269
GPS_benchmark,serotype_within,Pneumo-Typer,23F,123,1,0,3544,123,1,0.9997179125528914,0.9919354838709677,0.9997273718647764,0.9959514170040485
GPS_benchmark,serotype_within,Pneumo-Typer,24A,0,0,3,3665,3,0,1,0,0.9991821155943293,0
GPS_benchmark,serotype_within,Pneumo-Typer,24F,5,3,59,3601,64,0.078125,0.9991675915649278,0.625,0.9830970556161396,0.1388888888888889
GPS_benchmark,serotype_within,Pneumo-Typer,25F,3,0,0,3665,3,1,1,1,1,1
GPS_benchmark,serotype_within,Pneumo-Typer,27,4,0,0,3664,4,1,1,1,1,1
GPS_benchmark,serotype_within,Pneumo-Typer,28A,5,0,0,3663,5,1,1,1,1,1
GPS_benchmark,serotype_within,Pneumo-Typer,28F,5,0,0,3663,5,1,1,1,1,1
GPS_benchmark,serotype_within,Pneumo-Typer,29,5,0,0,3663,5,1,1,1,1,1
GPS_benchmark,serotype_within,Pneumo-Typer,3,833,0,0,2835,833,1,1,1,1,1
GPS_benchmark,serotype_within,Pneumo-Typer,31,28,0,0,3640,28,1,1,1,1,1
GPS_benchmark,serotype_within,Pneumo-Typer,33B,4,0,0,3664,4,1,1,1,1,1
GPS_benchmark,serotype_within,Pneumo-Typer,33D,5,0,0,3663,5,1,1,1,1,1
GPS_benchmark,serotype_within,Pneumo-Typer,33F,60,0,0,3608,60,1,1,1,1,1
GPS_benchmark,serotype_within,Pneumo-Typer,34,45,1,0,3622,45,1,0.9997239856472536,0.9782608695652174,0.9997273718647764,0.989010989010989
GPS_benchmark,serotype_within,Pneumo-Typer,35A,10,0,0,3658,10,1,1,1,1,1
GPS_benchmark,serotype_within,Pneumo-Typer,35B,64,0,1,3603,65,0.9846153846153847,1,1,0.9997273718647764,0.9922480620155039
GPS_benchmark,serotype_within,Pneumo-Typer,35C,2,0,0,3666,2,1,1,1,1,1
GPS_benchmark,serotype_within,Pneumo-Typer,35D,3,1,0,3664,3,1,0.9997271487039563,0.75,0.9997273718647764,0.8571428571428571
GPS_benchmark,serotype_within,Pneumo-Typer,35F,35,0,0,3633,35,1,1,1,1,1
GPS_benchmark,serotype_within,Pneumo-Typer,37,3,0,0,3665,3,1,1,1,1,1
GPS_benchmark,serotype_within,Pneumo-Typer,38,33,0,0,3635,33,1,1,1,1,1
GPS_benchmark,serotype_within,Pneumo-Typer,39,4,0,0,3664,4,1,1,1,1,1
GPS_benchmark,serotype_within,Pneumo-Typer,4,374,1,4,3289,378,0.9894179894179894,0.9996960486322188,0.9973333333333333,0.9986368593238822,0.9933598937583001
GPS_benchmark,serotype_within,Pneumo-Typer,40,3,0,0,3665,3,1,1,1,1,1
GPS_benchmark,serotype_within,Pneumo-Typer,45,2,0,0,3666,2,1,1,1,1,1
GPS_benchmark,serotype_within,Pneumo-Typer,46,2,0,4,3662,6,0.3333333333333333,1,1,0.9989094874591058,0.5
GPS_benchmark,serotype_within,Pneumo-Typer,48,2,0,0,3666,2,1,1,1,1,1
GPS_benchmark,serotype_within,Pneumo-Typer,5,322,0,0,3346,322,1,1,1,1,1
GPS_benchmark,serotype_within,Pneumo-Typer,6A,131,0,0,3537,131,1,1,1,1,1
GPS_benchmark,serotype_within,Pneumo-Typer,6B,147,5,1,3515,148,0.9932432432432432,0.9985795454545454,0.9671052631578947,0.9983642311886587,0.98
GPS_benchmark,serotype_within,Pneumo-Typer,6C,48,0,0,3620,48,1,1,1,1,1
GPS_benchmark,serotype_within,Pneumo-Typer,6D,3,0,0,3665,3,1,1,1,1,1
GPS_benchmark,serotype_within,Pneumo-Typer,6E,0,0,5,3663,5,0,1,0,0.9986368593238822,0
GPS_benchmark,serotype_within,Pneumo-Typer,7B,7,0,0,3661,7,1,1,1,1,1
GPS_benchmark,serotype_within,Pneumo-Typer,7C,44,0,0,3624,44,1,1,1,1,1
GPS_benchmark,serotype_within,Pneumo-Typer,7F,94,0,0,3574,94,1,1,1,1,1
GPS_benchmark,serotype_within,Pneumo-Typer,8,460,0,0,3208,460,1,1,1,1,1
GPS_benchmark,serotype_within,Pneumo-Typer,9L,8,0,0,3660,8,1,1,1,1,1
GPS_benchmark,serotype_within,Pneumo-Typer,9N,114,0,0,3554,114,1,1,1,1,1
GPS_benchmark,serotype_within,Pneumo-Typer,9V,58,0,0,3610,58,1,1,1,1,1
GPS_benchmark,serotype_within,SeroBA,1,1505,0,5,2158,1510,0.9966887417218543,1,1,0.9986368593238822,0.9983416252072967
GPS_benchmark,serotype_within,SeroBA,10A,76,0,0,3592,76,1,1,1,1,1
GPS_benchmark,serotype_within,SeroBA,10B,10,0,0,3658,10,1,1,1,1,1
GPS_benchmark,serotype_within,SeroBA,10F,3,0,0,3665,3,1,1,1,1,1
GPS_benchmark,serotype_within,SeroBA,11,82,0,0,3586,82,1,1,1,1,1
GPS_benchmark,serotype_within,SeroBA,11A,72,1,1,3594,73,0.9863013698630136,0.9997218358831711,0.9863013698630136,0.9994547437295529,0.9863013698630136
GPS_benchmark,serotype_within,SeroBA,11B,3,1,0,3664,3,1,0.9997271487039563,0.75,0.9997273718647764,0.8571428571428571
GPS_benchmark,serotype_within,SeroBA,11E,5,1,0,3662,5,1,0.9997269997269997,0.8333333333333334,0.9997273718647764,0.9090909090909091
GPS_benchmark,serotype_within,SeroBA,12B,0,0,2,3666,2,0,1,0,0.9994547437295529,0
GPS_benchmark,serotype_within,SeroBA,12F,166,1,0,3501,166,1,0.9997144488863506,0.9940119760479041,0.9997273718647764,0.996996996996997
GPS_benchmark,serotype_within,SeroBA,13,40,0,0,3628,40,1,1,1,1,1
GPS_benchmark,serotype_within,SeroBA,14,187,0,2,3479,189,0.9894179894179894,1,1,0.9994547437295529,0.9946808510638299
GPS_benchmark,serotype_within,SeroBA,15A,96,0,0,3572,96,1,1,1,1,1
GPS_benchmark,serotype_within,SeroBA,15B,23,0,0,3645,23,1,1,1,1,1
GPS_benchmark,serotype_within,SeroBA,15C,13,0,0,3655,13,1,1,1,1,1
GPS_benchmark,serotype_within,SeroBA,15F,2,0,0,3666,2,1,1,1,1,1
GPS_benchmark,serotype_within,SeroBA,16F,82,0,0,3586,82,1,1,1,1,1
GPS_benchmark,serotype_within,SeroBA,17F,43,0,0,3625,43,1,1,1,1,1
GPS_benchmark,serotype_within,SeroBA,18A,7,0,1,3660,8,0.875,1,1,0.9997273718647764,0.9333333333333333
GPS_benchmark,serotype_within,SeroBA,18B,2,0,0,3666,2,1,1,1,1,1
GPS_benchmark,serotype_within,SeroBA,18C,46,1,0,3621,46,1,0.999723909442297,0.9787234042553191,0.9997273718647764,0.989247311827957
GPS_benchmark,serotype_within,SeroBA,18F,2,0,0,3666,2,1,1,1,1,1
GPS_benchmark,serotype_within,SeroBA,19A,262,0,3,3403,265,0.9886792452830189,1,1,0.9991821155943293,0.9943074003795066
GPS_benchmark,serotype_within,SeroBA,19B,7,0,0,3661,7,1,1,1,1,1
GPS_benchmark,serotype_within,SeroBA,19F,170,2,0,3496,170,1,0.9994282447112636,0.9883720930232558,0.9994547437295529,0.9941520467836257
GPS_benchmark,serotype_within,SeroBA,2,722,0,2,2944,724,0.9972375690607734,1,1,0.9994547437295529,0.9986168741355463
GPS_benchmark,serotype_within,SeroBA,20,35,0,0,3633,35,1,1,1,1,1
GPS_benchmark,serotype_within,SeroBA,20A,9,0,3,3656,12,0.75,1,1,0.9991821155943293,0.8571428571428571
GPS_benchmark,serotype_within,SeroBA,20B,20,6,0,3642,20,1,0.9983552631578947,0.7692307692307693,0.9983642311886587,0.8695652173913044
GPS_benchmark,serotype_within,SeroBA,21,25,0,0,3643,25,1,1,1,1,1
GPS_benchmark,serotype_within,SeroBA,22A,5,0,0,3663,5,1,1,1,1,1
GPS_benchmark,serotype_within,SeroBA,22F,135,0,0,3533,135,1,1,1,1,1
GPS_benchmark,serotype_within,SeroBA,23A,59,0,0,3609,59,1,1,1,1,1
GPS_benchmark,serotype_within,SeroBA,23B,75,0,0,3593,75,1,1,1,1,1
GPS_benchmark,serotype_within,SeroBA,23F,122,0,1,3545,123,0.991869918699187,1,1,0.9997273718647764,0.9959183673469388
GPS_benchmark,serotype_within,SeroBA,24A,1,0,2,3665,3,0.3333333333333333,1,1,0.9994547437295529,0.5
GPS_benchmark,serotype_within,SeroBA,24F,64,2,0,3602,64,1,0.9994450610432852,0.9696969696969697,0.9994547437295529,0.9846153846153847
GPS_benchmark,serotype_within,SeroBA,25F,3,0,0,3665,3,1,1,1,1,1
GPS_benchmark,serotype_within,SeroBA,27,4,0,0,3664,4,1,1,1,1,1
GPS_benchmark,serotype_within,SeroBA,28A,5,0,0,3663,5,1,1,1,1,1
GPS_benchmark,serotype_within,SeroBA,28F,5,0,0,3663,5,1,1,1,1,1
GPS_benchmark,serotype_within,SeroBA,29,5,0,0,3663,5,1,1,1,1,1
GPS_benchmark,serotype_within,SeroBA,3,825,0,8,2835,833,0.9903961584633854,1,1,0.9978189749182116,0.9951749095295537
GPS_benchmark,serotype_within,SeroBA,31,27,0,1,3640,28,0.9642857142857143,1,1,0.9997273718647764,0.9818181818181818
GPS_benchmark,serotype_within,SeroBA,33B,4,0,0,3664,4,1,1,1,1,1
GPS_benchmark,serotype_within,SeroBA,33D,5,0,0,3663,5,1,1,1,1,1
GPS_benchmark,serotype_within,SeroBA,33F,60,0,0,3608,60,1,1,1,1,1
GPS_benchmark,serotype_within,SeroBA,34,45,0,0,3623,45,1,1,1,1,1
GPS_benchmark,serotype_within,SeroBA,35A,10,0,0,3658,10,1,1,1,1,1
GPS_benchmark,serotype_within,SeroBA,35B,63,0,2,3603,65,0.9692307692307692,1,1,0.9994547437295529,0.9843749999999999
GPS_benchmark,serotype_within,SeroBA,35C,2,0,0,3666,2,1,1,1,1,1
GPS_benchmark,serotype_within,SeroBA,35D,3,0,0,3665,3,1,1,1,1,1
GPS_benchmark,serotype_within,SeroBA,35F,35,0,0,3633,35,1,1,1,1,1
GPS_benchmark,serotype_within,SeroBA,37,3,0,0,3665,3,1,1,1,1,1
GPS_benchmark,serotype_within,SeroBA,38,32,0,1,3635,33,0.9696969696969697,1,1,0.9997273718647764,0.9846153846153847
GPS_benchmark,serotype_within,SeroBA,39,4,0,0,3664,4,1,1,1,1,1
GPS_benchmark,serotype_within,SeroBA,4,374,1,4,3289,378,0.9894179894179894,0.9996960486322188,0.9973333333333333,0.9986368593238822,0.9933598937583001
GPS_benchmark,serotype_within,SeroBA,40,3,0,0,3665,3,1,1,1,1,1
GPS_benchmark,serotype_within,SeroBA,45,2,0,0,3666,2,1,1,1,1,1
GPS_benchmark,serotype_within,SeroBA,46,6,1,0,3661,6,1,0.9997269251774986,0.8571428571428571,0.9997273718647764,0.923076923076923
GPS_benchmark,serotype_within,SeroBA,48,2,0,0,3666,2,1,1,1,1,1
GPS_benchmark,serotype_within,SeroBA,5,320,0,2,3346,322,0.9937888198757764,1,1,0.9994547437295529,0.9968847352024921
GPS_benchmark,serotype_within,SeroBA,6A,130,0,1,3537,131,0.9923664122137404,1,1,0.9997273718647764,0.9961685823754789
GPS_benchmark,serotype_within,SeroBA,6B,146,5,2,3515,148,0.9864864864864865,0.9985795454545454,0.9668874172185431,0.9980916030534351,0.9765886287625419
GPS_benchmark,serotype_within,SeroBA,6C,47,0,1,3620,48,0.9791666666666666,1,1,0.9997273718647764,0.9894736842105264
GPS_benchmark,serotype_within,SeroBA,6D,3,0,0,3665,3,1,1,1,1,1
GPS_benchmark,serotype_within,SeroBA,6E,0,0,5,3663,5,0,1,0,0.9986368593238822,0
GPS_benchmark,serotype_within,SeroBA,7B,7,0,0,3661,7,1,1,1,1,1
GPS_benchmark,serotype_within,SeroBA,7C,44,0,0,3624,44,1,1,1,1,1
GPS_benchmark,serotype_within,SeroBA,7F,93,0,1,3574,94,0.9893617021276596,1,1,0.9997273718647764,0.9946524064171123
GPS_benchmark,serotype_within,SeroBA,8,458,0,2,3208,460,0.9956521739130435,1,1,0.9994547437295529,0.9978213507625272
GPS_benchmark,serotype_within,SeroBA,9L,7,0,1,3660,8,0.875,1,1,0.9997273718647764,0.9333333333333333
GPS_benchmark,serotype_within,SeroBA,9N,113,0,1,3554,114,0.9912280701754386,1,1,0.9997273718647764,0.9955947136563876
GPS_benchmark,serotype_within,SeroBA,9V,58,0,0,3610,58,1,1,1,1,1
GPS_benchmark,serotype_within,SeroCall,1,1506,51,4,2107,1510,0.9973509933774835,0.9763670064874884,0.9672447013487476,0.9850054525627044,0.9820671666123248
GPS_benchmark,serotype_within,SeroCall,10A,76,0,0,3592,76,1,1,1,1,1
GPS_benchmark,serotype_within,SeroCall,10B,10,0,0,3658,10,1,1,1,1,1
GPS_benchmark,serotype_within,SeroCall,10F,3,0,0,3665,3,1,1,1,1,1
GPS_benchmark,serotype_within,SeroCall,11,82,0,0,3586,82,1,1,1,1,1
GPS_benchmark,serotype_within,SeroCall,11A,70,6,3,3589,73,0.958904109589041,0.9983310152990265,0.9210526315789473,0.997546346782988,0.9395973154362416
GPS_benchmark,serotype_within,SeroCall,11B,3,0,0,3665,3,1,1,1,1,1
GPS_benchmark,serotype_within,SeroCall,11E,0,0,5,3663,5,0,1,0,0.9986368593238822,0
GPS_benchmark,serotype_within,SeroCall,12B,1,4,1,3662,2,0.5,0.9989088925259137,0.2,0.9986368593238822,0.28571428571428575
GPS_benchmark,serotype_within,SeroCall,12F,166,1,0,3501,166,1,0.9997144488863506,0.9940119760479041,0.9997273718647764,0.996996996996997
GPS_benchmark,serotype_within,SeroCall,13,40,0,0,3628,40,1,1,1,1,1
GPS_benchmark,serotype_within,SeroCall,14,187,0,2,3479,189,0.9894179894179894,1,1,0.9994547437295529,0.9946808510638299
GPS_benchmark,serotype_within,SeroCall,15A,96,0,0,3572,96,1,1,1,1,1
GPS_benchmark,serotype_within,SeroCall,15B,23,13,0,3632,23,1,0.9964334705075446,0.6388888888888888,0.9964558342420938,0.7796610169491525
GPS_benchmark,serotype_within,SeroCall,15C,13,23,0,3632,13,1,0.9937072503419973,0.3611111111111111,0.9937295528898582,0.5306122448979591
GPS_benchmark,serotype_within,SeroCall,15F,2,0,0,3666,2,1,1,1,1,1
GPS_benchmark,serotype_within,SeroCall,16F,82,0,0,3586,82,1,1,1,1,1
GPS_benchmark,serotype_within,SeroCall,17F,43,0,0,3625,43,1,1,1,1,1
GPS_benchmark,serotype_within,SeroCall,18A,8,0,0,3660,8,1,1,1,1,1
GPS_benchmark,serotype_within,SeroCall,18B,0,2,2,3664,2,0,0.9994544462629569,0,0.9989094874591058,0
GPS_benchmark,serotype_within,SeroCall,18C,45,2,1,3620,46,0.9782608695652174,0.9994478188845941,0.9574468085106383,0.9991821155943293,0.967741935483871
GPS_benchmark,serotype_within,SeroCall,18F,2,0,0,3666,2,1,1,1,1,1
GPS_benchmark,serotype_within,SeroCall,19A,264,0,1,3403,265,0.9962264150943396,1,1,0.9997273718647764,0.998109640831758
GPS_benchmark,serotype_within,SeroCall,19B,7,0,0,3661,7,1,1,1,1,1
GPS_benchmark,serotype_within,SeroCall,19F,168,0,2,3498,170,0.9882352941176471,1,1,0.9994547437295529,0.9940828402366864
GPS_benchmark,serotype_within,SeroCall,2,724,6,0,2938,724,1,0.9979619565217391,0.9917808219178083,0.9983642311886587,0.9958734525447043
GPS_benchmark,serotype_within,SeroCall,20,35,0,0,3633,35,1,1,1,1,1
GPS_benchmark,serotype_within,SeroCall,20A,0,0,12,3656,12,0,1,0,0.9967284623773174,0
GPS_benchmark,serotype_within,SeroCall,20B,0,0,20,3648,20,0,1,0,0.9945474372955289,0
GPS_benchmark,serotype_within,SeroCall,21,25,0,0,3643,25,1,1,1,1,1
GPS_benchmark,serotype_within,SeroCall,22A,5,0,0,3663,5,1,1,1,1,1
GPS_benchmark,serotype_within,SeroCall,22F,135,0,0,3533,135,1,1,1,1,1
GPS_benchmark,serotype_within,SeroCall,23A,59,0,0,3609,59,1,1,1,1,1
GPS_benchmark,serotype_within,SeroCall,23B,74,2,1,3591,75,0.9866666666666667,0.9994433620929585,0.9736842105263158,0.9991821155943293,0.9801324503311258
GPS_benchmark,serotype_within,SeroCall,23F,123,1,0,3544,123,1,0.9997179125528914,0.9919354838709677,0.9997273718647764,0.9959514170040485
GPS_benchmark,serotype_within,SeroCall,24A,3,64,0,3601,3,1,0.982537517053206,0.04477611940298507,0.9825517993456925,0.08571428571428572
GPS_benchmark,serotype_within,SeroCall,24F,64,3,0,3601,64,1,0.9991675915649278,0.9552238805970149,0.9991821155943293,0.9770992366412213
GPS_benchmark,serotype_within,SeroCall,25F,3,0,0,3665,3,1,1,1,1,1
GPS_benchmark,serotype_within,SeroCall,27,4,0,0,3664,4,1,1,1,1,1
GPS_benchmark,serotype_within,SeroCall,28A,5,0,0,3663,5,1,1,1,1,1
GPS_benchmark,serotype_within,SeroCall,28F,5,0,0,3663,5,1,1,1,1,1
GPS_benchmark,serotype_within,SeroCall,29,5,0,0,3663,5,1,1,1,1,1
GPS_benchmark,serotype_within,SeroCall,3,828,2,5,2833,833,0.9939975990396158,0.9992945326278659,0.9975903614457832,0.9980916030534351,0.9957907396271798
GPS_benchmark,serotype_within,SeroCall,31,27,0,1,3640,28,0.9642857142857143,1,1,0.9997273718647764,0.9818181818181818
GPS_benchmark,serotype_within,SeroCall,33B,0,4,4,3660,4,0,0.9989082969432315,0,0.9978189749182116,0
GPS_benchmark,serotype_within,SeroCall,33D,1,4,4,3659,5,0.2,0.9989079989079989,0.2,0.9978189749182116,0.20000000000000004
GPS_benchmark,serotype_within,SeroCall,33F,51,0,9,3608,60,0.85,1,1,0.997546346782988,0.9189189189189189
GPS_benchmark,serotype_within,SeroCall,34,45,0,0,3623,45,1,1,1,1,1
GPS_benchmark,serotype_within,SeroCall,35A,10,0,0,3658,10,1,1,1,1,1
GPS_benchmark,serotype_within,SeroCall,35B,63,3,2,3600,65,0.9692307692307692,0.9991673605328892,0.9545454545454546,0.9986368593238822,0.9618320610687022
GPS_benchmark,serotype_within,SeroCall,35C,2,0,0,3666,2,1,1,1,1,1
GPS_benchmark,serotype_within,SeroCall,35D,0,0,3,3665,3,0,1,0,0.9991821155943293,0
GPS_benchmark,serotype_within,SeroCall,35F,35,0,0,3633,35,1,1,1,1,1
GPS_benchmark,serotype_within,SeroCall,37,3,2,0,3663,3,1,0.9994542974079127,0.6,0.9994547437295529,0.7499999999999999
GPS_benchmark,serotype_within,SeroCall,38,33,0,0,3635,33,1,1,1,1,1
GPS_benchmark,serotype_within,SeroCall,39,4,0,0,3664,4,1,1,1,1,1
GPS_benchmark,serotype_within,SeroCall,4,370,0,8,3290,378,0.9788359788359788,1,1,0.9978189749182116,0.9893048128342246
GPS_benchmark,serotype_within,SeroCall,40,3,0,0,3665,3,1,1,1,1,1
GPS_benchmark,serotype_within,SeroCall,45,2,0,0,3666,2,1,1,1,1,1
GPS_benchmark,serotype_within,SeroCall,46,2,0,4,3662,6,0.3333333333333333,1,1,0.9989094874591058,0.5
GPS_benchmark,serotype_within,SeroCall,48,2,0,0,3666,2,1,1,1,1,1
GPS_benchmark,serotype_within,SeroCall,5,320,0,2,3346,322,0.9937888198757764,1,1,0.9994547437295529,0.9968847352024921
GPS_benchmark,serotype_within,SeroCall,6A,129,3,2,3534,131,0.9847328244274809,0.9991518235793045,0.9772727272727273,0.9986368593238822,0.9809885931558935
GPS_benchmark,serotype_within,SeroCall,6B,144,5,4,3515,148,0.972972972972973,0.9985795454545454,0.9664429530201343,0.997546346782988,0.9696969696969697
GPS_benchmark,serotype_within,SeroCall,6C,48,0,0,3620,48,1,1,1,1,1
GPS_benchmark,serotype_within,SeroCall,6D,3,0,0,3665,3,1,1,1,1,1
GPS_benchmark,serotype_within,SeroCall,6E,5,127,0,3536,5,1,0.9653289653289653,0.03787878787878788,0.9653762268266085,0.07299270072992702
GPS_benchmark,serotype_within,SeroCall,7B,7,0,0,3661,7,1,1,1,1,1
GPS_benchmark,serotype_within,SeroCall,7C,44,0,0,3624,44,1,1,1,1,1
GPS_benchmark,serotype_within,SeroCall,7F,93,0,1,3574,94,0.9893617021276596,1,1,0.9997273718647764,0.9946524064171123
GPS_benchmark,serotype_within,SeroCall,8,460,0,0,3208,460,1,1,1,1,1
GPS_benchmark,serotype_within,SeroCall,9L,7,0,1,3660,8,0.875,1,1,0.9997273718647764,0.9333333333333333
GPS_benchmark,serotype_within,SeroCall,9N,113,0,1,3554,114,0.9912280701754386,1,1,0.9997273718647764,0.9955947136563876
GPS_benchmark,serotype_within,SeroCall,9V,55,0,3,3610,58,0.9482758620689655,1,1,0.9991821155943293,0.9734513274336283
GPS_benchmark,serogroup_exact,ALLCAPS,1,130,0,0,3538,130,1,1,1,1,1
GPS_benchmark,serogroup_exact,ALLCAPS,10,89,1,0,3578,89,1,0.9997205923442303,0.9888888888888889,0.9997273718647764,0.9944134078212291
GPS_benchmark,serogroup_exact,ALLCAPS,11,81,0,1,3586,82,0.9878048780487805,1,1,0.9997273718647764,0.9938650306748467
GPS_benchmark,serogroup_exact,ALLCAPS,12,166,0,2,3500,168,0.9880952380952381,1,1,0.9994547437295529,0.9940119760479043
GPS_benchmark,serogroup_exact,ALLCAPS,13,40,0,0,3628,40,1,1,1,1,1
GPS_benchmark,serogroup_exact,ALLCAPS,14,188,4,1,3475,189,0.9947089947089947,0.9988502443230813,0.9791666666666666,0.9986368593238822,0.9868766404199474
GPS_benchmark,serogroup_exact,ALLCAPS,15,133,0,1,3534,134,0.9925373134328358,1,1,0.9997273718647764,0.9962546816479401
GPS_benchmark,serogroup_exact,ALLCAPS,16,82,0,0,3586,82,1,1,1,1,1
GPS_benchmark,serogroup_exact,ALLCAPS,17,42,0,1,3625,43,0.9767441860465116,1,1,0.9997273718647764,0.988235294117647
GPS_benchmark,serogroup_exact,ALLCAPS,18,57,0,1,3610,58,0.9827586206896551,1,1,0.9997273718647764,0.9913043478260869
GPS_benchmark,serogroup_exact,ALLCAPS,19,439,5,3,3221,442,0.9932126696832579,0.9984500929944203,0.9887387387387387,0.9978189749182116,0.9909706546275394
GPS_benchmark,serogroup_exact,ALLCAPS,2,10,0,0,3658,10,1,1,1,1,1
GPS_benchmark,serogroup_exact,ALLCAPS,20,35,0,0,3633,35,1,1,1,1,1
GPS_benchmark,serogroup_exact,ALLCAPS,21,25,1,0,3642,25,1,0.9997255009607466,0.9615384615384616,0.9997273718647764,0.9803921568627451
GPS_benchmark,serogroup_exact,ALLCAPS,22,140,2,0,3526,140,1,0.9994331065759637,0.9859154929577465,0.9994547437295529,0.9929078014184397
GPS_benchmark,serogroup_exact,ALLCAPS,23,253,0,4,3411,257,0.9844357976653697,1,1,0.9989094874591058,0.9921568627450981
GPS_benchmark,serogroup_exact,ALLCAPS,24,66,0,1,3601,67,0.9850746268656716,1,1,0.9997273718647764,0.9924812030075187
GPS_benchmark,serogroup_exact,ALLCAPS,25,2,0,1,3665,3,0.6666666666666666,1,1,0.9997273718647764,0.8
GPS_benchmark,serogroup_exact,ALLCAPS,27,4,0,0,3664,4,1,1,1,1,1
GPS_benchmark,serogroup_exact,ALLCAPS,28,10,0,0,3658,10,1,1,1,1,1
GPS_benchmark,serogroup_exact,ALLCAPS,29,5,0,0,3663,5,1,1,1,1,1
GPS_benchmark,serogroup_exact,ALLCAPS,3,239,1,0,3428,239,1,0.99970836978711,0.9958333333333333,0.9997273718647764,0.9979123173277662
GPS_benchmark,serogroup_exact,ALLCAPS,31,28,0,0,3640,28,1,1,1,1,1
GPS_benchmark,serogroup_exact,ALLCAPS,33,69,0,0,3599,69,1,1,1,1,1
GPS_benchmark,serogroup_exact,ALLCAPS,34,44,0,1,3623,45,0.9777777777777777,1,1,0.9997273718647764,0.9887640449438202
GPS_benchmark,serogroup_exact,ALLCAPS,35,115,0,0,3553,115,1,1,1,1,1
GPS_benchmark,serogroup_exact,ALLCAPS,37,3,0,0,3665,3,1,1,1,1,1
GPS_benchmark,serogroup_exact,ALLCAPS,38,33,1,0,3634,33,1,0.9997248968363136,0.9705882352941176,0.9997273718647764,0.9850746268656716
GPS_benchmark,serogroup_exact,ALLCAPS,39,4,0,0,3664,4,1,1,1,1,1
GPS_benchmark,serogroup_exact,ALLCAPS,4,64,1,0,3603,64,1,0.9997225305216426,0.9846153846153847,0.9997273718647764,0.9922480620155039
GPS_benchmark,serogroup_exact,ALLCAPS,40,3,1,0,3664,3,1,0.9997271487039563,0.75,0.9997273718647764,0.8571428571428571
GPS_benchmark,serogroup_exact,ALLCAPS,45,2,0,0,3666,2,1,1,1,1,1
GPS_benchmark,serogroup_exact,ALLCAPS,46,6,1,0,3661,6,1,0.9997269251774986,0.8571428571428571,0.9997273718647764,0.923076923076923
GPS_benchmark,serogroup_exact,ALLCAPS,48,2,0,0,3666,2,1,1,1,1,1
GPS_benchmark,serogroup_exact,ALLCAPS,5,68,0,0,3600,68,1,1,1,1,1
GPS_benchmark,serogroup_exact,ALLCAPS,6,333,2,2,3331,335,0.9940298507462687,0.9993999399939995,0.9940298507462687,0.9989094874591058,0.9940298507462687
GPS_benchmark,serogroup_exact,ALLCAPS,7,101,0,1,3566,102,0.9901960784313726,1,1,0.9997273718647764,0.9950738916256158
GPS_benchmark,serogroup_exact,ALLCAPS,8,357,0,0,3311,357,1,1,1,1,1
GPS_benchmark,serogroup_exact,ALLCAPS,9,179,1,1,3487,180,0.9944444444444445,0.9997133027522935,0.9944444444444445,0.9994547437295529,0.9944444444444445
GPS_benchmark,serogroup_exact,PfaSTer,1,130,0,0,3538,130,1,1,1,1,1
GPS_benchmark,serogroup_exact,PfaSTer,10,87,0,2,3579,89,0.9775280898876404,1,1,0.9994547437295529,0.9886363636363636
GPS_benchmark,serogroup_exact,PfaSTer,11,82,0,0,3586,82,1,1,1,1,1
GPS_benchmark,serogroup_exact,PfaSTer,12,166,0,2,3500,168,0.9880952380952381,1,1,0.9994547437295529,0.9940119760479043
GPS_benchmark,serogroup_exact,PfaSTer,13,40,0,0,3628,40,1,1,1,1,1
GPS_benchmark,serogroup_exact,PfaSTer,14,189,0,0,3479,189,1,1,1,1,1
GPS_benchmark,serogroup_exact,PfaSTer,15,130,0,4,3534,134,0.9701492537313433,1,1,0.9989094874591058,0.9848484848484849
GPS_benchmark,serogroup_exact,PfaSTer,16,82,0,0,3586,82,1,1,1,1,1
GPS_benchmark,serogroup_exact,PfaSTer,17,43,0,0,3625,43,1,1,1,1,1
GPS_benchmark,serogroup_exact,PfaSTer,18,57,0,1,3610,58,0.9827586206896551,1,1,0.9997273718647764,0.9913043478260869
GPS_benchmark,serogroup_exact,PfaSTer,19,426,0,16,3226,442,0.9638009049773756,1,1,0.9956379498364231,0.9815668202764977
GPS_benchmark,serogroup_exact,PfaSTer,2,9,0,1,3658,10,0.9,1,1,0.9997273718647764,0.9473684210526316
GPS_benchmark,serogroup_exact,PfaSTer,20,35,0,0,3633,35,1,1,1,1,1
GPS_benchmark,serogroup_exact,PfaSTer,21,25,0,0,3643,25,1,1,1,1,1
GPS_benchmark,serogroup_exact,PfaSTer,22,140,0,0,3528,140,1,1,1,1,1
GPS_benchmark,serogroup_exact,PfaSTer,23,253,2,4,3409,257,0.9844357976653697,0.999413661682791,0.9921568627450981,0.9983642311886587,0.98828125
GPS_benchmark,serogroup_exact,PfaSTer,24,65,0,2,3601,67,0.9701492537313433,1,1,0.9994547437295529,0.9848484848484849
GPS_benchmark,serogroup_exact,PfaSTer,25,3,0,0,3665,3,1,1,1,1,1
GPS_benchmark,serogroup_exact,PfaSTer,27,4,0,0,3664,4,1,1,1,1,1
GPS_benchmark,serogroup_exact,PfaSTer,28,9,0,1,3658,10,0.9,1,1,0.9997273718647764,0.9473684210526316
GPS_benchmark,serogroup_exact,PfaSTer,29,5,0,0,3663,5,1,1,1,1,1
GPS_benchmark,serogroup_exact,PfaSTer,3,237,0,2,3429,239,0.9916317991631799,1,1,0.9994547437295529,0.995798319327731
GPS_benchmark,serogroup_exact,PfaSTer,31,28,0,0,3640,28,1,1,1,1,1
GPS_benchmark,serogroup_exact,PfaSTer,33,64,0,5,3599,69,0.927536231884058,1,1,0.9986368593238822,0.9624060150375939
GPS_benchmark,serogroup_exact,PfaSTer,34,45,0,0,3623,45,1,1,1,1,1
GPS_benchmark,serogroup_exact,PfaSTer,35,112,0,3,3553,115,0.9739130434782609,1,1,0.9991821155943293,0.986784140969163
GPS_benchmark,serogroup_exact,PfaSTer,37,3,0,0,3665,3,1,1,1,1,1
GPS_benchmark,serogroup_exact,PfaSTer,38,32,0,1,3635,33,0.9696969696969697,1,1,0.9997273718647764,0.9846153846153847
GPS_benchmark,serogroup_exact,PfaSTer,39,4,0,0,3664,4,1,1,1,1,1
GPS_benchmark,serogroup_exact,PfaSTer,4,64,0,0,3604,64,1,1,1,1,1
GPS_benchmark,serogroup_exact,PfaSTer,40,3,0,0,3665,3,1,1,1,1,1
GPS_benchmark,serogroup_exact,PfaSTer,45,0,0,2,3666,2,0,1,0,0.9994547437295529,0
GPS_benchmark,serogroup_exact,PfaSTer,46,6,1,0,3661,6,1,0.9997269251774986,0.8571428571428571,0.9997273718647764,0.923076923076923
GPS_benchmark,serogroup_exact,PfaSTer,48,2,0,0,3666,2,1,1,1,1,1
GPS_benchmark,serogroup_exact,PfaSTer,5,68,0,0,3600,68,1,1,1,1,1
GPS_benchmark,serogroup_exact,PfaSTer,6,326,0,9,3333,335,0.9731343283582089,1,1,0.997546346782988,0.9863842662632374
GPS_benchmark,serogroup_exact,PfaSTer,7,102,0,0,3566,102,1,1,1,1,1
GPS_benchmark,serogroup_exact,PfaSTer,8,355,0,2,3311,357,0.9943977591036415,1,1,0.9994547437295529,0.9971910112359551
GPS_benchmark,serogroup_exact,PfaSTer,9,179,0,1,3488,180,0.9944444444444445,1,1,0.9997273718647764,0.9972144846796658
GPS_benchmark,serogroup_exact,PneumoCaT,1,129,0,1,3538,130,0.9923076923076923,1,1,0.9997273718647764,0.9961389961389961
GPS_benchmark,serogroup_exact,PneumoCaT,10,86,0,3,3579,89,0.9662921348314607,1,1,0.9991821155943293,0.9828571428571428
GPS_benchmark,serogroup_exact,PneumoCaT,11,75,0,7,3586,82,0.9146341463414634,1,1,0.9980916030534351,0.9554140127388536
GPS_benchmark,serogroup_exact,PneumoCaT,12,162,6,6,3494,168,0.9642857142857143,0.9982857142857143,0.9642857142857143,0.9967284623773174,0.9642857142857143
GPS_benchmark,serogroup_exact,PneumoCaT,13,39,0,1,3628,40,0.975,1,1,0.9997273718647764,0.9873417721518987
GPS_benchmark,serogroup_exact,PneumoCaT,14,183,0,6,3479,189,0.9682539682539683,1,1,0.9983642311886587,0.9838709677419354
GPS_benchmark,serogroup_exact,PneumoCaT,15,132,0,2,3534,134,0.9850746268656716,1,1,0.9994547437295529,0.9924812030075187
GPS_benchmark,serogroup_exact,PneumoCaT,16,78,0,4,3586,82,0.9512195121951219,1,1,0.9989094874591058,0.975
GPS_benchmark,serogroup_exact,PneumoCaT,17,41,0,2,3625,43,0.9534883720930233,1,1,0.9994547437295529,0.9761904761904763
GPS_benchmark,serogroup_exact,PneumoCaT,18,57,0,1,3610,58,0.9827586206896551,1,1,0.9997273718647764,0.9913043478260869
GPS_benchmark,serogroup_exact,PneumoCaT,19,426,0,16,3226,442,0.9638009049773756,1,1,0.9956379498364231,0.9815668202764977
GPS_benchmark,serogroup_exact,PneumoCaT,2,10,0,0,3658,10,1,1,1,1,1
GPS_benchmark,serogroup_exact,PneumoCaT,20,31,0,4,3633,35,0.8857142857142857,1,1,0.9989094874591058,0.9393939393939393
GPS_benchmark,serogroup_exact,PneumoCaT,21,21,0,4,3643,25,0.84,1,1,0.9989094874591058,0.9130434782608696
GPS_benchmark,serogroup_exact,PneumoCaT,22,138,0,2,3528,140,0.9857142857142858,1,1,0.9994547437295529,0.9928057553956835
GPS_benchmark,serogroup_exact,PneumoCaT,23,245,0,12,3411,257,0.953307392996109,1,1,0.9967284623773174,0.9760956175298805
GPS_benchmark,serogroup_exact,PneumoCaT,24,65,0,2,3601,67,0.9701492537313433,1,1,0.9994547437295529,0.9848484848484849
GPS_benchmark,serogroup_exact,PneumoCaT,25,3,0,0,3665,3,1,1,1,1,1
GPS_benchmark,serogroup_exact,PneumoCaT,27,4,0,0,3664,4,1,1,1,1,1
GPS_benchmark,serogroup_exact,PneumoCaT,28,9,0,1,3658,10,0.9,1,1,0.9997273718647764,0.9473684210526316
GPS_benchmark,serogroup_exact,PneumoCaT,29,2,0,3,3663,5,0.4,1,1,0.9991821155943293,0.5714285714285715
GPS_benchmark,serogroup_exact,PneumoCaT,3,234,0,5,3429,239,0.9790794979079498,1,1,0.9986368593238822,0.9894291754756871
GPS_benchmark,serogroup_exact,PneumoCaT,31,27,0,1,3640,28,0.9642857142857143,1,1,0.9997273718647764,0.9818181818181818
GPS_benchmark,serogroup_exact,PneumoCaT,33,66,1,3,3598,69,0.9565217391304348,0.999722145040289,0.9850746268656716,0.9989094874591058,0.9705882352941176
GPS_benchmark,serogroup_exact,PneumoCaT,34,44,0,1,3623,45,0.9777777777777777,1,1,0.9997273718647764,0.9887640449438202
GPS_benchmark,serogroup_exact,PneumoCaT,35,111,0,4,3553,115,0.9652173913043478,1,1,0.9989094874591058,0.9823008849557522
GPS_benchmark,serogroup_exact,PneumoCaT,37,1,0,2,3665,3,0.3333333333333333,1,1,0.9994547437295529,0.5
GPS_benchmark,serogroup_exact,PneumoCaT,38,33,0,0,3635,33,1,1,1,1,1
GPS_benchmark,serogroup_exact,PneumoCaT,39,4,0,0,3664,4,1,1,1,1,1
GPS_benchmark,serogroup_exact,PneumoCaT,4,59,0,5,3604,64,0.921875,1,1,0.9986368593238822,0.959349593495935
GPS_benchmark,serogroup_exact,PneumoCaT,40,1,1,2,3664,3,0.3333333333333333,0.9997271487039563,0.5,0.9991821155943293,0.4
GPS_benchmark,serogroup_exact,PneumoCaT,45,2,0,0,3666,2,1,1,1,1,1
GPS_benchmark,serogroup_exact,PneumoCaT,46,0,0,6,3662,6,0,1,0,0.9983642311886587,0
GPS_benchmark,serogroup_exact,PneumoCaT,48,2,0,0,3666,2,1,1,1,1,1
GPS_benchmark,serogroup_exact,PneumoCaT,5,68,0,0,3600,68,1,1,1,1,1
GPS_benchmark,serogroup_exact,PneumoCaT,6,319,0,16,3333,335,0.9522388059701492,1,1,0.9956379498364231,0.9755351681957186
GPS_benchmark,serogroup_exact,PneumoCaT,7,98,2,4,3564,102,0.9607843137254902,0.9994391475042064,0.98,0.9983642311886587,0.9702970297029702
GPS_benchmark,serogroup_exact,PneumoCaT,8,344,0,13,3311,357,0.9635854341736695,1,1,0.9964558342420938,0.9814550641940085
GPS_benchmark,serogroup_exact,PneumoCaT,9,176,0,4,3488,180,0.9777777777777777,1,1,0.9989094874591058,0.9887640449438202
GPS_benchmark,serogroup_exact,PneumoKITy,1,130,0,0,3538,130,1,1,1,1,1
GPS_benchmark,serogroup_exact,PneumoKITy,10,89,0,0,3579,89,1,1,1,1,1
GPS_benchmark,serogroup_exact,PneumoKITy,11,79,0,3,3586,82,0.9634146341463414,1,1,0.9991821155943293,0.9813664596273292
GPS_benchmark,serogroup_exact,PneumoKITy,12,168,6,0,3494,168,1,0.9982857142857143,0.9655172413793104,0.9983642311886587,0.9824561403508771
GPS_benchmark,serogroup_exact,PneumoKITy,13,40,0,0,3628,40,1,1,1,1,1
GPS_benchmark,serogroup_exact,PneumoKITy,14,189,0,0,3479,189,1,1,1,1,1
GPS_benchmark,serogroup_exact,PneumoKITy,15,134,0,0,3534,134,1,1,1,1,1
GPS_benchmark,serogroup_exact,PneumoKITy,16,42,0,40,3586,82,0.5121951219512195,1,1,0.9890948745910578,0.6774193548387097
GPS_benchmark,serogroup_exact,PneumoKITy,17,43,0,0,3625,43,1,1,1,1,1
GPS_benchmark,serogroup_exact,PneumoKITy,18,57,0,1,3610,58,0.9827586206896551,1,1,0.9997273718647764,0.9913043478260869
GPS_benchmark,serogroup_exact,PneumoKITy,19,440,0,2,3226,442,0.995475113122172,1,1,0.9994547437295529,0.9977324263038548
GPS_benchmark,serogroup_exact,PneumoKITy,2,10,0,0,3658,10,1,1,1,1,1
GPS_benchmark,serogroup_exact,PneumoKITy,20,35,0,0,3633,35,1,1,1,1,1
GPS_benchmark,serogroup_exact,PneumoKITy,21,25,0,0,3643,25,1,1,1,1,1
GPS_benchmark,serogroup_exact,PneumoKITy,22,140,0,0,3528,140,1,1,1,1,1
GPS_benchmark,serogroup_exact,PneumoKITy,23,257,0,0,3411,257,1,1,1,1,1
GPS_benchmark,serogroup_exact,PneumoKITy,24,64,0,3,3601,67,0.9552238805970149,1,1,0.9991821155943293,0.9770992366412213
GPS_benchmark,serogroup_exact,PneumoKITy,25,3,7,0,3658,3,1,0.9980900409276944,0.3,0.9980916030534351,0.4615384615384615
GPS_benchmark,serogroup_exact,PneumoKITy,27,4,0,0,3664,4,1,1,1,1,1
GPS_benchmark,serogroup_exact,PneumoKITy,28,10,0,0,3658,10,1,1,1,1,1
GPS_benchmark,serogroup_exact,PneumoKITy,29,2,0,3,3663,5,0.4,1,1,0.9991821155943293,0.5714285714285715
GPS_benchmark,serogroup_exact,PneumoKITy,3,235,0,4,3429,239,0.9832635983263598,1,1,0.9989094874591058,0.9915611814345991
GPS_benchmark,serogroup_exact,PneumoKITy,31,28,0,0,3640,28,1,1,1,1,1
GPS_benchmark,serogroup_exact,PneumoKITy,33,60,0,9,3599,69,0.8695652173913043,1,1,0.997546346782988,0.9302325581395349
GPS_benchmark,serogroup_exact,PneumoKITy,34,45,0,0,3623,45,1,1,1,1,1
GPS_benchmark,serogroup_exact,PneumoKITy,35,115,0,0,3553,115,1,1,1,1,1
GPS_benchmark,serogroup_exact,PneumoKITy,37,3,0,0,3665,3,1,1,1,1,1
GPS_benchmark,serogroup_exact,PneumoKITy,38,26,0,7,3635,33,0.7878787878787878,1,1,0.9980916030534351,0.8813559322033898
GPS_benchmark,serogroup_exact,PneumoKITy,39,4,0,0,3664,4,1,1,1,1,1
GPS_benchmark,serogroup_exact,PneumoKITy,4,64,0,0,3604,64,1,1,1,1,1
GPS_benchmark,serogroup_exact,PneumoKITy,40,0,0,3,3665,3,0,1,0,0.9991821155943293,0
GPS_benchmark,serogroup_exact,PneumoKITy,45,2,0,0,3666,2,1,1,1,1,1
GPS_benchmark,serogroup_exact,PneumoKITy,46,0,0,6,3662,6,0,1,0,0.9983642311886587,0
GPS_benchmark,serogroup_exact,PneumoKITy,48,2,0,0,3666,2,1,1,1,1,1
GPS_benchmark,serogroup_exact,PneumoKITy,5,68,0,0,3600,68,1,1,1,1,1
GPS_benchmark,serogroup_exact,PneumoKITy,6,202,0,133,3333,335,0.6029850746268657,1,1,0.9637404580152672,0.7523277467411545
GPS_benchmark,serogroup_exact,PneumoKITy,7,102,3,0,3563,102,1,0.9991587212563096,0.9714285714285714,0.9991821155943293,0.9855072463768115
GPS_benchmark,serogroup_exact,PneumoKITy,8,357,0,0,3311,357,1,1,1,1,1
GPS_benchmark,serogroup_exact,PneumoKITy,9,179,0,1,3488,180,0.9944444444444445,1,1,0.9997273718647764,0.9972144846796658
GPS_benchmark,serogroup_exact,Pneumo-Typer,1,130,0,0,3538,130,1,1,1,1,1
GPS_benchmark,serogroup_exact,Pneumo-Typer,10,89,0,0,3579,89,1,1,1,1,1
GPS_benchmark,serogroup_exact,Pneumo-Typer,11,82,0,0,3586,82,1,1,1,1,1
GPS_benchmark,serogroup_exact,Pneumo-Typer,12,168,4,0,3496,168,1,0.9988571428571429,0.9767441860465116,0.9989094874591058,0.988235294117647
GPS_benchmark,serogroup_exact,Pneumo-Typer,13,40,0,0,3628,40,1,1,1,1,1
GPS_benchmark,serogroup_exact,Pneumo-Typer,14,189,0,0,3479,189,1,1,1,1,1
GPS_benchmark,serogroup_exact,Pneumo-Typer,15,134,0,0,3534,134,1,1,1,1,1
GPS_benchmark,serogroup_exact,Pneumo-Typer,16,82,1,0,3585,82,1,0.9997211377579476,0.9879518072289156,0.9997273718647764,0.993939393939394
GPS_benchmark,serogroup_exact,Pneumo-Typer,17,43,0,0,3625,43,1,1,1,1,1
GPS_benchmark,serogroup_exact,Pneumo-Typer,18,58,0,0,3610,58,1,1,1,1,1
GPS_benchmark,serogroup_exact,Pneumo-Typer,19,442,0,0,3226,442,1,1,1,1,1
GPS_benchmark,serogroup_exact,Pneumo-Typer,2,10,0,0,3658,10,1,1,1,1,1
GPS_benchmark,serogroup_exact,Pneumo-Typer,20,35,0,0,3633,35,1,1,1,1,1
GPS_benchmark,serogroup_exact,Pneumo-Typer,21,25,0,0,3643,25,1,1,1,1,1
GPS_benchmark,serogroup_exact,Pneumo-Typer,22,140,0,0,3528,140,1,1,1,1,1
GPS_benchmark,serogroup_exact,Pneumo-Typer,23,257,0,0,3411,257,1,1,1,1,1
GPS_benchmark,serogroup_exact,Pneumo-Typer,24,67,0,0,3601,67,1,1,1,1,1
GPS_benchmark,serogroup_exact,Pneumo-Typer,25,3,0,0,3665,3,1,1,1,1,1
GPS_benchmark,serogroup_exact,Pneumo-Typer,27,4,0,0,3664,4,1,1,1,1,1
GPS_benchmark,serogroup_exact,Pneumo-Typer,28,10,0,0,3658,10,1,1,1,1,1
GPS_benchmark,serogroup_exact,Pneumo-Typer,29,5,0,0,3663,5,1,1,1,1,1
GPS_benchmark,serogroup_exact,Pneumo-Typer,3,238,0,1,3429,239,0.99581589958159,1,1,0.9997273718647764,0.9979035639412999
GPS_benchmark,serogroup_exact,Pneumo-Typer,31,28,0,0,3640,28,1,1,1,1,1
GPS_benchmark,serogroup_exact,Pneumo-Typer,33,69,0,0,3599,69,1,1,1,1,1
GPS_benchmark,serogroup_exact,Pneumo-Typer,34,45,1,0,3622,45,1,0.9997239856472536,0.9782608695652174,0.9997273718647764,0.989010989010989
GPS_benchmark,serogroup_exact,Pneumo-Typer,35,115,0,0,3553,115,1,1,1,1,1
GPS_benchmark,serogroup_exact,Pneumo-Typer,37,3,0,0,3665,3,1,1,1,1,1
GPS_benchmark,serogroup_exact,Pneumo-Typer,38,33,0,0,3635,33,1,1,1,1,1
GPS_benchmark,serogroup_exact,Pneumo-Typer,39,4,0,0,3664,4,1,1,1,1,1
GPS_benchmark,serogroup_exact,Pneumo-Typer,4,64,0,0,3604,64,1,1,1,1,1
GPS_benchmark,serogroup_exact,Pneumo-Typer,40,3,0,0,3665,3,1,1,1,1,1
GPS_benchmark,serogroup_exact,Pneumo-Typer,45,2,0,0,3666,2,1,1,1,1,1
GPS_benchmark,serogroup_exact,Pneumo-Typer,46,2,0,4,3662,6,0.3333333333333333,1,1,0.9989094874591058,0.5
GPS_benchmark,serogroup_exact,Pneumo-Typer,48,2,0,0,3666,2,1,1,1,1,1
GPS_benchmark,serogroup_exact,Pneumo-Typer,5,68,0,0,3600,68,1,1,1,1,1
GPS_benchmark,serogroup_exact,Pneumo-Typer,6,334,0,1,3333,335,0.9970149253731343,1,1,0.9997273718647764,0.9985052316890882
GPS_benchmark,serogroup_exact,Pneumo-Typer,7,102,0,0,3566,102,1,1,1,1,1
GPS_benchmark,serogroup_exact,Pneumo-Typer,8,357,0,0,3311,357,1,1,1,1,1
GPS_benchmark,serogroup_exact,Pneumo-Typer,9,180,0,0,3488,180,1,1,1,1,1
GPS_benchmark,serogroup_exact,SeroBA,1,130,0,0,3538,130,1,1,1,1,1
GPS_benchmark,serogroup_exact,SeroBA,10,89,0,0,3579,89,1,1,1,1,1
GPS_benchmark,serogroup_exact,SeroBA,11,82,0,0,3586,82,1,1,1,1,1
GPS_benchmark,serogroup_exact,SeroBA,12,167,0,1,3500,168,0.9940476190476191,1,1,0.9997273718647764,0.9970149253731343
GPS_benchmark,serogroup_exact,SeroBA,13,40,0,0,3628,40,1,1,1,1,1
GPS_benchmark,serogroup_exact,SeroBA,14,187,0,2,3479,189,0.9894179894179894,1,1,0.9994547437295529,0.9946808510638299
GPS_benchmark,serogroup_exact,SeroBA,15,134,0,0,3534,134,1,1,1,1,1
GPS_benchmark,serogroup_exact,SeroBA,16,82,0,0,3586,82,1,1,1,1,1
GPS_benchmark,serogroup_exact,SeroBA,17,43,0,0,3625,43,1,1,1,1,1
GPS_benchmark,serogroup_exact,SeroBA,18,58,0,0,3610,58,1,1,1,1,1
GPS_benchmark,serogroup_exact,SeroBA,19,441,0,1,3226,442,0.997737556561086,1,1,0.9997273718647764,0.9988674971687429
GPS_benchmark,serogroup_exact,SeroBA,2,10,0,0,3658,10,1,1,1,1,1
GPS_benchmark,serogroup_exact,SeroBA,20,35,0,0,3633,35,1,1,1,1,1
GPS_benchmark,serogroup_exact,SeroBA,21,25,0,0,3643,25,1,1,1,1,1
GPS_benchmark,serogroup_exact,SeroBA,22,140,0,0,3528,140,1,1,1,1,1
GPS_benchmark,serogroup_exact,SeroBA,23,256,0,1,3411,257,0.9961089494163424,1,1,0.9997273718647764,0.9980506822612086
GPS_benchmark,serogroup_exact,SeroBA,24,67,0,0,3601,67,1,1,1,1,1
GPS_benchmark,serogroup_exact,SeroBA,25,3,0,0,3665,3,1,1,1,1,1
GPS_benchmark,serogroup_exact,SeroBA,27,4,0,0,3664,4,1,1,1,1,1
GPS_benchmark,serogroup_exact,SeroBA,28,10,0,0,3658,10,1,1,1,1,1
GPS_benchmark,serogroup_exact,SeroBA,29,5,0,0,3663,5,1,1,1,1,1
GPS_benchmark,serogroup_exact,SeroBA,3,236,0,3,3429,239,0.9874476987447699,1,1,0.9991821155943293,0.9936842105263157
GPS_benchmark,serogroup_exact,SeroBA,31,27,0,1,3640,28,0.9642857142857143,1,1,0.9997273718647764,0.9818181818181818
GPS_benchmark,serogroup_exact,SeroBA,33,69,0,0,3599,69,1,1,1,1,1
GPS_benchmark,serogroup_exact,SeroBA,34,45,0,0,3623,45,1,1,1,1,1
GPS_benchmark,serogroup_exact,SeroBA,35,113,0,2,3553,115,0.9826086956521739,1,1,0.9994547437295529,0.9912280701754386
GPS_benchmark,serogroup_exact,SeroBA,37,3,0,0,3665,3,1,1,1,1,1
GPS_benchmark,serogroup_exact,SeroBA,38,32,0,1,3635,33,0.9696969696969697,1,1,0.9997273718647764,0.9846153846153847
GPS_benchmark,serogroup_exact,SeroBA,39,4,0,0,3664,4,1,1,1,1,1
GPS_benchmark,serogroup_exact,SeroBA,4,62,0,2,3604,64,0.96875,1,1,0.9994547437295529,0.9841269841269841
GPS_benchmark,serogroup_exact,SeroBA,40,3,0,0,3665,3,1,1,1,1,1
GPS_benchmark,serogroup_exact,SeroBA,45,2,0,0,3666,2,1,1,1,1,1
GPS_benchmark,serogroup_exact,SeroBA,46,6,1,0,3661,6,1,0.9997269251774986,0.8571428571428571,0.9997273718647764,0.923076923076923
GPS_benchmark,serogroup_exact,SeroBA,48,2,0,0,3666,2,1,1,1,1,1
GPS_benchmark,serogroup_exact,SeroBA,5,68,0,0,3600,68,1,1,1,1,1
GPS_benchmark,serogroup_exact,SeroBA,6,331,0,4,3333,335,0.9880597014925373,1,1,0.9989094874591058,0.993993993993994
GPS_benchmark,serogroup_exact,SeroBA,7,101,0,1,3566,102,0.9901960784313726,1,1,0.9997273718647764,0.9950738916256158
GPS_benchmark,serogroup_exact,SeroBA,8,356,0,1,3311,357,0.9971988795518207,1,1,0.9997273718647764,0.9985974754558204
GPS_benchmark,serogroup_exact,SeroBA,9,178,0,2,3488,180,0.9888888888888889,1,1,0.9994547437295529,0.9944134078212291
GPS_benchmark,serogroup_exact,SeroCall,1,130,0,0,3538,130,1,1,1,1,1
GPS_benchmark,serogroup_exact,SeroCall,10,89,0,0,3579,89,1,1,1,1,1
GPS_benchmark,serogroup_exact,SeroCall,11,82,0,0,3586,82,1,1,1,1,1
GPS_benchmark,serogroup_exact,SeroCall,12,168,4,0,3496,168,1,0.9988571428571429,0.9767441860465116,0.9989094874591058,0.988235294117647
GPS_benchmark,serogroup_exact,SeroCall,13,40,0,0,3628,40,1,1,1,1,1
GPS_benchmark,serogroup_exact,SeroCall,14,187,0,2,3479,189,0.9894179894179894,1,1,0.9994547437295529,0.9946808510638299
GPS_benchmark,serogroup_exact,SeroCall,15,134,0,0,3534,134,1,1,1,1,1
GPS_benchmark,serogroup_exact,SeroCall,16,82,0,0,3586,82,1,1,1,1,1
GPS_benchmark,serogroup_exact,SeroCall,17,43,0,0,3625,43,1,1,1,1,1
GPS_benchmark,serogroup_exact,SeroCall,18,58,0,0,3610,58,1,1,1,1,1
GPS_benchmark,serogroup_exact,SeroCall,19,439,0,3,3226,442,0.9932126696832579,1,1,0.9991821155943293,0.996594778660613
GPS_benchmark,serogroup_exact,SeroCall,2,10,0,0,3658,10,1,1,1,1,1
GPS_benchmark,serogroup_exact,SeroCall,20,35,0,0,3633,35,1,1,1,1,1
GPS_benchmark,serogroup_exact,SeroCall,21,25,0,0,3643,25,1,1,1,1,1
GPS_benchmark,serogroup_exact,SeroCall,22,140,0,0,3528,140,1,1,1,1,1
GPS_benchmark,serogroup_exact,SeroCall,23,257,2,0,3409,257,1,0.999413661682791,0.9922779922779923,0.9994547437295529,0.9961240310077519
GPS_benchmark,serogroup_exact,SeroCall,24,67,0,0,3601,67,1,1,1,1,1
GPS_benchmark,serogroup_exact,SeroCall,25,3,0,0,3665,3,1,1,1,1,1
GPS_benchmark,serogroup_exact,SeroCall,27,4,0,0,3664,4,1,1,1,1,1
GPS_benchmark,serogroup_exact,SeroCall,28,10,0,0,3658,10,1,1,1,1,1
GPS_benchmark,serogroup_exact,SeroCall,29,5,0,0,3663,5,1,1,1,1,1
GPS_benchmark,serogroup_exact,SeroCall,3,238,0,1,3429,239,0.99581589958159,1,1,0.9997273718647764,0.9979035639412999
GPS_benchmark,serogroup_exact,SeroCall,31,27,0,1,3640,28,0.9642857142857143,1,1,0.9997273718647764,0.9818181818181818
GPS_benchmark,serogroup_exact,SeroCall,33,67,0,2,3599,69,0.9710144927536232,1,1,0.9994547437295529,0.9852941176470589
GPS_benchmark,serogroup_exact,SeroCall,34,45,0,0,3623,45,1,1,1,1,1
GPS_benchmark,serogroup_exact,SeroCall,35,113,0,2,3553,115,0.9826086956521739,1,1,0.9994547437295529,0.9912280701754386
GPS_benchmark,serogroup_exact,SeroCall,37,3,1,0,3664,3,1,0.9997271487039563,0.75,0.9997273718647764,0.8571428571428571
GPS_benchmark,serogroup_exact,SeroCall,38,33,0,0,3635,33,1,1,1,1,1
GPS_benchmark,serogroup_exact,SeroCall,39,4,0,0,3664,4,1,1,1,1,1
GPS_benchmark,serogroup_exact,SeroCall,4,62,0,2,3604,64,0.96875,1,1,0.9994547437295529,0.9841269841269841
GPS_benchmark,serogroup_exact,SeroCall,40,3,0,0,3665,3,1,1,1,1,1
GPS_benchmark,serogroup_exact,SeroCall,45,2,0,0,3666,2,1,1,1,1,1
GPS_benchmark,serogroup_exact,SeroCall,46,2,0,4,3662,6,0.3333333333333333,1,1,0.9989094874591058,0.5
GPS_benchmark,serogroup_exact,SeroCall,48,2,0,0,3666,2,1,1,1,1,1
GPS_benchmark,serogroup_exact,SeroCall,5,68,0,0,3600,68,1,1,1,1,1
GPS_benchmark,serogroup_exact,SeroCall,6,332,0,3,3333,335,0.991044776119403,1,1,0.9991821155943293,0.9955022488755623
GPS_benchmark,serogroup_exact,SeroCall,7,101,0,1,3566,102,0.9901960784313726,1,1,0.9997273718647764,0.9950738916256158
GPS_benchmark,serogroup_exact,SeroCall,8,357,0,0,3311,357,1,1,1,1,1
GPS_benchmark,serogroup_exact,SeroCall,9,178,0,2,3488,180,0.9888888888888889,1,1,0.9994547437295529,0.9944134078212291
UK_benchmark,serotype_exact,ALLCAPS,1,40,0,0,1798,40,1,1,1,1,1
UK_benchmark,serotype_exact,ALLCAPS,10A,41,2,1,1794,42,0.9761904761904762,0.9988864142538976,0.9534883720930233,0.9983677910772579,0.9647058823529412
UK_benchmark,serotype_exact,ALLCAPS,10B,6,1,0,1831,6,1,0.9994541484716157,0.8571428571428571,0.999455930359086,0.923076923076923
UK_benchmark,serotype_exact,ALLCAPS,10F,10,0,1,1827,11,0.9090909090909091,1,1,0.999455930359086,0.9523809523809523
UK_benchmark,serotype_exact,ALLCAPS,11A,47,1,1,1789,48,0.9791666666666666,0.9994413407821229,0.9791666666666666,0.998911860718172,0.9791666666666666
UK_benchmark,serotype_exact,ALLCAPS,11B,2,0,0,1836,2,1,1,1,1,1
UK_benchmark,serotype_exact,ALLCAPS,12A,0,0,1,1837,1,0,1,0,0.999455930359086,0
UK_benchmark,serotype_exact,ALLCAPS,12B,0,0,10,1828,10,0,1,0,0.9945593035908596,0
UK_benchmark,serotype_exact,ALLCAPS,12F,50,10,0,1778,50,1,0.9944071588366891,0.8333333333333334,0.9945593035908596,0.9090909090909091
UK_benchmark,serotype_exact,ALLCAPS,13,14,1,0,1823,14,1,0.9994517543859649,0.9333333333333333,0.999455930359086,0.9655172413793104
UK_benchmark,serotype_exact,ALLCAPS,14,40,2,0,1796,40,1,0.9988876529477196,0.9523809523809523,0.998911860718172,0.975609756097561
UK_benchmark,serotype_exact,ALLCAPS,15A,199,7,1,1631,200,0.995,0.9957264957264957,0.9660194174757282,0.9956474428726877,0.9802955665024631
UK_benchmark,serotype_exact,ALLCAPS,15B,24,3,19,1792,43,0.5581395348837209,0.9983286908077994,0.8888888888888888,0.9880304678998912,0.6857142857142857
UK_benchmark,serotype_exact,ALLCAPS,15C,12,10,5,1811,17,0.7058823529411765,0.9945085118066996,0.5454545454545454,0.9918389553862894,0.6153846153846153
UK_benchmark,serotype_exact,ALLCAPS,16F,25,0,0,1813,25,1,1,1,1,1
UK_benchmark,serotype_exact,ALLCAPS,17F,40,0,1,1797,41,0.975609756097561,1,1,0.999455930359086,0.9876543209876543
UK_benchmark,serotype_exact,ALLCAPS,18A,5,0,1,1832,6,0.8333333333333334,1,1,0.999455930359086,0.9090909090909091
UK_benchmark,serotype_exact,ALLCAPS,18B,1,0,2,1835,3,0.3333333333333333,1,1,0.998911860718172,0.5
UK_benchmark,serotype_exact,ALLCAPS,18C,39,3,0,1796,39,1,0.9983324068927182,0.9285714285714286,0.9983677910772579,0.962962962962963
UK_benchmark,serotype_exact,ALLCAPS,18F,3,0,0,1835,3,1,1,1,1,1
UK_benchmark,serotype_exact,ALLCAPS,19A,243,0,3,1592,246,0.9878048780487805,1,1,0.9983677910772579,0.9938650306748467
UK_benchmark,serotype_exact,ALLCAPS,19F,42,9,0,1787,42,1,0.994988864142539,0.8235294117647058,0.9951033732317737,0.9032258064516129
UK_benchmark,serotype_exact,ALLCAPS,2,2,0,0,1836,2,1,1,1,1,1
UK_benchmark,serotype_exact,ALLCAPS,20,0,0,40,1798,40,0,1,0,0.9782372143634385,0
UK_benchmark,serotype_exact,ALLCAPS,21,19,1,0,1818,19,1,0.999450247388675,0.95,0.999455930359086,0.9743589743589743
UK_benchmark,serotype_exact,ALLCAPS,22A,2,0,0,1836,2,1,1,1,1,1
UK_benchmark,serotype_exact,ALLCAPS,22F,47,1,0,1790,47,1,0.9994416527079844,0.9791666666666666,0.999455930359086,0.9894736842105264
UK_benchmark,serotype_exact,ALLCAPS,23A,24,1,0,1813,24,1,0.9994487320837927,0.96,0.999455930359086,0.9795918367346939
UK_benchmark,serotype_exact,ALLCAPS,23B,40,2,0,1796,40,1,0.9988876529477196,0.9523809523809523,0.998911860718172,0.975609756097561
UK_benchmark,serotype_exact,ALLCAPS,23F,26,0,3,1809,29,0.896551724137931,1,1,0.9983677910772579,0.9454545454545454
UK_benchmark,serotype_exact,ALLCAPS,24F,13,0,12,1813,25,0.52,1,1,0.9934711643090316,0.6842105263157895
UK_benchmark,serotype_exact,ALLCAPS,25F,0,0,1,1837,1,0,1,0,0.999455930359086,0
UK_benchmark,serotype_exact,ALLCAPS,27,22,0,1,1815,23,0.9565217391304348,1,1,0.999455930359086,0.9777777777777777
UK_benchmark,serotype_exact,ALLCAPS,28A,7,0,0,1831,7,1,1,1,1,1
UK_benchmark,serotype_exact,ALLCAPS,29,6,0,2,1830,8,0.75,1,1,0.998911860718172,0.8571428571428571
UK_benchmark,serotype_exact,ALLCAPS,3,46,0,0,1792,46,1,1,1,1,1
UK_benchmark,serotype_exact,ALLCAPS,31,23,0,0,1815,23,1,1,1,1,1
UK_benchmark,serotype_exact,ALLCAPS,33B,1,0,0,1837,1,1,1,1,1,1
UK_benchmark,serotype_exact,ALLCAPS,33C,1,0,0,1837,1,1,1,1,1,1
UK_benchmark,serotype_exact,ALLCAPS,33F,47,0,0,1791,47,1,1,1,1,1
UK_benchmark,serotype_exact,ALLCAPS,34,24,1,0,1813,24,1,0.9994487320837927,0.96,0.999455930359086,0.9795918367346939
UK_benchmark,serotype_exact,ALLCAPS,35A,4,0,1,1833,5,0.8,1,1,0.999455930359086,0.888888888888889
UK_benchmark,serotype_exact,ALLCAPS,35B,48,2,0,1788,48,1,0.9988826815642458,0.96,0.998911860718172,0.9795918367346939
UK_benchmark,serotype_exact,ALLCAPS,35C,1,0,0,1837,1,1,1,1,1,1
UK_benchmark,serotype_exact,ALLCAPS,35F,21,0,1,1816,22,0.9545454545454546,1,1,0.999455930359086,0.9767441860465117
UK_benchmark,serotype_exact,ALLCAPS,36,4,0,0,1834,4,1,1,1,1,1
UK_benchmark,serotype_exact,ALLCAPS,37,14,0,0,1824,14,1,1,1,1,1
UK_benchmark,serotype_exact,ALLCAPS,38,20,1,0,1817,20,1,0.9994499449944995,0.9523809523809523,0.999455930359086,0.975609756097561
UK_benchmark,serotype_exact,ALLCAPS,39,2,0,0,1836,2,1,1,1,1,1
UK_benchmark,serotype_exact,ALLCAPS,4,44,1,0,1793,44,1,0.9994425863991081,0.9777777777777777,0.999455930359086,0.9887640449438202
UK_benchmark,serotype_exact,ALLCAPS,48,5,0,0,1833,5,1,1,1,1,1
UK_benchmark,serotype_exact,ALLCAPS,5,12,0,0,1826,12,1,1,1,1,1
UK_benchmark,serotype_exact,ALLCAPS,6A,29,1,12,1796,41,0.7073170731707317,0.9994435169727324,0.9666666666666667,0.9929270946681176,0.8169014084507042
UK_benchmark,serotype_exact,ALLCAPS,6B,36,9,1,1792,37,0.972972972972973,0.9950027762354248,0.8,0.9945593035908596,0.8780487804878049
UK_benchmark,serotype_exact,ALLCAPS,6C,23,5,1,1809,24,0.9583333333333334,0.9972436604189636,0.8214285714285714,0.9967355821545157,0.8846153846153847
UK_benchmark,serotype_exact,ALLCAPS,6D,0,0,2,1836,2,0,1,0,0.998911860718172,0
UK_benchmark,serotype_exact,ALLCAPS,7B,2,0,1,1835,3,0.6666666666666666,1,1,0.999455930359086,0.8
UK_benchmark,serotype_exact,ALLCAPS,7C,10,1,0,1827,10,1,0.99945295404814,0.9090909090909091,0.999455930359086,0.9523809523809523
UK_benchmark,serotype_exact,ALLCAPS,7F,43,0,0,1795,43,1,1,1,1,1
UK_benchmark,serotype_exact,ALLCAPS,8,71,1,1,1765,72,0.9861111111111112,0.9994337485843715,0.9861111111111112,0.998911860718172,0.9861111111111112
UK_benchmark,serotype_exact,ALLCAPS,9L,1,0,0,1837,1,1,1,1,1,1
UK_benchmark,serotype_exact,ALLCAPS,9N,43,1,0,1794,43,1,0.9994428969359331,0.9772727272727273,0.999455930359086,0.9885057471264368
UK_benchmark,serotype_exact,ALLCAPS,9V,47,0,0,1791,47,1,1,1,1,1
UK_benchmark,serotype_exact,PfaSTer,1,40,0,0,1798,40,1,1,1,1,1
UK_benchmark,serotype_exact,PfaSTer,10A,41,0,1,1796,42,0.9761904761904762,1,1,0.999455930359086,0.9879518072289156
UK_benchmark,serotype_exact,PfaSTer,10B,6,1,0,1831,6,1,0.9994541484716157,0.8571428571428571,0.999455930359086,0.923076923076923
UK_benchmark,serotype_exact,PfaSTer,10F,10,0,1,1827,11,0.9090909090909091,1,1,0.999455930359086,0.9523809523809523
UK_benchmark,serotype_exact,PfaSTer,11A,48,0,0,1790,48,1,1,1,1,1
UK_benchmark,serotype_exact,PfaSTer,11B,2,0,0,1836,2,1,1,1,1,1
UK_benchmark,serotype_exact,PfaSTer,12A,0,0,1,1837,1,0,1,0,0.999455930359086,0
UK_benchmark,serotype_exact,PfaSTer,12B,0,0,10,1828,10,0,1,0,0.9945593035908596,0
UK_benchmark,serotype_exact,PfaSTer,12F,50,10,0,1778,50,1,0.9944071588366891,0.8333333333333334,0.9945593035908596,0.9090909090909091
UK_benchmark,serotype_exact,PfaSTer,13,14,0,0,1824,14,1,1,1,1,1
UK_benchmark,serotype_exact,PfaSTer,14,40,0,0,1798,40,1,1,1,1,1
UK_benchmark,serotype_exact,PfaSTer,15A,200,1,0,1637,200,1,0.9993894993894994,0.9950248756218906,0.999455930359086,0.9975062344139651
UK_benchmark,serotype_exact,PfaSTer,15B,28,1,15,1794,43,0.6511627906976745,0.9994428969359331,0.9655172413793104,0.9912948857453754,0.7777777777777779
UK_benchmark,serotype_exact,PfaSTer,15C,15,13,2,1808,17,0.8823529411764706,0.9928610653487095,0.5357142857142857,0.9918389553862894,0.6666666666666667
UK_benchmark,serotype_exact,PfaSTer,16F,25,0,0,1813,25,1,1,1,1,1
UK_benchmark,serotype_exact,PfaSTer,17F,41,0,0,1797,41,1,1,1,1,1
UK_benchmark,serotype_exact,PfaSTer,18A,5,0,1,1832,6,0.8333333333333334,1,1,0.999455930359086,0.9090909090909091
UK_benchmark,serotype_exact,PfaSTer,18B,3,1,0,1834,3,1,0.9994550408719346,0.75,0.999455930359086,0.8571428571428571
UK_benchmark,serotype_exact,PfaSTer,18C,36,0,3,1799,39,0.9230769230769231,1,1,0.9983677910772579,0.9600000000000001
UK_benchmark,serotype_exact,PfaSTer,18F,3,0,0,1835,3,1,1,1,1,1
UK_benchmark,serotype_exact,PfaSTer,19A,244,0,2,1592,246,0.991869918699187,1,1,0.998911860718172,0.9959183673469388
UK_benchmark,serotype_exact,PfaSTer,19F,42,0,0,1796,42,1,1,1,1,1
UK_benchmark,serotype_exact,PfaSTer,2,2,0,0,1836,2,1,1,1,1,1
UK_benchmark,serotype_exact,PfaSTer,20,40,0,0,1798,40,1,1,1,1,1
UK_benchmark,serotype_exact,PfaSTer,21,19,0,0,1819,19,1,1,1,1,1
UK_benchmark,serotype_exact,PfaSTer,22A,2,0,0,1836,2,1,1,1,1,1
UK_benchmark,serotype_exact,PfaSTer,22F,47,0,0,1791,47,1,1,1,1,1
UK_benchmark,serotype_exact,PfaSTer,23A,24,0,0,1814,24,1,1,1,1,1
UK_benchmark,serotype_exact,PfaSTer,23B,25,2,15,1796,40,0.625,0.9988876529477196,0.9259259259259259,0.9907508161044614,0.7462686567164178
UK_benchmark,serotype_exact,PfaSTer,23F,27,0,2,1809,29,0.9310344827586207,1,1,0.998911860718172,0.9642857142857143
UK_benchmark,serotype_exact,PfaSTer,24F,24,0,1,1813,25,0.96,1,1,0.999455930359086,0.9795918367346939
UK_benchmark,serotype_exact,PfaSTer,25F,1,0,0,1837,1,1,1,1,1,1
UK_benchmark,serotype_exact,PfaSTer,27,23,0,0,1815,23,1,1,1,1,1
UK_benchmark,serotype_exact,PfaSTer,28A,7,0,0,1831,7,1,1,1,1,1
UK_benchmark,serotype_exact,PfaSTer,29,6,0,2,1830,8,0.75,1,1,0.998911860718172,0.8571428571428571
UK_benchmark,serotype_exact,PfaSTer,3,46,0,0,1792,46,1,1,1,1,1
UK_benchmark,serotype_exact,PfaSTer,31,23,0,0,1815,23,1,1,1,1,1
UK_benchmark,serotype_exact,PfaSTer,33B,1,0,0,1837,1,1,1,1,1,1
UK_benchmark,serotype_exact,PfaSTer,33C,1,0,0,1837,1,1,1,1,1,1
UK_benchmark,serotype_exact,PfaSTer,33F,47,0,0,1791,47,1,1,1,1,1
UK_benchmark,serotype_exact,PfaSTer,34,24,0,0,1814,24,1,1,1,1,1
UK_benchmark,serotype_exact,PfaSTer,35A,4,0,1,1833,5,0.8,1,1,0.999455930359086,0.888888888888889
UK_benchmark,serotype_exact,PfaSTer,35B,43,1,5,1789,48,0.8958333333333334,0.9994413407821229,0.9772727272727273,0.9967355821545157,0.9347826086956522
UK_benchmark,serotype_exact,PfaSTer,35C,0,0,1,1837,1,0,1,0,0.999455930359086,0
UK_benchmark,serotype_exact,PfaSTer,35F,22,0,0,1816,22,1,1,1,1,1
UK_benchmark,serotype_exact,PfaSTer,36,0,0,4,1834,4,0,1,0,0.9978237214363439,0
UK_benchmark,serotype_exact,PfaSTer,37,14,0,0,1824,14,1,1,1,1,1
UK_benchmark,serotype_exact,PfaSTer,38,20,0,0,1818,20,1,1,1,1,1
UK_benchmark,serotype_exact,PfaSTer,39,2,0,0,1836,2,1,1,1,1,1
UK_benchmark,serotype_exact,PfaSTer,4,44,0,0,1794,44,1,1,1,1,1
UK_benchmark,serotype_exact,PfaSTer,48,5,0,0,1833,5,1,1,1,1,1
UK_benchmark,serotype_exact,PfaSTer,5,12,0,0,1826,12,1,1,1,1,1
UK_benchmark,serotype_exact,PfaSTer,6A,39,0,2,1797,41,0.9512195121951219,1,1,0.998911860718172,0.975
UK_benchmark,serotype_exact,PfaSTer,6B,15,0,22,1801,37,0.40540540540540543,1,1,0.9880304678998912,0.5769230769230769
UK_benchmark,serotype_exact,PfaSTer,6C,24,3,0,1811,24,1,0.9983461962513782,0.8888888888888888,0.9983677910772579,0.9411764705882353
UK_benchmark,serotype_exact,PfaSTer,6D,0,0,2,1836,2,0,1,0,0.998911860718172,0
UK_benchmark,serotype_exact,PfaSTer,7B,3,0,0,1835,3,1,1,1,1,1
UK_benchmark,serotype_exact,PfaSTer,7C,10,0,0,1828,10,1,1,1,1,1
UK_benchmark,serotype_exact,PfaSTer,7F,43,0,0,1795,43,1,1,1,1,1
UK_benchmark,serotype_exact,PfaSTer,8,72,0,0,1766,72,1,1,1,1,1
UK_benchmark,serotype_exact,PfaSTer,9L,1,0,0,1837,1,1,1,1,1,1
UK_benchmark,serotype_exact,PfaSTer,9N,43,0,0,1795,43,1,1,1,1,1
UK_benchmark,serotype_exact,PfaSTer,9V,47,0,0,1791,47,1,1,1,1,1
UK_benchmark,serotype_exact,PneumoCaT,1,39,0,1,1798,40,0.975,1,1,0.999455930359086,0.9873417721518987
UK_benchmark,serotype_exact,PneumoCaT,10A,41,0,1,1796,42,0.9761904761904762,1,1,0.999455930359086,0.9879518072289156
UK_benchmark,serotype_exact,PneumoCaT,10B,6,1,0,1831,6,1,0.9994541484716157,0.8571428571428571,0.999455930359086,0.923076923076923
UK_benchmark,serotype_exact,PneumoCaT,10F,9,0,2,1827,11,0.8181818181818182,1,1,0.998911860718172,0.9
UK_benchmark,serotype_exact,PneumoCaT,11A,24,0,24,1790,48,0.5,1,1,0.9869423286180631,0.6666666666666666
UK_benchmark,serotype_exact,PneumoCaT,11B,1,0,1,1836,2,0.5,1,1,0.999455930359086,0.6666666666666666
UK_benchmark,serotype_exact,PneumoCaT,12A,1,0,0,1837,1,1,1,1,1,1
UK_benchmark,serotype_exact,PneumoCaT,12B,0,0,10,1828,10,0,1,0,0.9945593035908596,0
UK_benchmark,serotype_exact,PneumoCaT,12F,46,7,4,1781,50,0.92,0.9960850111856824,0.8679245283018868,0.9940152339499456,0.8932038834951457
UK_benchmark,serotype_exact,PneumoCaT,13,12,0,2,1824,14,0.8571428571428571,1,1,0.998911860718172,0.923076923076923
UK_benchmark,serotype_exact,PneumoCaT,14,40,0,0,1798,40,1,1,1,1,1
UK_benchmark,serotype_exact,PneumoCaT,15A,162,1,38,1637,200,0.81,0.9993894993894994,0.9938650306748467,0.9787812840043526,0.8925619834710744
UK_benchmark,serotype_exact,PneumoCaT,15B,9,5,34,1790,43,0.20930232558139536,0.9972144846796658,0.6428571428571429,0.9787812840043526,0.31578947368421056
UK_benchmark,serotype_exact,PneumoCaT,15C,7,27,10,1794,17,0.4117647058823529,0.985172981878089,0.20588235294117646,0.9798694232861807,0.2745098039215686
UK_benchmark,serotype_exact,PneumoCaT,16F,23,0,2,1813,25,0.92,1,1,0.998911860718172,0.9583333333333334
UK_benchmark,serotype_exact,PneumoCaT,17F,39,0,2,1797,41,0.9512195121951219,1,1,0.998911860718172,0.975
UK_benchmark,serotype_exact,PneumoCaT,18A,5,6,1,1826,6,0.8333333333333334,0.9967248908296943,0.45454545454545453,0.9961915125136017,0.5882352941176471
UK_benchmark,serotype_exact,PneumoCaT,18B,3,33,0,1802,3,1,0.9820163487738419,0.08333333333333333,0.9820457018498367,0.15384615384615385
UK_benchmark,serotype_exact,PneumoCaT,18C,0,0,39,1799,39,0,1,0,0.9787812840043526,0
UK_benchmark,serotype_exact,PneumoCaT,18F,0,0,3,1835,3,0,1,0,0.9983677910772579,0
UK_benchmark,serotype_exact,PneumoCaT,19A,81,0,165,1592,246,0.32926829268292684,1,1,0.9102285092491839,0.4954128440366972
UK_benchmark,serotype_exact,PneumoCaT,19F,41,0,1,1796,42,0.9761904761904762,1,1,0.999455930359086,0.9879518072289156
UK_benchmark,serotype_exact,PneumoCaT,2,2,0,0,1836,2,1,1,1,1,1
UK_benchmark,serotype_exact,PneumoCaT,20,38,0,2,1798,40,0.95,1,1,0.998911860718172,0.9743589743589743
UK_benchmark,serotype_exact,PneumoCaT,21,18,0,1,1819,19,0.9473684210526315,1,1,0.999455930359086,0.972972972972973
UK_benchmark,serotype_exact,PneumoCaT,22A,2,0,0,1836,2,1,1,1,1,1
UK_benchmark,serotype_exact,PneumoCaT,22F,47,0,0,1791,47,1,1,1,1,1
UK_benchmark,serotype_exact,PneumoCaT,23A,19,0,5,1814,24,0.7916666666666666,1,1,0.9972796517954298,0.8837209302325582
UK_benchmark,serotype_exact,PneumoCaT,23B,21,0,19,1798,40,0.525,1,1,0.9896626768226333,0.6885245901639345
UK_benchmark,serotype_exact,PneumoCaT,23F,25,0,4,1809,29,0.8620689655172413,1,1,0.9978237214363439,0.9259259259259259
UK_benchmark,serotype_exact,PneumoCaT,24F,0,0,25,1813,25,0,1,0,0.9863982589771491,0
UK_benchmark,serotype_exact,PneumoCaT,25F,0,0,1,1837,1,0,1,0,0.999455930359086,0
UK_benchmark,serotype_exact,PneumoCaT,27,21,0,2,1815,23,0.9130434782608695,1,1,0.998911860718172,0.9545454545454545
UK_benchmark,serotype_exact,PneumoCaT,28A,5,0,2,1831,7,0.7142857142857143,1,1,0.998911860718172,0.8333333333333333
UK_benchmark,serotype_exact,PneumoCaT,29,5,0,3,1830,8,0.625,1,1,0.9983677910772579,0.7692307692307693
UK_benchmark,serotype_exact,PneumoCaT,3,43,0,3,1792,46,0.9347826086956522,1,1,0.9983677910772579,0.9662921348314606
UK_benchmark,serotype_exact,PneumoCaT,31,20,0,3,1815,23,0.8695652173913043,1,1,0.9983677910772579,0.9302325581395349
UK_benchmark,serotype_exact,PneumoCaT,33B,1,0,0,1837,1,1,1,1,1,1
UK_benchmark,serotype_exact,PneumoCaT,33C,0,0,1,1837,1,0,1,0,0.999455930359086,0
UK_benchmark,serotype_exact,PneumoCaT,33F,43,9,4,1782,47,0.9148936170212766,0.9949748743718593,0.8269230769230769,0.9929270946681176,0.8686868686868686
UK_benchmark,serotype_exact,PneumoCaT,34,23,0,1,1814,24,0.9583333333333334,1,1,0.999455930359086,0.9787234042553191
UK_benchmark,serotype_exact,PneumoCaT,35A,1,0,4,1833,5,0.2,1,1,0.9978237214363439,0.33333333333333337
UK_benchmark,serotype_exact,PneumoCaT,35B,44,2,4,1788,48,0.9166666666666666,0.9988826815642458,0.9565217391304348,0.9967355821545157,0.9361702127659574
UK_benchmark,serotype_exact,PneumoCaT,35C,1,3,0,1834,1,1,0.9983669025585193,0.25,0.9983677910772579,0.4
UK_benchmark,serotype_exact,PneumoCaT,35F,22,0,0,1816,22,1,1,1,1,1
UK_benchmark,serotype_exact,PneumoCaT,36,2,0,2,1834,4,0.5,1,1,0.998911860718172,0.6666666666666666
UK_benchmark,serotype_exact,PneumoCaT,37,4,0,10,1824,14,0.2857142857142857,1,1,0.9945593035908596,0.4444444444444445
UK_benchmark,serotype_exact,PneumoCaT,38,20,0,0,1818,20,1,1,1,1,1
UK_benchmark,serotype_exact,PneumoCaT,39,2,0,0,1836,2,1,1,1,1,1
UK_benchmark,serotype_exact,PneumoCaT,4,36,0,8,1794,44,0.8181818181818182,1,1,0.9956474428726877,0.9
UK_benchmark,serotype_exact,PneumoCaT,48,5,0,0,1833,5,1,1,1,1,1
UK_benchmark,serotype_exact,PneumoCaT,5,10,0,2,1826,12,0.8333333333333334,1,1,0.998911860718172,0.9090909090909091
UK_benchmark,serotype_exact,PneumoCaT,6A,28,12,13,1785,41,0.6829268292682927,0.993322203672788,0.7,0.9863982589771491,0.6913580246913581
UK_benchmark,serotype_exact,PneumoCaT,6B,0,10,37,1791,37,0,0.994447529150472,0,0.9744287268770403,0
UK_benchmark,serotype_exact,PneumoCaT,6C,8,2,16,1812,24,0.3333333333333333,0.9988974641675854,0.8,0.9902067464635473,0.47058823529411764
UK_benchmark,serotype_exact,PneumoCaT,6D,1,13,1,1823,2,0.5,0.9929193899782135,0.07142857142857142,0.9923830250272034,0.125
UK_benchmark,serotype_exact,PneumoCaT,7B,1,0,2,1835,3,0.3333333333333333,1,1,0.998911860718172,0.5
UK_benchmark,serotype_exact,PneumoCaT,7C,9,0,1,1828,10,0.9,1,1,0.999455930359086,0.9473684210526316
UK_benchmark,serotype_exact,PneumoCaT,7F,6,0,37,1795,43,0.13953488372093023,1,1,0.9798694232861807,0.24489795918367346
UK_benchmark,serotype_exact,PneumoCaT,8,57,0,15,1766,72,0.7916666666666666,1,1,0.9918389553862894,0.8837209302325582
UK_benchmark,serotype_exact,PneumoCaT,9L,1,0,0,1837,1,1,1,1,1,1
UK_benchmark,serotype_exact,PneumoCaT,9N,39,0,4,1795,43,0.9069767441860465,1,1,0.9978237214363439,0.951219512195122
UK_benchmark,serotype_exact,PneumoCaT,9V,44,0,3,1791,47,0.9361702127659575,1,1,0.9983677910772579,0.967032967032967
UK_benchmark,serotype_exact,PneumoKITy,1,40,0,0,1798,40,1,1,1,1,1
UK_benchmark,serotype_exact,PneumoKITy,10A,41,0,1,1796,42,0.9761904761904762,1,1,0.999455930359086,0.9879518072289156
UK_benchmark,serotype_exact,PneumoKITy,10B,6,1,0,1831,6,1,0.9994541484716157,0.8571428571428571,0.999455930359086,0.923076923076923
UK_benchmark,serotype_exact,PneumoKITy,10F,10,0,1,1827,11,0.9090909090909091,1,1,0.999455930359086,0.9523809523809523
UK_benchmark,serotype_exact,PneumoKITy,11A,0,0,48,1790,48,0,1,0,0.9738846572361263,0
UK_benchmark,serotype_exact,PneumoKITy,11B,0,0,2,1836,2,0,1,0,0.998911860718172,0
UK_benchmark,serotype_exact,PneumoKITy,12A,0,0,1,1837,1,0,1,0,0.999455930359086,0
UK_benchmark,serotype_exact,PneumoKITy,12B,0,0,10,1828,10,0,1,0,0.9945593035908596,0
UK_benchmark,serotype_exact,PneumoKITy,12F,50,10,0,1778,50,1,0.9944071588366891,0.8333333333333334,0.9945593035908596,0.9090909090909091
UK_benchmark,serotype_exact,PneumoKITy,13,14,0,0,1824,14,1,1,1,1,1
UK_benchmark,serotype_exact,PneumoKITy,14,40,0,0,1798,40,1,1,1,1,1
UK_benchmark,serotype_exact,PneumoKITy,15A,0,0,200,1638,200,0,1,0,0.8911860718171926,0
UK_benchmark,serotype_exact,PneumoKITy,15B,0,0,43,1795,43,0,1,0,0.9766050054406964,0
UK_benchmark,serotype_exact,PneumoKITy,15C,0,0,17,1821,17,0,1,0,0.9907508161044614,0
UK_benchmark,serotype_exact,PneumoKITy,16F,25,0,0,1813,25,1,1,1,1,1
UK_benchmark,serotype_exact,PneumoKITy,17F,41,0,0,1797,41,1,1,1,1,1
UK_benchmark,serotype_exact,PneumoKITy,18A,5,0,1,1832,6,0.8333333333333334,1,1,0.999455930359086,0.9090909090909091
UK_benchmark,serotype_exact,PneumoKITy,18B,0,0,3,1835,3,0,1,0,0.9983677910772579,0
UK_benchmark,serotype_exact,PneumoKITy,18C,0,0,39,1799,39,0,1,0,0.9787812840043526,0
UK_benchmark,serotype_exact,PneumoKITy,18F,3,0,0,1835,3,1,1,1,1,1
UK_benchmark,serotype_exact,PneumoKITy,19A,244,0,2,1592,246,0.991869918699187,1,1,0.998911860718172,0.9959183673469388
UK_benchmark,serotype_exact,PneumoKITy,19F,42,0,0,1796,42,1,1,1,1,1
UK_benchmark,serotype_exact,PneumoKITy,2,2,0,0,1836,2,1,1,1,1,1
UK_benchmark,serotype_exact,PneumoKITy,20,40,0,0,1798,40,1,1,1,1,1
UK_benchmark,serotype_exact,PneumoKITy,21,19,0,0,1819,19,1,1,1,1,1
UK_benchmark,serotype_exact,PneumoKITy,22A,2,0,0,1836,2,1,1,1,1,1
UK_benchmark,serotype_exact,PneumoKITy,22F,47,0,0,1791,47,1,1,1,1,1
UK_benchmark,serotype_exact,PneumoKITy,23A,24,0,0,1814,24,1,1,1,1,1
UK_benchmark,serotype_exact,PneumoKITy,23B,40,2,0,1796,40,1,0.9988876529477196,0.9523809523809523,0.998911860718172,0.975609756097561
UK_benchmark,serotype_exact,PneumoKITy,23F,27,0,2,1809,29,0.9310344827586207,1,1,0.998911860718172,0.9642857142857143
UK_benchmark,serotype_exact,PneumoKITy,24F,0,0,25,1813,25,0,1,0,0.9863982589771491,0
UK_benchmark,serotype_exact,PneumoKITy,25F,0,0,1,1837,1,0,1,0,0.999455930359086,0
UK_benchmark,serotype_exact,PneumoKITy,27,23,0,0,1815,23,1,1,1,1,1
UK_benchmark,serotype_exact,PneumoKITy,28A,0,0,7,1831,7,0,1,0,0.9961915125136017,0
UK_benchmark,serotype_exact,PneumoKITy,29,5,0,3,1830,8,0.625,1,1,0.9983677910772579,0.7692307692307693
UK_benchmark,serotype_exact,PneumoKITy,3,46,0,0,1792,46,1,1,1,1,1
UK_benchmark,serotype_exact,PneumoKITy,31,23,0,0,1815,23,1,1,1,1,1
UK_benchmark,serotype_exact,PneumoKITy,33B,0,0,1,1837,1,0,1,0,0.999455930359086,0
UK_benchmark,serotype_exact,PneumoKITy,33C,0,0,1,1837,1,0,1,0,0.999455930359086,0
UK_benchmark,serotype_exact,PneumoKITy,33F,0,0,47,1791,47,0,1,0,0.9744287268770403,0
UK_benchmark,serotype_exact,PneumoKITy,34,24,0,0,1814,24,1,1,1,1,1
UK_benchmark,serotype_exact,PneumoKITy,35A,0,0,5,1833,5,0,1,0,0.9972796517954298,0
UK_benchmark,serotype_exact,PneumoKITy,35B,0,0,48,1790,48,0,1,0,0.9738846572361263,0
UK_benchmark,serotype_exact,PneumoKITy,35C,0,0,1,1837,1,0,1,0,0.999455930359086,0
UK_benchmark,serotype_exact,PneumoKITy,35F,22,0,0,1816,22,1,1,1,1,1
UK_benchmark,serotype_exact,PneumoKITy,36,0,0,4,1834,4,0,1,0,0.9978237214363439,0
UK_benchmark,serotype_exact,PneumoKITy,37,14,0,0,1824,14,1,1,1,1,1
UK_benchmark,serotype_exact,PneumoKITy,38,18,0,2,1818,20,0.9,1,1,0.998911860718172,0.9473684210526316
UK_benchmark,serotype_exact,PneumoKITy,39,2,0,0,1836,2,1,1,1,1,1
UK_benchmark,serotype_exact,PneumoKITy,4,44,0,0,1794,44,1,1,1,1,1
UK_benchmark,serotype_exact,PneumoKITy,48,5,0,0,1833,5,1,1,1,1,1
UK_benchmark,serotype_exact,PneumoKITy,5,11,0,1,1826,12,0.9166666666666666,1,1,0.999455930359086,0.9565217391304348
UK_benchmark,serotype_exact,PneumoKITy,6A,0,0,41,1797,41,0,1,0,0.9776931447225244,0
UK_benchmark,serotype_exact,PneumoKITy,6B,0,0,37,1801,37,0,1,0,0.9798694232861807,0
UK_benchmark,serotype_exact,PneumoKITy,6C,0,0,24,1814,24,0,1,0,0.9869423286180631,0
UK_benchmark,serotype_exact,PneumoKITy,6D,0,0,2,1836,2,0,1,0,0.998911860718172,0
UK_benchmark,serotype_exact,PneumoKITy,7B,0,0,3,1835,3,0,1,0,0.9983677910772579,0
UK_benchmark,serotype_exact,PneumoKITy,7C,10,0,0,1828,10,1,1,1,1,1
UK_benchmark,serotype_exact,PneumoKITy,7F,0,0,43,1795,43,0,1,0,0.9766050054406964,0
UK_benchmark,serotype_exact,PneumoKITy,8,72,0,0,1766,72,1,1,1,1,1
UK_benchmark,serotype_exact,PneumoKITy,9L,0,0,1,1837,1,0,1,0,0.999455930359086,0
UK_benchmark,serotype_exact,PneumoKITy,9N,0,0,43,1795,43,0,1,0,0.9766050054406964,0
UK_benchmark,serotype_exact,PneumoKITy,9V,0,0,47,1791,47,0,1,0,0.9744287268770403,0
UK_benchmark,serotype_exact,Pneumo-Typer,1,40,0,0,1798,40,1,1,1,1,1
UK_benchmark,serotype_exact,Pneumo-Typer,10A,41,0,1,1796,42,0.9761904761904762,1,1,0.999455930359086,0.9879518072289156
UK_benchmark,serotype_exact,Pneumo-Typer,10B,6,1,0,1831,6,1,0.9994541484716157,0.8571428571428571,0.999455930359086,0.923076923076923
UK_benchmark,serotype_exact,Pneumo-Typer,10F,10,0,1,1827,11,0.9090909090909091,1,1,0.999455930359086,0.9523809523809523
UK_benchmark,serotype_exact,Pneumo-Typer,11A,48,0,0,1790,48,1,1,1,1,1
UK_benchmark,serotype_exact,Pneumo-Typer,11B,1,0,1,1836,2,0.5,1,1,0.999455930359086,0.6666666666666666
UK_benchmark,serotype_exact,Pneumo-Typer,12A,0,0,1,1837,1,0,1,0,0.999455930359086,0
UK_benchmark,serotype_exact,Pneumo-Typer,12B,0,1,10,1827,10,0,0.99945295404814,0,0.9940152339499456,0
UK_benchmark,serotype_exact,Pneumo-Typer,12F,50,10,0,1778,50,1,0.9944071588366891,0.8333333333333334,0.9945593035908596,0.9090909090909091
UK_benchmark,serotype_exact,Pneumo-Typer,13,14,0,0,1824,14,1,1,1,1,1
UK_benchmark,serotype_exact,Pneumo-Typer,14,40,0,0,1798,40,1,1,1,1,1
UK_benchmark,serotype_exact,Pneumo-Typer,15A,200,1,0,1637,200,1,0.9993894993894994,0.9950248756218906,0.999455930359086,0.9975062344139651
UK_benchmark,serotype_exact,Pneumo-Typer,15B,27,0,16,1795,43,0.627906976744186,1,1,0.9912948857453754,0.7714285714285715
UK_benchmark,serotype_exact,Pneumo-Typer,15C,3,7,14,1814,17,0.17647058823529413,0.9961559582646897,0.3,0.9885745375408053,0.22222222222222224
UK_benchmark,serotype_exact,Pneumo-Typer,16F,25,0,0,1813,25,1,1,1,1,1
UK_benchmark,serotype_exact,Pneumo-Typer,17F,41,0,0,1797,41,1,1,1,1,1
UK_benchmark,serotype_exact,Pneumo-Typer,18A,6,1,0,1831,6,1,0.9994541484716157,0.8571428571428571,0.999455930359086,0.923076923076923
UK_benchmark,serotype_exact,Pneumo-Typer,18B,3,1,0,1834,3,1,0.9994550408719346,0.75,0.999455930359086,0.8571428571428571
UK_benchmark,serotype_exact,Pneumo-Typer,18C,37,0,2,1799,39,0.9487179487179487,1,1,0.998911860718172,0.9736842105263158
UK_benchmark,serotype_exact,Pneumo-Typer,18F,3,0,0,1835,3,1,1,1,1,1
UK_benchmark,serotype_exact,Pneumo-Typer,19A,244,0,2,1592,246,0.991869918699187,1,1,0.998911860718172,0.9959183673469388
UK_benchmark,serotype_exact,Pneumo-Typer,19F,42,0,0,1796,42,1,1,1,1,1
UK_benchmark,serotype_exact,Pneumo-Typer,2,2,0,0,1836,2,1,1,1,1,1
UK_benchmark,serotype_exact,Pneumo-Typer,20,40,0,0,1798,40,1,1,1,1,1
UK_benchmark,serotype_exact,Pneumo-Typer,21,19,0,0,1819,19,1,1,1,1,1
UK_benchmark,serotype_exact,Pneumo-Typer,22A,2,0,0,1836,2,1,1,1,1,1
UK_benchmark,serotype_exact,Pneumo-Typer,22F,47,0,0,1791,47,1,1,1,1,1
UK_benchmark,serotype_exact,Pneumo-Typer,23A,24,0,0,1814,24,1,1,1,1,1
UK_benchmark,serotype_exact,Pneumo-Typer,23B,40,2,0,1796,40,1,0.9988876529477196,0.9523809523809523,0.998911860718172,0.975609756097561
UK_benchmark,serotype_exact,Pneumo-Typer,23F,27,0,2,1809,29,0.9310344827586207,1,1,0.998911860718172,0.9642857142857143
UK_benchmark,serotype_exact,Pneumo-Typer,24F,0,0,25,1813,25,0,1,0,0.9863982589771491,0
UK_benchmark,serotype_exact,Pneumo-Typer,25F,1,0,0,1837,1,1,1,1,1,1
UK_benchmark,serotype_exact,Pneumo-Typer,27,23,0,0,1815,23,1,1,1,1,1
UK_benchmark,serotype_exact,Pneumo-Typer,28A,7,0,0,1831,7,1,1,1,1,1
UK_benchmark,serotype_exact,Pneumo-Typer,29,6,0,2,1830,8,0.75,1,1,0.998911860718172,0.8571428571428571
UK_benchmark,serotype_exact,Pneumo-Typer,3,46,0,0,1792,46,1,1,1,1,1
UK_benchmark,serotype_exact,Pneumo-Typer,31,23,0,0,1815,23,1,1,1,1,1
UK_benchmark,serotype_exact,Pneumo-Typer,33B,1,0,0,1837,1,1,1,1,1,1
UK_benchmark,serotype_exact,Pneumo-Typer,33C,1,0,0,1837,1,1,1,1,1,1
UK_benchmark,serotype_exact,Pneumo-Typer,33F,47,0,0,1791,47,1,1,1,1,1
UK_benchmark,serotype_exact,Pneumo-Typer,34,24,0,0,1814,24,1,1,1,1,1
UK_benchmark,serotype_exact,Pneumo-Typer,35A,4,0,1,1833,5,0.8,1,1,0.999455930359086,0.888888888888889
UK_benchmark,serotype_exact,Pneumo-Typer,35B,43,1,5,1789,48,0.8958333333333334,0.9994413407821229,0.9772727272727273,0.9967355821545157,0.9347826086956522
UK_benchmark,serotype_exact,Pneumo-Typer,35C,0,0,1,1837,1,0,1,0,0.999455930359086,0
UK_benchmark,serotype_exact,Pneumo-Typer,35F,22,0,0,1816,22,1,1,1,1,1
UK_benchmark,serotype_exact,Pneumo-Typer,36,4,0,0,1834,4,1,1,1,1,1
UK_benchmark,serotype_exact,Pneumo-Typer,37,14,0,0,1824,14,1,1,1,1,1
UK_benchmark,serotype_exact,Pneumo-Typer,38,20,0,0,1818,20,1,1,1,1,1
UK_benchmark,serotype_exact,Pneumo-Typer,39,2,0,0,1836,2,1,1,1,1,1
UK_benchmark,serotype_exact,Pneumo-Typer,4,44,0,0,1794,44,1,1,1,1,1
UK_benchmark,serotype_exact,Pneumo-Typer,48,5,0,0,1833,5,1,1,1,1,1
UK_benchmark,serotype_exact,Pneumo-Typer,5,12,0,0,1826,12,1,1,1,1,1
UK_benchmark,serotype_exact,Pneumo-Typer,6A,41,0,0,1797,41,1,1,1,1,1
UK_benchmark,serotype_exact,Pneumo-Typer,6B,37,0,0,1801,37,1,1,1,1,1
UK_benchmark,serotype_exact,Pneumo-Typer,6C,23,1,1,1813,24,0.9583333333333334,0.9994487320837927,0.9583333333333334,0.998911860718172,0.9583333333333334
UK_benchmark,serotype_exact,Pneumo-Typer,6D,2,0,0,1836,2,1,1,1,1,1
UK_benchmark,serotype_exact,Pneumo-Typer,7B,3,0,0,1835,3,1,1,1,1,1
UK_benchmark,serotype_exact,Pneumo-Typer,7C,10,0,0,1828,10,1,1,1,1,1
UK_benchmark,serotype_exact,Pneumo-Typer,7F,43,0,0,1795,43,1,1,1,1,1
UK_benchmark,serotype_exact,Pneumo-Typer,8,72,0,0,1766,72,1,1,1,1,1
UK_benchmark,serotype_exact,Pneumo-Typer,9L,1,0,0,1837,1,1,1,1,1,1
UK_benchmark,serotype_exact,Pneumo-Typer,9N,43,0,0,1795,43,1,1,1,1,1
UK_benchmark,serotype_exact,Pneumo-Typer,9V,43,0,4,1791,47,0.9148936170212766,1,1,0.9978237214363439,0.9555555555555556
UK_benchmark,serotype_exact,SeroBA,1,40,0,0,1798,40,1,1,1,1,1
UK_benchmark,serotype_exact,SeroBA,10A,41,0,1,1796,42,0.9761904761904762,1,1,0.999455930359086,0.9879518072289156
UK_benchmark,serotype_exact,SeroBA,10B,6,1,0,1831,6,1,0.9994541484716157,0.8571428571428571,0.999455930359086,0.923076923076923
UK_benchmark,serotype_exact,SeroBA,10F,10,0,1,1827,11,0.9090909090909091,1,1,0.999455930359086,0.9523809523809523
UK_benchmark,serotype_exact,SeroBA,11A,44,0,4,1790,48,0.9166666666666666,1,1,0.9978237214363439,0.9565217391304348
UK_benchmark,serotype_exact,SeroBA,11B,2,0,0,1836,2,1,1,1,1,1
UK_benchmark,serotype_exact,SeroBA,12A,0,0,1,1837,1,0,1,0,0.999455930359086,0
UK_benchmark,serotype_exact,SeroBA,12B,0,0,10,1828,10,0,1,0,0.9945593035908596,0
UK_benchmark,serotype_exact,SeroBA,12F,50,10,0,1778,50,1,0.9944071588366891,0.8333333333333334,0.9945593035908596,0.9090909090909091
UK_benchmark,serotype_exact,SeroBA,13,14,0,0,1824,14,1,1,1,1,1
UK_benchmark,serotype_exact,SeroBA,14,40,0,0,1798,40,1,1,1,1,1
UK_benchmark,serotype_exact,SeroBA,15A,200,1,0,1637,200,1,0.9993894993894994,0.9950248756218906,0.999455930359086,0.9975062344139651
UK_benchmark,serotype_exact,SeroBA,15B,30,4,13,1791,43,0.6976744186046512,0.9977715877437325,0.8823529411764706,0.9907508161044614,0.7792207792207793
UK_benchmark,serotype_exact,SeroBA,15C,12,13,5,1808,17,0.7058823529411765,0.9928610653487095,0.48,0.9902067464635473,0.5714285714285713
UK_benchmark,serotype_exact,SeroBA,16F,25,0,0,1813,25,1,1,1,1,1
UK_benchmark,serotype_exact,SeroBA,17F,41,0,0,1797,41,1,1,1,1,1
UK_benchmark,serotype_exact,SeroBA,18A,5,0,1,1832,6,0.8333333333333334,1,1,0.999455930359086,0.9090909090909091
UK_benchmark,serotype_exact,SeroBA,18B,3,1,0,1834,3,1,0.9994550408719346,0.75,0.999455930359086,0.8571428571428571
UK_benchmark,serotype_exact,SeroBA,18C,38,1,1,1798,39,0.9743589743589743,0.9994441356309061,0.9743589743589743,0.998911860718172,0.9743589743589743
UK_benchmark,serotype_exact,SeroBA,18F,3,0,0,1835,3,1,1,1,1,1
UK_benchmark,serotype_exact,SeroBA,19A,244,0,2,1592,246,0.991869918699187,1,1,0.998911860718172,0.9959183673469388
UK_benchmark,serotype_exact,SeroBA,19F,42,0,0,1796,42,1,1,1,1,1
UK_benchmark,serotype_exact,SeroBA,2,2,0,0,1836,2,1,1,1,1,1
UK_benchmark,serotype_exact,SeroBA,20,0,0,40,1798,40,0,1,0,0.9782372143634385,0
UK_benchmark,serotype_exact,SeroBA,21,19,0,0,1819,19,1,1,1,1,1
UK_benchmark,serotype_exact,SeroBA,22A,2,0,0,1836,2,1,1,1,1,1
UK_benchmark,serotype_exact,SeroBA,22F,47,0,0,1791,47,1,1,1,1,1
UK_benchmark,serotype_exact,SeroBA,23A,24,0,0,1814,24,1,1,1,1,1
UK_benchmark,serotype_exact,SeroBA,23B,40,2,0,1796,40,1,0.9988876529477196,0.9523809523809523,0.998911860718172,0.975609756097561
UK_benchmark,serotype_exact,SeroBA,23F,27,0,2,1809,29,0.9310344827586207,1,1,0.998911860718172,0.9642857142857143
UK_benchmark,serotype_exact,SeroBA,24F,0,0,25,1813,25,0,1,0,0.9863982589771491,0
UK_benchmark,serotype_exact,SeroBA,25F,1,0,0,1837,1,1,1,1,1,1
UK_benchmark,serotype_exact,SeroBA,27,23,0,0,1815,23,1,1,1,1,1
UK_benchmark,serotype_exact,SeroBA,28A,7,0,0,1831,7,1,1,1,1,1
UK_benchmark,serotype_exact,SeroBA,29,6,0,2,1830,8,0.75,1,1,0.998911860718172,0.8571428571428571
UK_benchmark,serotype_exact,SeroBA,3,46,0,0,1792,46,1,1,1,1,1
UK_benchmark,serotype_exact,SeroBA,31,23,0,0,1815,23,1,1,1,1,1
UK_benchmark,serotype_exact,SeroBA,33B,1,0,0,1837,1,1,1,1,1,1
UK_benchmark,serotype_exact,SeroBA,33C,1,0,0,1837,1,1,1,1,1,1
UK_benchmark,serotype_exact,SeroBA,33F,40,0,7,1791,47,0.851063829787234,1,1,0.9961915125136017,0.9195402298850576
UK_benchmark,serotype_exact,SeroBA,34,24,0,0,1814,24,1,1,1,1,1
UK_benchmark,serotype_exact,SeroBA,35A,4,0,1,1833,5,0.8,1,1,0.999455930359086,0.888888888888889
UK_benchmark,serotype_exact,SeroBA,35B,43,1,5,1789,48,0.8958333333333334,0.9994413407821229,0.9772727272727273,0.9967355821545157,0.9347826086956522
UK_benchmark,serotype_exact,SeroBA,35C,0,0,1,1837,1,0,1,0,0.999455930359086,0
UK_benchmark,serotype_exact,SeroBA,35F,22,0,0,1816,22,1,1,1,1,1
UK_benchmark,serotype_exact,SeroBA,36,0,0,4,1834,4,0,1,0,0.9978237214363439,0
UK_benchmark,serotype_exact,SeroBA,37,14,0,0,1824,14,1,1,1,1,1
UK_benchmark,serotype_exact,SeroBA,38,20,0,0,1818,20,1,1,1,1,1
UK_benchmark,serotype_exact,SeroBA,39,2,0,0,1836,2,1,1,1,1,1
UK_benchmark,serotype_exact,SeroBA,4,44,0,0,1794,44,1,1,1,1,1
UK_benchmark,serotype_exact,SeroBA,48,5,0,0,1833,5,1,1,1,1,1
UK_benchmark,serotype_exact,SeroBA,5,12,0,0,1826,12,1,1,1,1,1
UK_benchmark,serotype_exact,SeroBA,6A,41,0,0,1797,41,1,1,1,1,1
UK_benchmark,serotype_exact,SeroBA,6B,37,0,0,1801,37,1,1,1,1,1
UK_benchmark,serotype_exact,SeroBA,6C,24,1,0,1813,24,1,0.9994487320837927,0.96,0.999455930359086,0.9795918367346939
UK_benchmark,serotype_exact,SeroBA,6D,2,0,0,1836,2,1,1,1,1,1
UK_benchmark,serotype_exact,SeroBA,7B,3,0,0,1835,3,1,1,1,1,1
UK_benchmark,serotype_exact,SeroBA,7C,10,0,0,1828,10,1,1,1,1,1
UK_benchmark,serotype_exact,SeroBA,7F,43,0,0,1795,43,1,1,1,1,1
UK_benchmark,serotype_exact,SeroBA,8,72,0,0,1766,72,1,1,1,1,1
UK_benchmark,serotype_exact,SeroBA,9L,1,0,0,1837,1,1,1,1,1,1
UK_benchmark,serotype_exact,SeroBA,9N,43,0,0,1795,43,1,1,1,1,1
UK_benchmark,serotype_exact,SeroBA,9V,45,0,2,1791,47,0.9574468085106383,1,1,0.998911860718172,0.9782608695652174
UK_benchmark,serotype_exact,SeroCall,1,40,0,0,1798,40,1,1,1,1,1
UK_benchmark,serotype_exact,SeroCall,10A,41,0,1,1796,42,0.9761904761904762,1,1,0.999455930359086,0.9879518072289156
UK_benchmark,serotype_exact,SeroCall,10B,6,2,0,1830,6,1,0.9989082969432315,0.75,0.998911860718172,0.8571428571428571
UK_benchmark,serotype_exact,SeroCall,10F,10,0,1,1827,11,0.9090909090909091,1,1,0.999455930359086,0.9523809523809523
UK_benchmark,serotype_exact,SeroCall,11A,46,0,2,1790,48,0.9583333333333334,1,1,0.998911860718172,0.9787234042553191
UK_benchmark,serotype_exact,SeroCall,11B,2,0,0,1836,2,1,1,1,1,1
UK_benchmark,serotype_exact,SeroCall,12A,0,0,1,1837,1,0,1,0,0.999455930359086,0
UK_benchmark,serotype_exact,SeroCall,12B,0,0,10,1828,10,0,1,0,0.9945593035908596,0
UK_benchmark,serotype_exact,SeroCall,12F,50,10,0,1778,50,1,0.9944071588366891,0.8333333333333334,0.9945593035908596,0.9090909090909091
UK_benchmark,serotype_exact,SeroCall,13,14,0,0,1824,14,1,1,1,1,1
UK_benchmark,serotype_exact,SeroCall,14,40,0,0,1798,40,1,1,1,1,1
UK_benchmark,serotype_exact,SeroCall,15A,200,1,0,1637,200,1,0.9993894993894994,0.9950248756218906,0.999455930359086,0.9975062344139651
UK_benchmark,serotype_exact,SeroCall,15B,0,0,43,1795,43,0,1,0,0.9766050054406964,0
UK_benchmark,serotype_exact,SeroCall,15C,0,0,17,1821,17,0,1,0,0.9907508161044614,0
UK_benchmark,serotype_exact,SeroCall,16F,25,0,0,1813,25,1,1,1,1,1
UK_benchmark,serotype_exact,SeroCall,17F,41,0,0,1797,41,1,1,1,1,1
UK_benchmark,serotype_exact,SeroCall,18A,6,1,0,1831,6,1,0.9994541484716157,0.8571428571428571,0.999455930359086,0.923076923076923
UK_benchmark,serotype_exact,SeroCall,18B,0,6,3,1829,3,0,0.9967302452316076,0,0.9951033732317737,0
UK_benchmark,serotype_exact,SeroCall,18C,32,3,7,1796,39,0.8205128205128205,0.9983324068927182,0.9142857142857143,0.9945593035908596,0.8648648648648648
UK_benchmark,serotype_exact,SeroCall,18F,3,0,0,1835,3,1,1,1,1,1
UK_benchmark,serotype_exact,SeroCall,19A,244,0,2,1592,246,0.991869918699187,1,1,0.998911860718172,0.9959183673469388
UK_benchmark,serotype_exact,SeroCall,19F,42,0,0,1796,42,1,1,1,1,1
UK_benchmark,serotype_exact,SeroCall,2,2,0,0,1836,2,1,1,1,1,1
UK_benchmark,serotype_exact,SeroCall,20,40,0,0,1798,40,1,1,1,1,1
UK_benchmark,serotype_exact,SeroCall,21,19,0,0,1819,19,1,1,1,1,1
UK_benchmark,serotype_exact,SeroCall,22A,2,0,0,1836,2,1,1,1,1,1
UK_benchmark,serotype_exact,SeroCall,22F,47,0,0,1791,47,1,1,1,1,1
UK_benchmark,serotype_exact,SeroCall,23A,24,0,0,1814,24,1,1,1,1,1
UK_benchmark,serotype_exact,SeroCall,23B,24,2,16,1796,40,0.6,0.9988876529477196,0.9230769230769231,0.9902067464635473,0.7272727272727274
UK_benchmark,serotype_exact,SeroCall,23F,27,0,2,1809,29,0.9310344827586207,1,1,0.998911860718172,0.9642857142857143
UK_benchmark,serotype_exact,SeroCall,24F,0,0,25,1813,25,0,1,0,0.9863982589771491,0
UK_benchmark,serotype_exact,SeroCall,25F,1,0,0,1837,1,1,1,1,1,1
UK_benchmark,serotype_exact,SeroCall,27,23,0,0,1815,23,1,1,1,1,1
UK_benchmark,serotype_exact,SeroCall,28A,7,0,0,1831,7,1,1,1,1,1
UK_benchmark,serotype_exact,SeroCall,29,6,0,2,1830,8,0.75,1,1,0.998911860718172,0.8571428571428571
UK_benchmark,serotype_exact,SeroCall,3,46,0,0,1792,46,1,1,1,1,1
UK_benchmark,serotype_exact,SeroCall,31,23,0,0,1815,23,1,1,1,1,1
UK_benchmark,serotype_exact,SeroCall,33B,0,0,1,1837,1,0,1,0,0.999455930359086,0
UK_benchmark,serotype_exact,SeroCall,33C,1,0,0,1837,1,1,1,1,1,1
UK_benchmark,serotype_exact,SeroCall,33F,31,0,16,1791,47,0.6595744680851063,1,1,0.9912948857453754,0.7948717948717948
UK_benchmark,serotype_exact,SeroCall,34,24,0,0,1814,24,1,1,1,1,1
UK_benchmark,serotype_exact,SeroCall,35A,4,0,1,1833,5,0.8,1,1,0.999455930359086,0.888888888888889
UK_benchmark,serotype_exact,SeroCall,35B,48,2,0,1788,48,1,0.9988826815642458,0.96,0.998911860718172,0.9795918367346939
UK_benchmark,serotype_exact,SeroCall,35C,0,0,1,1837,1,0,1,0,0.999455930359086,0
UK_benchmark,serotype_exact,SeroCall,35F,22,0,0,1816,22,1,1,1,1,1
UK_benchmark,serotype_exact,SeroCall,36,4,0,0,1834,4,1,1,1,1,1
UK_benchmark,serotype_exact,SeroCall,37,14,0,0,1824,14,1,1,1,1,1
UK_benchmark,serotype_exact,SeroCall,38,20,0,0,1818,20,1,1,1,1,1
UK_benchmark,serotype_exact,SeroCall,39,2,0,0,1836,2,1,1,1,1,1
UK_benchmark,serotype_exact,SeroCall,4,44,0,0,1794,44,1,1,1,1,1
UK_benchmark,serotype_exact,SeroCall,48,5,0,0,1833,5,1,1,1,1,1
UK_benchmark,serotype_exact,SeroCall,5,12,0,0,1826,12,1,1,1,1,1
UK_benchmark,serotype_exact,SeroCall,6A,39,0,2,1797,41,0.9512195121951219,1,1,0.998911860718172,0.975
UK_benchmark,serotype_exact,SeroCall,6B,15,0,22,1801,37,0.40540540540540543,1,1,0.9880304678998912,0.5769230769230769
UK_benchmark,serotype_exact,SeroCall,6C,24,1,0,1813,24,1,0.9994487320837927,0.96,0.999455930359086,0.9795918367346939
UK_benchmark,serotype_exact,SeroCall,6D,2,0,0,1836,2,1,1,1,1,1
UK_benchmark,serotype_exact,SeroCall,7B,3,0,0,1835,3,1,1,1,1,1
UK_benchmark,serotype_exact,SeroCall,7C,10,0,0,1828,10,1,1,1,1,1
UK_benchmark,serotype_exact,SeroCall,7F,43,0,0,1795,43,1,1,1,1,1
UK_benchmark,serotype_exact,SeroCall,8,72,0,0,1766,72,1,1,1,1,1
UK_benchmark,serotype_exact,SeroCall,9L,1,0,0,1837,1,1,1,1,1,1
UK_benchmark,serotype_exact,SeroCall,9N,43,0,0,1795,43,1,1,1,1,1
UK_benchmark,serotype_exact,SeroCall,9V,42,0,5,1791,47,0.8936170212765957,1,1,0.9972796517954298,0.9438202247191011
UK_benchmark,serotype_within,ALLCAPS,1,963,12,8,855,971,0.9917610710607621,0.986159169550173,0.9876923076923076,0.9891186071817193,0.9897225077081192
UK_benchmark,serotype_within,ALLCAPS,10A,41,2,1,1794,42,0.9761904761904762,0.9988864142538976,0.9534883720930233,0.9983677910772579,0.9647058823529412
UK_benchmark,serotype_within,ALLCAPS,10B,6,1,0,1831,6,1,0.9994541484716157,0.8571428571428571,0.999455930359086,0.923076923076923
UK_benchmark,serotype_within,ALLCAPS,10F,10,0,1,1827,11,0.9090909090909091,1,1,0.999455930359086,0.9523809523809523
UK_benchmark,serotype_within,ALLCAPS,11A,47,1,1,1789,48,0.9791666666666666,0.9994413407821229,0.9791666666666666,0.998911860718172,0.9791666666666666
UK_benchmark,serotype_within,ALLCAPS,11B,2,0,0,1836,2,1,1,1,1,1
UK_benchmark,serotype_within,ALLCAPS,12A,0,0,1,1837,1,0,1,0,0.999455930359086,0
UK_benchmark,serotype_within,ALLCAPS,12B,0,0,10,1828,10,0,1,0,0.9945593035908596,0
UK_benchmark,serotype_within,ALLCAPS,12F,50,10,0,1778,50,1,0.9944071588366891,0.8333333333333334,0.9945593035908596,0.9090909090909091
UK_benchmark,serotype_within,ALLCAPS,13,14,1,0,1823,14,1,0.9994517543859649,0.9333333333333333,0.999455930359086,0.9655172413793104
UK_benchmark,serotype_within,ALLCAPS,14,40,2,0,1796,40,1,0.9988876529477196,0.9523809523809523,0.998911860718172,0.975609756097561
UK_benchmark,serotype_within,ALLCAPS,15A,199,7,1,1631,200,0.995,0.9957264957264957,0.9660194174757282,0.9956474428726877,0.9802955665024631
UK_benchmark,serotype_within,ALLCAPS,15B,24,3,19,1792,43,0.5581395348837209,0.9983286908077994,0.8888888888888888,0.9880304678998912,0.6857142857142857
UK_benchmark,serotype_within,ALLCAPS,15C,12,10,5,1811,17,0.7058823529411765,0.9945085118066996,0.5454545454545454,0.9918389553862894,0.6153846153846153
UK_benchmark,serotype_within,ALLCAPS,16F,25,0,0,1813,25,1,1,1,1,1
UK_benchmark,serotype_within,ALLCAPS,17F,40,0,1,1797,41,0.975609756097561,1,1,0.999455930359086,0.9876543209876543
UK_benchmark,serotype_within,ALLCAPS,18A,5,0,1,1832,6,0.8333333333333334,1,1,0.999455930359086,0.9090909090909091
UK_benchmark,serotype_within,ALLCAPS,18B,1,0,2,1835,3,0.3333333333333333,1,1,0.998911860718172,0.5
UK_benchmark,serotype_within,ALLCAPS,18C,39,3,0,1796,39,1,0.9983324068927182,0.9285714285714286,0.9983677910772579,0.962962962962963
UK_benchmark,serotype_within,ALLCAPS,18F,3,0,0,1835,3,1,1,1,1,1
UK_benchmark,serotype_within,ALLCAPS,19A,243,0,3,1592,246,0.9878048780487805,1,1,0.9983677910772579,0.9938650306748467
UK_benchmark,serotype_within,ALLCAPS,19F,42,9,0,1787,42,1,0.994988864142539,0.8235294117647058,0.9951033732317737,0.9032258064516129
UK_benchmark,serotype_within,ALLCAPS,2,317,2,11,1508,328,0.9664634146341463,0.9986754966887417,0.9937304075235109,0.9929270946681176,0.9799072642967541
UK_benchmark,serotype_within,ALLCAPS,20,40,0,0,1798,40,1,1,1,1,1
UK_benchmark,serotype_within,ALLCAPS,21,19,1,0,1818,19,1,0.999450247388675,0.95,0.999455930359086,0.9743589743589743
UK_benchmark,serotype_within,ALLCAPS,22A,2,0,0,1836,2,1,1,1,1,1
UK_benchmark,serotype_within,ALLCAPS,22F,47,1,0,1790,47,1,0.9994416527079844,0.9791666666666666,0.999455930359086,0.9894736842105264
UK_benchmark,serotype_within,ALLCAPS,23A,24,1,0,1813,24,1,0.9994487320837927,0.96,0.999455930359086,0.9795918367346939
UK_benchmark,serotype_within,ALLCAPS,23B,40,2,0,1796,40,1,0.9988876529477196,0.9523809523809523,0.998911860718172,0.975609756097561
UK_benchmark,serotype_within,ALLCAPS,23F,26,0,3,1809,29,0.896551724137931,1,1,0.9983677910772579,0.9454545454545454
UK_benchmark,serotype_within,ALLCAPS,24F,13,0,12,1813,25,0.52,1,1,0.9934711643090316,0.6842105263157895
UK_benchmark,serotype_within,ALLCAPS,25F,0,0,1,1837,1,0,1,0,0.999455930359086,0
UK_benchmark,serotype_within,ALLCAPS,27,22,0,1,1815,23,0.9565217391304348,1,1,0.999455930359086,0.9777777777777777
UK_benchmark,serotype_within,ALLCAPS,28A,7,0,0,1831,7,1,1,1,1,1
UK_benchmark,serotype_within,ALLCAPS,29,6,0,2,1830,8,0.75,1,1,0.998911860718172,0.8571428571428571
UK_benchmark,serotype_within,ALLCAPS,3,363,5,2,1468,365,0.9945205479452055,0.9966055668703326,0.9864130434782609,0.9961915125136017,0.990450204638472
UK_benchmark,serotype_within,ALLCAPS,31,23,0,0,1815,23,1,1,1,1,1
UK_benchmark,serotype_within,ALLCAPS,33B,1,0,0,1837,1,1,1,1,1,1
UK_benchmark,serotype_within,ALLCAPS,33C,1,0,0,1837,1,1,1,1,1,1
UK_benchmark,serotype_within,ALLCAPS,33F,47,0,0,1791,47,1,1,1,1,1
UK_benchmark,serotype_within,ALLCAPS,34,24,1,0,1813,24,1,0.9994487320837927,0.96,0.999455930359086,0.9795918367346939
UK_benchmark,serotype_within,ALLCAPS,35A,4,0,1,1833,5,0.8,1,1,0.999455930359086,0.888888888888889
UK_benchmark,serotype_within,ALLCAPS,35B,48,2,0,1788,48,1,0.9988826815642458,0.96,0.998911860718172,0.9795918367346939
UK_benchmark,serotype_within,ALLCAPS,35C,1,0,0,1837,1,1,1,1,1,1
UK_benchmark,serotype_within,ALLCAPS,35F,21,0,1,1816,22,0.9545454545454546,1,1,0.999455930359086,0.9767441860465117
UK_benchmark,serotype_within,ALLCAPS,36,4,0,0,1834,4,1,1,1,1,1
UK_benchmark,serotype_within,ALLCAPS,37,14,0,0,1824,14,1,1,1,1,1
UK_benchmark,serotype_within,ALLCAPS,38,20,1,0,1817,20,1,0.9994499449944995,0.9523809523809523,0.999455930359086,0.975609756097561
UK_benchmark,serotype_within,ALLCAPS,39,2,0,0,1836,2,1,1,1,1,1
UK_benchmark,serotype_within,ALLCAPS,4,132,6,6,1694,138,0.9565217391304348,0.9964705882352941,0.9565217391304348,0.9934711643090316,0.9565217391304348
UK_benchmark,serotype_within,ALLCAPS,48,5,0,0,1833,5,1,1,1,1,1
UK_benchmark,serotype_within,ALLCAPS,5,342,2,7,1487,349,0.9799426934097422,0.9986568166554735,0.9941860465116279,0.9951033732317737,0.9870129870129871
UK_benchmark,serotype_within,ALLCAPS,6A,29,1,12,1796,41,0.7073170731707317,0.9994435169727324,0.9666666666666667,0.9929270946681176,0.8169014084507042
UK_benchmark,serotype_within,ALLCAPS,6B,36,9,1,1792,37,0.972972972972973,0.9950027762354248,0.8,0.9945593035908596,0.8780487804878049
UK_benchmark,serotype_within,ALLCAPS,6C,23,5,1,1809,24,0.9583333333333334,0.9972436604189636,0.8214285714285714,0.9967355821545157,0.8846153846153847
UK_benchmark,serotype_within,ALLCAPS,6D,0,0,2,1836,2,0,1,0,0.998911860718172,0
UK_benchmark,serotype_within,ALLCAPS,7B,2,0,1,1835,3,0.6666666666666666,1,1,0.999455930359086,0.8
UK_benchmark,serotype_within,ALLCAPS,7C,10,1,0,1827,10,1,0.99945295404814,0.9090909090909091,0.999455930359086,0.9523809523809523
UK_benchmark,serotype_within,ALLCAPS,7F,83,0,1,1754,84,0.9880952380952381,1,1,0.999455930359086,0.9940119760479043
UK_benchmark,serotype_within,ALLCAPS,8,153,3,2,1680,155,0.9870967741935484,0.9982174688057041,0.9807692307692307,0.9972796517954298,0.9839228295819936
UK_benchmark,serotype_within,ALLCAPS,9L,1,0,0,1837,1,1,1,1,1,1
UK_benchmark,serotype_within,ALLCAPS,9N,43,1,0,1794,43,1,0.9994428969359331,0.9772727272727273,0.999455930359086,0.9885057471264368
UK_benchmark,serotype_within,ALLCAPS,9V,47,0,0,1791,47,1,1,1,1,1
UK_benchmark,serotype_within,PfaSTer,1,963,15,8,852,971,0.9917610710607621,0.9826989619377162,0.9846625766871165,0.9874863982589771,0.9881990764494614
UK_benchmark,serotype_within,PfaSTer,10A,41,0,1,1796,42,0.9761904761904762,1,1,0.999455930359086,0.9879518072289156
UK_benchmark,serotype_within,PfaSTer,10B,6,1,0,1831,6,1,0.9994541484716157,0.8571428571428571,0.999455930359086,0.923076923076923
UK_benchmark,serotype_within,PfaSTer,10F,10,0,1,1827,11,0.9090909090909091,1,1,0.999455930359086,0.9523809523809523
UK_benchmark,serotype_within,PfaSTer,11A,48,0,0,1790,48,1,1,1,1,1
UK_benchmark,serotype_within,PfaSTer,11B,2,0,0,1836,2,1,1,1,1,1
UK_benchmark,serotype_within,PfaSTer,12A,0,0,1,1837,1,0,1,0,0.999455930359086,0
UK_benchmark,serotype_within,PfaSTer,12B,0,0,10,1828,10,0,1,0,0.9945593035908596,0
UK_benchmark,serotype_within,PfaSTer,12F,50,10,0,1778,50,1,0.9944071588366891,0.8333333333333334,0.9945593035908596,0.9090909090909091
UK_benchmark,serotype_within,PfaSTer,13,14,0,0,1824,14,1,1,1,1,1
UK_benchmark,serotype_within,PfaSTer,14,40,0,0,1798,40,1,1,1,1,1
UK_benchmark,serotype_within,PfaSTer,15A,200,1,0,1637,200,1,0.9993894993894994,0.9950248756218906,0.999455930359086,0.9975062344139651
UK_benchmark,serotype_within,PfaSTer,15B,28,1,15,1794,43,0.6511627906976745,0.9994428969359331,0.9655172413793104,0.9912948857453754,0.7777777777777779
UK_benchmark,serotype_within,PfaSTer,15C,15,13,2,1808,17,0.8823529411764706,0.9928610653487095,0.5357142857142857,0.9918389553862894,0.6666666666666667
UK_benchmark,serotype_within,PfaSTer,16F,25,0,0,1813,25,1,1,1,1,1
UK_benchmark,serotype_within,PfaSTer,17F,41,0,0,1797,41,1,1,1,1,1
UK_benchmark,serotype_within,PfaSTer,18A,5,0,1,1832,6,0.8333333333333334,1,1,0.999455930359086,0.9090909090909091
UK_benchmark,serotype_within,PfaSTer,18B,3,1,0,1834,3,1,0.9994550408719346,0.75,0.999455930359086,0.8571428571428571
UK_benchmark,serotype_within,PfaSTer,18C,36,0,3,1799,39,0.9230769230769231,1,1,0.9983677910772579,0.9600000000000001
UK_benchmark,serotype_within,PfaSTer,18F,3,0,0,1835,3,1,1,1,1,1
UK_benchmark,serotype_within,PfaSTer,19A,244,0,2,1592,246,0.991869918699187,1,1,0.998911860718172,0.9959183673469388
UK_benchmark,serotype_within,PfaSTer,19F,42,0,0,1796,42,1,1,1,1,1
UK_benchmark,serotype_within,PfaSTer,2,325,0,3,1510,328,0.9908536585365854,1,1,0.9983677910772579,0.995405819295559
UK_benchmark,serotype_within,PfaSTer,20,40,0,0,1798,40,1,1,1,1,1
UK_benchmark,serotype_within,PfaSTer,21,19,0,0,1819,19,1,1,1,1,1
UK_benchmark,serotype_within,PfaSTer,22A,2,0,0,1836,2,1,1,1,1,1
UK_benchmark,serotype_within,PfaSTer,22F,47,0,0,1791,47,1,1,1,1,1
UK_benchmark,serotype_within,PfaSTer,23A,24,0,0,1814,24,1,1,1,1,1
UK_benchmark,serotype_within,PfaSTer,23B,40,2,0,1796,40,1,0.9988876529477196,0.9523809523809523,0.998911860718172,0.975609756097561
UK_benchmark,serotype_within,PfaSTer,23F,27,0,2,1809,29,0.9310344827586207,1,1,0.998911860718172,0.9642857142857143
UK_benchmark,serotype_within,PfaSTer,24F,24,0,1,1813,25,0.96,1,1,0.999455930359086,0.9795918367346939
UK_benchmark,serotype_within,PfaSTer,25F,1,0,0,1837,1,1,1,1,1,1
UK_benchmark,serotype_within,PfaSTer,27,23,0,0,1815,23,1,1,1,1,1
UK_benchmark,serotype_within,PfaSTer,28A,7,0,0,1831,7,1,1,1,1,1
UK_benchmark,serotype_within,PfaSTer,29,6,0,2,1830,8,0.75,1,1,0.998911860718172,0.8571428571428571
UK_benchmark,serotype_within,PfaSTer,3,360,1,5,1472,365,0.9863013698630136,0.9993211133740665,0.997229916897507,0.9967355821545157,0.9917355371900827
UK_benchmark,serotype_within,PfaSTer,31,23,0,0,1815,23,1,1,1,1,1
UK_benchmark,serotype_within,PfaSTer,33B,1,0,0,1837,1,1,1,1,1,1
UK_benchmark,serotype_within,PfaSTer,33C,1,0,0,1837,1,1,1,1,1,1
UK_benchmark,serotype_within,PfaSTer,33F,47,0,0,1791,47,1,1,1,1,1
UK_benchmark,serotype_within,PfaSTer,34,24,0,0,1814,24,1,1,1,1,1
UK_benchmark,serotype_within,PfaSTer,35A,4,0,1,1833,5,0.8,1,1,0.999455930359086,0.888888888888889
UK_benchmark,serotype_within,PfaSTer,35B,43,1,5,1789,48,0.8958333333333334,0.9994413407821229,0.9772727272727273,0.9967355821545157,0.9347826086956522
UK_benchmark,serotype_within,PfaSTer,35C,0,0,1,1837,1,0,1,0,0.999455930359086,0
UK_benchmark,serotype_within,PfaSTer,35F,22,0,0,1816,22,1,1,1,1,1
UK_benchmark,serotype_within,PfaSTer,36,0,0,4,1834,4,0,1,0,0.9978237214363439,0
UK_benchmark,serotype_within,PfaSTer,37,14,0,0,1824,14,1,1,1,1,1
UK_benchmark,serotype_within,PfaSTer,38,20,0,0,1818,20,1,1,1,1,1
UK_benchmark,serotype_within,PfaSTer,39,2,0,0,1836,2,1,1,1,1,1
UK_benchmark,serotype_within,PfaSTer,4,138,1,0,1699,138,1,0.9994117647058823,0.9928057553956835,0.999455930359086,0.996389891696751
UK_benchmark,serotype_within,PfaSTer,48,5,0,0,1833,5,1,1,1,1,1
UK_benchmark,serotype_within,PfaSTer,5,346,2,3,1487,349,0.9914040114613181,0.9986568166554735,0.9942528735632183,0.9972796517954298,0.9928263988522238
UK_benchmark,serotype_within,PfaSTer,6A,39,0,2,1797,41,0.9512195121951219,1,1,0.998911860718172,0.975
UK_benchmark,serotype_within,PfaSTer,6B,15,0,22,1801,37,0.40540540540540543,1,1,0.9880304678998912,0.5769230769230769
UK_benchmark,serotype_within,PfaSTer,6C,24,3,0,1811,24,1,0.9983461962513782,0.8888888888888888,0.9983677910772579,0.9411764705882353
UK_benchmark,serotype_within,PfaSTer,6D,0,0,2,1836,2,0,1,0,0.998911860718172,0
UK_benchmark,serotype_within,PfaSTer,7B,3,0,0,1835,3,1,1,1,1,1
UK_benchmark,serotype_within,PfaSTer,7C,10,0,0,1828,10,1,1,1,1,1
UK_benchmark,serotype_within,PfaSTer,7F,84,0,0,1754,84,1,1,1,1,1
UK_benchmark,serotype_within,PfaSTer,8,152,0,3,1683,155,0.9806451612903225,1,1,0.9983677910772579,0.990228013029316
UK_benchmark,serotype_within,PfaSTer,9L,1,0,0,1837,1,1,1,1,1,1
UK_benchmark,serotype_within,PfaSTer,9N,43,0,0,1795,43,1,1,1,1,1
UK_benchmark,serotype_within,PfaSTer,9V,47,0,0,1791,47,1,1,1,1,1
UK_benchmark,serotype_within,PneumoCaT,1,875,14,96,853,971,0.9011328527291452,0.9838523644752019,0.984251968503937,0.940152339499456,0.9408602150537635
UK_benchmark,serotype_within,PneumoCaT,10A,41,0,1,1796,42,0.9761904761904762,1,1,0.999455930359086,0.9879518072289156
UK_benchmark,serotype_within,PneumoCaT,10B,6,1,0,1831,6,1,0.9994541484716157,0.8571428571428571,0.999455930359086,0.923076923076923
UK_benchmark,serotype_within,PneumoCaT,10F,9,0,2,1827,11,0.8181818181818182,1,1,0.998911860718172,0.9
UK_benchmark,serotype_within,PneumoCaT,11A,24,0,24,1790,48,0.5,1,1,0.9869423286180631,0.6666666666666666
UK_benchmark,serotype_within,PneumoCaT,11B,1,0,1,1836,2,0.5,1,1,0.999455930359086,0.6666666666666666
UK_benchmark,serotype_within,PneumoCaT,12A,1,0,0,1837,1,1,1,1,1,1
UK_benchmark,serotype_within,PneumoCaT,12B,0,0,10,1828,10,0,1,0,0.9945593035908596,0
UK_benchmark,serotype_within,PneumoCaT,12F,46,7,4,1781,50,0.92,0.9960850111856824,0.8679245283018868,0.9940152339499456,0.8932038834951457
UK_benchmark,serotype_within,PneumoCaT,13,12,0,2,1824,14,0.8571428571428571,1,1,0.998911860718172,0.923076923076923
UK_benchmark,serotype_within,PneumoCaT,14,40,0,0,1798,40,1,1,1,1,1
UK_benchmark,serotype_within,PneumoCaT,15A,162,1,38,1637,200,0.81,0.9993894993894994,0.9938650306748467,0.9787812840043526,0.8925619834710744
UK_benchmark,serotype_within,PneumoCaT,15B,9,5,34,1790,43,0.20930232558139536,0.9972144846796658,0.6428571428571429,0.9787812840043526,0.31578947368421056
UK_benchmark,serotype_within,PneumoCaT,15C,7,27,10,1794,17,0.4117647058823529,0.985172981878089,0.20588235294117646,0.9798694232861807,0.2745098039215686
UK_benchmark,serotype_within,PneumoCaT,16F,23,0,2,1813,25,0.92,1,1,0.998911860718172,0.9583333333333334
UK_benchmark,serotype_within,PneumoCaT,17F,39,0,2,1797,41,0.9512195121951219,1,1,0.998911860718172,0.975
UK_benchmark,serotype_within,PneumoCaT,18A,5,6,1,1826,6,0.8333333333333334,0.9967248908296943,0.45454545454545453,0.9961915125136017,0.5882352941176471
UK_benchmark,serotype_within,PneumoCaT,18B,3,33,0,1802,3,1,0.9820163487738419,0.08333333333333333,0.9820457018498367,0.15384615384615385
UK_benchmark,serotype_within,PneumoCaT,18C,0,0,39,1799,39,0,1,0,0.9787812840043526,0
UK_benchmark,serotype_within,PneumoCaT,18F,0,0,3,1835,3,0,1,0,0.9983677910772579,0
UK_benchmark,serotype_within,PneumoCaT,19A,235,0,11,1592,246,0.9552845528455285,1,1,0.9940152339499456,0.9771309771309772
UK_benchmark,serotype_within,PneumoCaT,19F,41,0,1,1796,42,0.9761904761904762,1,1,0.999455930359086,0.9879518072289156
UK_benchmark,serotype_within,PneumoCaT,2,291,0,37,1510,328,0.8871951219512195,1,1,0.9798694232861807,0.9402261712439418
UK_benchmark,serotype_within,PneumoCaT,20,38,0,2,1798,40,0.95,1,1,0.998911860718172,0.9743589743589743
UK_benchmark,serotype_within,PneumoCaT,21,18,0,1,1819,19,0.9473684210526315,1,1,0.999455930359086,0.972972972972973
UK_benchmark,serotype_within,PneumoCaT,22A,2,0,0,1836,2,1,1,1,1,1
UK_benchmark,serotype_within,PneumoCaT,22F,47,0,0,1791,47,1,1,1,1,1
UK_benchmark,serotype_within,PneumoCaT,23A,19,0,5,1814,24,0.7916666666666666,1,1,0.9972796517954298,0.8837209302325582
UK_benchmark,serotype_within,PneumoCaT,23B,35,0,5,1798,40,0.875,1,1,0.9972796517954298,0.9333333333333333
UK_benchmark,serotype_within,PneumoCaT,23F,25,0,4,1809,29,0.8620689655172413,1,1,0.9978237214363439,0.9259259259259259
UK_benchmark,serotype_within,PneumoCaT,24F,0,0,25,1813,25,0,1,0,0.9863982589771491,0
UK_benchmark,serotype_within,PneumoCaT,25F,0,0,1,1837,1,0,1,0,0.999455930359086,0
UK_benchmark,serotype_within,PneumoCaT,27,21,0,2,1815,23,0.9130434782608695,1,1,0.998911860718172,0.9545454545454545
UK_benchmark,serotype_within,PneumoCaT,28A,5,0,2,1831,7,0.7142857142857143,1,1,0.998911860718172,0.8333333333333333
UK_benchmark,serotype_within,PneumoCaT,29,5,0,3,1830,8,0.625,1,1,0.9983677910772579,0.7692307692307693
UK_benchmark,serotype_within,PneumoCaT,3,330,1,35,1472,365,0.9041095890410958,0.9993211133740665,0.9969788519637462,0.9804134929270947,0.9482758620689654
UK_benchmark,serotype_within,PneumoCaT,31,20,0,3,1815,23,0.8695652173913043,1,1,0.9983677910772579,0.9302325581395349
UK_benchmark,serotype_within,PneumoCaT,33B,1,0,0,1837,1,1,1,1,1,1
UK_benchmark,serotype_within,PneumoCaT,33C,0,0,1,1837,1,0,1,0,0.999455930359086,0
UK_benchmark,serotype_within,PneumoCaT,33F,43,9,4,1782,47,0.9148936170212766,0.9949748743718593,0.8269230769230769,0.9929270946681176,0.8686868686868686
UK_benchmark,serotype_within,PneumoCaT,34,23,0,1,1814,24,0.9583333333333334,1,1,0.999455930359086,0.9787234042553191
UK_benchmark,serotype_within,PneumoCaT,35A,1,0,4,1833,5,0.2,1,1,0.9978237214363439,0.33333333333333337
UK_benchmark,serotype_within,PneumoCaT,35B,44,2,4,1788,48,0.9166666666666666,0.9988826815642458,0.9565217391304348,0.9967355821545157,0.9361702127659574
UK_benchmark,serotype_within,PneumoCaT,35C,1,3,0,1834,1,1,0.9983669025585193,0.25,0.9983677910772579,0.4
UK_benchmark,serotype_within,PneumoCaT,35F,22,0,0,1816,22,1,1,1,1,1
UK_benchmark,serotype_within,PneumoCaT,36,2,0,2,1834,4,0.5,1,1,0.998911860718172,0.6666666666666666
UK_benchmark,serotype_within,PneumoCaT,37,4,0,10,1824,14,0.2857142857142857,1,1,0.9945593035908596,0.4444444444444445
UK_benchmark,serotype_within,PneumoCaT,38,20,0,0,1818,20,1,1,1,1,1
UK_benchmark,serotype_within,PneumoCaT,39,2,0,0,1836,2,1,1,1,1,1
UK_benchmark,serotype_within,PneumoCaT,4,121,2,17,1698,138,0.8768115942028986,0.9988235294117647,0.983739837398374,0.9896626768226333,0.9272030651340997
UK_benchmark,serotype_within,PneumoCaT,48,5,0,0,1833,5,1,1,1,1,1
UK_benchmark,serotype_within,PneumoCaT,5,293,2,56,1487,349,0.839541547277937,0.9986568166554735,0.9932203389830508,0.9684439608269858,0.9099378881987576
UK_benchmark,serotype_within,PneumoCaT,6A,28,12,13,1785,41,0.6829268292682927,0.993322203672788,0.7,0.9863982589771491,0.6913580246913581
UK_benchmark,serotype_within,PneumoCaT,6B,0,10,37,1791,37,0,0.994447529150472,0,0.9744287268770403,0
UK_benchmark,serotype_within,PneumoCaT,6C,8,2,16,1812,24,0.3333333333333333,0.9988974641675854,0.8,0.9902067464635473,0.47058823529411764
UK_benchmark,serotype_within,PneumoCaT,6D,1,13,1,1823,2,0.5,0.9929193899782135,0.07142857142857142,0.9923830250272034,0.125
UK_benchmark,serotype_within,PneumoCaT,7B,1,0,2,1835,3,0.3333333333333333,1,1,0.998911860718172,0.5
UK_benchmark,serotype_within,PneumoCaT,7C,9,0,1,1828,10,0.9,1,1,0.999455930359086,0.9473684210526316
UK_benchmark,serotype_within,PneumoCaT,7F,45,0,39,1754,84,0.5357142857142857,1,1,0.9787812840043526,0.6976744186046512
UK_benchmark,serotype_within,PneumoCaT,8,136,0,19,1683,155,0.8774193548387097,1,1,0.9896626768226333,0.9347079037800687
UK_benchmark,serotype_within,PneumoCaT,9L,1,0,0,1837,1,1,1,1,1,1
UK_benchmark,serotype_within,PneumoCaT,9N,39,0,4,1795,43,0.9069767441860465,1,1,0.9978237214363439,0.951219512195122
UK_benchmark,serotype_within,PneumoCaT,9V,44,0,3,1791,47,0.9361702127659575,1,1,0.9983677910772579,0.967032967032967
UK_benchmark,serotype_within,PneumoKITy,1,965,0,6,867,971,0.9938208032955715,1,1,0.9967355821545157,0.996900826446281
UK_benchmark,serotype_within,PneumoKITy,10A,41,0,1,1796,42,0.9761904761904762,1,1,0.999455930359086,0.9879518072289156
UK_benchmark,serotype_within,PneumoKITy,10B,6,1,0,1831,6,1,0.9994541484716157,0.8571428571428571,0.999455930359086,0.923076923076923
UK_benchmark,serotype_within,PneumoKITy,10F,10,0,1,1827,11,0.9090909090909091,1,1,0.999455930359086,0.9523809523809523
UK_benchmark,serotype_within,PneumoKITy,11A,46,0,2,1790,48,0.9583333333333334,1,1,0.998911860718172,0.9787234042553191
UK_benchmark,serotype_within,PneumoKITy,11B,2,0,0,1836,2,1,1,1,1,1
UK_benchmark,serotype_within,PneumoKITy,12A,1,0,0,1837,1,1,1,1,1,1
UK_benchmark,serotype_within,PneumoKITy,12B,0,1,10,1827,10,0,0.99945295404814,0,0.9940152339499456,0
UK_benchmark,serotype_within,PneumoKITy,12F,50,10,0,1778,50,1,0.9944071588366891,0.8333333333333334,0.9945593035908596,0.9090909090909091
UK_benchmark,serotype_within,PneumoKITy,13,14,0,0,1824,14,1,1,1,1,1
UK_benchmark,serotype_within,PneumoKITy,14,40,0,0,1798,40,1,1,1,1,1
UK_benchmark,serotype_within,PneumoKITy,15A,200,1,0,1637,200,1,0.9993894993894994,0.9950248756218906,0.999455930359086,0.9975062344139651
UK_benchmark,serotype_within,PneumoKITy,15B,43,17,0,1778,43,1,0.9905292479108635,0.7166666666666667,0.9907508161044614,0.8349514563106796
UK_benchmark,serotype_within,PneumoKITy,15C,17,43,0,1778,17,1,0.9763866007688083,0.2833333333333333,0.9766050054406964,0.4415584415584416
UK_benchmark,serotype_within,PneumoKITy,16F,25,0,0,1813,25,1,1,1,1,1
UK_benchmark,serotype_within,PneumoKITy,17F,41,0,0,1797,41,1,1,1,1,1
UK_benchmark,serotype_within,PneumoKITy,18A,5,0,1,1832,6,0.8333333333333334,1,1,0.999455930359086,0.9090909090909091
UK_benchmark,serotype_within,PneumoKITy,18B,3,38,0,1797,3,1,0.979291553133515,0.07317073170731707,0.9793253536452666,0.13636363636363635
UK_benchmark,serotype_within,PneumoKITy,18C,38,3,1,1796,39,0.9743589743589743,0.9983324068927182,0.926829268292683,0.9978237214363439,0.9500000000000001
UK_benchmark,serotype_within,PneumoKITy,18F,3,0,0,1835,3,1,1,1,1,1
UK_benchmark,serotype_within,PneumoKITy,19A,244,0,2,1592,246,0.991869918699187,1,1,0.998911860718172,0.9959183673469388
UK_benchmark,serotype_within,PneumoKITy,19F,42,0,0,1796,42,1,1,1,1,1
UK_benchmark,serotype_within,PneumoKITy,2,325,8,3,1502,328,0.9908536585365854,0.9947019867549669,0.975975975975976,0.9940152339499456,0.9833585476550681
UK_benchmark,serotype_within,PneumoKITy,20,40,1,0,1797,40,1,0.9994438264738599,0.975609756097561,0.999455930359086,0.9876543209876543
UK_benchmark,serotype_within,PneumoKITy,21,19,0,0,1819,19,1,1,1,1,1
UK_benchmark,serotype_within,PneumoKITy,22A,2,0,0,1836,2,1,1,1,1,1
UK_benchmark,serotype_within,PneumoKITy,22F,47,0,0,1791,47,1,1,1,1,1
UK_benchmark,serotype_within,PneumoKITy,23A,24,0,0,1814,24,1,1,1,1,1
UK_benchmark,serotype_within,PneumoKITy,23B,40,2,0,1796,40,1,0.9988876529477196,0.9523809523809523,0.998911860718172,0.975609756097561
UK_benchmark,serotype_within,PneumoKITy,23F,27,0,2,1809,29,0.9310344827586207,1,1,0.998911860718172,0.9642857142857143
UK_benchmark,serotype_within,PneumoKITy,24F,25,0,0,1813,25,1,1,1,1,1
UK_benchmark,serotype_within,PneumoKITy,25F,1,2,0,1835,1,1,0.9989112683723462,0.3333333333333333,0.998911860718172,0.5
UK_benchmark,serotype_within,PneumoKITy,27,23,0,0,1815,23,1,1,1,1,1
UK_benchmark,serotype_within,PneumoKITy,28A,7,0,0,1831,7,1,1,1,1,1
UK_benchmark,serotype_within,PneumoKITy,29,5,0,3,1830,8,0.625,1,1,0.9983677910772579,0.7692307692307693
UK_benchmark,serotype_within,PneumoKITy,3,364,1,1,1472,365,0.9972602739726028,0.9993211133740665,0.9972602739726028,0.998911860718172,0.9972602739726028
UK_benchmark,serotype_within,PneumoKITy,31,23,0,0,1815,23,1,1,1,1,1
UK_benchmark,serotype_within,PneumoKITy,33B,0,0,1,1837,1,0,1,0,0.999455930359086,0
UK_benchmark,serotype_within,PneumoKITy,33C,0,0,1,1837,1,0,1,0,0.999455930359086,0
UK_benchmark,serotype_within,PneumoKITy,33F,47,0,0,1791,47,1,1,1,1,1
UK_benchmark,serotype_within,PneumoKITy,34,24,0,0,1814,24,1,1,1,1,1
UK_benchmark,serotype_within,PneumoKITy,35A,4,1,1,1832,5,0.8,0.9994544462629569,0.8,0.998911860718172,0.8000000000000002
UK_benchmark,serotype_within,PneumoKITy,35B,48,2,0,1788,48,1,0.9988826815642458,0.96,0.998911860718172,0.9795918367346939
UK_benchmark,serotype_within,PneumoKITy,35C,1,4,0,1833,1,1,0.9978225367446925,0.2,0.9978237214363439,0.33333333333333337
UK_benchmark,serotype_within,PneumoKITy,35F,22,0,0,1816,22,1,1,1,1,1
UK_benchmark,serotype_within,PneumoKITy,36,4,0,0,1834,4,1,1,1,1,1
UK_benchmark,serotype_within,PneumoKITy,37,14,0,0,1824,14,1,1,1,1,1
UK_benchmark,serotype_within,PneumoKITy,38,20,0,0,1818,20,1,1,1,1,1
UK_benchmark,serotype_within,PneumoKITy,39,2,0,0,1836,2,1,1,1,1,1
UK_benchmark,serotype_within,PneumoKITy,4,138,9,0,1691,138,1,0.9947058823529412,0.9387755102040817,0.9951033732317737,0.968421052631579
UK_benchmark,serotype_within,PneumoKITy,48,5,0,0,1833,5,1,1,1,1,1
UK_benchmark,serotype_within,PneumoKITy,5,348,4,1,1485,349,0.997134670487106,0.9973136333109469,0.9886363636363636,0.9972796517954298,0.9928673323823111
UK_benchmark,serotype_within,PneumoKITy,6A,39,24,2,1773,41,0.9512195121951219,0.986644407345576,0.6190476190476191,0.985854189336235,0.7500000000000001
UK_benchmark,serotype_within,PneumoKITy,6B,15,46,22,1755,37,0.40540540540540543,0.974458634092171,0.2459016393442623,0.9630032644178455,0.30612244897959184
UK_benchmark,serotype_within,PneumoKITy,6C,24,5,0,1809,24,1,0.9972436604189636,0.8275862068965517,0.9972796517954298,0.9056603773584906
UK_benchmark,serotype_within,PneumoKITy,6D,2,27,0,1809,2,1,0.9852941176470589,0.06896551724137931,0.985310119695321,0.12903225806451613
UK_benchmark,serotype_within,PneumoKITy,7B,3,0,0,1835,3,1,1,1,1,1
UK_benchmark,serotype_within,PneumoKITy,7C,10,0,0,1828,10,1,1,1,1,1
UK_benchmark,serotype_within,PneumoKITy,7F,84,0,0,1754,84,1,1,1,1,1
UK_benchmark,serotype_within,PneumoKITy,8,153,0,2,1683,155,0.9870967741935484,1,1,0.998911860718172,0.9935064935064934
UK_benchmark,serotype_within,PneumoKITy,9L,1,43,0,1794,1,1,0.9765922700054437,0.022727272727272728,0.9766050054406964,0.044444444444444446
UK_benchmark,serotype_within,PneumoKITy,9N,43,1,0,1794,43,1,0.9994428969359331,0.9772727272727273,0.999455930359086,0.9885057471264368
UK_benchmark,serotype_within,PneumoKITy,9V,47,0,0,1791,47,1,1,1,1,1
UK_benchmark,serotype_within,Pneumo-Typer,1,970,0,1,867,971,0.9989701338825953,1,1,0.999455930359086,0.9994848016486347
UK_benchmark,serotype_within,Pneumo-Typer,10A,41,0,1,1796,42,0.9761904761904762,1,1,0.999455930359086,0.9879518072289156
UK_benchmark,serotype_within,Pneumo-Typer,10B,6,2,0,1830,6,1,0.9989082969432315,0.75,0.998911860718172,0.8571428571428571
UK_benchmark,serotype_within,Pneumo-Typer,10F,10,0,1,1827,11,0.9090909090909091,1,1,0.999455930359086,0.9523809523809523
UK_benchmark,serotype_within,Pneumo-Typer,11A,48,0,0,1790,48,1,1,1,1,1
UK_benchmark,serotype_within,Pneumo-Typer,11B,2,0,0,1836,2,1,1,1,1,1
UK_benchmark,serotype_within,Pneumo-Typer,12A,0,0,1,1837,1,0,1,0,0.999455930359086,0
UK_benchmark,serotype_within,Pneumo-Typer,12B,0,1,10,1827,10,0,0.99945295404814,0,0.9940152339499456,0
UK_benchmark,serotype_within,Pneumo-Typer,12F,50,10,0,1778,50,1,0.9944071588366891,0.8333333333333334,0.9945593035908596,0.9090909090909091
UK_benchmark,serotype_within,Pneumo-Typer,13,14,0,0,1824,14,1,1,1,1,1
UK_benchmark,serotype_within,Pneumo-Typer,14,40,0,0,1798,40,1,1,1,1,1
UK_benchmark,serotype_within,Pneumo-Typer,15A,200,1,0,1637,200,1,0.9993894993894994,0.9950248756218906,0.999455930359086,0.9975062344139651
UK_benchmark,serotype_within,Pneumo-Typer,15B,36,14,7,1781,43,0.8372093023255814,0.9922005571030641,0.72,0.9885745375408053,0.7741935483870969
UK_benchmark,serotype_within,Pneumo-Typer,15C,17,16,0,1805,17,1,0.9912136188907194,0.5151515151515151,0.9912948857453754,0.6799999999999999
UK_benchmark,serotype_within,Pneumo-Typer,16F,25,0,0,1813,25,1,1,1,1,1
UK_benchmark,serotype_within,Pneumo-Typer,17F,41,0,0,1797,41,1,1,1,1,1
UK_benchmark,serotype_within,Pneumo-Typer,18A,6,1,0,1831,6,1,0.9994541484716157,0.8571428571428571,0.999455930359086,0.923076923076923
UK_benchmark,serotype_within,Pneumo-Typer,18B,3,1,0,1834,3,1,0.9994550408719346,0.75,0.999455930359086,0.8571428571428571
UK_benchmark,serotype_within,Pneumo-Typer,18C,37,0,2,1799,39,0.9487179487179487,1,1,0.998911860718172,0.9736842105263158
UK_benchmark,serotype_within,Pneumo-Typer,18F,3,0,0,1835,3,1,1,1,1,1
UK_benchmark,serotype_within,Pneumo-Typer,19A,244,0,2,1592,246,0.991869918699187,1,1,0.998911860718172,0.9959183673469388
UK_benchmark,serotype_within,Pneumo-Typer,19F,42,0,0,1796,42,1,1,1,1,1
UK_benchmark,serotype_within,Pneumo-Typer,2,326,2,2,1508,328,0.9939024390243902,0.9986754966887417,0.9939024390243902,0.9978237214363439,0.9939024390243902
UK_benchmark,serotype_within,Pneumo-Typer,20,40,0,0,1798,40,1,1,1,1,1
UK_benchmark,serotype_within,Pneumo-Typer,21,19,0,0,1819,19,1,1,1,1,1
UK_benchmark,serotype_within,Pneumo-Typer,22A,2,0,0,1836,2,1,1,1,1,1
UK_benchmark,serotype_within,Pneumo-Typer,22F,47,0,0,1791,47,1,1,1,1,1
UK_benchmark,serotype_within,Pneumo-Typer,23A,24,0,0,1814,24,1,1,1,1,1
UK_benchmark,serotype_within,Pneumo-Typer,23B,40,2,0,1796,40,1,0.9988876529477196,0.9523809523809523,0.998911860718172,0.975609756097561
UK_benchmark,serotype_within,Pneumo-Typer,23F,27,0,2,1809,29,0.9310344827586207,1,1,0.998911860718172,0.9642857142857143
UK_benchmark,serotype_within,Pneumo-Typer,24F,0,0,25,1813,25,0,1,0,0.9863982589771491,0
UK_benchmark,serotype_within,Pneumo-Typer,25F,1,1,0,1836,1,1,0.9994556341861731,0.5,0.999455930359086,0.6666666666666666
UK_benchmark,serotype_within,Pneumo-Typer,27,23,0,0,1815,23,1,1,1,1,1
UK_benchmark,serotype_within,Pneumo-Typer,28A,7,0,0,1831,7,1,1,1,1,1
UK_benchmark,serotype_within,Pneumo-Typer,29,6,0,2,1830,8,0.75,1,1,0.998911860718172,0.8571428571428571
UK_benchmark,serotype_within,Pneumo-Typer,3,364,3,1,1470,365,0.9972602739726028,0.9979633401221996,0.9918256130790191,0.9978237214363439,0.9945355191256832
UK_benchmark,serotype_within,Pneumo-Typer,31,23,0,0,1815,23,1,1,1,1,1
UK_benchmark,serotype_within,Pneumo-Typer,33B,1,1,0,1836,1,1,0.9994556341861731,0.5,0.999455930359086,0.6666666666666666
UK_benchmark,serotype_within,Pneumo-Typer,33C,1,0,0,1837,1,1,1,1,1,1
UK_benchmark,serotype_within,Pneumo-Typer,33F,47,0,0,1791,47,1,1,1,1,1
UK_benchmark,serotype_within,Pneumo-Typer,34,24,0,0,1814,24,1,1,1,1,1
UK_benchmark,serotype_within,Pneumo-Typer,35A,4,0,1,1833,5,0.8,1,1,0.999455930359086,0.888888888888889
UK_benchmark,serotype_within,Pneumo-Typer,35B,43,2,5,1788,48,0.8958333333333334,0.9988826815642458,0.9555555555555556,0.9961915125136017,0.924731182795699
UK_benchmark,serotype_within,Pneumo-Typer,35C,0,0,1,1837,1,0,1,0,0.999455930359086,0
UK_benchmark,serotype_within,Pneumo-Typer,35F,22,0,0,1816,22,1,1,1,1,1
UK_benchmark,serotype_within,Pneumo-Typer,36,4,0,0,1834,4,1,1,1,1,1
UK_benchmark,serotype_within,Pneumo-Typer,37,14,0,0,1824,14,1,1,1,1,1
UK_benchmark,serotype_within,Pneumo-Typer,38,20,1,0,1817,20,1,0.9994499449944995,0.9523809523809523,0.999455930359086,0.975609756097561
UK_benchmark,serotype_within,Pneumo-Typer,39,2,0,0,1836,2,1,1,1,1,1
UK_benchmark,serotype_within,Pneumo-Typer,4,138,1,0,1699,138,1,0.9994117647058823,0.9928057553956835,0.999455930359086,0.996389891696751
UK_benchmark,serotype_within,Pneumo-Typer,48,5,0,0,1833,5,1,1,1,1,1
UK_benchmark,serotype_within,Pneumo-Typer,5,348,4,1,1485,349,0.997134670487106,0.9973136333109469,0.9886363636363636,0.9972796517954298,0.9928673323823111
UK_benchmark,serotype_within,Pneumo-Typer,6A,41,0,0,1797,41,1,1,1,1,1
UK_benchmark,serotype_within,Pneumo-Typer,6B,37,1,0,1800,37,1,0.9994447529150472,0.9736842105263158,0.999455930359086,0.9866666666666666
UK_benchmark,serotype_within,Pneumo-Typer,6C,24,1,0,1813,24,1,0.9994487320837927,0.96,0.999455930359086,0.9795918367346939
UK_benchmark,serotype_within,Pneumo-Typer,6D,2,0,0,1836,2,1,1,1,1,1
UK_benchmark,serotype_within,Pneumo-Typer,7B,3,0,0,1835,3,1,1,1,1,1
UK_benchmark,serotype_within,Pneumo-Typer,7C,10,0,0,1828,10,1,1,1,1,1
UK_benchmark,serotype_within,Pneumo-Typer,7F,84,0,0,1754,84,1,1,1,1,1
UK_benchmark,serotype_within,Pneumo-Typer,8,155,1,0,1682,155,1,0.9994058229352347,0.9935897435897436,0.999455930359086,0.9967845659163987
UK_benchmark,serotype_within,Pneumo-Typer,9L,1,0,0,1837,1,1,1,1,1,1
UK_benchmark,serotype_within,Pneumo-Typer,9N,43,0,0,1795,43,1,1,1,1,1
UK_benchmark,serotype_within,Pneumo-Typer,9V,43,0,4,1791,47,0.9148936170212766,1,1,0.9978237214363439,0.9555555555555556
UK_benchmark,serotype_within,SeroBA,1,968,0,3,867,971,0.9969104016477858,1,1,0.9983677910772579,0.9984528107271788
UK_benchmark,serotype_within,SeroBA,10A,41,0,1,1796,42,0.9761904761904762,1,1,0.999455930359086,0.9879518072289156
UK_benchmark,serotype_within,SeroBA,10B,6,1,0,1831,6,1,0.9994541484716157,0.8571428571428571,0.999455930359086,0.923076923076923
UK_benchmark,serotype_within,SeroBA,10F,10,0,1,1827,11,0.9090909090909091,1,1,0.999455930359086,0.9523809523809523
UK_benchmark,serotype_within,SeroBA,11A,45,0,3,1790,48,0.9375,1,1,0.9983677910772579,0.967741935483871
UK_benchmark,serotype_within,SeroBA,11B,2,1,0,1835,2,1,0.9994553376906318,0.6666666666666666,0.999455930359086,0.8
UK_benchmark,serotype_within,SeroBA,12A,0,0,1,1837,1,0,1,0,0.999455930359086,0
UK_benchmark,serotype_within,SeroBA,12B,0,0,10,1828,10,0,1,0,0.9945593035908596,0
UK_benchmark,serotype_within,SeroBA,12F,50,10,0,1778,50,1,0.9944071588366891,0.8333333333333334,0.9945593035908596,0.9090909090909091
UK_benchmark,serotype_within,SeroBA,13,14,0,0,1824,14,1,1,1,1,1
UK_benchmark,serotype_within,SeroBA,14,40,0,0,1798,40,1,1,1,1,1
UK_benchmark,serotype_within,SeroBA,15A,200,1,0,1637,200,1,0.9993894993894994,0.9950248756218906,0.999455930359086,0.9975062344139651
UK_benchmark,serotype_within,SeroBA,15B,30,5,13,1790,43,0.6976744186046512,0.9972144846796658,0.8571428571428571,0.9902067464635473,0.7692307692307693
UK_benchmark,serotype_within,SeroBA,15C,13,13,4,1808,17,0.7647058823529411,0.9928610653487095,0.5,0.9907508161044614,0.6046511627906976
UK_benchmark,serotype_within,SeroBA,16F,25,0,0,1813,25,1,1,1,1,1
UK_benchmark,serotype_within,SeroBA,17F,41,0,0,1797,41,1,1,1,1,1
UK_benchmark,serotype_within,SeroBA,18A,5,0,1,1832,6,0.8333333333333334,1,1,0.999455930359086,0.9090909090909091
UK_benchmark,serotype_within,SeroBA,18B,3,1,0,1834,3,1,0.9994550408719346,0.75,0.999455930359086,0.8571428571428571
UK_benchmark,serotype_within,SeroBA,18C,38,1,1,1798,39,0.9743589743589743,0.9994441356309061,0.9743589743589743,0.998911860718172,0.9743589743589743
UK_benchmark,serotype_within,SeroBA,18F,3,0,0,1835,3,1,1,1,1,1
UK_benchmark,serotype_within,SeroBA,19A,244,0,2,1592,246,0.991869918699187,1,1,0.998911860718172,0.9959183673469388
UK_benchmark,serotype_within,SeroBA,19F,42,0,0,1796,42,1,1,1,1,1
UK_benchmark,serotype_within,SeroBA,2,325,2,3,1508,328,0.9908536585365854,0.9986754966887417,0.9938837920489296,0.9972796517954298,0.9923664122137403
UK_benchmark,serotype_within,SeroBA,20,40,0,0,1798,40,1,1,1,1,1
UK_benchmark,serotype_within,SeroBA,21,19,0,0,1819,19,1,1,1,1,1
UK_benchmark,serotype_within,SeroBA,22A,2,0,0,1836,2,1,1,1,1,1
UK_benchmark,serotype_within,SeroBA,22F,47,0,0,1791,47,1,1,1,1,1
UK_benchmark,serotype_within,SeroBA,23A,24,0,0,1814,24,1,1,1,1,1
UK_benchmark,serotype_within,SeroBA,23B,40,2,0,1796,40,1,0.9988876529477196,0.9523809523809523,0.998911860718172,0.975609756097561
UK_benchmark,serotype_within,SeroBA,23F,27,0,2,1809,29,0.9310344827586207,1,1,0.998911860718172,0.9642857142857143
UK_benchmark,serotype_within,SeroBA,24F,24,0,1,1813,25,0.96,1,1,0.999455930359086,0.9795918367346939
UK_benchmark,serotype_within,SeroBA,25F,1,0,0,1837,1,1,1,1,1,1
UK_benchmark,serotype_within,SeroBA,27,23,0,0,1815,23,1,1,1,1,1
UK_benchmark,serotype_within,SeroBA,28A,7,0,0,1831,7,1,1,1,1,1
UK_benchmark,serotype_within,SeroBA,29,6,0,2,1830,8,0.75,1,1,0.998911860718172,0.8571428571428571
UK_benchmark,serotype_within,SeroBA,3,364,2,1,1471,365,0.9972602739726028,0.9986422267481331,0.994535519125683,0.9983677910772579,0.9958960328317372
UK_benchmark,serotype_within,SeroBA,31,23,0,0,1815,23,1,1,1,1,1
UK_benchmark,serotype_within,SeroBA,33B,1,0,0,1837,1,1,1,1,1,1
UK_benchmark,serotype_within,SeroBA,33C,1,0,0,1837,1,1,1,1,1,1
UK_benchmark,serotype_within,SeroBA,33F,46,0,1,1791,47,0.9787234042553191,1,1,0.999455930359086,0.989247311827957
UK_benchmark,serotype_within,SeroBA,34,24,0,0,1814,24,1,1,1,1,1
UK_benchmark,serotype_within,SeroBA,35A,4,0,1,1833,5,0.8,1,1,0.999455930359086,0.888888888888889
UK_benchmark,serotype_within,SeroBA,35B,43,1,5,1789,48,0.8958333333333334,0.9994413407821229,0.9772727272727273,0.9967355821545157,0.9347826086956522
UK_benchmark,serotype_within,SeroBA,35C,0,0,1,1837,1,0,1,0,0.999455930359086,0
UK_benchmark,serotype_within,SeroBA,35F,22,0,0,1816,22,1,1,1,1,1
UK_benchmark,serotype_within,SeroBA,36,4,0,0,1834,4,1,1,1,1,1
UK_benchmark,serotype_within,SeroBA,37,14,0,0,1824,14,1,1,1,1,1
UK_benchmark,serotype_within,SeroBA,38,20,0,0,1818,20,1,1,1,1,1
UK_benchmark,serotype_within,SeroBA,39,2,0,0,1836,2,1,1,1,1,1
UK_benchmark,serotype_within,SeroBA,4,138,2,0,1698,138,1,0.9988235294117647,0.9857142857142858,0.998911860718172,0.9928057553956835
UK_benchmark,serotype_within,SeroBA,48,5,0,0,1833,5,1,1,1,1,1
UK_benchmark,serotype_within,SeroBA,5,348,2,1,1487,349,0.997134670487106,0.9986568166554735,0.9942857142857143,0.9983677910772579,0.9957081545064378
UK_benchmark,serotype_within,SeroBA,6A,41,3,0,1794,41,1,0.998330550918197,0.9318181818181818,0.9983677910772579,0.9647058823529412
UK_benchmark,serotype_within,SeroBA,6B,37,1,0,1800,37,1,0.9994447529150472,0.9736842105263158,0.999455930359086,0.9866666666666666
UK_benchmark,serotype_within,SeroBA,6C,24,1,0,1813,24,1,0.9994487320837927,0.96,0.999455930359086,0.9795918367346939
UK_benchmark,serotype_within,SeroBA,6D,2,0,0,1836,2,1,1,1,1,1
UK_benchmark,serotype_within,SeroBA,7B,3,0,0,1835,3,1,1,1,1,1
UK_benchmark,serotype_within,SeroBA,7C,10,0,0,1828,10,1,1,1,1,1
UK_benchmark,serotype_within,SeroBA,7F,84,0,0,1754,84,1,1,1,1,1
UK_benchmark,serotype_within,SeroBA,8,155,0,0,1683,155,1,1,1,1,1
UK_benchmark,serotype_within,SeroBA,9L,1,0,0,1837,1,1,1,1,1,1
UK_benchmark,serotype_within,SeroBA,9N,43,0,0,1795,43,1,1,1,1,1
UK_benchmark,serotype_within,SeroBA,9V,45,0,2,1791,47,0.9574468085106383,1,1,0.998911860718172,0.9782608695652174
UK_benchmark,serotype_within,SeroCall,1,970,16,1,851,971,0.9989701338825953,0.9815455594002307,0.9837728194726166,0.9907508161044614,0.9913132345426673
UK_benchmark,serotype_within,SeroCall,10A,41,0,1,1796,42,0.9761904761904762,1,1,0.999455930359086,0.9879518072289156
UK_benchmark,serotype_within,SeroCall,10B,6,2,0,1830,6,1,0.9989082969432315,0.75,0.998911860718172,0.8571428571428571
UK_benchmark,serotype_within,SeroCall,10F,10,0,1,1827,11,0.9090909090909091,1,1,0.999455930359086,0.9523809523809523
UK_benchmark,serotype_within,SeroCall,11A,46,0,2,1790,48,0.9583333333333334,1,1,0.998911860718172,0.9787234042553191
UK_benchmark,serotype_within,SeroCall,11B,2,0,0,1836,2,1,1,1,1,1
UK_benchmark,serotype_within,SeroCall,12A,1,0,0,1837,1,1,1,1,1,1
UK_benchmark,serotype_within,SeroCall,12B,0,1,10,1827,10,0,0.99945295404814,0,0.9940152339499456,0
UK_benchmark,serotype_within,SeroCall,12F,50,10,0,1778,50,1,0.9944071588366891,0.8333333333333334,0.9945593035908596,0.9090909090909091
UK_benchmark,serotype_within,SeroCall,13,14,0,0,1824,14,1,1,1,1,1
UK_benchmark,serotype_within,SeroCall,14,40,0,0,1798,40,1,1,1,1,1
UK_benchmark,serotype_within,SeroCall,15A,200,1,0,1637,200,1,0.9993894993894994,0.9950248756218906,0.999455930359086,0.9975062344139651
UK_benchmark,serotype_within,SeroCall,15B,43,17,0,1778,43,1,0.9905292479108635,0.7166666666666667,0.9907508161044614,0.8349514563106796
UK_benchmark,serotype_within,SeroCall,15C,17,43,0,1778,17,1,0.9763866007688083,0.2833333333333333,0.9766050054406964,0.4415584415584416
UK_benchmark,serotype_within,SeroCall,16F,25,0,0,1813,25,1,1,1,1,1
UK_benchmark,serotype_within,SeroCall,17F,41,0,0,1797,41,1,1,1,1,1
UK_benchmark,serotype_within,SeroCall,18A,6,1,0,1831,6,1,0.9994541484716157,0.8571428571428571,0.999455930359086,0.923076923076923
UK_benchmark,serotype_within,SeroCall,18B,0,6,3,1829,3,0,0.9967302452316076,0,0.9951033732317737,0
UK_benchmark,serotype_within,SeroCall,18C,32,3,7,1796,39,0.8205128205128205,0.9983324068927182,0.9142857142857143,0.9945593035908596,0.8648648648648648
UK_benchmark,serotype_within,SeroCall,18F,3,0,0,1835,3,1,1,1,1,1
UK_benchmark,serotype_within,SeroCall,19A,244,0,2,1592,246,0.991869918699187,1,1,0.998911860718172,0.9959183673469388
UK_benchmark,serotype_within,SeroCall,19F,42,0,0,1796,42,1,1,1,1,1
UK_benchmark,serotype_within,SeroCall,2,326,1,2,1509,328,0.9939024390243902,0.9993377483443708,0.9969418960244648,0.9983677910772579,0.9954198473282444
UK_benchmark,serotype_within,SeroCall,20,40,0,0,1798,40,1,1,1,1,1
UK_benchmark,serotype_within,SeroCall,21,19,0,0,1819,19,1,1,1,1,1
UK_benchmark,serotype_within,SeroCall,22A,2,0,0,1836,2,1,1,1,1,1
UK_benchmark,serotype_within,SeroCall,22F,47,0,0,1791,47,1,1,1,1,1
UK_benchmark,serotype_within,SeroCall,23A,24,0,0,1814,24,1,1,1,1,1
UK_benchmark,serotype_within,SeroCall,23B,40,2,0,1796,40,1,0.9988876529477196,0.9523809523809523,0.998911860718172,0.975609756097561
UK_benchmark,serotype_within,SeroCall,23F,27,0,2,1809,29,0.9310344827586207,1,1,0.998911860718172,0.9642857142857143
UK_benchmark,serotype_within,SeroCall,24F,25,0,0,1813,25,1,1,1,1,1
UK_benchmark,serotype_within,SeroCall,25F,1,0,0,1837,1,1,1,1,1,1
UK_benchmark,serotype_within,SeroCall,27,23,0,0,1815,23,1,1,1,1,1
UK_benchmark,serotype_within,SeroCall,28A,7,0,0,1831,7,1,1,1,1,1
UK_benchmark,serotype_within,SeroCall,29,6,0,2,1830,8,0.75,1,1,0.998911860718172,0.8571428571428571
UK_benchmark,serotype_within,SeroCall,3,364,1,1,1472,365,0.9972602739726028,0.9993211133740665,0.9972602739726028,0.998911860718172,0.9972602739726028
UK_benchmark,serotype_within,SeroCall,31,23,0,0,1815,23,1,1,1,1,1
UK_benchmark,serotype_within,SeroCall,33B,0,0,1,1837,1,0,1,0,0.999455930359086,0
UK_benchmark,serotype_within,SeroCall,33C,1,0,0,1837,1,1,1,1,1,1
UK_benchmark,serotype_within,SeroCall,33F,45,0,2,1791,47,0.9574468085106383,1,1,0.998911860718172,0.9782608695652174
UK_benchmark,serotype_within,SeroCall,34,24,0,0,1814,24,1,1,1,1,1
UK_benchmark,serotype_within,SeroCall,35A,4,0,1,1833,5,0.8,1,1,0.999455930359086,0.888888888888889
UK_benchmark,serotype_within,SeroCall,35B,48,2,0,1788,48,1,0.9988826815642458,0.96,0.998911860718172,0.9795918367346939
UK_benchmark,serotype_within,SeroCall,35C,0,0,1,1837,1,0,1,0,0.999455930359086,0
UK_benchmark,serotype_within,SeroCall,35F,22,0,0,1816,22,1,1,1,1,1
UK_benchmark,serotype_within,SeroCall,36,4,0,0,1834,4,1,1,1,1,1
UK_benchmark,serotype_within,SeroCall,37,14,0,0,1824,14,1,1,1,1,1
UK_benchmark,serotype_within,SeroCall,38,20,0,0,1818,20,1,1,1,1,1
UK_benchmark,serotype_within,SeroCall,39,2,0,0,1836,2,1,1,1,1,1
UK_benchmark,serotype_within,SeroCall,4,138,1,0,1699,138,1,0.9994117647058823,0.9928057553956835,0.999455930359086,0.996389891696751
UK_benchmark,serotype_within,SeroCall,48,5,0,0,1833,5,1,1,1,1,1
UK_benchmark,serotype_within,SeroCall,5,348,2,1,1487,349,0.997134670487106,0.9986568166554735,0.9942857142857143,0.9983677910772579,0.9957081545064378
UK_benchmark,serotype_within,SeroCall,6A,41,0,0,1797,41,1,1,1,1,1
UK_benchmark,serotype_within,SeroCall,6B,37,1,0,1800,37,1,0.9994447529150472,0.9736842105263158,0.999455930359086,0.9866666666666666
UK_benchmark,serotype_within,SeroCall,6C,24,1,0,1813,24,1,0.9994487320837927,0.96,0.999455930359086,0.9795918367346939
UK_benchmark,serotype_within,SeroCall,6D,2,0,0,1836,2,1,1,1,1,1
UK_benchmark,serotype_within,SeroCall,7B,3,0,0,1835,3,1,1,1,1,1
UK_benchmark,serotype_within,SeroCall,7C,10,0,0,1828,10,1,1,1,1,1
UK_benchmark,serotype_within,SeroCall,7F,84,0,0,1754,84,1,1,1,1,1
UK_benchmark,serotype_within,SeroCall,8,155,0,0,1683,155,1,1,1,1,1
UK_benchmark,serotype_within,SeroCall,9L,1,0,0,1837,1,1,1,1,1,1
UK_benchmark,serotype_within,SeroCall,9N,43,0,0,1795,43,1,1,1,1,1
UK_benchmark,serotype_within,SeroCall,9V,42,0,5,1791,47,0.8936170212765957,1,1,0.9972796517954298,0.9438202247191011
UK_benchmark,serogroup_exact,ALLCAPS,1,40,0,0,1798,40,1,1,1,1,1
UK_benchmark,serogroup_exact,ALLCAPS,10,58,2,1,1777,59,0.9830508474576272,0.9988757729061271,0.9666666666666667,0.9983677910772579,0.9747899159663865
UK_benchmark,serogroup_exact,ALLCAPS,11,49,1,1,1787,50,0.98,0.9994407158836689,0.98,0.998911860718172,0.98
UK_benchmark,serogroup_exact,ALLCAPS,12,60,0,1,1777,61,0.9836065573770492,1,1,0.999455930359086,0.9917355371900827
UK_benchmark,serogroup_exact,ALLCAPS,13,14,1,0,1823,14,1,0.9994517543859649,0.9333333333333333,0.999455930359086,0.9655172413793104
UK_benchmark,serogroup_exact,ALLCAPS,14,40,2,0,1796,40,1,0.9988876529477196,0.9523809523809523,0.998911860718172,0.975609756097561
UK_benchmark,serogroup_exact,ALLCAPS,15,254,1,6,1577,260,0.9769230769230769,0.9993662864385298,0.996078431372549,0.9961915125136017,0.9864077669902912
UK_benchmark,serogroup_exact,ALLCAPS,16,25,0,0,1813,25,1,1,1,1,1
UK_benchmark,serogroup_exact,ALLCAPS,17,40,0,1,1797,41,0.975609756097561,1,1,0.999455930359086,0.9876543209876543
UK_benchmark,serogroup_exact,ALLCAPS,18,50,1,1,1786,51,0.9803921568627451,0.9994404029099049,0.9803921568627451,0.998911860718172,0.9803921568627451
UK_benchmark,serogroup_exact,ALLCAPS,19,286,8,2,1542,288,0.9930555555555556,0.9948387096774194,0.9727891156462585,0.9945593035908596,0.9828178694158075
UK_benchmark,serogroup_exact,ALLCAPS,2,2,0,0,1836,2,1,1,1,1,1
UK_benchmark,serogroup_exact,ALLCAPS,20,40,0,0,1798,40,1,1,1,1,1
UK_benchmark,serogroup_exact,ALLCAPS,21,19,1,0,1818,19,1,0.999450247388675,0.95,0.999455930359086,0.9743589743589743
UK_benchmark,serogroup_exact,ALLCAPS,22,49,1,0,1788,49,1,0.9994410285075461,0.98,0.999455930359086,0.98989898989899
UK_benchmark,serogroup_exact,ALLCAPS,23,92,1,1,1744,93,0.989247311827957,0.9994269340974212,0.989247311827957,0.998911860718172,0.989247311827957
UK_benchmark,serogroup_exact,ALLCAPS,24,19,0,6,1813,25,0.76,1,1,0.9967355821545157,0.8636363636363636
UK_benchmark,serogroup_exact,ALLCAPS,25,0,0,1,1837,1,0,1,0,0.999455930359086,0
UK_benchmark,serogroup_exact,ALLCAPS,27,22,0,1,1815,23,0.9565217391304348,1,1,0.999455930359086,0.9777777777777777
UK_benchmark,serogroup_exact,ALLCAPS,28,7,0,0,1831,7,1,1,1,1,1
UK_benchmark,serogroup_exact,ALLCAPS,29,6,0,2,1830,8,0.75,1,1,0.998911860718172,0.8571428571428571
UK_benchmark,serogroup_exact,ALLCAPS,3,46,0,0,1792,46,1,1,1,1,1
UK_benchmark,serogroup_exact,ALLCAPS,31,23,0,0,1815,23,1,1,1,1,1
UK_benchmark,serogroup_exact,ALLCAPS,33,49,0,0,1789,49,1,1,1,1,1
UK_benchmark,serogroup_exact,ALLCAPS,34,24,1,0,1813,24,1,0.9994487320837927,0.96,0.999455930359086,0.9795918367346939
UK_benchmark,serogroup_exact,ALLCAPS,35,75,1,1,1761,76,0.9868421052631579,0.9994324631101021,0.9868421052631579,0.998911860718172,0.9868421052631579
UK_benchmark,serogroup_exact,ALLCAPS,36,4,0,0,1834,4,1,1,1,1,1
UK_benchmark,serogroup_exact,ALLCAPS,37,14,0,0,1824,14,1,1,1,1,1
UK_benchmark,serogroup_exact,ALLCAPS,38,20,1,0,1817,20,1,0.9994499449944995,0.9523809523809523,0.999455930359086,0.975609756097561
UK_benchmark,serogroup_exact,ALLCAPS,39,2,0,0,1836,2,1,1,1,1,1
UK_benchmark,serogroup_exact,ALLCAPS,4,44,1,0,1793,44,1,0.9994425863991081,0.9777777777777777,0.999455930359086,0.9887640449438202
UK_benchmark,serogroup_exact,ALLCAPS,48,5,0,0,1833,5,1,1,1,1,1
UK_benchmark,serogroup_exact,ALLCAPS,5,12,0,0,1826,12,1,1,1,1,1
UK_benchmark,serogroup_exact,ALLCAPS,6,100,3,4,1731,104,0.9615384615384616,0.9982698961937716,0.970873786407767,0.9961915125136017,0.966183574879227
UK_benchmark,serogroup_exact,ALLCAPS,7,55,1,1,1781,56,0.9821428571428571,0.999438832772166,0.9821428571428571,0.998911860718172,0.9821428571428571
UK_benchmark,serogroup_exact,ALLCAPS,8,71,1,1,1765,72,0.9861111111111112,0.9994337485843715,0.9861111111111112,0.998911860718172,0.9861111111111112
UK_benchmark,serogroup_exact,ALLCAPS,9,91,1,0,1746,91,1,0.9994275901545506,0.9891304347826086,0.999455930359086,0.994535519125683
UK_benchmark,serogroup_exact,PfaSTer,1,40,0,0,1798,40,1,1,1,1,1
UK_benchmark,serogroup_exact,PfaSTer,10,58,0,1,1779,59,0.9830508474576272,1,1,0.999455930359086,0.9914529914529915
UK_benchmark,serogroup_exact,PfaSTer,11,50,0,0,1788,50,1,1,1,1,1
UK_benchmark,serogroup_exact,PfaSTer,12,60,0,1,1777,61,0.9836065573770492,1,1,0.999455930359086,0.9917355371900827
UK_benchmark,serogroup_exact,PfaSTer,13,14,0,0,1824,14,1,1,1,1,1
UK_benchmark,serogroup_exact,PfaSTer,14,40,0,0,1798,40,1,1,1,1,1
UK_benchmark,serogroup_exact,PfaSTer,15,258,1,2,1577,260,0.9923076923076923,0.9993662864385298,0.9961389961389961,0.9983677910772579,0.9942196531791908
UK_benchmark,serogroup_exact,PfaSTer,16,25,0,0,1813,25,1,1,1,1,1
UK_benchmark,serogroup_exact,PfaSTer,17,41,0,0,1797,41,1,1,1,1,1
UK_benchmark,serogroup_exact,PfaSTer,18,48,0,3,1787,51,0.9411764705882353,1,1,0.9983677910772579,0.9696969696969697
UK_benchmark,serogroup_exact,PfaSTer,19,286,0,2,1550,288,0.9930555555555556,1,1,0.998911860718172,0.9965156794425087
UK_benchmark,serogroup_exact,PfaSTer,2,2,0,0,1836,2,1,1,1,1,1
UK_benchmark,serogroup_exact,PfaSTer,20,40,0,0,1798,40,1,1,1,1,1
UK_benchmark,serogroup_exact,PfaSTer,21,19,0,0,1819,19,1,1,1,1,1
UK_benchmark,serogroup_exact,PfaSTer,22,49,0,0,1789,49,1,1,1,1,1
UK_benchmark,serogroup_exact,PfaSTer,23,93,0,0,1745,93,1,1,1,1,1
UK_benchmark,serogroup_exact,PfaSTer,24,25,0,0,1813,25,1,1,1,1,1
UK_benchmark,serogroup_exact,PfaSTer,25,1,0,0,1837,1,1,1,1,1,1
UK_benchmark,serogroup_exact,PfaSTer,27,23,0,0,1815,23,1,1,1,1,1
UK_benchmark,serogroup_exact,PfaSTer,28,7,0,0,1831,7,1,1,1,1,1
UK_benchmark,serogroup_exact,PfaSTer,29,6,0,2,1830,8,0.75,1,1,0.998911860718172,0.8571428571428571
UK_benchmark,serogroup_exact,PfaSTer,3,46,0,0,1792,46,1,1,1,1,1
UK_benchmark,serogroup_exact,PfaSTer,31,23,0,0,1815,23,1,1,1,1,1
UK_benchmark,serogroup_exact,PfaSTer,33,49,0,0,1789,49,1,1,1,1,1
UK_benchmark,serogroup_exact,PfaSTer,34,24,0,0,1814,24,1,1,1,1,1
UK_benchmark,serogroup_exact,PfaSTer,35,75,1,1,1761,76,0.9868421052631579,0.9994324631101021,0.9868421052631579,0.998911860718172,0.9868421052631579
UK_benchmark,serogroup_exact,PfaSTer,36,0,0,4,1834,4,0,1,0,0.9978237214363439,0
UK_benchmark,serogroup_exact,PfaSTer,37,14,0,0,1824,14,1,1,1,1,1
UK_benchmark,serogroup_exact,PfaSTer,38,20,0,0,1818,20,1,1,1,1,1
UK_benchmark,serogroup_exact,PfaSTer,39,2,0,0,1836,2,1,1,1,1,1
UK_benchmark,serogroup_exact,PfaSTer,4,44,0,0,1794,44,1,1,1,1,1
UK_benchmark,serogroup_exact,PfaSTer,48,5,0,0,1833,5,1,1,1,1,1
UK_benchmark,serogroup_exact,PfaSTer,5,12,0,0,1826,12,1,1,1,1,1
UK_benchmark,serogroup_exact,PfaSTer,6,104,1,0,1733,104,1,0.9994232987312572,0.9904761904761905,0.999455930359086,0.9952153110047847
UK_benchmark,serogroup_exact,PfaSTer,7,56,0,0,1782,56,1,1,1,1,1
UK_benchmark,serogroup_exact,PfaSTer,8,72,0,0,1766,72,1,1,1,1,1
UK_benchmark,serogroup_exact,PfaSTer,9,91,0,0,1747,91,1,1,1,1,1
UK_benchmark,serogroup_exact,PneumoCaT,1,39,0,1,1798,40,0.975,1,1,0.999455930359086,0.9873417721518987
UK_benchmark,serogroup_exact,PneumoCaT,10,57,0,2,1779,59,0.9661016949152542,1,1,0.998911860718172,0.9827586206896551
UK_benchmark,serogroup_exact,PneumoCaT,11,39,0,11,1788,50,0.78,1,1,0.9940152339499456,0.8764044943820225
UK_benchmark,serogroup_exact,PneumoCaT,12,54,0,7,1777,61,0.8852459016393442,1,1,0.9961915125136017,0.9391304347826086
UK_benchmark,serogroup_exact,PneumoCaT,13,12,0,2,1824,14,0.8571428571428571,1,1,0.998911860718172,0.923076923076923
UK_benchmark,serogroup_exact,PneumoCaT,14,40,0,0,1798,40,1,1,1,1,1
UK_benchmark,serogroup_exact,PneumoCaT,15,210,1,50,1577,260,0.8076923076923077,0.9993662864385298,0.995260663507109,0.9722524483133841,0.8917197452229298
UK_benchmark,serogroup_exact,PneumoCaT,16,23,0,2,1813,25,0.92,1,1,0.998911860718172,0.9583333333333334
UK_benchmark,serogroup_exact,PneumoCaT,17,39,0,2,1797,41,0.9512195121951219,1,1,0.998911860718172,0.975
UK_benchmark,serogroup_exact,PneumoCaT,18,47,0,4,1787,51,0.9215686274509803,1,1,0.9978237214363439,0.9591836734693878
UK_benchmark,serogroup_exact,PneumoCaT,19,276,0,12,1550,288,0.9583333333333334,1,1,0.9934711643090316,0.9787234042553191
UK_benchmark,serogroup_exact,PneumoCaT,2,2,0,0,1836,2,1,1,1,1,1
UK_benchmark,serogroup_exact,PneumoCaT,20,38,0,2,1798,40,0.95,1,1,0.998911860718172,0.9743589743589743
UK_benchmark,serogroup_exact,PneumoCaT,21,18,0,1,1819,19,0.9473684210526315,1,1,0.999455930359086,0.972972972972973
UK_benchmark,serogroup_exact,PneumoCaT,22,49,0,0,1789,49,1,1,1,1,1
UK_benchmark,serogroup_exact,PneumoCaT,23,79,0,14,1745,93,0.8494623655913979,1,1,0.9923830250272034,0.9186046511627907
UK_benchmark,serogroup_exact,PneumoCaT,24,17,0,8,1813,25,0.68,1,1,0.9956474428726877,0.8095238095238095
UK_benchmark,serogroup_exact,PneumoCaT,25,1,0,0,1837,1,1,1,1,1,1
UK_benchmark,serogroup_exact,PneumoCaT,27,21,0,2,1815,23,0.9130434782608695,1,1,0.998911860718172,0.9545454545454545
UK_benchmark,serogroup_exact,PneumoCaT,28,7,0,0,1831,7,1,1,1,1,1
UK_benchmark,serogroup_exact,PneumoCaT,29,5,0,3,1830,8,0.625,1,1,0.9983677910772579,0.7692307692307693
UK_benchmark,serogroup_exact,PneumoCaT,3,43,0,3,1792,46,0.9347826086956522,1,1,0.9983677910772579,0.9662921348314606
UK_benchmark,serogroup_exact,PneumoCaT,31,20,0,3,1815,23,0.8695652173913043,1,1,0.9983677910772579,0.9302325581395349
UK_benchmark,serogroup_exact,PneumoCaT,33,44,9,5,1780,49,0.8979591836734694,0.994969256567915,0.8301886792452831,0.9923830250272034,0.8627450980392157
UK_benchmark,serogroup_exact,PneumoCaT,34,23,0,1,1814,24,0.9583333333333334,1,1,0.999455930359086,0.9787234042553191
UK_benchmark,serogroup_exact,PneumoCaT,35,72,1,4,1761,76,0.9473684210526315,0.9994324631101021,0.9863013698630136,0.9972796517954298,0.9664429530201343
UK_benchmark,serogroup_exact,PneumoCaT,36,2,0,2,1834,4,0.5,1,1,0.998911860718172,0.6666666666666666
UK_benchmark,serogroup_exact,PneumoCaT,37,4,0,10,1824,14,0.2857142857142857,1,1,0.9945593035908596,0.4444444444444445
UK_benchmark,serogroup_exact,PneumoCaT,38,20,0,0,1818,20,1,1,1,1,1
UK_benchmark,serogroup_exact,PneumoCaT,39,2,0,0,1836,2,1,1,1,1,1
UK_benchmark,serogroup_exact,PneumoCaT,4,36,0,8,1794,44,0.8181818181818182,1,1,0.9956474428726877,0.9
UK_benchmark,serogroup_exact,PneumoCaT,48,5,0,0,1833,5,1,1,1,1,1
UK_benchmark,serogroup_exact,PneumoCaT,5,10,0,2,1826,12,0.8333333333333334,1,1,0.998911860718172,0.9090909090909091
UK_benchmark,serogroup_exact,PneumoCaT,6,97,1,7,1733,104,0.9326923076923077,0.9994232987312572,0.9897959183673469,0.9956474428726877,0.9603960396039605
UK_benchmark,serogroup_exact,PneumoCaT,7,48,0,8,1782,56,0.8571428571428571,1,1,0.9956474428726877,0.923076923076923
UK_benchmark,serogroup_exact,PneumoCaT,8,57,0,15,1766,72,0.7916666666666666,1,1,0.9918389553862894,0.8837209302325582
UK_benchmark,serogroup_exact,PneumoCaT,9,85,0,6,1747,91,0.9340659340659341,1,1,0.9967355821545157,0.9659090909090909
UK_benchmark,serogroup_exact,PneumoKITy,1,40,0,0,1798,40,1,1,1,1,1
UK_benchmark,serogroup_exact,PneumoKITy,10,58,0,1,1779,59,0.9830508474576272,1,1,0.999455930359086,0.9914529914529915
UK_benchmark,serogroup_exact,PneumoKITy,11,48,0,2,1788,50,0.96,1,1,0.998911860718172,0.9795918367346939
UK_benchmark,serogroup_exact,PneumoKITy,12,61,0,0,1777,61,1,1,1,1,1
UK_benchmark,serogroup_exact,PneumoKITy,13,14,0,0,1824,14,1,1,1,1,1
UK_benchmark,serogroup_exact,PneumoKITy,14,40,0,0,1798,40,1,1,1,1,1
UK_benchmark,serogroup_exact,PneumoKITy,15,260,1,0,1577,260,1,0.9993662864385298,0.9961685823754789,0.999455930359086,0.9980806142034548
UK_benchmark,serogroup_exact,PneumoKITy,16,25,0,0,1813,25,1,1,1,1,1
UK_benchmark,serogroup_exact,PneumoKITy,17,41,0,0,1797,41,1,1,1,1,1
UK_benchmark,serogroup_exact,PneumoKITy,18,49,0,2,1787,51,0.9607843137254902,1,1,0.998911860718172,0.98
UK_benchmark,serogroup_exact,PneumoKITy,19,286,0,2,1550,288,0.9930555555555556,1,1,0.998911860718172,0.9965156794425087
UK_benchmark,serogroup_exact,PneumoKITy,2,2,0,0,1836,2,1,1,1,1,1
UK_benchmark,serogroup_exact,PneumoKITy,20,40,0,0,1798,40,1,1,1,1,1
UK_benchmark,serogroup_exact,PneumoKITy,21,19,0,0,1819,19,1,1,1,1,1
UK_benchmark,serogroup_exact,PneumoKITy,22,49,0,0,1789,49,1,1,1,1,1
UK_benchmark,serogroup_exact,PneumoKITy,23,93,0,0,1745,93,1,1,1,1,1
UK_benchmark,serogroup_exact,PneumoKITy,24,25,0,0,1813,25,1,1,1,1,1
UK_benchmark,serogroup_exact,PneumoKITy,25,1,2,0,1835,1,1,0.9989112683723462,0.3333333333333333,0.998911860718172,0.5
UK_benchmark,serogroup_exact,PneumoKITy,27,23,0,0,1815,23,1,1,1,1,1
UK_benchmark,serogroup_exact,PneumoKITy,28,7,0,0,1831,7,1,1,1,1,1
UK_benchmark,serogroup_exact,PneumoKITy,29,5,0,3,1830,8,0.625,1,1,0.9983677910772579,0.7692307692307693
UK_benchmark,serogroup_exact,PneumoKITy,3,46,0,0,1792,46,1,1,1,1,1
UK_benchmark,serogroup_exact,PneumoKITy,31,23,0,0,1815,23,1,1,1,1,1
UK_benchmark,serogroup_exact,PneumoKITy,33,48,0,1,1789,49,0.9795918367346939,1,1,0.999455930359086,0.9896907216494846
UK_benchmark,serogroup_exact,PneumoKITy,34,24,0,0,1814,24,1,1,1,1,1
UK_benchmark,serogroup_exact,PneumoKITy,35,76,1,0,1761,76,1,0.9994324631101021,0.987012987012987,0.999455930359086,0.9934640522875817
UK_benchmark,serogroup_exact,PneumoKITy,36,4,0,0,1834,4,1,1,1,1,1
UK_benchmark,serogroup_exact,PneumoKITy,37,14,0,0,1824,14,1,1,1,1,1
UK_benchmark,serogroup_exact,PneumoKITy,38,18,0,2,1818,20,0.9,1,1,0.998911860718172,0.9473684210526316
UK_benchmark,serogroup_exact,PneumoKITy,39,2,0,0,1836,2,1,1,1,1,1
UK_benchmark,serogroup_exact,PneumoKITy,4,44,0,0,1794,44,1,1,1,1,1
UK_benchmark,serogroup_exact,PneumoKITy,48,5,0,0,1833,5,1,1,1,1,1
UK_benchmark,serogroup_exact,PneumoKITy,5,11,0,1,1826,12,0.9166666666666666,1,1,0.999455930359086,0.9565217391304348
UK_benchmark,serogroup_exact,PneumoKITy,6,80,1,24,1733,104,0.7692307692307693,0.9994232987312572,0.9876543209876543,0.9863982589771491,0.864864864864865
UK_benchmark,serogroup_exact,PneumoKITy,7,56,0,0,1782,56,1,1,1,1,1
UK_benchmark,serogroup_exact,PneumoKITy,8,72,0,0,1766,72,1,1,1,1,1
UK_benchmark,serogroup_exact,PneumoKITy,9,91,0,0,1747,91,1,1,1,1,1
UK_benchmark,serogroup_exact,Pneumo-Typer,1,40,0,0,1798,40,1,1,1,1,1
UK_benchmark,serogroup_exact,Pneumo-Typer,10,59,0,0,1779,59,1,1,1,1,1
UK_benchmark,serogroup_exact,Pneumo-Typer,11,50,0,0,1788,50,1,1,1,1,1
UK_benchmark,serogroup_exact,Pneumo-Typer,12,61,0,0,1777,61,1,1,1,1,1
UK_benchmark,serogroup_exact,Pneumo-Typer,13,14,0,0,1824,14,1,1,1,1,1
UK_benchmark,serogroup_exact,Pneumo-Typer,14,40,0,0,1798,40,1,1,1,1,1
UK_benchmark,serogroup_exact,Pneumo-Typer,15,260,1,0,1577,260,1,0.9993662864385298,0.9961685823754789,0.999455930359086,0.9980806142034548
UK_benchmark,serogroup_exact,Pneumo-Typer,16,25,0,0,1813,25,1,1,1,1,1
UK_benchmark,serogroup_exact,Pneumo-Typer,17,41,0,0,1797,41,1,1,1,1,1
UK_benchmark,serogroup_exact,Pneumo-Typer,18,51,0,0,1787,51,1,1,1,1,1
UK_benchmark,serogroup_exact,Pneumo-Typer,19,286,0,2,1550,288,0.9930555555555556,1,1,0.998911860718172,0.9965156794425087
UK_benchmark,serogroup_exact,Pneumo-Typer,2,2,0,0,1836,2,1,1,1,1,1
UK_benchmark,serogroup_exact,Pneumo-Typer,20,40,0,0,1798,40,1,1,1,1,1
UK_benchmark,serogroup_exact,Pneumo-Typer,21,19,0,0,1819,19,1,1,1,1,1
UK_benchmark,serogroup_exact,Pneumo-Typer,22,49,0,0,1789,49,1,1,1,1,1
UK_benchmark,serogroup_exact,Pneumo-Typer,23,93,0,0,1745,93,1,1,1,1,1
UK_benchmark,serogroup_exact,Pneumo-Typer,24,25,0,0,1813,25,1,1,1,1,1
UK_benchmark,serogroup_exact,Pneumo-Typer,25,1,1,0,1836,1,1,0.9994556341861731,0.5,0.999455930359086,0.6666666666666666
UK_benchmark,serogroup_exact,Pneumo-Typer,27,23,0,0,1815,23,1,1,1,1,1
UK_benchmark,serogroup_exact,Pneumo-Typer,28,7,0,0,1831,7,1,1,1,1,1
UK_benchmark,serogroup_exact,Pneumo-Typer,29,6,0,2,1830,8,0.75,1,1,0.998911860718172,0.8571428571428571
UK_benchmark,serogroup_exact,Pneumo-Typer,3,46,0,0,1792,46,1,1,1,1,1
UK_benchmark,serogroup_exact,Pneumo-Typer,31,23,0,0,1815,23,1,1,1,1,1
UK_benchmark,serogroup_exact,Pneumo-Typer,33,49,0,0,1789,49,1,1,1,1,1
UK_benchmark,serogroup_exact,Pneumo-Typer,34,24,0,0,1814,24,1,1,1,1,1
UK_benchmark,serogroup_exact,Pneumo-Typer,35,75,1,1,1761,76,0.9868421052631579,0.9994324631101021,0.9868421052631579,0.998911860718172,0.9868421052631579
UK_benchmark,serogroup_exact,Pneumo-Typer,36,4,0,0,1834,4,1,1,1,1,1
UK_benchmark,serogroup_exact,Pneumo-Typer,37,14,0,0,1824,14,1,1,1,1,1
UK_benchmark,serogroup_exact,Pneumo-Typer,38,20,0,0,1818,20,1,1,1,1,1
UK_benchmark,serogroup_exact,Pneumo-Typer,39,2,0,0,1836,2,1,1,1,1,1
UK_benchmark,serogroup_exact,Pneumo-Typer,4,44,0,0,1794,44,1,1,1,1,1
UK_benchmark,serogroup_exact,Pneumo-Typer,48,5,0,0,1833,5,1,1,1,1,1
UK_benchmark,serogroup_exact,Pneumo-Typer,5,12,0,0,1826,12,1,1,1,1,1
UK_benchmark,serogroup_exact,Pneumo-Typer,6,104,1,0,1733,104,1,0.9994232987312572,0.9904761904761905,0.999455930359086,0.9952153110047847
UK_benchmark,serogroup_exact,Pneumo-Typer,7,56,0,0,1782,56,1,1,1,1,1
UK_benchmark,serogroup_exact,Pneumo-Typer,8,72,0,0,1766,72,1,1,1,1,1
UK_benchmark,serogroup_exact,Pneumo-Typer,9,91,0,0,1747,91,1,1,1,1,1
UK_benchmark,serogroup_exact,SeroBA,1,40,0,0,1798,40,1,1,1,1,1
UK_benchmark,serogroup_exact,SeroBA,10,58,0,1,1779,59,0.9830508474576272,1,1,0.999455930359086,0.9914529914529915
UK_benchmark,serogroup_exact,SeroBA,11,50,0,0,1788,50,1,1,1,1,1
UK_benchmark,serogroup_exact,SeroBA,12,60,0,1,1777,61,0.9836065573770492,1,1,0.999455930359086,0.9917355371900827
UK_benchmark,serogroup_exact,SeroBA,13,14,0,0,1824,14,1,1,1,1,1
UK_benchmark,serogroup_exact,SeroBA,14,40,0,0,1798,40,1,1,1,1,1
UK_benchmark,serogroup_exact,SeroBA,15,260,1,0,1577,260,1,0.9993662864385298,0.9961685823754789,0.999455930359086,0.9980806142034548
UK_benchmark,serogroup_exact,SeroBA,16,25,0,0,1813,25,1,1,1,1,1
UK_benchmark,serogroup_exact,SeroBA,17,41,0,0,1797,41,1,1,1,1,1
UK_benchmark,serogroup_exact,SeroBA,18,51,0,0,1787,51,1,1,1,1,1
UK_benchmark,serogroup_exact,SeroBA,19,286,0,2,1550,288,0.9930555555555556,1,1,0.998911860718172,0.9965156794425087
UK_benchmark,serogroup_exact,SeroBA,2,2,0,0,1836,2,1,1,1,1,1
UK_benchmark,serogroup_exact,SeroBA,20,40,0,0,1798,40,1,1,1,1,1
UK_benchmark,serogroup_exact,SeroBA,21,19,0,0,1819,19,1,1,1,1,1
UK_benchmark,serogroup_exact,SeroBA,22,49,0,0,1789,49,1,1,1,1,1
UK_benchmark,serogroup_exact,SeroBA,23,93,0,0,1745,93,1,1,1,1,1
UK_benchmark,serogroup_exact,SeroBA,24,25,0,0,1813,25,1,1,1,1,1
UK_benchmark,serogroup_exact,SeroBA,25,1,0,0,1837,1,1,1,1,1,1
UK_benchmark,serogroup_exact,SeroBA,27,23,0,0,1815,23,1,1,1,1,1
UK_benchmark,serogroup_exact,SeroBA,28,7,0,0,1831,7,1,1,1,1,1
UK_benchmark,serogroup_exact,SeroBA,29,6,0,2,1830,8,0.75,1,1,0.998911860718172,0.8571428571428571
UK_benchmark,serogroup_exact,SeroBA,3,46,0,0,1792,46,1,1,1,1,1
UK_benchmark,serogroup_exact,SeroBA,31,23,0,0,1815,23,1,1,1,1,1
UK_benchmark,serogroup_exact,SeroBA,33,49,1,0,1788,49,1,0.9994410285075461,0.98,0.999455930359086,0.98989898989899
UK_benchmark,serogroup_exact,SeroBA,34,24,0,0,1814,24,1,1,1,1,1
UK_benchmark,serogroup_exact,SeroBA,35,75,1,1,1761,76,0.9868421052631579,0.9994324631101021,0.9868421052631579,0.998911860718172,0.9868421052631579
UK_benchmark,serogroup_exact,SeroBA,36,4,0,0,1834,4,1,1,1,1,1
UK_benchmark,serogroup_exact,SeroBA,37,14,0,0,1824,14,1,1,1,1,1
UK_benchmark,serogroup_exact,SeroBA,38,20,0,0,1818,20,1,1,1,1,1
UK_benchmark,serogroup_exact,SeroBA,39,2,0,0,1836,2,1,1,1,1,1
UK_benchmark,serogroup_exact,SeroBA,4,44,0,0,1794,44,1,1,1,1,1
UK_benchmark,serogroup_exact,SeroBA,48,5,0,0,1833,5,1,1,1,1,1
UK_benchmark,serogroup_exact,SeroBA,5,12,0,0,1826,12,1,1,1,1,1
UK_benchmark,serogroup_exact,SeroBA,6,104,1,0,1733,104,1,0.9994232987312572,0.9904761904761905,0.999455930359086,0.9952153110047847
UK_benchmark,serogroup_exact,SeroBA,7,56,0,0,1782,56,1,1,1,1,1
UK_benchmark,serogroup_exact,SeroBA,8,72,0,0,1766,72,1,1,1,1,1
UK_benchmark,serogroup_exact,SeroBA,9,91,0,0,1747,91,1,1,1,1,1
UK_benchmark,serogroup_exact,SeroCall,1,40,0,0,1798,40,1,1,1,1,1
UK_benchmark,serogroup_exact,SeroCall,10,59,0,0,1779,59,1,1,1,1,1
UK_benchmark,serogroup_exact,SeroCall,11,50,0,0,1788,50,1,1,1,1,1
UK_benchmark,serogroup_exact,SeroCall,12,61,0,0,1777,61,1,1,1,1,1
UK_benchmark,serogroup_exact,SeroCall,13,14,0,0,1824,14,1,1,1,1,1
UK_benchmark,serogroup_exact,SeroCall,14,40,0,0,1798,40,1,1,1,1,1
UK_benchmark,serogroup_exact,SeroCall,15,260,1,0,1577,260,1,0.9993662864385298,0.9961685823754789,0.999455930359086,0.9980806142034548
UK_benchmark,serogroup_exact,SeroCall,16,25,0,0,1813,25,1,1,1,1,1
UK_benchmark,serogroup_exact,SeroCall,17,41,0,0,1797,41,1,1,1,1,1
UK_benchmark,serogroup_exact,SeroCall,18,51,0,0,1787,51,1,1,1,1,1
UK_benchmark,serogroup_exact,SeroCall,19,286,0,2,1550,288,0.9930555555555556,1,1,0.998911860718172,0.9965156794425087
UK_benchmark,serogroup_exact,SeroCall,2,2,0,0,1836,2,1,1,1,1,1
UK_benchmark,serogroup_exact,SeroCall,20,40,0,0,1798,40,1,1,1,1,1
UK_benchmark,serogroup_exact,SeroCall,21,19,0,0,1819,19,1,1,1,1,1
UK_benchmark,serogroup_exact,SeroCall,22,49,0,0,1789,49,1,1,1,1,1
UK_benchmark,serogroup_exact,SeroCall,23,93,0,0,1745,93,1,1,1,1,1
UK_benchmark,serogroup_exact,SeroCall,24,25,0,0,1813,25,1,1,1,1,1
UK_benchmark,serogroup_exact,SeroCall,25,1,0,0,1837,1,1,1,1,1,1
UK_benchmark,serogroup_exact,SeroCall,27,23,0,0,1815,23,1,1,1,1,1
UK_benchmark,serogroup_exact,SeroCall,28,7,0,0,1831,7,1,1,1,1,1
UK_benchmark,serogroup_exact,SeroCall,29,6,0,2,1830,8,0.75,1,1,0.998911860718172,0.8571428571428571
UK_benchmark,serogroup_exact,SeroCall,3,46,0,0,1792,46,1,1,1,1,1
UK_benchmark,serogroup_exact,SeroCall,31,23,0,0,1815,23,1,1,1,1,1
UK_benchmark,serogroup_exact,SeroCall,33,49,0,0,1789,49,1,1,1,1,1
UK_benchmark,serogroup_exact,SeroCall,34,24,0,0,1814,24,1,1,1,1,1
UK_benchmark,serogroup_exact,SeroCall,35,75,1,1,1761,76,0.9868421052631579,0.9994324631101021,0.9868421052631579,0.998911860718172,0.9868421052631579
UK_benchmark,serogroup_exact,SeroCall,36,4,0,0,1834,4,1,1,1,1,1
UK_benchmark,serogroup_exact,SeroCall,37,14,0,0,1824,14,1,1,1,1,1
UK_benchmark,serogroup_exact,SeroCall,38,20,0,0,1818,20,1,1,1,1,1
UK_benchmark,serogroup_exact,SeroCall,39,2,0,0,1836,2,1,1,1,1,1
UK_benchmark,serogroup_exact,SeroCall,4,44,0,0,1794,44,1,1,1,1,1
UK_benchmark,serogroup_exact,SeroCall,48,5,0,0,1833,5,1,1,1,1,1
UK_benchmark,serogroup_exact,SeroCall,5,12,0,0,1826,12,1,1,1,1,1
UK_benchmark,serogroup_exact,SeroCall,6,104,1,0,1733,104,1,0.9994232987312572,0.9904761904761905,0.999455930359086,0.9952153110047847
UK_benchmark,serogroup_exact,SeroCall,7,56,0,0,1782,56,1,1,1,1,1
UK_benchmark,serogroup_exact,SeroCall,8,72,0,0,1766,72,1,1,1,1,1
UK_benchmark,serogroup_exact,SeroCall,9,91,0,0,1747,91,1,1,1,1,1
